t,Lambda1,Lambda2,Lambda3,Lambda4,Kdelta
0.0,0.0422786940140325,8.881784197001252e-16,0.0,0.0,2.0
0.0040013337779259755,0.0432161931978472,0.00016073977255093297,3.6091281074845938e-09,1.403549276801641e-09,2.0
0.008002667555851951,0.044426726022545715,0.000621120157099142,5.0172726417940794e-08,1.9511546156536497e-08,2.0
0.012004001333777926,0.045879609057117854,0.0013502884848195507,2.2067141358661502e-07,8.581570121179993e-08,2.0
0.016005335111703902,0.047546548193065696,0.0023196742588158514,6.058105448403239e-07,2.3558714090654576e-07,2.0
0.02000666888962988,0.049401367470393254,0.003502735781470534,1.2843884018565177e-06,4.994617270881463e-07,2.0
0.02400800266755585,0.05141980435385651,0.004874770765191272,2.3120190677516916e-06,8.990526412233635e-07,2.0
0.028009336445481828,0.05357935295706273,0.0064127728101217585,3.7168143736110437e-06,1.4452705467959959e-06,2.0
0.032010670223407804,0.055859141516912736,0.008095320356810376,5.499573580536321e-06,2.1383983028755438e-06,2.0
0.03601200400133378,0.05823983393868115,0.009902488191084302,7.636718966530509e-06,2.9692348961773973e-06,2.0
0.04001333777925976,0.060703547930256896,0.011815774219796182,1.0084724700654135e-05,3.920820996761165e-06,3.0
0.04401467155718573,0.06323378420955539,0.013818036179161552,1.2785164460460408e-05,4.9704054720933755e-06,3.0
0.0480160053351117,0.06581536282596279,0.015893434458320144,1.566978548428466e-05,6.0914219890406684e-06,3.0
0.05201733911303768,0.0684343637735978,0.01802737834182544,1.8665226277470026e-05,7.2553263965602355e-06,3.0
0.056018672890963656,0.071078069974984,0.02020647385420915,2.1697150242694363e-05,8.433206078350963e-06,3.0
0.06002000666888963,0.07373491135717902,0.022418472023413294,2.4693679921306e-05,9.597116302551001e-06,3.0
0.06402134044681561,0.07639440928483854,0.024652216903178648,2.7588097282205126e-05,1.072113012501319e-05,3.0
0.06802267422474158,0.07904712091544397,0.026897592996692588,3.032082982912243e-05,1.1782109716307332e-05,3.0
0.07202400800266756,0.07717954362926172,0.024973443380349458,3.2840779527809616e-05,1.2760221394181315e-05,3.0
0.07602534178059353,0.07503301118927741,0.023127334133356214,3.5106071562651664e-05,1.3639224582639997e-05,3.0
0.08002667555851951,0.07304032269057448,0.02142344149286224,3.7084311562907146e-05,1.4406569398772717e-05,3.0
0.08402800933644548,0.07118975348557566,0.019850594617502715,3.875244233153552e-05,1.5053338408677064e-05,3.0
0.08802934311437147,0.06947047993506494,0.018398498317306,4.0096287542645825e-05,1.5574066857482194e-05,3.0
0.09203067689229744,0.06787251104969272,0.017057665162486302,4.110986431538066e-05,1.5966473235984324e-05,3.0
0.0960320106702234,0.06638662553924313,0.015819353097329625,4.179453719466153e-05,1.6231128569188513e-05,3.0
0.10003334444814939,0.06500431371050208,0.014675507983485936,4.2158075891585156e-05,1.637108868468573e-05,3.0
0.10403467822607536,0.06371772373046625,0.01361871057679842,4.2213669431134804e-05,1.639150995114136e-05,3.0
0.10803601200400134,0.06251961185831156,0.012642127528025071,4.197893910440342e-05,1.6299264968822058e-05,3.0
0.11203734578192731,0.06140329631711783,0.011739466065243676,4.147498325934862e-05,1.6102571034792845e-05,3.0
0.1160386795598533,0.06036261451871905,0.010904932059543349,4.0725478485548194e-05,1.581064081968009e-05,3.0
0.12004001333777926,0.059391883386175515,0.01013319120871703,3.975585464299769e-05,1.5433362073657975e-05,3.0
0.12404134711570525,0.058485862553037116,0.009419333108452221,3.859255470040068e-05,1.4981010474812706e-05,2.0
0.12804268089363122,0.057639720236414504,0.008758838000122005,3.726238526802206e-05,1.4463997909608395e-05,2.0
0.13204401467155719,0.05684900160479067,0.008147546008360429,3.579195936964652e-05,1.3892656684610927e-05,2.0
0.13604534844948316,0.05610959947117777,0.007581628693012377,3.420722983626945e-05,1.327705901310594e-05,2.0
0.14004668222740915,0.05541772715540194,0.007057562754133606,3.253310924833386e-05,1.2626870157461667e-05,2.0
0.14404801600533512,0.05476989337031579,0.006572105740369594,3.0793170566312256e-05,1.1951232889551022e-05,2.0
0.1480493497832611,0.054162878995573926,0.0061222736209103346,2.900942142947116e-05,1.1258680518544395e-05,2.0
0.15205068356118706,0.053593715610990245,0.005705320090178212,2.7202144466720313e-05,1.055707553732077e-05,2.0
0.15605201733911306,0.05305966566870435,0.005318717482371227,2.538979566146793e-05,9.853570681173096e-06,2.0
0.16005335111703903,0.05255820418993995,0.004960139180191447,2.358895286569407e-05,9.154589448279182e-06,2.0
0.164054684894965,0.05208700187951898,0.004627443409830789,2.1814306792045102e-05,8.46582298663634e-06,2.0
0.16805601867289097,0.05164390955677689,0.00431865832034628,2.007868729947404e-05,7.792240631410152e-06,2.0
0.17205735245081694,0.051226943807765934,0.004031968252140139,1.839311827467327e-05,7.138111446813866e-06,2.0
0.17605868622874293,0.050834273769273075,0.0037657011052703027,1.6766895050146502e-05,6.507034481018081e-06,2.0
0.1800600200066689,0.050464208960780965,0.0035183167240724345,1.5207678954354265e-05,5.9019755589417855e-06,2.0
0.18406135378459487,0.05011518808568205,0.0032883962201459838,1.3721604229743889e-05,5.325308874759571e-06,2.0
0.18806268756252084,0.049785768728239255,0.0030746321609633753,1.2313393173535303e-05,4.778861696586034e-06,2.0
0.1920640213404468,0.04947461787754026,0.0028758195563884925,1.0986476005392376e-05,4.263960872386008e-06,2.0
0.1960653551183728,0.04918050321448586,0.0026908475801414866,9.743112492799355e-06,3.7814799966895407e-06,2.0
0.20006668889629878,0.048902285102108145,0.002518691967776654,8.584512904974417e-06,3.331886286872532e-06,2.0
0.20406802267422475,0.048638909223999605,0.0023584080370122606,7.510956328005136e-06,2.915286410498652e-06,2.0
0.20806935645215072,0.048389399819241063,0.0022091242802000366,6.521904801104483e-06,2.5314707139401094e-06,2.0
0.2120706902300767,0.04815285346618925,0.002070036482443527,5.616112081163749e-06,2.1799552989421045e-06,2.0
0.21607202400800268,0.04792843337122399,0.0019404023227531653,4.7917261927210575e-06,1.8600217481790082e-06,2.0
0.22007335778592865,0.04771536412151178,0.001819536418488532,4.046385154055088e-06,1.5707541729526042e-06,2.0
0.22407469156385462,0.04751292686415631,0.0017068057767284373,3.3773055356789428e-06,1.3110734711219152e-06,2.0
0.2280760253417806,0.047320454877015194,0.001601625618983249,2.781363687809346e-06,1.079768782830115e-06,2.0
0.2320773591197066,0.047137329499133074,0.0015034555483470768,2.2551695879613476e-06,8.75526051657971e-07,2.0
0.23607869289763256,0.04696297639144387,0.0014117960308022148,1.7951334978505429e-06,6.969538253187579e-07,2.0
0.24008002667555853,0.04679686210105416,0.0013261851649382095,1.3975255503950734e-06,5.426063234281742e-07,2.0
0.2440813604534845,0.04663849090291361,0.0012461957151534975,1.0585286522868387e-06,4.110038975824182e-07,2.0
0.2480826942314105,0.046487401897006286,0.0011714323872142884,7.742849730263401e-07,3.0065104894561046e-07,2.0
0.25208402800933644,0.04634316633949087,0.0011015293255676184,5.409364538522254e-07,2.1005208683533283e-07,2.0
0.25608536178726243,0.04620538518851269,0.0010361478140294977,3.54659724699502e-07,1.3772466367356628e-07,2.0
0.26008669556518843,0.046073686847805106,0.0009749741634408338,2.1169584663027763e-07,8.221129021990237e-08,2.0
0.26408802934311437,0.0459477250911009,0.0009177177702941464,1.0837531583263171e-07,4.2089030038994224e-08,2.0
0.26808936312104037,0.04582717715169693,0.0008641093316104076,4.113876173050812e-08,1.5977517975329647e-08,2.0
0.2720906968989663,0.04571174196426142,0.0008138992035311432,6.553715792279036e-09,2.545453625657501e-09,2.0
0.2760920306768923,0.04560113854625403,0.0007668558917064416,1.3278764754431904e-09,5.157696492119612e-10,2.0
0.2800933644548183,0.04549510450900307,0.0007227646635392659,2.231923446061046e-08,8.669542417294451e-09,2.0
0.28409469823274425,0.045393394684989374,0.0006814262703160878,6.654341344614068e-08,2.5848869711353473e-08,2.0
0.28809603201067024,0.045295779862897234,0.0006426557708945069,1.3117855957034408e-07,5.0958758990304887e-08,2.0
0.2920973657885962,0.045202045621881126,0.0006062814487748369,2.1356809210004712e-07,8.296821452091763e-08,2.0
0.2960986995665222,0.04511199125872345,0.0005721438160373182,3.1122159338536903e-07,1.2091059620189526e-07,2.0
0.3001000333444482,0.04502542879673044,0.00054009469464944,4.2181412318598177e-07,1.6388336021577743e-07,2.0
0.3041013671223741,0.04494218207100342,0.0005099963696553189,5.431841456626785e-07,2.1104727832010894e-07,2.0
0.3081027009003001,0.044862085885717384,0.00048172080960906527,6.733303550277014e-07,2.6162521038486375e-07,2.0
0.3121040346782261,0.04478498523670904,0.00045514894814502327,8.104075348569495e-07,3.149005172176089e-07,2.0
0.31610536845615206,0.044710734591594914,0.00043017002014344996,9.527216588978149e-07,3.702151687434707e-07,2.0
0.32010670223407806,0.04463919722548315,0.0004066809498262103,1.0987243843629813e-06,4.2696762569960356e-07,2.0
0.324108036012004,0.04457024460921932,0.00038458578738964633,1.2470070647196962e-06,4.846105223776931e-07,2.0
0.32810936978993,0.04450375584120181,0.00036379518734186433,1.3962944231948882e-06,5.426482276860156e-07,2.0
0.332110703567856,0.04443961712225786,0.00034422592703453603,1.5454379660440054e-06,6.006342943010168e-07,2.0
0.33611203734578193,0.04437772127253048,0.00032580046362440385,1.6934092714748772e-06,6.581688696272181e-07,2.0
0.34011337112370793,0.044317967281402915,0.0003084465229292732,1.8392931844246618e-06,7.148960570191321e-07,2.0
0.34411470490163387,0.044260259891347964,0.00029209671982144414,1.982281015777687e-06,7.705012983194592e-07,2.0
0.34811603867955987,0.044204509215056476,0.00027668820880411005,2.1216638197429916e-06,8.247087519563934e-07,2.0
0.35211737245748587,0.04415063037728917,0.0002621623588838773,2.2568257467270314e-06,8.772787278843452e-07,2.0
0.3561187062354118,0.044098543184676764,0.00024846445389048455,2.3872375525257894e-06,9.280051882498697e-07,2.0
0.3601200400133378,0.04404817182074616,0.00023554341584564042,2.512450324232418e-06,9.767132844729076e-07,2.0
0.36412137379126375,0.0439994445597387,0.00022335154710262373,2.632089337595289e-06,1.0232570106794014e-06,2.0
0.36812270756918974,0.04395229350461527,0.00021184429362541835,2.745848232343917e-06,1.0675169210827562e-06,2.0
0.37212404134711574,0.04390665434197949,0.0002009800246982607,2.8534833464988196e-06,1.1093979486176408e-06,2.0
0.3761253751250417,0.043862466113698595,0.00019071982851581737,2.954808378419216e-06,1.1488273230497725e-06,2.0
0.3801267089029677,0.04381967100782891,0.00018102732438318725,3.049689255796295e-06,1.1857525903380406e-06,2.0
0.3841280426808936,0.04377821416025629,0.00017186848655992293,3.1380393039626142e-06,1.2201397305844353e-06,2.0
0.3881293764588196,0.04373804347372001,0.00016321148273856778,3.2198146646678083e-06,1.251971383453565e-06,2.0
0.3921307102367456,0.04369910944773103,0.0001550265233438708,3.295009993742326e-06,1.2812451792854063e-06,2.0
0.39613204401467156,0.043661365019819875,0.0001472857215434331,3.363654413668371e-06,1.3079721643549647e-06,2.0
0.40013337779259756,0.04362476542022886,0.00013996296453111512,3.4258077183935143e-06,1.3321753211670284e-06,2.0
0.40413471157052355,0.04358926803275409,0.00013303379224893774,3.4815568525914387e-06,1.3538882166486133e-06,2.0
0.4081360453484495,0.04355483226940393,0.00012647528681242193,3.5310126031973255e-06,1.3731537036321129e-06,2.0
0.4121373791263755,0.04352141944951171,0.00012026596796133049,3.57430655562041e-06,1.3900227369134655e-06,2.0
0.41613871290430143,0.04348899269010165,0.0001143856973540025,3.6115882631193585e-06,1.4045532825690543e-06,2.0
0.42014004668222743,0.04345751680180321,0.00010881558881159492,3.6430226248995723e-06,1.4168092921096331e-06,2.0
0.4241413804601534,0.04342695819205211,0.00010353792509043558,3.668787496025061e-06,1.4268597698929852e-06,2.0
0.42814271423807937,0.04339728477564453,9.85360808689606e-05,3.689071464307858e-06,1.434777916919927e-06,2.0
0.43214404801600537,0.043368465889130015,9.37944503149879e-05,3.7040718483538626e-06,1.4406403385791577e-06,2.0
0.4361453817939313,0.0433404722136288,8.929838082671893e-05,3.713992833276336e-06,1.4445263394335939e-06,2.0
0.4401467155718573,0.043313275699250475,8.503411004490147e-05,3.7190438186840424e-06,1.44651725975109e-06,2.0
0.4441480493497833,0.04328684949812445,8.098870868700203e-05,3.7194378696980834e-06,1.4466958786485407e-06,2.0
0.44814938312770924,0.04326116789775991,7.715002580077623e-05,3.7153903784670206e-06,1.445145901612932e-06,2.0
0.45215071690563524,0.04323620626267388,7.350663930427714e-05,3.707117790519021e-06,1.4419514551278212e-06,2.0
0.4561520506835612,0.043211940975629304,7.00478084114664e-05,3.694836538059576e-06,1.437196664788587e-06,2.0
0.4601533844614872,0.04318834938659766,6.6763430765171e-05,3.678762022119031e-06,1.430965281379315e-06,2.0
0.4641547182394132,0.04316540976087335,6.364400106129153e-05,3.659107765230374e-06,1.4233403256014299e-06,2.0
0.4681560520173391,0.04314310123434684,6.068057383679104e-05,3.6360846085159437e-06,1.4144037834284973e-06,2.0
0.4721573857952651,0.043121403767590216,5.7864727466494514e-05,3.609900069534433e-06,1.4042363680744074e-06,2.0
0.4761587195731911,0.04310029810662286,5.518853182095995e-05,3.580757723220529e-06,1.3929172553162061e-06,2.0
0.48016005335111706,0.04307976574215466,5.264451688358207e-05,3.548856723156746e-06,1.3805239209574438e-06,2.0
0.48416138712904305,0.04305978887511319,5.022564462731083e-05,3.5143913406088245e-06,1.3671319347707822e-06,2.0
0.488162720906969,0.04304035038040599,4.792528163655163e-05,3.477550634123361e-06,1.3528148512520488e-06,2.0
0.492164054684895,0.043021433776548434,4.5737174604099096e-05,3.438518105802757e-06,1.3376440772816522e-06,2.0
0.496165388462821,0.04300302319341753,4.3655426440913914e-05,3.3974715067941474e-06,1.3216887726485993e-06,2.0
0.500166722240747,0.04298510334533301,4.167447488256926e-05,3.354582597481226e-06,1.3050157816607566e-06,2.0
0.5041680560186729,0.0429676595025148,3.978907165791412e-05,3.3100170293565156e-06,1.2876895700841828e-06,2.0
0.5081693897965989,0.04295067746685444,3.799426372008696e-05,3.2639342348872447e-06,1.2697721869514567e-06,2.0
0.5121707235745249,0.042934143546982106,3.6285375160538536e-05,3.216487360901965e-06,1.251323244133573e-06,2.0
0.5161720573524509,0.04291804453600179,3.465799061519448e-05,3.167823237504308e-06,1.2323998950236614e-06,2.0
0.5201733911303769,0.04290236769010569,3.310793965205505e-05,3.1180823683030212e-06,1.21305683187245e-06,2.0
0.5241747249083027,0.04288710070767188,3.1631282007893446e-05,3.067398983702674e-06,1.1933463115454401e-06,2.0
0.5281760586862287,0.042872231711218234,3.0224294125247297e-05,3.0159010506736195e-06,1.1733181546347282e-06,2.0
0.5321773924641547,0.04285774922772134,2.888345603135889e-05,2.9637103962087963e-06,1.153019787203391e-06,2.0
0.5361787262420807,0.0428436421731595,2.7605439655076225e-05,2.910942734857258e-06,1.132496269207195e-06,2.0
0.5401800600200067,0.04282989983449692,2.638709725655275e-05,2.857707841918966e-06,1.1117903389035177e-06,2.0
0.5441813937979326,0.042816511855733985,2.522545113858854e-05,2.8041096156172785e-06,1.0909424572602688e-06,2.0
0.5481827275758586,0.042803468222277985,2.4117683599556017e-05,2.7502462520700988e-06,1.0699908594702379e-06,2.0
0.5521840613537846,0.04279075924733711,2.3061127696344386e-05,2.696210365193963e-06,1.0489716135708704e-06,2.0
0.5561853951317106,0.042778375559238135,2.205325864590435e-05,2.642089131477121e-06,1.0279186675177243e-06,2.0
0.5601867289096366,0.042766308087720084,2.109168547015372e-05,2.5879644827142556e-06,1.0068639335614193e-06,2.0
0.5641880626875625,0.042754548053611785,2.0174143583240323e-05,2.533913217916961e-06,9.858373202220605e-07,2.0
0.5681893964654885,0.042743086955893794,1.92984873708113e-05,2.4800072191411004e-06,9.648668273243288e-07,2.0
0.5721907302434145,0.042731916562150474,1.8462683616604636e-05,2.426313581160855e-06,9.439785850773319e-07,2.0
0.5761920640213405,0.042721028897846125,1.7664805088024593e-05,2.372894803315262e-06,9.231969366751969e-07,2.0
0.5801933977992665,0.042710416236126925,1.690302454360193e-05,2.319808976913862e-06,9.025445182331282e-07,2.0
0.5841947315771924,0.042700071089746494,1.6175609279578396e-05,2.2671099104698555e-06,8.820422854327603e-07,2.0
0.5881960653551184,0.04268998620059339,1.5480915680932128e-05,2.2148473579619576e-06,8.617096236562816e-07,2.0
0.5921973991330444,0.042680154532611425,1.4817384437648684e-05,2.163067147620268e-06,8.415643852899279e-07,2.0
0.5961987329109704,0.04267056926307866,1.4183535824940918e-05,2.111811368443739e-06,8.216229687718624e-07,2.0
0.6002000666888964,0.042661223774566714,1.3577965290778593e-05,2.0611185478358607e-06,8.019003860937346e-07,2.0
0.6042014004668224,0.042652111648781244,1.299933945908549e-05,2.011023781278709e-06,7.824103107623159e-07,2.0
0.6082027342447482,0.042643226657983035,1.2446392115172955e-05,1.9615589339494477e-06,7.631651595119138e-07,2.0
0.6122040680226742,0.04263456275939337,1.1917920653914393e-05,1.9127527695061985e-06,7.441761447068984e-07,2.0
0.6162054018006002,0.042626114088580636,1.1412782638942076e-05,1.864631115289228e-06,7.254533267442298e-07,2.0
0.6202067355785262,0.042617874952477486,1.0929892489741633e-05,1.8172170168639923e-06,7.0700569132498e-07,2.0
0.6242080693564522,0.042609839824869766,1.0468218550663266e-05,1.7705308685833643e-06,6.888411885341839e-07,2.0
0.6282094031343781,0.04260200333954245,1.0026780128846724e-05,1.7245905681306795e-06,6.709667905724359e-07,2.0
0.6322107369123041,0.04259436028517083,9.6046447941589e-06,1.6794116612928178e-06,6.533885654746996e-07,2.0
0.6362120706902301,0.042586905600965785,9.200925909169655e-06,1.635007441436187e-06,6.361116904329833e-07,2.0
0.6402134044681561,0.04257963437024603,8.814780097843311e-06,1.5913891173724437e-06,6.19140541502361e-07,2.0
0.6442147382460821,0.04257254181676284,8.445405067725176e-06,1.5485659217162606e-06,6.024787184699676e-07,2.0
0.648216072024008,0.042565623300075295,8.092037449003442e-06,1.5065452103613097e-06,5.861290919284556e-07,2.0
0.652217405801934,0.04255887431015459,7.753950713507152e-06,1.465332618799664e-06,5.70093864560306e-07,2.0
0.65621873957986,0.04255229046446374,7.430453347723187e-06,1.4249321331760711e-06,5.543745960068236e-07,2.0
0.660220073357786,0.042545867503183565,7.120887009826049e-06,1.3853462172974673e-06,5.389722463888802e-07,2.0
0.664221407135712,0.042539601284923734,6.824624787959976e-06,1.3465759129971389e-06,5.238872304857978e-07,2.0
0.6682227409136379,0.042533487784127466,6.541069677901135e-06,1.3086209262880288e-06,5.091194408279875e-07,2.0
0.6722240746915639,0.04252752308643526,6.2696529914418875e-06,1.2714797312796122e-06,4.946682876649788e-07,2.0
0.6762254084694899,0.04252170338522898,6.009832922870828e-06,1.2351496589957378e-06,4.805327344925558e-07,2.0
0.6802267422474159,0.042516024979295075,5.761093245126858e-06,1.1996269684289018e-06,4.667113309153592e-07,2.0
0.6842280760253419,0.042510484268412974,5.522941964208883e-06,1.164906946016231e-06,4.532022446213091e-07,2.0
0.6882294098032677,0.04250507775053691,5.294910110364981e-06,1.1309839722528636e-06,4.4000329690874196e-07,2.0
0.6922307435811937,0.042499802019666966,5.0765506394157e-06,1.097851592746224e-06,4.2711197334455164e-07,2.0
0.6962320773591197,0.0424946537617501,4.867437278122111e-06,1.0655025901584736e-06,4.145254726140024e-07,2.0
0.7002334111370457,0.0424896297522821,4.66716352232055e-06,1.0339290614780339e-06,4.022407162906916e-07,2.0
0.7042347449149717,0.04248472685441662,4.475341676801747e-06,1.0031224535467231e-06,3.902543825873295e-07,2.0
0.7082360786928976,0.04247994201520644,4.291601905848097e-06,9.730736483248847e-07,3.785629232311294e-07,2.0
0.7122374124708236,0.04247527226343273,4.1155913521606635e-06,9.437730152939139e-07,3.6716259188551703e-07,2.0
0.7162387462487496,0.04247071470801522,3.946973344604032e-06,9.152104452070375e-07,3.5604945392009313e-07,2.0
0.7202400800266756,0.04246626653458563,3.7854265801939846e-06,8.873754184790528e-07,3.452194210495918e-07,2.0
0.7242414138046016,0.042461925003418166,3.6306443700340196e-06,8.602570531479614e-07,3.3466825488659424e-07,2.0
0.7282427475825275,0.042457687448115955,3.4823339758460747e-06,8.338441324085011e-07,3.2439159181052446e-07,2.0
0.7322440813604535,0.04245355127261341,3.340215902092325e-06,8.081251605673856e-07,3.1438495984303927e-07,2.0
0.7362454151383795,0.042449513949039286,3.2040232653685052e-06,7.830884065640475e-07,3.0464379641159667e-07,2.0
0.7402467489163055,0.04244557301664553,3.0735012055416178e-06,7.587219199578499e-07,2.95163446573099e-07,2.0
0.7442480826942315,0.042441726079355035,2.9484063146512085e-06,7.35013584218791e-07,2.859392003173866e-07,2.0
0.7482494164721574,0.04243797080343459,2.8285060640342863e-06,7.119511424846792e-07,2.769662872381673e-07,2.0
0.7522507502500834,0.04243430491654809,2.7135783238207978e-06,6.895222330882689e-07,2.6823989252022784e-07,2.0
0.7562520840280094,0.04243072620601929,2.6034108637773556e-06,6.677143984390455e-07,2.5975516848575353e-07,2.0
0.7602534178059354,0.04242723251623115,2.4978008745790703e-06,6.4651513831393e-07,2.51507257686967e-07,2.0
0.7642547515838614,0.04242382174769599,2.3965545290494106e-06,6.259119222917775e-07,2.434912769189168e-07,2.0
0.7682560853617872,0.04242049185597896,2.2994865904735207e-06,6.058921977469822e-07,2.3570234208847296e-07,2.0
0.7722574191397132,0.04241724084909215,2.206419978278973e-06,5.864434342583991e-07,2.28135580648825e-07,2.0
0.7762587529176392,0.042414066786359506,2.1171853976653665e-06,5.67553139596555e-07,2.2078612804676823e-07,2.0
0.7802600866955652,0.04241096777770004,2.03162100120835e-06,5.492088543945783e-07,2.1364913393995266e-07,2.0
0.7842614204734912,0.042407941981601915,1.9495720176010423e-06,5.313981992216554e-07,2.067197835131651e-07,2.0
0.7882627542514172,0.042404987603466004,1.870890439015227e-06,5.141088692539597e-07,1.9999328682018813e-07,2.0
0.7922640880293431,0.04240210289496371,1.7954347120152647e-06,4.973286626963613e-07,1.9346489477101159e-07,2.0
0.7962654218072691,0.042399286152980054,1.7230694471237484e-06,4.810454727888214e-07,1.8712989557911897e-07,2.0
0.8002667555851951,0.042396535717402095,1.6536651239462685e-06,4.6524732244535016e-07,1.8098362986052052e-07,2.0
0.8042680893631211,0.04239384997042972,1.587097829158779e-06,4.499223660303642e-07,1.750214870810396e-07,2.0
0.8082694231410471,0.042391227335988546,1.523249014923067e-06,4.3505888847050755e-07,1.6923890733266944e-07,2.0
0.812270756918973,0.04238866627798732,1.462005247532261e-06,4.206453301236479e-07,1.6363138932717902e-07,2.0
0.816272090696899,0.04238616529896344,1.4032579667144773e-06,4.0667028589069787e-07,1.5819450105425403e-07,2.0
0.820273424474825,0.042383722939597135,1.3469032813517856e-06,3.9312251143286403e-07,1.5292386024157167e-07,2.0
0.824274758252751,0.042381337778010675,1.2928417625346356e-06,3.79990933829788e-07,1.4781516100015324e-07,2.0
0.828276092030677,0.0423790084278064,1.2409782268463232e-06,3.6726465157954635e-07,1.4286416050168782e-07,2.0
0.8322774258086029,0.04237673353744498,1.1912215578391283e-06,3.5493294525679175e-07,1.380666834194244e-07,2.0
0.8362787595865289,0.042374511789827096,1.143484533727701e-06,3.429852704073255e-07,1.3341863258631292e-07,2.0
0.8402800933644549,0.04237234190118322,1.0976836399834156e-06,3.3141128064073655e-07,1.289159747841495e-07,2.0
0.8442814271423809,0.04237022261955392,1.0537389076858972e-06,3.2020080809047613e-07,1.2455475939532334e-07,2.0
0.8482827609203069,0.042368152724410635,1.0115737643090483e-06,3.0934388028924786e-07,1.2033110241560507e-07,2.0
0.8522840946982327,0.0423661310262915,9.711148756252896e-07,2.9883071750447243e-07,1.1624119711228786e-07,2.0
0.8562854284761587,0.04236415636540869,9.322920169196891e-07,2.8865173096193075e-07,1.122813140241874e-07,2.0
0.8602867622540847,0.04236222761061992,8.950379193350955e-07,2.787975326157266e-07,1.0844779918528502e-07,2.0
0.8642880960320107,0.042360343659100685,8.592881455271595e-07,2.692589236019671e-07,1.0473707146019251e-07,2.0
0.8682894298099367,0.04235850343602987,8.249809830829236e-07,2.6002690578508236e-07,1.0114563142593624e-07,2.0
0.8722907635878626,0.042356705893080715,7.920573006359177e-07,2.510926737642194e-07,9.767004893745934e-08,2.0
0.8762920973657886,0.04235495000775025,7.604604483901767e-07,2.42447613985064e-07,9.430697733847637e-08,2.0
0.8802934311437146,0.042353234783051086,7.30136150650651e-07,2.340833180625168e-07,9.105314102697548e-08,2.0
0.8842947649216406,0.04235155924721479,7.010324054590455e-07,2.2599155613534094e-07,8.790533811975365e-08,2.0
0.8882960986995666,0.04234992245222635,6.730993806769447e-07,2.181642990706223e-07,8.486044578148721e-08,2.0
0.8922974324774925,0.04234832347333839,6.462893189507213e-07,2.105937042529149e-07,8.191540690205557e-08,2.0
0.8962987662554185,0.0423467614087798,6.205564559991217e-07,2.0327212091331148e-07,7.90672505246448e-08,2.0
0.9003001000333445,0.04234523537951684,5.958569282427106e-07,1.961920812476592e-07,7.631306875310884e-08,2.0
0.9043014338112705,0.04234374452788092,5.721486999732406e-07,1.893463030810949e-07,7.365002474557514e-08,2.0
0.9083027675891965,0.042342288017143126,5.49391470983096e-07,1.8272768720350996e-07,7.107536248440738e-08,2.0
0.9123041013671224,0.04234086503125756,5.275466161691611e-07,1.763293102641228e-07,6.858638279538809e-08,2.0
0.9163054351450484,0.04233947477469968,5.065771109258321e-07,1.7014443365326315e-07,6.618046466400074e-08,2.0
0.9203067689229744,0.04233811647122465,4.86447457426209e-07,1.6416648573880366e-07,6.385505013639659e-08,2.0
0.9243081027009004,0.04233678936341434,4.6712362511414085e-07,1.5838906897158722e-07,6.160765231300047e-08,2.0
0.9283094364788264,0.042335492712463285,4.485729796499527e-07,1.5280595899724858e-07,5.9435849131261875e-08,2.0
0.9323107702567522,0.042334225798073,4.3076424738330843e-07,1.4741109310989486e-07,5.7337275372049135e-08,2.0
0.9363121040346782,0.04233298791743856,4.1366742742354745e-07,1.4219857469299768e-07,5.530964841682362e-08,2.0
0.9403134378126042,0.04233177838465352,3.9725375522436934e-07,1.3716266522578735e-07,5.335072561507559e-08,2.0
0.9443147715905302,0.042330596530569586,3.814956475167719e-07,1.3229778694778815e-07,5.1458339811460974e-08,2.0
0.9483161053684562,0.04232944170266073,3.663666561237733e-07,1.2759851486521256e-07,4.9630379805876146e-08,2.0
0.9523174391463822,0.04232831326440056,3.5184141466970686e-07,1.2305957319824756e-07,4.78647939061716e-08,2.0
0.9563187729243081,0.04232721059442479,3.3789559150676496e-07,1.1867583893376832e-07,4.6159589039973525e-08,2.0
0.9603201067022341,0.0423261330864344,3.2450585507604046e-07,1.1444233116719715e-07,4.451282276107804e-08,2.0
0.9643214404801601,0.042325080149003824,3.116498223931785e-07,1.1035421110250354e-07,4.29226174603059e-08,2.0
0.9683227742580861,0.04232405120540683,2.9930602973848863e-07,1.0640678382856095e-07,4.138714526646936e-08,2.0
0.9723241080360121,0.04232304569258716,2.8745388380713166e-07,1.0259548588464895e-07,3.99046289345506e-08,2.0
0.976325441813938,0.04232206306098352,2.760736323992319e-07,9.891588437227483e-08,3.847334717477224e-08,2.0
0.980326775591864,0.0423211027743875,2.6514632800456184e-07,9.53636831724225e-08,3.7091622218099474e-08,2.0
0.98432810936979,0.04232016430989827,2.546537922754055e-07,9.19347096228762e-08,3.575783757980844e-08,2.0
0.988329443147716,0.0423192471571916,2.445785902693842e-07,8.862491540639894e-08,3.447041407866891e-08,2.0
0.992330776925642,0.04231835081799762,2.3490398781689237e-07,8.543037033348355e-08,3.3227823159620584e-08,2.0
0.9963321107035679,0.04231747480604575,2.256139319811723e-07,8.23472676714232e-08,3.202858689377308e-08,2.0
1.000333444481494,0.04231661864691283,2.1669302441296168e-07,7.93719117098135e-08,3.087126110301597e-08,2.0
1.0043347782594199,0.04231578187790319,2.081264902642488e-07,7.650072131326624e-08,2.9754458452657673e-08,2.0
1.0083361120373457,0.04231496404717383,1.9990014710202786e-07,7.373022370416038e-08,2.8676828023321832e-08,2.0
1.0123374458152719,0.042314164713601166,1.920003933619796e-07,7.105705002175e-08,2.763705353459045e-08,2.0
1.0163387795931977,0.04231338344668423,1.844141710449776e-07,6.847794153941322e-08,2.6633870220393874e-08,2.0
1.0203401133711238,0.04231261982648782,1.7712895328259037e-07,6.598973456561907e-08,2.5666048841799238e-08,2.0
1.0243414471490497,0.042311873443241055,1.701327185799073e-07,6.358936399664117e-08,2.4732394798832047e-08,2.0
1.0283427809269756,0.04231114389671742,1.63413934828327e-07,6.127386686927139e-08,2.383175523590353e-08,2.0
1.0323441147049017,0.04231043079620367,1.5696152466659896e-07,5.904036726178674e-08,2.2963011936383282e-08,2.0
1.0363454484828276,0.04230973376036484,1.507648619281099e-07,5.688607984666305e-08,2.212508398713453e-08,2.0
1.0403467822607537,0.042309052417282444,1.4481375210095848e-07,5.4808313443288625e-08,2.131691978490835e-08,2.0
1.0443481160386796,0.042308386403849596,1.3909840834713805e-07,5.2804456807109545e-08,2.0537506806306283e-08,2.0
1.0483494498166055,0.04230773536540511,1.3360943640350342e-07,5.0871980405986506e-08,1.978586006146088e-08,2.0
1.0523507835945316,0.04230709895570328,1.2833781770638097e-07,4.900844352562217e-08,1.9061028311284645e-08,2.0
1.0563521173724575,0.04230647683679578,1.2327490139796282e-07,4.721147650599278e-08,1.8362092291113186e-08,2.0
1.0603534511503836,0.04230586867908137,1.1841237679277583e-07,4.547879051131076e-08,1.7688159381634705e-08,2.0
1.0643547849283095,0.04230527416066199,1.1374227781857371e-07,4.380816864824055e-08,1.7038368049782093e-08,2.0
1.0683561187062354,0.04230469296710915,1.0925694660102181e-07,4.219746685407699e-08,1.6411886072376092e-08,2.0
1.0723574524841615,0.042304124791436415,1.0494903701641078e-07,4.064461300856692e-08,1.5807905207054773e-08,2.0
1.0763587862620874,0.042303569333980384,1.0081149870444506e-07,3.914759627576814e-08,1.5225642968630382e-08,2.0
1.0803601200400135,0.042303026302467295,9.683755930467441e-08,3.7704478650368856e-08,1.4664346181803012e-08,2.0
1.0843614538179394,0.042302495411430385,9.302072179195875e-08,3.631338429954667e-08,1.412328476391167e-08,2.0
1.0883627875958652,0.042301976381975415,8.935474760107809e-08,3.497249956296855e-08,1.3601754389469534e-08,2.0
1.0923641213737914,0.04230146894178599,8.583364863312681e-08,3.3680067623720333e-08,1.3099070272915014e-08,2.0
1.0963654551517172,0.042300972825009,8.245167038012369e-08,3.243439117284197e-08,1.2614573385860695e-08,2.0
1.1003667889296433,0.04230048777232742,7.920329725408237e-08,3.123383418568437e-08,1.214762335166597e-08,2.0
1.1043681227075692,0.042300013530478964,7.608322949437252e-08,3.007681126376838e-08,1.1697611768113347e-08,2.0
1.1083694564854951,0.04229954985199047,7.30863760622924e-08,2.896178763478474e-08,1.126393112116375e-08,2.0
1.1123707902634212,0.04229909649517971,7.020785464106893e-08,2.7887285369843084e-08,1.084601741752067e-08,2.0
1.1163721240413471,0.04229865322407367,6.744297298411084e-08,2.685187272533085e-08,1.0443303999352338e-08,2.0
1.1203734578192732,0.042298219808445836,6.478722980318707e-08,2.5854169471983823e-08,1.0055259735963773e-08,2.0
1.124374791597199,0.042297796023529344,6.223630144575054e-08,2.4892838013101937e-08,9.681361490265772e-09,2.0
1.128376125375125,0.04229738164964658,5.978603478951072e-08,2.3966589601798205e-08,9.321110105986463e-09,2.0
1.132377459153051,0.0422969764722092,5.743244457789842e-08,2.307417723557137e-08,8.974019749530271e-09,2.0
1.136378792930977,0.04229658028167638,5.5171701873746315e-08,2.2214398320841156e-08,8.639622350870013e-09,2.0
1.140380126708903,0.042296192873501504,5.300013494746736e-08,2.1386089343877757e-08,8.317463162654803e-09,2.0
1.144381460486829,0.04229581404812066,5.0914213289843246e-08,2.058812764715867e-08,8.007109641994248e-09,2.0
1.1483827942647549,0.04229544361047477,4.891054850020282e-08,1.9819430541190286e-08,7.708140792317408e-09,2.0
1.152384128042681,0.04229508136995719,4.698588806917314e-08,1.9078949975437354e-08,7.420142722480705e-09,2.0
1.1563854618206069,0.042294727140407495,4.5137104720538446e-08,1.8365674314679836e-08,7.142727298514728e-09,2.0
1.160386795598533,0.04229438074002534,4.336119818759698e-08,1.7678628339012903e-08,6.8755134918774274e-09,2.0
1.1643881293764589,0.042294041991467246,4.165528988409051e-08,1.701687057931167e-08,6.618138037595145e-09,2.0
1.1683894631543847,0.04229371072149046,4.001661313424165e-08,1.637949065269595e-08,6.370242999764741e-09,2.0
1.1723907969323109,0.04229338676074956,3.8442509620040255e-08,1.5765611038887073e-08,6.1314864296946325e-09,2.0
1.1763921307102367,0.04229306994378135,3.693042760488652e-08,1.5174384415672648e-08,5.901543254083208e-09,2.0
1.1803934644881628,0.042292760108989746,3.5477920157234166e-08,1.4604993658906551e-08,5.680090175985697e-09,2.0
1.1843947982660887,0.04229245709858631,3.40826291633789e-08,1.4056649177973668e-08,5.466826991096241e-09,2.0
1.1883961320440146,0.04229216075864173,3.274229865013467e-08,1.3528589803968316e-08,5.2614517187521415e-09,2.0
1.1923974658219407,0.042291870938673704,3.145475702126532e-08,1.3020076572445305e-08,5.063675700966996e-09,2.0
1.1963987995998666,0.042291587491583016,3.0217921498376654e-08,1.2530408710631491e-08,4.873234260571735e-09,2.0
1.2004001333777927,0.04229131027365973,2.9029789239132242e-08,1.2058896103894767e-08,4.689849397720991e-09,2.0
1.2044014671557186,0.042291039144537024,2.7888439113610275e-08,1.1604878835669297e-08,4.5132750869925076e-09,2.0
1.2084028009336447,0.04229077396719827,2.6792023710697777e-08,1.1167725411098672e-08,4.343253756644572e-09,2.0
1.2124041347115706,0.04229051460790778,2.5738771114447445e-08,1.0746816769824363e-08,4.179554480288061e-09,2.0
1.2164054684894965,0.042290260935895496,2.4726979575007135e-08,1.034155783230517e-08,4.021941002463336e-09,2.0
1.2204068022674226,0.04229001282332234,2.375501129137092e-08,9.951386381601424e-09,3.87019483127915e-09,2.0
1.2244081360453485,0.042289770145296224,2.282129507591435e-08,9.575741977130292e-09,3.7240983630226765e-09,2.0
1.2284094698232746,0.042289532779816064,2.1924326354394452e-08,9.214099705445733e-09,3.583448204835804e-09,2.0
1.2324108036012005,0.04228930060780822,2.1062653843273438e-08,8.86594531124274e-09,3.44804540475252e-09,2.0
1.2364121373791264,0.04228907351301636,2.0234888431502895e-08,8.53078496731996e-09,3.3176972280557493e-09,2.0
1.2404134711570525,0.0422888513817421,1.943968719331224e-08,8.208138169152335e-09,3.192213604563676e-09,2.0
1.2444148049349784,0.042288634102829015,1.8675772928133938e-08,7.897548393032139e-09,3.0714186749492e-09,2.0
1.2484161387129045,0.042288421567674206,1.794191017978619e-08,7.598573326106361e-09,2.9551419089557385e-09,2.0
1.2524174724908304,0.04228821367017055,1.7236915006435538e-08,7.310785754555127e-09,2.8432172172188075e-09,2.0
1.2564188062687562,0.04228801030674845,1.6559649651526342e-08,7.033770899056435e-09,2.7354811749091823e-09,2.0
1.2604201400466823,0.04228781137630655,1.5909021655602373e-08,6.767135296570359e-09,2.6317845680523533e-09,2.0
1.2644214738246082,0.04228761677993731,1.5283982079949965e-08,6.510493477662749e-09,2.531971965424873e-09,2.0
1.2684228076025343,0.042287426420947405,1.4683523730241177e-08,6.263478624646268e-09,2.435904811193268e-09,2.0
1.2724241413804602,0.04228724020483021,1.4106677603820117e-08,6.025735466153037e-09,2.3434409968103864e-09,2.0
1.2764254751583861,0.042287058039259584,1.355251200152452e-08,5.796918500777792e-09,2.2544517364053718e-09,2.0
1.2804268089363122,0.04228687983406765,1.3020136080399425e-08,5.576701767040504e-09,2.168807355928948e-09,2.0
1.284428142714238,0.04228670550128211,1.2508690971912984e-08,5.3647601916395615e-09,2.0863808458670974e-09,2.0
1.2884294764921642,0.04228653495484025,1.2017355111026973e-08,5.160792682090687e-09,2.0070558548468398e-09,2.0
1.29243081027009,0.042286368110573846,1.1545333578055761e-08,4.96450169862328e-09,1.9307151433167746e-09,2.0
1.296432144048016,0.042286204886213596,1.1091867868628924e-08,4.775603024143038e-09,1.8572512416881182e-09,2.0
1.300433477825942,0.042286045201367806,1.065622612372863e-08,4.5938222115182725e-09,1.7865549040152473e-09,2.0
1.304434811603868,0.042285888977481534,1.0237709346938573e-08,4.418892807223074e-09,1.7185213252446374e-09,2.0
1.308436145381794,0.04228573613794229,9.835640746302943e-09,4.250562568586247e-09,1.65305724664222e-09,2.0
1.31243747915972,0.042285586607836656,9.449373727932198e-09,4.088581917471856e-09,1.5900605276897295e-09,2.0
1.3164388129376459,0.04228544031388015,9.078287455110967e-09,3.932717262955521e-09,1.5294441269020354e-09,2.0
1.320440146715572,0.042285297184410986,8.721784183762793e-09,3.782743007718636e-09,1.4711165619019084e-09,2.0
1.3244414804934979,0.042285157149389185,8.379291926985388e-09,3.6384335544425994e-09,1.414994343917897e-09,2.0
1.328442814271424,0.04228502014037083,8.05025734962328e-09,3.4995810693772e-09,1.360993984178549e-09,2.0
1.3324441480493499,0.04228488609052583,7.734150209159907e-09,3.365982159664327e-09,1.3090355466260917e-09,2.0
1.3364454818272757,0.042284754934622804,7.43046335571762e-09,3.237438761516387e-09,1.2590453124516898e-09,2.0
1.3404468156052018,0.0422846266088408,7.138710067522425e-09,3.1137625811084035e-09,1.2109460101328295e-09,2.0
1.3444481493831277,0.04228450105073556,6.858419610011879e-09,2.9947706536859187e-09,1.164669249931194e-09,2.0
1.3484494831610538,0.04228437819925723,6.5891399003703555e-09,2.880288896278671e-09,1.1201457539300463e-09,2.0
1.3524508169389797,0.042284257994743335,6.33043928388588e-09,2.7701485549869176e-09,1.077309796926329e-09,2.0
1.3564521507169056,0.04228414037887074,6.0818994285227745e-09,2.664184428624594e-09,1.036101870965922e-09,2.0
1.3604534844948317,0.04228402529474096,5.843124206705852e-09,2.5622437505035123e-09,9.96458027202607e-10,2.0
1.3644548182727576,0.042283912686757574,5.613729925357802e-09,2.4641702012218047e-09,9.583134286117456e-10,2.0
1.3684561520506837,0.04228380250051256,5.39334532589919e-09,2.3698225604107392e-09,9.216245544507728e-10,2.0
1.3724574858286096,0.042283694682776485,5.181616025140556e-09,2.2790596077015834e-09,8.863247913382111e-10,2.0
1.3764588196065355,0.04228358918150388,4.978204515282414e-09,2.191746339974543e-09,8.523688421746556e-10,2.0
1.3804601533844616,0.04228348594582698,4.7827812821310545e-09,2.1077557477156006e-09,8.197043044333441e-10,2.0
1.3844614871623875,0.04228338492602113,4.5950336868827435e-09,2.0269572686970605e-09,7.882805519443536e-10,2.0
1.3884628209403136,0.04228328607358467,4.4146579725179436e-09,1.9492354397243616e-09,7.58054063965119e-10,2.0
1.3924641547182395,0.04228318934110398,4.2413672574070915e-09,1.874471244889264e-09,7.28977767039396e-10,2.0
1.3964654884961654,0.042283094682173505,4.074881765347982e-09,1.802555438246145e-09,7.010125813167178e-10,2.0
1.4004668222740915,0.04228300205139135,3.914934154636285e-09,1.7333796620278008e-09,6.74106992448742e-10,2.0
1.4044681560520174,0.04228291140435836,3.761266853530287e-09,1.6668382230022871e-09,6.482308023691985e-10,2.0
1.4084694898299435,0.04228282269767458,3.613632948429313e-09,1.6028369742571158e-09,6.233396021571025e-10,2.0
1.4124708236078694,0.042282735888912626,3.47179884840898e-09,1.5412755516308607e-09,5.993978646756659e-10,2.0
1.4164721573857952,0.04228265093667538,3.3355327389017475e-09,1.4820642491031322e-09,5.763709509665205e-10,2.0
1.4204734911637213,0.0422825678005152,3.2046170161947884e-09,1.4251098079398616e-09,5.542224457144584e-10,2.0
1.4244748249416472,0.04228248644083532,3.078841182002634e-09,1.3703331802616958e-09,5.329177099611115e-10,2.0
1.4284761587195733,0.04228240681888096,2.9580036198240123e-09,1.3176455482266647e-09,5.124283219970494e-10,2.0
1.4324774924974992,0.04228232889675709,2.8419107067634286e-09,1.2669758575611922e-09,4.927223073991627e-10,2.0
1.4364788262754251,0.04228225263740182,2.730375925352746e-09,1.2182379549585676e-09,4.737694681011817e-10,2.0
1.4404801600533512,0.04228217800459699,2.623219863551185e-09,1.1713643388588935e-09,4.5553960603683663e-10,2.0
1.444481493831277,0.0422821049629567,2.5202684383884844e-09,1.1262848431670136e-09,4.3800785221037586e-10,2.0
1.4484828276092032,0.04228203347796189,2.421361777749098e-09,1.082931078144611e-09,4.211484494476281e-10,2.0
1.452484161387129,0.042281963515808485,2.3263364568038014e-09,1.0412337658749493e-09,4.049320878607432e-10,2.0
1.456485495165055,0.042281895043406514,2.235042373399665e-09,1.001134286582328e-09,3.893374511676484e-10,2.0
1.460486828942981,0.04228182802838454,2.1473320899190185e-09,9.625695795989486e-10,3.743396703725921e-10,2.0
1.464488162720907,0.042281762439084325,2.0630643859931297e-09,9.254828015059502e-10,3.5991654101508175e-10,2.0
1.468489496498833,0.042281698244553745,1.982104258502204e-09,8.898162207060523e-10,3.460449704562052e-10,2.0
1.472490830276759,0.042281635414529006,1.9043220333969657e-09,8.555165464940728e-10,3.327063069491487e-10,2.0
1.4764921640546849,0.042281573919498605,1.8295933656986563e-09,8.22533152700089e-10,3.198801223902592e-10,2.0
1.480493497832611,0.042281513730604736,1.757799239499036e-09,7.908145249757581e-10,3.0754332414062446e-10,2.0
1.4844948316105369,0.04228145481958201,1.688821527068285e-09,7.603127016864164e-10,2.956817013455293e-10,2.0
1.488496165388463,0.042281397158768996,1.6225509824607798e-09,7.309788330189804e-10,2.842739377229009e-10,2.0
1.4924974991663889,0.0422813407211029,1.5588819124445763e-09,7.027738391229832e-10,2.7330671059644374e-10,2.0
1.4964988329443147,0.04228128548011423,1.497712176501409e-09,6.756488701853414e-10,2.6275692732724565e-10,2.0
1.5005001667222408,0.04228123140993212,1.4389440750051108e-09,6.495683990692669e-10,2.526121534174308e-10,2.0
1.5045015005001667,0.042281178485254145,1.3824825728647738e-09,6.244897932106142e-10,2.4285906619070374e-10,2.0
1.5085028342780928,0.04228112668142536,1.3282352995247493e-09,6.003713082236573e-10,2.334816784355098e-10,2.0
1.5125041680560187,0.04228107597430153,1.276116989856746e-09,5.771818578637067e-10,2.2446133840503535e-10,2.0
1.5165055018339446,0.04228102634024111,1.2260450432677317e-09,5.54884138637135e-10,2.1579271702876213e-10,2.0
1.5205068356118707,0.04228097775610262,1.1779395236999335e-09,5.334443997639937e-10,2.0745272166777795e-10,2.0
1.5245081693897966,0.04228093019924106,1.131718718738739e-09,5.128280022859144e-10,1.9943602325156462e-10,2.0
1.5285095031677227,0.04228088364751503,1.087315126824251e-09,4.930047481366273e-10,1.9172574639014783e-10,2.0
1.5325108369456486,0.04228083807927163,1.0446532527907948e-09,4.739444392498626e-10,1.843156738345897e-10,2.0
1.5365121707235745,0.04228079347334379,1.003663818721634e-09,4.5561865391618994e-10,1.7718804201649618e-10,2.0
1.5405135045015006,0.04228074980909913,9.642837639489699e-10,4.3799808224775916e-10,1.7033574550850972e-10,2.0
1.5445148382794265,0.04228070706633247,9.26451804161843e-10,4.2105607889197927e-10,1.637454616343348e-10,2.0
1.5485161720573526,0.042280665225256975,8.901022141571957e-10,4.0476599849625927e-10,1.574100849666138e-10,2.0
1.5525175058352785,0.04228062426650059,8.551781505161671e-10,3.8910386024326726e-10,1.5131984554273004e-10,2.0
1.5565188396132046,0.04228058417110603,8.216254343551554e-10,3.7404568331567134e-10,1.454640852216471e-10,2.0
1.5605201733911305,0.04228054492052902,7.893907749689788e-10,3.595674868961396e-10,1.3983481039758772e-10,2.0
1.5645215071690564,0.042280506496640946,7.584199934740354e-10,3.4564795470259924e-10,1.3441958657267605e-10,2.0
1.5685228409469825,0.04228046888170134,7.286642400572418e-10,3.3226399409613805e-10,1.2921397285481362e-10,2.0
1.5725241747249084,0.042280432058424466,7.000755530839342e-10,3.1939606515152263e-10,1.2421352835190191e-10,2.0
1.5765255085028345,0.04228039600990208,6.726086354547078e-10,3.07026404300359e-10,1.1939960131712724e-10,2.0
1.5805268422807603,0.042280360719563426,6.462208546054171e-10,2.951336952605743e-10,1.1477485628574868e-10,2.0
1.5845281760586862,0.042280326171180604,6.208669134366573e-10,2.836983981069352e-10,1.1032952329514956e-10,2.0
1.5885295098366123,0.04228029234887298,5.965077320979617e-10,2.7270452562788705e-10,1.0605383238271315e-10,2.0
1.5925308436145382,0.04228025923710188,5.731068952741225e-10,2.6213520243345556e-10,1.0194423083476067e-10,2.0
1.5965321773924643,0.04228022682066701,5.506226585794138e-10,2.5197621766892553e-10,9.799006051025572e-11,2.0
1.6005335111703902,0.042280195084701155,5.290194948770477e-10,2.4220714323064385e-10,9.419132140919828e-11,2.0
1.604534844948316,0.04228016401468704,5.082672061007543e-10,2.3281643279915443e-10,9.054090810423077e-11,2.0
1.6085361787262422,0.04228013359646088,4.883258242216471e-10,2.2378632280606325e-10,8.702816245431677e-11,2.0
1.612537512504168,0.04228010381614844,4.691669275302957e-10,2.1510704328875363e-10,8.3653972637876e-11,2.0
1.6165388462820942,0.0422800746601526,4.5076209431726966e-10,2.0676438339251035e-10,8.040679233545234e-11,2.0
1.62054018006002,0.042280046115158676,4.3307846198104016e-10,1.9874413226261822e-10,7.72901742607246e-11,2.0
1.624541513837946,0.04228001816813798,4.1608849699059647e-10,1.9103296722278174e-10,7.429168391581698e-11,2.0
1.628542847615872,0.042279990806340706,3.9976466581492787e-10,1.836193419535448e-10,7.140688040863097e-11,2.0
1.632544181393798,0.0422799640172995,3.8408209945828276e-10,1.7649348649229069e-10,6.863576373916658e-11,2.0
1.636545515171724,0.04227993778880901,3.6901326438965043e-10,1.6964474269798302e-10,6.5974781193745e-11,2.0
1.64054684894965,0.042279912108972084,3.545377325053778e-10,1.630571233590672e-10,6.341149827449044e-11,2.0
1.6445481827275759,0.042279886966166025,3.4062885845287383e-10,1.567279639402841e-10,6.09494676950817e-11,2.0
1.648549516505502,0.04227986234899728,3.2726621412848544e-10,1.5064127723007914e-10,5.858336038500056e-11,2.0
1.6525508502834279,0.04227983824630499,3.1442759507172013e-10,1.4479173415793412e-10,5.630962363056824e-11,2.0
1.656552184061354,0.042279814647162794,3.020934613573445e-10,1.3916690022597322e-10,5.412026382600743e-11,2.0
1.6605535178392798,0.04227979154086725,2.90241608524866e-10,1.3376233454209796e-10,5.2019721863416635e-11,2.0
1.6645548516172057,0.04227976891694851,2.788560493627301e-10,1.2856560260843253e-10,4.999733960175945e-11,2.0
1.6685561853951318,0.042279746765169435,2.679172439457034e-10,1.2357137535445872e-10,4.8054893397875276e-11,2.0
1.6725575191730577,0.04227972507550426,2.574056523485524e-10,1.1876810646072045e-10,4.618705418124591e-11,2.0
1.6765588529509838,0.04227970383817503,2.4730884007340137e-10,1.141531313919586e-10,4.439382195187136e-11,2.0
1.6805601867289097,0.042279683043641825,2.376072671950169e-10,1.0971756836397617e-10,4.2668979460813716e-11,2.0
1.6845615205068356,0.04227966268254857,2.282867228586838e-10,1.0545253559257617e-10,4.100897399439418e-11,2.0
1.6885628542847617,0.042279642745727486,2.1933033167442773e-10,1.0135270400724039e-10,3.941558190945216e-11,2.0
1.6925641880626876,0.04227962322420176,2.107274355012123e-10,9.741274453745064e-11,3.788347413546944e-11,2.0
1.6965655218406137,0.04227960410917575,2.0246115894906325e-10,9.36246635774296e-11,3.6409986137186934e-11,2.0
1.7005668556185396,0.042279585392043906,1.9451817934168503e-10,8.998490841349849e-11,3.4994229736184934e-11,2.0
1.7045681893964655,0.04227956706439073,1.8688783853804125e-10,8.64837090830406e-11,3.363354039720434e-11,2.0
1.7085695231743916,0.04227954911797838,1.7955681386183642e-10,8.312195376447562e-11,3.232525358498606e-11,2.0
1.7125708569523175,0.042279531544748394,1.7251444717203412e-10,7.988720795992776e-11,3.106936929953008e-11,2.0
1.7165721907302436,0.04227951433685817,1.6574475125707977e-10,7.677858349097733e-11,2.985878211347881e-11,2.0
1.7205735245081695,0.04227949748663029,1.5924506158171425e-10,7.37925276439455e-11,2.8697044740511046e-11,2.0
1.7245748582860954,0.04227948098652767,1.5299672639912387e-10,7.09201586346353e-11,2.757971628852829e-11,2.0
1.7285761920640215,0.04227946482917222,1.4699619299562983e-10,6.816058828462701e-11,2.6506796757530537e-11,2.0
1.7325775258419474,0.04227944900733416,1.4122925051651691e-10,6.550937570182214e-11,2.5475621612258692e-11,2.0
1.7365788596198735,0.04227943351393382,1.3568968171284723e-10,6.295941545886308e-11,2.4484414495873352e-11,2.0
1.7405801933977993,0.04227941834204607,1.3036594026516468e-10,6.050715484207103e-11,2.3529622694695718e-11,2.0
1.7445815271757252,0.04227940348489234,1.2525269710295106e-10,5.8152593851446e-11,2.261391074398489e-11,2.0
1.7485828609536513,0.0422793889358406,1.2033840590675027e-10,5.588951523805008e-11,2.1735502286901465e-11,2.0
1.7525841947315772,0.042279374688412474,1.156195139628835e-10,5.3711701752945373e-11,2.0887291896087845e-11,2.0
1.7565855285095033,0.042279360736297456,1.1108358677347496e-10,5.162004157455158e-11,2.007283228522283e-11,2.0
1.7605868622874292,0.04227934707330494,1.0672529526800645e-10,4.9610981989189895e-11,1.929212345430642e-11,2.0
1.764588196065355,0.04227933369337045,1.0253842219754006e-10,4.767919392634212e-11,1.8542500868079514e-11,2.0
1.7685895298432812,0.042279320590550284,9.851763849155759e-11,4.582112467232946e-11,1.7818635456023912e-11,2.0
1.772590863621207,0.04227930775901534,9.465228600902265e-11,4.403766240557161e-11,1.7125856288657815e-11,2.0
1.7765921973991332,0.04227929519306617,9.094058839309582e-11,4.231992534187157e-11,1.645794611704332e-11,2.0
1.780593531177059,0.04227928288712057,8.737188750274072e-11,4.0671466194908135e-11,1.581668129801983e-11,2.0
1.784594864954985,0.04227927083571803,8.394618333795734e-11,3.908695589416311e-11,1.5200285474747943e-11,2.0
1.788596198732911,0.04227925903350993,8.065281775770927e-11,3.7565506261216797e-11,1.461053500406706e-11,2.0
1.792597532510837,0.04227924747527201,7.748912622673743e-11,3.610001186871159e-11,1.403943628019988e-11,2.0
1.796598866288763,0.04227923615592122,7.44497796745236e-11,3.469224907348689e-11,1.3491430195244902e-11,2.0
1.800600200066689,0.04227922507046955,7.152856085212989e-11,3.33404415187033e-11,1.2966516749202128e-11,2.0
1.8046015338446149,0.042279214214032024,6.872280522429719e-11,3.204014831226232e-11,1.2462919585232157e-11,2.0
1.808602867622541,0.042279203581816915,6.602718372050731e-11,3.079225763258364e-11,1.1974421454397088e-11,2.0
1.8126042014004669,0.042279193169128426,6.343814362708144e-11,2.959055223072937e-11,1.1506351427215122e-11,2.0
1.816605535178393,0.04227918297136668,6.09476913382423e-11,2.843769664195861e-11,1.105959768210596e-11,2.0
1.8206068689563188,0.04227917298402861,5.855849138924896e-11,2.7329249974172853e-11,1.0629719326971099e-11,2.0
1.8246082027342447,0.04227916320271241,5.626255017432413e-11,2.6264324048952403e-11,1.021227546971204e-11,2.0
1.8286095365121708,0.042279153623103305,5.405542680136932e-11,2.524025433103816e-11,9.814371537686384e-12,2.0
1.8326108702900967,0.042279144240978006,5.193534491354512e-11,2.425526446359072e-11,9.43245481721533e-12,2.0
1.8366122040680228,0.04227913505222691,4.9896975440333335e-11,2.3309354446610087e-11,9.065637129879178e-12,2.0
1.8406135378459487,0.04227912605283457,4.793943020331426e-11,2.240074792325686e-11,8.710365761999128e-12,2.0
1.8446148716238746,0.042279117238862796,4.6059156488809094e-11,2.1525892179852235e-11,8.37196978409338e-12,2.0
1.8486162054018007,0.042279108606451565,4.425260158313904e-11,2.0687451751655317e-11,8.046896482483135e-12,2.0
1.8526175391797266,0.042279100151810134,4.2517100951044995e-11,1.9880097568147903e-11,7.72892860823049e-12,2.0
1.8566188729576527,0.04227909187123213,4.084821370042846e-11,1.9105605986169394e-11,7.429612480791548e-12,2.0
1.8606202067355786,0.04227908376108225,3.9246828009709134e-11,1.835864793520159e-11,7.140954494389007e-12,2.0
1.8646215405135045,0.04227907581780066,3.7706726629949117e-11,1.7641887950503587e-11,6.859401935344067e-12,2.0
1.8686228742914306,0.042279068037908374,3.622879773956811e-11,1.695266149681629e-11,6.59383658785373e-12,2.0
1.8726242080693565,0.04227906041799567,3.480682408962821e-11,1.6292744930979097e-11,6.3362648461406934e-12,2.0
1.8766255418472826,0.042279052954723007,3.3441693858549115e-11,1.5655921004054107e-11,6.086686710204958e-12,2.0
1.8806268756252085,0.042279045644842306,3.212896615423233e-11,1.504485425130042e-11,5.852207607404125e-12,2.0
1.8846282094031346,0.042279038485187215,3.087041733351725e-11,1.4458656494298339e-11,5.623057575121493e-12,2.0
1.8886295431810605,0.042279031472641115,2.965894196904628e-11,1.3893775019369059e-11,5.401901148616162e-12,2.0
1.8926308769589864,0.04227902460415223,2.8494540060819418e-11,1.3352874361771683e-11,5.193179219986632e-12,2.0
1.8966322107369125,0.04227901787672739,2.737898796567606e-11,1.2830625450988009e-11,4.9897863618753036e-12,2.0
1.9006335445148383,0.04227901128743117,2.630251572099951e-11,1.2330581000696839e-11,4.795275287960976e-12,2.0
1.9046348782927645,0.042279004833392086,2.5273116932567063e-11,1.184830011879967e-11,4.60786964140425e-12,2.0
1.9086362120706903,0.04227899851179373,2.4280133459342323e-11,1.1384670983716205e-11,4.427569422205124e-12,2.0
1.9126375458486162,0.04227899231988275,2.332889437184349e-11,1.0940581773866143e-11,4.2534864519439e-12,2.0
1.9166388796265423,0.04227898625495996,2.241407059955236e-11,1.0514256132410083e-11,4.0882852658796764e-12,2.0
1.9206402134044682,0.042278980314385706,2.1534773964049236e-11,1.0103029524088925e-11,3.929301328753354e-12,2.0
1.9246415471823943,0.042278974495578936,2.0689228108494717e-11,9.708678305742069e-12,3.775646462145232e-12,2.0
1.9286428809603202,0.04227896879603765,1.9878321211308503e-11,9.329426120530115e-12,3.6290970228947117e-12,2.0
1.932644214738246,0.04227896321329627,1.9098500558811793e-11,8.965272968453064e-12,3.4869884757426917e-12,2.0
1.9366455485161722,0.04227895774494694,1.8349766151004587e-11,8.615330671091215e-12,3.3502089991088724e-12,2.0
1.940646882294098,0.042278952388620894,1.7629453452627786e-11,8.276046514765767e-12,3.219646771412954e-12,2.0
1.9446482160720242,0.04227894714199909,1.6938450642101088e-11,7.954525926834322e-12,3.092637257395836e-12,2.0
1.94864954984995,0.04227894200280424,1.6273205005745695e-11,7.644551658358978e-12,2.9745095275757194e-12,2.0
1.952650883627876,0.042278936968810577,1.5634604721981304e-11,7.345235530920036e-12,2.857269976175303e-12,2.0
1.956652217405802,0.04227893203783584,1.5022649790807918e-11,7.059242079776595e-12,2.7462476737127872e-12,2.0
1.960653551183728,0.0422789272077404,1.4432899320127035e-11,6.783018591249856e-12,2.637001728089672e-12,2.0
1.964654884961654,0.04227892247643705,1.3867129666778055e-11,6.519229600598919e-12,2.5339730314044573e-12,2.0
1.96865621873958,0.042278917841875874,1.3321788117082178e-11,6.263434215725283e-12,2.4353852268177434e-12,2.0
1.9726575525175059,0.04227891330205846,1.2800427384718205e-11,6.0182969718880486e-12,2.33946195749013e-12,2.0
1.976658886295432,0.0422789088550406,1.2297718399167934e-11,5.782929690667515e-12,2.248867758680717e-12,2.0
1.9806602200733578,0.042278904498918024,1.1815437517270766e-11,5.5573323720636836e-12,2.162714451969805e-12,2.0
1.984661553851284,0.0422789002318229,1.1352696560607e-11,5.340616837656853e-12,2.0765611452588928e-12,2.0
1.9886628876292098,0.042278896051915815,1.0906830993917538e-11,5.1310067306076235e-12,1.9948487306464813e-12,2.0
1.9926642214071357,0.0422788919573982,1.0478728995622077e-11,4.930278407755395e-12,1.9166890297128703e-12,2.0
1.9966655551850618,0.04227888794650614,1.006750238730092e-11,4.738431869100168e-12,1.84297022087776e-12,2.0
2.000666888962988,0.04227888401751123,9.673151168954064e-12,4.553690757802542e-12,1.7692514120426495e-12,2.0
2.004668222740914,0.04227888016871706,9.29478716216181e-12,4.374278717023117e-12,1.70174985214544e-12,2.0
2.0086695565188397,0.04227887639846717,8.93063401008476e-12,4.203748460440693e-12,1.6351364706679306e-12,2.0
2.0126708902967656,0.04227887270513886,8.57891535588351e-12,4.04121180963557e-12,1.5711876244495215e-12,2.0
2.0166722240746915,0.04227886908714318,8.243183913236862e-12,3.882227872509247e-12,1.5090151350705128e-12,2.0
2.020673557852618,0.04227886554291871,7.919886968466017e-12,3.729461184320826e-12,1.4512835377900046e-12,2.0
2.0246748916305437,0.0422788620709591,7.608136343151273e-12,3.5846881019097054e-12,1.3935519405094965e-12,2.0
2.0286762254084696,0.04227885866978731,7.30970839413203e-12,3.4425795547576854e-12,1.3384848784880887e-12,2.0
2.0326775591863955,0.042278855337953836,7.02282676456889e-12,3.3102409702223667e-12,1.2860823517257813e-12,2.0
2.0366788929643214,0.04227885207403492,6.747491454461851e-12,3.1805669209461485e-12,1.2354561818028742e-12,2.0
2.0406802267422477,0.04227884887663702,6.482814285391214e-12,3.056221942188131e-12,1.1883827255587676e-12,2.0
2.0446815605201736,0.042278845744387894,6.229683435776678e-12,2.936317855528614e-12,1.141309269314661e-12,2.0
2.0486828942980995,0.04227884267594817,5.984546191939444e-12,2.8208546609675977e-12,1.0960121699099545e-12,2.0
2.0526842280760254,0.04227883967000157,5.750955267558311e-12,2.7116087153444823e-12,1.0533796057643485e-12,2.0
2.0566855618539512,0.04227883672525756,5.524469770534779e-12,2.604139126560767e-12,1.0125233984581428e-12,2.0
2.0606868956318776,0.042278833840454944,5.3086424145476485e-12,2.502886786714953e-12,9.725553695716371e-13,2.0
2.0646882294098035,0.04227883101435914,5.099032307498419e-12,2.405187160547939e-12,9.352518759442319e-13,2.0
2.0686895631877293,0.042278828245762234,4.900080341485591e-12,2.311040248059726e-12,8.979483823168266e-13,2.0
2.0726908969656552,0.04227882553347406,4.708233802830364e-12,2.219557870830613e-12,8.615330671091215e-13,2.0
2.076692230743581,0.042278822876348876,4.522604513113038e-12,2.133404564119701e-12,8.304468224196171e-13,2.0
2.0806935645215074,0.04227882027326313,4.344968829173013e-12,2.050803971087589e-12,7.975842208907125e-13,2.0
2.0846948982994333,0.04227881772311637,4.1735503941708885e-12,1.9690915564751776e-12,7.664979762012081e-13,2.0
2.088696232077359,0.04227881522482768,4.011901921785466e-12,1.893596390800667e-12,7.362999099314038e-13,2.0
2.092697565855285,0.042278812777331254,3.852917984659143e-12,1.8189894035458565e-12,7.087663789206999e-13,2.0
2.096698899633211,0.042278810379588805,3.701927653310122e-12,1.7470469515501463e-12,6.785683126508957e-13,2.0
2.1007002334111373,0.04227880803057893,3.5571545708990016e-12,1.680433570072637e-12,6.554756737386924e-13,2.0
2.104701567189063,0.0422788057292971,3.4159342021666816e-12,1.6138201885951275e-12,6.279421427279885e-13,2.0
2.108702900966989,0.04227880347476454,3.284483796051063e-12,1.5507595207964187e-12,6.03073146976385e-13,2.0
2.112704234744915,0.04227880126601846,3.154809746774845e-12,1.4903633882568101e-12,5.790923296444817e-13,2.0
2.116705568522841,0.04227879910211829,3.0313529464365274e-12,1.4317436125566019e-12,5.559996907322784e-13,2.0
2.120706902300767,0.042278796982142985,2.9123370381967106e-12,1.375788372115494e-12,5.346834086594754e-13,2.0
2.124708236078693,0.04227879490518838,2.7977620220553945e-12,1.3224976669334865e-12,5.142553050063725e-13,2.0
2.128709569856619,0.04227879287037073,2.6894042548519792e-12,1.270095140171179e-12,4.938272013532696e-13,2.0
2.132710903634545,0.04227879087683739,2.5837110229076643e-12,1.219468970248272e-12,4.742872761198669e-13,2.0
2.1367122374124707,0.04227878892375081,2.4806823262224498e-12,1.1723955140041653e-12,4.565237077258644e-13,2.0
2.140713571190397,0.042278787010286756,2.383870878475136e-12,1.1262102361797588e-12,4.39648317751562e-13,2.0
2.144714904968323,0.042278785135642316,2.290612144406623e-12,1.0826894936144527e-12,4.2099657093785936e-13,2.0
2.148716238746249,0.04227878329902257,2.2017943024366105e-12,1.0400569294688466e-12,4.050093593832571e-13,2.0
2.1527175725241747,0.04227878149965125,2.113864638886298e-12,1.000088900582341e-12,3.8902214782865485e-13,2.0
2.1567189063021006,0.0422787797367663,2.0312640458541864e-12,9.601208716958354e-13,3.730349362740526e-13,2.0
2.160720240080027,0.042278778009620765,1.951327988081175e-12,9.2192919964873e-13,3.6060043839825084e-13,2.0
2.164721573857953,0.04227877631747834,1.8740564655672642e-12,8.86402062860725e-13,3.4283687000424834e-13,2.0
2.1687229076358787,0.04227877465962315,1.802114013571554e-12,8.526512829121202e-13,3.3217872896784684e-13,2.0
2.1727242414138046,0.04227877303535177,1.7319479184152442e-12,8.180123245438153e-13,3.170796958329447e-13,2.0
2.1767255751917305,0.04227877144397496,1.6635581800983346e-12,7.86926079854311e-13,3.055333763768431e-13,2.0
2.180726908969657,0.04227876988482038,1.5978329770405253e-12,7.558398351648066e-13,2.9309887850104133e-13,2.0
2.1847282427475827,0.04227876835722455,1.5347723092418164e-12,7.256417688950023e-13,2.815525590449397e-13,2.0
2.1887295765255086,0.042278766860545325,1.475264355121908e-12,6.972200594645983e-13,2.717825964282383e-13,2.0
2.1927309103034345,0.04227876539416364,1.4175327578413999e-12,6.696865284538944e-13,2.5934809855243657e-13,2.0
2.1967322440813604,0.042278763957463994,1.3624656958199921e-12,6.439293542825908e-13,2.495781359357352e-13,2.0
2.2007335778592867,0.04227876254984597,1.3082868122182845e-12,6.190603585309873e-13,2.398081733190338e-13,2.0
2.2047349116372126,0.04227876117071716,1.2576606422953773e-12,5.933031843596837e-13,2.3092638912203256e-13,2.0
2.2087362454151385,0.042278759819500245,1.2079226507921703e-12,5.710987238671805e-13,2.2293278334473143e-13,2.0
2.2127375791930644,0.04227875849562679,1.1608491945480637e-12,5.488942633746774e-13,2.149391775674303e-13,2.0
2.2167389129709902,0.042278757198535466,1.1146639167236572e-12,5.266898028821743e-13,2.0516921495072893e-13,2.0
2.2207402467489166,0.04227875592767916,1.070254995738651e-12,5.062616992290714e-13,1.9806378759312793e-13,2.0
2.2247415805268425,0.04227875468252407,1.028510610012745e-12,4.884981308350689e-13,1.900701818158268e-13,2.0
2.2287429143047683,0.04227875346254173,9.885425811262394e-13,4.671818487622659e-13,1.8207657603852567e-13,2.0
2.2327442480826942,0.042278752267217,9.50350909079134e-13,4.503064587879635e-13,1.7408297026122455e-13,2.0
2.23674558186062,0.0422787510960454,9.121592370320286e-13,4.3165471197426086e-13,1.6964207816272392e-13,2.0
2.2407469156385464,0.04227874994853398,8.757439218243235e-13,4.1389114358025836e-13,1.6076029396572267e-13,2.0
2.2447482494164723,0.042278748824198686,8.43769498715119e-13,3.9879211044535623e-13,1.5543122344752192e-13,2.0
2.248749583194398,0.04227874772256435,8.091305403468141e-13,3.836930773104541e-13,1.4832579608992091e-13,2.0
2.252750916972324,0.042278746643179765,7.771561172376096e-13,3.6859404417555197e-13,1.438849039914203e-13,2.0
2.25675225075025,0.04227874558559552,7.469580509678053e-13,3.5349501104064984e-13,1.376676550535194e-13,2.0
2.2607535845281763,0.04227874454937286,7.167599846980011e-13,3.4017233474514796e-13,1.3233858453531866e-13,2.0
2.264754918306102,0.04227874353408012,6.901146321069973e-13,3.268496584496461e-13,1.270095140171179e-13,2.0
2.268756252084028,0.04227874253929009,6.625811010962934e-13,3.1441516057384433e-13,1.2434497875801753e-13,2.0
2.272757585861954,0.04227874156459066,6.359357485052897e-13,3.019806626980426e-13,1.1901590823981678e-13,2.0
2.27675891963988,0.0422787406095706,6.119549311733863e-13,2.8954616482224083e-13,1.127986593019159e-13,2.0
2.280760253417806,0.04227873967383022,5.879741138414829e-13,2.788880237858393e-13,1.0835776720341528e-13,2.0
2.284761587195732,0.042278738756976075,5.648814749292796e-13,2.673417043297377e-13,1.0391687510491465e-13,2.0
2.288762920973658,0.04227873785862091,5.417888360170764e-13,2.575717417130363e-13,1.0125233984581428e-13,2.0
2.292764254751584,0.04227873697838991,5.213607323639735e-13,2.469136006766348e-13,9.592326932761353e-14,2.0
2.2967655885295097,0.04227873611591004,5.000444502911705e-13,2.3714363805993344e-13,9.14823772291129e-14,2.0
2.300766922307436,0.04227873527081982,4.813927034774679e-13,2.282618538629322e-13,8.881784197001252e-14,2.0
2.304768256085362,0.04227873444276575,4.627409566637652e-13,2.184918912462308e-13,8.348877145181177e-14,2.0
2.308769589863288,0.042278733631397,4.440892098500626e-13,2.1049828546892968e-13,7.993605777301127e-14,2.0
2.3127709236412137,0.04227873283637518,4.2721381987576024e-13,2.0339285811132868e-13,7.904787935331115e-14,2.0
2.3167722574191396,0.04227873205737431,4.0945025148175773e-13,1.9451107391432743e-13,7.549516567451064e-14,2.0
2.320773591197066,0.04227873129407289,3.943512183468556e-13,1.8740564655672642e-13,7.283063041541027e-14,2.0
2.324774924974992,0.042278730546157384,3.7925218521195347e-13,1.794120407794253e-13,6.927791673660977e-14,2.0
2.3287762587529177,0.04227872981331604,3.623767952376511e-13,1.723066134218243e-13,6.661338147750939e-14,2.0
2.3327775925308436,0.04227872909524688,3.5083047578154947e-13,1.6608936448392342e-13,6.483702463810914e-14,2.0
2.3367789263087695,0.0422787283916497,3.348432642269472e-13,1.5987211554602254e-13,6.217248937900877e-14,2.0
2.340780260086696,0.0422787277022314,3.2240876635114546e-13,1.5276668818842154e-13,5.861977570020827e-14,2.0
2.3447815938646217,0.04227872702670599,3.090860900556436e-13,1.4654943925052066e-13,5.773159728050814e-14,2.0
2.3487829276425476,0.042278726364788355,2.9665159217984183e-13,1.4033219031261979e-13,5.595524044110789e-14,2.0
2.3527842614204735,0.04227872571620228,2.851052727237402e-13,1.3589129821411916e-13,5.240252676230739e-14,2.0
2.3567855951983994,0.04227872508067598,2.753353101070388e-13,1.2967404927621828e-13,5.1514348342607263e-14,2.0
2.3607869289763257,0.04227872445794301,2.637889906509372e-13,1.2523315717771766e-13,4.884981308350689e-14,2.0
2.3647882627542516,0.04227872384774489,2.540190280342358e-13,1.199040866595169e-13,4.618527782440651e-14,2.0
2.3687895965321775,0.04227872324982229,2.4424906541753444e-13,1.1546319456101628e-13,4.618527782440651e-14,2.0
2.3727909303101034,0.04227872266392829,2.3359092438113294e-13,1.1013412404281553e-13,4.085620730620576e-14,2.0
2.3767922640880292,0.04227872208981509,2.2648549702353193e-13,1.0658141036401503e-13,4.1744385725905886e-14,2.0
2.3807935978659556,0.04227872152724377,2.1671553440683056e-13,1.021405182655144e-13,3.907985046680551e-14,2.0
2.3847949316438815,0.042278720975984285,2.0872192862952943e-13,9.85878045867139e-14,3.730349362740526e-14,2.0
2.3887962654218073,0.04227872043581016,1.9984014443252818e-13,9.414691248821327e-14,3.8191672047105385e-14,2.0
2.3927975991997332,0.04227871990650289,1.9184653865522705e-13,9.059419880941277e-14,3.4638958368304884e-14,2.0
2.3967989329776596,0.04227871938784489,1.829647544582258e-13,8.615330671091215e-14,3.2862601528904634e-14,2.0
2.4008002667555854,0.042278718879620314,1.7674750552032492e-13,8.260059303211165e-14,3.197442310920451e-14,2.0
2.4048016005335113,0.04227871838162045,1.6964207816272392e-13,7.993605777301127e-14,3.019806626980426e-14,2.0
2.408802934311437,0.042278717893636575,1.6342482922482304e-13,7.72715225139109e-14,3.019806626980426e-14,2.0
2.412804268089363,0.042278717415470624,1.5631940186722204e-13,7.283063041541027e-14,2.6645352591003757e-14,2.0
2.4168056018672894,0.04227871694692009,1.509903313490213e-13,7.016609515630989e-14,2.7533531010703882e-14,2.0
2.4208069356452153,0.04227871648779136,1.438849039914203e-13,6.838973831690964e-14,2.5757174171303632e-14,2.0
2.424808269423141,0.04227871603788991,1.3855583347321954e-13,6.572520305780927e-14,2.5757174171303632e-14,2.0
2.428809603201067,0.04227871559703189,1.341149413747189e-13,6.394884621840902e-14,2.5757174171303632e-14,2.0
2.432810936978993,0.0422787151650299,1.2878587085651816e-13,6.039613253960852e-14,2.398081733190338e-14,2.0
2.4368122707569193,0.0422787147417063,1.2256862191861728e-13,5.773159728050814e-14,2.3092638912203256e-14,2.0
2.440813604534845,0.04227871432688346,1.1901590823981678e-13,5.5067062021407764e-14,2.1316282072803006e-14,2.0
2.444814938312771,0.0422787139203864,1.1368683772161603e-13,5.3290705182007514e-14,2.042810365310288e-14,2.0
2.448816272090697,0.04227871352204993,1.1013412404281553e-13,5.062616992290714e-14,1.9539925233402755e-14,2.0
2.452817605868623,0.04227871313170173,1.056932319443149e-13,4.973799150320701e-14,2.042810365310288e-14,2.0
2.456818939646549,0.042278712749186376,1.0125233984581428e-13,4.707345624410664e-14,1.7763568394002505e-14,2.0
2.460820273424475,0.042278712374349325,9.681144774731365e-14,4.529709940470639e-14,1.7763568394002505e-14,2.0
2.464821607202401,0.042278712007035146,9.414691248821327e-14,4.440892098500626e-14,1.7763568394002505e-14,2.0
2.468822940980327,0.042278711647099065,8.970602038971265e-14,4.1744385725905886e-14,1.687538997430238e-14,2.0
2.4728242747582527,0.042278711294388316,8.615330671091215e-14,3.9968028886505635e-14,1.509903313490213e-14,2.0
2.476825608536179,0.04227871094876523,8.348877145181177e-14,3.8191672047105385e-14,1.4210854715202004e-14,2.0
2.480826942314105,0.04227871061007704,7.904787935331115e-14,3.730349362740526e-14,1.5987211554602254e-14,2.0
2.484828276092031,0.042278710278194964,7.638334409421077e-14,3.552713678800501e-14,1.4210854715202004e-14,2.0
2.4888296098699567,0.04227870995297511,7.283063041541027e-14,3.375077994860476e-14,1.2434497875801753e-14,2.0
2.4928309436478826,0.04227870963428515,7.105427357601002e-14,3.2862601528904634e-14,1.2434497875801753e-14,2.0
2.496832277425809,0.04227870932199007,6.750155989720952e-14,3.197442310920451e-14,1.2434497875801753e-14,2.0
2.500833611203735,0.042278709015963756,6.483702463810914e-14,3.019806626980426e-14,1.0658141036401503e-14,2.0
2.5048349449816607,0.04227870871607653,6.394884621840902e-14,3.108624468950438e-14,1.1546319456101628e-14,2.0
2.5088362787595866,0.04227870842220316,6.128431095930864e-14,2.6645352591003757e-14,1.1546319456101628e-14,2.0
2.5128376125375125,0.04227870813422108,5.684341886080802e-14,2.842170943040401e-14,1.2434497875801753e-14,2.0
2.516838946315439,0.042278707852011266,5.595524044110789e-14,2.6645352591003757e-14,9.769962616701378e-15,2.0
2.5208402800933647,0.042278707575457375,5.3290705182007514e-14,2.4868995751603507e-14,1.1546319456101628e-14,2.0
2.5248416138712906,0.04227870730444394,5.1514348342607263e-14,2.398081733190338e-14,8.881784197001252e-15,2.0
2.5288429476492165,0.0422787070388555,4.973799150320701e-14,2.3092638912203256e-14,1.0658141036401503e-14,2.0
2.5328442814271424,0.042278706778584585,4.618527782440651e-14,2.1316282072803006e-14,8.881784197001252e-15,2.0
2.5368456152050687,0.04227870652352639,4.440892098500626e-14,2.1316282072803006e-14,9.769962616701378e-15,2.0
2.5408469489829946,0.04227870627357877,4.440892098500626e-14,2.042810365310288e-14,7.105427357601002e-15,2.0
2.5448482827609205,0.04227870602863959,4.1744385725905886e-14,1.9539925233402755e-14,5.329070518200751e-15,2.0
2.5488496165388463,0.04227870578860937,4.1744385725905886e-14,1.9539925233402755e-14,7.105427357601002e-15,2.0
2.5528509503167722,0.04227870555339219,3.907985046680551e-14,1.687538997430238e-14,7.993605777301127e-15,2.0
2.5568522840946986,0.04227870532289213,3.730349362740526e-14,1.687538997430238e-14,7.993605777301127e-15,2.0
2.5608536178726244,0.04227870509701237,3.6415315207705135e-14,1.687538997430238e-14,6.217248937900877e-15,2.0
2.5648549516505503,0.04227870487566321,3.2862601528904634e-14,1.509903313490213e-14,6.217248937900877e-15,2.0
2.568856285428476,0.0422787046587505,3.375077994860476e-14,1.5987211554602254e-14,5.329070518200751e-15,2.0
2.572857619206402,0.04227870444618542,3.197442310920451e-14,1.4210854715202004e-14,3.552713678800501e-15,2.0
2.5768589529843284,0.042278704237881826,2.930988785010413e-14,1.3322676295501878e-14,5.329070518200751e-15,2.0
2.5808602867622543,0.04227870403375,2.7533531010703882e-14,1.3322676295501878e-14,5.329070518200751e-15,2.0
2.58486162054018,0.04227870383371091,2.842170943040401e-14,1.4210854715202004e-14,7.105427357601002e-15,2.0
2.588862954318106,0.04227870363767572,2.6645352591003757e-14,1.2434497875801753e-14,3.552713678800501e-15,2.0
2.592864288096032,0.0422787034455645,2.4868995751603507e-14,1.2434497875801753e-14,5.329070518200751e-15,2.0
2.5968656218739583,0.04227870325729732,2.398081733190338e-14,1.0658141036401503e-14,3.552713678800501e-15,2.0
2.600866955651884,0.042278703072798685,2.3092638912203256e-14,1.0658141036401503e-14,5.329070518200751e-15,2.0
2.60486828942981,0.04227870289198776,2.398081733190338e-14,1.1546319456101628e-14,4.440892098500626e-15,2.0
2.608869623207736,0.042278702714792615,2.220446049250313e-14,8.881784197001252e-15,2.6645352591003757e-15,2.0
2.612870956985662,0.04227870254113686,2.042810365310288e-14,9.769962616701378e-15,4.440892098500626e-15,2.0
2.616872290763588,0.042278702370951216,2.1316282072803006e-14,9.769962616701378e-15,1.7763568394002505e-15,2.0
2.620873624541514,0.042278702204167296,2.042810365310288e-14,8.881784197001252e-15,4.440892098500626e-15,2.0
2.62487495831944,0.0422787020407176,1.9539925233402755e-14,7.993605777301127e-15,2.6645352591003757e-15,2.0
2.628876292097366,0.04227870188053906,1.7763568394002505e-14,8.881784197001252e-15,4.440892098500626e-15,2.0
2.6328776258752917,0.04227870172356418,1.7763568394002505e-14,7.993605777301127e-15,2.6645352591003757e-15,2.0
2.636878959653218,0.042278701569734345,1.687538997430238e-14,7.993605777301127e-15,2.6645352591003757e-15,2.0
2.640880293431144,0.042278701418982045,1.509903313490213e-14,7.105427357601002e-15,2.6645352591003757e-15,2.0
2.64488162720907,0.04227870127124955,1.509903313490213e-14,6.217248937900877e-15,2.6645352591003757e-15,2.0
2.6488829609869957,0.042278701126474694,1.5987211554602254e-14,7.993605777301127e-15,2.6645352591003757e-15,2.0
2.6528842947649216,0.04227870098459885,1.3322676295501878e-14,6.217248937900877e-15,2.6645352591003757e-15,2.0
2.656885628542848,0.04227870084556251,1.3322676295501878e-14,6.217248937900877e-15,3.552713678800501e-15,2.0
2.660886962320774,0.0422787007093115,1.3322676295501878e-14,6.217248937900877e-15,2.6645352591003757e-15,2.0
2.6648882960986997,0.04227870057578631,1.2434497875801753e-14,6.217248937900877e-15,1.7763568394002505e-15,2.0
2.6688896298766256,0.042278700444930095,1.2434497875801753e-14,6.217248937900877e-15,3.552713678800501e-15,2.0
2.6728909636545515,0.042278700316694895,1.0658141036401503e-14,5.329070518200751e-15,3.552713678800501e-15,2.0
2.676892297432478,0.04227870019102298,1.0658141036401503e-14,5.329070518200751e-15,1.7763568394002505e-15,2.0
2.6808936312104037,0.04227870006786372,1.0658141036401503e-14,5.329070518200751e-15,2.6645352591003757e-15,2.0
2.6848949649883296,0.04227869994716471,1.0658141036401503e-14,4.440892098500626e-15,3.552713678800501e-15,2.0
2.6888962987662555,0.042278699828874444,8.881784197001252e-15,4.440892098500626e-15,1.7763568394002505e-15,2.0
2.6928976325441814,0.04227869971294851,1.0658141036401503e-14,4.440892098500626e-15,1.7763568394002505e-15,2.0
2.6968989663221077,0.04227869959933539,8.881784197001252e-15,2.6645352591003757e-15,8.881784197001252e-16,2.0
2.7009003001000336,0.042278699487988014,8.881784197001252e-15,3.552713678800501e-15,8.881784197001252e-16,2.0
2.7049016338779595,0.04227869937885931,8.881784197001252e-15,3.552713678800501e-15,3.552713678800501e-15,2.0
2.7089029676558853,0.04227869927190753,8.881784197001252e-15,3.552713678800501e-15,0.0,2.0
2.7129043014338112,0.04227869916709004,7.993605777301127e-15,2.6645352591003757e-15,1.7763568394002505e-15,2.0
2.7169056352117376,0.04227869906436421,7.993605777301127e-15,4.440892098500626e-15,0.0,2.0
2.7209069689896634,0.04227869896369185,6.217248937900877e-15,2.6645352591003757e-15,8.881784197001252e-16,2.0
2.7249083027675893,0.04227869886503033,7.993605777301127e-15,3.552713678800501e-15,8.881784197001252e-16,2.0
2.728909636545515,0.04227869876834234,6.217248937900877e-15,2.6645352591003757e-15,8.881784197001252e-16,2.0
2.732910970323441,0.04227869867358525,5.329070518200751e-15,1.7763568394002505e-15,1.7763568394002505e-15,2.0
2.7369123041013674,0.042278698580725305,7.105427357601002e-15,2.6645352591003757e-15,0.0,2.0
2.7409136378792933,0.04227869848972077,5.329070518200751e-15,2.6645352591003757e-15,2.6645352591003757e-15,2.0
2.744914971657219,0.04227869840053877,5.329070518200751e-15,1.7763568394002505e-15,8.881784197001252e-16,2.0
2.748916305435145,0.042278698313137575,7.105427357601002e-15,1.7763568394002505e-15,1.7763568394002505e-15,2.0
2.752917639213071,0.0422786982274852,4.440892098500626e-15,1.7763568394002505e-15,8.881784197001252e-16,2.0
2.7569189729909973,0.04227869814354612,3.552713678800501e-15,1.7763568394002505e-15,0.0,2.0
2.760920306768923,0.042278698061284814,5.329070518200751e-15,2.6645352591003757e-15,0.0,2.0
2.764921640546849,0.04227869798066752,4.440892098500626e-15,1.7763568394002505e-15,0.0,2.0
2.768922974324775,0.0422786979016605,4.440892098500626e-15,2.6645352591003757e-15,0.0,2.0
2.772924308102701,0.04227869782423088,4.440892098500626e-15,2.6645352591003757e-15,0.0,2.0
2.776925641880627,0.04227869774834758,4.440892098500626e-15,0.0,-8.881784197001252e-16,2.0
2.780926975658553,0.04227869767397685,4.440892098500626e-15,0.0,0.0,2.0
2.784928309436479,0.04227869760108938,3.552713678800501e-15,1.7763568394002505e-15,8.881784197001252e-16,2.0
2.788929643214405,0.04227869752965585,3.552713678800501e-15,1.7763568394002505e-15,8.881784197001252e-16,2.0
2.7929309769923307,0.04227869745964341,3.552713678800501e-15,8.881784197001252e-16,0.0,2.0
2.796932310770257,0.04227869739102452,1.7763568394002505e-15,8.881784197001252e-16,0.0,2.0
2.800933644548183,0.04227869732377254,4.440892098500626e-15,8.881784197001252e-16,0.0,2.0
2.804934978326109,0.042278697257858155,3.552713678800501e-15,1.7763568394002505e-15,0.0,2.0
2.8089363121040347,0.04227869719325472,2.6645352591003757e-15,8.881784197001252e-16,-8.881784197001252e-16,2.0
2.8129376458819606,0.04227869712993915,3.552713678800501e-15,1.7763568394002505e-15,8.881784197001252e-16,2.0
2.816938979659887,0.042278697067884785,1.7763568394002505e-15,0.0,0.0,2.0
2.820940313437813,0.04227869700706943,2.6645352591003757e-15,-8.881784197001252e-16,-8.881784197001252e-16,2.0
2.8249416472157387,0.04227869694746733,3.552713678800501e-15,1.7763568394002505e-15,1.7763568394002505e-15,2.0
2.8289429809936646,0.0422786968890545,1.7763568394002505e-15,0.0,-8.881784197001252e-16,2.0
2.8329443147715905,0.042278696831810514,2.6645352591003757e-15,8.881784197001252e-16,8.881784197001252e-16,2.0
2.836945648549517,0.042278696775707836,8.881784197001252e-16,8.881784197001252e-16,8.881784197001252e-16,2.0
2.8409469823274427,0.04227869672072604,2.6645352591003757e-15,8.881784197001252e-16,8.881784197001252e-16,2.0
2.8449483161053686,0.04227869666684381,1.7763568394002505e-15,8.881784197001252e-16,8.881784197001252e-16,2.0
2.8489496498832945,0.042278696614038935,1.7763568394002505e-15,8.881784197001252e-16,0.0,2.0
2.8529509836612204,0.04227869656228922,1.7763568394002505e-15,8.881784197001252e-16,8.881784197001252e-16,2.0
2.8569523174391467,0.04227869651157423,2.6645352591003757e-15,8.881784197001252e-16,-8.881784197001252e-16,2.0
2.8609536512170726,0.04227869646187088,1.7763568394002505e-15,0.0,-8.881784197001252e-16,2.0
2.8649549849949985,0.04227869641316051,8.881784197001252e-16,0.0,0.0,2.0
2.8689563187729243,0.0422786963654227,8.881784197001252e-16,8.881784197001252e-16,8.881784197001252e-16,2.0
2.8729576525508502,0.0422786963186379,8.881784197001252e-16,0.0,0.0,2.0
2.8769589863287766,0.04227869627278569,1.7763568394002505e-15,0.0,-8.881784197001252e-16,2.0
2.8809603201067024,0.04227869622784919,2.6645352591003757e-15,8.881784197001252e-16,0.0,2.0
2.8849616538846283,0.042278696183807085,2.6645352591003757e-15,8.881784197001252e-16,-1.7763568394002505e-15,2.0
2.888962987662554,0.042278696140640726,8.881784197001252e-16,-8.881784197001252e-16,-1.7763568394002505e-15,2.0
2.89296432144048,0.04227869609833501,1.7763568394002505e-15,0.0,0.0,2.0
2.8969656552184064,0.042278696056868625,8.881784197001252e-16,0.0,0.0,2.0
2.9009669889963323,0.042278696016228245,1.7763568394002505e-15,0.0,0.0,2.0
2.904968322774258,0.04227869597639433,8.881784197001252e-16,0.0,0.0,2.0
2.908969656552184,0.04227869593735001,8.881784197001252e-16,0.0,-1.7763568394002505e-15,2.0
2.91297099033011,0.042278695899081065,8.881784197001252e-16,0.0,0.0,2.0
2.9169723241080363,0.042278695861571514,0.0,0.0,0.0,2.0
2.920973657885962,0.04227869582480803,0.0,0.0,0.0,2.0
2.924974991663888,0.0422786957887773,0.0,-8.881784197001252e-16,-1.7763568394002505e-15,2.0
2.928976325441814,0.042278695753463325,8.881784197001252e-16,8.881784197001252e-16,8.881784197001252e-16,2.0
2.93297765921974,0.042278695718853676,0.0,0.0,0.0,2.0
2.936978992997666,0.042278695684932366,8.881784197001252e-16,0.0,0.0,2.0
2.940980326775592,0.04227869565169051,8.881784197001252e-16,0.0,0.0,2.0
2.944981660553518,0.04227869561911124,8.881784197001252e-16,-8.881784197001252e-16,-1.7763568394002505e-15,2.0
2.948982994331444,0.042278695587182114,1.7763568394002505e-15,8.881784197001252e-16,0.0,2.0
2.9529843281093697,0.04227869555588981,0.0,0.0,0.0,2.0
2.956985661887296,0.04227869552522456,8.881784197001252e-16,0.0,0.0,2.0
2.960986995665222,0.04227869549517038,8.881784197001252e-16,0.0,0.0,2.0
2.964988329443148,0.0422786954657175,1.7763568394002505e-15,0.0,0.0,2.0
2.9689896632210737,0.04227869543685259,0.0,0.0,0.0,2.0
2.9729909969989996,0.04227869540856499,-8.881784197001252e-16,-8.881784197001252e-16,-8.881784197001252e-16,2.0
2.976992330776926,0.04227869538084228,0.0,0.0,-1.7763568394002505e-15,2.0
2.980993664554852,0.042278695353671125,0.0,0.0,0.0,2.0
2.9849949983327777,0.042278695327043536,0.0,0.0,0.0,2.0
2.9889963321107036,0.04227869530094619,8.881784197001252e-16,0.0,-8.881784197001252e-16,2.0
2.9929976658886295,0.04227869527536843,8.881784197001252e-16,8.881784197001252e-16,0.0,2.0
2.996998999666556,0.04227869525030137,0.0,-8.881784197001252e-16,-1.7763568394002505e-15,2.0
3.0010003334444817,0.04227869522573258,8.881784197001252e-16,0.0,0.0,2.0
3.0050016672224076,0.04227869520165228,1.7763568394002505e-15,8.881784197001252e-16,8.881784197001252e-16,2.0
3.0090030010003335,0.04227869517804983,8.881784197001252e-16,8.881784197001252e-16,8.881784197001252e-16,2.0
3.0130043347782594,0.04227869515491456,8.881784197001252e-16,0.0,-8.881784197001252e-16,2.0
3.0170056685561857,0.042278695132238475,1.7763568394002505e-15,0.0,0.0,2.0
3.0210070023341116,0.0422786951100127,1.7763568394002505e-15,0.0,0.0,2.0
3.0250083361120375,0.04227869508822568,8.881784197001252e-16,0.0,0.0,2.0
3.0290096698899633,0.04227869506686943,0.0,0.0,-1.7763568394002505e-15,2.0
3.0330110036678892,0.04227869504593684,8.881784197001252e-16,0.0,0.0,2.0
3.0370123374458156,0.042278695025418145,8.881784197001252e-16,0.0,0.0,2.0
3.0410136712237414,0.04227869500530712,0.0,0.0,-8.881784197001252e-16,2.0
3.0450150050016673,0.042278694985594,0.0,-8.881784197001252e-16,-8.881784197001252e-16,2.0
3.049016338779593,0.04227869496627701,8.881784197001252e-16,0.0,0.0,2.0
3.053017672557519,0.042278694947341044,0.0,-8.881784197001252e-16,-8.881784197001252e-16,2.0
3.0570190063354454,0.042278694928782556,8.881784197001252e-16,0.0,0.0,2.0
3.0610203401133713,0.04227869491059533,0.0,0.0,-8.881784197001252e-16,2.0
3.065021673891297,0.04227869489277225,0.0,-8.881784197001252e-16,-8.881784197001252e-16,2.0
3.069023007669223,0.04227869487530267,8.881784197001252e-16,0.0,-8.881784197001252e-16,2.0
3.073024341447149,0.04227869485818214,8.881784197001252e-16,-8.881784197001252e-16,-8.881784197001252e-16,2.0
3.0770256752250753,0.04227869484140534,8.881784197001252e-16,8.881784197001252e-16,8.881784197001252e-16,2.0
3.081027009003001,0.042278694824960716,8.881784197001252e-16,-8.881784197001252e-16,-8.881784197001252e-16,2.0
3.085028342780927,0.04227869480884916,8.881784197001252e-16,0.0,0.0,2.0
3.089029676558853,0.04227869479305646,0.0,-8.881784197001252e-16,-1.7763568394002505e-15,2.0
3.0930310103367793,0.04227869477757906,-8.881784197001252e-16,-8.881784197001252e-16,-8.881784197001252e-16,2.0
3.097032344114705,0.04227869476241253,0.0,-8.881784197001252e-16,-8.881784197001252e-16,2.0
3.101033677892631,0.04227869474754886,0.0,-8.881784197001252e-16,-8.881784197001252e-16,2.0
3.105035011670557,0.04227869473298096,-8.881784197001252e-16,-8.881784197001252e-16,-8.881784197001252e-16,2.0
3.109036345448483,0.04227869471870438,-8.881784197001252e-16,-8.881784197001252e-16,-8.881784197001252e-16,2.0
3.113037679226409,0.042278694704712905,-8.881784197001252e-16,-8.881784197001252e-16,-8.881784197001252e-16,2.0
3.117039013004335,0.04227869469099943,0.0,0.0,0.0,2.0
3.121040346782261,0.0422786946775604,0.0,0.0,0.0,2.0
3.125041680560187,0.04227869466438694,0.0,0.0,0.0,2.0
3.1290430143381127,0.0422786946514746,8.881784197001252e-16,0.0,-8.881784197001252e-16,2.0
3.133044348116039,0.042278694638819836,0.0,-8.881784197001252e-16,-8.881784197001252e-16,2.0
3.137045681893965,0.042278694626415536,0.0,0.0,0.0,2.0
3.141047015671891,0.04227869461425815,0.0,-8.881784197001252e-16,-8.881784197001252e-16,2.0
3.1450483494498167,0.04227869460234057,-8.881784197001252e-16,-8.881784197001252e-16,-8.881784197001252e-16,2.0
3.1490496832277426,0.042278694590656585,0.0,0.0,-8.881784197001252e-16,2.0
3.153051017005669,0.042278694579203524,-8.881784197001252e-16,-8.881784197001252e-16,-8.881784197001252e-16,2.0
3.157052350783595,0.04227869456797606,0.0,0.0,0.0,2.0
3.1610536845615207,0.04227869455697064,-8.881784197001252e-16,-8.881784197001252e-16,-8.881784197001252e-16,2.0
3.1650550183394466,0.04227869454618105,0.0,-8.881784197001252e-16,-8.881784197001252e-16,2.0
3.1690563521173725,0.04227869453560462,0.0,-8.881784197001252e-16,-1.7763568394002505e-15,2.0
3.173057685895299,0.04227869452523869,0.0,-8.881784197001252e-16,-8.881784197001252e-16,2.0
3.1770590196732247,0.04227869451507704,0.0,-8.881784197001252e-16,-8.881784197001252e-16,2.0
3.1810603534511506,0.0422786945051179,0.0,0.0,-8.881784197001252e-16,2.0
3.1850616872290765,0.04227869449535682,8.881784197001252e-16,-8.881784197001252e-16,-8.881784197001252e-16,2.0
3.1890630210070023,0.04227869448579025,-1.7763568394002505e-15,-1.7763568394002505e-15,-1.7763568394002505e-15,2.0
3.1930643547849287,0.04227869447641286,-8.881784197001252e-16,-8.881784197001252e-16,-8.881784197001252e-16,2.0
3.1970656885628546,0.042278694467223765,-8.881784197001252e-16,-8.881784197001252e-16,-8.881784197001252e-16,2.0
3.2010670223407804,0.042278694458217636,0.0,0.0,0.0,2.0
3.2050683561187063,0.042278694449392695,0.0,-8.881784197001252e-16,-1.7763568394002505e-15,2.0
3.209069689896632,0.042278694440743614,0.0,0.0,0.0,2.0
3.2130710236745585,0.04227869443226684,-1.7763568394002505e-15,-1.7763568394002505e-15,-1.7763568394002505e-15,2.0
3.2170723574524844,0.042278694423960594,8.881784197001252e-16,0.0,0.0,2.0
3.2210736912304103,0.04227869441581955,-8.881784197001252e-16,-8.881784197001252e-16,-8.881784197001252e-16,2.0
3.225075025008336,0.04227869440784282,0.0,-8.881784197001252e-16,-8.881784197001252e-16,2.0
3.229076358786262,0.042278694400024186,0.0,0.0,0.0,2.0
3.2330776925641884,0.04227869439236365,0.0,0.0,0.0,2.0
3.2370790263421143,0.04227869438485499,0.0,0.0,0.0,2.0
3.24108036012004,0.04227869437749643,0.0,-8.881784197001252e-16,-8.881784197001252e-16,2.0
3.245081693897966,0.042278694370286196,0.0,0.0,0.0,2.0
3.249083027675892,0.04227869436321985,-8.881784197001252e-16,-8.881784197001252e-16,-8.881784197001252e-16,2.0
3.2530843614538183,0.04227869435629561,8.881784197001252e-16,0.0,0.0,2.0
3.257085695231744,0.042278694349506374,-8.881784197001252e-16,-8.881784197001252e-16,-8.881784197001252e-16,2.0
3.26108702900967,0.04227869434285392,-8.881784197001252e-16,-8.881784197001252e-16,-8.881784197001252e-16,2.0
3.265088362787596,0.0422786943363338,-8.881784197001252e-16,-8.881784197001252e-16,-8.881784197001252e-16,2.0
3.269089696565522,0.042278694329943356,-8.881784197001252e-16,-8.881784197001252e-16,-8.881784197001252e-16,2.0
3.273091030343448,0.04227869432368081,-8.881784197001252e-16,-8.881784197001252e-16,-8.881784197001252e-16,2.0
3.277092364121374,0.04227869431754083,-8.881784197001252e-16,-8.881784197001252e-16,-8.881784197001252e-16,2.0
3.2810936978993,0.04227869431152165,0.0,0.0,0.0,2.0
3.285095031677226,0.042278694305622366,8.881784197001252e-16,0.0,-8.881784197001252e-16,2.0
3.2890963654551517,0.04227869429983855,-8.881784197001252e-16,-8.881784197001252e-16,-8.881784197001252e-16,2.0
3.293097699233078,0.042278694294169306,0.0,-8.881784197001252e-16,-8.881784197001252e-16,2.0
3.297099033011004,0.04227869428860931,0.0,0.0,0.0,2.0
3.30110036678893,0.042278694283159446,0.0,0.0,-1.7763568394002505e-15,2.0
3.3051017005668557,0.04227869427781439,8.881784197001252e-16,-1.7763568394002505e-15,-1.7763568394002505e-15,2.0
3.3091030343447816,0.042278694272575024,8.881784197001252e-16,0.0,0.0,2.0
3.313104368122708,0.042278694267439576,0.0,-8.881784197001252e-16,-8.881784197001252e-16,2.0
3.317105701900634,0.042278694262402716,8.881784197001252e-16,0.0,-1.7763568394002505e-15,2.0
3.3211070356785597,0.042278694257468,8.881784197001252e-16,0.0,0.0,2.0
3.3251083694564856,0.0422786942526292,0.0,0.0,0.0,2.0
3.3291097032344115,0.042278694247887216,1.7763568394002505e-15,0.0,-8.881784197001252e-16,2.0
3.333111037012338,0.0422786942432376,8.881784197001252e-16,-8.881784197001252e-16,-8.881784197001252e-16,2.0
3.3371123707902637,0.042278694238682135,-8.881784197001252e-16,-8.881784197001252e-16,-8.881784197001252e-16,2.0
3.3411137045681896,0.04227869423421726,0.0,0.0,0.0,2.0
3.3451150383461155,0.04227869422984121,-8.881784197001252e-16,-8.881784197001252e-16,-8.881784197001252e-16,2.0
3.3491163721240413,0.04227869422555308,8.881784197001252e-16,8.881784197001252e-16,0.0,2.0
3.3531177059019677,0.042278694221348445,8.881784197001252e-16,-1.7763568394002505e-15,-1.7763568394002505e-15,2.0
3.3571190396798936,0.04227869421722996,-8.881784197001252e-16,-8.881784197001252e-16,-8.881784197001252e-16,2.0
3.3611203734578194,0.04227869421319319,0.0,0.0,-8.881784197001252e-16,2.0
3.3651217072357453,0.04227869420923813,0.0,-8.881784197001252e-16,-8.881784197001252e-16,2.0
3.369123041013671,0.04227869420536301,0.0,0.0,0.0,2.0
3.3731243747915975,0.04227869420156516,8.881784197001252e-16,-8.881784197001252e-16,-8.881784197001252e-16,2.0
3.3771257085695234,0.042278694197841915,-8.881784197001252e-16,-8.881784197001252e-16,-8.881784197001252e-16,2.0
3.3811270423474493,0.042278694194194166,0.0,-8.881784197001252e-16,-8.881784197001252e-16,2.0
3.385128376125375,0.04227869419062191,8.881784197001252e-16,0.0,0.0,2.0
3.389129709903301,0.04227869418711894,0.0,0.0,-1.7763568394002505e-15,2.0
3.3931310436812274,0.042278694183687016,8.881784197001252e-16,-8.881784197001252e-16,-8.881784197001252e-16,2.0
3.3971323774591533,0.04227869418032526,8.881784197001252e-16,0.0,-8.881784197001252e-16,2.0
3.401133711237079,0.042278694177031007,8.881784197001252e-16,-8.881784197001252e-16,-8.881784197001252e-16,2.0
3.405135045015005,0.04227869417380159,8.881784197001252e-16,8.881784197001252e-16,-1.7763568394002505e-15,2.0
3.409136378792931,0.04227869417063701,0.0,-8.881784197001252e-16,-8.881784197001252e-16,2.0
3.4131377125708573,0.04227869416753549,8.881784197001252e-16,-1.7763568394002505e-15,-1.7763568394002505e-15,2.0
3.417139046348783,0.042278694164496144,-8.881784197001252e-16,-8.881784197001252e-16,-8.881784197001252e-16,2.0
3.421140380126709,0.042278694161517194,8.881784197001252e-16,0.0,0.0,2.0
3.425141713904635,0.04227869415859864,-8.881784197001252e-16,-8.881784197001252e-16,-8.881784197001252e-16,2.0
3.429143047682561,0.04227869415573693,8.881784197001252e-16,0.0,0.0,2.0
3.433144381460487,0.04227869415293384,0.0,-8.881784197001252e-16,-8.881784197001252e-16,2.0
3.437145715238413,0.04227869415018404,0.0,0.0,0.0,2.0
3.441147049016339,0.042278694147489304,8.881784197001252e-16,0.0,-8.881784197001252e-16,2.0
3.445148382794265,0.04227869414484697,-8.881784197001252e-16,-8.881784197001252e-16,-8.881784197001252e-16,2.0
3.4491497165721907,0.042278694142257045,-8.881784197001252e-16,-8.881784197001252e-16,-8.881784197001252e-16,2.0
3.453151050350117,0.042278694139716855,0.0,0.0,0.0,2.0
3.457152384128043,0.04227869413722729,8.881784197001252e-16,-8.881784197001252e-16,-1.7763568394002505e-15,2.0
3.461153717905969,0.04227869413478391,-8.881784197001252e-16,-8.881784197001252e-16,-8.881784197001252e-16,2.0
3.4651550516838947,0.04227869413238938,0.0,-1.7763568394002505e-15,-1.7763568394002505e-15,2.0
3.4691563854618206,0.04227869413004104,-1.7763568394002505e-15,-1.7763568394002505e-15,-1.7763568394002505e-15,2.0
3.473157719239747,0.042278694127736216,8.881784197001252e-16,8.881784197001252e-16,8.881784197001252e-16,2.0
3.477159053017673,0.04227869412547758,0.0,0.0,0.0,2.0
3.4811603867955987,0.04227869412326335,0.0,0.0,0.0,2.0
3.4851617205735246,0.04227869412109175,-8.881784197001252e-16,-8.881784197001252e-16,-8.881784197001252e-16,2.0
3.4891630543514505,0.04227869411896368,0.0,-1.7763568394002505e-15,-1.7763568394002505e-15,2.0
3.493164388129377,0.04227869411687557,0.0,-8.881784197001252e-16,-8.881784197001252e-16,2.0
3.4971657219073027,0.042278694114830095,-8.881784197001252e-16,-8.881784197001252e-16,-8.881784197001252e-16,2.0
3.5011670556852286,0.04227869411282459,8.881784197001252e-16,8.881784197001252e-16,-8.881784197001252e-16,2.0
3.5051683894631545,0.04227869411085905,0.0,0.0,0.0,2.0
3.5091697232410803,0.04227869410893348,0.0,0.0,0.0,2.0
3.5131710570190067,0.042278694107043435,0.0,-8.881784197001252e-16,-8.881784197001252e-16,2.0
3.5171723907969326,0.04227869410519425,8.881784197001252e-16,8.881784197001252e-16,8.881784197001252e-16,2.0
3.5211737245748584,0.042278694103381476,0.0,0.0,-8.881784197001252e-16,2.0
3.5251750583527843,0.04227869410160423,0.0,0.0,0.0,2.0
3.52917639213071,0.0422786940998634,-8.881784197001252e-16,-8.881784197001252e-16,-8.881784197001252e-16,2.0
3.5331777259086365,0.04227869409815721,0.0,0.0,0.0,2.0
3.5371790596865624,0.04227869409648566,0.0,0.0,0.0,2.0
3.5411803934644883,0.04227869409484697,0.0,-8.881784197001252e-16,-8.881784197001252e-16,2.0
3.545181727242414,0.04227869409324203,0.0,-8.881784197001252e-16,-8.881784197001252e-16,2.0
3.54918306102034,0.042278694091669955,8.881784197001252e-16,0.0,-8.881784197001252e-16,2.0
3.5531843947982664,0.04227869409013074,-8.881784197001252e-16,-8.881784197001252e-16,-8.881784197001252e-16,2.0
3.5571857285761923,0.04227869408861995,0.0,0.0,0.0,2.0
3.561187062354118,0.04227869408714113,8.881784197001252e-16,-8.881784197001252e-16,-8.881784197001252e-16,2.0
3.565188396132044,0.042278694085692514,-8.881784197001252e-16,-1.7763568394002505e-15,-1.7763568394002505e-15,2.0
3.56918972990997,0.04227869408427498,8.881784197001252e-16,0.0,0.0,2.0
3.5731910636878963,0.042278694082884094,-8.881784197001252e-16,-8.881784197001252e-16,-8.881784197001252e-16,2.0
3.577192397465822,0.04227869408152163,-8.881784197001252e-16,-8.881784197001252e-16,-8.881784197001252e-16,2.0
3.581193731243748,0.04227869408018581,0.0,0.0,0.0,2.0
3.585195065021674,0.0422786940788793,0.0,-8.881784197001252e-16,-8.881784197001252e-16,2.0
3.5891963987996,0.042278694077597656,0.0,0.0,-8.881784197001252e-16,2.0
3.593197732577526,0.04227869407634266,0.0,-1.7763568394002505e-15,-1.7763568394002505e-15,2.0
3.597199066355452,0.042278694075111645,8.881784197001252e-16,-1.7763568394002505e-15,-1.7763568394002505e-15,2.0
3.601200400133378,0.04227869407390639,0.0,0.0,0.0,2.0
3.605201733911304,0.04227869407272511,8.881784197001252e-16,-8.881784197001252e-16,-8.881784197001252e-16,2.0
3.6092030676892297,0.042278694071566036,0.0,0.0,-1.7763568394002505e-15,2.0
3.613204401467156,0.04227869407043183,0.0,-8.881784197001252e-16,-8.881784197001252e-16,2.0
3.617205735245082,0.042278694069318945,0.0,0.0,0.0,2.0
3.621207069023008,0.04227869406822915,-8.881784197001252e-16,-8.881784197001252e-16,-8.881784197001252e-16,2.0
3.6252084028009337,0.04227869406716067,-8.881784197001252e-16,-8.881784197001252e-16,-8.881784197001252e-16,2.0
3.6292097365788596,0.04227869406611262,0.0,0.0,-8.881784197001252e-16,2.0
3.633211070356786,0.042278694065085,-8.881784197001252e-16,-8.881784197001252e-16,-8.881784197001252e-16,2.0
3.637212404134712,0.042278694064076916,-8.881784197001252e-16,-8.881784197001252e-16,-8.881784197001252e-16,2.0
3.6412137379126377,0.04227869406308837,8.881784197001252e-16,8.881784197001252e-16,0.0,2.0
3.6452150716905636,0.042278694062117594,0.0,0.0,0.0,2.0
3.6492164054684895,0.042278694061167243,0.0,-8.881784197001252e-16,-8.881784197001252e-16,2.0
3.653217739246416,0.04227869406023288,-8.881784197001252e-16,-8.881784197001252e-16,-8.881784197001252e-16,2.0
3.6572190730243417,0.04227869405931717,0.0,0.0,0.0,2.0
3.6612204068022676,0.04227869405841744,0.0,0.0,0.0,2.0
3.6652217405801935,0.04227869405753548,0.0,0.0,0.0,2.0
3.6692230743581193,0.042278694056670396,8.881784197001252e-16,0.0,0.0,2.0
3.6732244081360457,0.042278694055822186,0.0,-8.881784197001252e-16,-8.881784197001252e-16,2.0
3.6772257419139716,0.04227869405498996,-8.881784197001252e-16,-8.881784197001252e-16,-8.881784197001252e-16,2.0
3.6812270756918974,0.04227869405417373,0.0,0.0,0.0,2.0
3.6852284094698233,0.04227869405337348,-8.881784197001252e-16,-8.881784197001252e-16,-8.881784197001252e-16,2.0
3.689229743247749,0.042278694052589216,-8.881784197001252e-16,-8.881784197001252e-16,-8.881784197001252e-16,2.0
3.6932310770256755,0.042278694051820054,0.0,0.0,0.0,2.0
3.6972324108036014,0.04227869405106599,8.881784197001252e-16,0.0,0.0,2.0
3.7012337445815273,0.04227869405032614,8.881784197001252e-16,0.0,0.0,2.0
3.705235078359453,0.04227869404960316,8.881784197001252e-16,-8.881784197001252e-16,-8.881784197001252e-16,2.0
3.709236412137379,0.042278694048893506,8.881784197001252e-16,8.881784197001252e-16,0.0,2.0
3.7132377459153054,0.042278694048197174,8.881784197001252e-16,0.0,-8.881784197001252e-16,2.0
3.7172390796932313,0.04227869404751594,0.0,0.0,0.0,2.0
3.721240413471157,0.04227869404684714,0.0,-8.881784197001252e-16,-8.881784197001252e-16,2.0
3.725241747249083,0.042278694046193444,8.881784197001252e-16,0.0,-8.881784197001252e-16,2.0
3.729243081027009,0.04227869404555307,0.0,-1.7763568394002505e-15,-1.7763568394002505e-15,2.0
3.7332444148049353,0.04227869404492246,-8.881784197001252e-16,-8.881784197001252e-16,-8.881784197001252e-16,2.0
3.737245748582861,0.04227869404430784,0.0,0.0,0.0,2.0
3.741247082360787,0.042278694043705656,0.0,0.0,0.0,2.0
3.745248416138713,0.042278694043115905,0.0,0.0,0.0,2.0
3.749249749916639,0.04227869404253681,0.0,-8.881784197001252e-16,-8.881784197001252e-16,2.0
3.753251083694565,0.042278694041970155,0.0,-8.881784197001252e-16,-8.881784197001252e-16,2.0
3.757252417472491,0.04227869404141771,-8.881784197001252e-16,-8.881784197001252e-16,-8.881784197001252e-16,2.0
3.761253751250417,0.042278694040873255,0.0,-8.881784197001252e-16,-1.7763568394002505e-15,2.0
3.765255085028343,0.042278694040341236,0.0,-8.881784197001252e-16,-8.881784197001252e-16,2.0
3.769256418806269,0.042278694039819875,0.0,-8.881784197001252e-16,-8.881784197001252e-16,2.0
3.773257752584195,0.04227869403931095,0.0,0.0,0.0,2.0
3.777259086362121,0.042278694038810904,8.881784197001252e-16,0.0,0.0,2.0
3.781260420140047,0.04227869403832063,0.0,0.0,-8.881784197001252e-16,2.0
3.7852617539179727,0.04227869403784279,0.0,-8.881784197001252e-16,-8.881784197001252e-16,2.0
3.789263087695899,0.042278694037372944,-8.881784197001252e-16,-8.881784197001252e-16,-8.881784197001252e-16,2.0
3.793264421473825,0.042278694036914644,8.881784197001252e-16,0.0,0.0,2.0
3.797265755251751,0.04227869403646434,8.881784197001252e-16,-8.881784197001252e-16,-8.881784197001252e-16,2.0
3.8012670890296767,0.0422786940360238,8.881784197001252e-16,0.0,0.0,2.0
3.8052684228076026,0.04227869403559126,0.0,-8.881784197001252e-16,-8.881784197001252e-16,2.0
3.809269756585529,0.042278694035168485,8.881784197001252e-16,8.881784197001252e-16,8.881784197001252e-16,2.0
3.813271090363455,0.042278694034754594,0.0,-8.881784197001252e-16,-8.881784197001252e-16,2.0
3.8172724241413807,0.04227869403434781,0.0,-8.881784197001252e-16,-8.881784197001252e-16,2.0
3.8212737579193066,0.04227869403395168,-8.881784197001252e-16,-8.881784197001252e-16,-8.881784197001252e-16,2.0
3.8252750916972325,0.04227869403356088,0.0,0.0,-8.881784197001252e-16,2.0
3.829276425475159,0.04227869403317808,0.0,0.0,0.0,2.0
3.8332777592530847,0.04227869403280504,0.0,0.0,0.0,2.0
3.8372790930310106,0.042278694032437336,-8.881784197001252e-16,-8.881784197001252e-16,-8.881784197001252e-16,2.0
3.8412804268089364,0.04227869403207851,-8.881784197001252e-16,-8.881784197001252e-16,-8.881784197001252e-16,2.0
3.8452817605868623,0.04227869403172413,-8.881784197001252e-16,-8.881784197001252e-16,-8.881784197001252e-16,2.0
3.8492830943647887,0.042278694031379516,0.0,0.0,-8.881784197001252e-16,2.0
3.8532844281427145,0.042278694031038455,-1.7763568394002505e-15,-1.7763568394002505e-15,-1.7763568394002505e-15,2.0
3.8572857619206404,0.04227869403070539,-8.881784197001252e-16,-8.881784197001252e-16,-8.881784197001252e-16,2.0
3.8612870956985663,0.04227869403037854,0.0,-8.881784197001252e-16,-1.7763568394002505e-15,2.0
3.865288429476492,0.04227869403005702,8.881784197001252e-16,0.0,-8.881784197001252e-16,2.0
3.8692897632544185,0.042278694029740826,0.0,0.0,-8.881784197001252e-16,2.0
3.8732910970323444,0.04227869402943085,-8.881784197001252e-16,-8.881784197001252e-16,-8.881784197001252e-16,2.0
3.8772924308102703,0.04227869402912621,-8.881784197001252e-16,-8.881784197001252e-16,-8.881784197001252e-16,2.0
3.881293764588196,0.04227869402882689,0.0,0.0,0.0,2.0
3.885295098366122,0.042278694028532016,0.0,-8.881784197001252e-16,-8.881784197001252e-16,2.0
3.8892964321440484,0.04227869402824336,-8.881784197001252e-16,-8.881784197001252e-16,-8.881784197001252e-16,2.0
3.8932977659219743,0.04227869402796003,-8.881784197001252e-16,-8.881784197001252e-16,-8.881784197001252e-16,2.0
3.8972990996999,0.04227869402768114,0.0,0.0,-1.7763568394002505e-15,2.0
3.901300433477826,0.04227869402740936,8.881784197001252e-16,8.881784197001252e-16,0.0,2.0
3.905301767255752,0.04227869402714113,0.0,0.0,0.0,2.0
3.9093031010336783,0.042278694026879116,0.0,0.0,0.0,2.0
3.913304434811604,0.042278694026620656,0.0,-8.881784197001252e-16,-8.881784197001252e-16,2.0
3.91730576858953,0.04227869402636664,0.0,0.0,0.0,2.0
3.921307102367456,0.042278694026118835,-8.881784197001252e-16,-8.881784197001252e-16,-8.881784197001252e-16,2.0
3.925308436145382,0.04227869402587636,0.0,-8.881784197001252e-16,-8.881784197001252e-16,2.0
3.929309769923308,0.04227869402563833,0.0,0.0,-1.7763568394002505e-15,2.0
3.933311103701234,0.04227869402540474,0.0,0.0,0.0,2.0
3.93731243747916,0.0422786940251747,0.0,0.0,0.0,2.0
3.941313771257086,0.042278694024949104,0.0,-8.881784197001252e-16,-8.881784197001252e-16,2.0
3.9453151050350117,0.04227869402473061,8.881784197001252e-16,-8.881784197001252e-16,-8.881784197001252e-16,2.0
3.949316438812938,0.04227869402451301,-8.881784197001252e-16,-8.881784197001252e-16,-8.881784197001252e-16,2.0
3.953317772590864,0.0422786940243034,-8.881784197001252e-16,-8.881784197001252e-16,-8.881784197001252e-16,2.0
3.95731910636879,0.042278694024095564,-8.881784197001252e-16,-8.881784197001252e-16,-8.881784197001252e-16,2.0
3.9613204401467157,0.04227869402389395,0.0,-8.881784197001252e-16,-8.881784197001252e-16,2.0
3.9653217739246416,0.042278694023694996,0.0,0.0,0.0,2.0
3.969323107702568,0.04227869402350137,0.0,-1.7763568394002505e-15,-1.7763568394002505e-15,2.0
3.973324441480494,0.0422786940233113,0.0,-8.881784197001252e-16,-8.881784197001252e-16,2.0
3.9773257752584197,0.042278694023124785,8.881784197001252e-16,0.0,0.0,2.0
3.9813271090363456,0.04227869402294182,0.0,-8.881784197001252e-16,-8.881784197001252e-16,2.0
3.9853284428142715,0.04227869402276507,0.0,0.0,0.0,2.0
3.989329776592198,0.0422786940225901,8.881784197001252e-16,0.0,0.0,2.0
3.9933311103701237,0.042278694022418684,-8.881784197001252e-16,-8.881784197001252e-16,-8.881784197001252e-16,2.0
3.9973324441480496,0.042278694022251706,0.0,-8.881784197001252e-16,-8.881784197001252e-16,2.0
4.001333777925976,0.04227869402208828,-8.881784197001252e-16,-8.881784197001252e-16,-8.881784197001252e-16,2.0
4.005335111703902,0.04227869402192841,0.0,0.0,0.0,2.0
4.009336445481828,0.04227869402177209,0.0,0.0,-8.881784197001252e-16,2.0
4.0133377792597535,0.042278694021618435,-1.7763568394002505e-15,-1.7763568394002505e-15,-1.7763568394002505e-15,2.0
4.017339113037679,0.04227869402146922,0.0,-8.881784197001252e-16,-8.881784197001252e-16,2.0
4.021340446815605,0.04227869402132356,8.881784197001252e-16,0.0,0.0,2.0
4.025341780593531,0.04227869402118056,1.7763568394002505e-15,0.0,0.0,2.0
4.029343114371457,0.04227869402104023,-8.881784197001252e-16,-8.881784197001252e-16,-8.881784197001252e-16,2.0
4.033344448149383,0.04227869402090345,0.0,0.0,0.0,2.0
4.037345781927309,0.04227869402077111,1.7763568394002505e-15,0.0,-8.881784197001252e-16,2.0
4.041347115705236,0.042278694020637,0.0,0.0,0.0,2.0
4.0453484494831615,0.04227869402050999,8.881784197001252e-16,0.0,-8.881784197001252e-16,2.0
4.049349783261087,0.042278694020384755,0.0,0.0,-8.881784197001252e-16,2.0
4.053351117039013,0.042278694020263075,8.881784197001252e-16,0.0,0.0,2.0
4.057352450816939,0.04227869402014228,0.0,-8.881784197001252e-16,-8.881784197001252e-16,2.0
4.061353784594865,0.04227869402002504,0.0,-8.881784197001252e-16,-8.881784197001252e-16,2.0
4.065355118372791,0.04227869401990869,-8.881784197001252e-16,-8.881784197001252e-16,-8.881784197001252e-16,2.0
4.069356452150717,0.04227869401979678,0.0,-1.7763568394002505e-15,-1.7763568394002505e-15,2.0
4.073357785928643,0.042278694019687535,0.0,0.0,0.0,2.0
4.077359119706569,0.042278694019580065,8.881784197001252e-16,0.0,-8.881784197001252e-16,2.0
4.081360453484495,0.042278694019473484,8.881784197001252e-16,0.0,0.0,2.0
4.085361787262421,0.04227869401936957,-8.881784197001252e-16,-8.881784197001252e-16,-8.881784197001252e-16,2.0
4.089363121040347,0.0422786940192692,0.0,-8.881784197001252e-16,-8.881784197001252e-16,2.0
4.093364454818273,0.04227869401916884,0.0,0.0,0.0,2.0
4.097365788596199,0.04227869401907114,0.0,-8.881784197001252e-16,-8.881784197001252e-16,2.0
4.101367122374125,0.042278694018976104,0.0,-8.881784197001252e-16,-8.881784197001252e-16,2.0
4.105368456152051,0.04227869401888107,0.0,-8.881784197001252e-16,-8.881784197001252e-16,2.0
4.109369789929977,0.04227869401878959,0.0,0.0,0.0,2.0
4.1133711237079025,0.042278694018698104,-1.7763568394002505e-15,-1.7763568394002505e-15,-1.7763568394002505e-15,2.0
4.117372457485829,0.0422786940186084,0.0,0.0,0.0,2.0
4.121373791263755,0.04227869401852136,-8.881784197001252e-16,-8.881784197001252e-16,-8.881784197001252e-16,2.0
4.125375125041681,0.0422786940184352,0.0,0.0,0.0,2.0
4.129376458819607,0.04227869401834994,0.0,0.0,-8.881784197001252e-16,2.0
4.133377792597533,0.04227869401826556,0.0,0.0,0.0,2.0
4.137379126375459,0.04227869401818207,-8.881784197001252e-16,-8.881784197001252e-16,-8.881784197001252e-16,2.0
4.141380460153385,0.04227869401810125,-8.881784197001252e-16,-8.881784197001252e-16,-8.881784197001252e-16,2.0
4.1453817939313105,0.04227869401802131,0.0,-8.881784197001252e-16,-8.881784197001252e-16,2.0
4.149383127709236,0.042278694017942264,8.881784197001252e-16,-8.881784197001252e-16,-8.881784197001252e-16,2.0
4.153384461487162,0.042278694017863216,8.881784197001252e-16,8.881784197001252e-16,8.881784197001252e-16,2.0
4.157385795265089,0.04227869401778683,8.881784197001252e-16,0.0,0.0,2.0
4.161387129043015,0.04227869401771134,8.881784197001252e-16,0.0,0.0,2.0
4.165388462820941,0.04227869401763673,8.881784197001252e-16,0.0,0.0,2.0
4.169389796598867,0.04227869401756301,8.881784197001252e-16,0.0,0.0,2.0
4.1733911303767925,0.042278694017492846,8.881784197001252e-16,0.0,0.0,2.0
4.177392464154718,0.042278694017420904,0.0,0.0,0.0,2.0
4.181393797932644,0.04227869401735074,0.0,-1.7763568394002505e-15,-1.7763568394002505e-15,2.0
4.18539513171057,0.04227869401728235,0.0,-8.881784197001252e-16,-8.881784197001252e-16,2.0
4.189396465488496,0.042278694017215734,-8.881784197001252e-16,-8.881784197001252e-16,-8.881784197001252e-16,2.0
4.193397799266422,0.0422786940171509,0.0,0.0,0.0,2.0
4.197399133044349,0.04227869401708695,0.0,0.0,0.0,2.0
4.201400466822275,0.042278694017023,0.0,0.0,0.0,2.0
4.2054018006002005,0.04227869401695994,-8.881784197001252e-16,-8.881784197001252e-16,-8.881784197001252e-16,2.0
4.209403134378126,0.04227869401689954,-8.881784197001252e-16,-8.881784197001252e-16,-1.7763568394002505e-15,2.0
4.213404468156052,0.04227869401683915,0.0,-8.881784197001252e-16,-8.881784197001252e-16,2.0
4.217405801933978,0.0422786940167823,-8.881784197001252e-16,-8.881784197001252e-16,-8.881784197001252e-16,2.0
4.221407135711904,0.04227869401672546,8.881784197001252e-16,0.0,0.0,2.0
4.22540846948983,0.04227869401666773,0.0,0.0,0.0,2.0
4.229409803267756,0.04227869401661444,8.881784197001252e-16,0.0,0.0,2.0
4.233411137045682,0.04227869401656026,-8.881784197001252e-16,-8.881784197001252e-16,-8.881784197001252e-16,2.0
4.2374124708236085,0.042278694016507856,0.0,-8.881784197001252e-16,-8.881784197001252e-16,2.0
4.241413804601534,0.04227869401645634,8.881784197001252e-16,0.0,0.0,2.0
4.24541513837946,0.04227869401640483,8.881784197001252e-16,-8.881784197001252e-16,-8.881784197001252e-16,2.0
4.249416472157386,0.04227869401635598,0.0,0.0,0.0,2.0
4.253417805935312,0.042278694016308016,0.0,0.0,0.0,2.0
4.257419139713238,0.042278694016260054,8.881784197001252e-16,-8.881784197001252e-16,-8.881784197001252e-16,2.0
4.261420473491164,0.04227869401621298,-8.881784197001252e-16,-8.881784197001252e-16,-8.881784197001252e-16,2.0
4.26542180726909,0.04227869401616857,0.0,-8.881784197001252e-16,-1.7763568394002505e-15,2.0
4.269423141047016,0.04227869401612594,-8.881784197001252e-16,-8.881784197001252e-16,-8.881784197001252e-16,2.0
4.2734244748249415,0.04227869401608242,0.0,-8.881784197001252e-16,-8.881784197001252e-16,2.0
4.277425808602868,0.042278694016040674,-8.881784197001252e-16,-8.881784197001252e-16,-8.881784197001252e-16,2.0
4.281427142380794,0.04227869401599982,8.881784197001252e-16,-8.881784197001252e-16,-8.881784197001252e-16,2.0
4.28542847615872,0.04227869401596074,8.881784197001252e-16,0.0,0.0,2.0
4.289429809936646,0.04227869401592077,0.0,0.0,0.0,2.0
4.293431143714572,0.04227869401588347,0.0,0.0,-8.881784197001252e-16,2.0
4.297432477492498,0.04227869401584616,-8.881784197001252e-16,-8.881784197001252e-16,-8.881784197001252e-16,2.0
4.301433811270424,0.04227869401580975,8.881784197001252e-16,0.0,0.0,2.0
4.3054351450483495,0.04227869401577422,0.0,0.0,0.0,2.0
4.309436478826275,0.04227869401573958,0.0,-8.881784197001252e-16,-8.881784197001252e-16,2.0
4.313437812604201,0.04227869401570583,-8.881784197001252e-16,-8.881784197001252e-16,-8.881784197001252e-16,2.0
4.317439146382128,0.04227869401567386,0.0,-8.881784197001252e-16,-8.881784197001252e-16,2.0
4.321440480160054,0.04227869401564188,0.0,-8.881784197001252e-16,-1.7763568394002505e-15,2.0
4.32544181393798,0.04227869401560991,8.881784197001252e-16,8.881784197001252e-16,0.0,2.0
4.329443147715906,0.042278694015581486,8.881784197001252e-16,0.0,0.0,2.0
4.3334444814938315,0.04227869401555129,-8.881784197001252e-16,-8.881784197001252e-16,-8.881784197001252e-16,2.0
4.337445815271757,0.042278694015522866,0.0,0.0,0.0,2.0
4.341447149049683,0.042278694015494445,0.0,-1.7763568394002505e-15,-1.7763568394002505e-15,2.0
4.345448482827609,0.0422786940154678,0.0,0.0,0.0,2.0
4.349449816605535,0.04227869401544204,8.881784197001252e-16,0.0,-8.881784197001252e-16,2.0
4.353451150383461,0.042278694015416285,8.881784197001252e-16,0.0,0.0,2.0
4.357452484161388,0.042278694015391416,0.0,-8.881784197001252e-16,-8.881784197001252e-16,2.0
4.361453817939314,0.04227869401536566,-8.881784197001252e-16,-8.881784197001252e-16,-8.881784197001252e-16,2.0
4.3654551517172395,0.04227869401534168,-8.881784197001252e-16,-1.7763568394002505e-15,-1.7763568394002505e-15,2.0
4.369456485495165,0.04227869401532125,8.881784197001252e-16,-8.881784197001252e-16,-8.881784197001252e-16,2.0
4.373457819273091,0.04227869401529638,0.0,0.0,0.0,2.0
4.377459153051017,0.04227869401527595,0.0,0.0,0.0,2.0
4.381460486828943,0.04227869401525286,8.881784197001252e-16,-8.881784197001252e-16,-8.881784197001252e-16,2.0
4.385461820606869,0.04227869401523243,0.0,-8.881784197001252e-16,-8.881784197001252e-16,2.0
4.389463154384795,0.042278694015212004,-1.7763568394002505e-15,-1.7763568394002505e-15,-1.7763568394002505e-15,2.0
4.393464488162721,0.042278694015191576,-8.881784197001252e-16,-8.881784197001252e-16,-8.881784197001252e-16,2.0
4.3974658219406475,0.042278694015172036,-8.881784197001252e-16,-8.881784197001252e-16,-8.881784197001252e-16,2.0
4.401467155718573,0.042278694015153384,8.881784197001252e-16,8.881784197001252e-16,-8.881784197001252e-16,2.0
4.405468489496499,0.04227869401513473,8.881784197001252e-16,0.0,-8.881784197001252e-16,2.0
4.409469823274425,0.04227869401511519,0.0,-8.881784197001252e-16,-8.881784197001252e-16,2.0
4.413471157052351,0.04227869401509832,0.0,0.0,0.0,2.0
4.417472490830277,0.042278694015079665,0.0,0.0,-8.881784197001252e-16,2.0
4.421473824608203,0.0422786940150619,8.881784197001252e-16,0.0,0.0,2.0
4.425475158386129,0.042278694015045026,-8.881784197001252e-16,-8.881784197001252e-16,-8.881784197001252e-16,2.0
4.429476492164055,0.04227869401502815,0.0,-8.881784197001252e-16,-8.881784197001252e-16,2.0
4.4334778259419805,0.04227869401501039,8.881784197001252e-16,0.0,0.0,2.0
4.437479159719907,0.0422786940149944,1.7763568394002505e-15,0.0,0.0,2.0
4.441480493497833,0.04227869401497664,0.0,-1.7763568394002505e-15,-1.7763568394002505e-15,2.0
4.445481827275759,0.04227869401495976,0.0,-8.881784197001252e-16,-8.881784197001252e-16,2.0
4.449483161053685,0.042278694014943774,8.881784197001252e-16,-8.881784197001252e-16,-8.881784197001252e-16,2.0
4.453484494831611,0.042278694014928675,-8.881784197001252e-16,-8.881784197001252e-16,-8.881784197001252e-16,2.0
4.457485828609537,0.0422786940149118,0.0,-8.881784197001252e-16,-8.881784197001252e-16,2.0
4.461487162387463,0.042278694014894924,0.0,-8.881784197001252e-16,-8.881784197001252e-16,2.0
4.4654884961653885,0.04227869401487894,-8.881784197001252e-16,-8.881784197001252e-16,-8.881784197001252e-16,2.0
4.469489829943314,0.04227869401486206,0.0,-1.7763568394002505e-15,-1.7763568394002505e-15,2.0
4.47349116372124,0.042278694014845186,-8.881784197001252e-16,-8.881784197001252e-16,-8.881784197001252e-16,2.0
4.477492497499167,0.04227869401483009,0.0,-8.881784197001252e-16,-8.881784197001252e-16,2.0
4.481493831277093,0.0422786940148141,-1.7763568394002505e-15,-1.7763568394002505e-15,-1.7763568394002505e-15,2.0
4.485495165055019,0.042278694014799,0.0,0.0,0.0,2.0
4.489496498832945,0.0422786940147839,0.0,0.0,0.0,2.0
4.4934978326108705,0.04227869401476969,0.0,0.0,0.0,2.0
4.497499166388796,0.04227869401475637,0.0,-8.881784197001252e-16,-8.881784197001252e-16,2.0
4.501500500166722,0.04227869401474216,0.0,-8.881784197001252e-16,-8.881784197001252e-16,2.0
4.505501833944648,0.04227869401472795,0.0,-8.881784197001252e-16,-8.881784197001252e-16,2.0
4.509503167722574,0.042278694014714624,-8.881784197001252e-16,-8.881784197001252e-16,-8.881784197001252e-16,2.0
4.5135045015005,0.0422786940147013,0.0,0.0,-8.881784197001252e-16,2.0
4.517505835278427,0.04227869401468798,-8.881784197001252e-16,-8.881784197001252e-16,-8.881784197001252e-16,2.0
4.521507169056353,0.04227869401467732,-8.881784197001252e-16,-8.881784197001252e-16,-8.881784197001252e-16,2.0
4.5255085028342785,0.042278694014664,-8.881784197001252e-16,-1.7763568394002505e-15,-1.7763568394002505e-15,2.0
4.529509836612204,0.04227869401465245,0.0,-8.881784197001252e-16,-8.881784197001252e-16,2.0
4.53351117039013,0.04227869401464179,8.881784197001252e-16,0.0,-8.881784197001252e-16,2.0
4.537512504168056,0.04227869401463025,0.0,0.0,0.0,2.0
4.541513837945982,0.04227869401461781,0.0,-8.881784197001252e-16,-8.881784197001252e-16,2.0
4.545515171723908,0.042278694014607154,0.0,0.0,0.0,2.0
4.549516505501834,0.042278694014597384,0.0,0.0,-8.881784197001252e-16,2.0
4.55351783927976,0.04227869401458584,0.0,-8.881784197001252e-16,-8.881784197001252e-16,2.0
4.5575191730576865,0.042278694014576956,8.881784197001252e-16,0.0,0.0,2.0
4.561520506835612,0.0422786940145663,0.0,-8.881784197001252e-16,-8.881784197001252e-16,2.0
4.565521840613538,0.04227869401455564,-8.881784197001252e-16,-8.881784197001252e-16,-8.881784197001252e-16,2.0
4.569523174391464,0.04227869401454498,0.0,-8.881784197001252e-16,-8.881784197001252e-16,2.0
4.57352450816939,0.0422786940145361,0.0,-8.881784197001252e-16,-8.881784197001252e-16,2.0
4.577525841947316,0.04227869401452722,0.0,-8.881784197001252e-16,-8.881784197001252e-16,2.0
4.581527175725242,0.04227869401451745,-8.881784197001252e-16,-8.881784197001252e-16,-8.881784197001252e-16,2.0
4.585528509503168,0.042278694014509455,-8.881784197001252e-16,-8.881784197001252e-16,-8.881784197001252e-16,2.0
4.589529843281094,0.042278694014499685,0.0,0.0,0.0,2.0
4.5935311770590195,0.04227869401449169,8.881784197001252e-16,8.881784197001252e-16,8.881784197001252e-16,2.0
4.597532510836946,0.04227869401448103,0.0,-8.881784197001252e-16,-8.881784197001252e-16,2.0
4.601533844614872,0.04227869401447304,-8.881784197001252e-16,-8.881784197001252e-16,-8.881784197001252e-16,2.0
4.605535178392798,0.042278694014465934,-8.881784197001252e-16,-8.881784197001252e-16,-8.881784197001252e-16,2.0
4.609536512170724,0.04227869401445794,0.0,0.0,0.0,2.0
4.61353784594865,0.04227869401444906,0.0,0.0,-8.881784197001252e-16,2.0
4.617539179726576,0.042278694014441065,8.881784197001252e-16,-8.881784197001252e-16,-8.881784197001252e-16,2.0
4.621540513504502,0.04227869401443218,0.0,0.0,0.0,2.0
4.6255418472824275,0.04227869401442419,-8.881784197001252e-16,-1.7763568394002505e-15,-1.7763568394002505e-15,2.0
4.629543181060353,0.042278694014416196,-8.881784197001252e-16,-8.881784197001252e-16,-8.881784197001252e-16,2.0
4.633544514838279,0.042278694014407314,-8.881784197001252e-16,-8.881784197001252e-16,-8.881784197001252e-16,2.0
4.637545848616206,0.0422786940144011,8.881784197001252e-16,0.0,0.0,2.0
4.641547182394132,0.0422786940143931,0.0,0.0,0.0,2.0
4.645548516172058,0.042278694014386,0.0,0.0,0.0,2.0
4.649549849949984,0.042278694014378004,0.0,0.0,0.0,2.0
4.6535511837279095,0.0422786940143709,8.881784197001252e-16,0.0,-8.881784197001252e-16,2.0
4.657552517505835,0.042278694014363793,0.0,0.0,0.0,2.0
4.661553851283761,0.042278694014357576,0.0,0.0,0.0,2.0
4.665555185061687,0.04227869401434958,8.881784197001252e-16,0.0,0.0,2.0
4.669556518839613,0.04227869401434248,8.881784197001252e-16,-8.881784197001252e-16,-8.881784197001252e-16,2.0
4.673557852617539,0.042278694014334484,0.0,0.0,0.0,2.0
4.677559186395466,0.04227869401432649,8.881784197001252e-16,8.881784197001252e-16,-8.881784197001252e-16,2.0
4.681560520173392,0.04227869401432027,8.881784197001252e-16,-8.881784197001252e-16,-8.881784197001252e-16,2.0
4.6855618539513175,0.042278694014314055,0.0,0.0,0.0,2.0
4.689563187729243,0.04227869401430784,0.0,-8.881784197001252e-16,-8.881784197001252e-16,2.0
4.693564521507169,0.04227869401430073,8.881784197001252e-16,-8.881784197001252e-16,-8.881784197001252e-16,2.0
4.697565855285095,0.042278694014294516,8.881784197001252e-16,8.881784197001252e-16,8.881784197001252e-16,2.0
4.701567189063021,0.04227869401428741,0.0,-1.7763568394002505e-15,-1.7763568394002505e-15,2.0
4.705568522840947,0.04227869401428119,0.0,-8.881784197001252e-16,-1.7763568394002505e-15,2.0
4.709569856618873,0.04227869401427409,8.881784197001252e-16,0.0,-8.881784197001252e-16,2.0
4.713571190396799,0.04227869401426876,0.0,-1.7763568394002505e-15,-1.7763568394002505e-15,2.0
4.7175725241747255,0.04227869401426165,-8.881784197001252e-16,-8.881784197001252e-16,-8.881784197001252e-16,2.0
4.721573857952651,0.042278694014256324,0.0,-1.7763568394002505e-15,-1.7763568394002505e-15,2.0
4.725575191730577,0.04227869401425011,0.0,-8.881784197001252e-16,-8.881784197001252e-16,2.0
4.729576525508503,0.04227869401424389,-8.881784197001252e-16,-1.7763568394002505e-15,-1.7763568394002505e-15,2.0
4.733577859286429,0.04227869401423856,0.0,0.0,0.0,2.0
4.737579193064355,0.04227869401423234,0.0,-8.881784197001252e-16,-8.881784197001252e-16,2.0
4.741580526842281,0.04227869401422524,-8.881784197001252e-16,-8.881784197001252e-16,-1.7763568394002505e-15,2.0
4.745581860620207,0.04227869401421991,0.0,0.0,0.0,2.0
4.749583194398133,0.04227869401421458,8.881784197001252e-16,0.0,0.0,2.0
4.7535845281760585,0.04227869401420836,0.0,0.0,0.0,2.0
4.757585861953985,0.04227869401420303,0.0,-8.881784197001252e-16,-1.7763568394002505e-15,2.0
4.761587195731911,0.04227869401419948,0.0,0.0,0.0,2.0
4.765588529509837,0.04227869401419326,0.0,-8.881784197001252e-16,-8.881784197001252e-16,2.0
4.769589863287763,0.042278694014187934,8.881784197001252e-16,0.0,0.0,2.0
4.773591197065689,0.04227869401418438,0.0,0.0,-1.7763568394002505e-15,2.0
4.777592530843615,0.042278694014178164,-8.881784197001252e-16,-1.7763568394002505e-15,-1.7763568394002505e-15,2.0
4.781593864621541,0.04227869401417461,8.881784197001252e-16,0.0,-1.7763568394002505e-15,2.0
4.7855951983994665,0.04227869401416928,8.881784197001252e-16,0.0,0.0,2.0
4.789596532177392,0.04227869401416484,-1.7763568394002505e-15,-1.7763568394002505e-15,-1.7763568394002505e-15,2.0
4.793597865955319,0.0422786940141604,8.881784197001252e-16,0.0,0.0,2.0
4.797599199733245,0.04227869401415596,1.7763568394002505e-15,8.881784197001252e-16,8.881784197001252e-16,2.0
4.801600533511171,0.04227869401415063,8.881784197001252e-16,0.0,-1.7763568394002505e-15,2.0
4.805601867289097,0.04227869401414708,-8.881784197001252e-16,-8.881784197001252e-16,-8.881784197001252e-16,2.0
4.809603201067023,0.042278694014143525,0.0,-8.881784197001252e-16,-8.881784197001252e-16,2.0
4.8136045348449485,0.042278694014139084,0.0,0.0,0.0,2.0
4.817605868622874,0.04227869401413642,1.7763568394002505e-15,0.0,0.0,2.0
4.8216072024008,0.04227869401413287,8.881784197001252e-16,0.0,0.0,2.0
4.825608536178726,0.0422786940141302,0.0,0.0,-8.881784197001252e-16,2.0
4.829609869956652,0.04227869401412665,0.0,0.0,0.0,2.0
4.833611203734579,0.042278694014124873,-8.881784197001252e-16,-8.881784197001252e-16,-8.881784197001252e-16,2.0
4.837612537512505,0.04227869401412221,0.0,-8.881784197001252e-16,-8.881784197001252e-16,2.0
4.841613871290431,0.042278694014119544,1.7763568394002505e-15,0.0,0.0,2.0
4.8456152050683565,0.04227869401411777,0.0,-8.881784197001252e-16,-8.881784197001252e-16,2.0
4.849616538846282,0.04227869401411777,8.881784197001252e-16,-8.881784197001252e-16,-8.881784197001252e-16,2.0
4.853617872624208,0.04227869401411333,-8.881784197001252e-16,-8.881784197001252e-16,-8.881784197001252e-16,2.0
4.857619206402134,0.04227869401411333,8.881784197001252e-16,0.0,0.0,2.0
4.86162054018006,0.04227869401411244,0.0,-8.881784197001252e-16,-8.881784197001252e-16,2.0
4.865621873957986,0.04227869401411244,8.881784197001252e-16,0.0,0.0,2.0
4.869623207735912,0.04227869401411066,-1.7763568394002505e-15,-1.7763568394002505e-15,-1.7763568394002505e-15,2.0
4.873624541513839,0.04227869401411155,0.0,0.0,0.0,2.0
4.8776258752917645,0.04227869401411155,0.0,0.0,-8.881784197001252e-16,2.0
4.88162720906969,0.04227869401411244,8.881784197001252e-16,8.881784197001252e-16,0.0,2.0
4.885628542847616,0.04227869401411244,8.881784197001252e-16,0.0,-8.881784197001252e-16,2.0
4.889629876625542,0.042278694014114215,0.0,0.0,0.0,2.0
4.893631210403468,0.042278694014118656,8.881784197001252e-16,0.0,0.0,2.0
4.897632544181394,0.04227869401412221,0.0,0.0,0.0,2.0
4.90163387795932,0.042278694014129314,0.0,0.0,0.0,2.0
4.905635211737246,0.042278694014138196,0.0,-1.7763568394002505e-15,-1.7763568394002505e-15,2.0
4.909636545515172,0.04227869401414619,-8.881784197001252e-16,-8.881784197001252e-16,-8.881784197001252e-16,2.0
4.913637879293098,0.04227869401415596,-1.7763568394002505e-15,-1.7763568394002505e-15,-1.7763568394002505e-15,2.0
4.917639213071024,0.04227869401416662,-8.881784197001252e-16,-8.881784197001252e-16,-8.881784197001252e-16,2.0
4.92164054684895,0.042278694014178164,0.0,0.0,0.0,2.0
4.925641880626876,0.04227869401418971,0.0,0.0,0.0,2.0
4.929643214404802,0.04227869401420303,8.881784197001252e-16,8.881784197001252e-16,-8.881784197001252e-16,2.0
4.933644548182728,0.04227869401421458,-1.7763568394002505e-15,-1.7763568394002505e-15,-1.7763568394002505e-15,2.0
4.937645881960654,0.042278694014226126,0.0,-8.881784197001252e-16,-1.7763568394002505e-15,2.0
4.94164721573858,0.042278694014236784,8.881784197001252e-16,-8.881784197001252e-16,-8.881784197001252e-16,2.0
4.9456485495165055,0.04227869401424833,0.0,0.0,0.0,2.0
4.949649883294431,0.0422786940142581,0.0,0.0,0.0,2.0
4.953651217072358,0.04227869401426787,1.7763568394002505e-15,0.0,0.0,2.0
4.957652550850284,0.042278694014275864,-8.881784197001252e-16,-8.881784197001252e-16,-8.881784197001252e-16,2.0
4.96165388462821,0.04227869401428297,8.881784197001252e-16,0.0,0.0,2.0
4.965655218406136,0.042278694014290075,0.0,-8.881784197001252e-16,-8.881784197001252e-16,2.0
4.969656552184062,0.042278694014294516,0.0,-8.881784197001252e-16,-8.881784197001252e-16,2.0
4.9736578859619875,0.042278694014299845,8.881784197001252e-16,0.0,-8.881784197001252e-16,2.0
4.977659219739913,0.0422786940143034,0.0,0.0,0.0,2.0
4.981660553517839,0.042278694014304286,-8.881784197001252e-16,-8.881784197001252e-16,-8.881784197001252e-16,2.0
4.985661887295765,0.042278694014304286,-8.881784197001252e-16,-8.881784197001252e-16,-8.881784197001252e-16,2.0
4.989663221073691,0.04227869401430251,0.0,0.0,0.0,2.0
4.993664554851618,0.04227869401430162,8.881784197001252e-16,8.881784197001252e-16,8.881784197001252e-16,2.0
4.997665888629544,0.04227869401429718,0.0,0.0,0.0,2.0
5.00166722240747,0.04227869401429185,0.0,0.0,-8.881784197001252e-16,2.0
5.0056685561853955,0.042278694014284746,0.0,-8.881784197001252e-16,-8.881784197001252e-16,2.0
5.009669889963321,0.04227869401427675,0.0,-8.881784197001252e-16,-8.881784197001252e-16,2.0
5.013671223741247,0.04227869401426787,0.0,0.0,0.0,2.0
5.017672557519173,0.04227869401425721,-8.881784197001252e-16,-1.7763568394002505e-15,-1.7763568394002505e-15,2.0
5.021673891297099,0.04227869401424389,0.0,0.0,0.0,2.0
5.025675225075025,0.04227869401423057,0.0,-8.881784197001252e-16,-8.881784197001252e-16,2.0
5.029676558852951,0.04227869401421547,-8.881784197001252e-16,-8.881784197001252e-16,-8.881784197001252e-16,2.0
5.033677892630878,0.04227869401419948,0.0,0.0,0.0,2.0
5.0376792264088035,0.042278694014182605,0.0,0.0,-8.881784197001252e-16,2.0
5.041680560186729,0.04227869401416484,-8.881784197001252e-16,-8.881784197001252e-16,-8.881784197001252e-16,2.0
5.045681893964655,0.0422786940141453,8.881784197001252e-16,0.0,0.0,2.0
5.049683227742581,0.04227869401412754,-8.881784197001252e-16,-8.881784197001252e-16,-8.881784197001252e-16,2.0
5.053684561520507,0.04227869401410622,0.0,0.0,-1.7763568394002505e-15,2.0
5.057685895298433,0.042278694014085794,-8.881784197001252e-16,-8.881784197001252e-16,-8.881784197001252e-16,2.0
5.061687229076359,0.04227869401406448,8.881784197001252e-16,0.0,0.0,2.0
5.065688562854285,0.04227869401404316,0.0,0.0,-8.881784197001252e-16,2.0
5.069689896632211,0.04227869401402273,0.0,0.0,0.0,2.0
5.073691230410137,0.04227869401400142,0.0,0.0,-8.881784197001252e-16,2.0
5.077692564188063,0.04227869401398099,0.0,0.0,0.0,2.0
5.081693897965989,0.04227869401396056,-8.881784197001252e-16,-8.881784197001252e-16,-8.881784197001252e-16,2.0
5.085695231743915,0.04227869401394191,8.881784197001252e-16,0.0,0.0,2.0
5.089696565521841,0.04227869401392148,-8.881784197001252e-16,-8.881784197001252e-16,-8.881784197001252e-16,2.0
5.093697899299767,0.04227869401390372,0.0,0.0,0.0,2.0
5.097699233077693,0.04227869401388773,8.881784197001252e-16,0.0,0.0,2.0
5.101700566855619,0.04227869401387263,8.881784197001252e-16,0.0,0.0,2.0
5.1057019006335445,0.042278694013860196,8.881784197001252e-16,-8.881784197001252e-16,-8.881784197001252e-16,2.0
5.10970323441147,0.04227869401384865,0.0,0.0,0.0,2.0
5.113704568189397,0.04227869401383977,0.0,0.0,0.0,2.0
5.117705901967323,0.04227869401383355,-8.881784197001252e-16,-8.881784197001252e-16,-8.881784197001252e-16,2.0
5.121707235745249,0.04227869401383,0.0,-8.881784197001252e-16,-8.881784197001252e-16,2.0
5.125708569523175,0.04227869401383,0.0,0.0,0.0,2.0
5.129709903301101,0.04227869401383266,-8.881784197001252e-16,-8.881784197001252e-16,-8.881784197001252e-16,2.0
5.1337112370790265,0.04227869401383977,8.881784197001252e-16,8.881784197001252e-16,-8.881784197001252e-16,2.0
5.137712570856952,0.042278694013850426,0.0,0.0,0.0,2.0
5.141713904634878,0.04227869401386819,0.0,0.0,-8.881784197001252e-16,2.0
5.145715238412804,0.04227869401389306,1.7763568394002505e-15,0.0,-8.881784197001252e-16,2.0
5.14971657219073,0.04227869401392326,-8.881784197001252e-16,-8.881784197001252e-16,-8.881784197001252e-16,2.0
5.153717905968657,0.042278694013958784,0.0,0.0,-8.881784197001252e-16,2.0
5.157719239746583,0.042278694013997864,0.0,-8.881784197001252e-16,-8.881784197001252e-16,2.0
5.161720573524509,0.04227869401404227,8.881784197001252e-16,-8.881784197001252e-16,-8.881784197001252e-16,2.0
5.1657219073024345,0.04227869401408846,-8.881784197001252e-16,-8.881784197001252e-16,-8.881784197001252e-16,2.0
5.16972324108036,0.04227869401413731,-8.881784197001252e-16,-8.881784197001252e-16,-8.881784197001252e-16,2.0
5.173724574858286,0.04227869401418882,0.0,-8.881784197001252e-16,-8.881784197001252e-16,2.0
5.177725908636212,0.04227869401423856,-8.881784197001252e-16,-8.881784197001252e-16,-8.881784197001252e-16,2.0
5.181727242414138,0.042278694014290075,0.0,-8.881784197001252e-16,-8.881784197001252e-16,2.0
5.185728576192064,0.0422786940143407,-8.881784197001252e-16,-8.881784197001252e-16,-8.881784197001252e-16,2.0
5.18972990996999,0.04227869401438955,-8.881784197001252e-16,-8.881784197001252e-16,-8.881784197001252e-16,2.0
5.193731243747917,0.04227869401443751,-8.881784197001252e-16,-8.881784197001252e-16,-8.881784197001252e-16,2.0
5.1977325775258425,0.042278694014484586,0.0,0.0,0.0,2.0
5.201733911303768,0.04227869401452633,0.0,0.0,0.0,2.0
5.205735245081694,0.042278694014568075,8.881784197001252e-16,-8.881784197001252e-16,-8.881784197001252e-16,2.0
5.20973657885962,0.04227869401460449,0.0,-8.881784197001252e-16,-2.6645352591003757e-15,2.0
5.213737912637546,0.04227869401463735,0.0,0.0,0.0,2.0
5.217739246415472,0.04227869401466666,1.7763568394002505e-15,8.881784197001252e-16,8.881784197001252e-16,2.0
5.221740580193398,0.04227869401469064,8.881784197001252e-16,0.0,0.0,2.0
5.225741913971324,0.04227869401471196,8.881784197001252e-16,0.0,0.0,2.0
5.22974324774925,0.04227869401472795,0.0,-8.881784197001252e-16,-8.881784197001252e-16,2.0
5.233744581527176,0.04227869401473683,0.0,0.0,-8.881784197001252e-16,2.0
5.237745915305102,0.04227869401474216,0.0,0.0,0.0,2.0
5.241747249083028,0.04227869401474216,8.881784197001252e-16,-8.881784197001252e-16,-8.881784197001252e-16,2.0
5.245748582860954,0.04227869401473594,8.881784197001252e-16,-1.7763568394002505e-15,-1.7763568394002505e-15,2.0
5.24974991663888,0.04227869401472528,-8.881784197001252e-16,-8.881784197001252e-16,-8.881784197001252e-16,2.0
5.253751250416806,0.04227869401470841,-8.881784197001252e-16,-8.881784197001252e-16,-8.881784197001252e-16,2.0
5.257752584194732,0.04227869401468798,-8.881784197001252e-16,-8.881784197001252e-16,-8.881784197001252e-16,2.0
5.261753917972658,0.042278694014660445,-8.881784197001252e-16,-8.881784197001252e-16,-8.881784197001252e-16,2.0
5.2657552517505835,0.04227869401462847,0.0,0.0,-8.881784197001252e-16,2.0
5.269756585528509,0.04227869401459117,0.0,0.0,0.0,2.0
5.273757919306436,0.04227869401455031,-1.7763568394002505e-15,-1.7763568394002505e-15,-1.7763568394002505e-15,2.0
5.277759253084362,0.04227869401450324,0.0,-8.881784197001252e-16,-1.7763568394002505e-15,2.0
5.281760586862288,0.04227869401445261,0.0,-8.881784197001252e-16,-1.7763568394002505e-15,2.0
5.285761920640214,0.04227869401439577,0.0,0.0,0.0,2.0
5.28976325441814,0.042278694014338036,0.0,0.0,0.0,2.0
5.2937645881960655,0.042278694014274976,0.0,0.0,-1.7763568394002505e-15,2.0
5.297765921973991,0.04227869401420925,0.0,0.0,0.0,2.0
5.301767255751917,0.04227869401414086,0.0,0.0,0.0,2.0
5.305768589529843,0.04227869401407158,8.881784197001252e-16,0.0,0.0,2.0
5.309769923307769,0.042278694013997864,0.0,0.0,0.0,2.0
5.313771257085696,0.042278694013924145,0.0,-8.881784197001252e-16,-8.881784197001252e-16,2.0
5.317772590863622,0.04227869401384865,-8.881784197001252e-16,-1.7763568394002505e-15,-1.7763568394002505e-15,2.0
5.321773924641548,0.04227869401377493,0.0,0.0,0.0,2.0
5.3257752584194735,0.0422786940137021,-8.881784197001252e-16,-8.881784197001252e-16,-1.7763568394002505e-15,2.0
5.329776592197399,0.04227869401362927,0.0,-8.881784197001252e-16,-1.7763568394002505e-15,2.0
5.333777925975325,0.042278694013559104,0.0,0.0,0.0,2.0
5.337779259753251,0.042278694013489826,8.881784197001252e-16,-8.881784197001252e-16,-8.881784197001252e-16,2.0
5.341780593531177,0.04227869401342588,8.881784197001252e-16,-8.881784197001252e-16,-8.881784197001252e-16,2.0
5.345781927309103,0.04227869401336459,8.881784197001252e-16,-1.7763568394002505e-15,-1.7763568394002505e-15,2.0
5.349783261087029,0.042278694013310414,0.0,0.0,0.0,2.0
5.353784594864956,0.042278694013260676,0.0,0.0,0.0,2.0
5.3577859286428815,0.04227869401321804,-8.881784197001252e-16,-1.7763568394002505e-15,-1.7763568394002505e-15,2.0
5.361787262420807,0.042278694013183404,8.881784197001252e-16,-8.881784197001252e-16,-8.881784197001252e-16,2.0
5.365788596198733,0.04227869401315765,-8.881784197001252e-16,-8.881784197001252e-16,-1.7763568394002505e-15,2.0
5.369789929976659,0.04227869401314166,0.0,0.0,0.0,2.0
5.373791263754585,0.04227869401313633,0.0,0.0,0.0,2.0
5.377792597532511,0.042278694013144325,0.0,-8.881784197001252e-16,-8.881784197001252e-16,2.0
5.381793931310437,0.042278694013163864,-8.881784197001252e-16,-8.881784197001252e-16,-8.881784197001252e-16,2.0
5.385795265088363,0.04227869401319673,0.0,-8.881784197001252e-16,-8.881784197001252e-16,2.0
5.389796598866289,0.04227869401324558,-8.881784197001252e-16,-1.7763568394002505e-15,-1.7763568394002505e-15,2.0
5.393797932644215,0.04227869401330153,-8.881784197001252e-16,-8.881784197001252e-16,-8.881784197001252e-16,2.0
5.397799266422141,0.04227869401336104,0.0,0.0,0.0,2.0
5.401800600200067,0.042278694013422324,8.881784197001252e-16,0.0,0.0,2.0
5.405801933977993,0.04227869401348627,-1.7763568394002505e-15,-1.7763568394002505e-15,-1.7763568394002505e-15,2.0
5.409803267755919,0.04227869401355022,-8.881784197001252e-16,-1.7763568394002505e-15,-1.7763568394002505e-15,2.0
5.413804601533845,0.04227869401361328,8.881784197001252e-16,0.0,0.0,2.0
5.417805935311771,0.04227869401367634,-8.881784197001252e-16,-8.881784197001252e-16,-8.881784197001252e-16,2.0
5.421807269089697,0.042278694013738516,-8.881784197001252e-16,-8.881784197001252e-16,-8.881784197001252e-16,2.0
5.4258086028676225,0.042278694013797136,0.0,-8.881784197001252e-16,-8.881784197001252e-16,2.0
5.429809936645548,0.04227869401385309,0.0,0.0,0.0,2.0
5.433811270423475,0.04227869401390638,-8.881784197001252e-16,-8.881784197001252e-16,-8.881784197001252e-16,2.0
5.437812604201401,0.04227869401395523,0.0,-8.881784197001252e-16,-8.881784197001252e-16,2.0
5.441813937979327,0.04227869401400053,-8.881784197001252e-16,-8.881784197001252e-16,-8.881784197001252e-16,2.0
5.445815271757253,0.042278694014041385,0.0,0.0,0.0,2.0
5.449816605535179,0.04227869401407691,-8.881784197001252e-16,-8.881784197001252e-16,-8.881784197001252e-16,2.0
5.4538179393131045,0.04227869401410622,0.0,0.0,0.0,2.0
5.45781927309103,0.04227869401413109,0.0,-8.881784197001252e-16,-8.881784197001252e-16,2.0
5.461820606868956,0.04227869401415063,-8.881784197001252e-16,-8.881784197001252e-16,-8.881784197001252e-16,2.0
5.465821940646882,0.04227869401416484,0.0,-8.881784197001252e-16,-8.881784197001252e-16,2.0
5.469823274424809,0.04227869401417372,0.0,-8.881784197001252e-16,-8.881784197001252e-16,2.0
5.473824608202735,0.0422786940141755,0.0,0.0,-8.881784197001252e-16,2.0
5.477825941980661,0.04227869401417372,-8.881784197001252e-16,-8.881784197001252e-16,-8.881784197001252e-16,2.0
5.481827275758587,0.04227869401416662,8.881784197001252e-16,0.0,-8.881784197001252e-16,2.0
5.4858286095365125,0.042278694014153295,0.0,0.0,0.0,2.0
5.489829943314438,0.04227869401413642,-8.881784197001252e-16,-8.881784197001252e-16,-8.881784197001252e-16,2.0
5.493831277092364,0.04227869401411244,0.0,-8.881784197001252e-16,-8.881784197001252e-16,2.0
5.49783261087029,0.042278694014085794,0.0,-8.881784197001252e-16,-8.881784197001252e-16,2.0
5.501833944648216,0.042278694014055596,0.0,-8.881784197001252e-16,-8.881784197001252e-16,2.0
5.505835278426142,0.04227869401402273,1.7763568394002505e-15,0.0,0.0,2.0
5.509836612204069,0.04227869401398543,-8.881784197001252e-16,-8.881784197001252e-16,-8.881784197001252e-16,2.0
5.513837945981995,0.042278694013948126,0.0,-8.881784197001252e-16,-8.881784197001252e-16,2.0
5.5178392797599205,0.04227869401390727,8.881784197001252e-16,-8.881784197001252e-16,-8.881784197001252e-16,2.0
5.521840613537846,0.04227869401386464,0.0,-8.881784197001252e-16,-8.881784197001252e-16,2.0
5.525841947315772,0.04227869401382289,-8.881784197001252e-16,-8.881784197001252e-16,-8.881784197001252e-16,2.0
5.529843281093698,0.042278694013782925,8.881784197001252e-16,0.0,0.0,2.0
5.533844614871624,0.04227869401374296,8.881784197001252e-16,-1.7763568394002505e-15,-1.7763568394002505e-15,2.0
5.53784594864955,0.04227869401370743,8.881784197001252e-16,8.881784197001252e-16,0.0,2.0
5.541847282427476,0.04227869401367368,0.0,0.0,-8.881784197001252e-16,2.0
5.545848616205402,0.04227869401364437,-8.881784197001252e-16,-8.881784197001252e-16,-1.7763568394002505e-15,2.0
5.5498499499833285,0.04227869401362039,0.0,-8.881784197001252e-16,-8.881784197001252e-16,2.0
5.553851283761254,0.04227869401360351,-8.881784197001252e-16,-8.881784197001252e-16,-8.881784197001252e-16,2.0
5.55785261753918,0.04227869401359374,8.881784197001252e-16,0.0,-8.881784197001252e-16,2.0
5.561853951317106,0.04227869401359374,0.0,-8.881784197001252e-16,-8.881784197001252e-16,2.0
5.565855285095032,0.04227869401360351,-8.881784197001252e-16,-8.881784197001252e-16,-8.881784197001252e-16,2.0
5.569856618872958,0.04227869401362572,0.0,-8.881784197001252e-16,-8.881784197001252e-16,2.0
5.573857952650884,0.042278694013651474,0.0,-8.881784197001252e-16,-8.881784197001252e-16,2.0
5.57785928642881,0.04227869401368256,0.0,0.0,0.0,2.0
5.581860620206736,0.042278694013714535,0.0,0.0,0.0,2.0
5.5858619539846615,0.04227869401374651,-8.881784197001252e-16,-8.881784197001252e-16,-8.881784197001252e-16,2.0
5.589863287762588,0.04227869401377937,8.881784197001252e-16,-8.881784197001252e-16,-8.881784197001252e-16,2.0
5.593864621540514,0.042278694013811347,0.0,-8.881784197001252e-16,-8.881784197001252e-16,2.0
5.59786595531844,0.04227869401384332,0.0,-8.881784197001252e-16,-8.881784197001252e-16,2.0
5.601867289096366,0.04227869401387441,0.0,-8.881784197001252e-16,-1.7763568394002505e-15,2.0
5.605868622874292,0.04227869401390549,0.0,0.0,0.0,2.0
5.609869956652218,0.042278694013933915,0.0,0.0,-1.7763568394002505e-15,2.0
5.6138712904301435,0.04227869401396056,0.0,-8.881784197001252e-16,-8.881784197001252e-16,2.0
5.617872624208069,0.04227869401398632,0.0,-8.881784197001252e-16,-8.881784197001252e-16,2.0
5.621873957985995,0.04227869401400941,-1.7763568394002505e-15,-1.7763568394002505e-15,-1.7763568394002505e-15,2.0
5.625875291763921,0.04227869401402984,-8.881784197001252e-16,-8.881784197001252e-16,-8.881784197001252e-16,2.0
5.629876625541848,0.042278694014050267,0.0,-8.881784197001252e-16,-8.881784197001252e-16,2.0
5.633877959319774,0.042278694014066254,0.0,0.0,0.0,2.0
5.6378792930977,0.042278694014079576,0.0,0.0,0.0,2.0
5.641880626875626,0.042278694014090235,0.0,-8.881784197001252e-16,-8.881784197001252e-16,2.0
5.6458819606535515,0.04227869401409823,0.0,0.0,0.0,2.0
5.649883294431477,0.04227869401410267,0.0,-8.881784197001252e-16,-8.881784197001252e-16,2.0
5.653884628209403,0.042278694014104445,0.0,0.0,0.0,2.0
5.657885961987329,0.042278694014105334,8.881784197001252e-16,8.881784197001252e-16,-8.881784197001252e-16,2.0
5.661887295765255,0.042278694014100004,0.0,-8.881784197001252e-16,-8.881784197001252e-16,2.0
5.665888629543181,0.04227869401409379,0.0,-8.881784197001252e-16,-8.881784197001252e-16,2.0
5.669889963321108,0.04227869401408668,1.7763568394002505e-15,-8.881784197001252e-16,-8.881784197001252e-16,2.0
5.673891297099034,0.042278694014075135,-8.881784197001252e-16,-1.7763568394002505e-15,-1.7763568394002505e-15,2.0
5.6778926308769595,0.04227869401406181,0.0,-8.881784197001252e-16,-8.881784197001252e-16,2.0
5.681893964654885,0.042278694014046714,0.0,-1.7763568394002505e-15,-1.7763568394002505e-15,2.0
5.685895298432811,0.04227869401402984,0.0,-8.881784197001252e-16,-8.881784197001252e-16,2.0
5.689896632210737,0.04227869401401119,-8.881784197001252e-16,-8.881784197001252e-16,-8.881784197001252e-16,2.0
5.693897965988663,0.042278694013992535,0.0,-8.881784197001252e-16,-8.881784197001252e-16,2.0
5.697899299766589,0.04227869401397211,8.881784197001252e-16,0.0,-1.7763568394002505e-15,2.0
5.701900633544515,0.04227869401395079,8.881784197001252e-16,0.0,0.0,2.0
5.705901967322441,0.04227869401393036,8.881784197001252e-16,0.0,0.0,2.0
5.7099033011003675,0.04227869401390816,8.881784197001252e-16,0.0,0.0,2.0
5.713904634878293,0.04227869401388862,0.0,0.0,0.0,2.0
5.717905968656219,0.042278694013869966,8.881784197001252e-16,0.0,0.0,2.0
5.721907302434145,0.042278694013851315,0.0,0.0,0.0,2.0
5.725908636212071,0.042278694013836216,0.0,0.0,0.0,2.0
5.729909969989997,0.04227869401382378,0.0,0.0,0.0,2.0
5.733911303767923,0.04227869401381401,-8.881784197001252e-16,-8.881784197001252e-16,-8.881784197001252e-16,2.0
5.737912637545849,0.04227869401380868,0.0,-8.881784197001252e-16,-1.7763568394002505e-15,2.0
5.741913971323775,0.04227869401380602,-8.881784197001252e-16,-8.881784197001252e-16,-8.881784197001252e-16,2.0
5.7459153051017005,0.042278694013811347,0.0,-8.881784197001252e-16,-1.7763568394002505e-15,2.0
5.749916638879627,0.042278694013821116,8.881784197001252e-16,0.0,0.0,2.0
5.753917972657553,0.04227869401383533,0.0,0.0,0.0,2.0
5.757919306435479,0.04227869401385398,0.0,0.0,0.0,2.0
5.761920640213405,0.04227869401387352,0.0,0.0,0.0,2.0
5.765921973991331,0.0422786940138975,0.0,-8.881784197001252e-16,-8.881784197001252e-16,2.0
5.769923307769257,0.04227869401392326,0.0,-8.881784197001252e-16,-8.881784197001252e-16,2.0
5.7739246415471825,0.042278694013948126,0.0,0.0,0.0,2.0
5.777925975325108,0.04227869401397477,8.881784197001252e-16,8.881784197001252e-16,-1.7763568394002505e-15,2.0
5.781927309103034,0.04227869401400142,0.0,0.0,0.0,2.0
5.78592864288096,0.04227869401402895,0.0,-8.881784197001252e-16,-8.881784197001252e-16,2.0
5.789929976658887,0.042278694014056484,0.0,0.0,0.0,2.0
5.793931310436813,0.04227869401408224,0.0,0.0,-8.881784197001252e-16,2.0
5.797932644214739,0.04227869401410622,0.0,-8.881784197001252e-16,-8.881784197001252e-16,2.0
5.801933977992665,0.04227869401413287,8.881784197001252e-16,-8.881784197001252e-16,-1.7763568394002505e-15,2.0
5.8059353117705905,0.04227869401415418,-8.881784197001252e-16,-8.881784197001252e-16,-8.881784197001252e-16,2.0
5.809936645548516,0.0422786940141755,0.0,0.0,0.0,2.0
5.813937979326442,0.04227869401419504,0.0,0.0,0.0,2.0
5.817939313104368,0.04227869401421103,0.0,-8.881784197001252e-16,-1.7763568394002505e-15,2.0
5.821940646882294,0.042278694014226126,0.0,0.0,-8.881784197001252e-16,2.0
5.82594198066022,0.04227869401423945,0.0,-8.881784197001252e-16,-8.881784197001252e-16,2.0
5.829943314438147,0.04227869401424833,8.881784197001252e-16,-8.881784197001252e-16,-8.881784197001252e-16,2.0
5.833944648216073,0.042278694014255436,0.0,0.0,-8.881784197001252e-16,2.0
5.8379459819939985,0.04227869401425988,0.0,0.0,0.0,2.0
5.841947315771924,0.04227869401426254,-8.881784197001252e-16,-8.881784197001252e-16,-1.7763568394002505e-15,2.0
5.84594864954985,0.042278694014260765,0.0,0.0,0.0,2.0
5.849949983327776,0.04227869401425721,0.0,0.0,0.0,2.0
5.853951317105702,0.04227869401425188,1.7763568394002505e-15,8.881784197001252e-16,0.0,2.0
5.857952650883628,0.04227869401424034,-8.881784197001252e-16,-8.881784197001252e-16,-8.881784197001252e-16,2.0
5.861953984661554,0.04227869401422968,-8.881784197001252e-16,-1.7763568394002505e-15,-1.7763568394002505e-15,2.0
5.86595531843948,0.04227869401421369,-8.881784197001252e-16,-8.881784197001252e-16,-8.881784197001252e-16,2.0
5.8699566522174065,0.04227869401419859,8.881784197001252e-16,0.0,-8.881784197001252e-16,2.0
5.873957985995332,0.042278694014178164,-8.881784197001252e-16,-8.881784197001252e-16,-8.881784197001252e-16,2.0
5.877959319773258,0.04227869401415507,0.0,0.0,0.0,2.0
5.881960653551184,0.04227869401413287,0.0,-8.881784197001252e-16,-8.881784197001252e-16,2.0
5.88596198732911,0.04227869401410622,0.0,-8.881784197001252e-16,-8.881784197001252e-16,2.0
5.889963321107036,0.04227869401407869,-8.881784197001252e-16,-8.881784197001252e-16,-8.881784197001252e-16,2.0
5.893964654884962,0.042278694014050267,-8.881784197001252e-16,-8.881784197001252e-16,-8.881784197001252e-16,2.0
5.897965988662888,0.042278694014021845,0.0,0.0,0.0,2.0
5.901967322440814,0.04227869401399076,0.0,0.0,0.0,2.0
5.9059686562187395,0.04227869401395967,0.0,-8.881784197001252e-16,-8.881784197001252e-16,2.0
5.909969989996666,0.042278694013928586,0.0,-8.881784197001252e-16,-8.881784197001252e-16,2.0
5.913971323774592,0.0422786940138975,0.0,0.0,0.0,2.0
5.917972657552518,0.042278694013866414,8.881784197001252e-16,0.0,-8.881784197001252e-16,2.0
5.921973991330444,0.04227869401383799,0.0,-8.881784197001252e-16,-8.881784197001252e-16,2.0
5.92597532510837,0.04227869401380957,0.0,0.0,0.0,2.0
5.929976658886296,0.042278694013782925,8.881784197001252e-16,0.0,0.0,2.0
5.9339779926642215,0.04227869401376072,0.0,0.0,-1.7763568394002505e-15,2.0
5.937979326442147,0.04227869401374029,8.881784197001252e-16,8.881784197001252e-16,0.0,2.0
5.941980660220073,0.04227869401372253,0.0,-8.881784197001252e-16,-8.881784197001252e-16,2.0
5.945981993997999,0.042278694013709206,0.0,0.0,0.0,2.0
5.949983327775926,0.042278694013699436,8.881784197001252e-16,-8.881784197001252e-16,-8.881784197001252e-16,2.0
5.953984661553852,0.04227869401369766,0.0,-8.881784197001252e-16,-8.881784197001252e-16,2.0
5.957985995331778,0.042278694013699436,0.0,0.0,0.0,2.0
5.961987329109704,0.04227869401370654,-8.881784197001252e-16,-8.881784197001252e-16,-8.881784197001252e-16,2.0
5.9659886628876295,0.04227869401372164,0.0,0.0,0.0,2.0
5.969989996665555,0.04227869401374562,0.0,0.0,0.0,2.0
5.973991330443481,0.04227869401377493,-8.881784197001252e-16,-8.881784197001252e-16,-8.881784197001252e-16,2.0
5.977992664221407,0.04227869401381401,-8.881784197001252e-16,-8.881784197001252e-16,-8.881784197001252e-16,2.0
5.981993997999333,0.04227869401385931,-8.881784197001252e-16,-8.881784197001252e-16,-8.881784197001252e-16,2.0
5.985995331777259,0.042278694013909934,0.0,0.0,0.0,2.0
5.989996665555186,0.04227869401396234,0.0,-8.881784197001252e-16,-8.881784197001252e-16,2.0
5.993997999333112,0.04227869401401829,8.881784197001252e-16,-8.881784197001252e-16,-8.881784197001252e-16,2.0
5.9979993331110375,0.04227869401407691,0.0,0.0,0.0,2.0
6.002000666888963,0.04227869401413731,-8.881784197001252e-16,-8.881784197001252e-16,-8.881784197001252e-16,2.0
6.006002000666889,0.04227869401419504,-8.881784197001252e-16,-8.881784197001252e-16,-8.881784197001252e-16,2.0
6.010003334444815,0.042278694014256324,0.0,0.0,0.0,2.0
6.014004668222741,0.04227869401431583,0.0,0.0,0.0,2.0
6.018006002000667,0.042278694014372675,0.0,0.0,0.0,2.0
6.022007335778593,0.04227869401442863,0.0,0.0,-8.881784197001252e-16,2.0
6.026008669556519,0.04227869401448103,8.881784197001252e-16,-8.881784197001252e-16,-8.881784197001252e-16,2.0
6.0300100033344455,0.042278694014528995,-8.881784197001252e-16,-8.881784197001252e-16,-8.881784197001252e-16,2.0
6.034011337112371,0.042278694014573404,0.0,-8.881784197001252e-16,-1.7763568394002505e-15,2.0
6.038012670890297,0.042278694014616924,1.7763568394002505e-15,-8.881784197001252e-16,-8.881784197001252e-16,2.0
6.042014004668223,0.04227869401465245,8.881784197001252e-16,0.0,-8.881784197001252e-16,2.0
6.046015338446149,0.04227869401468265,-8.881784197001252e-16,-8.881784197001252e-16,-8.881784197001252e-16,2.0
6.050016672224075,0.04227869401470841,0.0,0.0,-8.881784197001252e-16,2.0
6.054018006002001,0.04227869401472795,-8.881784197001252e-16,-1.7763568394002505e-15,-1.7763568394002505e-15,2.0
6.058019339779927,0.042278694014743046,0.0,0.0,0.0,2.0
6.062020673557853,0.04227869401474926,0.0,-8.881784197001252e-16,-8.881784197001252e-16,2.0
6.0660220073357785,0.04227869401475193,8.881784197001252e-16,0.0,-1.7763568394002505e-15,2.0
6.070023341113705,0.04227869401474749,0.0,0.0,0.0,2.0
6.074024674891631,0.04227869401473683,0.0,-8.881784197001252e-16,-8.881784197001252e-16,2.0
6.078026008669557,0.04227869401472084,0.0,0.0,-8.881784197001252e-16,2.0
6.082027342447483,0.04227869401469597,0.0,-8.881784197001252e-16,-8.881784197001252e-16,2.0
6.086028676225409,0.04227869401466755,-8.881784197001252e-16,-1.7763568394002505e-15,-1.7763568394002505e-15,2.0
6.090030010003335,0.04227869401463202,8.881784197001252e-16,-8.881784197001252e-16,-8.881784197001252e-16,2.0
6.0940313437812605,0.04227869401459028,0.0,-8.881784197001252e-16,-8.881784197001252e-16,2.0
6.098032677559186,0.042278694014543206,0.0,-8.881784197001252e-16,-8.881784197001252e-16,2.0
6.102034011337112,0.0422786940144908,8.881784197001252e-16,-1.7763568394002505e-15,-1.7763568394002505e-15,2.0
6.106035345115038,0.04227869401443218,-8.881784197001252e-16,-8.881784197001252e-16,-8.881784197001252e-16,2.0
6.110036678892965,0.0422786940143709,8.881784197001252e-16,0.0,0.0,2.0
6.114038012670891,0.0422786940143034,0.0,0.0,-8.881784197001252e-16,2.0
6.118039346448817,0.04227869401423412,0.0,0.0,-8.881784197001252e-16,2.0
6.122040680226743,0.042278694014158624,-8.881784197001252e-16,-8.881784197001252e-16,-8.881784197001252e-16,2.0
6.1260420140046685,0.04227869401408402,8.881784197001252e-16,8.881784197001252e-16,8.881784197001252e-16,2.0
6.130043347782594,0.04227869401400319,8.881784197001252e-16,-8.881784197001252e-16,-8.881784197001252e-16,2.0
6.13404468156052,0.04227869401392326,0.0,-8.881784197001252e-16,-8.881784197001252e-16,2.0
6.138046015338446,0.04227869401384243,-8.881784197001252e-16,-8.881784197001252e-16,-8.881784197001252e-16,2.0
6.142047349116372,0.04227869401375983,0.0,0.0,0.0,2.0
6.146048682894298,0.04227869401367812,-8.881784197001252e-16,-1.7763568394002505e-15,-1.7763568394002505e-15,2.0
6.150050016672225,0.042278694013597296,8.881784197001252e-16,0.0,0.0,2.0
6.154051350450151,0.04227869401351825,-8.881784197001252e-16,-8.881784197001252e-16,-8.881784197001252e-16,2.0
6.1580526842280765,0.04227869401344275,0.0,0.0,0.0,2.0
6.162054018006002,0.042278694013373475,8.881784197001252e-16,0.0,0.0,2.0
6.166055351783928,0.04227869401330597,0.0,-8.881784197001252e-16,-8.881784197001252e-16,2.0
6.170056685561854,0.04227869401324558,0.0,0.0,0.0,2.0
6.17405801933978,0.0422786940131914,0.0,-8.881784197001252e-16,-8.881784197001252e-16,2.0
6.178059353117706,0.0422786940131461,0.0,-8.881784197001252e-16,-8.881784197001252e-16,2.0
6.182060686895632,0.0422786940131088,-8.881784197001252e-16,-8.881784197001252e-16,-8.881784197001252e-16,2.0
6.186062020673559,0.04227869401308304,-8.881784197001252e-16,-8.881784197001252e-16,-8.881784197001252e-16,2.0
6.1900633544514845,0.04227869401306972,0.0,-8.881784197001252e-16,-8.881784197001252e-16,2.0
6.19406468822941,0.04227869401306794,8.881784197001252e-16,0.0,-1.7763568394002505e-15,2.0
6.198066022007336,0.042278694013081264,8.881784197001252e-16,-8.881784197001252e-16,-8.881784197001252e-16,2.0
6.202067355785262,0.042278694013109686,0.0,-8.881784197001252e-16,-8.881784197001252e-16,2.0
6.206068689563188,0.04227869401315587,1.7763568394002505e-15,-8.881784197001252e-16,-8.881784197001252e-16,2.0
6.210070023341114,0.0422786940132136,-8.881784197001252e-16,-1.7763568394002505e-15,-1.7763568394002505e-15,2.0
6.21407135711904,0.04227869401327666,0.0,0.0,0.0,2.0
6.218072690896966,0.04227869401334061,8.881784197001252e-16,0.0,0.0,2.0
6.222074024674892,0.042278694013407225,-8.881784197001252e-16,-8.881784197001252e-16,-8.881784197001252e-16,2.0
6.226075358452818,0.0422786940134765,8.881784197001252e-16,0.0,0.0,2.0
6.230076692230744,0.04227869401354489,0.0,0.0,0.0,2.0
6.23407802600867,0.042278694013612395,-8.881784197001252e-16,-8.881784197001252e-16,-8.881784197001252e-16,2.0
6.238079359786596,0.04227869401367901,-8.881784197001252e-16,-8.881784197001252e-16,-8.881784197001252e-16,2.0
6.242080693564522,0.04227869401374296,-8.881784197001252e-16,-8.881784197001252e-16,-8.881784197001252e-16,2.0
6.246082027342448,0.04227869401380424,8.881784197001252e-16,-8.881784197001252e-16,-8.881784197001252e-16,2.0
6.250083361120374,0.04227869401386286,8.881784197001252e-16,0.0,-8.881784197001252e-16,2.0
6.2540846948982995,0.04227869401391526,-1.7763568394002505e-15,-1.7763568394002505e-15,-1.7763568394002505e-15,2.0
6.258086028676225,0.04227869401396589,0.0,0.0,0.0,2.0
6.262087362454151,0.04227869401401119,0.0,0.0,0.0,2.0
6.266088696232078,0.042278694014050267,8.881784197001252e-16,0.0,0.0,2.0
6.270090030010004,0.042278694014085794,0.0,-1.7763568394002505e-15,-1.7763568394002505e-15,2.0
6.27409136378793,0.04227869401411333,0.0,0.0,0.0,2.0
6.278092697565856,0.04227869401413731,-8.881784197001252e-16,-8.881784197001252e-16,-8.881784197001252e-16,2.0
6.282094031343782,0.04227869401415418,0.0,0.0,-8.881784197001252e-16,2.0
6.2860953651217075,0.04227869401416662,0.0,-8.881784197001252e-16,-8.881784197001252e-16,2.0
6.290096698899633,0.042278694014172835,0.0,0.0,0.0,2.0
6.294098032677559,0.04227869401417106,8.881784197001252e-16,0.0,0.0,2.0
6.298099366455485,0.04227869401416573,0.0,0.0,0.0,2.0
6.302100700233411,0.04227869401415418,-1.7763568394002505e-15,-1.7763568394002505e-15,-1.7763568394002505e-15,2.0
6.306102034011338,0.04227869401413642,0.0,0.0,0.0,2.0
6.310103367789264,0.042278694014114215,0.0,-1.7763568394002505e-15,-1.7763568394002505e-15,2.0
6.31410470156719,0.042278694014090235,0.0,0.0,0.0,2.0
6.3181060353451155,0.04227869401405915,-8.881784197001252e-16,-8.881784197001252e-16,-8.881784197001252e-16,2.0
6.322107369123041,0.04227869401402362,8.881784197001252e-16,8.881784197001252e-16,8.881784197001252e-16,2.0
6.326108702900967,0.042278694013987206,0.0,-8.881784197001252e-16,-1.7763568394002505e-15,2.0
6.330110036678893,0.04227869401394635,8.881784197001252e-16,8.881784197001252e-16,0.0,2.0
6.334111370456819,0.04227869401390549,0.0,-8.881784197001252e-16,-8.881784197001252e-16,2.0
6.338112704234745,0.042278694013860196,0.0,0.0,0.0,2.0
6.342114038012671,0.04227869401381845,8.881784197001252e-16,8.881784197001252e-16,8.881784197001252e-16,2.0
6.346115371790598,0.04227869401377493,0.0,-8.881784197001252e-16,-8.881784197001252e-16,2.0
6.3501167055685235,0.04227869401373319,8.881784197001252e-16,0.0,0.0,2.0
6.354118039346449,0.04227869401369322,8.881784197001252e-16,0.0,0.0,2.0
6.358119373124375,0.042278694013655915,8.881784197001252e-16,0.0,0.0,2.0
6.362120706902301,0.04227869401362483,0.0,0.0,0.0,2.0
6.366122040680227,0.042278694013598184,8.881784197001252e-16,0.0,0.0,2.0
6.370123374458153,0.042278694013577756,-8.881784197001252e-16,-8.881784197001252e-16,-8.881784197001252e-16,2.0
6.374124708236079,0.04227869401356621,0.0,-8.881784197001252e-16,-1.7763568394002505e-15,2.0
6.378126042014005,0.04227869401356266,0.0,-8.881784197001252e-16,-8.881784197001252e-16,2.0
6.382127375791931,0.04227869401357154,8.881784197001252e-16,-8.881784197001252e-16,-8.881784197001252e-16,2.0
6.386128709569857,0.0422786940135893,-8.881784197001252e-16,-8.881784197001252e-16,-8.881784197001252e-16,2.0
6.390130043347783,0.04227869401361861,-8.881784197001252e-16,-1.7763568394002505e-15,-1.7763568394002505e-15,2.0
6.394131377125709,0.0422786940136497,0.0,0.0,-8.881784197001252e-16,2.0
6.398132710903635,0.04227869401368256,1.7763568394002505e-15,-8.881784197001252e-16,-8.881784197001252e-16,2.0
6.402134044681561,0.0422786940137172,-1.7763568394002505e-15,-1.7763568394002505e-15,-1.7763568394002505e-15,2.0
6.406135378459487,0.042278694013749174,0.0,-8.881784197001252e-16,-8.881784197001252e-16,2.0
6.410136712237413,0.04227869401378559,8.881784197001252e-16,-8.881784197001252e-16,-8.881784197001252e-16,2.0
6.4141380460153385,0.04227869401381845,-8.881784197001252e-16,-8.881784197001252e-16,-8.881784197001252e-16,2.0
6.418139379793264,0.0422786940138522,8.881784197001252e-16,-8.881784197001252e-16,-8.881784197001252e-16,2.0
6.42214071357119,0.04227869401388418,8.881784197001252e-16,-8.881784197001252e-16,-8.881784197001252e-16,2.0
6.426142047349117,0.042278694013914375,-1.7763568394002505e-15,-1.7763568394002505e-15,-1.7763568394002505e-15,2.0
6.430143381127043,0.04227869401394457,-8.881784197001252e-16,-8.881784197001252e-16,-8.881784197001252e-16,2.0
6.434144714904969,0.04227869401397122,0.0,0.0,-8.881784197001252e-16,2.0
6.438146048682895,0.042278694013996976,0.0,-8.881784197001252e-16,-8.881784197001252e-16,2.0
6.442147382460821,0.04227869401401918,-8.881784197001252e-16,-8.881784197001252e-16,-8.881784197001252e-16,2.0
6.4461487162387465,0.04227869401403961,-8.881784197001252e-16,-8.881784197001252e-16,-8.881784197001252e-16,2.0
6.450150050016672,0.04227869401405737,0.0,0.0,0.0,2.0
6.454151383794598,0.04227869401407247,8.881784197001252e-16,0.0,0.0,2.0
6.458152717572524,0.04227869401408224,0.0,-8.881784197001252e-16,-8.881784197001252e-16,2.0
6.46215405135045,0.0422786940140929,8.881784197001252e-16,-8.881784197001252e-16,-8.881784197001252e-16,2.0
6.466155385128377,0.042278694014099116,1.7763568394002505e-15,0.0,0.0,2.0
6.470156718906303,0.04227869401410178,-8.881784197001252e-16,-8.881784197001252e-16,-8.881784197001252e-16,2.0
6.474158052684229,0.04227869401410089,-8.881784197001252e-16,-1.7763568394002505e-15,-1.7763568394002505e-15,2.0
6.4781593864621545,0.04227869401409823,0.0,0.0,0.0,2.0
6.48216072024008,0.04227869401409379,0.0,0.0,0.0,2.0
6.486162054018006,0.042278694014084905,0.0,-8.881784197001252e-16,-8.881784197001252e-16,2.0
6.490163387795932,0.04227869401407425,-8.881784197001252e-16,-8.881784197001252e-16,-8.881784197001252e-16,2.0
6.494164721573858,0.042278694014060925,0.0,0.0,-8.881784197001252e-16,2.0
6.498166055351784,0.0422786940140476,0.0,0.0,0.0,2.0
6.50216738912971,0.04227869401402895,8.881784197001252e-16,0.0,0.0,2.0
6.506168722907637,0.0422786940140103,0.0,0.0,0.0,2.0
6.5101700566855625,0.04227869401399076,0.0,-8.881784197001252e-16,-8.881784197001252e-16,2.0
6.514171390463488,0.04227869401396944,0.0,0.0,0.0,2.0
6.518172724241414,0.04227869401394724,0.0,0.0,-8.881784197001252e-16,2.0
6.52217405801934,0.04227869401392592,8.881784197001252e-16,0.0,0.0,2.0
6.526175391797266,0.042278694013904605,0.0,-8.881784197001252e-16,-8.881784197001252e-16,2.0
6.530176725575192,0.04227869401388329,0.0,-8.881784197001252e-16,-8.881784197001252e-16,2.0
6.534178059353118,0.04227869401386375,-8.881784197001252e-16,-8.881784197001252e-16,-1.7763568394002505e-15,2.0
6.538179393131044,0.0422786940138451,0.0,0.0,0.0,2.0
6.54218072690897,0.04227869401382822,8.881784197001252e-16,-8.881784197001252e-16,-8.881784197001252e-16,2.0
6.546182060686896,0.04227869401381579,0.0,-8.881784197001252e-16,-8.881784197001252e-16,2.0
6.550183394464822,0.04227869401380602,8.881784197001252e-16,0.0,0.0,2.0
6.554184728242748,0.04227869401379891,0.0,-8.881784197001252e-16,-1.7763568394002505e-15,2.0
6.558186062020674,0.04227869401379625,0.0,-8.881784197001252e-16,-8.881784197001252e-16,2.0
6.5621873957986,0.04227869401380069,0.0,-8.881784197001252e-16,-8.881784197001252e-16,2.0
6.566188729576526,0.04227869401380868,0.0,0.0,0.0,2.0
6.570190063354452,0.04227869401382378,0.0,0.0,0.0,2.0
6.5741913971323775,0.042278694013841545,0.0,-8.881784197001252e-16,-8.881784197001252e-16,2.0
6.578192730910303,0.04227869401386197,0.0,-8.881784197001252e-16,-8.881784197001252e-16,2.0
6.582194064688229,0.04227869401388418,0.0,-2.6645352591003757e-15,-2.6645352591003757e-15,2.0
6.586195398466156,0.04227869401391171,-8.881784197001252e-16,-8.881784197001252e-16,-8.881784197001252e-16,2.0
6.590196732244082,0.04227869401393658,-1.7763568394002505e-15,-1.7763568394002505e-15,-1.7763568394002505e-15,2.0
6.594198066022008,0.042278694013963225,-8.881784197001252e-16,-8.881784197001252e-16,-8.881784197001252e-16,2.0
6.598199399799934,0.04227869401399076,0.0,0.0,0.0,2.0
6.60220073357786,0.04227869401401829,0.0,0.0,0.0,2.0
6.6062020673557855,0.04227869401404494,8.881784197001252e-16,-8.881784197001252e-16,-8.881784197001252e-16,2.0
6.610203401133711,0.042278694014070695,0.0,0.0,0.0,2.0
6.614204734911637,0.04227869401409645,-8.881784197001252e-16,-8.881784197001252e-16,-8.881784197001252e-16,2.0
6.618206068689563,0.04227869401412132,8.881784197001252e-16,-8.881784197001252e-16,-8.881784197001252e-16,2.0
6.622207402467489,0.04227869401414441,-8.881784197001252e-16,-8.881784197001252e-16,-1.7763568394002505e-15,2.0
6.626208736245416,0.04227869401416484,-8.881784197001252e-16,-8.881784197001252e-16,-8.881784197001252e-16,2.0
6.630210070023342,0.04227869401418527,-8.881784197001252e-16,-8.881784197001252e-16,-8.881784197001252e-16,2.0
6.634211403801268,0.04227869401420126,0.0,-1.7763568394002505e-15,-1.7763568394002505e-15,2.0
6.6382127375791935,0.042278694014216356,-1.7763568394002505e-15,-1.7763568394002505e-15,-1.7763568394002505e-15,2.0
6.642214071357119,0.04227869401422879,-8.881784197001252e-16,-8.881784197001252e-16,-8.881784197001252e-16,2.0
6.646215405135045,0.04227869401423856,0.0,0.0,0.0,2.0
6.650216738912971,0.04227869401424478,8.881784197001252e-16,8.881784197001252e-16,8.881784197001252e-16,2.0
6.654218072690897,0.04227869401424922,-8.881784197001252e-16,-8.881784197001252e-16,-8.881784197001252e-16,2.0
6.658219406468823,0.04227869401425188,-8.881784197001252e-16,-1.7763568394002505e-15,-1.7763568394002505e-15,2.0
6.662220740246749,0.04227869401425011,0.0,-1.7763568394002505e-15,-1.7763568394002505e-15,2.0
6.666222074024676,0.042278694014245666,-8.881784197001252e-16,-8.881784197001252e-16,-1.7763568394002505e-15,2.0
6.6702234078026015,0.04227869401424034,0.0,-8.881784197001252e-16,-8.881784197001252e-16,2.0
6.674224741580527,0.04227869401422968,0.0,0.0,0.0,2.0
6.678226075358453,0.04227869401421813,-8.881784197001252e-16,-8.881784197001252e-16,-8.881784197001252e-16,2.0
6.682227409136379,0.04227869401420303,8.881784197001252e-16,-8.881784197001252e-16,-8.881784197001252e-16,2.0
6.686228742914305,0.04227869401418616,0.0,0.0,0.0,2.0
6.690230076692231,0.04227869401416662,0.0,-8.881784197001252e-16,-8.881784197001252e-16,2.0
6.694231410470157,0.0422786940141453,0.0,0.0,0.0,2.0
6.698232744248083,0.04227869401412221,-8.881784197001252e-16,-8.881784197001252e-16,-8.881784197001252e-16,2.0
6.702234078026009,0.04227869401409645,0.0,0.0,0.0,2.0
6.706235411803935,0.04227869401406892,0.0,-8.881784197001252e-16,-8.881784197001252e-16,2.0
6.710236745581861,0.042278694014041385,8.881784197001252e-16,8.881784197001252e-16,8.881784197001252e-16,2.0
6.714238079359787,0.04227869401401119,0.0,-8.881784197001252e-16,-8.881784197001252e-16,2.0
6.718239413137713,0.042278694013982765,0.0,-8.881784197001252e-16,-8.881784197001252e-16,2.0
6.722240746915639,0.04227869401395257,-8.881784197001252e-16,-1.7763568394002505e-15,-1.7763568394002505e-15,2.0
6.726242080693565,0.04227869401392148,-8.881784197001252e-16,-1.7763568394002505e-15,-1.7763568394002505e-15,2.0
6.730243414471491,0.04227869401389128,8.881784197001252e-16,0.0,-8.881784197001252e-16,2.0
6.7342447482494165,0.04227869401386197,0.0,0.0,0.0,2.0
6.738246082027342,0.04227869401383444,0.0,0.0,0.0,2.0
6.742247415805268,0.042278694013806906,8.881784197001252e-16,0.0,0.0,2.0
6.746248749583195,0.04227869401378204,-8.881784197001252e-16,-8.881784197001252e-16,-8.881784197001252e-16,2.0
6.750250083361121,0.04227869401375983,-8.881784197001252e-16,-8.881784197001252e-16,-8.881784197001252e-16,2.0
6.754251417139047,0.04227869401374118,8.881784197001252e-16,0.0,0.0,2.0
6.758252750916973,0.04227869401372519,0.0,-8.881784197001252e-16,-1.7763568394002505e-15,2.0
6.762254084694899,0.04227869401371276,0.0,0.0,0.0,2.0
6.7662554184728245,0.04227869401370565,0.0,-8.881784197001252e-16,-8.881784197001252e-16,2.0
6.77025675225075,0.042278694013704765,8.881784197001252e-16,-8.881784197001252e-16,-8.881784197001252e-16,2.0
6.774258086028676,0.042278694013709206,0.0,0.0,0.0,2.0
6.778259419806602,0.04227869401372164,-8.881784197001252e-16,-8.881784197001252e-16,-8.881784197001252e-16,2.0
6.782260753584528,0.04227869401373674,0.0,-8.881784197001252e-16,-8.881784197001252e-16,2.0
6.786262087362455,0.04227869401376427,8.881784197001252e-16,-8.881784197001252e-16,-8.881784197001252e-16,2.0
6.790263421140381,0.042278694013798024,0.0,0.0,-8.881784197001252e-16,2.0
6.794264754918307,0.042278694013836216,8.881784197001252e-16,0.0,-8.881784197001252e-16,2.0
6.7982660886962325,0.04227869401388151,0.0,0.0,0.0,2.0
6.802267422474158,0.042278694013929474,8.881784197001252e-16,8.881784197001252e-16,8.881784197001252e-16,2.0
6.806268756252084,0.042278694013982765,0.0,0.0,-8.881784197001252e-16,2.0
6.81027009003001,0.042278694014036944,0.0,0.0,0.0,2.0
6.814271423807936,0.0422786940140929,-8.881784197001252e-16,-8.881784197001252e-16,-8.881784197001252e-16,2.0
6.818272757585862,0.04227869401415063,8.881784197001252e-16,0.0,-1.7763568394002505e-15,2.0
6.822274091363788,0.04227869401420836,1.7763568394002505e-15,8.881784197001252e-16,-8.881784197001252e-16,2.0
6.826275425141715,0.04227869401426432,0.0,-8.881784197001252e-16,-1.7763568394002505e-15,2.0
6.8302767589196405,0.04227869401432027,0.0,0.0,-1.7763568394002505e-15,2.0
6.834278092697566,0.042278694014372675,-8.881784197001252e-16,-8.881784197001252e-16,-8.881784197001252e-16,2.0
6.838279426475492,0.04227869401442419,0.0,0.0,-8.881784197001252e-16,2.0
6.842280760253418,0.04227869401447393,8.881784197001252e-16,0.0,0.0,2.0
6.846282094031344,0.042278694014518337,0.0,-8.881784197001252e-16,-8.881784197001252e-16,2.0
6.85028342780927,0.04227869401455919,-8.881784197001252e-16,-8.881784197001252e-16,-1.7763568394002505e-15,2.0
6.854284761587196,0.04227869401459383,-8.881784197001252e-16,-8.881784197001252e-16,-8.881784197001252e-16,2.0
6.858286095365122,0.042278694014625806,8.881784197001252e-16,0.0,-8.881784197001252e-16,2.0
6.8622874291430485,0.04227869401465334,0.0,-8.881784197001252e-16,-8.881784197001252e-16,2.0
6.866288762920974,0.042278694014675544,8.881784197001252e-16,8.881784197001252e-16,8.881784197001252e-16,2.0
6.8702900966989,0.04227869401469064,-8.881784197001252e-16,-8.881784197001252e-16,-8.881784197001252e-16,2.0
6.874291430476826,0.0422786940147013,8.881784197001252e-16,-8.881784197001252e-16,-8.881784197001252e-16,2.0
6.878292764254752,0.042278694014704854,0.0,0.0,0.0,2.0
6.882294098032678,0.042278694014704854,8.881784197001252e-16,0.0,0.0,2.0
6.886295431810604,0.04227869401469686,-1.7763568394002505e-15,-1.7763568394002505e-15,-1.7763568394002505e-15,2.0
6.89029676558853,0.04227869401468265,8.881784197001252e-16,0.0,0.0,2.0
6.8942980993664555,0.042278694014664886,8.881784197001252e-16,8.881784197001252e-16,8.881784197001252e-16,2.0
6.898299433144381,0.04227869401463913,-8.881784197001252e-16,-8.881784197001252e-16,-8.881784197001252e-16,2.0
6.902300766922308,0.042278694014607154,-8.881784197001252e-16,-8.881784197001252e-16,-1.7763568394002505e-15,2.0
6.906302100700234,0.04227869401457163,-8.881784197001252e-16,-8.881784197001252e-16,-8.881784197001252e-16,2.0
6.91030343447816,0.042278694014528995,8.881784197001252e-16,0.0,0.0,2.0
6.914304768256086,0.04227869401448192,0.0,0.0,0.0,2.0
6.918306102034012,0.04227869401442863,0.0,0.0,-8.881784197001252e-16,2.0
6.922307435811938,0.042278694014372675,8.881784197001252e-16,0.0,0.0,2.0
6.9263087695898635,0.042278694014309615,-8.881784197001252e-16,-8.881784197001252e-16,-8.881784197001252e-16,2.0
6.930310103367789,0.04227869401424744,0.0,-8.881784197001252e-16,-8.881784197001252e-16,2.0
6.934311437145715,0.042278694014177276,0.0,-8.881784197001252e-16,-8.881784197001252e-16,2.0
6.938312770923641,0.042278694014105334,0.0,-8.881784197001252e-16,-8.881784197001252e-16,2.0
6.942314104701568,0.042278694014031615,0.0,0.0,0.0,2.0
6.946315438479494,0.04227869401395612,0.0,-8.881784197001252e-16,-8.881784197001252e-16,2.0
6.95031677225742,0.042278694013879736,8.881784197001252e-16,0.0,0.0,2.0
6.954318106035346,0.04227869401380158,0.0,-8.881784197001252e-16,-8.881784197001252e-16,2.0
6.9583194398132715,0.04227869401372342,0.0,-8.881784197001252e-16,-8.881784197001252e-16,2.0
6.962320773591197,0.04227869401364792,0.0,0.0,-8.881784197001252e-16,2.0
6.966322107369123,0.0422786940135742,8.881784197001252e-16,0.0,0.0,2.0
6.970323441147049,0.04227869401350315,8.881784197001252e-16,8.881784197001252e-16,8.881784197001252e-16,2.0
6.974324774924975,0.04227869401343298,0.0,0.0,-8.881784197001252e-16,2.0
6.978326108702901,0.042278694013369034,0.0,-8.881784197001252e-16,-8.881784197001252e-16,2.0
6.982327442480828,0.0422786940133113,8.881784197001252e-16,-8.881784197001252e-16,-8.881784197001252e-16,2.0
6.986328776258754,0.04227869401325712,-8.881784197001252e-16,-8.881784197001252e-16,-8.881784197001252e-16,2.0
6.9903301100366795,0.042278694013211826,0.0,-8.881784197001252e-16,-8.881784197001252e-16,2.0
6.994331443814605,0.04227869401317452,0.0,-8.881784197001252e-16,-8.881784197001252e-16,2.0
6.998332777592531,0.04227869401314699,0.0,0.0,0.0,2.0
7.002334111370457,0.042278694013130114,0.0,0.0,0.0,2.0
7.006335445148383,0.04227869401312567,8.881784197001252e-16,-8.881784197001252e-16,-8.881784197001252e-16,2.0
7.010336778926309,0.042278694013134555,8.881784197001252e-16,0.0,0.0,2.0
7.014338112704235,0.042278694013158535,-8.881784197001252e-16,-8.881784197001252e-16,-8.881784197001252e-16,2.0
7.018339446482161,0.04227869401319673,0.0,-8.881784197001252e-16,-8.881784197001252e-16,2.0
7.0223407802600875,0.04227869401324913,-8.881784197001252e-16,-8.881784197001252e-16,-8.881784197001252e-16,2.0
7.026342114038013,0.04227869401330864,8.881784197001252e-16,0.0,0.0,2.0
7.030343447815939,0.042278694013369034,0.0,0.0,0.0,2.0
7.034344781593865,0.042278694013432094,0.0,0.0,0.0,2.0
7.038346115371791,0.04227869401349782,-8.881784197001252e-16,-8.881784197001252e-16,-8.881784197001252e-16,2.0
7.042347449149717,0.04227869401356443,0.0,-8.881784197001252e-16,-8.881784197001252e-16,2.0
7.046348782927643,0.04227869401362927,1.7763568394002505e-15,0.0,-8.881784197001252e-16,2.0
7.050350116705569,0.04227869401369411,-8.881784197001252e-16,-8.881784197001252e-16,-8.881784197001252e-16,2.0
7.0543514504834945,0.04227869401375717,8.881784197001252e-16,0.0,-1.7763568394002505e-15,2.0
7.05835278426142,0.0422786940138149,-8.881784197001252e-16,-8.881784197001252e-16,-8.881784197001252e-16,2.0
7.062354118039347,0.04227869401387352,0.0,0.0,0.0,2.0
7.066355451817273,0.04227869401392681,0.0,0.0,0.0,2.0
7.070356785595199,0.04227869401397655,8.881784197001252e-16,0.0,0.0,2.0
7.074358119373125,0.042278694014021845,8.881784197001252e-16,-8.881784197001252e-16,-8.881784197001252e-16,2.0
7.078359453151051,0.04227869401406181,-8.881784197001252e-16,-8.881784197001252e-16,-8.881784197001252e-16,2.0
7.082360786928977,0.04227869401409645,8.881784197001252e-16,0.0,-8.881784197001252e-16,2.0
7.0863621207069025,0.04227869401412576,-8.881784197001252e-16,-8.881784197001252e-16,-8.881784197001252e-16,2.0
7.090363454484828,0.04227869401415063,8.881784197001252e-16,8.881784197001252e-16,8.881784197001252e-16,2.0
7.094364788262754,0.04227869401417017,0.0,0.0,-2.6645352591003757e-15,2.0
7.09836612204068,0.042278694014182605,8.881784197001252e-16,-8.881784197001252e-16,-1.7763568394002505e-15,2.0
7.102367455818607,0.04227869401418971,0.0,-8.881784197001252e-16,-8.881784197001252e-16,2.0
7.106368789596533,0.0422786940141906,0.0,-8.881784197001252e-16,-1.7763568394002505e-15,2.0
7.110370123374459,0.04227869401418616,0.0,0.0,-8.881784197001252e-16,2.0
7.114371457152385,0.04227869401417639,0.0,-8.881784197001252e-16,-8.881784197001252e-16,2.0
7.1183727909303105,0.04227869401416218,8.881784197001252e-16,0.0,0.0,2.0
7.122374124708236,0.04227869401414175,0.0,0.0,0.0,2.0
7.126375458486162,0.04227869401411777,1.7763568394002505e-15,-8.881784197001252e-16,-2.6645352591003757e-15,2.0
7.130376792264088,0.04227869401408668,-8.881784197001252e-16,-8.881784197001252e-16,-8.881784197001252e-16,2.0
7.134378126042014,0.04227869401405471,8.881784197001252e-16,0.0,-8.881784197001252e-16,2.0
7.13837945981994,0.04227869401401829,0.0,0.0,-8.881784197001252e-16,2.0
7.142380793597867,0.042278694013978324,-8.881784197001252e-16,-8.881784197001252e-16,-8.881784197001252e-16,2.0
7.146382127375793,0.04227869401393747,0.0,-8.881784197001252e-16,-8.881784197001252e-16,2.0
7.1503834611537185,0.042278694013894835,0.0,0.0,0.0,2.0
7.154384794931644,0.042278694013850426,-8.881784197001252e-16,-8.881784197001252e-16,-1.7763568394002505e-15,2.0
7.15838612870957,0.04227869401380513,0.0,0.0,0.0,2.0
7.162387462487496,0.042278694013763385,0.0,-8.881784197001252e-16,-8.881784197001252e-16,2.0
7.166388796265422,0.04227869401372164,-8.881784197001252e-16,-1.7763568394002505e-15,-1.7763568394002505e-15,2.0
7.170390130043348,0.04227869401368345,0.0,0.0,0.0,2.0
7.174391463821274,0.04227869401364792,0.0,0.0,0.0,2.0
7.1783927975992,0.04227869401361861,1.7763568394002505e-15,8.881784197001252e-16,0.0,2.0
7.1823941313771265,0.042278694013592855,8.881784197001252e-16,0.0,-1.7763568394002505e-15,2.0
7.186395465155052,0.0422786940135742,0.0,0.0,-8.881784197001252e-16,2.0
7.190396798932978,0.042278694013563545,0.0,-8.881784197001252e-16,-8.881784197001252e-16,2.0
7.194398132710904,0.04227869401356443,0.0,-8.881784197001252e-16,-8.881784197001252e-16,2.0
7.19839946648883,0.04227869401357509,8.881784197001252e-16,-8.881784197001252e-16,-8.881784197001252e-16,2.0
7.202400800266756,0.04227869401359641,8.881784197001252e-16,0.0,-8.881784197001252e-16,2.0
7.206402134044682,0.042278694013626605,0.0,-8.881784197001252e-16,-8.881784197001252e-16,2.0
7.210403467822608,0.04227869401365947,0.0,0.0,0.0,2.0
7.2144048016005335,0.04227869401369144,-8.881784197001252e-16,-8.881784197001252e-16,-8.881784197001252e-16,2.0
7.218406135378459,0.04227869401372697,8.881784197001252e-16,8.881784197001252e-16,8.881784197001252e-16,2.0
7.222407469156386,0.04227869401375983,-8.881784197001252e-16,-8.881784197001252e-16,-8.881784197001252e-16,2.0
7.226408802934312,0.042278694013797136,0.0,0.0,0.0,2.0
7.230410136712238,0.042278694013830886,-8.881784197001252e-16,-8.881784197001252e-16,-8.881784197001252e-16,2.0
7.234411470490164,0.04227869401386464,0.0,0.0,0.0,2.0
7.23841280426809,0.042278694013899276,0.0,-1.7763568394002505e-15,-1.7763568394002505e-15,2.0
7.242414138046016,0.042278694013929474,0.0,0.0,-8.881784197001252e-16,2.0
7.2464154718239415,0.04227869401395967,0.0,0.0,0.0,2.0
7.250416805601867,0.04227869401398632,-8.881784197001252e-16,-8.881784197001252e-16,-8.881784197001252e-16,2.0
7.254418139379793,0.04227869401401296,0.0,0.0,0.0,2.0
7.258419473157719,0.04227869401403517,0.0,-1.7763568394002505e-15,-1.7763568394002505e-15,2.0
7.262420806935646,0.04227869401405471,0.0,-8.881784197001252e-16,-8.881784197001252e-16,2.0
7.266422140713572,0.04227869401407336,-8.881784197001252e-16,-8.881784197001252e-16,-1.7763568394002505e-15,2.0
7.270423474491498,0.04227869401408668,-8.881784197001252e-16,-8.881784197001252e-16,-8.881784197001252e-16,2.0
7.274424808269424,0.042278694014099116,0.0,0.0,-8.881784197001252e-16,2.0
7.2784261420473495,0.042278694014108886,8.881784197001252e-16,8.881784197001252e-16,0.0,2.0
7.282427475825275,0.04227869401411244,-8.881784197001252e-16,-8.881784197001252e-16,-8.881784197001252e-16,2.0
7.286428809603201,0.04227869401411599,0.0,-8.881784197001252e-16,-8.881784197001252e-16,2.0
7.290430143381127,0.042278694014114215,0.0,0.0,0.0,2.0
7.294431477159053,0.04227869401411244,8.881784197001252e-16,8.881784197001252e-16,8.881784197001252e-16,2.0
7.298432810936979,0.042278694014105334,-8.881784197001252e-16,-8.881784197001252e-16,-8.881784197001252e-16,2.0
7.302434144714906,0.04227869401409645,0.0,0.0,-8.881784197001252e-16,2.0
7.306435478492832,0.04227869401408668,0.0,-8.881784197001252e-16,-8.881784197001252e-16,2.0
7.3104368122707575,0.042278694014070695,0.0,-8.881784197001252e-16,-8.881784197001252e-16,2.0
7.314438146048683,0.04227869401405471,8.881784197001252e-16,-8.881784197001252e-16,-8.881784197001252e-16,2.0
7.318439479826609,0.042278694014036056,-8.881784197001252e-16,-8.881784197001252e-16,-8.881784197001252e-16,2.0
7.322440813604535,0.04227869401401563,0.0,0.0,0.0,2.0
7.326442147382461,0.0422786940139952,8.881784197001252e-16,8.881784197001252e-16,8.881784197001252e-16,2.0
7.330443481160387,0.04227869401397211,0.0,-8.881784197001252e-16,-8.881784197001252e-16,2.0
7.334444814938313,0.042278694013949014,8.881784197001252e-16,0.0,0.0,2.0
7.338446148716239,0.04227869401392681,8.881784197001252e-16,0.0,0.0,2.0
7.3424474824941655,0.04227869401390105,-8.881784197001252e-16,-8.881784197001252e-16,-8.881784197001252e-16,2.0
7.346448816272091,0.042278694013879736,0.0,0.0,0.0,2.0
7.350450150050017,0.042278694013856644,0.0,0.0,-8.881784197001252e-16,2.0
7.354451483827943,0.04227869401383888,-8.881784197001252e-16,-8.881784197001252e-16,-8.881784197001252e-16,2.0
7.358452817605869,0.04227869401381934,8.881784197001252e-16,8.881784197001252e-16,-8.881784197001252e-16,2.0
7.362454151383795,0.04227869401380513,0.0,-8.881784197001252e-16,-8.881784197001252e-16,2.0
7.366455485161721,0.042278694013792695,0.0,0.0,0.0,2.0
7.370456818939647,0.04227869401378381,0.0,0.0,0.0,2.0
7.3744581527175725,0.04227869401378204,0.0,-8.881784197001252e-16,-8.881784197001252e-16,2.0
7.378459486495498,0.04227869401378381,0.0,-8.881784197001252e-16,-8.881784197001252e-16,2.0
7.382460820273425,0.042278694013792695,8.881784197001252e-16,0.0,0.0,2.0
7.386462154051351,0.04227869401380602,1.7763568394002505e-15,-8.881784197001252e-16,-8.881784197001252e-16,2.0
7.390463487829277,0.04227869401382467,8.881784197001252e-16,0.0,0.0,2.0
7.394464821607203,0.042278694013846874,8.881784197001252e-16,0.0,0.0,2.0
7.398466155385129,0.042278694013869966,0.0,0.0,-8.881784197001252e-16,2.0
7.402467489163055,0.042278694013894835,0.0,0.0,-8.881784197001252e-16,2.0
7.4064688229409805,0.04227869401392237,0.0,-8.881784197001252e-16,-8.881784197001252e-16,2.0
7.410470156718906,0.04227869401395079,0.0,0.0,0.0,2.0
7.414471490496832,0.04227869401397921,-8.881784197001252e-16,-8.881784197001252e-16,-8.881784197001252e-16,2.0
7.418472824274758,0.04227869401400852,8.881784197001252e-16,8.881784197001252e-16,0.0,2.0
7.422474158052685,0.04227869401403783,-8.881784197001252e-16,-8.881784197001252e-16,-8.881784197001252e-16,2.0
7.426475491830611,0.042278694014065366,0.0,-8.881784197001252e-16,-8.881784197001252e-16,2.0
7.430476825608537,0.0422786940140929,0.0,0.0,0.0,2.0
7.434478159386463,0.042278694014119544,0.0,0.0,0.0,2.0
7.4384794931643885,0.042278694014143525,8.881784197001252e-16,0.0,0.0,2.0
7.442480826942314,0.04227869401416573,-8.881784197001252e-16,-8.881784197001252e-16,-8.881784197001252e-16,2.0
7.44648216072024,0.04227869401418882,0.0,0.0,0.0,2.0
7.450483494498166,0.04227869401420392,0.0,-8.881784197001252e-16,-8.881784197001252e-16,2.0
7.454484828276092,0.042278694014221685,0.0,0.0,0.0,2.0
7.458486162054018,0.04227869401423501,0.0,0.0,0.0,2.0
7.462487495831945,0.042278694014246554,8.881784197001252e-16,0.0,0.0,2.0
7.466488829609871,0.04227869401425366,0.0,-1.7763568394002505e-15,-1.7763568394002505e-15,2.0
7.4704901633877965,0.04227869401425899,0.0,-1.7763568394002505e-15,-1.7763568394002505e-15,2.0
7.474491497165722,0.042278694014260765,0.0,-8.881784197001252e-16,-8.881784197001252e-16,2.0
7.478492830943648,0.042278694014260765,-8.881784197001252e-16,-8.881784197001252e-16,-8.881784197001252e-16,2.0
7.482494164721574,0.0422786940142581,-1.7763568394002505e-15,-1.7763568394002505e-15,-1.7763568394002505e-15,2.0
7.4864954984995,0.042278694014250995,0.0,0.0,0.0,2.0
7.490496832277426,0.042278694014243,0.0,-8.881784197001252e-16,-8.881784197001252e-16,2.0
7.494498166055352,0.04227869401423057,8.881784197001252e-16,0.0,0.0,2.0
7.498499499833278,0.04227869401421547,0.0,0.0,0.0,2.0
7.5025008336112045,0.04227869401419859,8.881784197001252e-16,0.0,0.0,2.0
7.50650216738913,0.04227869401417905,0.0,0.0,0.0,2.0
7.510503501167056,0.04227869401415507,-8.881784197001252e-16,-8.881784197001252e-16,-8.881784197001252e-16,2.0
7.514504834944982,0.04227869401413198,8.881784197001252e-16,8.881784197001252e-16,0.0,2.0
7.518506168722908,0.042278694014104445,-8.881784197001252e-16,-8.881784197001252e-16,-8.881784197001252e-16,2.0
7.522507502500834,0.0422786940140778,-1.7763568394002505e-15,-1.7763568394002505e-15,-1.7763568394002505e-15,2.0
7.52650883627876,0.0422786940140476,0.0,-8.881784197001252e-16,-8.881784197001252e-16,2.0
7.530510170056686,0.04227869401401829,0.0,-8.881784197001252e-16,-1.7763568394002505e-15,2.0
7.5345115038346115,0.04227869401398543,0.0,-1.7763568394002505e-15,-1.7763568394002505e-15,2.0
7.538512837612538,0.04227869401395434,8.881784197001252e-16,0.0,0.0,2.0
7.542514171390464,0.04227869401392148,0.0,0.0,-8.881784197001252e-16,2.0
7.54651550516839,0.04227869401389128,8.881784197001252e-16,-8.881784197001252e-16,-1.7763568394002505e-15,2.0
7.550516838946316,0.04227869401385842,-8.881784197001252e-16,-8.881784197001252e-16,-8.881784197001252e-16,2.0
7.554518172724242,0.04227869401382911,0.0,0.0,0.0,2.0
7.558519506502168,0.04227869401380158,8.881784197001252e-16,-8.881784197001252e-16,-8.881784197001252e-16,2.0
7.562520840280094,0.04227869401377404,-1.7763568394002505e-15,-1.7763568394002505e-15,-1.7763568394002505e-15,2.0
7.5665221740580195,0.04227869401375095,0.0,0.0,0.0,2.0
7.570523507835945,0.042278694013729634,-8.881784197001252e-16,-8.881784197001252e-16,-8.881784197001252e-16,2.0
7.574524841613871,0.04227869401371276,0.0,0.0,0.0,2.0
7.578526175391798,0.04227869401369855,8.881784197001252e-16,0.0,-8.881784197001252e-16,2.0
7.582527509169724,0.04227869401369144,-8.881784197001252e-16,-8.881784197001252e-16,-1.7763568394002505e-15,2.0
7.58652884294765,0.04227869401368789,0.0,0.0,0.0,2.0
7.590530176725576,0.04227869401369144,0.0,-8.881784197001252e-16,-8.881784197001252e-16,2.0
7.594531510503502,0.04227869401370121,0.0,-8.881784197001252e-16,-8.881784197001252e-16,2.0
7.5985328442814275,0.04227869401371809,0.0,0.0,0.0,2.0
7.602534178059353,0.04227869401374473,0.0,0.0,0.0,2.0
7.606535511837279,0.04227869401377671,0.0,0.0,0.0,2.0
7.610536845615205,0.04227869401381579,0.0,-8.881784197001252e-16,-8.881784197001252e-16,2.0
7.614538179393131,0.042278694013861084,0.0,-8.881784197001252e-16,-8.881784197001252e-16,2.0
7.618539513171058,0.042278694013909046,0.0,-8.881784197001252e-16,-8.881784197001252e-16,2.0
7.622540846948984,0.04227869401396145,1.7763568394002505e-15,-8.881784197001252e-16,-8.881784197001252e-16,2.0
7.62654218072691,0.042278694014016516,8.881784197001252e-16,0.0,0.0,2.0
7.6305435145048355,0.04227869401407158,0.0,-1.7763568394002505e-15,-1.7763568394002505e-15,2.0
7.634544848282761,0.042278694014129314,8.881784197001252e-16,-8.881784197001252e-16,-8.881784197001252e-16,2.0
7.638546182060687,0.042278694014187046,-1.7763568394002505e-15,-1.7763568394002505e-15,-1.7763568394002505e-15,2.0
7.642547515838613,0.042278694014243,-8.881784197001252e-16,-8.881784197001252e-16,-8.881784197001252e-16,2.0
7.646548849616539,0.04227869401429807,0.0,0.0,0.0,2.0
7.650550183394465,0.04227869401435225,0.0,-8.881784197001252e-16,-8.881784197001252e-16,2.0
7.654551517172391,0.04227869401440376,0.0,-8.881784197001252e-16,-8.881784197001252e-16,2.0
7.658552850950318,0.042278694014450835,0.0,0.0,0.0,2.0
7.6625541847282435,0.04227869401449702,0.0,0.0,-8.881784197001252e-16,2.0
7.666555518506169,0.042278694014537876,8.881784197001252e-16,8.881784197001252e-16,-8.881784197001252e-16,2.0
7.670556852284095,0.042278694014572515,-8.881784197001252e-16,-8.881784197001252e-16,-8.881784197001252e-16,2.0
7.674558186062021,0.04227869401460538,0.0,0.0,0.0,2.0
7.678559519839947,0.04227869401463291,8.881784197001252e-16,-8.881784197001252e-16,-8.881784197001252e-16,2.0
7.682560853617873,0.04227869401465245,-8.881784197001252e-16,-8.881784197001252e-16,-8.881784197001252e-16,2.0
7.686562187395799,0.042278694014670215,8.881784197001252e-16,8.881784197001252e-16,0.0,2.0
7.690563521173725,0.042278694014679985,0.0,-8.881784197001252e-16,-8.881784197001252e-16,2.0
7.6945648549516505,0.042278694014684426,0.0,0.0,0.0,2.0
7.698566188729577,0.04227869401468176,-8.881784197001252e-16,-8.881784197001252e-16,-8.881784197001252e-16,2.0
7.702567522507503,0.04227869401467377,-1.7763568394002505e-15,-1.7763568394002505e-15,-1.7763568394002505e-15,2.0
7.706568856285429,0.04227869401466133,-8.881784197001252e-16,-8.881784197001252e-16,-8.881784197001252e-16,2.0
7.710570190063355,0.042278694014640905,0.0,-8.881784197001252e-16,-8.881784197001252e-16,2.0
7.714571523841281,0.042278694014616036,0.0,0.0,0.0,2.0
7.718572857619207,0.04227869401458495,0.0,0.0,0.0,2.0
7.722574191397133,0.042278694014547646,-8.881784197001252e-16,-8.881784197001252e-16,-8.881784197001252e-16,2.0
7.7265755251750585,0.0422786940145059,0.0,0.0,0.0,2.0
7.730576858952984,0.04227869401445794,0.0,0.0,0.0,2.0
7.73457819273091,0.04227869401440554,0.0,-8.881784197001252e-16,-1.7763568394002505e-15,2.0
7.738579526508837,0.04227869401434958,0.0,0.0,0.0,2.0
7.742580860286763,0.04227869401428741,0.0,-8.881784197001252e-16,-8.881784197001252e-16,2.0
7.746582194064689,0.04227869401422257,0.0,0.0,0.0,2.0
7.750583527842615,0.04227869401415418,0.0,0.0,0.0,2.0
7.754584861620541,0.04227869401408402,0.0,0.0,-8.881784197001252e-16,2.0
7.7585861953984665,0.04227869401400941,0.0,-8.881784197001252e-16,-8.881784197001252e-16,2.0
7.762587529176392,0.04227869401393569,8.881784197001252e-16,0.0,0.0,2.0
7.766588862954318,0.04227869401385931,0.0,-8.881784197001252e-16,-8.881784197001252e-16,2.0
7.770590196732244,0.04227869401378381,8.881784197001252e-16,0.0,-8.881784197001252e-16,2.0
7.77459153051017,0.04227869401370743,-8.881784197001252e-16,-1.7763568394002505e-15,-1.7763568394002505e-15,2.0
7.778592864288097,0.04227869401363371,8.881784197001252e-16,0.0,0.0,2.0
7.782594198066023,0.04227869401355999,8.881784197001252e-16,0.0,-8.881784197001252e-16,2.0
7.786595531843949,0.042278694013490714,0.0,-8.881784197001252e-16,-8.881784197001252e-16,2.0
7.7905968656218745,0.04227869401342499,0.0,0.0,0.0,2.0
7.7945981993998,0.042278694013362816,0.0,-8.881784197001252e-16,-8.881784197001252e-16,2.0
7.798599533177726,0.04227869401330775,0.0,-8.881784197001252e-16,-8.881784197001252e-16,2.0
7.802600866955652,0.0422786940132589,0.0,-8.881784197001252e-16,-8.881784197001252e-16,2.0
7.806602200733578,0.04227869401321627,0.0,0.0,-8.881784197001252e-16,2.0
7.810603534511504,0.04227869401318518,-8.881784197001252e-16,-8.881784197001252e-16,-8.881784197001252e-16,2.0
7.81460486828943,0.04227869401316209,0.0,-8.881784197001252e-16,-8.881784197001252e-16,2.0
7.818606202067357,0.04227869401315232,0.0,-8.881784197001252e-16,-8.881784197001252e-16,2.0
7.8226075358452825,0.042278694013153206,0.0,0.0,0.0,2.0
7.826608869623208,0.042278694013168305,0.0,-8.881784197001252e-16,-8.881784197001252e-16,2.0
7.830610203401134,0.042278694013197615,8.881784197001252e-16,0.0,-8.881784197001252e-16,2.0
7.83461153717906,0.04227869401324469,8.881784197001252e-16,-8.881784197001252e-16,-8.881784197001252e-16,2.0
7.838612870956986,0.042278694013299756,0.0,0.0,0.0,2.0
7.842614204734912,0.042278694013358376,-8.881784197001252e-16,-8.881784197001252e-16,-8.881784197001252e-16,2.0
7.846615538512838,0.04227869401342055,0.0,-8.881784197001252e-16,-8.881784197001252e-16,2.0
7.850616872290764,0.0422786940134845,0.0,0.0,0.0,2.0
7.8546182060686895,0.042278694013549334,8.881784197001252e-16,-8.881784197001252e-16,-8.881784197001252e-16,2.0
7.858619539846616,0.04227869401361506,1.7763568394002505e-15,0.0,0.0,2.0
7.862620873624542,0.04227869401367812,0.0,-8.881784197001252e-16,-8.881784197001252e-16,2.0
7.866622207402468,0.042278694013739404,-1.7763568394002505e-15,-1.7763568394002505e-15,-1.7763568394002505e-15,2.0
7.870623541180394,0.042278694013802465,0.0,0.0,0.0,2.0
7.87462487495832,0.04227869401385842,0.0,0.0,0.0,2.0
7.878626208736246,0.042278694013914375,0.0,0.0,0.0,2.0
7.882627542514172,0.04227869401396678,0.0,-8.881784197001252e-16,-8.881784197001252e-16,2.0
7.8866288762920975,0.04227869401401385,8.881784197001252e-16,0.0,-1.7763568394002505e-15,2.0
7.890630210070023,0.042278694014055596,-8.881784197001252e-16,-8.881784197001252e-16,-8.881784197001252e-16,2.0
7.894631543847949,0.0422786940140929,-8.881784197001252e-16,-8.881784197001252e-16,-8.881784197001252e-16,2.0
7.898632877625876,0.04227869401412576,0.0,0.0,-8.881784197001252e-16,2.0
7.902634211403802,0.04227869401415152,-1.7763568394002505e-15,-1.7763568394002505e-15,-1.7763568394002505e-15,2.0
7.906635545181728,0.042278694014172835,-8.881784197001252e-16,-1.7763568394002505e-15,-1.7763568394002505e-15,2.0
7.910636878959654,0.04227869401418882,0.0,0.0,0.0,2.0
7.91463821273758,0.04227869401419859,0.0,-8.881784197001252e-16,-1.7763568394002505e-15,2.0
7.9186395465155055,0.04227869401420303,0.0,0.0,0.0,2.0
7.922640880293431,0.042278694014202145,0.0,0.0,0.0,2.0
7.926642214071357,0.04227869401419504,0.0,0.0,0.0,2.0
7.930643547849283,0.04227869401418172,0.0,-8.881784197001252e-16,-8.881784197001252e-16,2.0
7.934644881627209,0.04227869401416395,0.0,0.0,0.0,2.0
7.938646215405136,0.04227869401414175,-8.881784197001252e-16,-8.881784197001252e-16,-8.881784197001252e-16,2.0
7.942647549183062,0.042278694014114215,0.0,0.0,0.0,2.0
7.946648882960988,0.04227869401408224,-8.881784197001252e-16,-8.881784197001252e-16,-8.881784197001252e-16,2.0
7.9506502167389135,0.0422786940140476,-8.881784197001252e-16,-8.881784197001252e-16,-8.881784197001252e-16,2.0
7.954651550516839,0.0422786940140103,8.881784197001252e-16,-8.881784197001252e-16,-8.881784197001252e-16,2.0
7.958652884294765,0.042278694013968554,-1.7763568394002505e-15,-1.7763568394002505e-15,-1.7763568394002505e-15,2.0
7.962654218072691,0.042278694013924145,-8.881784197001252e-16,-1.7763568394002505e-15,-1.7763568394002505e-15,2.0
7.966655551850617,0.04227869401388151,0.0,0.0,0.0,2.0
7.970656885628543,0.04227869401383799,-1.7763568394002505e-15,-1.7763568394002505e-15,-1.7763568394002505e-15,2.0
7.974658219406469,0.04227869401379358,0.0,0.0,0.0,2.0
7.978659553184396,0.04227869401375006,0.0,0.0,0.0,2.0
7.9826608869623215,0.04227869401370832,8.881784197001252e-16,0.0,0.0,2.0
7.986662220740247,0.04227869401366835,-1.7763568394002505e-15,-1.7763568394002505e-15,-1.7763568394002505e-15,2.0
7.990663554518173,0.04227869401363549,8.881784197001252e-16,-8.881784197001252e-16,-8.881784197001252e-16,2.0
7.994664888296099,0.04227869401360618,8.881784197001252e-16,0.0,-8.881784197001252e-16,2.0
7.998666222074025,0.042278694013582196,-8.881784197001252e-16,-8.881784197001252e-16,-8.881784197001252e-16,2.0
8.002667555851952,0.04227869401356532,0.0,-8.881784197001252e-16,-8.881784197001252e-16,2.0
8.006668889629877,0.042278694013558216,1.7763568394002505e-15,-8.881784197001252e-16,-1.7763568394002505e-15,2.0
8.010670223407804,0.042278694013559104,-8.881784197001252e-16,-8.881784197001252e-16,-8.881784197001252e-16,2.0
8.014671557185729,0.0422786940135742,0.0,0.0,0.0,2.0
8.018672890963655,0.04227869401359907,0.0,0.0,-8.881784197001252e-16,2.0
8.02267422474158,0.04227869401363016,0.0,-1.7763568394002505e-15,-1.7763568394002505e-15,2.0
8.026675558519507,0.04227869401366213,-8.881784197001252e-16,-8.881784197001252e-16,-8.881784197001252e-16,2.0
8.030676892297432,0.04227869401369588,-8.881784197001252e-16,-8.881784197001252e-16,-8.881784197001252e-16,2.0
8.034678226075359,0.04227869401373141,8.881784197001252e-16,0.0,0.0,2.0
8.038679559853286,0.042278694013768714,0.0,0.0,0.0,2.0
8.04268089363121,0.04227869401380513,8.881784197001252e-16,-1.7763568394002505e-15,-1.7763568394002505e-15,2.0
8.046682227409137,0.04227869401383977,-8.881784197001252e-16,-8.881784197001252e-16,-8.881784197001252e-16,2.0
8.050683561187062,0.04227869401387352,8.881784197001252e-16,-8.881784197001252e-16,-8.881784197001252e-16,2.0
8.05468489496499,0.04227869401390727,-8.881784197001252e-16,-8.881784197001252e-16,-8.881784197001252e-16,2.0
8.058686228742914,0.04227869401394013,0.0,0.0,0.0,2.0
8.062687562520841,0.04227869401397033,-8.881784197001252e-16,-1.7763568394002505e-15,-1.7763568394002505e-15,2.0
8.066688896298766,0.04227869401399964,-8.881784197001252e-16,-8.881784197001252e-16,-8.881784197001252e-16,2.0
8.070690230076693,0.04227869401402451,8.881784197001252e-16,0.0,0.0,2.0
8.074691563854618,0.042278694014046714,0.0,-8.881784197001252e-16,-8.881784197001252e-16,2.0
8.078692897632545,0.04227869401406892,-8.881784197001252e-16,-8.881784197001252e-16,-8.881784197001252e-16,2.0
8.082694231410471,0.042278694014084905,0.0,0.0,0.0,2.0
8.086695565188396,0.042278694014100004,0.0,-8.881784197001252e-16,-8.881784197001252e-16,2.0
8.090696898966323,0.04227869401411155,8.881784197001252e-16,0.0,0.0,2.0
8.094698232744248,0.042278694014118656,0.0,0.0,-8.881784197001252e-16,2.0
8.098699566522175,0.042278694014124873,8.881784197001252e-16,0.0,0.0,2.0
8.1027009003001,0.04227869401412754,0.0,0.0,0.0,2.0
8.106702234078027,0.04227869401412576,0.0,-8.881784197001252e-16,-8.881784197001252e-16,2.0
8.110703567855952,0.04227869401412221,8.881784197001252e-16,0.0,0.0,2.0
8.114704901633878,0.04227869401411244,-8.881784197001252e-16,-8.881784197001252e-16,-8.881784197001252e-16,2.0
8.118706235411805,0.04227869401410267,-8.881784197001252e-16,-8.881784197001252e-16,-8.881784197001252e-16,2.0
8.12270756918973,0.042278694014090235,0.0,-8.881784197001252e-16,-8.881784197001252e-16,2.0
8.126708902967657,0.042278694014076024,0.0,-1.7763568394002505e-15,-1.7763568394002505e-15,2.0
8.130710236745582,0.04227869401405737,-8.881784197001252e-16,-8.881784197001252e-16,-8.881784197001252e-16,2.0
8.134711570523509,0.04227869401403872,0.0,-8.881784197001252e-16,-8.881784197001252e-16,2.0
8.138712904301434,0.042278694014017404,0.0,0.0,0.0,2.0
8.14271423807936,0.04227869401399431,0.0,0.0,0.0,2.0
8.146715571857285,0.04227869401397033,0.0,0.0,0.0,2.0
8.150716905635212,0.04227869401394635,-8.881784197001252e-16,-8.881784197001252e-16,-8.881784197001252e-16,2.0
8.154718239413137,0.042278694013919704,-8.881784197001252e-16,-8.881784197001252e-16,-1.7763568394002505e-15,2.0
8.158719573191064,0.04227869401389661,0.0,-8.881784197001252e-16,-8.881784197001252e-16,2.0
8.16272090696899,0.04227869401387263,8.881784197001252e-16,-8.881784197001252e-16,-1.7763568394002505e-15,2.0
8.166722240746916,0.04227869401384865,-1.7763568394002505e-15,-1.7763568394002505e-15,-1.7763568394002505e-15,2.0
8.170723574524843,0.04227869401382911,0.0,-8.881784197001252e-16,-8.881784197001252e-16,2.0
8.174724908302768,0.04227869401381046,-8.881784197001252e-16,-1.7763568394002505e-15,-1.7763568394002505e-15,2.0
8.178726242080694,0.04227869401379447,-8.881784197001252e-16,-8.881784197001252e-16,-8.881784197001252e-16,2.0
8.18272757585862,0.04227869401378204,0.0,-8.881784197001252e-16,-8.881784197001252e-16,2.0
8.186728909636546,0.042278694013773155,0.0,0.0,0.0,2.0
8.190730243414471,0.042278694013768714,0.0,-1.7763568394002505e-15,-1.7763568394002505e-15,2.0
8.194731577192398,0.04227869401377138,0.0,0.0,0.0,2.0
8.198732910970325,0.04227869401377937,8.881784197001252e-16,0.0,0.0,2.0
8.20273424474825,0.04227869401379447,0.0,-8.881784197001252e-16,-8.881784197001252e-16,2.0
8.206735578526176,0.04227869401381401,8.881784197001252e-16,-1.7763568394002505e-15,-1.7763568394002505e-15,2.0
8.210736912304101,0.04227869401383533,0.0,0.0,-8.881784197001252e-16,2.0
8.214738246082028,0.042278694013860196,0.0,0.0,0.0,2.0
8.218739579859953,0.042278694013885953,-8.881784197001252e-16,-8.881784197001252e-16,-8.881784197001252e-16,2.0
8.22274091363788,0.04227869401391526,8.881784197001252e-16,8.881784197001252e-16,8.881784197001252e-16,2.0
8.226742247415805,0.04227869401394457,8.881784197001252e-16,8.881784197001252e-16,0.0,2.0
8.230743581193732,0.04227869401397477,8.881784197001252e-16,-8.881784197001252e-16,-8.881784197001252e-16,2.0
8.234744914971659,0.04227869401400497,8.881784197001252e-16,-8.881784197001252e-16,-8.881784197001252e-16,2.0
8.238746248749584,0.04227869401403428,-8.881784197001252e-16,-8.881784197001252e-16,-8.881784197001252e-16,2.0
8.24274758252751,0.04227869401406359,8.881784197001252e-16,-8.881784197001252e-16,-8.881784197001252e-16,2.0
8.246748916305435,0.04227869401409112,-8.881784197001252e-16,-8.881784197001252e-16,-8.881784197001252e-16,2.0
8.250750250083362,0.042278694014118656,-8.881784197001252e-16,-8.881784197001252e-16,-8.881784197001252e-16,2.0
8.254751583861287,0.04227869401414264,8.881784197001252e-16,0.0,0.0,2.0
8.258752917639214,0.04227869401416573,-8.881784197001252e-16,-8.881784197001252e-16,-8.881784197001252e-16,2.0
8.262754251417139,0.04227869401418882,0.0,-8.881784197001252e-16,-8.881784197001252e-16,2.0
8.266755585195066,0.04227869401420836,0.0,-8.881784197001252e-16,-8.881784197001252e-16,2.0
8.27075691897299,0.04227869401422435,-8.881784197001252e-16,-8.881784197001252e-16,-8.881784197001252e-16,2.0
8.274758252750917,0.04227869401423945,8.881784197001252e-16,-8.881784197001252e-16,-8.881784197001252e-16,2.0
8.278759586528844,0.04227869401425011,0.0,-8.881784197001252e-16,-8.881784197001252e-16,2.0
8.28276092030677,0.04227869401425988,8.881784197001252e-16,0.0,-8.881784197001252e-16,2.0
8.286762254084696,0.04227869401426432,0.0,0.0,0.0,2.0
8.290763587862621,0.04227869401426698,-8.881784197001252e-16,-8.881784197001252e-16,-8.881784197001252e-16,2.0
8.294764921640548,0.042278694014266094,-8.881784197001252e-16,-8.881784197001252e-16,-8.881784197001252e-16,2.0
8.298766255418473,0.04227869401426343,-8.881784197001252e-16,-8.881784197001252e-16,-8.881784197001252e-16,2.0
8.3027675891964,0.04227869401425721,8.881784197001252e-16,0.0,0.0,2.0
8.306768922974324,0.04227869401424833,-8.881784197001252e-16,-8.881784197001252e-16,-8.881784197001252e-16,2.0
8.310770256752251,0.04227869401423501,0.0,0.0,-8.881784197001252e-16,2.0
8.314771590530178,0.0422786940142208,0.0,0.0,-8.881784197001252e-16,2.0
8.318772924308103,0.042278694014202145,0.0,0.0,0.0,2.0
8.32277425808603,0.04227869401418083,-8.881784197001252e-16,-8.881784197001252e-16,-8.881784197001252e-16,2.0
8.326775591863955,0.042278694014157736,0.0,0.0,0.0,2.0
8.330776925641882,0.04227869401413198,-8.881784197001252e-16,-8.881784197001252e-16,-8.881784197001252e-16,2.0
8.334778259419807,0.042278694014105334,8.881784197001252e-16,0.0,-1.7763568394002505e-15,2.0
8.338779593197733,0.042278694014076024,-8.881784197001252e-16,-8.881784197001252e-16,-8.881784197001252e-16,2.0
8.342780926975658,0.042278694014045826,0.0,0.0,0.0,2.0
8.346782260753585,0.04227869401401385,-8.881784197001252e-16,-8.881784197001252e-16,-8.881784197001252e-16,2.0
8.35078359453151,0.042278694013982765,0.0,0.0,0.0,2.0
8.354784928309437,0.0422786940139499,8.881784197001252e-16,0.0,0.0,2.0
8.358786262087364,0.04227869401391704,-8.881784197001252e-16,-8.881784197001252e-16,-8.881784197001252e-16,2.0
8.362787595865289,0.04227869401388418,0.0,0.0,-8.881784197001252e-16,2.0
8.366788929643215,0.042278694013851315,0.0,0.0,0.0,2.0
8.37079026342114,0.042278694013821116,0.0,0.0,0.0,2.0
8.374791597199067,0.04227869401379358,0.0,-1.7763568394002505e-15,-1.7763568394002505e-15,2.0
8.378792930976992,0.04227869401376516,0.0,-8.881784197001252e-16,-8.881784197001252e-16,2.0
8.382794264754919,0.04227869401374029,0.0,0.0,0.0,2.0
8.386795598532844,0.042278694013718976,8.881784197001252e-16,0.0,-8.881784197001252e-16,2.0
8.39079693231077,0.0422786940137021,0.0,-8.881784197001252e-16,-8.881784197001252e-16,2.0
8.394798266088698,0.042278694013689666,0.0,0.0,0.0,2.0
8.398799599866623,0.042278694013680784,0.0,0.0,0.0,2.0
8.40280093364455,0.04227869401367812,8.881784197001252e-16,-8.881784197001252e-16,-8.881784197001252e-16,2.0
8.406802267422474,0.04227869401368167,0.0,0.0,-1.7763568394002505e-15,2.0
8.410803601200401,0.042278694013694995,-8.881784197001252e-16,-8.881784197001252e-16,-8.881784197001252e-16,2.0
8.414804934978326,0.04227869401371276,0.0,0.0,-8.881784197001252e-16,2.0
8.418806268756253,0.042278694013739404,8.881784197001252e-16,0.0,0.0,2.0
8.422807602534178,0.04227869401377493,0.0,0.0,0.0,2.0
8.426808936312105,0.0422786940138149,8.881784197001252e-16,0.0,0.0,2.0
8.43081027009003,0.04227869401385931,0.0,0.0,-8.881784197001252e-16,2.0
8.434811603867956,0.04227869401390816,-8.881784197001252e-16,-8.881784197001252e-16,-8.881784197001252e-16,2.0
8.438812937645883,0.04227869401396056,0.0,0.0,0.0,2.0
8.442814271423808,0.04227869401401474,8.881784197001252e-16,0.0,0.0,2.0
8.446815605201735,0.042278694014069806,0.0,-8.881784197001252e-16,-8.881784197001252e-16,2.0
8.45081693897966,0.04227869401412665,-8.881784197001252e-16,-8.881784197001252e-16,-8.881784197001252e-16,2.0
8.454818272757587,0.04227869401418349,-8.881784197001252e-16,-8.881784197001252e-16,-8.881784197001252e-16,2.0
8.458819606535512,0.04227869401424034,8.881784197001252e-16,0.0,0.0,2.0
8.462820940313438,0.042278694014295404,8.881784197001252e-16,8.881784197001252e-16,0.0,2.0
8.466822274091363,0.04227869401434692,0.0,0.0,0.0,2.0
8.47082360786929,0.042278694014397544,0.0,-8.881784197001252e-16,-1.7763568394002505e-15,2.0
8.474824941647217,0.04227869401444284,0.0,-8.881784197001252e-16,-8.881784197001252e-16,2.0
8.478826275425142,0.04227869401448636,-8.881784197001252e-16,-8.881784197001252e-16,-8.881784197001252e-16,2.0
8.482827609203069,0.04227869401452722,0.0,-8.881784197001252e-16,-8.881784197001252e-16,2.0
8.486828942980994,0.04227869401456097,0.0,-8.881784197001252e-16,-8.881784197001252e-16,2.0
8.49083027675892,0.042278694014592944,8.881784197001252e-16,0.0,0.0,2.0
8.494831610536846,0.04227869401461515,-8.881784197001252e-16,-8.881784197001252e-16,-8.881784197001252e-16,2.0
8.498832944314772,0.04227869401463469,-8.881784197001252e-16,-8.881784197001252e-16,-8.881784197001252e-16,2.0
8.502834278092697,0.0422786940146489,0.0,0.0,0.0,2.0
8.506835611870624,0.042278694014660445,0.0,-8.881784197001252e-16,-8.881784197001252e-16,2.0
8.510836945648549,0.04227869401466133,0.0,0.0,-8.881784197001252e-16,2.0
8.514838279426476,0.04227869401465778,0.0,-8.881784197001252e-16,-1.7763568394002505e-15,2.0
8.518839613204403,0.04227869401464801,0.0,0.0,-1.7763568394002505e-15,2.0
8.522840946982328,0.04227869401463469,0.0,0.0,-8.881784197001252e-16,2.0
8.526842280760254,0.04227869401461248,-8.881784197001252e-16,-8.881784197001252e-16,-8.881784197001252e-16,2.0
8.53084361453818,0.042278694014586726,0.0,0.0,0.0,2.0
8.534844948316106,0.04227869401455475,8.881784197001252e-16,8.881784197001252e-16,0.0,2.0
8.538846282094031,0.04227869401451567,0.0,0.0,0.0,2.0
8.542847615871958,0.04227869401447304,0.0,0.0,0.0,2.0
8.546848949649883,0.04227869401442419,0.0,0.0,0.0,2.0
8.55085028342781,0.0422786940143709,0.0,-8.881784197001252e-16,-8.881784197001252e-16,2.0
8.554851617205737,0.04227869401431317,-8.881784197001252e-16,-8.881784197001252e-16,-8.881784197001252e-16,2.0
8.558852950983662,0.04227869401425277,-8.881784197001252e-16,-8.881784197001252e-16,-8.881784197001252e-16,2.0
8.562854284761588,0.04227869401418882,0.0,0.0,0.0,2.0
8.566855618539513,0.042278694014118656,-1.7763568394002505e-15,-1.7763568394002505e-15,-1.7763568394002505e-15,2.0
8.57085695231744,0.042278694014050267,8.881784197001252e-16,0.0,0.0,2.0
8.574858286095365,0.042278694013977436,8.881784197001252e-16,0.0,0.0,2.0
8.578859619873292,0.04227869401390283,0.0,0.0,0.0,2.0
8.582860953651217,0.04227869401383,-1.7763568394002505e-15,-1.7763568394002505e-15,-1.7763568394002505e-15,2.0
8.586862287429144,0.0422786940137545,-8.881784197001252e-16,-8.881784197001252e-16,-8.881784197001252e-16,2.0
8.590863621207069,0.04227869401368167,0.0,0.0,-8.881784197001252e-16,2.0
8.594864954984995,0.04227869401360973,0.0,0.0,0.0,2.0
8.598866288762922,0.042278694013539564,8.881784197001252e-16,-8.881784197001252e-16,-8.881784197001252e-16,2.0
8.602867622540847,0.04227869401347206,0.0,0.0,0.0,2.0
8.606868956318774,0.04227869401341078,0.0,-8.881784197001252e-16,-1.7763568394002505e-15,2.0
8.610870290096699,0.042278694013353046,0.0,0.0,0.0,2.0
8.614871623874626,0.04227869401330153,0.0,0.0,0.0,2.0
8.61887295765255,0.04227869401325712,8.881784197001252e-16,8.881784197001252e-16,8.881784197001252e-16,2.0
8.622874291430477,0.042278694013221596,-8.881784197001252e-16,-8.881784197001252e-16,-8.881784197001252e-16,2.0
8.626875625208402,0.04227869401319673,0.0,-8.881784197001252e-16,-1.7763568394002505e-15,2.0
8.63087695898633,0.04227869401318074,0.0,0.0,0.0,2.0
8.634878292764256,0.0422786940131763,-8.881784197001252e-16,-8.881784197001252e-16,-8.881784197001252e-16,2.0
8.638879626542181,0.04227869401318607,0.0,0.0,0.0,2.0
8.642880960320108,0.04227869401320916,-8.881784197001252e-16,-1.7763568394002505e-15,-1.7763568394002505e-15,2.0
8.646882294098033,0.04227869401324824,-8.881784197001252e-16,-8.881784197001252e-16,-8.881784197001252e-16,2.0
8.65088362787596,0.04227869401329887,-8.881784197001252e-16,-8.881784197001252e-16,-1.7763568394002505e-15,2.0
8.654884961653885,0.04227869401335749,0.0,-8.881784197001252e-16,-8.881784197001252e-16,2.0
8.658886295431811,0.042278694013416995,0.0,0.0,0.0,2.0
8.662887629209736,0.04227869401347828,0.0,0.0,-1.7763568394002505e-15,2.0
8.666888962987663,0.04227869401354134,-1.7763568394002505e-15,-1.7763568394002505e-15,-1.7763568394002505e-15,2.0
8.670890296765588,0.04227869401360618,0.0,-1.7763568394002505e-15,-1.7763568394002505e-15,2.0
8.674891630543515,0.04227869401366924,8.881784197001252e-16,8.881784197001252e-16,8.881784197001252e-16,2.0
8.678892964321442,0.0422786940137323,0.0,-8.881784197001252e-16,-8.881784197001252e-16,2.0
8.682894298099367,0.042278694013792695,0.0,0.0,0.0,2.0
8.686895631877293,0.042278694013851315,0.0,-8.881784197001252e-16,-8.881784197001252e-16,2.0
8.690896965655218,0.04227869401390638,0.0,-8.881784197001252e-16,-8.881784197001252e-16,2.0
8.694898299433145,0.04227869401395967,8.881784197001252e-16,0.0,0.0,2.0
8.69889963321107,0.04227869401400852,8.881784197001252e-16,0.0,-8.881784197001252e-16,2.0
8.702900966988997,0.042278694014051155,0.0,0.0,0.0,2.0
8.706902300766922,0.042278694014089346,-1.7763568394002505e-15,-1.7763568394002505e-15,-1.7763568394002505e-15,2.0
8.710903634544849,0.042278694014123985,8.881784197001252e-16,-8.881784197001252e-16,-8.881784197001252e-16,2.0
8.714904968322776,0.04227869401415418,0.0,-8.881784197001252e-16,-8.881784197001252e-16,2.0
8.7189063021007,0.04227869401417639,0.0,0.0,-1.7763568394002505e-15,2.0
8.722907635878627,0.04227869401419415,8.881784197001252e-16,0.0,0.0,2.0
8.726908969656552,0.042278694014207474,0.0,0.0,0.0,2.0
8.730910303434479,0.0422786940142128,-8.881784197001252e-16,-8.881784197001252e-16,-8.881784197001252e-16,2.0
8.734911637212404,0.04227869401421458,8.881784197001252e-16,0.0,0.0,2.0
8.73891297099033,0.04227869401420836,0.0,-8.881784197001252e-16,-8.881784197001252e-16,2.0
8.742914304768256,0.042278694014197704,0.0,-8.881784197001252e-16,-8.881784197001252e-16,2.0
8.746915638546183,0.04227869401418349,8.881784197001252e-16,-8.881784197001252e-16,-8.881784197001252e-16,2.0
8.750916972324108,0.042278694014163065,8.881784197001252e-16,-8.881784197001252e-16,-8.881784197001252e-16,2.0
8.754918306102034,0.04227869401413731,0.0,0.0,0.0,2.0
8.758919639879961,0.04227869401410711,8.881784197001252e-16,-8.881784197001252e-16,-8.881784197001252e-16,2.0
8.762920973657886,0.04227869401407425,0.0,-8.881784197001252e-16,-8.881784197001252e-16,2.0
8.766922307435813,0.04227869401403783,8.881784197001252e-16,-8.881784197001252e-16,-8.881784197001252e-16,2.0
8.770923641213738,0.0422786940139952,-8.881784197001252e-16,-8.881784197001252e-16,-8.881784197001252e-16,2.0
8.774924974991665,0.04227869401395434,0.0,0.0,0.0,2.0
8.77892630876959,0.042278694013909046,0.0,0.0,0.0,2.0
8.782927642547516,0.042278694013865525,0.0,-8.881784197001252e-16,-8.881784197001252e-16,2.0
8.786928976325441,0.04227869401381934,0.0,0.0,0.0,2.0
8.790930310103368,0.04227869401377582,0.0,0.0,-8.881784197001252e-16,2.0
8.794931643881295,0.0422786940137323,-8.881784197001252e-16,-1.7763568394002505e-15,-1.7763568394002505e-15,2.0
8.79893297765922,0.04227869401369144,0.0,0.0,-1.7763568394002505e-15,2.0
8.802934311437147,0.04227869401365503,0.0,-8.881784197001252e-16,-8.881784197001252e-16,2.0
8.806935645215072,0.042278694013621276,0.0,0.0,0.0,2.0
8.810936978992999,0.04227869401359374,-8.881784197001252e-16,-8.881784197001252e-16,-8.881784197001252e-16,2.0
8.814938312770924,0.042278694013572427,0.0,-8.881784197001252e-16,-8.881784197001252e-16,2.0
8.81893964654885,0.042278694013558216,0.0,-8.881784197001252e-16,-8.881784197001252e-16,2.0
8.822940980326775,0.042278694013553775,8.881784197001252e-16,0.0,0.0,2.0
8.826942314104702,0.04227869401355999,0.0,-8.881784197001252e-16,-8.881784197001252e-16,2.0
8.830943647882627,0.04227869401357687,0.0,0.0,-8.881784197001252e-16,2.0
8.834944981660554,0.04227869401360529,0.0,0.0,0.0,2.0
8.83894631543848,0.04227869401363815,0.0,-8.881784197001252e-16,-8.881784197001252e-16,2.0
8.842947649216406,0.0422786940136719,0.0,-8.881784197001252e-16,-8.881784197001252e-16,2.0
8.846948982994332,0.04227869401370832,8.881784197001252e-16,-8.881784197001252e-16,-8.881784197001252e-16,2.0
8.850950316772257,0.042278694013743845,0.0,0.0,0.0,2.0
8.854951650550184,0.04227869401378026,8.881784197001252e-16,8.881784197001252e-16,8.881784197001252e-16,2.0
8.85895298432811,0.042278694013816676,8.881784197001252e-16,0.0,-8.881784197001252e-16,2.0
8.862954318106036,0.04227869401385309,-8.881784197001252e-16,-8.881784197001252e-16,-8.881784197001252e-16,2.0
8.866955651883961,0.04227869401388773,-8.881784197001252e-16,-8.881784197001252e-16,-8.881784197001252e-16,2.0
8.870956985661888,0.04227869401392148,0.0,0.0,-8.881784197001252e-16,2.0
8.874958319439815,0.04227869401395434,8.881784197001252e-16,8.881784197001252e-16,8.881784197001252e-16,2.0
8.87895965321774,0.04227869401398543,8.881784197001252e-16,0.0,-1.7763568394002505e-15,2.0
8.882960986995666,0.04227869401401119,-8.881784197001252e-16,-8.881784197001252e-16,-8.881784197001252e-16,2.0
8.886962320773591,0.04227869401403872,-8.881784197001252e-16,-8.881784197001252e-16,-8.881784197001252e-16,2.0
8.890963654551518,0.042278694014060925,8.881784197001252e-16,0.0,-8.881784197001252e-16,2.0
8.894964988329443,0.04227869401408135,8.881784197001252e-16,0.0,0.0,2.0
8.89896632210737,0.04227869401409734,0.0,0.0,0.0,2.0
8.902967655885295,0.04227869401411244,0.0,0.0,0.0,2.0
8.906968989663222,0.042278694014123985,8.881784197001252e-16,0.0,0.0,2.0
8.910970323441148,0.0422786940141302,-8.881784197001252e-16,-8.881784197001252e-16,-8.881784197001252e-16,2.0
8.914971657219073,0.04227869401413464,8.881784197001252e-16,-8.881784197001252e-16,-8.881784197001252e-16,2.0
8.918972990997,0.04227869401413642,-8.881784197001252e-16,-8.881784197001252e-16,-2.6645352591003757e-15,2.0
8.922974324774925,0.042278694014133755,0.0,0.0,0.0,2.0
8.926975658552852,0.042278694014129314,-8.881784197001252e-16,-8.881784197001252e-16,-8.881784197001252e-16,2.0
8.930976992330777,0.042278694014119544,-8.881784197001252e-16,-8.881784197001252e-16,-8.881784197001252e-16,2.0
8.934978326108704,0.042278694014109774,0.0,-8.881784197001252e-16,-8.881784197001252e-16,2.0
8.938979659886629,0.042278694014095564,0.0,0.0,-1.7763568394002505e-15,2.0
8.942980993664555,0.04227869401407691,-8.881784197001252e-16,-8.881784197001252e-16,-8.881784197001252e-16,2.0
8.94698232744248,0.042278694014060925,0.0,-8.881784197001252e-16,-1.7763568394002505e-15,2.0
8.950983661220407,0.04227869401403872,0.0,0.0,-8.881784197001252e-16,2.0
8.954984994998334,0.042278694014016516,0.0,-8.881784197001252e-16,-8.881784197001252e-16,2.0
8.958986328776259,0.042278694013992535,0.0,0.0,0.0,2.0
8.962987662554186,0.04227869401396678,8.881784197001252e-16,0.0,0.0,2.0
8.96698899633211,0.04227869401394102,-1.7763568394002505e-15,-1.7763568394002505e-15,-1.7763568394002505e-15,2.0
8.970990330110038,0.04227869401391526,8.881784197001252e-16,0.0,0.0,2.0
8.974991663887963,0.042278694013890394,0.0,-8.881784197001252e-16,-8.881784197001252e-16,2.0
8.97899299766589,0.04227869401386464,0.0,-8.881784197001252e-16,-8.881784197001252e-16,2.0
8.982994331443814,0.04227869401383888,8.881784197001252e-16,-8.881784197001252e-16,-8.881784197001252e-16,2.0
8.986995665221741,0.04227869401381934,0.0,0.0,0.0,2.0
8.990996998999668,0.04227869401379891,8.881784197001252e-16,8.881784197001252e-16,-8.881784197001252e-16,2.0
8.994998332777593,0.04227869401378204,-8.881784197001252e-16,-8.881784197001252e-16,-8.881784197001252e-16,2.0
8.99899966655552,0.0422786940137696,0.0,-8.881784197001252e-16,-8.881784197001252e-16,2.0
9.003001000333445,0.04227869401376072,0.0,-8.881784197001252e-16,-8.881784197001252e-16,2.0
9.007002334111371,0.04227869401375717,0.0,0.0,-8.881784197001252e-16,2.0
9.011003667889296,0.04227869401376072,-8.881784197001252e-16,-8.881784197001252e-16,-1.7763568394002505e-15,2.0
9.015005001667223,0.042278694013768714,0.0,-8.881784197001252e-16,-8.881784197001252e-16,2.0
9.019006335445148,0.0422786940137847,0.0,0.0,0.0,2.0
9.023007669223075,0.04227869401380424,0.0,0.0,0.0,2.0
9.027009003001,0.04227869401382822,0.0,0.0,0.0,2.0
9.031010336778927,0.04227869401385398,8.881784197001252e-16,8.881784197001252e-16,-8.881784197001252e-16,2.0
9.035011670556854,0.04227869401388151,0.0,-8.881784197001252e-16,-8.881784197001252e-16,2.0
9.039013004334779,0.042278694013909934,0.0,0.0,0.0,2.0
9.043014338112705,0.04227869401394102,8.881784197001252e-16,0.0,0.0,2.0
9.04701567189063,0.04227869401397033,-8.881784197001252e-16,-8.881784197001252e-16,-8.881784197001252e-16,2.0
9.051017005668557,0.04227869401400142,0.0,0.0,0.0,2.0
9.055018339446482,0.04227869401403339,0.0,0.0,0.0,2.0
9.059019673224409,0.04227869401406359,0.0,0.0,-1.7763568394002505e-15,2.0
9.063021007002334,0.04227869401409201,-8.881784197001252e-16,-8.881784197001252e-16,-1.7763568394002505e-15,2.0
9.06702234078026,0.04227869401412043,0.0,-8.881784197001252e-16,-8.881784197001252e-16,2.0
9.071023674558187,0.04227869401414619,0.0,0.0,0.0,2.0
9.075025008336112,0.04227869401417106,8.881784197001252e-16,-8.881784197001252e-16,-8.881784197001252e-16,2.0
9.07902634211404,0.04227869401419415,8.881784197001252e-16,0.0,0.0,2.0
9.083027675891964,0.0422786940142128,0.0,0.0,0.0,2.0
9.087029009669891,0.04227869401422879,0.0,0.0,0.0,2.0
9.091030343447816,0.04227869401424389,0.0,0.0,0.0,2.0
9.095031677225743,0.042278694014256324,8.881784197001252e-16,0.0,0.0,2.0
9.099033011003668,0.042278694014265206,8.881784197001252e-16,-8.881784197001252e-16,-8.881784197001252e-16,2.0
9.103034344781594,0.042278694014270535,0.0,0.0,-1.7763568394002505e-15,2.0
9.10703567855952,0.04227869401427231,8.881784197001252e-16,8.881784197001252e-16,8.881784197001252e-16,2.0
9.111037012337446,0.04227869401427142,-8.881784197001252e-16,-8.881784197001252e-16,-8.881784197001252e-16,2.0
9.115038346115373,0.04227869401426787,-8.881784197001252e-16,-8.881784197001252e-16,-1.7763568394002505e-15,2.0
9.119039679893298,0.042278694014260765,0.0,-8.881784197001252e-16,-8.881784197001252e-16,2.0
9.123041013671225,0.042278694014250995,-8.881784197001252e-16,-8.881784197001252e-16,-1.7763568394002505e-15,2.0
9.12704234744915,0.04227869401423856,8.881784197001252e-16,8.881784197001252e-16,8.881784197001252e-16,2.0
9.131043681227077,0.042278694014221685,0.0,0.0,0.0,2.0
9.135045015005002,0.04227869401420392,-8.881784197001252e-16,-8.881784197001252e-16,-8.881784197001252e-16,2.0
9.139046348782928,0.042278694014182605,0.0,0.0,0.0,2.0
9.143047682560853,0.042278694014157736,-8.881784197001252e-16,-8.881784197001252e-16,-8.881784197001252e-16,2.0
9.14704901633878,0.04227869401413198,0.0,0.0,0.0,2.0
9.151050350116707,0.04227869401410356,0.0,0.0,0.0,2.0
9.155051683894632,0.042278694014075135,0.0,0.0,0.0,2.0
9.159053017672559,0.04227869401404227,-1.7763568394002505e-15,-1.7763568394002505e-15,-1.7763568394002505e-15,2.0
9.163054351450484,0.0422786940140103,0.0,0.0,0.0,2.0
9.16705568522841,0.04227869401397655,0.0,0.0,-8.881784197001252e-16,2.0
9.171057019006335,0.0422786940139428,-8.881784197001252e-16,-8.881784197001252e-16,-8.881784197001252e-16,2.0
9.175058352784262,0.042278694013909046,0.0,0.0,-8.881784197001252e-16,2.0
9.179059686562187,0.042278694013875295,-8.881784197001252e-16,-8.881784197001252e-16,-8.881784197001252e-16,2.0
9.183061020340114,0.04227869401384243,0.0,-1.7763568394002505e-15,-1.7763568394002505e-15,2.0
9.187062354118039,0.04227869401381046,0.0,-8.881784197001252e-16,-8.881784197001252e-16,2.0
9.191063687895966,0.04227869401378026,8.881784197001252e-16,-8.881784197001252e-16,-8.881784197001252e-16,2.0
9.195065021673893,0.0422786940137545,0.0,0.0,0.0,2.0
9.199066355451818,0.04227869401372786,-8.881784197001252e-16,-8.881784197001252e-16,-8.881784197001252e-16,2.0
9.203067689229744,0.04227869401370654,0.0,0.0,-1.7763568394002505e-15,2.0
9.20706902300767,0.042278694013690554,-8.881784197001252e-16,-8.881784197001252e-16,-8.881784197001252e-16,2.0
9.211070356785596,0.04227869401367723,0.0,0.0,0.0,2.0
9.215071690563521,0.04227869401366924,8.881784197001252e-16,-8.881784197001252e-16,-8.881784197001252e-16,2.0
9.219073024341448,0.042278694013670126,0.0,-8.881784197001252e-16,-8.881784197001252e-16,2.0
9.223074358119373,0.04227869401367457,0.0,0.0,0.0,2.0
9.2270756918973,0.042278694013687,0.0,0.0,0.0,2.0
9.231077025675226,0.04227869401370832,0.0,0.0,0.0,2.0
9.235078359453151,0.04227869401373674,8.881784197001252e-16,0.0,0.0,2.0
9.239079693231078,0.04227869401377138,0.0,0.0,0.0,2.0
9.243081027009003,0.04227869401381312,8.881784197001252e-16,8.881784197001252e-16,0.0,2.0
9.24708236078693,0.04227869401385931,-8.881784197001252e-16,-8.881784197001252e-16,-8.881784197001252e-16,2.0
9.251083694564855,0.042278694013909046,8.881784197001252e-16,0.0,0.0,2.0
9.255085028342782,0.04227869401396056,0.0,0.0,0.0,2.0
9.259086362120707,0.04227869401401563,-8.881784197001252e-16,-8.881784197001252e-16,-1.7763568394002505e-15,2.0
9.263087695898633,0.04227869401407247,-1.7763568394002505e-15,-1.7763568394002505e-15,-1.7763568394002505e-15,2.0
9.267089029676558,0.042278694014129314,8.881784197001252e-16,-8.881784197001252e-16,-8.881784197001252e-16,2.0
9.271090363454485,0.04227869401418527,-1.7763568394002505e-15,-1.7763568394002505e-15,-1.7763568394002505e-15,2.0
9.275091697232412,0.04227869401423945,-8.881784197001252e-16,-8.881784197001252e-16,-8.881784197001252e-16,2.0
9.279093031010337,0.04227869401429363,0.0,0.0,0.0,2.0
9.283094364788264,0.04227869401434514,8.881784197001252e-16,-8.881784197001252e-16,-8.881784197001252e-16,2.0
9.287095698566189,0.04227869401439399,8.881784197001252e-16,8.881784197001252e-16,8.881784197001252e-16,2.0
9.291097032344116,0.04227869401443929,-8.881784197001252e-16,-8.881784197001252e-16,-8.881784197001252e-16,2.0
9.29509836612204,0.04227869401448103,8.881784197001252e-16,-8.881784197001252e-16,-8.881784197001252e-16,2.0
9.299099699899967,0.042278694014518337,0.0,0.0,0.0,2.0
9.303101033677892,0.04227869401455209,-8.881784197001252e-16,-8.881784197001252e-16,-8.881784197001252e-16,2.0
9.307102367455819,0.0422786940145814,0.0,0.0,-1.7763568394002505e-15,2.0
9.311103701233746,0.04227869401460538,0.0,-8.881784197001252e-16,-8.881784197001252e-16,2.0
9.31510503501167,0.04227869401462314,8.881784197001252e-16,0.0,0.0,2.0
9.319106368789598,0.0422786940146338,-8.881784197001252e-16,-8.881784197001252e-16,-8.881784197001252e-16,2.0
9.323107702567523,0.042278694014640905,8.881784197001252e-16,0.0,0.0,2.0
9.32710903634545,0.04227869401464268,0.0,-1.7763568394002505e-15,-1.7763568394002505e-15,2.0
9.331110370123374,0.042278694014636464,0.0,-1.7763568394002505e-15,-1.7763568394002505e-15,2.0
9.335111703901301,0.042278694014625806,-8.881784197001252e-16,-8.881784197001252e-16,-8.881784197001252e-16,2.0
9.339113037679226,0.04227869401460893,8.881784197001252e-16,0.0,0.0,2.0
9.343114371457153,0.0422786940145885,0.0,-1.7763568394002505e-15,-1.7763568394002505e-15,2.0
9.347115705235078,0.04227869401455919,0.0,0.0,0.0,2.0
9.351117039013005,0.042278694014523666,-8.881784197001252e-16,-1.7763568394002505e-15,-1.7763568394002505e-15,2.0
9.355118372790932,0.042278694014485474,8.881784197001252e-16,8.881784197001252e-16,0.0,2.0
9.359119706568857,0.04227869401444195,8.881784197001252e-16,0.0,0.0,2.0
9.363121040346783,0.04227869401439133,1.7763568394002505e-15,8.881784197001252e-16,0.0,2.0
9.367122374124708,0.04227869401433715,8.881784197001252e-16,0.0,0.0,2.0
9.371123707902635,0.042278694014280305,-8.881784197001252e-16,-8.881784197001252e-16,-8.881784197001252e-16,2.0
9.37512504168056,0.042278694014217244,-8.881784197001252e-16,-8.881784197001252e-16,-8.881784197001252e-16,2.0
9.379126375458487,0.04227869401415241,8.881784197001252e-16,8.881784197001252e-16,8.881784197001252e-16,2.0
9.383127709236412,0.042278694014084905,0.0,0.0,0.0,2.0
9.387129043014339,0.04227869401401563,0.0,0.0,0.0,2.0
9.391130376792265,0.042278694013943685,-8.881784197001252e-16,-1.7763568394002505e-15,-1.7763568394002505e-15,2.0
9.39513171057019,0.042278694013869966,0.0,0.0,0.0,2.0
9.399133044348117,0.042278694013797136,0.0,0.0,-8.881784197001252e-16,2.0
9.403134378126042,0.04227869401372519,0.0,-8.881784197001252e-16,-8.881784197001252e-16,2.0
9.407135711903969,0.04227869401365325,1.7763568394002505e-15,0.0,-8.881784197001252e-16,2.0
9.411137045681894,0.042278694013583085,0.0,0.0,0.0,2.0
9.41513837945982,0.04227869401351558,0.0,0.0,0.0,2.0
9.419139713237746,0.04227869401345341,0.0,0.0,0.0,2.0
9.423141047015672,0.04227869401339479,0.0,0.0,0.0,2.0
9.427142380793597,0.0422786940133415,0.0,-8.881784197001252e-16,-8.881784197001252e-16,2.0
9.431143714571524,0.0422786940132962,0.0,0.0,0.0,2.0
9.435145048349451,0.042278694013256235,0.0,0.0,-1.7763568394002505e-15,2.0
9.439146382127376,0.042278694013226925,0.0,0.0,0.0,2.0
9.443147715905303,0.0422786940132065,0.0,-8.881784197001252e-16,-8.881784197001252e-16,2.0
9.447149049683228,0.042278694013197615,0.0,-8.881784197001252e-16,-8.881784197001252e-16,2.0
9.451150383461155,0.04227869401320117,-8.881784197001252e-16,-8.881784197001252e-16,-8.881784197001252e-16,2.0
9.45515171723908,0.04227869401321982,8.881784197001252e-16,8.881784197001252e-16,8.881784197001252e-16,2.0
9.459153051017006,0.042278694013250906,0.0,0.0,0.0,2.0
9.463154384794931,0.042278694013299756,8.881784197001252e-16,8.881784197001252e-16,-8.881784197001252e-16,2.0
9.467155718572858,0.042278694013353935,8.881784197001252e-16,0.0,0.0,2.0
9.471157052350785,0.04227869401341078,0.0,-8.881784197001252e-16,-8.881784197001252e-16,2.0
9.47515838612871,0.04227869401347206,8.881784197001252e-16,0.0,0.0,2.0
9.479159719906637,0.04227869401353246,-8.881784197001252e-16,-8.881784197001252e-16,-8.881784197001252e-16,2.0
9.483161053684562,0.042278694013598184,0.0,0.0,0.0,2.0
9.487162387462488,0.04227869401365858,0.0,0.0,-8.881784197001252e-16,2.0
9.491163721240413,0.04227869401372253,0.0,0.0,0.0,2.0
9.49516505501834,0.042278694013782925,0.0,-8.881784197001252e-16,-8.881784197001252e-16,2.0
9.499166388796265,0.042278694013841545,0.0,0.0,0.0,2.0
9.503167722574192,0.0422786940138975,8.881784197001252e-16,0.0,0.0,2.0
9.507169056352117,0.04227869401395168,1.7763568394002505e-15,8.881784197001252e-16,8.881784197001252e-16,2.0
9.511170390130044,0.04227869401400053,0.0,0.0,0.0,2.0
9.51517172390797,0.042278694014045826,-8.881784197001252e-16,-8.881784197001252e-16,-8.881784197001252e-16,2.0
9.519173057685896,0.04227869401408668,0.0,0.0,0.0,2.0
9.523174391463822,0.0422786940141231,8.881784197001252e-16,-8.881784197001252e-16,-8.881784197001252e-16,2.0
9.527175725241747,0.04227869401415241,-8.881784197001252e-16,-8.881784197001252e-16,-8.881784197001252e-16,2.0
9.531177059019674,0.042278694014177276,-8.881784197001252e-16,-8.881784197001252e-16,-8.881784197001252e-16,2.0
9.535178392797599,0.04227869401419859,0.0,-8.881784197001252e-16,-8.881784197001252e-16,2.0
9.539179726575526,0.042278694014211915,-8.881784197001252e-16,-1.7763568394002505e-15,-1.7763568394002505e-15,2.0
9.54318106035345,0.042278694014221685,0.0,0.0,0.0,2.0
9.547182394131378,0.04227869401422346,0.0,-8.881784197001252e-16,-8.881784197001252e-16,2.0
9.551183727909304,0.042278694014221685,-8.881784197001252e-16,-8.881784197001252e-16,-8.881784197001252e-16,2.0
9.55518506168723,0.0422786940142128,0.0,0.0,-8.881784197001252e-16,2.0
9.559186395465156,0.04227869401419859,-8.881784197001252e-16,-8.881784197001252e-16,-1.7763568394002505e-15,2.0
9.563187729243081,0.04227869401418083,0.0,-8.881784197001252e-16,-8.881784197001252e-16,2.0
9.567189063021008,0.04227869401415596,0.0,0.0,0.0,2.0
9.571190396798933,0.042278694014128426,0.0,0.0,0.0,2.0
9.57519173057686,0.042278694014095564,-8.881784197001252e-16,-8.881784197001252e-16,-8.881784197001252e-16,2.0
9.579193064354785,0.042278694014060036,0.0,0.0,0.0,2.0
9.583194398132711,0.04227869401402096,0.0,0.0,0.0,2.0
9.587195731910638,0.0422786940139801,8.881784197001252e-16,8.881784197001252e-16,8.881784197001252e-16,2.0
9.591197065688563,0.04227869401393569,0.0,0.0,0.0,2.0
9.59519839946649,0.04227869401389128,0.0,-8.881784197001252e-16,-8.881784197001252e-16,2.0
9.599199733244415,0.0422786940138451,0.0,-8.881784197001252e-16,-8.881784197001252e-16,2.0
9.603201067022342,0.0422786940137998,0.0,0.0,0.0,2.0
9.607202400800267,0.04227869401375539,-8.881784197001252e-16,-1.7763568394002505e-15,-1.7763568394002505e-15,2.0
9.611203734578194,0.04227869401371187,-8.881784197001252e-16,-1.7763568394002505e-15,-1.7763568394002505e-15,2.0
9.615205068356119,0.04227869401367279,-8.881784197001252e-16,-8.881784197001252e-16,-8.881784197001252e-16,2.0
9.619206402134045,0.042278694013637264,8.881784197001252e-16,0.0,0.0,2.0
9.62320773591197,0.04227869401360529,-8.881784197001252e-16,-8.881784197001252e-16,-8.881784197001252e-16,2.0
9.627209069689897,0.04227869401358042,0.0,-8.881784197001252e-16,-8.881784197001252e-16,2.0
9.631210403467824,0.04227869401356177,0.0,0.0,0.0,2.0
9.635211737245749,0.04227869401355111,0.0,-8.881784197001252e-16,-8.881784197001252e-16,2.0
9.639213071023676,0.042278694013552,8.881784197001252e-16,0.0,0.0,2.0
9.6432144048016,0.04227869401356177,0.0,0.0,0.0,2.0
9.647215738579527,0.04227869401358575,0.0,-1.7763568394002505e-15,-1.7763568394002505e-15,2.0
9.651217072357452,0.04227869401361595,-8.881784197001252e-16,-8.881784197001252e-16,-8.881784197001252e-16,2.0
9.65521840613538,0.04227869401364881,-8.881784197001252e-16,-8.881784197001252e-16,-8.881784197001252e-16,2.0
9.659219739913304,0.04227869401368345,0.0,0.0,0.0,2.0
9.663221073691231,0.042278694013719864,0.0,0.0,0.0,2.0
9.667222407469158,0.042278694013758056,0.0,-8.881784197001252e-16,-8.881784197001252e-16,2.0
9.671223741247083,0.04227869401379536,1.7763568394002505e-15,8.881784197001252e-16,8.881784197001252e-16,2.0
9.67522507502501,0.042278694013831775,-8.881784197001252e-16,-8.881784197001252e-16,-8.881784197001252e-16,2.0
9.679226408802935,0.04227869401386819,0.0,0.0,-8.881784197001252e-16,2.0
9.683227742580861,0.04227869401390372,-8.881784197001252e-16,-8.881784197001252e-16,-8.881784197001252e-16,2.0
9.687229076358786,0.04227869401393747,0.0,0.0,-8.881784197001252e-16,2.0
9.691230410136713,0.04227869401397122,-8.881784197001252e-16,-8.881784197001252e-16,-8.881784197001252e-16,2.0
9.695231743914638,0.04227869401400053,0.0,0.0,0.0,2.0
9.699233077692565,0.04227869401402806,-8.881784197001252e-16,-8.881784197001252e-16,-8.881784197001252e-16,2.0
9.70323441147049,0.04227869401405293,-8.881784197001252e-16,-8.881784197001252e-16,-8.881784197001252e-16,2.0
9.707235745248417,0.042278694014076024,0.0,0.0,0.0,2.0
9.711237079026343,0.042278694014095564,8.881784197001252e-16,0.0,-1.7763568394002505e-15,2.0
9.715238412804268,0.04227869401411244,0.0,0.0,0.0,2.0
9.719239746582195,0.042278694014124873,8.881784197001252e-16,-8.881784197001252e-16,-8.881784197001252e-16,2.0
9.72324108036012,0.04227869401413464,-8.881784197001252e-16,-1.7763568394002505e-15,-1.7763568394002505e-15,2.0
9.727242414138047,0.04227869401414086,0.0,0.0,0.0,2.0
9.731243747915972,0.04227869401414441,0.0,-8.881784197001252e-16,-8.881784197001252e-16,2.0
9.735245081693899,0.04227869401414619,8.881784197001252e-16,0.0,0.0,2.0
9.739246415471824,0.04227869401414086,-8.881784197001252e-16,-8.881784197001252e-16,-8.881784197001252e-16,2.0
9.74324774924975,0.04227869401413464,8.881784197001252e-16,8.881784197001252e-16,0.0,2.0
9.747249083027677,0.04227869401412576,8.881784197001252e-16,-8.881784197001252e-16,-8.881784197001252e-16,2.0
9.751250416805602,0.04227869401411155,-8.881784197001252e-16,-8.881784197001252e-16,-8.881784197001252e-16,2.0
9.755251750583529,0.04227869401409645,8.881784197001252e-16,-8.881784197001252e-16,-1.7763568394002505e-15,2.0
9.759253084361454,0.042278694014079576,8.881784197001252e-16,0.0,0.0,2.0
9.76325441813938,0.04227869401405737,0.0,0.0,0.0,2.0
9.767255751917306,0.04227869401403517,-8.881784197001252e-16,-8.881784197001252e-16,-8.881784197001252e-16,2.0
9.771257085695233,0.04227869401401296,0.0,-8.881784197001252e-16,-8.881784197001252e-16,2.0
9.775258419473158,0.04227869401398632,8.881784197001252e-16,0.0,0.0,2.0
9.779259753251084,0.04227869401396145,0.0,-8.881784197001252e-16,-8.881784197001252e-16,2.0
9.78326108702901,0.04227869401393303,-8.881784197001252e-16,-8.881784197001252e-16,-8.881784197001252e-16,2.0
9.787262420806936,0.04227869401390638,-8.881784197001252e-16,-8.881784197001252e-16,-1.7763568394002505e-15,2.0
9.791263754584863,0.042278694013879736,8.881784197001252e-16,8.881784197001252e-16,-8.881784197001252e-16,2.0
9.795265088362788,0.04227869401385487,-8.881784197001252e-16,-8.881784197001252e-16,-8.881784197001252e-16,2.0
9.799266422140715,0.04227869401383,0.0,-8.881784197001252e-16,-8.881784197001252e-16,2.0
9.80326775591864,0.042278694013807794,0.0,0.0,0.0,2.0
9.807269089696566,0.04227869401378648,0.0,0.0,0.0,2.0
9.811270423474491,0.04227869401377049,0.0,0.0,0.0,2.0
9.815271757252418,0.04227869401375717,-8.881784197001252e-16,-8.881784197001252e-16,-8.881784197001252e-16,2.0
9.819273091030343,0.04227869401375006,8.881784197001252e-16,0.0,0.0,2.0
9.82327442480827,0.04227869401374651,-1.7763568394002505e-15,-1.7763568394002505e-15,-1.7763568394002505e-15,2.0
9.827275758586197,0.04227869401375095,0.0,0.0,0.0,2.0
9.831277092364122,0.04227869401375983,0.0,-8.881784197001252e-16,-1.7763568394002505e-15,2.0
9.835278426142049,0.04227869401377671,0.0,0.0,0.0,2.0
9.839279759919974,0.0422786940137998,0.0,0.0,0.0,2.0
9.8432810936979,0.04227869401382378,8.881784197001252e-16,0.0,0.0,2.0
9.847282427475825,0.04227869401384954,0.0,0.0,0.0,2.0
9.851283761253752,0.04227869401387885,-8.881784197001252e-16,-8.881784197001252e-16,-8.881784197001252e-16,2.0
9.855285095031677,0.042278694013909046,0.0,0.0,-8.881784197001252e-16,2.0
9.859286428809604,0.04227869401394191,0.0,0.0,0.0,2.0
9.863287762587529,0.04227869401397122,0.0,0.0,-8.881784197001252e-16,2.0
9.867289096365456,0.04227869401400497,8.881784197001252e-16,0.0,0.0,2.0
9.871290430143382,0.04227869401403517,-1.7763568394002505e-15,-1.7763568394002505e-15,-1.7763568394002505e-15,2.0
9.875291763921307,0.04227869401406803,0.0,-8.881784197001252e-16,-8.881784197001252e-16,2.0
9.879293097699234,0.04227869401409734,-8.881784197001252e-16,-8.881784197001252e-16,-8.881784197001252e-16,2.0
9.88329443147716,0.042278694014124873,-8.881784197001252e-16,-1.7763568394002505e-15,-1.7763568394002505e-15,2.0
9.887295765255086,0.04227869401415152,-8.881784197001252e-16,-8.881784197001252e-16,-8.881784197001252e-16,2.0
9.891297099033011,0.04227869401417639,-8.881784197001252e-16,-8.881784197001252e-16,-8.881784197001252e-16,2.0
9.895298432810938,0.04227869401419859,0.0,0.0,0.0,2.0
9.899299766588863,0.04227869401421991,0.0,-8.881784197001252e-16,-8.881784197001252e-16,2.0
9.90330110036679,0.042278694014235896,0.0,-8.881784197001252e-16,-8.881784197001252e-16,2.0
9.907302434144716,0.04227869401425011,8.881784197001252e-16,-8.881784197001252e-16,-8.881784197001252e-16,2.0
9.911303767922641,0.04227869401426343,-8.881784197001252e-16,-1.7763568394002505e-15,-1.7763568394002505e-15,2.0
9.915305101700568,0.042278694014270535,0.0,-8.881784197001252e-16,-8.881784197001252e-16,2.0
9.919306435478493,0.04227869401427409,0.0,-8.881784197001252e-16,-8.881784197001252e-16,2.0
9.92330776925642,0.04227869401427675,0.0,0.0,0.0,2.0
9.927309103034345,0.04227869401427675,8.881784197001252e-16,0.0,-1.7763568394002505e-15,2.0
9.931310436812272,0.04227869401427231,8.881784197001252e-16,-8.881784197001252e-16,-1.7763568394002505e-15,2.0
9.935311770590197,0.04227869401426254,0.0,0.0,-1.7763568394002505e-15,2.0
9.939313104368123,0.04227869401425366,-8.881784197001252e-16,-8.881784197001252e-16,-8.881784197001252e-16,2.0
9.943314438146048,0.04227869401423856,-8.881784197001252e-16,-8.881784197001252e-16,-8.881784197001252e-16,2.0
9.947315771923975,0.042278694014221685,1.7763568394002505e-15,0.0,0.0,2.0
9.951317105701902,0.042278694014202145,-8.881784197001252e-16,-8.881784197001252e-16,-8.881784197001252e-16,2.0
9.955318439479827,0.04227869401417905,0.0,-8.881784197001252e-16,-8.881784197001252e-16,2.0
9.959319773257754,0.04227869401415507,0.0,0.0,0.0,2.0
9.963321107035679,0.042278694014128426,0.0,0.0,0.0,2.0
9.967322440813605,0.042278694014099116,0.0,0.0,0.0,2.0
9.97132377459153,0.04227869401406803,0.0,0.0,0.0,2.0
9.975325108369457,0.042278694014036056,-8.881784197001252e-16,-8.881784197001252e-16,-8.881784197001252e-16,2.0
9.979326442147382,0.042278694014002305,0.0,0.0,0.0,2.0
9.983327775925309,0.042278694013967666,8.881784197001252e-16,0.0,0.0,2.0
9.987329109703236,0.04227869401393214,8.881784197001252e-16,0.0,-8.881784197001252e-16,2.0
9.99133044348116,0.04227869401389839,0.0,-8.881784197001252e-16,-1.7763568394002505e-15,2.0
9.995331777259088,0.04227869401386375,0.0,-8.881784197001252e-16,-1.7763568394002505e-15,2.0
9.999333111037013,0.04227869401383266,0.0,0.0,-8.881784197001252e-16,2.0
10.00333444481494,0.04227869401379891,0.0,-8.881784197001252e-16,-8.881784197001252e-16,2.0
10.007335778592864,0.042278694013768714,8.881784197001252e-16,0.0,0.0,2.0
10.011337112370791,0.04227869401374029,0.0,0.0,0.0,2.0
10.015338446148716,0.04227869401371631,0.0,-1.7763568394002505e-15,-1.7763568394002505e-15,2.0
10.019339779926643,0.04227869401369588,-8.881784197001252e-16,-8.881784197001252e-16,-8.881784197001252e-16,2.0
10.023341113704568,0.04227869401367812,0.0,-8.881784197001252e-16,-8.881784197001252e-16,2.0
10.027342447482495,0.04227869401366746,-8.881784197001252e-16,-1.7763568394002505e-15,-1.7763568394002505e-15,2.0
10.031343781260421,0.042278694013661244,8.881784197001252e-16,0.0,-8.881784197001252e-16,2.0
10.035345115038346,0.042278694013660356,0.0,0.0,0.0,2.0
10.039346448816273,0.04227869401366835,8.881784197001252e-16,-8.881784197001252e-16,-8.881784197001252e-16,2.0
10.043347782594198,0.04227869401368256,0.0,-8.881784197001252e-16,-8.881784197001252e-16,2.0
10.047349116372125,0.04227869401370654,0.0,0.0,0.0,2.0
10.05135045015005,0.04227869401373763,-8.881784197001252e-16,-8.881784197001252e-16,-8.881784197001252e-16,2.0
10.055351783927977,0.04227869401377493,0.0,0.0,-8.881784197001252e-16,2.0
10.059353117705902,0.04227869401381845,8.881784197001252e-16,0.0,0.0,2.0
10.063354451483828,0.04227869401386464,8.881784197001252e-16,0.0,0.0,2.0
10.067355785261755,0.04227869401391526,-8.881784197001252e-16,-8.881784197001252e-16,-8.881784197001252e-16,2.0
10.07135711903968,0.042278694013968554,0.0,-8.881784197001252e-16,-8.881784197001252e-16,2.0
10.075358452817607,0.04227869401402451,8.881784197001252e-16,8.881784197001252e-16,-8.881784197001252e-16,2.0
10.079359786595532,0.042278694014079576,0.0,-8.881784197001252e-16,-8.881784197001252e-16,2.0
10.083361120373459,0.04227869401413553,-8.881784197001252e-16,-8.881784197001252e-16,-8.881784197001252e-16,2.0
10.087362454151384,0.04227869401419149,0.0,0.0,0.0,2.0
10.09136378792931,0.042278694014245666,-8.881784197001252e-16,-8.881784197001252e-16,-8.881784197001252e-16,2.0
10.095365121707236,0.04227869401429807,0.0,0.0,-8.881784197001252e-16,2.0
10.099366455485162,0.04227869401434958,1.7763568394002505e-15,-8.881784197001252e-16,-8.881784197001252e-16,2.0
10.103367789263087,0.04227869401439577,0.0,0.0,0.0,2.0
10.107369123041014,0.04227869401444018,0.0,-8.881784197001252e-16,-8.881784197001252e-16,2.0
10.11137045681894,0.04227869401448103,8.881784197001252e-16,-8.881784197001252e-16,-8.881784197001252e-16,2.0
10.115371790596866,0.04227869401451567,-8.881784197001252e-16,-8.881784197001252e-16,-8.881784197001252e-16,2.0
10.119373124374793,0.042278694014547646,0.0,-8.881784197001252e-16,-8.881784197001252e-16,2.0
10.123374458152718,0.04227869401457518,0.0,-8.881784197001252e-16,-8.881784197001252e-16,2.0
10.127375791930644,0.042278694014596496,8.881784197001252e-16,0.0,-8.881784197001252e-16,2.0
10.13137712570857,0.04227869401460982,8.881784197001252e-16,0.0,0.0,2.0
10.135378459486496,0.042278694014621365,0.0,0.0,0.0,2.0
10.139379793264421,0.042278694014625806,8.881784197001252e-16,8.881784197001252e-16,0.0,2.0
10.143381127042348,0.04227869401462403,-8.881784197001252e-16,-8.881784197001252e-16,-8.881784197001252e-16,2.0
10.147382460820275,0.04227869401461781,-8.881784197001252e-16,-8.881784197001252e-16,-8.881784197001252e-16,2.0
10.1513837945982,0.0422786940146036,0.0,0.0,0.0,2.0
10.155385128376127,0.04227869401458495,-8.881784197001252e-16,-8.881784197001252e-16,-8.881784197001252e-16,2.0
10.159386462154052,0.04227869401456008,-8.881784197001252e-16,-8.881784197001252e-16,-8.881784197001252e-16,2.0
10.163387795931978,0.04227869401452988,0.0,-1.7763568394002505e-15,-1.7763568394002505e-15,2.0
10.167389129709903,0.042278694014494356,-8.881784197001252e-16,-8.881784197001252e-16,-8.881784197001252e-16,2.0
10.17139046348783,0.04227869401445439,0.0,0.0,-1.7763568394002505e-15,2.0
10.175391797265755,0.0422786940144082,-8.881784197001252e-16,-8.881784197001252e-16,-8.881784197001252e-16,2.0
10.179393131043682,0.042278694014357576,0.0,-8.881784197001252e-16,-8.881784197001252e-16,2.0
10.183394464821607,0.04227869401430162,0.0,-8.881784197001252e-16,-8.881784197001252e-16,2.0
10.187395798599534,0.042278694014243,0.0,0.0,0.0,2.0
10.19139713237746,0.04227869401418083,-8.881784197001252e-16,-8.881784197001252e-16,-8.881784197001252e-16,2.0
10.195398466155385,0.042278694014115104,-8.881784197001252e-16,-8.881784197001252e-16,-8.881784197001252e-16,2.0
10.199399799933312,0.042278694014046714,0.0,-8.881784197001252e-16,-8.881784197001252e-16,2.0
10.203401133711237,0.04227869401397655,0.0,-8.881784197001252e-16,-8.881784197001252e-16,2.0
10.207402467489164,0.04227869401390638,0.0,0.0,0.0,2.0
10.211403801267089,0.04227869401383444,-8.881784197001252e-16,-1.7763568394002505e-15,-1.7763568394002505e-15,2.0
10.215405135045016,0.04227869401376161,8.881784197001252e-16,0.0,-1.7763568394002505e-15,2.0
10.21940646882294,0.042278694013690554,-8.881784197001252e-16,-8.881784197001252e-16,-8.881784197001252e-16,2.0
10.223407802600867,0.042278694013621276,8.881784197001252e-16,-8.881784197001252e-16,-8.881784197001252e-16,2.0
10.227409136378794,0.04227869401355644,-8.881784197001252e-16,-8.881784197001252e-16,-8.881784197001252e-16,2.0
10.23141047015672,0.0422786940134916,0.0,-8.881784197001252e-16,-8.881784197001252e-16,2.0
10.235411803934646,0.042278694013432094,0.0,0.0,0.0,2.0
10.239413137712571,0.04227869401337703,8.881784197001252e-16,8.881784197001252e-16,0.0,2.0
10.243414471490498,0.042278694013329066,0.0,0.0,0.0,2.0
10.247415805268423,0.04227869401328821,0.0,0.0,0.0,2.0
10.25141713904635,0.04227869401325535,0.0,0.0,0.0,2.0
10.255418472824275,0.04227869401323048,-8.881784197001252e-16,-8.881784197001252e-16,-8.881784197001252e-16,2.0
10.259419806602201,0.04227869401321804,0.0,-1.7763568394002505e-15,-1.7763568394002505e-15,2.0
10.263421140380128,0.04227869401321804,0.0,-8.881784197001252e-16,-8.881784197001252e-16,2.0
10.267422474158053,0.04227869401322959,8.881784197001252e-16,0.0,-8.881784197001252e-16,2.0
10.27142380793598,0.04227869401325535,0.0,0.0,-8.881784197001252e-16,2.0
10.275425141713905,0.04227869401329887,8.881784197001252e-16,8.881784197001252e-16,8.881784197001252e-16,2.0
10.279426475491832,0.04227869401335127,0.0,0.0,0.0,2.0
10.283427809269757,0.042278694013407225,0.0,0.0,0.0,2.0
10.287429143047683,0.04227869401346407,-8.881784197001252e-16,-8.881784197001252e-16,-8.881784197001252e-16,2.0
10.291430476825608,0.04227869401352624,0.0,0.0,0.0,2.0
10.295431810603535,0.04227869401358664,-8.881784197001252e-16,-8.881784197001252e-16,-8.881784197001252e-16,2.0
10.29943314438146,0.042278694013650586,8.881784197001252e-16,0.0,0.0,2.0
10.303434478159387,0.04227869401371276,-8.881784197001252e-16,-8.881784197001252e-16,-8.881784197001252e-16,2.0
10.307435811937314,0.042278694013773155,-8.881784197001252e-16,-8.881784197001252e-16,-8.881784197001252e-16,2.0
10.311437145715239,0.04227869401383355,-8.881784197001252e-16,-8.881784197001252e-16,-8.881784197001252e-16,2.0
10.315438479493166,0.042278694013889506,8.881784197001252e-16,-8.881784197001252e-16,-8.881784197001252e-16,2.0
10.31943981327109,0.0422786940139428,-8.881784197001252e-16,-8.881784197001252e-16,-8.881784197001252e-16,2.0
10.323441147049017,0.042278694013992535,0.0,0.0,0.0,2.0
10.327442480826942,0.042278694014041385,-8.881784197001252e-16,-8.881784197001252e-16,-8.881784197001252e-16,2.0
10.331443814604869,0.04227869401408224,0.0,0.0,0.0,2.0
10.335445148382794,0.042278694014118656,0.0,-8.881784197001252e-16,-8.881784197001252e-16,2.0
10.33944648216072,0.04227869401415241,0.0,0.0,0.0,2.0
10.343447815938648,0.042278694014178164,8.881784197001252e-16,0.0,0.0,2.0
10.347449149716573,0.042278694014202145,0.0,0.0,0.0,2.0
10.3514504834945,0.042278694014217244,0.0,0.0,0.0,2.0
10.355451817272424,0.0422786940142279,8.881784197001252e-16,0.0,-8.881784197001252e-16,2.0
10.359453151050351,0.04227869401423234,8.881784197001252e-16,-8.881784197001252e-16,-8.881784197001252e-16,2.0
10.363454484828276,0.04227869401423057,0.0,0.0,0.0,2.0
10.367455818606203,0.04227869401422435,0.0,0.0,0.0,2.0
10.371457152384128,0.042278694014211915,0.0,0.0,0.0,2.0
10.375458486162055,0.04227869401419593,0.0,0.0,0.0,2.0
10.37945981993998,0.04227869401417461,0.0,0.0,-8.881784197001252e-16,2.0
10.383461153717906,0.042278694014147966,0.0,-8.881784197001252e-16,-8.881784197001252e-16,2.0
10.387462487495833,0.04227869401411688,0.0,0.0,0.0,2.0
10.391463821273758,0.04227869401408313,8.881784197001252e-16,0.0,0.0,2.0
10.395465155051685,0.04227869401404316,0.0,0.0,0.0,2.0
10.39946648882961,0.04227869401400319,8.881784197001252e-16,-1.7763568394002505e-15,-1.7763568394002505e-15,2.0
10.403467822607537,0.04227869401395967,-8.881784197001252e-16,-8.881784197001252e-16,-8.881784197001252e-16,2.0
10.407469156385462,0.042278694013914375,0.0,0.0,0.0,2.0
10.411470490163389,0.04227869401386908,0.0,-8.881784197001252e-16,-8.881784197001252e-16,2.0
10.415471823941314,0.04227869401382289,1.7763568394002505e-15,0.0,0.0,2.0
10.41947315771924,0.04227869401377582,0.0,-8.881784197001252e-16,-1.7763568394002505e-15,2.0
10.423474491497167,0.0422786940137323,0.0,0.0,0.0,2.0
10.427475825275092,0.042278694013690554,-8.881784197001252e-16,-8.881784197001252e-16,-8.881784197001252e-16,2.0
10.431477159053019,0.04227869401365325,0.0,-8.881784197001252e-16,-8.881784197001252e-16,2.0
10.435478492830944,0.042278694013617724,0.0,-8.881784197001252e-16,-1.7763568394002505e-15,2.0
10.43947982660887,0.042278694013588414,-8.881784197001252e-16,-8.881784197001252e-16,-8.881784197001252e-16,2.0
10.443481160386796,0.042278694013567986,8.881784197001252e-16,0.0,0.0,2.0
10.447482494164722,0.04227869401355289,8.881784197001252e-16,-8.881784197001252e-16,-8.881784197001252e-16,2.0
10.451483827942647,0.04227869401354667,8.881784197001252e-16,-8.881784197001252e-16,-8.881784197001252e-16,2.0
10.455485161720574,0.04227869401355111,0.0,-8.881784197001252e-16,-8.881784197001252e-16,2.0
10.4594864954985,0.042278694013567986,0.0,0.0,0.0,2.0
10.463487829276426,0.04227869401359641,0.0,-8.881784197001252e-16,-8.881784197001252e-16,2.0
10.467489163054353,0.04227869401362838,-8.881784197001252e-16,-8.881784197001252e-16,-8.881784197001252e-16,2.0
10.471490496832278,0.04227869401366213,0.0,0.0,-8.881784197001252e-16,2.0
10.475491830610205,0.042278694013699436,0.0,0.0,0.0,2.0
10.47949316438813,0.04227869401373674,-8.881784197001252e-16,-1.7763568394002505e-15,-1.7763568394002505e-15,2.0
10.483494498166056,0.042278694013773155,-8.881784197001252e-16,-8.881784197001252e-16,-8.881784197001252e-16,2.0
10.487495831943981,0.042278694013812235,0.0,-8.881784197001252e-16,-8.881784197001252e-16,2.0
10.491497165721908,0.042278694013850426,0.0,0.0,0.0,2.0
10.495498499499833,0.042278694013885953,-8.881784197001252e-16,-8.881784197001252e-16,-8.881784197001252e-16,2.0
10.49949983327776,0.04227869401392326,8.881784197001252e-16,0.0,0.0,2.0
10.503501167055687,0.04227869401395523,0.0,0.0,-8.881784197001252e-16,2.0
10.507502500833612,0.042278694013987206,8.881784197001252e-16,0.0,0.0,2.0
10.511503834611538,0.04227869401401829,-8.881784197001252e-16,-8.881784197001252e-16,-8.881784197001252e-16,2.0
10.515505168389463,0.042278694014045826,0.0,-8.881784197001252e-16,-8.881784197001252e-16,2.0
10.51950650216739,0.042278694014069806,0.0,0.0,0.0,2.0
10.523507835945315,0.04227869401409201,0.0,0.0,-8.881784197001252e-16,2.0
10.527509169723242,0.042278694014109774,0.0,-8.881784197001252e-16,-8.881784197001252e-16,2.0
10.531510503501167,0.04227869401412576,0.0,-8.881784197001252e-16,-8.881784197001252e-16,2.0
10.535511837279094,0.04227869401413731,-8.881784197001252e-16,-8.881784197001252e-16,-8.881784197001252e-16,2.0
10.539513171057019,0.04227869401414619,0.0,-8.881784197001252e-16,-8.881784197001252e-16,2.0
10.543514504834945,0.04227869401415152,8.881784197001252e-16,0.0,0.0,2.0
10.547515838612872,0.04227869401415418,0.0,-8.881784197001252e-16,-1.7763568394002505e-15,2.0
10.551517172390797,0.04227869401415152,8.881784197001252e-16,0.0,-1.7763568394002505e-15,2.0
10.555518506168724,0.042278694014147966,8.881784197001252e-16,0.0,0.0,2.0
10.559519839946649,0.042278694014138196,0.0,0.0,-8.881784197001252e-16,2.0
10.563521173724576,0.04227869401412754,0.0,0.0,-8.881784197001252e-16,2.0
10.5675225075025,0.04227869401411333,0.0,-1.7763568394002505e-15,-1.7763568394002505e-15,2.0
10.571523841280428,0.04227869401409645,-8.881784197001252e-16,-8.881784197001252e-16,-1.7763568394002505e-15,2.0
10.575525175058353,0.04227869401407691,8.881784197001252e-16,0.0,-8.881784197001252e-16,2.0
10.57952650883628,0.04227869401405471,8.881784197001252e-16,0.0,0.0,2.0
10.583527842614206,0.042278694014031615,0.0,0.0,0.0,2.0
10.587529176392131,0.04227869401400586,0.0,0.0,0.0,2.0
10.591530510170058,0.04227869401397921,8.881784197001252e-16,-8.881784197001252e-16,-8.881784197001252e-16,2.0
10.595531843947983,0.04227869401395168,0.0,0.0,0.0,2.0
10.59953317772591,0.042278694013924145,8.881784197001252e-16,-8.881784197001252e-16,-8.881784197001252e-16,2.0
10.603534511503835,0.04227869401389572,-8.881784197001252e-16,-8.881784197001252e-16,-8.881784197001252e-16,2.0
10.607535845281761,0.04227869401386819,-8.881784197001252e-16,-8.881784197001252e-16,-8.881784197001252e-16,2.0
10.611537179059686,0.042278694013840656,0.0,0.0,0.0,2.0
10.615538512837613,0.042278694013817564,0.0,0.0,-8.881784197001252e-16,2.0
10.619539846615538,0.04227869401379358,0.0,-8.881784197001252e-16,-8.881784197001252e-16,2.0
10.623541180393465,0.04227869401377493,0.0,0.0,0.0,2.0
10.627542514171392,0.042278694013758056,0.0,0.0,0.0,2.0
10.631543847949317,0.04227869401374651,0.0,0.0,0.0,2.0
10.635545181727244,0.042278694013738516,0.0,0.0,-8.881784197001252e-16,2.0
10.639546515505169,0.04227869401373674,0.0,0.0,0.0,2.0
10.643547849283095,0.04227869401374118,0.0,0.0,0.0,2.0
10.64754918306102,0.0422786940137545,0.0,0.0,0.0,2.0
10.651550516838947,0.04227869401377227,-1.7763568394002505e-15,-1.7763568394002505e-15,-1.7763568394002505e-15,2.0
10.655551850616872,0.04227869401379536,-1.7763568394002505e-15,-1.7763568394002505e-15,-1.7763568394002505e-15,2.0
10.659553184394799,0.042278694013822005,0.0,0.0,0.0,2.0
10.663554518172726,0.042278694013850426,0.0,0.0,-8.881784197001252e-16,2.0
10.66755585195065,0.042278694013880624,8.881784197001252e-16,-8.881784197001252e-16,-1.7763568394002505e-15,2.0
10.671557185728577,0.0422786940139126,-8.881784197001252e-16,-8.881784197001252e-16,-8.881784197001252e-16,2.0
10.675558519506502,0.04227869401394457,8.881784197001252e-16,8.881784197001252e-16,8.881784197001252e-16,2.0
10.67955985328443,0.042278694013977436,8.881784197001252e-16,0.0,0.0,2.0
10.683561187062354,0.04227869401400852,-8.881784197001252e-16,-8.881784197001252e-16,-8.881784197001252e-16,2.0
10.687562520840281,0.04227869401404227,1.7763568394002505e-15,-8.881784197001252e-16,-8.881784197001252e-16,2.0
10.691563854618206,0.04227869401407336,-8.881784197001252e-16,-8.881784197001252e-16,-8.881784197001252e-16,2.0
10.695565188396133,0.04227869401410356,8.881784197001252e-16,8.881784197001252e-16,8.881784197001252e-16,2.0
10.699566522174058,0.04227869401413198,0.0,-8.881784197001252e-16,-1.7763568394002505e-15,2.0
10.703567855951984,0.042278694014158624,8.881784197001252e-16,8.881784197001252e-16,8.881784197001252e-16,2.0
10.707569189729911,0.04227869401418349,0.0,-8.881784197001252e-16,-8.881784197001252e-16,2.0
10.711570523507836,0.0422786940142057,0.0,0.0,0.0,2.0
10.715571857285763,0.042278694014227014,-8.881784197001252e-16,-8.881784197001252e-16,-8.881784197001252e-16,2.0
10.719573191063688,0.042278694014243,-1.7763568394002505e-15,-1.7763568394002505e-15,-1.7763568394002505e-15,2.0
10.723574524841615,0.042278694014256324,0.0,0.0,-8.881784197001252e-16,2.0
10.72757585861954,0.04227869401426876,-8.881784197001252e-16,-8.881784197001252e-16,-8.881784197001252e-16,2.0
10.731577192397467,0.042278694014275864,-8.881784197001252e-16,-1.7763568394002505e-15,-1.7763568394002505e-15,2.0
10.735578526175392,0.04227869401428119,-1.7763568394002505e-15,-1.7763568394002505e-15,-1.7763568394002505e-15,2.0
10.739579859953318,0.04227869401428208,-8.881784197001252e-16,-8.881784197001252e-16,-8.881784197001252e-16,2.0
10.743581193731245,0.042278694014280305,-8.881784197001252e-16,-8.881784197001252e-16,-8.881784197001252e-16,2.0
10.74758252750917,0.042278694014274976,8.881784197001252e-16,-8.881784197001252e-16,-8.881784197001252e-16,2.0
10.751583861287097,0.04227869401426432,0.0,0.0,0.0,2.0
10.755585195065022,0.04227869401425366,-8.881784197001252e-16,-8.881784197001252e-16,-1.7763568394002505e-15,2.0
10.759586528842949,0.04227869401423856,0.0,0.0,0.0,2.0
10.763587862620874,0.042278694014221685,8.881784197001252e-16,0.0,-8.881784197001252e-16,2.0
10.7675891963988,0.04227869401420037,-8.881784197001252e-16,-8.881784197001252e-16,-8.881784197001252e-16,2.0
10.771590530176725,0.04227869401417639,8.881784197001252e-16,-8.881784197001252e-16,-8.881784197001252e-16,2.0
10.775591863954652,0.04227869401414974,0.0,-8.881784197001252e-16,-8.881784197001252e-16,2.0
10.779593197732577,0.04227869401412132,0.0,0.0,-8.881784197001252e-16,2.0
10.783594531510504,0.04227869401409112,0.0,0.0,0.0,2.0
10.78759586528843,0.04227869401405915,8.881784197001252e-16,0.0,-8.881784197001252e-16,2.0
10.791597199066356,0.0422786940140254,0.0,0.0,0.0,2.0
10.795598532844283,0.04227869401398987,-8.881784197001252e-16,-8.881784197001252e-16,-8.881784197001252e-16,2.0
10.799599866622208,0.04227869401395701,8.881784197001252e-16,-1.7763568394002505e-15,-1.7763568394002505e-15,2.0
10.803601200400134,0.042278694013919704,0.0,0.0,0.0,2.0
10.80760253417806,0.042278694013885065,0.0,0.0,-8.881784197001252e-16,2.0
10.811603867955986,0.04227869401384954,0.0,0.0,0.0,2.0
10.815605201733911,0.04227869401381579,0.0,-8.881784197001252e-16,-8.881784197001252e-16,2.0
10.819606535511838,0.04227869401378381,8.881784197001252e-16,8.881784197001252e-16,8.881784197001252e-16,2.0
10.823607869289765,0.042278694013753615,-8.881784197001252e-16,-8.881784197001252e-16,-8.881784197001252e-16,2.0
10.82760920306769,0.04227869401372608,0.0,0.0,0.0,2.0
10.831610536845616,0.0422786940137021,0.0,0.0,0.0,2.0
10.835611870623541,0.04227869401368167,0.0,0.0,0.0,2.0
10.839613204401468,0.04227869401366746,0.0,-1.7763568394002505e-15,-1.7763568394002505e-15,2.0
10.843614538179393,0.0422786940136568,8.881784197001252e-16,-8.881784197001252e-16,-8.881784197001252e-16,2.0
10.84761587195732,0.042278694013650586,0.0,0.0,0.0,2.0
10.851617205735245,0.04227869401365414,8.881784197001252e-16,0.0,0.0,2.0
10.855618539513172,0.04227869401366391,0.0,0.0,-8.881784197001252e-16,2.0
10.859619873291097,0.04227869401368256,-8.881784197001252e-16,-8.881784197001252e-16,-8.881784197001252e-16,2.0
10.863621207069023,0.042278694013710094,8.881784197001252e-16,0.0,-8.881784197001252e-16,2.0
10.86762254084695,0.04227869401374296,0.0,-8.881784197001252e-16,-8.881784197001252e-16,2.0
10.871623874624875,0.042278694013782925,8.881784197001252e-16,8.881784197001252e-16,-8.881784197001252e-16,2.0
10.875625208402802,0.042278694013826446,8.881784197001252e-16,0.0,-1.7763568394002505e-15,2.0
10.879626542180727,0.042278694013876184,8.881784197001252e-16,-8.881784197001252e-16,-8.881784197001252e-16,2.0
10.883627875958654,0.04227869401392681,-8.881784197001252e-16,-1.7763568394002505e-15,-1.7763568394002505e-15,2.0
10.887629209736579,0.04227869401397921,-8.881784197001252e-16,-8.881784197001252e-16,-8.881784197001252e-16,2.0
10.891630543514506,0.04227869401403517,0.0,0.0,-1.7763568394002505e-15,2.0
10.89563187729243,0.042278694014090235,0.0,-1.7763568394002505e-15,-1.7763568394002505e-15,2.0
10.899633211070357,0.04227869401414619,-1.7763568394002505e-15,-1.7763568394002505e-15,-1.7763568394002505e-15,2.0
10.903634544848284,0.04227869401420392,0.0,-8.881784197001252e-16,-8.881784197001252e-16,2.0
10.907635878626209,0.042278694014256324,0.0,-8.881784197001252e-16,-8.881784197001252e-16,2.0
10.911637212404136,0.04227869401430695,-8.881784197001252e-16,-8.881784197001252e-16,-8.881784197001252e-16,2.0
10.91563854618206,0.0422786940143558,-1.7763568394002505e-15,-1.7763568394002505e-15,-1.7763568394002505e-15,2.0
10.919639879959988,0.04227869401440287,8.881784197001252e-16,0.0,0.0,2.0
10.923641213737913,0.04227869401444462,-8.881784197001252e-16,-8.881784197001252e-16,-8.881784197001252e-16,2.0
10.92764254751584,0.04227869401448281,0.0,-8.881784197001252e-16,-8.881784197001252e-16,2.0
10.931643881293764,0.04227869401451567,0.0,-8.881784197001252e-16,-8.881784197001252e-16,2.0
10.935645215071691,0.04227869401454498,-8.881784197001252e-16,-8.881784197001252e-16,-8.881784197001252e-16,2.0
10.939646548849618,0.04227869401456985,-8.881784197001252e-16,-8.881784197001252e-16,-8.881784197001252e-16,2.0
10.943647882627543,0.042278694014586726,-8.881784197001252e-16,-8.881784197001252e-16,-8.881784197001252e-16,2.0
10.94764921640547,0.04227869401460094,-8.881784197001252e-16,-8.881784197001252e-16,-8.881784197001252e-16,2.0
10.951650550183395,0.04227869401460893,0.0,0.0,0.0,2.0
10.955651883961322,0.04227869401460982,0.0,-8.881784197001252e-16,-8.881784197001252e-16,2.0
10.959653217739247,0.042278694014607154,0.0,-8.881784197001252e-16,-8.881784197001252e-16,2.0
10.963654551517173,0.042278694014597384,8.881784197001252e-16,8.881784197001252e-16,8.881784197001252e-16,2.0
10.967655885295098,0.04227869401458051,-1.7763568394002505e-15,-1.7763568394002505e-15,-1.7763568394002505e-15,2.0
10.971657219073025,0.04227869401456008,8.881784197001252e-16,-8.881784197001252e-16,-8.881784197001252e-16,2.0
10.97565855285095,0.042278694014533436,0.0,0.0,0.0,2.0
10.979659886628877,0.04227869401450146,8.881784197001252e-16,0.0,-8.881784197001252e-16,2.0
10.983661220406804,0.04227869401446327,0.0,-1.7763568394002505e-15,-1.7763568394002505e-15,2.0
10.987662554184729,0.04227869401442064,0.0,0.0,-8.881784197001252e-16,2.0
10.991663887962655,0.042278694014372675,-8.881784197001252e-16,-8.881784197001252e-16,-8.881784197001252e-16,2.0
10.99566522174058,0.04227869401432027,8.881784197001252e-16,8.881784197001252e-16,-8.881784197001252e-16,2.0
10.999666555518507,0.04227869401426343,-8.881784197001252e-16,-8.881784197001252e-16,-8.881784197001252e-16,2.0
11.003667889296432,0.04227869401420481,-8.881784197001252e-16,-8.881784197001252e-16,-8.881784197001252e-16,2.0
11.007669223074359,0.04227869401414086,-8.881784197001252e-16,-8.881784197001252e-16,-8.881784197001252e-16,2.0
11.011670556852284,0.042278694014076024,0.0,0.0,0.0,2.0
11.01567189063021,0.042278694014006746,-1.7763568394002505e-15,-1.7763568394002505e-15,-1.7763568394002505e-15,2.0
11.019673224408137,0.04227869401393747,0.0,0.0,0.0,2.0
11.023674558186062,0.0422786940138673,-8.881784197001252e-16,-8.881784197001252e-16,-8.881784197001252e-16,2.0
11.02767589196399,0.04227869401379536,0.0,0.0,0.0,2.0
11.031677225741914,0.04227869401372519,1.7763568394002505e-15,-1.7763568394002505e-15,-1.7763568394002505e-15,2.0
11.035678559519841,0.04227869401365769,0.0,-8.881784197001252e-16,-8.881784197001252e-16,2.0
11.039679893297766,0.04227869401359019,-8.881784197001252e-16,-8.881784197001252e-16,-8.881784197001252e-16,2.0
11.043681227075693,0.042278694013524465,0.0,0.0,0.0,2.0
11.047682560853618,0.04227869401346407,-8.881784197001252e-16,-8.881784197001252e-16,-8.881784197001252e-16,2.0
11.051683894631545,0.04227869401340989,-8.881784197001252e-16,-8.881784197001252e-16,-8.881784197001252e-16,2.0
11.05568522840947,0.042278694013359264,-1.7763568394002505e-15,-1.7763568394002505e-15,-1.7763568394002505e-15,2.0
11.059686562187396,0.04227869401331574,0.0,0.0,0.0,2.0
11.063687895965323,0.04227869401328199,8.881784197001252e-16,0.0,0.0,2.0
11.067689229743248,0.04227869401325535,-8.881784197001252e-16,-8.881784197001252e-16,-8.881784197001252e-16,2.0
11.071690563521175,0.04227869401323847,8.881784197001252e-16,0.0,0.0,2.0
11.0756918972991,0.04227869401323314,8.881784197001252e-16,0.0,0.0,2.0
11.079693231077027,0.04227869401324025,0.0,-8.881784197001252e-16,-8.881784197001252e-16,2.0
11.083694564854952,0.04227869401326334,0.0,-8.881784197001252e-16,-8.881784197001252e-16,2.0
11.087695898632878,0.042278694013299756,0.0,0.0,0.0,2.0
11.091697232410803,0.042278694013348606,0.0,0.0,0.0,2.0
11.09569856618873,0.042278694013401896,0.0,0.0,0.0,2.0
11.099699899966657,0.04227869401345963,0.0,0.0,0.0,2.0
11.103701233744582,0.042278694013519136,0.0,0.0,0.0,2.0
11.107702567522509,0.042278694013578644,8.881784197001252e-16,0.0,0.0,2.0
11.111703901300434,0.042278694013640816,8.881784197001252e-16,0.0,-8.881784197001252e-16,2.0
11.11570523507836,0.04227869401370388,0.0,0.0,0.0,2.0
11.119706568856286,0.04227869401376427,0.0,0.0,0.0,2.0
11.123707902634212,0.042278694013822005,-8.881784197001252e-16,-8.881784197001252e-16,-1.7763568394002505e-15,2.0
11.127709236412137,0.04227869401388151,-8.881784197001252e-16,-1.7763568394002505e-15,-1.7763568394002505e-15,2.0
11.131710570190064,0.04227869401393569,-8.881784197001252e-16,-8.881784197001252e-16,-8.881784197001252e-16,2.0
11.135711903967989,0.04227869401398543,-8.881784197001252e-16,-8.881784197001252e-16,-8.881784197001252e-16,2.0
11.139713237745916,0.0422786940140325,-8.881784197001252e-16,-8.881784197001252e-16,-8.881784197001252e-16,2.0
11.143714571523843,0.0422786940140778,0.0,-8.881784197001252e-16,-8.881784197001252e-16,2.0
11.147715905301768,0.04227869401411599,-8.881784197001252e-16,-1.7763568394002505e-15,-1.7763568394002505e-15,2.0
11.151717239079694,0.04227869401415063,0.0,0.0,0.0,2.0
11.15571857285762,0.04227869401417905,8.881784197001252e-16,8.881784197001252e-16,8.881784197001252e-16,2.0
11.159719906635546,0.04227869401420126,8.881784197001252e-16,-8.881784197001252e-16,-8.881784197001252e-16,2.0
11.163721240413471,0.04227869401421902,0.0,-1.7763568394002505e-15,-1.7763568394002505e-15,2.0
11.167722574191398,0.04227869401423323,0.0,-8.881784197001252e-16,-8.881784197001252e-16,2.0
11.171723907969323,0.04227869401423767,-8.881784197001252e-16,-8.881784197001252e-16,-8.881784197001252e-16,2.0
11.17572524174725,0.04227869401423945,-8.881784197001252e-16,-8.881784197001252e-16,-8.881784197001252e-16,2.0
11.179726575525176,0.042278694014235896,0.0,-8.881784197001252e-16,-8.881784197001252e-16,2.0
11.183727909303101,0.04227869401422524,0.0,0.0,0.0,2.0
11.187729243081028,0.04227869401420925,-8.881784197001252e-16,-8.881784197001252e-16,-8.881784197001252e-16,2.0
11.191730576858953,0.04227869401418882,-8.881784197001252e-16,-1.7763568394002505e-15,-1.7763568394002505e-15,2.0
11.19573191063688,0.04227869401416395,0.0,0.0,0.0,2.0
11.199733244414805,0.04227869401413464,0.0,-8.881784197001252e-16,-8.881784197001252e-16,2.0
11.203734578192732,0.04227869401410178,0.0,-8.881784197001252e-16,-8.881784197001252e-16,2.0
11.207735911970657,0.04227869401406359,-8.881784197001252e-16,-8.881784197001252e-16,-8.881784197001252e-16,2.0
11.211737245748584,0.04227869401402451,0.0,-8.881784197001252e-16,-8.881784197001252e-16,2.0
11.215738579526509,0.04227869401397921,0.0,-1.7763568394002505e-15,-1.7763568394002505e-15,2.0
11.219739913304435,0.04227869401393747,8.881784197001252e-16,0.0,0.0,2.0
11.223741247082362,0.042278694013890394,0.0,0.0,0.0,2.0
11.227742580860287,0.0422786940138451,8.881784197001252e-16,-8.881784197001252e-16,-8.881784197001252e-16,2.0
11.231743914638214,0.042278694013797136,0.0,0.0,-1.7763568394002505e-15,2.0
11.235745248416139,0.042278694013753615,8.881784197001252e-16,0.0,0.0,2.0
11.239746582194066,0.042278694013709206,8.881784197001252e-16,-8.881784197001252e-16,-8.881784197001252e-16,2.0
11.24374791597199,0.04227869401366924,0.0,0.0,0.0,2.0
11.247749249749917,0.042278694013631934,8.881784197001252e-16,0.0,0.0,2.0
11.251750583527842,0.04227869401359907,-8.881784197001252e-16,-1.7763568394002505e-15,-1.7763568394002505e-15,2.0
11.25575191730577,0.04227869401357598,-8.881784197001252e-16,-8.881784197001252e-16,-8.881784197001252e-16,2.0
11.259753251083696,0.04227869401355466,0.0,0.0,0.0,2.0
11.263754584861621,0.04227869401354489,0.0,0.0,0.0,2.0
11.267755918639548,0.04227869401354489,-8.881784197001252e-16,-8.881784197001252e-16,-8.881784197001252e-16,2.0
11.271757252417473,0.04227869401355466,-8.881784197001252e-16,-8.881784197001252e-16,-8.881784197001252e-16,2.0
11.2757585861954,0.042278694013577756,8.881784197001252e-16,0.0,-8.881784197001252e-16,2.0
11.279759919973325,0.042278694013607954,-8.881784197001252e-16,-8.881784197001252e-16,-1.7763568394002505e-15,2.0
11.283761253751251,0.04227869401364259,0.0,-8.881784197001252e-16,-8.881784197001252e-16,2.0
11.287762587529176,0.04227869401367901,0.0,0.0,-8.881784197001252e-16,2.0
11.291763921307103,0.042278694013714535,0.0,0.0,0.0,2.0
11.295765255085028,0.0422786940137545,0.0,-8.881784197001252e-16,-8.881784197001252e-16,2.0
11.299766588862955,0.04227869401379358,0.0,0.0,0.0,2.0
11.303767922640882,0.04227869401383,0.0,-8.881784197001252e-16,-8.881784197001252e-16,2.0
11.307769256418807,0.042278694013869966,8.881784197001252e-16,0.0,0.0,2.0
11.311770590196733,0.04227869401390638,0.0,0.0,-8.881784197001252e-16,2.0
11.315771923974658,0.04227869401394102,0.0,0.0,0.0,2.0
11.319773257752585,0.04227869401397566,8.881784197001252e-16,0.0,0.0,2.0
11.32377459153051,0.042278694014007634,0.0,0.0,0.0,2.0
11.327775925308437,0.04227869401403783,0.0,-8.881784197001252e-16,-1.7763568394002505e-15,2.0
11.331777259086362,0.0422786940140627,8.881784197001252e-16,0.0,0.0,2.0
11.335778592864289,0.04227869401408668,0.0,0.0,-8.881784197001252e-16,2.0
11.339779926642215,0.04227869401410711,0.0,0.0,-8.881784197001252e-16,2.0
11.34378126042014,0.04227869401412576,0.0,0.0,0.0,2.0
11.347782594198067,0.04227869401414086,0.0,0.0,-1.7763568394002505e-15,2.0
11.351783927975992,0.04227869401415063,-8.881784197001252e-16,-8.881784197001252e-16,-8.881784197001252e-16,2.0
11.355785261753919,0.04227869401415685,0.0,0.0,-8.881784197001252e-16,2.0
11.359786595531844,0.04227869401415951,0.0,-8.881784197001252e-16,-8.881784197001252e-16,2.0
11.36378792930977,0.04227869401416129,0.0,-8.881784197001252e-16,-8.881784197001252e-16,2.0
11.367789263087696,0.042278694014157736,0.0,-8.881784197001252e-16,-8.881784197001252e-16,2.0
11.371790596865623,0.04227869401415152,-8.881784197001252e-16,-1.7763568394002505e-15,-1.7763568394002505e-15,2.0
11.375791930643548,0.04227869401414086,0.0,-8.881784197001252e-16,-8.881784197001252e-16,2.0
11.379793264421474,0.042278694014128426,0.0,0.0,0.0,2.0
11.383794598199401,0.04227869401411333,8.881784197001252e-16,8.881784197001252e-16,8.881784197001252e-16,2.0
11.387795931977326,0.042278694014094675,0.0,0.0,-8.881784197001252e-16,2.0
11.391797265755253,0.04227869401407247,0.0,0.0,0.0,2.0
11.395798599533178,0.04227869401404849,-8.881784197001252e-16,-8.881784197001252e-16,-8.881784197001252e-16,2.0
11.399799933311105,0.04227869401402362,0.0,0.0,0.0,2.0
11.40380126708903,0.042278694013996976,0.0,0.0,0.0,2.0
11.407802600866956,0.042278694013968554,8.881784197001252e-16,8.881784197001252e-16,8.881784197001252e-16,2.0
11.411803934644881,0.042278694013939244,0.0,0.0,0.0,2.0
11.415805268422808,0.04227869401391082,8.881784197001252e-16,8.881784197001252e-16,0.0,2.0
11.419806602200735,0.04227869401388329,0.0,-8.881784197001252e-16,-8.881784197001252e-16,2.0
11.42380793597866,0.04227869401385398,1.7763568394002505e-15,8.881784197001252e-16,0.0,2.0
11.427809269756587,0.042278694013827334,-8.881784197001252e-16,-8.881784197001252e-16,-1.7763568394002505e-15,2.0
11.431810603534512,0.04227869401380335,8.881784197001252e-16,0.0,0.0,2.0
11.435811937312439,0.04227869401377937,0.0,-8.881784197001252e-16,-8.881784197001252e-16,2.0
11.439813271090364,0.04227869401376072,0.0,0.0,0.0,2.0
11.44381460486829,0.042278694013743845,-8.881784197001252e-16,-8.881784197001252e-16,-8.881784197001252e-16,2.0
11.447815938646215,0.04227869401373496,0.0,0.0,0.0,2.0
11.451817272424142,0.04227869401372786,0.0,-8.881784197001252e-16,-8.881784197001252e-16,2.0
11.455818606202067,0.042278694013728746,8.881784197001252e-16,0.0,0.0,2.0
11.459819939979994,0.042278694013734075,0.0,-8.881784197001252e-16,-8.881784197001252e-16,2.0
11.46382127375792,0.04227869401375095,8.881784197001252e-16,-8.881784197001252e-16,-8.881784197001252e-16,2.0
11.467822607535846,0.04227869401377138,0.0,0.0,-8.881784197001252e-16,2.0
11.471823941313772,0.04227869401379536,0.0,0.0,0.0,2.0
11.475825275091697,0.042278694013822005,0.0,0.0,-8.881784197001252e-16,2.0
11.479826608869624,0.0422786940138522,-8.881784197001252e-16,-1.7763568394002505e-15,-1.7763568394002505e-15,2.0
11.48382794264755,0.04227869401388418,-8.881784197001252e-16,-8.881784197001252e-16,-8.881784197001252e-16,2.0
11.487829276425476,0.04227869401391615,-8.881784197001252e-16,-8.881784197001252e-16,-8.881784197001252e-16,2.0
11.491830610203401,0.04227869401395079,0.0,0.0,0.0,2.0
11.495831943981328,0.04227869401398365,-8.881784197001252e-16,-8.881784197001252e-16,-8.881784197001252e-16,2.0
11.499833277759254,0.042278694014016516,0.0,0.0,0.0,2.0
11.50383461153718,0.042278694014050267,0.0,0.0,0.0,2.0
11.507835945315106,0.04227869401408135,0.0,0.0,-8.881784197001252e-16,2.0
11.511837279093031,0.04227869401411333,0.0,-8.881784197001252e-16,-8.881784197001252e-16,2.0
11.515838612870958,0.04227869401414175,8.881784197001252e-16,0.0,0.0,2.0
11.519839946648883,0.042278694014167506,8.881784197001252e-16,0.0,0.0,2.0
11.52384128042681,0.04227869401419326,0.0,0.0,-8.881784197001252e-16,2.0
11.527842614204735,0.04227869401421458,-8.881784197001252e-16,-8.881784197001252e-16,-8.881784197001252e-16,2.0
11.531843947982662,0.04227869401423412,-8.881784197001252e-16,-8.881784197001252e-16,-1.7763568394002505e-15,2.0
11.535845281760587,0.042278694014250995,-8.881784197001252e-16,-8.881784197001252e-16,-8.881784197001252e-16,2.0
11.539846615538513,0.042278694014265206,0.0,-8.881784197001252e-16,-8.881784197001252e-16,2.0
11.54384794931644,0.042278694014274976,-8.881784197001252e-16,-8.881784197001252e-16,-8.881784197001252e-16,2.0
11.547849283094365,0.04227869401428208,0.0,0.0,0.0,2.0
11.551850616872292,0.042278694014285634,8.881784197001252e-16,8.881784197001252e-16,0.0,2.0
11.555851950650217,0.04227869401428652,8.881784197001252e-16,0.0,-8.881784197001252e-16,2.0
11.559853284428144,0.04227869401428119,0.0,0.0,0.0,2.0
11.563854618206069,0.042278694014274976,0.0,0.0,0.0,2.0
11.567855951983995,0.042278694014266094,0.0,0.0,-8.881784197001252e-16,2.0
11.57185728576192,0.04227869401425277,0.0,-8.881784197001252e-16,-8.881784197001252e-16,2.0
11.575858619539847,0.042278694014236784,-8.881784197001252e-16,-8.881784197001252e-16,-8.881784197001252e-16,2.0
11.579859953317774,0.042278694014216356,-8.881784197001252e-16,-8.881784197001252e-16,-8.881784197001252e-16,2.0
11.583861287095699,0.04227869401419415,-8.881784197001252e-16,-8.881784197001252e-16,-1.7763568394002505e-15,2.0
11.587862620873626,0.04227869401417106,0.0,0.0,0.0,2.0
11.59186395465155,0.04227869401414264,8.881784197001252e-16,0.0,0.0,2.0
11.595865288429478,0.04227869401411244,0.0,0.0,0.0,2.0
11.599866622207403,0.042278694014080465,0.0,0.0,0.0,2.0
11.60386795598533,0.042278694014046714,0.0,0.0,0.0,2.0
11.607869289763254,0.04227869401401119,-8.881784197001252e-16,-8.881784197001252e-16,-8.881784197001252e-16,2.0
11.611870623541181,0.042278694013978324,0.0,-8.881784197001252e-16,-8.881784197001252e-16,2.0
11.615871957319108,0.04227869401394013,8.881784197001252e-16,0.0,0.0,2.0
11.619873291097033,0.04227869401390549,0.0,-8.881784197001252e-16,-8.881784197001252e-16,2.0
11.62387462487496,0.04227869401386819,0.0,0.0,-1.7763568394002505e-15,2.0
11.627875958652885,0.04227869401383355,-8.881784197001252e-16,-8.881784197001252e-16,-8.881784197001252e-16,2.0
11.631877292430811,0.04227869401379891,1.7763568394002505e-15,-8.881784197001252e-16,-8.881784197001252e-16,2.0
11.635878626208736,0.04227869401376694,0.0,-8.881784197001252e-16,-8.881784197001252e-16,2.0
11.639879959986663,0.04227869401373585,-1.7763568394002505e-15,-1.7763568394002505e-15,-1.7763568394002505e-15,2.0
11.643881293764588,0.04227869401371098,-8.881784197001252e-16,-8.881784197001252e-16,-8.881784197001252e-16,2.0
11.647882627542515,0.042278694013687,0.0,0.0,0.0,2.0
11.65188396132044,0.04227869401366924,-8.881784197001252e-16,-8.881784197001252e-16,-8.881784197001252e-16,2.0
11.655885295098367,0.04227869401365503,-8.881784197001252e-16,-8.881784197001252e-16,-8.881784197001252e-16,2.0
11.659886628876293,0.042278694013647034,0.0,0.0,-8.881784197001252e-16,2.0
11.663887962654218,0.04227869401364437,0.0,-8.881784197001252e-16,-8.881784197001252e-16,2.0
11.667889296432145,0.042278694013650586,-8.881784197001252e-16,-8.881784197001252e-16,-8.881784197001252e-16,2.0
11.67189063021007,0.04227869401366391,-8.881784197001252e-16,-8.881784197001252e-16,-8.881784197001252e-16,2.0
11.675891963987997,0.042278694013685225,-8.881784197001252e-16,-8.881784197001252e-16,-8.881784197001252e-16,2.0
11.679893297765922,0.042278694013714535,0.0,0.0,0.0,2.0
11.683894631543849,0.04227869401375095,8.881784197001252e-16,0.0,-8.881784197001252e-16,2.0
11.687895965321774,0.04227869401379358,0.0,0.0,0.0,2.0
11.6918972990997,0.04227869401383799,-8.881784197001252e-16,-8.881784197001252e-16,-8.881784197001252e-16,2.0
11.695898632877627,0.04227869401388862,8.881784197001252e-16,-8.881784197001252e-16,-8.881784197001252e-16,2.0
11.699899966655552,0.04227869401394102,-8.881784197001252e-16,-8.881784197001252e-16,-8.881784197001252e-16,2.0
11.703901300433479,0.04227869401399431,0.0,0.0,0.0,2.0
11.707902634211404,0.042278694014051155,0.0,0.0,0.0,2.0
11.71190396798933,0.042278694014105334,-8.881784197001252e-16,-8.881784197001252e-16,-8.881784197001252e-16,2.0
11.715905301767256,0.042278694014163065,-8.881784197001252e-16,-8.881784197001252e-16,-1.7763568394002505e-15,2.0
11.719906635545183,0.042278694014216356,0.0,0.0,0.0,2.0
11.723907969323108,0.04227869401426787,-8.881784197001252e-16,-8.881784197001252e-16,-8.881784197001252e-16,2.0
11.727909303101034,0.04227869401431761,0.0,-8.881784197001252e-16,-8.881784197001252e-16,2.0
11.73191063687896,0.04227869401436468,-8.881784197001252e-16,-8.881784197001252e-16,-8.881784197001252e-16,2.0
11.735911970656886,0.04227869401440998,-8.881784197001252e-16,-8.881784197001252e-16,-1.7763568394002505e-15,2.0
11.739913304434813,0.04227869401444995,-8.881784197001252e-16,-8.881784197001252e-16,-8.881784197001252e-16,2.0
11.743914638212738,0.04227869401448636,8.881784197001252e-16,-8.881784197001252e-16,-8.881784197001252e-16,2.0
11.747915971990665,0.04227869401451745,-8.881784197001252e-16,-8.881784197001252e-16,-8.881784197001252e-16,2.0
11.75191730576859,0.042278694014544094,-8.881784197001252e-16,-8.881784197001252e-16,-8.881784197001252e-16,2.0
11.755918639546517,0.0422786940145663,-1.7763568394002505e-15,-1.7763568394002505e-15,-1.7763568394002505e-15,2.0
11.759919973324442,0.0422786940145814,-8.881784197001252e-16,-8.881784197001252e-16,-8.881784197001252e-16,2.0
11.763921307102368,0.042278694014592944,0.0,-1.7763568394002505e-15,-1.7763568394002505e-15,2.0
11.767922640880293,0.042278694014596496,-8.881784197001252e-16,-8.881784197001252e-16,-8.881784197001252e-16,2.0
11.77192397465822,0.042278694014597384,0.0,0.0,0.0,2.0
11.775925308436147,0.04227869401459117,0.0,0.0,0.0,2.0
11.779926642214072,0.042278694014576956,-8.881784197001252e-16,-8.881784197001252e-16,-8.881784197001252e-16,2.0
11.783927975991999,0.04227869401455919,0.0,-8.881784197001252e-16,-8.881784197001252e-16,2.0
11.787929309769924,0.042278694014534324,-8.881784197001252e-16,-1.7763568394002505e-15,-1.7763568394002505e-15,2.0
11.79193064354785,0.0422786940145059,0.0,-8.881784197001252e-16,-8.881784197001252e-16,2.0
11.795931977325775,0.04227869401447215,0.0,0.0,0.0,2.0
11.799933311103702,0.042278694014431295,0.0,-8.881784197001252e-16,-8.881784197001252e-16,2.0
11.803934644881627,0.04227869401438511,0.0,-8.881784197001252e-16,-1.7763568394002505e-15,2.0
11.807935978659554,0.042278694014338036,0.0,-8.881784197001252e-16,-1.7763568394002505e-15,2.0
11.811937312437479,0.04227869401428208,-8.881784197001252e-16,-8.881784197001252e-16,-8.881784197001252e-16,2.0
11.815938646215406,0.04227869401422524,-8.881784197001252e-16,-8.881784197001252e-16,-8.881784197001252e-16,2.0
11.819939979993332,0.042278694014163065,-8.881784197001252e-16,-8.881784197001252e-16,-8.881784197001252e-16,2.0
11.823941313771257,0.042278694014100004,-1.7763568394002505e-15,-1.7763568394002505e-15,-1.7763568394002505e-15,2.0
11.827942647549184,0.04227869401403517,0.0,0.0,0.0,2.0
11.83194398132711,0.042278694013965,0.0,0.0,0.0,2.0
11.835945315105036,0.04227869401389661,8.881784197001252e-16,8.881784197001252e-16,0.0,2.0
11.839946648882961,0.04227869401382556,0.0,0.0,0.0,2.0
11.843947982660888,0.04227869401375628,8.881784197001252e-16,-8.881784197001252e-16,-8.881784197001252e-16,2.0
11.847949316438813,0.04227869401368878,0.0,0.0,0.0,2.0
11.85195065021674,0.042278694013621276,1.7763568394002505e-15,0.0,0.0,2.0
11.855951983994666,0.04227869401355466,0.0,0.0,0.0,2.0
11.859953317772591,0.04227869401349693,8.881784197001252e-16,0.0,-8.881784197001252e-16,2.0
11.863954651550518,0.0422786940134392,0.0,-8.881784197001252e-16,-8.881784197001252e-16,2.0
11.867955985328443,0.042278694013388574,0.0,0.0,0.0,2.0
11.87195731910637,0.042278694013343276,0.0,0.0,0.0,2.0
11.875958652884295,0.04227869401330597,0.0,0.0,0.0,2.0
11.879959986662222,0.04227869401327666,-8.881784197001252e-16,-8.881784197001252e-16,-8.881784197001252e-16,2.0
11.883961320440147,0.04227869401325712,-8.881784197001252e-16,-1.7763568394002505e-15,-1.7763568394002505e-15,2.0
11.887962654218073,0.04227869401324913,0.0,-8.881784197001252e-16,-8.881784197001252e-16,2.0
11.891963987995998,0.042278694013251794,-8.881784197001252e-16,-8.881784197001252e-16,-8.881784197001252e-16,2.0
11.895965321773925,0.04227869401326956,8.881784197001252e-16,0.0,-8.881784197001252e-16,2.0
11.899966655551852,0.04227869401330153,-8.881784197001252e-16,-8.881784197001252e-16,-8.881784197001252e-16,2.0
11.903967989329777,0.04227869401334505,0.0,-1.7763568394002505e-15,-1.7763568394002505e-15,2.0
11.907969323107704,0.04227869401338946,-8.881784197001252e-16,-8.881784197001252e-16,-8.881784197001252e-16,2.0
11.911970656885629,0.04227869401343032,-8.881784197001252e-16,-8.881784197001252e-16,-8.881784197001252e-16,2.0
11.915971990663556,0.042278694013470286,1.7763568394002505e-15,0.0,0.0,2.0
11.91997332444148,0.04227869401350759,0.0,0.0,0.0,2.0
11.923974658219407,0.04227869401354134,-8.881784197001252e-16,-8.881784197001252e-16,-8.881784197001252e-16,2.0
11.927975991997332,0.0422786940135742,-8.881784197001252e-16,-8.881784197001252e-16,-8.881784197001252e-16,2.0
11.931977325775259,0.042278694013602625,0.0,0.0,0.0,2.0
11.935978659553186,0.042278694013631934,0.0,0.0,0.0,2.0
11.93997999333111,0.04227869401365769,-8.881784197001252e-16,-8.881784197001252e-16,-8.881784197001252e-16,2.0
11.943981327109038,0.04227869401368256,0.0,0.0,0.0,2.0
11.947982660886963,0.04227869401370565,-8.881784197001252e-16,-8.881784197001252e-16,-8.881784197001252e-16,2.0
11.95198399466489,0.042278694013724305,-8.881784197001252e-16,-8.881784197001252e-16,-8.881784197001252e-16,2.0
11.955985328442814,0.04227869401374473,8.881784197001252e-16,0.0,-8.881784197001252e-16,2.0
11.959986662220741,0.04227869401376072,0.0,0.0,0.0,2.0
11.963987995998666,0.042278694013777596,8.881784197001252e-16,0.0,0.0,2.0
11.967989329776593,0.04227869401379181,8.881784197001252e-16,8.881784197001252e-16,8.881784197001252e-16,2.0
11.971990663554518,0.04227869401380513,0.0,0.0,0.0,2.0
11.975991997332445,0.042278694013817564,0.0,-8.881784197001252e-16,-8.881784197001252e-16,2.0
11.979993331110371,0.042278694013831775,8.881784197001252e-16,0.0,0.0,2.0
11.983994664888296,0.042278694013840656,0.0,0.0,0.0,2.0
11.987995998666223,0.04227869401385309,8.881784197001252e-16,0.0,-8.881784197001252e-16,2.0
11.991997332444148,0.042278694013861084,0.0,0.0,0.0,2.0
11.995998666222075,0.04227869401387174,0.0,0.0,0.0,2.0
12.0,0.042278694013880624,0.0,0.0,0.0,2.0
