S,size,q,T,lam,E,D,y_T
"(4,)",1,-1,0.1,0.0,10350.002452588318,80.68142015871446,1.0
"(4,)",1,-1,0.1,0.0001,10350.002452588684,80.68141647347683,1.0
"(4,)",1,-1,0.1,0.00017782794100389227,10350.00245258948,80.68141360533552,1.0
"(4,)",1,-1,0.1,0.00031622776601683794,10350.002452591994,80.68140850498405,0.9999999999999999
"(4,)",1,-1,0.1,0.0005623413251903491,10350.002452599956,80.68139943514753,1.0
"(4,)",1,-1,0.1,0.001,10350.00245262514,80.68138330648627,1.0000000000000002
"(4,)",1,-1,0.1,0.0017782794100389228,10350.002452704779,80.6813546253553,1.0
"(4,)",1,-1,0.1,0.0031622776601683794,10350.002452956704,80.68130362271904,1.0
"(4,)",1,-1,0.1,0.005623413251903491,10350.002453753417,80.68121292713671,1.0
"(4,)",1,-1,0.1,0.01,10350.002456272929,80.68105164933598,1.0
"(4,)",1,-1,0.1,0.01778279410038923,10350.002464240199,80.6807648658965,1.0
"(4,)",1,-1,0.1,0.03162277660168379,10350.002489433247,80.68025492766326,1.0
"(4,)",1,-1,0.1,0.05623413251903491,10350.002569089262,80.67934825049079,1.0
"(4,)",1,-1,0.1,0.1,10350.002820917427,80.67773635349943,1.0
"(4,)",1,-1,0.1,0.1778279410038923,10350.003616884349,80.67487130398229,0.9999999999999998
"(4,)",1,-1,0.1,0.31622776601683794,10350.006131786806,80.66978072180937,1.0
"(4,)",1,-1,0.1,0.5623413251903491,10350.014072441469,80.66074174320663,0.9999999999999999
"(4,)",1,-1,0.1,1.0,10350.039114796242,80.64471046483561,0.9999999999999999
"(4,)",1,-1,0.1,1.7782794100389228,10350.11792435325,80.61633617090021,0.9999999999999999
"(4,)",1,-1,0.1,3.1622776601683795,10350.36501963731,80.56629762479928,0.9999999999999999
"(4,)",1,-1,0.1,5.623413251903491,10351.1346834447,80.47861637673661,1.0
"(4,)",1,-1,0.1,10.0,10353.504748310494,80.32668265296145,1.0
"(4,)",1,-1,0.1,17.78279410038923,10360.6602294549,80.06844016937173,1.0
"(4,)",1,-1,0.1,31.622776601683793,10381.556327743716,79.64354558450367,1.0
"(4,)",1,-1,0.1,56.23413251903491,10439.377821464384,78.98037353059445,1.0
"(4,)",1,-1,0.1,100.0,10586.809922177028,78.02519457345932,1.0
"(4,)",1,-1,0.1,177.82794100389228,10922.827738892667,76.7937214636763,1.0
"(4,)",1,-1,0.1,316.22776601683796,11593.289124502784,75.40287427618341,1.0
"(4,)",1,-1,0.1,562.341325190349,12767.119013269625,74.02547232455325,1.0000000000000002
"(4,)",1,-1,0.1,1000.0,14615.965859018928,72.80016556879552,1.0
"(4,)",1,-1,0.1,1778.2794100389228,17322.428062533014,71.7886623199621,1.0
"(4,)",1,-1,0.1,3162.2776601683795,21111.07755319624,70.99113779145104,1.0
"(4,)",1,-1,0.1,5623.413251903491,26288.496864460743,70.3777648518267,0.9999999999999999
"(4,)",1,-1,0.1,10000.0,33279.566034664276,69.91182728764181,1.0
"(4,)",1,-1,0.1,17782.794100389227,42663.59482531864,69.56005564767838,1.0
"(4,)",1,-1,0.1,31622.776601683792,55221.30554532126,69.295310792851,1.0
"(4,)",1,-1,0.1,56234.13251903491,71999.097073986,69.09639180952416,0.9999999999999999
"(4,)",1,-1,0.1,100000.0,94395.88756231044,68.9470639985291,1.0
"(4,)",1,-1,0.1,177827.94100389228,124279.56550951669,68.83501787764364,1.0
"(4,)",1,-1,0.1,316227.7660168379,164142.6404043383,68.75096763445936,1.0000000000000002
"(4,)",1,-1,0.1,562341.3251903491,217310.03504010188,68.68792727877735,1.0
"(4,)",1,-1,0.1,1000000.0,288216.02597351465,68.64064863910365,1.0
"(4,)",1,-1,1,0.0,196.73102916294962,11.186426301719456,0.9999999999999999
"(4,)",1,-1,1,0.0001,196.73102916322833,11.186423515158133,1.0
"(4,)",1,-1,1,0.00017782794100389227,196.7310291638307,11.18642134646967,1.0
"(4,)",1,-1,1,0.00031622776601683794,196.73102916573603,11.186417490010758,0.9999999999999999
"(4,)",1,-1,1,0.0005623413251903491,196.73102917176087,11.186410632386853,1.0
"(4,)",1,-1,1,0.001,196.7310291908122,11.186398438366604,1.0
"(4,)",1,-1,1,0.0017782794100389228,196.73102925105024,11.186376756366553,1.0
"(4,)",1,-1,1,0.0031622776601683794,196.7310294415017,11.186338207221109,0.9999999999999998
"(4,)",1,-1,1,0.005623413251903491,196.73103004354968,11.186269679804795,1.0
"(4,)",1,-1,1,0.01,196.73103194619014,11.18614789391448,0.9999999999999999
"(4,)",1,-1,1,0.01778279410038923,196.7310379561159,11.185931561448596,1.0
"(4,)",1,-1,1,0.03162277660168379,196.73105692328804,11.18554760923076,1.0
"(4,)",1,-1,1,0.05623413251903491,196.73111669060188,11.184867188648328,1.0
"(4,)",1,-1,1,0.1,196.73130450720595,11.183664600390598,1.0
"(4,)",1,-1,1,0.1778279410038923,196.7318918626069,11.181549133711401,1.0
"(4,)",1,-1,1,0.31622776601683794,196.73371312649058,11.177858571401451,0.9999999999999999
"(4,)",1,-1,1,0.5623413251903491,196.73927745430547,11.171512504587607,0.9999999999999998
"(4,)",1,-1,1,1.0,196.75585166657035,11.160867164951815,1.0
"(4,)",1,-1,1,1.7782794100389228,196.80317501695228,11.143733445769042,1.0
"(4,)",1,-1,1,3.1622776601683795,196.92947156456262,11.11792165924563,1.0
"(4,)",1,-1,1,5.623413251903491,197.2342743978886,11.082697233586767,1.0
"(4,)",1,-1,1,10.0,197.87666087748823,11.040651401867416,1.0
"(4,)",1,-1,1,17.78279410038923,199.03141159120074,10.997813294927578,0.9999999999999999
"(4,)",1,-1,1,31.622776601683793,200.80665226391454,10.960518096116946,1.0
"(4,)",1,-1,1,56.23413251903491,203.2195842337148,10.931873697011088,0.9999999999999998
"(4,)",1,-1,1,100.0,206.26993130132624,10.911463944221937,0.9999999999999999
"(4,)",1,-1,1,177.82794100389228,210.02870521103944,10.897315984623752,0.9999999999999999
"(4,)",1,-1,1,316.22776601683796,214.68030552726057,10.887476290756368,1.0
"(4,)",1,-1,1,562.341325190349,220.53276061283992,10.880520697331933,1.0
"(4,)",1,-1,1,1000.0,228.0272026546974,10.875515803177672,1.0
"(4,)",1,-1,1,1778.2794100389228,237.7614298361617,10.871862335463469,1.0
"(4,)",1,-1,1,3162.2776601683795,250.53149119521058,10.869168147546896,1.0
"(4,)",1,-1,1,5623.413251903491,267.3932966607805,10.867168137979847,0.9999999999999998
"(4,)",1,-1,1,10000.0,289.7479426856254,10.865677299448697,0.9999999999999998
"(4,)",1,-1,1,17782.794100389227,319.4569844240363,10.864563228761948,0.9999999999999999
"(4,)",1,-1,1,31622.776601683792,358.9967615610136,10.863729478595829,1.0
"(4,)",1,-1,1,56234.13251903491,411.66442261889716,10.863104977446175,0.9999999999999998
"(4,)",1,-1,1,100000.0,481.8525297030643,10.862636976565943,1.0
"(4,)",1,-1,1,177827.94100389228,575.4152639376867,10.862286156637369,1.0000000000000002
"(4,)",1,-1,1,316227.7660168379,700.1561821234712,10.862023133982794,1.0
"(4,)",1,-1,1,562341.3251903491,866.4787137448762,10.86182591742355,1.0
"(4,)",1,-1,1,1000000.0,1088.2515223282999,10.861678034353615,0.9999999999999999
"(4,)",1,-1,3,0.0,161.94990880201115,10.554221471707681,1.0
"(4,)",1,-1,3,0.0001,161.94990880291655,10.554212417972906,1.0
"(4,)",1,-1,3,0.00017782794100389227,161.94990880487407,10.55420537184687,1.0
"(4,)",1,-1,3,0.00031622776601683794,161.9499088110645,10.554192842317443,0.9999999999999999
"(4,)",1,-1,3,0.0005623413251903491,161.94990883063844,10.554170562740548,0.9999999999999999
"(4,)",1,-1,3,0.001,161.94990889252986,10.554130947940731,1.0000000000000002
"(4,)",1,-1,3,0.0017782794100389228,161.94990908820708,10.55406051602594,0.9999999999999999
"(4,)",1,-1,3,0.0031622776601683794,161.94990970676366,10.553935313502857,1.0
"(4,)",1,-1,3,0.005623413251903491,161.9499116615275,10.553712810950339,1.0
"(4,)",1,-1,3,0.01,161.94991783581796,10.55331758933023,1.0
"(4,)",1,-1,3,0.01778279410038923,161.94993732016061,10.552616194860969,1.0
"(4,)",1,-1,3,0.03162277660168379,161.94999870839655,10.551373391466365,1.0
"(4,)",1,-1,3,0.05623413251903491,161.95019156992518,10.549177378177186,1.0
"(4,)",1,-1,3,0.1,161.9507944311886,10.545316074271108,1.0
"(4,)",1,-1,3,0.1778279410038923,161.9526622823556,10.538585033728394,0.9999999999999999
"(4,)",1,-1,3,0.31622776601683794,161.95836084488752,10.527026749640372,1.0
"(4,)",1,-1,3,0.5623413251903491,161.97529211725433,10.507685673311155,1.0
"(4,)",1,-1,3,1.0,162.02341877555148,10.476691718689656,1.0
"(4,)",1,-1,3,1.7782794100389228,162.15084082753575,10.430360086458718,1.0
"(4,)",1,-1,3,3.1622776601683795,162.454034929485,10.367998386255108,0.9999999999999998
"(4,)",1,-1,3,5.623413251903491,163.07703092824687,10.295372850776326,0.9999999999999998
"(4,)",1,-1,3,10.0,164.14682867718412,10.224597563271876,1.0
"(4,)",1,-1,3,17.78279410038923,165.6621728721906,10.167698085680843,1.0
"(4,)",1,-1,3,31.622776601683793,167.4541441088801,10.129552053940545,1.0
"(4,)",1,-1,3,56.23413251903491,169.27989227583498,10.107559622931493,1.0
"(4,)",1,-1,3,100.0,170.9470349484274,10.09621800987209,1.0
"(4,)",1,-1,3,177.82794100389228,172.3626905068622,10.090787653019005,1.0
"(4,)",1,-1,3,316.22776601683796,173.51320716288174,10.08830205740734,1.0000000000000002
"(4,)",1,-1,3,562.341325190349,174.42618002177448,10.087192043587624,1.0
"(4,)",1,-1,3,1000.0,175.14317699027137,10.086701713113342,1.0
"(4,)",1,-1,3,1778.2794100389228,175.70619522356847,10.086485243051026,0.9999999999999999
"(4,)",1,-1,3,3162.2776601683795,176.15268867741207,10.086388776886166,1.0
"(4,)",1,-1,3,5623.413251903491,176.51464700367004,10.086344860989167,1.0
"(4,)",1,-1,3,10000.0,176.81929117913572,10.086324121011824,0.9999999999999999
"(4,)",1,-1,3,17782.794100389227,177.09033210564056,10.086313775993574,0.9999999999999998
"(4,)",1,-1,3,31622.776601683792,177.34939896205515,10.086308235794961,1.0
"(4,)",1,-1,3,56234.13251903491,177.61753618574005,10.08630502329361,1.0
"(4,)",1,-1,3,100000.0,177.91677135905198,10.086303013678142,1.0
"(4,)",1,-1,3,177827.94100389228,178.27183634877244,10.086301675740804,1.0
"(4,)",1,-1,3,316227.7660168379,178.7121089199539,10.086300743838663,1.0
"(4,)",1,-1,3,562341.3251903491,179.2739382303529,10.086300075115975,1.0
"(4,)",1,-1,3,1000000.0,180.00267561697387,10.086299585754352,1.0
"(4,)",1,0,0.1,0.0,5871.5011709683395,46.05424098168828,1.0
"(4,)",1,0,0.1,0.0001,5871.501170968479,46.05423967811184,1.0
"(4,)",1,0,0.1,0.00017782794100389227,5871.501170968755,46.05423866356615,1.0
"(4,)",1,0,0.1,0.00031622776601683794,5871.5011709696455,46.054236859422325,1.0
"(4,)",1,0,0.1,0.0005623413251903491,5871.5011709724595,46.05423365115469,1.0
"(4,)",1,0,0.1,0.001,5871.501170981369,46.054227945971874,1.0
"(4,)",1,0,0.1,0.0017782794100389228,5871.501171009549,46.054217800605784,1.0
"(4,)",1,0,0.1,0.0031622776601683794,5871.501171098669,46.05419975944663,1.0
"(4,)",1,0,0.1,0.005623413251903491,5871.501171380509,46.05416767765632,0.9999999999999998
"(4,)",1,0,0.1,0.01,5871.50117227177,46.054110628634135,1.0
"(4,)",1,0,0.1,0.01778279410038923,5871.501175090115,46.05400918384844,1.0
"(4,)",1,0,0.1,0.03162277660168379,5871.501184001902,46.05382880032119,1.0
"(4,)",1,0,0.1,0.05623413251903491,5871.501212179726,46.05350807115523,1.0
"(4,)",1,0,0.1,0.1,5871.501301264278,46.05293786148389,1.0
"(4,)",1,0,0.1,0.1778279410038923,5871.501582852002,46.05192430047264,0.9999999999999998
"(4,)",1,0,0.1,0.31622776601683794,5871.502472621077,46.05012326778417,1.0
"(4,)",1,0,0.1,0.5623413251903491,5871.505282443534,46.046924828183585,1.0
"(4,)",1,0,0.1,1.0,5871.514146155063,46.041250665452246,1.0
"(4,)",1,0,0.1,1.7782794100389228,5871.5420541410285,46.03120306120761,1.0
"(4,)",1,0,0.1,3.1622776601683795,5871.629630058108,46.01346919700705,1.0
"(4,)",1,0,0.1,5.623413251903491,5871.902827347364,45.98234888277917,1.0
"(4,)",1,0,0.1,10.0,5872.746332837239,45.928284048143844,1.0
"(4,)",1,0,0.1,17.78279410038923,5875.304782827368,45.83597399688322,0.9999999999999998
"(4,)",1,0,0.1,31.622776601683793,5882.835917063851,45.68290893725043,0.9999999999999998
"(4,)",1,0,0.1,56.23413251903491,5903.955423305137,45.44086929256711,1.0
"(4,)",1,0,0.1,100.0,5958.974559456365,45.08484825869562,0.9999999999999998
"(4,)",1,0,0.1,177.82794100389228,6088.473280947383,44.61109299045803,0.9999999999999998
"(4,)",1,0,0.1,316.22776601683796,6358.2177824615,44.052775893843325,1.0
"(4,)",1,0,0.1,562.341325190349,6853.7239062618155,43.47265914316785,1.0
"(4,)",1,0,0.1,1000.0,7667.6291180217795,42.934183019012025,1.0
"(4,)",1,0,0.1,1778.2794100389228,8892.44547265645,42.476871470177116,0.9999999999999998
"(4,)",1,0,0.1,3162.2776601683795,10631.277863256644,42.1110030753769,1.0
"(4,)",1,0,0.1,5623.413251903491,13022.096983944764,41.82781357757923,1.0
"(4,)",1,0,0.1,10000.0,16258.787682936012,41.6121132951709,1.0
"(4,)",1,0,0.1,17782.794100389227,20608.251525901695,41.44907415782474,1.0
"(4,)",1,0,0.1,31622.776601683792,26431.649350726384,41.32630579011981,0.9999999999999998
"(4,)",1,0,0.1,56234.13251903491,34213.848149920625,41.23404006135194,1.0
"(4,)",1,0,0.1,100000.0,44603.5114798422,41.16476854986615,1.0
"(4,)",1,0,0.1,177827.94100389228,58467.02054515992,41.11278870982313,1.0
"(4,)",1,0,0.1,316227.7660168379,76960.6277419264,41.07379549531154,0.9999999999999998
"(4,)",1,0,0.1,562341.3251903491,101626.84106326991,41.044548937715206,1.0
"(4,)",1,0,0.1,1000000.0,134522.86842893483,41.02261462089987,1.0
"(4,)",1,0,1,0.0,211.85723233583204,11.495530543752709,1.0
"(4,)",1,0,1,0.0001,211.8572323363815,11.495525054802208,1.0
"(4,)",1,0,1,0.00017782794100389227,211.85723233756792,11.495520782930381,1.0
"(4,)",1,0,1,0.00031622776601683794,211.8572323413212,11.495513186490303,1.0
"(4,)",1,0,1,0.0005623413251903491,211.8572323531891,11.495499678345071,0.9999999999999998
"(4,)",1,0,1,0.001,211.85723239071663,11.495475658504349,1.0
"(4,)",1,0,1,0.0017782794100389228,211.85723250937505,11.495432948992887,1.0
"(4,)",1,0,1,0.0031622776601683794,211.85723288453462,11.495357013701259,1.0
"(4,)",1,0,1,0.005623413251903491,211.8572340704878,11.495222024274328,1.0
"(4,)",1,0,1,0.01,211.85723781853318,11.494982116732677,1.0
"(4,)",1,0,1,0.01778279410038923,211.85724965816067,11.494555940605906,1.0
"(4,)",1,0,1,0.03162277660168379,211.85728702692498,11.493799489249405,1.0
"(4,)",1,0,1,0.05623413251903491,211.85740479732507,11.49245874510877,1.0
"(4,)",1,0,1,0.1,211.85777498671413,11.490088462965465,1.0
"(4,)",1,0,1,0.1778279410038923,211.85893322785608,11.485916964641751,1.0
"(4,)",1,0,1,0.31622776601683794,211.8625277197768,11.478633536499084,1.0
"(4,)",1,0,1,0.5623413251903491,211.87352585011965,11.466091342288042,1.0
"(4,)",1,0,1,1.0,211.90636923165525,11.44499970800181,1.0
"(4,)",1,0,1,1.7782794100389228,212.00055091250016,11.410909126238684,1.0
"(4,)",1,0,1,3.1622776601683795,212.2536800453283,11.359196801003327,1.0
"(4,)",1,0,1,5.623413251903491,212.8712109809719,11.287875067870408,1.0
"(4,)",1,0,1,10.0,214.19218389152374,11.201482209735,1.0
"(4,)",1,0,1,17.78279410038923,216.60696813839874,11.111970251390098,1.0
"(4,)",1,0,1,31.622776601683793,220.36231557359955,11.033097364188041,1.0
"(4,)",1,0,1,56.23413251903491,225.43081959431785,10.972868444708867,0.9999999999999998
"(4,)",1,0,1,100.0,231.58424356899994,10.931577847951843,1.0
"(4,)",1,0,1,177.82794100389228,238.57848978076677,10.905126117590632,1.0
"(4,)",1,0,1,316.22776601683796,246.30340567922528,10.88868756477158,1.0
"(4,)",1,0,1,562.341325190349,254.85301065143722,10.878463699711622,0.9999999999999999
"(4,)",1,0,1,1000.0,264.54290868765554,10.871957250572756,1.0
"(4,)",1,0,1,1778.2794100389228,275.91230706834244,10.86767175263818,1.0
"(4,)",1,0,1,3162.2776601683795,289.73581487606054,10.864746381670285,1.0
"(4,)",1,0,1,5623.413251903491,307.05811118331536,10.862687573300024,0.9999999999999998
"(4,)",1,0,1,10000.0,329.2582296950327,10.861205139940536,0.9999999999999999
"(4,)",1,0,1,17782.794100389227,358.1486825711508,10.86012091912411,1.0
"(4,)",1,0,1,31622.776601683792,396.11628798622206,10.85931994862099,0.9999999999999998
"(4,)",1,0,1,56234.13251903491,446.31462986421803,10.858724565534441,1.0
"(4,)",1,0,1,100000.0,512.9231943630873,10.858280362757043,1.0
"(4,)",1,0,1,177827.94100389228,601.4933873930573,10.857948232476474,1.0
"(4,)",1,0,1,316227.7660168379,719.4102096727897,10.85769958594784,1.0
"(4,)",1,0,1,562341.3251903491,876.5063268045229,10.857513303732677,1.0
"(4,)",1,0,1,1000000.0,1085.8804722056054,10.85737368537283,1.0
"(4,)",1,0,3,0.0,173.49347090222412,10.806943237679512,0.9999999999999998
"(4,)",1,0,3,0.0001,173.4934709034171,10.806931310304803,1.0
"(4,)",1,0,3,0.00017782794100389227,173.49347090599582,10.806922027720725,1.0
"(4,)",1,0,3,0.00031622776601683794,173.49347091415063,10.806905521223252,0.9999999999999998
"(4,)",1,0,3,0.0005623413251903491,173.49347093993813,10.80687616973701,1.0
"(4,)",1,0,3,0.001,173.49347102147587,10.80682397990001,1.0
"(4,)",1,0,3,0.0017782794100389228,173.49347127927322,10.806731188564973,1.0
"(4,)",1,0,3,0.0031622776601683794,173.4934720942314,10.806566232678819,0.9999999999999998
"(4,)",1,0,3,0.005623413251903491,173.4934746698444,10.806273062617162,1.0
"(4,)",1,0,3,0.01,173.49348280616312,10.80575225366619,0.9999999999999998
"(4,)",1,0,3,0.01778279410038923,173.4935084878481,10.804827780105041,1.0
"(4,)",1,0,3,0.03162277660168379,173.49358943378195,10.803189069374184,1.0
"(4,)",1,0,3,0.05623413251903491,173.49384391806194,10.800291509020372,1.0
"(4,)",1,0,3,0.1,173.4946403963949,10.79519046550436,1.0
"(4,)",1,0,3,0.1778279410038923,173.4971135749877,10.786279193723175,1.0
"(4,)",1,0,3,0.31622776601683794,173.50468820756907,10.770919180981531,1.0
"(4,)",1,0,3,0.5623413251903491,173.52734631919924,10.745046369039095,1.0
"(4,)",1,0,3,1.0,173.59250638500365,10.703111231751237,1.0
"(4,)",1,0,3,1.7782794100389228,173.76845324010645,10.639208740257024,1.0
"(4,)",1,0,3,3.1622776601683795,174.20079291583139,10.550449631815802,1.0
"(4,)",1,0,3,5.623413251903491,175.13500092024444,10.441858890816542,1.0
"(4,)",1,0,3,10.0,176.86284286448142,10.328026093946647,1.0
"(4,)",1,0,3,17.78279410038923,179.5722393112492,10.226853896048455,1.0
"(4,)",1,0,3,31.622776601683793,183.2113320941372,10.149900445726242,1.0
"(4,)",1,0,3,56.23413251903491,187.4951606044635,10.098666390082103,1.0
"(4,)",1,0,3,100.0,192.03248440170594,10.068013492327175,1.0
"(4,)",1,0,3,177.82794100389228,196.46060085178917,10.051133348757315,1.0
"(4,)",1,0,3,316.22776601683796,200.52072881037054,10.042407299409122,1.0
"(4,)",1,0,3,562.341325190349,204.07263445431008,10.03810625866176,1.0
"(4,)",1,0,3,1000.0,207.07412686194175,10.036059566876595,1.0
"(4,)",1,0,3,1778.2794100389228,209.54938112225406,10.035109530099728,1.0
"(4,)",1,0,3,3162.2776601683795,211.5599326821344,10.034675365530212,1.0
"(4,)",1,0,3,5623.413251903491,213.1835277603741,10.034478198455147,1.0
"(4,)",1,0,3,10000.0,214.5010893286822,10.03438826911607,0.9999999999999998
"(4,)",1,0,3,17782.794100389227,215.59009148140387,10.034346522210596,1.0
"(4,)",1,0,3,31622.776601683792,216.52234453029115,10.034326467187324,0.9999999999999998
"(4,)",1,0,3,56234.13251903491,217.36455630738178,10.034316308745542,1.0
"(4,)",1,0,3,100000.0,218.1805965335949,10.034310793312311,1.0
"(4,)",1,0,3,177827.94100389228,219.03481920412415,10.03430755783769,1.0
"(4,)",1,0,3,316227.7660168379,219.99629269580802,10.034305515822542,0.9999999999999998
"(4,)",1,0,3,562341.3251903491,221.14367957912776,10.034304148019032,1.0
"(4,)",1,0,3,1000000.0,222.570208711983,10.034303190823486,1.0
"(4,)",1,1,0.1,0.0,3243.8724291720705,25.409246836595237,1.0
"(4,)",1,1,0.1,0.0001,3243.8724291721414,25.40924610961981,0.9999999999999998
"(4,)",1,1,0.1,0.00017782794100389227,3243.8724291723,25.409245543830433,1.0
"(4,)",1,1,0.1,0.00031622776601683794,3243.872429172795,25.409244537699834,0.9999999999999999
"(4,)",1,1,0.1,0.0005623413251903491,3243.872429174365,25.409242748520857,0.9999999999999998
"(4,)",1,1,0.1,0.001,3243.8724291793333,25.409239566868298,1.0
"(4,)",1,1,0.1,0.0017782794100389228,3243.872429195048,25.40923390902526,1.0
"(4,)",1,1,0.1,0.0031622776601683794,3243.872429244748,25.409223847876305,1.0
"(4,)",1,1,0.1,0.005623413251903491,3243.8724294019185,25.409205956584863,0.9999999999999999
"(4,)",1,1,0.1,0.01,3243.87242989895,25.409174141637234,1.0
"(4,)",1,1,0.1,0.01778279410038923,3243.8724314706706,25.409117568197974,0.9999999999999999
"(4,)",1,1,0.1,0.03162277660168379,3243.8724364405507,25.409016972489653,1.0
"(4,)",1,1,0.1,0.05623413251903491,3243.872452154631,25.408838109476033,1.0
"(4,)",1,1,0.1,0.1,3243.8725018348073,25.408520117765374,1.0
"(4,)",1,1,0.1,0.1778279410038923,3243.8726588685677,25.40795488208249,1.0
"(4,)",1,1,0.1,0.31622776601683794,3243.8731550652824,25.406950501003134,1.0
"(4,)",1,1,0.1,0.5623413251903491,3243.874721998537,25.405166848696453,1.0
"(4,)",1,1,0.1,1.0,3243.879664859006,25.402002639598646,1.0
"(4,)",1,1,0.1,1.7782794100389228,3243.8952272182114,25.396399769614487,1.0
"(4,)",1,1,0.1,3.1622776601683795,3243.944059143344,25.386511412528506,1.0
"(4,)",1,1,0.1,5.623413251903491,3244.096375365571,25.369160730440935,1.0
"(4,)",1,1,0.1,10.0,3244.566562595122,25.339023536445215,1.0
"(4,)",1,1,0.1,17.78279410038923,3245.9921983260524,25.287584904200237,0.9999999999999998
"(4,)",1,1,0.1,31.622776601683793,3250.186239119746,25.202341000791627,1.0
"(4,)",1,1,0.1,56.23413251903491,3261.935842247548,25.067677223112803,1.0
"(4,)",1,1,0.1,100.0,3292.4965930310864,24.86990519539061,1.0000000000000002
"(4,)",1,1,0.1,177.82794100389228,3364.259834519631,24.6073346219457,1.0
"(4,)",1,1,0.1,316.22776601683796,3513.2922516006497,24.298819773704487,1.0
"(4,)",1,1,0.1,562.341325190349,3786.1888250638344,23.979278169571963,1.0
"(4,)",1,1,0.1,1000.0,4233.314978285168,23.683432919999618,1.0
"(4,)",1,1,0.1,1778.2794100389228,4905.25052181028,23.43254097585801,0.9999999999999998
"(4,)",1,1,0.1,3162.2776601683795,5858.736288880225,23.231915990432064,1.0
"(4,)",1,1,0.1,5623.413251903491,7169.698387012128,23.076634638576735,1.0
"(4,)",1,1,0.1,10000.0,8944.630458928272,22.958349756973238,1.0
"(4,)",1,1,0.1,17782.794100389227,11329.993258147293,22.86893505595223,0.9999999999999998
"(4,)",1,1,0.1,31622.776601683792,14523.90928154108,22.8016013762234,0.9999999999999998
"(4,)",1,1,0.1,56234.13251903491,18792.338839138374,22.750994981653683,0.9999999999999999
"(4,)",1,1,0.1,100000.0,24491.082062872036,22.712999528225797,0.9999999999999999
"(4,)",1,1,0.1,177827.94100389228,32095.35927048219,22.68448809463051,0.9999999999999998
"(4,)",1,1,0.1,316227.7660168379,42239.39884713568,22.663099742085954,1.0
"(4,)",1,1,0.1,562341.3251903491,55769.29906015882,22.647057488032942,1.0
"(4,)",1,1,0.1,1000000.0,73813.50400385777,22.635026097810783,0.9999999999999998
"(4,)",1,1,1,0.0,154.6156239746876,8.034451015815065,1.0
"(4,)",1,1,1,0.0001,154.61562397523593,8.034445532479538,0.9999999999999999
"(4,)",1,1,1,0.00017782794100389227,154.61562397642172,8.034441264984379,1.0
"(4,)",1,1,1,0.00031622776601683794,154.615623980171,8.034433676341603,0.9999999999999999
"(4,)",1,1,1,0.0005623413251903491,154.6156239920268,8.034420182107699,1.0
"(4,)",1,1,1,0.001,154.61562402951532,8.034396187149182,0.9999999999999999
"(4,)",1,1,1,0.0017782794100389228,154.6156241480497,8.034353522340425,1.0
"(4,)",1,1,1,0.0031622776601683794,154.61562452280882,8.034277667981515,1.0
"(4,)",1,1,1,0.005623413251903491,154.61562570745562,8.034142827022123,1.0
"(4,)",1,1,1,0.01,154.61562945113877,8.033903197854967,0.9999999999999999
"(4,)",1,1,1,0.01778279410038923,154.6156412756802,8.033477562049065,1.0
"(4,)",1,1,1,0.03162277660168379,154.61567858950886,8.03272221414757,1.0
"(4,)",1,1,1,0.05623413251903491,154.61579614585474,8.031383879797474,1.0
"(4,)",1,1,1,0.1,154.61616543468813,8.02901927902252,1.0
"(4,)",1,1,1,0.1778279410038923,154.61731960112618,8.024862192977524,1.0
"(4,)",1,1,1,0.31622776601683794,154.6208946055554,8.017617447504987,1.0
"(4,)",1,1,1,0.5623413251903491,154.6317967743504,8.0051822902046,1.0
"(4,)",1,1,1,1.0,154.6641685882016,7.984386654136875,1.0
"(4,)",1,1,1,1.7782794100389228,154.75611992790007,7.9510852513608725,1.0
"(4,)",1,1,1,3.1622776601683795,154.99952766929846,7.901316134475302,1.0
"(4,)",1,1,1,5.623413251903491,155.57993549286925,7.8341968361105945,0.9999999999999999
"(4,)",1,1,1,10.0,156.78277619466581,7.75539483433582,1.0
"(4,)",1,1,1,17.78279410038923,158.89447260333876,7.676950588204291,0.9999999999999999
"(4,)",1,1,1,31.622776601683793,162.02299223998173,7.611076968046426,0.9999999999999999
"(4,)",1,1,1,56.23413251903491,166.0123300171619,7.563531897838739,1.0
"(4,)",1,1,1,100.0,170.54293132496468,7.533025124627223,1.0
"(4,)",1,1,1,177.82794100389228,175.30189901858762,7.5149533112739535,1.0
"(4,)",1,1,1,316.22776601683796,180.09426827115257,7.504706948253904,1.0
"(4,)",1,1,1,562.341325190349,184.87427760797382,7.49896130335343,0.9999999999999999
"(4,)",1,1,1,1000.0,189.73231149924982,7.495682374818112,1.0
"(4,)",1,1,1,1778.2794100389228,194.8719469277235,7.493736042534235,0.9999999999999999
"(4,)",1,1,1,3162.2776601683795,200.5951460413801,7.492520346125437,1.0
"(4,)",1,1,1,5623.413251903491,207.30186816263617,7.491721065899626,1.0
"(4,)",1,1,1,10000.0,215.50522166694157,7.491172283970663,1.0000000000000002
"(4,)",1,1,1,17782.794100389227,225.86219735060592,7.490783154752622,0.9999999999999998
"(4,)",1,1,1,31622.776601683792,239.22083107038736,7.49050114314406,1.0000000000000002
"(4,)",1,1,1,56234.13251903491,256.68623895812163,7.490293907706699,1.0
"(4,)",1,1,1,100000.0,279.71000640327475,7.490140328731841,1.0
"(4,)",1,1,1,177827.94100389228,310.20954831930135,7.490025942400706,0.9999999999999999
"(4,)",1,1,1,316227.7660168379,350.7269167253262,7.4899404976366455,1.0
"(4,)",1,1,1,562341.3251903491,404.64029090909895,7.4898765644867105,1.0
"(4,)",1,1,1,1000000.0,476.4442846079162,7.48982868099947,0.9999999999999999
"(4,)",1,1,3,0.0,138.3832710577851,7.965634147809255,0.9999999999999998
"(4,)",1,1,3,0.0001,138.38327105892097,7.965622791462213,1.0
"(4,)",1,1,3,0.00017782794100389227,138.38327106137643,7.965613953287336,1.0
"(4,)",1,1,3,0.00031622776601683794,138.38327106914124,7.965598237053094,1.0
"(4,)",1,1,3,0.0005623413251903491,138.383271093694,7.965570290810398,1.0000000000000002
"(4,)",1,1,3,0.001,138.3832711713283,7.965520599682725,1.0
"(4,)",1,1,3,0.0017782794100389228,138.383271416783,7.9654322510986315,0.9999999999999999
"(4,)",1,1,3,0.0031622776601683794,138.38327219272037,7.965275193602361,0.9999999999999999
"(4,)",1,1,3,0.005623413251903491,138.38327464499616,7.9649960625650085,1.0
"(4,)",1,1,3,0.01,138.38328239161558,7.96450019832058,1.0
"(4,)",1,1,3,0.01778279410038923,138.38330684281613,7.963620018360866,1.0
"(4,)",1,1,3,0.03162277660168379,138.3833839080045,7.962059868804916,0.9999999999999998
"(4,)",1,1,3,0.05623413251903491,138.3836261784861,7.959301366053495,1.0
"(4,)",1,1,3,0.1,138.38438435828346,7.954445578531698,1.0
"(4,)",1,1,3,0.1778279410038923,138.38673822727807,7.945964118695223,1.0
"(4,)",1,1,3,0.31622776601683794,138.39394543997398,7.931348935585546,0.9999999999999998
"(4,)",1,1,3,0.5623413251903491,138.41549466768436,7.906741703556099,1.0
"(4,)",1,1,3,1.0,138.47742241120702,7.866885262749314,1.0
"(4,)",1,1,3,1.7782794100389228,138.644477517829,7.80620904994862,1.0
"(4,)",1,1,3,3.1622776601683795,139.05447562941924,7.722031596836625,0.9999999999999999
"(4,)",1,1,3,5.623413251903491,139.93924279070947,7.61918104550836,1.0
"(4,)",1,1,3,10.0,141.5730026531783,7.511536467896935,1.0
"(4,)",1,1,3,17.78279410038923,144.12760896840223,7.416126669161926,1.0
"(4,)",1,1,3,31.622776601683793,147.53994052079557,7.343943442938994,0.9999999999999998
"(4,)",1,1,3,56.23413251903491,151.52046734634536,7.296312023890015,1.0
"(4,)",1,1,3,100.0,155.68495146714562,7.26815967875778,1.0
"(4,)",1,1,3,177.82794100389228,159.6916938836374,7.252875056654756,1.0
"(4,)",1,1,3,316.22776601683796,163.311210178576,7.245090453186788,0.9999999999999999
"(4,)",1,1,3,562.341325190349,166.43117309229777,7.241309817038258,1.0
"(4,)",1,1,3,1000.0,169.02888537676952,7.239537193423992,0.9999999999999999
"(4,)",1,1,3,1778.2794100389228,171.13741633543364,7.238727259875201,1.0
"(4,)",1,1,3,3162.2776601683795,172.81778671448743,7.238364024500199,1.0
"(4,)",1,1,3,5623.413251903491,174.14021665868427,7.238203197185695,1.0
"(4,)",1,1,3,10000.0,175.17325815908418,7.2381325320082155,1.0
"(4,)",1,1,3,17782.794100389227,175.97852232917361,7.238101557019857,1.0
"(4,)",1,1,3,31622.776601683792,176.6088924258293,7.238087926634899,0.9999999999999998
"(4,)",1,1,3,56234.13251903491,177.1087069108661,7.238081854196122,0.9999999999999998
"(4,)",1,1,3,100000.0,177.51493188715628,7.238079082874028,1.0
"(4,)",1,1,3,177827.94100389228,177.85872895077193,7.2380777667664296,1.0
"(4,)",1,1,3,316227.7660168379,178.1671909112831,7.238077104503935,1.0000000000000002
"(4,)",1,1,3,562341.3251903491,178.46498939614057,7.238076745716977,1.0
"(4,)",1,1,3,1000000.0,178.77567452212742,7.238076534983343,0.9999999999999999
"(5,)",1,-1,0.1,0.0,33825.84456016947,192.80059896479142,1.0
"(5,)",1,-1,0.1,0.0001,33825.84456017009,192.80059277309724,1.0
"(5,)",1,-1,0.1,0.00017782794100389227,33825.84456017141,192.80058795423136,1.0
"(5,)",1,-1,0.1,0.00031622776601683794,33825.84456017564,192.80057938494636,1.0
"(5,)",1,-1,0.1,0.0005623413251903491,33825.84456018899,192.80056414637735,1.0000000000000002
"(5,)",1,-1,0.1,0.001,33825.844560231286,192.80053704798894,0.9999999999999998
"(5,)",1,-1,0.1,0.0017782794100389228,33825.84456036506,192.80048885962597,0.9999999999999999
"(5,)",1,-1,0.1,0.0031622776601683794,33825.84456078825,192.80040316770476,1.0
"(5,)",1,-1,0.1,0.005623413251903491,33825.84456212676,192.8002507849564,1.0
"(5,)",1,-1,0.1,0.01,33825.84456635975,192.79997981037724,1.0
"(5,)",1,-1,0.1,0.01778279410038923,33825.84457974606,192.79949795617034,1.0
"(5,)",1,-1,0.1,0.03162277660168379,33825.84462207624,192.7986411299969,0.9999999999999998
"(5,)",1,-1,0.1,0.05623413251903491,33825.844755925435,192.79711759670678,1.0
"(5,)",1,-1,0.1,0.1,33825.84517912537,192.79440878110572,1.0
"(5,)",1,-1,0.1,0.1778279410038923,33825.846517000704,192.7895931798298,1.0
"(5,)",1,-1,0.1,0.31622776601683794,33825.85074545631,192.78103421363807,1.0
"(5,)",1,-1,0.1,0.5623413251903491,33825.864104163426,192.76582825294867,1.0
"(5,)",1,-1,0.1,1.0,33825.906275936126,192.73883285167705,1.0
"(5,)",1,-1,0.1,1.7782794100389228,33826.0392302499,192.6909694356315,1.0
"(5,)",1,-1,0.1,3.1622776601683795,33826.45740791736,192.6063010217668,1.0
"(5,)",1,-1,0.1,5.623413251903491,33827.767230216035,192.4571322465771,1.0
"(5,)",1,-1,0.1,10.0,33831.83994834863,192.19619595814504,1.0
"(5,)",1,-1,0.1,17.78279410038923,33844.34271330705,191.74540251309884,0.9999999999999999
"(5,)",1,-1,0.1,31.622776601683793,33881.889631874044,190.98315365025888,0.9999999999999998
"(5,)",1,-1,0.1,56.23413251903491,33990.55560685349,189.7399726506373,1.0000000000000002
"(5,)",1,-1,0.1,100.0,34286.86104591845,187.82730367791973,1.0
"(5,)",1,-1,0.1,177.82794100389228,35025.44813505347,185.1330123221363,1.0
"(5,)",1,-1,0.1,316.22776601683796,36655.635302099625,181.76748525080257,0.9999999999999999
"(5,)",1,-1,0.1,562.341325190349,39780.41888215844,178.1147903150313,1.0
"(5,)",1,-1,0.1,1000.0,45024.48051123711,174.64760292138052,1.0
"(5,)",1,-1,0.1,1778.2794100389228,52992.176810935154,171.67374050888264,0.9999999999999999
"(5,)",1,-1,0.1,3162.2776601683795,64376.402641666195,169.27902280482593,0.9999999999999999
"(5,)",1,-1,0.1,5623.413251903491,80099.22929823767,167.41698157615025,1.0
"(5,)",1,-1,0.1,10000.0,101439.33226329113,165.99495665562833,1.0
"(5,)",1,-1,0.1,17782.794100389227,130155.85577534822,164.91857343156894,1.0
"(5,)",1,-1,0.1,31622.776601683792,168632.99454743913,164.1074234874311,1.0
"(5,)",1,-1,0.1,56234.13251903491,220074.4131730546,163.49754316243917,1.0000000000000002
"(5,)",1,-1,0.1,100000.0,288767.9176937818,163.03954313681228,1.0
"(5,)",1,-1,0.1,177827.94100389228,380441.816370987,162.69582216954714,0.9999999999999999
"(5,)",1,-1,0.1,316227.7660168379,502741.9299360731,162.43795610405223,1.0
"(5,)",1,-1,0.1,562341.3251903491,665868.7811262234,162.2445371195367,0.9999999999999999
"(5,)",1,-1,0.1,1000000.0,883427.7599759444,162.09947340163578,1.0
"(5,)",1,-1,1,0.0,312.05876122256757,25.664951926458528,1.0
"(5,)",1,-1,1,0.0001,312.05876122316727,25.66494592480133,1.0
"(5,)",1,-1,1,0.00017782794100389227,312.05876122446523,25.66494125390546,1.0
"(5,)",1,-1,1,0.00031622776601683794,312.05876122856876,25.664932947900212,1.0
"(5,)",1,-1,1,0.0005623413251903491,312.0587612415449,25.664918177984866,1.0
"(5,)",1,-1,1,0.001,312.05876128257705,25.664891914474957,0.9999999999999999
"(5,)",1,-1,1,0.0017782794100389228,312.0587614123193,25.66484521544266,1.0
"(5,)",1,-1,1,0.0031622776601683794,312.05876182252183,25.664762186774706,0.9999999999999999
"(5,)",1,-1,1,0.005623413251903491,312.05876311926295,25.664614586839658,1.0
"(5,)",1,-1,1,0.01,312.0587672174757,25.664352265339307,1.0000000000000002
"(5,)",1,-1,1,0.01778279410038923,312.05878016344224,25.66388626581141,1.0
"(5,)",1,-1,1,0.03162277660168379,312.0588210251951,25.663059107299052,1.0
"(5,)",1,-1,1,0.05623413251903491,312.058949810232,25.66159297206158,1.0
"(5,)",1,-1,1,0.1,312.0593546572816,25.65900079360487,1.0
"(5,)",1,-1,1,0.1778279410038923,312.0606215348202,25.654438074794808,1.0
"(5,)",1,-1,1,0.31622776601683794,312.06455431673095,25.64646931611731,0.9999999999999999
"(5,)",1,-1,1,0.5623413251903491,312.076594143427,25.63273963255271,0.9999999999999999
"(5,)",1,-1,1,1.0,312.1125866625517,25.609627161216757,0.9999999999999999
"(5,)",1,-1,1,1.7782794100389228,312.2160171152837,25.572193716337626,1.0000000000000002
"(5,)",1,-1,1,3.1622776601683795,312.49517236168674,25.515179249019027,0.9999999999999999
"(5,)",1,-1,1,5.623413251903491,313.181664624088,25.43593147234279,1.0
"(5,)",1,-1,1,10.0,314.67080026790495,25.338621015980095,1.0
"(5,)",1,-1,1,17.78279410038923,317.4539637925672,25.235586552728048,1.0
"(5,)",1,-1,1,31.622776601683793,321.9351576310472,25.14166437508727,1.0
"(5,)",1,-1,1,56.23413251903491,328.34749721315717,25.065739103887346,1.0
"(5,)",1,-1,1,100.0,336.9236887827268,25.008516183065904,1.0
"(5,)",1,-1,1,177.82794100389228,348.12368145990473,24.96647446500954,1.0
"(5,)",1,-1,1,316.22776601683796,362.73836063307294,24.935631365291123,1.0
"(5,)",1,-1,1,562.341325190349,381.92392735902274,24.912869532492888,1.0
"(5,)",1,-1,1,1000.0,407.2567092369769,24.895972444976053,0.9999999999999999
"(5,)",1,-1,1,1778.2794100389228,440.8405589370537,24.88337757799443,1.0
"(5,)",1,-1,1,3162.2776601683795,485.472438582162,24.873965855373196,1.0
"(5,)",1,-1,1,5623.413251903491,544.8725359383626,24.86692235818826,1.0
"(5,)",1,-1,1,10000.0,623.9937384196078,24.861646647204406,1.0
"(5,)",1,-1,1,17782.794100389227,729.4345512591165,24.857693077033694,0.9999999999999999
"(5,)",1,-1,1,31622.776601683792,869.9892960612934,24.854729458923508,1.0
"(5,)",1,-1,1,56234.13251903491,1057.3816279966288,24.852507546448887,1.0
"(5,)",1,-1,1,100000.0,1307.2421769256605,24.85084155425267,1.0
"(5,)",1,-1,1,177827.94100389228,1640.411653582314,24.849592323401527,1.0
"(5,)",1,-1,1,316227.7660168379,2084.678707469771,24.84865556688173,1.0
"(5,)",1,-1,1,562341.3251903491,2677.0943444866016,24.84795310927989,1.0
"(5,)",1,-1,1,1000000.0,3467.0565177315125,24.84742634240386,1.0
"(5,)",1,-1,3,0.0,232.73946912833,24.04027153232826,1.0
"(5,)",1,-1,3,0.0001,232.7394691321646,24.04023318409667,1.0
"(5,)",1,-1,3,0.00017782794100389227,232.73946914045663,24.040203339761163,1.0
"(5,)",1,-1,3,0.00031622776601683794,232.7394691666752,24.04015027101482,1.0
"(5,)",1,-1,3,0.0005623413251903491,232.73946924957852,24.04005590887628,1.0
"(5,)",1,-1,3,0.001,232.73946951169623,24.03988813483139,1.0
"(5,)",1,-1,3,0.0017782794100389228,232.73947034033108,24.039589874857413,0.9999999999999998
"(5,)",1,-1,3,0.0031622776601683794,232.73947295927604,24.039059767047537,1.0
"(5,)",1,-1,3,0.005623413251903491,232.7394812330832,24.038117977272364,1.0
"(5,)",1,-1,3,0.01,232.73950735212858,24.03644602093938,0.9999999999999999
"(5,)",1,-1,3,0.01778279410038923,232.73958969547675,24.033481667634522,1.0
"(5,)",1,-1,3,0.03162277660168379,232.73984867799177,24.02823804073396,1.0
"(5,)",1,-1,3,0.05623413251903491,232.74065981153677,24.019000432594588,0.9999999999999999
"(5,)",1,-1,3,0.1,232.7431816090997,24.002843330196672,1.0
"(5,)",1,-1,3,0.1778279410038923,232.75092142188922,23.974936655378922,0.9999999999999999
"(5,)",1,-1,3,0.31622776601683794,232.77415414783164,23.92777002153034,1.0
"(5,)",1,-1,3,0.5623413251903491,232.8413282557778,23.850915506773056,1.0
"(5,)",1,-1,3,1.0,233.0240852881875,23.732927014952462,1.0
"(5,)",1,-1,3,1.7782794100389228,233.47698873476588,23.567644860422647,1.0
"(5,)",1,-1,3,3.1622776601683795,234.46074818960625,23.364315008157728,1.0
"(5,)",1,-1,3,5.623413251903491,236.26850338272934,23.152373588479506,1.0
"(5,)",1,-1,3,10.0,239.0215171157487,22.96918362076488,0.9999999999999999
"(5,)",1,-1,3,17.78279410038923,242.49948962182097,22.83790340458796,1.0
"(5,)",1,-1,3,31.622776601683793,246.21957552102276,22.75835922517328,1.0
"(5,)",1,-1,3,56.23413251903491,249.69936836899288,22.7162842794945,1.0
"(5,)",1,-1,3,100.0,252.65275766395604,22.69612746282872,1.0
"(5,)",1,-1,3,177.82794100389228,255.00924494205836,22.68706388010897,1.0
"(5,)",1,-1,3,316.22776601683796,256.8314157976084,22.683119343804126,1.0
"(5,)",1,-1,3,562.341325190349,258.23011862432816,22.681416898155412,1.0
"(5,)",1,-1,3,1000.0,259.3162560156895,22.680674184374194,0.9999999999999999
"(5,)",1,-1,3,1778.2794100389228,260.1838555903853,22.68034113764113,1.0
"(5,)",1,-1,3,3162.2776601683795,260.90909667270535,22.680184983714113,1.0
"(5,)",1,-1,3,5623.413251903491,261.5548504723169,22.680107059905957,1.0
"(5,)",1,-1,3,10000.0,262.17615228013483,22.68006506284849,0.9999999999999999
"(5,)",1,-1,3,17782.794100389227,262.82530904399505,22.680040481977148,1.0
"(5,)",1,-1,3,31622.776601683792,263.55661081426933,22.68002496013791,0.9999999999999998
"(5,)",1,-1,3,56234.13251903491,264.43105972248986,22.680014547712464,1.0
"(5,)",1,-1,3,100000.0,265.52151682925626,22.68000725693596,1.0
"(5,)",1,-1,3,177827.94100389228,266.91871681411925,22.680002007570963,1.0
"(5,)",1,-1,3,316227.7660168379,268.7387732325762,22.6799981626866,1.0
"(5,)",1,-1,3,562341.3251903491,271.13226520451354,22.67999531793637,1.0
"(5,)",1,-1,3,1000000.0,274.2934883275981,22.679993198666022,1.0
"(5,)",1,0,0.1,0.0,19099.04097829121,109.53061609774718,0.9999999999999998
"(5,)",1,0,0.1,0.0001,19099.040978291425,109.53061392946074,1.0
"(5,)",1,0,0.1,0.00017782794100389227,19099.040978291858,109.53061224192855,1.0
"(5,)",1,0,0.1,0.00031622776601683794,19099.04097829331,109.53060924102651,0.9999999999999998
"(5,)",1,0,0.1,0.0005623413251903491,19099.04097829795,109.53060390458872,1.0
"(5,)",1,0,0.1,0.001,19099.04097831267,109.53059441492579,0.9999999999999998
"(5,)",1,0,0.1,0.0017782794100389228,19099.04097835939,109.53057753969928,1.0
"(5,)",1,0,0.1,0.0031622776601683794,19099.040978507335,109.53054753097585,1.0
"(5,)",1,0,0.1,0.005623413251903491,19099.040978975634,109.53049416753811,1.0
"(5,)",1,0,0.1,0.01,19099.040980457223,109.53039927388112,1.0
"(5,)",1,0,0.1,0.01778279410038923,19099.040985143663,109.53023053101603,1.0
"(5,)",1,0,0.1,0.03162277660168379,19099.04099996506,109.52993047350763,1.0
"(5,)",1,0,0.1,0.05623413251903491,19099.041046834587,109.52939693312291,0.9999999999999998
"(5,)",1,0,0.1,0.1,19099.041195033344,109.5284482937449,1.0
"(5,)",1,0,0.1,0.1778279410038923,19099.041663562046,109.52676180467749,1.0
"(5,)",1,0,0.1,0.31622776601683794,19099.043144471743,109.52376419959484,1.0
"(5,)",1,0,0.1,0.5623413251903491,19099.04782345002,109.51843818082132,1.0
"(5,)",1,0,0.1,1.0,19099.062596676376,109.50898142655481,1.0000000000000002
"(5,)",1,0,0.1,1.7782794100389228,19099.10918452132,109.49221004738709,1.0
"(5,)",1,0,0.1,3.1622776601683795,19099.25578563994,109.46252849563294,1.0
"(5,)",1,0,0.1,5.623413251903491,19099.715357009114,109.41019283834947,1.0
"(5,)",1,0,0.1,10.0,19101.146450563076,109.3185115430315,1.0
"(5,)",1,0,0.1,17.78279410038923,19105.551186338278,109.15972063882205,0.9999999999999998
"(5,)",1,0,0.1,31.622776601683793,19118.839134402555,108.8900299958573,1.0
"(5,)",1,0,0.1,56.23413251903491,19157.597039074924,108.44682476354578,1.0
"(5,)",1,0,0.1,100.0,19264.66846335146,107.75619273159737,1.0
"(5,)",1,0,0.1,177.82794100389228,19537.21813288593,106.76314852665605,0.9999999999999999
"(5,)",1,0,0.1,316.22776601683796,20158.048837784176,105.48368799650424,1.0
"(5,)",1,0,0.1,562.341325190349,21399.722227345774,104.03549113009774,1.0
"(5,)",1,0,0.1,1000.0,23586.491260197836,102.59301109431946,1.0
"(5,)",1,0,0.1,1778.2794100389228,27054.989573443847,101.30074438630157,1.0
"(5,)",1,0,0.1,3162.2776601683795,32156.37855063488,100.2287609173031,1.0
"(5,)",1,0,0.1,5623.413251903491,39310.269126470266,99.38195070786786,0.9999999999999998
"(5,)",1,0,0.1,10000.0,49088.75200958888,98.73049491276672,1.0
"(5,)",1,0,0.1,17782.794100389227,62289.87834787315,98.23572811222904,1.0
"(5,)",1,0,0.1,31622.776601683792,80005.296889103,97.86228230897846,0.9999999999999998
"(5,)",1,0,0.1,56234.13251903491,103707.73390136364,97.58127770080112,1.0000000000000002
"(5,)",1,0,0.1,100000.0,135371.64321361817,97.37016788076731,0.9999999999999998
"(5,)",1,0,0.1,177827.94100389228,177636.80310027878,97.21170061864676,1.0
"(5,)",1,0,0.1,316227.7660168379,234027.89123830415,97.09280229229225,1.0
"(5,)",1,0,0.1,562341.3251903491,309248.11738561926,97.0036143034506,0.9999999999999998
"(5,)",1,0,0.1,1000000.0,409571.1066771855,96.93672139733816,1.0
"(5,)",1,0,1,0.0,336.45541212159065,27.044622136033293,1.0
"(5,)",1,0,1,0.0001,336.4554121231083,27.044606959227256,1.0
"(5,)",1,0,1,0.00017782794100389227,336.4554121263902,27.04459514761829,1.0
"(5,)",1,0,1,0.00031622776601683794,336.45541213676717,27.04457414368189,1.0
"(5,)",1,0,1,0.0005623413251903491,336.45541216958105,27.044536794093773,1.0
"(5,)",1,0,1,0.001,336.4554122733422,27.044470380136225,1.0
"(5,)",1,0,1,0.0017782794100389228,336.4554126014263,27.044352290355704,1.0
"(5,)",1,0,1,0.0031622776601683794,336.4554136387139,27.044142334175348,1.0
"(5,)",1,0,1,0.005623413251903491,336.4554169177553,27.043769101267255,1.0
"(5,)",1,0,1,0.01,336.4554272805183,27.043105792850092,1.0
"(5,)",1,0,1,0.01778279410038923,336.45546001408417,27.041927520950345,0.9999999999999998
"(5,)",1,0,1,0.03162277660168379,336.45556332268234,27.039836249244626,0.9999999999999998
"(5,)",1,0,1,0.05623413251903491,336.4558888707157,27.03613005876278,1.0
"(5,)",1,0,1,0.1,336.4569119681498,27.02957920213905,1.0
"(5,)",1,0,1,0.1778279410038923,336.46011191098296,27.018054121209378,1.0
"(5,)",1,0,1,0.31622776601683794,336.47003675035165,26.99794298543297,1.0
"(5,)",1,0,1,0.5623413251903491,336.5003738977536,26.963344760469326,1.0
"(5,)",1,0,1,1.0,336.5908257863647,26.905252516168037,1.0
"(5,)",1,0,1,1.7782794100389228,336.8496035578467,26.81157206098142,0.9999999999999998
"(5,)",1,0,1,3.1622776601683795,337.54304335536085,26.669886569850423,1.0
"(5,)",1,0,1,5.623413251903491,339.22959834150396,26.475071699220244,1.0
"(5,)",1,0,1,10.0,342.8293197333977,26.239627714055906,1.0
"(5,)",1,0,1,17.78279410038923,349.4026874735483,25.995956955735178,1.0
"(5,)",1,0,1,31.622776601683793,359.6274577490791,25.781221247484016,1.0
"(5,)",1,0,1,56.23413251903491,373.48895915532466,25.616569805263723,0.9999999999999998
"(5,)",1,0,1,100.0,390.5587274153926,25.502139937514087,0.9999999999999998
"(5,)",1,0,1,177.82794100389228,410.4861099221834,25.426892761292823,1.0
"(5,)",1,0,1,316.22776601683796,433.31665571466306,25.378402195708958,1.0
"(5,)",1,0,1,562.341325190349,459.64265900079795,25.346982812944244,1.0
"(5,)",1,0,1,1000.0,490.6781911857584,25.326180291982737,1.0
"(5,)",1,0,1,1778.2794100389228,528.321833546673,25.31201109413346,1.0
"(5,)",1,0,1,3162.2776601683795,575.2518506828867,25.30208964606511,1.0
"(5,)",1,0,1,5623.413251903491,635.0858918886252,25.294982953217726,0.9999999999999998
"(5,)",1,0,1,10000.0,712.6298177217444,25.289807067046222,1.0
"(5,)",1,0,1,17782.794100389227,814.2392012549794,25.28599477066639,1.0
"(5,)",1,0,1,31622.776601683792,948.3224872077425,25.283166552545406,1.0
"(5,)",1,0,1,56234.13251903491,1126.0245471797934,25.281059079680197,1.0
"(5,)",1,0,1,100000.0,1362.1447204336728,25.27948450510739,1.0
"(5,)",1,0,1,177827.94100389228,1676.364935259465,25.278306239729616,1.0
"(5,)",1,0,1,316227.7660168379,2094.8851461599616,25.277423732428343,1.0
"(5,)",1,0,1,562341.3251903491,2652.6042808307934,25.276762398442557,1.0
"(5,)",1,0,1,1000000.0,3396.0247571147897,25.276266656183598,1.0
"(5,)",1,0,3,0.0,250.78157444104147,25.272379935435577,1.0
"(5,)",1,0,3,0.0001,250.78157444609494,25.27232940041365,1.0
"(5,)",1,0,3,0.00017782794100389227,250.78157445702195,25.272290071586824,1.0
"(5,)",1,0,3,0.00031622776601683794,250.7815744915737,25.272220137277813,1.0
"(5,)",1,0,3,0.0005623413251903491,250.78157460082528,25.272095785078147,1.0
"(5,)",1,0,3,0.001,250.78157494625643,25.271874685453355,1.0
"(5,)",1,0,3,0.0017782794100389228,250.78157603830292,25.271481613911646,1.0
"(5,)",1,0,3,0.0031622776601683794,250.78157948996719,25.270782955893694,1.0
"(5,)",1,0,3,0.005623413251903491,250.78159039560046,25.269541598710536,1.0
"(5,)",1,0,3,0.01,250.78162482900396,25.267337439345074,1.0
"(5,)",1,0,3,0.01778279410038923,250.7817334186405,25.263428294381978,1.0
"(5,)",1,0,3,0.03162277660168379,250.78207514148315,25.256509648152658,1.0
"(5,)",1,0,3,0.05623413251903491,250.78314648390327,25.244309354846028,1.0
"(5,)",1,0,3,0.1,250.78648314273912,25.222933649888954,1.0
"(5,)",1,0,3,0.1778279410038923,250.79675581692015,25.185901206837762,1.0
"(5,)",1,0,3,0.31622776601683794,250.82776037828265,25.12297639314424,1.0
"(5,)",1,0,3,0.5623413251903491,250.91826137967357,25.019490763701338,1.0
"(5,)",1,0,3,1.0,251.16852328095652,24.85807443757742,1.0
"(5,)",1,0,3,1.7782794100389228,251.80584938541972,24.625858947223644,1.0
"(5,)",1,0,3,3.1622776601683795,253.25266803636964,24.32758759149703,1.0
"(5,)",1,0,3,5.623413251903491,256.0994739469489,23.995138278671373,1.0
"(5,)",1,0,3,10.0,260.89102513185077,23.678093213943747,1.0
"(5,)",1,0,3,17.78279410038923,267.83005366575486,23.418115515109434,1.0
"(5,)",1,0,3,31.622776601683793,276.64483149676926,23.23132430435598,1.0
"(5,)",1,0,3,56.23413251903491,286.7009181848402,23.110934936072507,1.0
"(5,)",1,0,3,100.0,297.2272635909182,23.039807797126272,1.0
"(5,)",1,0,3,177.82794100389228,307.5163041628449,23.000597480822915,1.0
"(5,)",1,0,3,316.22776601683796,317.0409501958109,22.980138977931787,1.0
"(5,)",1,0,3,562.341325190349,325.49009848347526,22.96991526649934,1.0
"(5,)",1,0,3,1000.0,332.74774670114573,22.964970412937745,1.0
"(5,)",1,0,3,1778.2794100389228,338.84476473181473,22.96263248997633,1.0
"(5,)",1,0,3,3162.2776601683795,343.90634727526896,22.961540725635118,1.0
"(5,)",1,0,3,5623.413251903491,348.1085148852466,22.96103118602022,1.0
"(5,)",1,0,3,10000.0,351.64844852504984,22.960790067808613,1.0
"(5,)",1,0,3,17782.794100389227,354.7281712865644,22.960672337042855,1.0
"(5,)",1,0,3,31622.776601683792,357.548909519041,22.96061187242884,1.0
"(5,)",1,0,3,56234.13251903491,360.31315989743564,22.960578665885524,1.0
"(5,)",1,0,3,100000.0,363.2324190318731,22.960559014597386,1.0
"(5,)",1,0,3,177827.94100389228,366.5388366350358,22.96054653371157,1.0
"(5,)",1,0,3,316227.7660168379,370.5014947986572,22.960538139898343,1.0
"(5,)",1,0,3,562341.3251903491,375.4459978108241,22.96053225648801,1.0
"(5,)",1,0,3,1000000.0,381.77520118441004,22.96052801459085,1.0
"(5,)",1,1,0.1,0.0,10553.65575988061,60.48116955854485,1.0
"(5,)",1,1,0.1,0.0001,10553.655759880721,60.48116834754036,1.0
"(5,)",1,1,0.1,0.00017782794100389227,10553.655759880978,60.481167405040914,1.0
"(5,)",1,1,0.1,0.00031622776601683794,10553.655759881796,60.48116572901441,1.0
"(5,)",1,1,0.1,0.0005623413251903491,10553.6557598844,60.48116274857355,0.9999999999999999
"(5,)",1,1,0.1,0.001,10553.65575989266,60.48115744852511,0.9999999999999998
"(5,)",1,1,0.1,0.0017782794100389228,10553.655759918795,60.4811480235838,1.0
"(5,)",1,1,0.1,0.0031622776601683794,10553.65576000152,60.48113126348601,1.0
"(5,)",1,1,0.1,0.005623413251903491,10553.65576026322,60.4811014596064,1.0
"(5,)",1,1,0.1,0.01,10553.655761090982,60.48104846079412,1.0000000000000002
"(5,)",1,1,0.1,0.01778279410038923,10553.655763708866,60.480954216669076,0.9999999999999999
"(5,)",1,1,0.1,0.03162277660168379,10553.655771987604,60.480786632413455,1.0
"(5,)",1,1,0.1,0.05623413251903491,10553.655798166114,60.48048864649368,1.0
"(5,)",1,1,0.1,0.1,10553.655880938846,60.479958825559386,0.9999999999999999
"(5,)",1,1,0.1,0.1778279410038923,10553.65614261956,60.4790169128817,1.0
"(5,)",1,1,0.1,0.31622776601683794,10553.65696972134,60.477342741126996,1.0
"(5,)",1,1,0.1,0.5623413251903491,10553.65958294544,60.474368161575356,1.0
"(5,)",1,1,0.1,1.0,10553.667833724527,60.46908662609451,1.0
"(5,)",1,1,0.1,1.7782794100389228,10553.693852261327,60.459720104217936,1.0
"(5,)",1,1,0.1,3.1622776601683795,10553.775723488934,60.44314405290428,1.0
"(5,)",1,1,0.1,5.623413251903491,10554.03236048708,60.41391832349595,0.9999999999999999
"(5,)",1,1,0.1,10.0,10554.831431617247,60.362726447048395,1.0
"(5,)",1,1,0.1,17.78279410038923,10557.290392224848,60.27407978935302,1.0
"(5,)",1,1,0.1,31.622776601683793,10564.70587929674,60.12357288556725,1.0
"(5,)",1,1,0.1,56.23413251903491,10586.322262116952,59.87637617816377,0.9999999999999998
"(5,)",1,1,0.1,100.0,10645.97886918042,59.49155671003047,1.0
"(5,)",1,1,0.1,177.82794100389228,10797.585773410525,58.93911983017436,0.9999999999999999
"(5,)",1,1,0.1,316.22776601683796,11142.067321294477,58.229084610521035,1.0
"(5,)",1,1,0.1,562.341325190349,11828.729960414938,57.428070727707706,1.0
"(5,)",1,1,0.1,1000.0,13033.554211691828,56.63318221369533,1.0
"(5,)",1,1,0.1,1778.2794100389228,14938.643768778962,55.92331180647981,1.0
"(5,)",1,1,0.1,3162.2776601683795,17735.5620307832,55.33554653756729,1.0
"(5,)",1,1,0.1,5623.413251903491,21655.112664803393,54.871579776563365,0.9999999999999998
"(5,)",1,1,0.1,10000.0,27011.917191723147,54.51470195802575,1.0
"(5,)",1,1,0.1,17782.794100389227,34243.92134891742,54.24365344303412,0.9999999999999999
"(5,)",1,1,0.1,31622.776601683792,43949.560782116256,54.039056521930995,1.0
"(5,)",1,1,0.1,56234.13251903491,56935.89239086248,53.88509721292743,1.0
"(5,)",1,1,0.1,100000.0,74284.81524791045,53.76942857629139,0.9999999999999999
"(5,)",1,1,0.1,177827.94100389228,97442.74515165569,53.68260136023016,1.0
"(5,)",1,1,0.1,316227.7660168379,128340.97622709474,53.61745387900411,1.0
"(5,)",1,1,0.1,562341.3251903491,169556.5767032813,53.56858510251454,1.0
"(5,)",1,1,0.1,1000000.0,224527.18821785695,53.531932359832396,1.0
"(5,)",1,1,1,0.0,247.3830943575695,19.247791000513192,1.0
"(5,)",1,1,1,0.0001,247.38309435935716,19.24777312766694,1.0
"(5,)",1,1,1,0.00017782794100389227,247.38309436322155,19.24775921785771,1.0
"(5,)",1,1,1,0.00031622776601683794,247.38309437544206,19.247734482891566,1.0000000000000002
"(5,)",1,1,1,0.0005623413251903491,247.38309441408492,19.247690498985296,1.0000000000000002
"(5,)",1,1,1,0.001,247.3830945362752,19.247612288922138,1.0
"(5,)",1,1,1,0.0017782794100389228,247.3830949226243,19.247473227320743,1.0
"(5,)",1,1,1,0.0031622776601683794,247.38309614408286,19.247225993033044,1.0
"(5,)",1,1,1,0.005623413251903491,247.38310000507605,19.24678651869249,1.0
"(5,)",1,1,1,0.01,247.38311220562704,19.246005570724673,1.0
"(5,)",1,1,1,0.01778279410038923,247.38315073672965,19.24461859587378,0.9999999999999998
"(5,)",1,1,1,0.03162277660168379,247.38327229999607,19.24215774560442,0.9999999999999999
"(5,)",1,1,1,0.05623413251903491,247.38365513436733,19.237799223164867,1.0
"(5,)",1,1,1,0.1,247.38485694111213,19.230103604291692,1.0000000000000002
"(5,)",1,1,1,0.1778279410038923,247.38860853440283,19.21659014349479,1.0000000000000002
"(5,)",1,1,1,0.31622776601683794,247.40020472759295,19.193087615904073,0.9999999999999999
"(5,)",1,1,1,0.5623413251903491,247.43544115815223,19.152888166154728,1.0
"(5,)",1,1,1,1.0,247.53944182092627,19.086055275987174,1.0000000000000002
"(5,)",1,1,1,1.7782794100389228,247.83202193056857,18.980036119891604,1.0
"(5,)",1,1,1,3.1622776601683795,248.5954437532536,18.823817476302118,1.0
"(5,)",1,1,1,5.623413251903491,250.3807135023761,18.617154185453035,1.0
"(5,)",1,1,1,10.0,253.99590837886097,18.380037073937626,1.0000000000000002
"(5,)",1,1,1,17.78279410038923,260.1922147939718,18.149597988818037,1.0
"(5,)",1,1,1,31.622776601683793,269.17258455475417,17.960324514654047,1.0
"(5,)",1,1,1,56.23413251903491,280.4351732816965,17.826014227688734,1.0
"(5,)",1,1,1,100.0,293.13850140615506,17.740472927597285,0.9999999999999998
"(5,)",1,1,1,177.82794100389228,306.56641427852935,17.689513726353592,1.0
"(5,)",1,1,1,316.22776601683796,320.36835857188674,17.660042811714987,1.0
"(5,)",1,1,1,562.341325190349,334.60598341735374,17.642961019206155,0.9999999999999999
"(5,)",1,1,1,1000.0,349.7178170326122,17.632783868761976,1.0000000000000002
"(5,)",1,1,1,1778.2794100389228,366.47592283926133,17.626451835842555,1.0000000000000002
"(5,)",1,1,1,3162.2776601683795,385.97151193269747,17.62231864748362,1.0
"(5,)",1,1,1,5623.413251903491,409.6435559875611,17.619501660956182,1.0
"(5,)",1,1,1,10000.0,439.35463841874815,17.617516096560372,1.0
"(5,)",1,1,1,17782.794100389227,477.5171221232089,17.616083210018996,1.0
"(5,)",1,1,1,31622.776601683792,527.2758743886743,17.615033186715564,1.0
"(5,)",1,1,1,56234.13251903491,592.759245140303,17.61425638204193,1.0
"(5,)",1,1,1,100000.0,679.4166869412849,17.61367841820909,1.0000000000000002
"(5,)",1,1,1,177827.94100389228,794.4689439154038,17.6132469566243,1.0
"(5,)",1,1,1,316227.7660168379,947.5077407382124,17.612924236540483,0.9999999999999998
"(5,)",1,1,1,562341.3251903491,1151.293179178802,17.612682581766382,1.0
"(5,)",1,1,1,1000000.0,1422.8144879977203,17.612501512909425,1.0000000000000002
"(5,)",1,1,3,0.0,206.70238550171732,19.299905922836086,1.0
"(5,)",1,1,3,0.0001,206.7023855070639,19.29985245671074,1.0
"(5,)",1,1,3,0.00017782794100389227,206.70238551862437,19.299810846758888,1.0
"(5,)",1,1,3,0.00031622776601683794,206.7023855551797,19.29973685617149,0.9999999999999999
"(5,)",1,1,3,0.0005623413251903491,206.70238567076814,19.299605291405562,1.0
"(5,)",1,1,3,0.001,206.7023860362341,19.29937136781428,0.9999999999999999
"(5,)",1,1,3,0.0017782794100389228,206.70238719161856,19.298955497972837,1.0
"(5,)",1,1,3,0.0031622776601683794,206.70239084347585,19.298216318103158,0.9999999999999999
"(5,)",1,1,3,0.005623413251903491,206.70240238161094,19.29690296458222,1.0
"(5,)",1,1,3,0.01,206.70243881198658,19.29457097388525,1.0000000000000002
"(5,)",1,1,3,0.01778279410038923,206.7025536988076,19.29043513366394,1.0
"(5,)",1,1,3,0.03162277660168379,206.70291523570276,19.283115321423743,1.0
"(5,)",1,1,3,0.05623413251903491,206.70404868361348,19.27020777054034,1.0
"(5,)",1,1,3,0.1,206.70757870035987,19.247593329668486,1.0
"(5,)",1,1,3,0.1778279410038923,206.71844639274613,19.208415827891397,0.9999999999999998
"(5,)",1,1,3,0.31622776601683794,206.75124611905582,19.141847628070373,0.9999999999999998
"(5,)",1,1,3,0.5623413251903491,206.8469898437145,19.032367451595196,1.0
"(5,)",1,1,3,1.0,207.11180463665983,18.861567446558375,1.0
"(5,)",1,1,3,1.7782794100389228,207.7866451328289,18.615694702704328,0.9999999999999999
"(5,)",1,1,3,3.1622776601683795,209.32097099816824,18.299413328426773,1.0
"(5,)",1,1,3,5.623413251903491,212.34736825397115,17.946037330419724,1.0
"(5,)",1,1,3,10.0,217.4525903399122,17.60826125303391,1.0
"(5,)",1,1,3,17.78279410038923,224.8401966961752,17.331434024533458,1.0
"(5,)",1,1,3,31.622776601683793,234.15797011279122,17.133879111377986,1.0
"(5,)",1,1,3,56.23413251903491,244.62393172385947,17.008464104423506,0.9999999999999998
"(5,)",1,1,3,100.0,255.32455146340237,16.93606639928297,0.9999999999999999
"(5,)",1,1,3,177.82794100389228,265.482667869829,16.89729741678722,1.0
"(5,)",1,1,3,316.22776601683796,274.5886460486009,16.87770758054662,0.9999999999999998
"(5,)",1,1,3,562.341325190349,282.40395015116235,16.86823593854863,1.0
"(5,)",1,1,3,1000.0,288.897108295878,16.86380488338428,1.0000000000000002
"(5,)",1,1,3,1778.2794100389228,294.1653685400137,16.861781270177797,1.0
"(5,)",1,1,3,3162.2776601683795,298.3698056188625,16.860872529166045,1.0
"(5,)",1,1,3,5623.413251903491,301.69143693467436,16.86046867232156,1.0
"(5,)",1,1,3,10000.0,304.3059525861477,16.860289911418548,1.0
"(5,)",1,1,3,17782.794100389227,306.3717694385669,16.86021051385825,1.0000000000000002
"(5,)",1,1,3,31622.776601683792,308.02647439680646,16.86017478336084,1.0
"(5,)",1,1,3,56234.13251903491,309.3880362450127,16.860158276367553,1.0
"(5,)",1,1,3,100000.0,310.55854341473105,16.86015031609699,1.0
"(5,)",1,1,3,177827.94100389228,311.62893509223625,16.860146235119537,0.9999999999999999
"(5,)",1,1,3,316227.7660168379,312.6845056944856,16.860143978805564,0.9999999999999999
"(5,)",1,1,3,562341.3251903491,313.81074319818134,16.86014262886241,0.9999999999999999
"(5,)",1,1,3,1000000.0,315.0969276420461,16.86014175930773,1.0
"(6,)",1,-1,0.1,0.0,2265.1633710859255,13.588046782684138,1.0000000000000002
"(6,)",1,-1,0.1,0.0001,2265.1633710859505,13.588046522471096,1.0
"(6,)",1,-1,0.1,0.00017782794100389227,2265.1633710860065,13.588046319952745,0.9999999999999999
"(6,)",1,-1,0.1,0.00031622776601683794,2265.163371086183,13.58804595981874,1.0000000000000002
"(6,)",1,-1,0.1,0.0005623413251903491,2265.163371086746,13.588045319400456,1.0
"(6,)",1,-1,0.1,0.001,2265.163371088524,13.588044180559683,1.0
"(6,)",1,-1,0.1,0.0017782794100389228,2265.163371094149,13.588042155388582,0.9999999999999999
"(6,)",1,-1,0.1,0.0031622776601683794,2265.163371111936,13.58803855408746,1.0
"(6,)",1,-1,0.1,0.005623413251903491,2265.1633711681907,13.588032150027741,1.0
"(6,)",1,-1,0.1,0.01,2265.1633713460947,13.588020762009732,1.0
"(6,)",1,-1,0.1,0.01778279410038923,2265.163371908683,13.588000511531048,1.0
"(6,)",1,-1,0.1,0.03162277660168379,2265.163373687681,13.587964502416627,1.0
"(6,)",1,-1,0.1,0.05623413251903491,2265.1633793128935,13.587900474141325,0.9999999999999999
"(6,)",1,-1,0.1,0.1,2265.163397098451,13.587786632920338,1.0000000000000002
"(6,)",1,-1,0.1,0.1778279410038923,2265.1634533244646,13.58758425130081,1.0
"(6,)",1,-1,0.1,0.31622776601683794,2265.163631031167,13.587224549465862,1.0000000000000002
"(6,)",1,-1,0.1,0.5623413251903491,2265.1641924509277,13.58658549680368,1.0
"(6,)",1,-1,0.1,1.0,2265.165964793665,13.58545096879664,1.0
"(6,)",1,-1,0.1,1.7782794100389228,2265.1715524964397,13.583439403720751,1.0
"(6,)",1,-1,0.1,3.1622776601683795,2265.1891277492596,13.579880948901213,1.0
"(6,)",1,-1,0.1,5.623413251903491,2265.2441797942433,13.573611380129684,1.0
"(6,)",1,-1,0.1,10.0,2265.4153743470683,13.562643134397652,1.0
"(6,)",1,-1,0.1,17.78279410038923,2265.9410477870183,13.543690012865461,1.0
"(6,)",1,-1,0.1,31.622776601683793,2267.520638704599,13.511623647563953,1.0
"(6,)",1,-1,0.1,56.23413251903491,2272.099272399914,13.45924777279108,1.0
"(6,)",1,-1,0.1,100.0,2284.6338059912346,13.37835832508745,1.0
"(6,)",1,-1,0.1,177.82794100389228,2316.181263617294,13.263349952719016,1.0
"(6,)",1,-1,0.1,316.22776601683796,2387.2763584838754,13.116766757254114,1.0000000000000002
"(6,)",1,-1,0.1,562.341325190349,2528.65882021753,12.951848929059121,1.0
"(6,)",1,-1,0.1,1000.0,2777.806904335853,12.787521444346533,1.0
"(6,)",1,-1,0.1,1778.2794100389228,3173.9367982306953,12.639945547734955,1.0
"(6,)",1,-1,0.1,3162.2776601683795,3756.557786979834,12.517508937153536,0.9999999999999999
"(6,)",1,-1,0.1,5623.413251903491,4572.181183211967,12.420954233802743,0.9999999999999999
"(6,)",1,-1,0.1,10000.0,5685.142416238649,12.346802074160692,1.0
"(6,)",1,-1,0.1,17782.794100389227,7185.891295743672,12.290552776244613,1.0
"(6,)",1,-1,0.1,31622.776601683792,9198.348704662749,12.248128471558006,1.0
"(6,)",1,-1,0.1,56234.13251903491,11889.718825463187,12.216220386325137,1.0000000000000002
"(6,)",1,-1,0.1,100000.0,15484.146486412557,12.192255395461322,1.0
"(6,)",1,-1,0.1,177827.94100389228,20281.26698216179,12.174269216499681,0.9999999999999999
"(6,)",1,-1,0.1,316227.7660168379,26681.126308898758,12.16077539970655,1.0
"(6,)",1,-1,0.1,562341.3251903491,35217.501743864595,12.150653969078123,0.9999999999999998
"(6,)",1,-1,0.1,1000000.0,46602.3972287779,12.143062928203532,1.0
"(6,)",1,-1,1,0.0,103.15621726532922,4.393786824577576,1.0
"(6,)",1,-1,1,0.0001,103.15621726565898,4.393783525303645,0.9999999999999999
"(6,)",1,-1,1,0.00017782794100389227,103.15621726637251,4.3937809575844575,1.0
"(6,)",1,-1,1,0.00031622776601683794,103.1562172686284,4.393776391544424,1.0
"(6,)",1,-1,1,0.0005623413251903491,103.15621727576195,4.39376827210922,1.0
"(6,)",1,-1,1,0.001,103.15621729831867,4.393753834306186,1.0
"(6,)",1,-1,1,0.0017782794100389228,103.15621736964201,4.393728162455588,1.0
"(6,)",1,-1,1,0.0031622776601683794,103.15621759514418,4.393682518943722,1.0
"(6,)",1,-1,1,0.005623413251903491,103.15621830801032,4.393601377983269,1.0
"(6,)",1,-1,1,0.01,103.15622056097574,4.393457168710398,1.0
"(6,)",1,-1,1,0.01778279410038923,103.15622767809093,4.393200983402271,0.9999999999999999
"(6,)",1,-1,1,0.03162277660168379,103.15625014294402,4.392746231820793,1.0
"(6,)",1,-1,1,0.05623413251903491,103.15632095093419,4.391940131556349,1.0
"(6,)",1,-1,1,0.1,103.15654356934799,4.390514747564172,1.0
"(6,)",1,-1,1,0.1778279410038923,103.15724035222782,4.3880052824394955,1.0
"(6,)",1,-1,1,0.31622776601683794,103.1594041742659,4.3836209524686485,1.0
"(6,)",1,-1,1,0.5623413251903491,103.16603253824894,4.37606252135832,1.0
"(6,)",1,-1,1,1.0,103.18586687251405,4.363326654069527,0.9999999999999999
"(6,)",1,-1,1,1.7782794100389228,103.24294467653988,4.342670673764538,1.0
"(6,)",1,-1,1,3.1622776601683795,103.39727860811688,4.31115256489493,1.0
"(6,)",1,-1,1,5.623413251903491,103.77761508703102,4.267251624895319,1.0
"(6,)",1,-1,1,10.0,104.60471594908275,4.213210511717918,1.0
"(6,)",1,-1,1,17.78279410038923,106.15566836440469,4.155802741873594,0.9999999999999999
"(6,)",1,-1,1,31.622776601683793,108.65369159242637,4.103435056529127,1.0
"(6,)",1,-1,1,56.23413251903491,112.15996509712093,4.061846198044143,1.0
"(6,)",1,-1,1,100.0,116.55104078690643,4.032413553902254,0.9999999999999999
"(6,)",1,-1,1,177.82794100389228,121.58738195291365,4.013361654423897,1.0
"(6,)",1,-1,1,316.22776601683796,127.02108808867861,4.001775982507208,1.0
"(6,)",1,-1,1,562.341325190349,132.684432982277,3.9949784956913503,1.0
"(6,)",1,-1,1,1000.0,138.53663151764806,3.9910292138709575,0.9999999999999999
"(6,)",1,-1,1,1778.2794100389228,144.67705302412432,3.988701845719271,1.0
"(6,)",1,-1,1,3162.2776601683795,151.34242327514454,3.9872839361116195,0.9999999999999999
"(6,)",1,-1,1,5623.413251903491,158.90350581837149,3.986381418461967,1.0
"(6,)",1,-1,1,10000.0,167.87148077628103,3.9857806758720056,1.0
"(6,)",1,-1,1,17782.794100389227,178.91971786661628,3.985365157818868,0.9999999999999999
"(6,)",1,-1,1,31622.776601683792,192.9242866404626,3.985069308881011,0.9999999999999998
"(6,)",1,-1,1,56234.13251903491,211.02615635448447,3.9848544286688914,1.0
"(6,)",1,-1,1,100000.0,234.71925351411053,3.9846963437583813,0.9999999999999998
"(6,)",1,-1,1,177827.94100389228,265.9705736348592,3.9845791202679837,1.0
"(6,)",1,-1,1,316227.7660168379,307.38141453751325,3.9844917849805266,0.9999999999999999
"(6,)",1,-1,1,562341.3251903491,362.4026203073887,3.9844265367162577,1.0000000000000002
"(6,)",1,-1,1,1000000.0,435.62126238318456,3.9843777113360934,0.9999999999999999
"(6,)",1,-1,3,0.0,94.49733886217813,4.074351993503649,1.0
"(6,)",1,-1,3,0.0001,94.49733886244381,4.074349336843571,0.9999999999999998
"(6,)",1,-1,3,0.00017782794100389227,94.49733886301826,4.074347269250544,0.9999999999999998
"(6,)",1,-1,3,0.00031622776601683794,94.49733886483486,4.074343592559428,1.0
"(6,)",1,-1,3,0.0005623413251903491,94.49733887057904,4.074337054587146,1.0
"(6,)",1,-1,3,0.001,94.49733888874215,4.0743254289154995,0.9999999999999999
"(6,)",1,-1,3,0.0017782794100389228,94.49733894617344,4.0743047573409825,0.9999999999999999
"(6,)",1,-1,3,0.0031622776601683794,94.49733912775264,4.074268004201806,1.0
"(6,)",1,-1,3,0.005623413251903491,94.49733970176536,4.074202668017732,1.0
"(6,)",1,-1,3,0.01,94.49734151588046,4.0740865489134,1.0
"(6,)",1,-1,3,0.01778279410038923,94.49734724659281,4.073880267944883,0.9999999999999999
"(6,)",1,-1,3,0.03162277660168379,94.49736533490913,4.073514109243039,1.0
"(6,)",1,-1,3,0.05623413251903491,94.49742234597583,4.072865075933908,1.0
"(6,)",1,-1,3,0.1,94.4976015745568,4.07171750423298,1.0
"(6,)",1,-1,3,0.1778279410038923,94.49816248192994,4.0696973810797665,1.0
"(6,)",1,-1,3,0.31622776601683794,94.49990400145303,4.066168679527468,1.0
"(6,)",1,-1,3,0.5623413251903491,94.50523708040724,4.060087179823065,1.0
"(6,)",1,-1,3,1.0,94.52118867210898,4.0498442477371075,0.9999999999999999
"(6,)",1,-1,3,1.7782794100389228,94.56707345692865,4.033238654713487,0.9999999999999999
"(6,)",1,-1,3,3.1622776601683795,94.69114209851499,4.007901784400817,0.9999999999999998
"(6,)",1,-1,3,5.623413251903491,94.99729073008236,3.9725677249113707,1.0
"(6,)",1,-1,3,10.0,95.66533475699644,3.928928160160675,1.0
"(6,)",1,-1,3,17.78279410038923,96.92358328059063,3.8823633871126533,0.9999999999999999
"(6,)",1,-1,3,31.622776601683793,98.95183441748895,3.839838320638674,1.0
"(6,)",1,-1,3,56.23413251903491,101.77390058705072,3.806341288708331,1.0
"(6,)",1,-1,3,100.0,105.22982955830128,3.7831434738130283,0.9999999999999998
"(6,)",1,-1,3,177.82794100389228,109.0402112831341,3.7686951533165156,1.0
"(6,)",1,-1,3,316.22776601683796,112.90281422927285,3.760429356024044,1.0
"(6,)",1,-1,3,562.341325190349,116.56657565013249,3.7560080219750227,0.9999999999999999
"(6,)",1,-1,3,1000.0,119.86503510946358,3.7537647129751783,1.0
"(6,)",1,-1,3,1778.2794100389228,122.71663643192355,3.7526722717270307,1.0000000000000002
"(6,)",1,-1,3,3162.2776601683795,125.10702940550989,3.7521566580453025,0.9999999999999999
"(6,)",1,-1,3,5623.413251903491,127.06629608469473,3.7519187931952427,1.0000000000000002
"(6,)",1,-1,3,10000.0,128.64874910388,3.751810701931054,1.0
"(6,)",1,-1,3,17782.794100389227,129.91826836356364,3.751761932192943,1.0
"(6,)",1,-1,3,31622.776601683792,130.9392648455429,3.751739883835611,0.9999999999999999
"(6,)",1,-1,3,56234.13251903491,131.77211615939993,3.7517297798550584,1.0
"(6,)",1,-1,3,100000.0,132.47169795861416,3.7517250156780495,1.0
"(6,)",1,-1,3,177827.94100389228,133.08785547233146,3.7517226622462934,0.9999999999999999
"(6,)",1,-1,3,316227.7660168379,133.6670485369398,3.75172142229669,0.9999999999999999
"(6,)",1,-1,3,562341.3251903491,134.25470306460286,3.7517207172216076,0.9999999999999999
"(6,)",1,-1,3,1000000.0,134.89802427587512,3.7517202843414648,1.0
"(6,)",1,0,0.1,0.0,2359550.902900984,12844.650908364,1.0
"(6,)",1,0,0.1,0.0001,2359550.9029012243,12844.647879280683,0.9999999999999998
"(6,)",1,0,0.1,0.00017782794100389227,2359550.9029018185,12844.645521809645,0.9999999999999998
"(6,)",1,0,0.1,0.00031622776601683794,2359550.9029037855,12844.641329571805,1.0
"(6,)",1,0,0.1,0.0005623413251903491,2359550.9029101767,12844.633874615081,1.0
"(6,)",1,0,0.1,0.001,2359550.9029305815,12844.620617661969,1.0
"(6,)",1,0,0.1,0.0017782794100389228,2359550.9029955273,12844.597043230862,0.9999999999999998
"(6,)",1,0,0.1,0.0031622776601683794,2359550.903201681,12844.555121734553,1.0
"(6,)",1,0,0.1,0.005623413251903491,2359550.9038549066,12844.480574957925,1.0
"(6,)",1,0,0.1,0.01,2359550.905922885,12844.34801425113,1.0
"(6,)",1,0,0.1,0.01778279410038923,2359550.9124662653,12844.11229784478,1.0
"(6,)",1,0,0.1,0.03162277660168379,2359550.9331636145,12843.693171117211,1.0
"(6,)",1,0,0.1,0.05623413251903491,2359550.998615502,12842.947982336,0.9999999999999998
"(6,)",1,0,0.1,0.1,2359551.2055475987,12841.623257276862,1.0
"(6,)",1,0,0.1,0.1778279410038923,2359551.8595803278,12839.268881132823,1.0
"(6,)",1,0,0.1,0.31622776601683794,2359553.925718678,12835.086423090648,0.9999999999999998
"(6,)",1,0,0.1,0.5623413251903491,2359560.4473776957,12827.662353537718,0.9999999999999999
"(6,)",1,0,0.1,1.0,2359581.002679035,12814.502853455178,0.9999999999999998
"(6,)",1,0,0.1,1.7782794100389228,2359645.623427034,12791.235360901146,1.0000000000000002
"(6,)",1,0,0.1,3.1622776601683795,2359847.85329572,12750.277609690791,0.9999999999999998
"(6,)",1,0,0.1,5.623413251903491,2360475.6798494514,12678.740424582616,1.0
"(6,)",1,0,0.1,10.0,2362397.652850733,12555.489211569498,1.0
"(6,)",1,0,0.1,17.78279410038923,2368140.495147468,12348.103273483666,1.0
"(6,)",1,0,0.1,31.622776601683793,2384609.825667938,12012.864940961008,1.0
"(6,)",1,0,0.1,56.23413251903491,2428773.1092957454,11505.407530822124,1.0
"(6,)",1,0,0.1,100.0,2535529.9693732755,10811.580193561189,0.9999999999999998
"(6,)",1,0,0.1,177.82794100389228,2758428.1740588616,9990.483342577423,1.0
"(6,)",1,0,0.1,316.22776601683796,3146946.1694887383,9178.297090570464,1.0
"(6,)",1,0,0.1,562.341325190349,3712356.8994386336,8508.302126933253,0.9999999999999998
"(6,)",1,0,0.1,1000.0,4438105.88767003,8022.738791423745,1.0
"(6,)",1,0,0.1,1778.2794100389228,5338264.414002493,7684.184241604113,1.0
"(6,)",1,0,0.1,3162.2776601683795,6487128.390246894,7441.653340040358,1.0
"(6,)",1,0,0.1,5623.413251903491,8000808.712911289,7262.154641265245,1.0
"(6,)",1,0,0.1,10000.0,10021564.54864443,7127.4395653450765,1.0
"(6,)",1,0,0.1,17782.794100389227,12725724.353537839,7026.0641036890665,0.9999999999999998
"(6,)",1,0,0.1,31622.776601683792,16342168.528894883,6949.820441297938,1.0
"(6,)",1,0,0.1,56234.13251903491,21173995.058278047,6892.533787774622,1.0
"(6,)",1,0,0.1,100000.0,27624882.610434756,6849.523026584042,1.0000000000000002
"(6,)",1,0,0.1,177827.94100389228,36233179.46983667,6817.246347851251,1.0
"(6,)",1,0,0.1,316227.7660168379,47716961.436614044,6793.032062325105,1.0
"(6,)",1,0,0.1,562341.3251903491,63033854.86729698,6774.869379232925,1.0
"(6,)",1,0,0.1,1000000.0,83460707.54402356,6761.247136141029,1.0
"(6,)",1,0,1,0.0,1400.1197724988533,110.94467661422456,1.0
"(6,)",1,0,1,0.0001,1400.1197725022084,110.94464308286898,1.0
"(6,)",1,0,1,0.00017782794100389227,1400.1197725094557,110.9446169864851,1.0
"(6,)",1,0,1,0.00031622776601683794,1400.1197725323839,110.9445705806454,1.0
"(6,)",1,0,1,0.0005623413251903491,1400.1197726048824,110.94448806069389,1.0
"(6,)",1,0,1,0.001,1400.1197728341353,110.94434132537981,1.0
"(6,)",1,0,1,0.0017782794100389228,1400.1197735590129,110.94408041496817,1.0
"(6,)",1,0,1,0.0031622776601683794,1400.1197758508642,110.94361652548298,1.0
"(6,)",1,0,1,0.005623413251903491,1400.1197830959863,110.9427918599602,1.0
"(6,)",1,0,1,0.01,1400.1198059939234,110.94132619452931,1.0
"(6,)",1,0,1,0.01778279410038923,1400.119878329703,110.93872242231254,1.0
"(6,)",1,0,1,0.03162277660168379,1400.1201066612664,110.93410035963967,1.0
"(6,)",1,0,1,0.05623413251903491,1400.120826389853,110.92590677135534,0.9999999999999998
"(6,)",1,0,1,0.1,1400.1230894312785,110.91141703019156,1.0
"(6,)",1,0,1,0.1778279410038923,1400.1301740289605,110.88590214153552,1.0
"(6,)",1,0,1,0.31622776601683794,1400.1521836441846,110.84130741752581,0.9999999999999998
"(6,)",1,0,1,0.5623413251903491,1400.2196620545828,110.7643648017766,1.0
"(6,)",1,0,1,1.0,1400.4219655075499,110.63447927352092,1.0
"(6,)",1,0,1,1.7782794100389228,1401.006752992411,110.42291177635656,1.0
"(6,)",1,0,1,3.1622776601683795,1402.6048590698065,110.0967743393572,1.0
"(6,)",1,0,1,5.623413251903491,1406.6392555366563,109.63182376058838,1.0
"(6,)",1,0,1,10.0,1415.8546169481392,109.03154554127083,1.0
"(6,)",1,0,1,17.78279410038923,1434.6724356883278,108.33846010296074,1.0
"(6,)",1,0,1,31.622776601683793,1468.9541309191227,107.62458517717391,1.0
"(6,)",1,0,1,56.23413251903491,1525.0956340917567,106.96400288247281,1.0
"(6,)",1,0,1,100.0,1609.316227473142,106.40470163991527,1.0
"(6,)",1,0,1,177.82794100389228,1728.1328483086277,105.95994697909505,1.0
"(6,)",1,0,1,316.22776601683796,1889.7356310733994,105.61934628080016,1.0
"(6,)",1,0,1,562.341325190349,2105.528228404001,105.36344006870252,1.0
"(6,)",1,0,1,1000.0,2391.612226720454,105.17262454896203,1.0
"(6,)",1,0,1,1778.2794100389228,2770.3511149999517,105.03056975818464,0.9999999999999998
"(6,)",1,0,1,3162.2776601683795,3272.257862966747,104.92471569866495,1.0
"(6,)",1,0,1,5623.413251903491,3938.471015808539,104.84570904130076,1.0
"(6,)",1,0,1,10000.0,4824.093962363893,104.78665196140862,1.0
"(6,)",1,0,1,17782.794100389227,6002.7098105109435,104.74245665936073,1.0
"(6,)",1,0,1,31622.776601683792,7572.455535131822,104.70935721096234,1.0
"(6,)",1,0,1,56234.13251903491,9664.163871797755,104.6845552769322,1.0
"(6,)",1,0,1,100000.0,12452.247528981978,104.66596493004977,1.0
"(6,)",1,0,1,177827.94100389228,16169.222020000449,104.65202782816955,1.0
"(6,)",1,0,1,316227.7660168379,21125.07422885835,104.64157803819107,1.0
"(6,)",1,0,1,562341.3251903491,27733.072085619075,104.63374243285932,1.0
"(6,)",1,0,1,1000000.0,36544.144349869064,104.62786675964583,1.0
"(6,)",1,0,3,0.0,698.028580340399,80.48500731198548,1.0
"(6,)",1,0,3,0.0001,698.0285803471085,80.48494022618083,1.0
"(6,)",1,0,3,0.00017782794100389227,698.0285803616136,80.48488801716601,1.0
"(6,)",1,0,3,0.00031622776601683794,698.0285804074813,80.4847951803238,1.0
"(6,)",1,0,3,0.0005623413251903491,698.0285805525102,80.48463010747162,1.0
"(6,)",1,0,3,0.001,698.0285810110423,80.48433661554309,1.0
"(6,)",1,0,3,0.0017782794100389228,698.0285824605596,80.48381487472298,1.0
"(6,)",1,0,3,0.0031622776601683794,698.0285870416111,80.48288761048106,0.9999999999999998
"(6,)",1,0,3,0.005623413251903491,698.0286015128742,80.48124037087052,1.0
"(6,)",1,0,3,0.01,698.0286471892418,80.47831646867641,1.0
"(6,)",1,0,3,0.01778279410038923,698.0287911500635,80.47313381091774,1.0
"(6,)",1,0,3,0.03162277660168379,698.029243709786,80.46397056322498,1.0
"(6,)",1,0,3,0.05623413251903491,698.0306599093844,80.44784134312232,1.0
"(6,)",1,0,3,0.1,698.0350561398312,80.41967228728392,0.9999999999999998
"(6,)",1,0,3,0.1778279410038923,698.0485125816879,80.37114609816435,1.0
"(6,)",1,0,3,0.31622776601683794,698.0887138987987,80.28950753960639,1.0
"(6,)",1,0,3,0.5623413251903491,698.2039935687721,80.15755127409481,1.0
"(6,)",1,0,3,1.0,698.5132321676339,79.95774146504533,1.0
"(6,)",1,0,3,1.7782794100389228,699.2620481218462,79.68410463541626,1.0
"(6,)",1,0,3,3.1622776601683795,700.8328449284791,79.35881378565756,1.0
"(6,)",1,0,3,5.623413251903491,703.5949901307849,79.03427153021418,0.9999999999999998
"(6,)",1,0,3,10.0,707.6537380392052,78.7639086171407,0.9999999999999998
"(6,)",1,0,3,17.78279410038923,712.84978286917,78.56827725263372,1.0
"(6,)",1,0,3,31.622776601683793,719.067566077744,78.43640935585147,1.0
"(6,)",1,0,3,56.23413251903491,726.3651378357446,78.34932631844677,1.0
"(6,)",1,0,3,100.0,734.7549492213358,78.2929421338788,0.9999999999999998
"(6,)",1,0,3,177.82794100389228,744.0025246740801,78.25790865428054,1.0
"(6,)",1,0,3,316.22776601683796,753.6735609323295,78.23725400722067,1.0
"(6,)",1,0,3,562.341325190349,763.3212118138293,78.22564443014365,0.9999999999999998
"(6,)",1,0,3,1000.0,772.6443789172021,78.21932874906491,0.9999999999999998
"(6,)",1,0,3,1778.2794100389228,781.5544620144922,78.21593454781825,1.0
"(6,)",1,0,3,3162.2776601683795,790.1719803778722,78.21409057099042,1.0
"(6,)",1,0,3,5623.413251903491,798.7953901589917,78.21305506934368,1.0
"(6,)",1,0,3,10000.0,807.8730878460868,78.21244371630443,1.0
"(6,)",1,0,3,17782.794100389227,817.9934801506605,78.21206147643042,1.0
"(6,)",1,0,3,31622.776601683792,829.8982549586781,78.21180921681841,1.0
"(6,)",1,0,3,56234.13251903491,844.5190737902465,78.21163529392686,0.9999999999999998
"(6,)",1,0,3,100000.0,863.0388236966149,78.2115115475421,1.0
"(6,)",1,0,3,177827.94100389228,886.9791584496598,78.21142164294625,1.0
"(6,)",1,0,3,316227.7660168379,918.3181300515823,78.21135546215525,1.0
"(6,)",1,0,3,562341.3251903491,959.6431476690807,78.21130635563676,1.0
"(6,)",1,0,3,1000000.0,1014.3235956079043,78.21126973473015,1.0
"(6,)",1,1,0.1,0.0,2557.2077424275367,15.498006664137076,1.0
"(6,)",1,1,0.1,0.0001,2557.207742427558,15.49800645886341,0.9999999999999999
"(6,)",1,1,0.1,0.00017782794100389227,2557.2077424276017,15.498006299103205,1.0000000000000002
"(6,)",1,1,0.1,0.00031622776601683794,2557.2077424277445,15.498006015005116,1.0
"(6,)",1,1,0.1,0.0005623413251903491,2557.207742428184,15.49800550979973,1.0
"(6,)",1,1,0.1,0.001,2557.2077424295876,15.498004611404786,1.0
"(6,)",1,1,0.1,0.0017782794100389228,2557.2077424340237,15.498003013811863,1.0
"(6,)",1,1,0.1,0.0031622776601683794,2557.2077424480526,15.498000172858934,1.0
"(6,)",1,1,0.1,0.005623413251903491,2557.2077424924296,15.497995120894123,1.0
"(6,)",1,1,0.1,0.01,2557.207742632771,15.497986137225983,1.0
"(6,)",1,1,0.1,0.01778279410038923,2557.2077430765758,15.497970162186638,0.9999999999999999
"(6,)",1,1,0.1,0.03162277660168379,2557.207744479972,15.497941755471489,1.0
"(6,)",1,1,0.1,0.05623413251903491,2557.2077489175845,15.497891244721641,1.0
"(6,)",1,1,0.1,0.1,2557.207762948467,15.497801436174893,1.0
"(6,)",1,1,0.1,0.1778279410038923,2557.2078073058947,15.497641774729194,1.0
"(6,)",1,1,0.1,0.31622776601683794,2557.2079475074884,15.497357988730965,1.0000000000000002
"(6,)",1,1,0.1,0.5623413251903491,2557.2083904753504,15.496853769618642,1.0000000000000002
"(6,)",1,1,0.1,1.0,2557.209789079911,15.495958489557996,1.0
"(6,)",1,1,0.1,1.7782794100389228,2557.214199620737,15.494370724618337,1.0
"(6,)",1,1,0.1,3.1622776601683795,2557.2280786031133,15.491560726507016,1.0000000000000002
"(6,)",1,1,0.1,5.623413251903491,2557.2715876325597,15.486605959035339,1.0
"(6,)",1,1,0.1,10.0,2557.4070798170883,15.477925843871914,1.0
"(6,)",1,1,0.1,17.78279410038923,2557.824167862411,15.462889951806599,0.9999999999999999
"(6,)",1,1,0.1,31.622776601683793,2559.0829539671995,15.437342540273606,1.0000000000000002
"(6,)",1,1,0.1,56.23413251903491,2562.759130456676,15.39530829214023,0.9999999999999999
"(6,)",1,1,0.1,100.0,2572.9496548343454,15.329592749047517,1.0
"(6,)",1,1,0.1,177.82794100389228,2599.111170750425,15.234325927786895,1.0000000000000002
"(6,)",1,1,0.1,316.22776601683796,2659.789177480323,15.109415729967695,1.0
"(6,)",1,1,0.1,562.341325190349,2784.8743798964742,14.963771323635196,0.9999999999999999
"(6,)",1,1,0.1,1000.0,3013.373825299433,14.813302650394348,0.9999999999999998
"(6,)",1,1,0.1,1778.2794100389228,3386.578005974263,14.674407392311714,1.0
"(6,)",1,1,0.1,3162.2776601683795,3943.4509974582625,14.557433096830021,1.0
"(6,)",1,1,0.1,5623.413251903491,4727.215395791203,14.464661595461958,1.0
"(6,)",1,1,0.1,10000.0,5797.9769663683455,14.39332186916272,1.0
"(6,)",1,1,0.1,17782.794100389227,7241.626378341898,14.339211769710595,1.0
"(6,)",1,1,0.1,31622.776601683792,9176.736651060843,14.298417212143116,1.0000000000000002
"(6,)",1,1,0.1,56234.13251903491,11763.73259671023,14.267746092073677,1.0
"(6,)",1,1,0.1,100000.0,15217.86779208069,14.244716229250086,1.0
"(6,)",1,1,0.1,177827.94100389228,19826.970679185142,14.227434881050957,0.9999999999999999
"(6,)",1,1,0.1,316227.7660168379,25975.341104670337,14.21447125929919,1.0000000000000002
"(6,)",1,1,0.1,562341.3251903491,34175.746497143904,14.204748149401766,1.0
"(6,)",1,1,0.1,1000000.0,45112.140201805145,14.197456128094284,1.0
"(6,)",1,1,1,0.0,209.0162624863453,8.910228563951124,1.0
"(6,)",1,1,1,0.0001,209.01626248756423,8.910216376127796,1.0
"(6,)",1,1,1,0.00017782794100389227,209.01626249019975,8.910206890753015,1.0
"(6,)",1,1,1,0.00031622776601683794,209.01626249853322,8.910190023446726,1.0
"(6,)",1,1,1,0.0005623413251903491,209.01626252488518,8.910160029739602,1.0000000000000002
"(6,)",1,1,1,0.001,209.0162626082109,8.91010669595132,1.0
"(6,)",1,1,1,0.0017782794100389228,209.0162628716786,8.910011864335168,1.0
"(6,)",1,1,1,0.0031622776601683794,209.0162637046637,8.909843261246781,0.9999999999999999
"(6,)",1,1,1,0.005623413251903491,209.01626633782095,8.909543545385247,1.0
"(6,)",1,1,1,0.01,209.0162746591446,8.90901090663826,1.0
"(6,)",1,1,1,0.01778279410038923,209.01630094288834,8.908064799142961,1.0000000000000002
"(6,)",1,1,1,0.03162277660168379,209.01638388778446,8.90638574036327,0.9999999999999999
"(6,)",1,1,1,0.05623413251903491,209.0166452221108,8.90341056052187,0.9999999999999999
"(6,)",1,1,1,0.1,209.01746627631056,8.898153291133502,1.0
"(6,)",1,1,1,0.1778279410038923,209.02003297840378,8.888908650463948,1.0
"(6,)",1,1,1,0.31622776601683794,209.02798675332068,8.872790749144205,1.0
"(6,)",1,1,1,0.5623413251903491,209.0522626311758,8.845102777859006,1.0
"(6,)",1,1,1,1.0,209.1244661167046,8.79872410947696,1.0
"(6,)",1,1,1,1.7782794100389228,209.33026994806352,8.724205724628911,0.9999999999999999
"(6,)",1,1,1,3.1622776601683795,209.87902322193398,8.612054684336892,1.0
"(6,)",1,1,1,5.623413251903491,211.20704936857183,8.458622717339589,0.9999999999999999
"(6,)",1,1,1,10.0,214.0378993424416,8.273485104217553,1.0
"(6,)",1,1,1,17.78279410038923,219.25065255780953,8.080385067273433,1.0000000000000002
"(6,)",1,1,1,31.622776601683793,227.52932800685218,7.906732436410806,1.0
"(6,)",1,1,1,56.23413251903491,239.02394457133613,7.770324762133063,1.0000000000000002
"(6,)",1,1,1,100.0,253.2580485449213,7.674856120431882,1.0
"(6,)",1,1,1,177.82794100389228,269.2945298731913,7.614123125298236,1.0
"(6,)",1,1,1,316.22776601683796,286.0223237916433,7.578379654095677,1.0000000000000002
"(6,)",1,1,1,562.341325190349,302.42167198553545,7.558622119208295,1.0
"(6,)",1,1,1,1000.0,317.7343539158224,7.548226827513427,1.0
"(6,)",1,1,1,1778.2794100389228,331.52680583296956,7.542954048679345,1.0
"(6,)",1,1,1,3162.2776601683795,343.6704219532165,7.540341455051558,1.0
"(6,)",1,1,1,5623.413251903491,354.2778854407953,7.539058143962078,1.0
"(6,)",1,1,1,10000.0,363.6307536250977,7.538422406716435,1.0
"(6,)",1,1,1,17782.794100389227,372.12060613123055,7.538098496207902,1.0000000000000002
"(6,)",1,1,1,31622.776601683792,380.2130305895039,7.53792534919975,1.0
"(6,)",1,1,1,56234.13251903491,388.43527875025404,7.537826740767188,1.0
"(6,)",1,1,1,100000.0,397.3848461181009,7.537766577654572,1.0
"(6,)",1,1,1,177827.94100389228,407.7561746644426,7.537727476507346,1.0
"(6,)",1,1,1,316227.7660168379,420.3838565778726,7.537700757339744,1.0
"(6,)",1,1,1,562341.3251903491,436.30322576858293,7.537681839652568,1.0
"(6,)",1,1,1,1000000.0,456.8309546846219,7.537668132033863,1.0
"(6,)",1,1,3,0.0,207.04116485158053,8.81542521127266,0.9999999999999998
"(6,)",1,1,3,0.0001,207.04116485275358,8.815413482712163,0.9999999999999999
"(6,)",1,1,3,0.00017782794100389227,207.04116485528985,8.815404354767026,1.0
"(6,)",1,1,3,0.00031622776601683794,207.0411648633095,8.81538812305931,1.0
"(6,)",1,1,3,0.0005623413251903491,207.04116488866836,8.815359259588705,1.0
"(6,)",1,1,3,0.001,207.04116496885425,8.815307935564874,1.0000000000000002
"(6,)",1,1,3,0.0017782794100389228,207.04116522239377,8.815216677517851,1.0
"(6,)",1,1,3,0.0031622776601683794,207.04116602398804,8.81505442811564,1.0
"(6,)",1,1,3,0.005623413251903491,207.04116855791716,8.81476600734743,1.0
"(6,)",1,1,3,0.01,207.0411765656173,8.814253443257341,1.0
"(6,)",1,1,3,0.01778279410038923,207.0412018585976,8.813342998790084,0.9999999999999999
"(6,)",1,1,3,0.03162277660168379,207.04128167609292,8.811727247257494,1.0000000000000002
"(6,)",1,1,3,0.05623413251903491,207.04153315245657,8.80886429320128,1.0
"(6,)",1,1,3,0.1,207.0423232109601,8.803805482637253,1.0000000000000002
"(6,)",1,1,3,0.1778279410038923,207.0447928903189,8.794910268530863,1.0
"(6,)",1,1,3,0.31622776601683794,207.05244537941635,8.77940283652069,1.0
"(6,)",1,1,3,0.5623413251903491,207.07579892228074,8.752766674049749,0.9999999999999999
"(6,)",1,1,3,1.0,207.1452498005443,8.708155837985428,1.0
"(6,)",1,1,3,1.7782794100389228,207.34320009003196,8.63648130715307,0.9999999999999999
"(6,)",1,1,3,3.1622776601683795,207.8712101039475,8.528573189619182,1.0000000000000002
"(6,)",1,1,3,5.623413251903491,209.1508249444037,8.380748826887784,1.0
"(6,)",1,1,3,10.0,211.88681894547267,8.20184786132318,1.0
"(6,)",1,1,3,17.78279410038923,216.94732704028735,8.01442997845653,1.0
"(6,)",1,1,3,31.622776601683793,225.0177245363837,7.845174155102607,1.0
"(6,)",1,1,3,56.23413251903491,236.2474108168341,7.7119167835332325,1.0
"(6,)",1,1,3,100.0,250.15067806346045,7.618661518410895,1.0000000000000002
"(6,)",1,1,3,177.82794100389228,265.77856155750527,7.559466573209314,0.9999999999999999
"(6,)",1,1,3,316.22776601683796,282.00592639746054,7.524782646050193,1.0
"(6,)",1,1,3,562.341325190349,297.79242657932707,7.505754634239784,1.0
"(6,)",1,1,3,1000.0,312.348304237939,7.49586566661446,1.0
"(6,)",1,1,3,1778.2794100389228,325.1932880406733,7.490949088800663,1.0
"(6,)",1,1,3,3162.2776601683795,336.13243727485184,7.488590950638799,1.0
"(6,)",1,1,3,5623.413251903491,345.18714629481445,7.487491993969944,1.0
"(6,)",1,1,3,10000.0,352.51573410201854,7.4869913458493205,1.0
"(6,)",1,1,3,17782.794100389227,358.345043051242,7.486767246610792,1.0
"(6,)",1,1,3,31622.776601683792,362.92133384157495,7.486668261875633,1.0
"(6,)",1,1,3,56234.13251903491,366.4801614604386,7.486624958260046,1.0
"(6,)",1,1,3,100000.0,369.23101949694586,7.486606131202079,1.0
"(6,)",1,1,3,177827.94100389228,371.3518882265794,7.486597967728117,0.9999999999999999
"(6,)",1,1,3,316227.7660168379,372.9896603517363,7.486594423027326,1.0000000000000002
"(6,)",1,1,3,562341.3251903491,374.2632962557232,7.486592872351327,1.0
"(6,)",1,1,3,1000000.0,375.26861873259116,7.486592183626432,1.0
"(7,)",1,-1,0.1,0.0,76671.09659625796,471.09005145297886,1.0000000000000002
"(7,)",1,-1,0.1,0.0001,76671.09659625786,471.09005041662436,1.0
"(7,)",1,-1,0.1,0.00017782794100389227,76671.09659625788,471.0900496100508,1.0
"(7,)",1,-1,0.1,0.00031622776601683794,76671.09659625833,471.09004817573833,0.9999999999999999
"(7,)",1,-1,0.1,0.0005623413251903491,76671.09659625997,471.0900456251306,1.0
"(7,)",1,-1,0.1,0.001,76671.09659626614,471.090041089441,1.0
"(7,)",1,-1,0.1,0.0017782794100389228,76671.09659628679,471.09003302372656,1.0
"(7,)",1,-1,0.1,0.0031622776601683794,76671.09659635463,471.09001868066434,1.0
"(7,)",1,-1,0.1,0.005623413251903491,76671.09659657316,471.08999317478776,1.0
"(7,)",1,-1,0.1,0.01,76671.09659727209,471.08994781852147,1.0
"(7,)",1,-1,0.1,0.01778279410038923,76671.09659949556,471.08986716338,0.9999999999999999
"(7,)",1,-1,0.1,0.03162277660168379,76671.09660655077,471.0897237390797,0.9999999999999999
"(7,)",1,-1,0.1,0.05623413251903491,76671.09662890287,471.08946870032844,0.9999999999999998
"(7,)",1,-1,0.1,0.1,76671.09669965731,471.08901520093275,1.0
"(7,)",1,-1,0.1,0.1778279410038923,76671.0969235097,471.08820884956947,1.0
"(7,)",1,-1,0.1,0.31622776601683794,76671.09763147678,471.08677523907386,1.0000000000000002
"(7,)",1,-1,0.1,0.5623413251903491,76671.09986981524,471.0842268511246,0.9999999999999999
"(7,)",1,-1,0.1,1.0,76671.10694389712,471.07969817689235,1.0
"(7,)",1,-1,0.1,1.7782794100389228,76671.12928781005,471.07165462848934,0.9999999999999999
"(7,)",1,-1,0.1,3.1622776601683795,76671.19979279465,471.0573815505084,0.9999999999999999
"(7,)",1,-1,0.1,5.623413251903491,76671.42188517135,471.032096369871,0.9999999999999999
"(7,)",1,-1,0.1,10.0,76672.11936458,470.9874345249139,0.9999999999999999
"(7,)",1,-1,0.1,17.78279410038923,76674.29814721075,470.908956347689,0.9999999999999999
"(7,)",1,-1,0.1,31.622776601683793,76681.0407274794,470.77231069848534,1.0
"(7,)",1,-1,0.1,56.23413251903491,76701.56935853009,470.5381363559249,1.0
"(7,)",1,-1,0.1,100.0,76762.35178726925,470.14760548047775,1.0
"(7,)",1,-1,0.1,177.82794100389228,76934.15288666493,469.52522577863573,1.0000000000000002
"(7,)",1,-1,0.1,316.22776601683796,77385.20050455169,468.60253956648484,1.0
"(7,)",1,-1,0.1,562.341325190349,78447.32372522641,467.37343843334173,0.9999999999999999
"(7,)",1,-1,0.1,1000.0,80615.65915920096,465.95191100167654,0.9999999999999998
"(7,)",1,-1,0.1,1778.2794100389228,84395.58127589991,464.54791893120216,1.0
"(7,)",1,-1,0.1,3162.2776601683795,90136.70773091949,463.34193381430396,1.0
"(7,)",1,-1,0.1,5623.413251903491,98118.54658627807,462.3962404633813,1.0
"(7,)",1,-1,0.1,10000.0,108783.68397802922,461.6848993399537,0.9999999999999999
"(7,)",1,-1,0.1,17782.794100389227,122868.75226908248,461.1565025328704,1.0
"(7,)",1,-1,0.1,31622.776601683792,141456.5138096803,460.76440253292964,1.0
"(7,)",1,-1,0.1,56234.13251903491,166043.03158716526,460.4727855021127,1.0000000000000002
"(7,)",1,-1,0.1,100000.0,198647.22782062308,460.255343528277,1.0
"(7,)",1,-1,0.1,177827.94100389228,241969.9530392012,460.09287987591637,1.0
"(7,)",1,-1,0.1,316227.7660168379,299613.47237427684,459.97132321726224,1.0000000000000002
"(7,)",1,-1,0.1,562341.3251903491,376378.4518333279,459.88029052353005,0.9999999999999999
"(7,)",1,-1,0.1,1000000.0,478660.129374529,459.8120788563218,1.0
"(7,)",1,-1,1,0.0,1044.2080926997482,74.60369817897299,1.0
"(7,)",1,-1,1,0.0001,1044.2080927167613,74.60352806060156,1.0000000000000002
"(7,)",1,-1,1,0.00017782794100389227,1044.2080927535449,74.60339566392615,1.0
"(7,)",1,-1,1,0.00031622776601683794,1044.2080928698601,74.6031602320302,1.0
"(7,)",1,-1,1,0.0005623413251903491,1044.2080932376666,74.60274158852837,1.0
"(7,)",1,-1,1,0.001,1044.208094400671,74.60199718725133,1.0
"(7,)",1,-1,1,0.0017782794100389228,1044.2080980778346,74.60067363564043,0.9999999999999999
"(7,)",1,-1,1,0.0031622776601683794,1044.2081097028126,74.59832062917039,1.0
"(7,)",1,-1,1,0.005623413251903491,1044.2081464460327,74.59413834291976,1.0
"(7,)",1,-1,1,0.01,1044.2082625361586,74.58670744023878,1.0
"(7,)",1,-1,1,0.01778279410038923,1044.2086290721018,74.573513328656,1.0
"(7,)",1,-1,1,0.03162277660168379,1044.209784947519,74.55011389818192,1.0
"(7,)",1,-1,1,0.05623413251903491,1044.213422184722,74.50870246813024,1.0
"(7,)",1,-1,1,0.1,1044.224824182201,74.4356852036552,0.9999999999999999
"(7,)",1,-1,1,0.1778279410038923,1044.2603286627404,74.30777753435765,0.9999999999999999
"(7,)",1,-1,1,0.31622776601683794,1044.3696001060528,74.0862568420545,0.9999999999999999
"(7,)",1,-1,1,0.5623413251903491,1044.6991917160701,73.71008289200019,1.0
"(7,)",1,-1,1,1.0,1045.6601439794074,73.09212567784157,0.9999999999999999
"(7,)",1,-1,1,1.7782794100389228,1048.3119668795398,72.1301811519328,1.0
"(7,)",1,-1,1,3.1622776601683795,1055.0427509874764,70.75082953370423,1.0
"(7,)",1,-1,1,5.623413251903491,1070.262326406864,68.98611421449138,0.9999999999999999
"(7,)",1,-1,1,10.0,1100.1813965749323,67.02154471429414,0.9999999999999998
"(7,)",1,-1,1,17.78279410038923,1151.0131240801427,65.13164933447541,0.9999999999999999
"(7,)",1,-1,1,31.622776601683793,1226.5212644144653,63.54334684594174,1.0
"(7,)",1,-1,1,56.23413251903491,1326.4901157852707,62.3548632963573,1.0000000000000002
"(7,)",1,-1,1,100.0,1447.4117077191422,61.54349021453955,0.9999999999999998
"(7,)",1,-1,1,177.82794100389228,1585.369964517528,61.02189309365659,0.9999999999999998
"(7,)",1,-1,1,316.22776601683796,1738.9104438542581,60.69529956348387,1.0
"(7,)",1,-1,1,562.341325190349,1910.4704899502647,60.49023983783144,1.0
"(7,)",1,-1,1,1000.0,2106.7834844499953,60.35847946050763,0.9999999999999999
"(7,)",1,-1,1,1778.2794100389228,2339.02053395062,60.27097217356161,1.0
"(7,)",1,-1,1,3162.2776601683795,2623.1389263970727,60.21086112131451,0.9999999999999999
"(7,)",1,-1,1,5623.413251903491,2980.675369811975,60.16837370423573,1.0
"(7,)",1,-1,1,10000.0,3440.1208312265862,60.13769687420998,1.0
"(7,)",1,-1,1,17782.794100389227,4038.9958067146117,60.11522320941277,0.9999999999999999
"(7,)",1,-1,1,31622.776601683792,4826.778562840244,60.098604583804516,1.0
"(7,)",1,-1,1,56234.13251903491,5868.90125893166,60.086244602573345,1.0
"(7,)",1,-1,1,100000.0,7252.128786766422,60.07702014175921,1.0
"(7,)",1,-1,1,177827.94100389228,9091.744160466318,60.070121779265016,1.0
"(7,)",1,-1,1,316227.7660168379,11541.128164599291,60.06495685022522,1.0
"(7,)",1,-1,1,562341.3251903491,14804.519106199981,60.0610871412496,1.0
"(7,)",1,-1,1,1000000.0,19154.00418603255,60.058186703644225,1.0
"(7,)",1,-1,3,0.0,519.8909591414157,58.61123168726138,1.0
"(7,)",1,-1,3,0.0001,519.8909591557143,58.61108870987991,1.0
"(7,)",1,-1,3,0.00017782794100389227,519.8909591866285,58.61097743679633,1.0
"(7,)",1,-1,3,0.00031622776601683794,519.8909592843869,58.610779569233486,1.0
"(7,)",1,-1,3,0.0005623413251903491,519.8909595935041,58.610427727777854,1.0
"(7,)",1,-1,3,0.001,519.890960570903,58.609802126051214,1.0
"(7,)",1,-1,3,0.0017782794100389228,519.8909636610692,58.60868985485828,1.0
"(7,)",1,-1,3,0.0031622776601683794,519.8909734294494,58.60671263223232,1.0
"(7,)",1,-1,3,0.005623413251903491,519.8910042996489,58.60319880955189,1.0
"(7,)",1,-1,3,0.01,519.891101806832,58.596957296627366,1.0
"(7,)",1,-1,3,0.01778279410038923,519.8914095183063,58.58588035921245,1.0
"(7,)",1,-1,3,0.03162277660168379,519.8923790446319,58.56625236860841,1.0
"(7,)",1,-1,3,0.05623413251903491,519.8954252162357,58.5315673793288,0.9999999999999999
"(7,)",1,-1,3,0.1,519.9049488416506,58.47056960125953,1.0
"(7,)",1,-1,3,0.1778279410038923,519.9344683178574,58.36419531415737,1.0
"(7,)",1,-1,3,0.31622776601683794,520.0246233824505,58.181348449613445,1.0
"(7,)",1,-1,3,0.5623413251903491,520.2932255300368,57.87457348506817,0.9999999999999999
"(7,)",1,-1,3,1.0,521.0621776232059,57.37959925706586,0.9999999999999999
"(7,)",1,-1,3,1.7782794100389228,523.1340119209902,56.62713431161534,1.0
"(7,)",1,-1,3,3.1622776601683795,528.2586670904811,55.57568520299018,1.0
"(7,)",1,-1,3,5.623413251903491,539.5974002968726,54.259778062722205,0.9999999999999999
"(7,)",1,-1,3,10.0,561.5115974742782,52.81965344502781,1.0
"(7,)",1,-1,3,17.78279410038923,597.8702111799553,51.465784669595436,1.0
"(7,)",1,-1,3,31.622776601683793,649.44253387922,50.377837845163135,1.0
"(7,)",1,-1,3,56.23413251903491,712.7750246405612,49.621667566810714,1.0
"(7,)",1,-1,3,100.0,781.76220298119,49.15609640330236,1.0
"(7,)",1,-1,3,177.82794100389228,850.2362410761307,48.89522943533904,0.9999999999999999
"(7,)",1,-1,3,316.22776601683796,913.6354986555125,48.75901838830396,1.0
"(7,)",1,-1,3,562.341325190349,969.4018204189787,48.6915027537276,1.0
"(7,)",1,-1,3,1000.0,1016.6478851306102,48.659288107972145,1.0
"(7,)",1,-1,3,1778.2794100389228,1055.6131260616173,48.64433181494248,1.0
"(7,)",1,-1,3,3162.2776601683795,1087.1719238740427,48.63751540385396,1.0
"(7,)",1,-1,3,5623.413251903491,1112.477840017969,48.634440876348926,1.0
"(7,)",1,-1,3,10000.0,1132.742782280693,48.63305657170121,1.0
"(7,)",1,-1,3,17782.794100389227,1149.120592462628,48.63242788926264,1.0
"(7,)",1,-1,3,31622.776601683792,1162.6616581762596,48.63213600957268,0.9999999999999999
"(7,)",1,-1,3,56234.13251903491,1174.3115968341206,48.631995116255595,1.0000000000000002
"(7,)",1,-1,3,100000.0,1184.9357566117878,48.63192308296138,1.0
"(7,)",1,-1,3,177827.94100389228,1195.3583264698716,48.63188348003125,0.9999999999999999
"(7,)",1,-1,3,316227.7660168379,1206.4113229195332,48.63185993389405,1.0000000000000002
"(7,)",1,-1,3,562341.3251903491,1218.9898123124726,48.63184489057745,1.0
"(7,)",1,-1,3,1000000.0,1234.0988056513029,48.63183470922845,0.9999999999999999
"(7,)",1,0,0.1,0.0,2359550.9029009873,12844.650908363985,0.9999999999999998
"(7,)",1,0,0.1,0.0001,2359550.9029012267,12844.647879280688,1.0
"(7,)",1,0,0.1,0.00017782794100389227,2359550.902901821,12844.645521809656,1.0000000000000002
"(7,)",1,0,0.1,0.00031622776601683794,2359550.9029037915,12844.641329571792,1.0
"(7,)",1,0,0.1,0.0005623413251903491,2359550.9029101683,12844.633874615089,0.9999999999999998
"(7,)",1,0,0.1,0.001,2359550.9029305857,12844.620617661965,1.0
"(7,)",1,0,0.1,0.0017782794100389228,2359550.9029955277,12844.597043230866,0.9999999999999998
"(7,)",1,0,0.1,0.0031622776601683794,2359550.9032016797,12844.55512173456,1.0
"(7,)",1,0,0.1,0.005623413251903491,2359550.9038548972,12844.480574957926,0.9999999999999998
"(7,)",1,0,0.1,0.01,2359550.905922883,12844.348014251136,0.9999999999999998
"(7,)",1,0,0.1,0.01778279410038923,2359550.9124662685,12844.112297844777,1.0
"(7,)",1,0,0.1,0.03162277660168379,2359550.9331636135,12843.69317111721,1.0
"(7,)",1,0,0.1,0.05623413251903491,2359550.9986155066,12842.947982335998,1.0
"(7,)",1,0,0.1,0.1,2359551.2055476047,12841.623257276857,0.9999999999999998
"(7,)",1,0,0.1,0.1778279410038923,2359551.8595803287,12839.268881132819,0.9999999999999998
"(7,)",1,0,0.1,0.31622776601683794,2359553.9257186814,12835.086423090645,1.0
"(7,)",1,0,0.1,0.5623413251903491,2359560.4473776994,12827.66235353772,1.0
"(7,)",1,0,0.1,1.0,2359581.002679036,12814.502853455182,1.0
"(7,)",1,0,0.1,1.7782794100389228,2359645.623427036,12791.235360901132,1.0
"(7,)",1,0,0.1,3.1622776601683795,2359847.853295719,12750.277609690798,1.0
"(7,)",1,0,0.1,5.623413251903491,2360475.679849451,12678.740424582615,1.0
"(7,)",1,0,0.1,10.0,2362397.6528507303,12555.489211569507,1.0
"(7,)",1,0,0.1,17.78279410038923,2368140.4951474676,12348.103273483663,1.0
"(7,)",1,0,0.1,31.622776601683793,2384609.8256679378,12012.864940961003,1.0
"(7,)",1,0,0.1,56.23413251903491,2428773.109295746,11505.407530822124,1.0
"(7,)",1,0,0.1,100.0,2535529.969373278,10811.5801935612,1.0
"(7,)",1,0,0.1,177.82794100389228,2758428.1740588616,9990.48334257743,1.0
"(7,)",1,0,0.1,316.22776601683796,3146946.1694887388,9178.297090570466,0.9999999999999998
"(7,)",1,0,0.1,562.341325190349,3712356.8994386303,8508.302126933248,0.9999999999999999
"(7,)",1,0,0.1,1000.0,4438105.887670033,8022.738791423746,1.0
"(7,)",1,0,0.1,1778.2794100389228,5338264.414002484,7684.184241604097,1.0
"(7,)",1,0,0.1,3162.2776601683795,6487128.390246886,7441.6533400403505,1.0
"(7,)",1,0,0.1,5623.413251903491,8000808.712911288,7262.1546412652415,1.0
"(7,)",1,0,0.1,10000.0,10021564.548644412,7127.4395653450665,0.9999999999999998
"(7,)",1,0,0.1,17782.794100389227,12725724.35353783,7026.06410368907,1.0
"(7,)",1,0,0.1,31622.776601683792,16342168.528894862,6949.820441297936,1.0
"(7,)",1,0,0.1,56234.13251903491,21173995.058428004,6892.533787773278,1.0
"(7,)",1,0,0.1,100000.0,27624882.61043358,6849.523026584041,0.9999999999999998
"(7,)",1,0,0.1,177827.94100389228,36233179.469828874,6817.246347851267,0.9999999999999998
"(7,)",1,0,0.1,316227.7660168379,47716961.436603375,6793.032062325121,1.0
"(7,)",1,0,0.1,562341.3251903491,63033854.86728479,6774.869379232937,1.0
"(7,)",1,0,0.1,1000000.0,83460707.5441178,6761.247136140977,1.0
"(7,)",1,0,1,0.0,1400.1197724988538,110.94467661422458,1.0
"(7,)",1,0,1,0.0001,1400.1197725022073,110.94464308286899,1.0
"(7,)",1,0,1,0.00017782794100389227,1400.1197725094578,110.94461698648523,1.0
"(7,)",1,0,1,0.00031622776601683794,1400.1197725323852,110.94457058064546,0.9999999999999998
"(7,)",1,0,1,0.0005623413251903491,1400.1197726048847,110.944488060694,1.0
"(7,)",1,0,1,0.001,1400.119772834134,110.94434132537977,1.0
"(7,)",1,0,1,0.0017782794100389228,1400.1197735590135,110.94408041496835,1.0
"(7,)",1,0,1,0.0031622776601683794,1400.119775850865,110.94361652548295,0.9999999999999998
"(7,)",1,0,1,0.005623413251903491,1400.1197830959866,110.94279185996015,1.0
"(7,)",1,0,1,0.01,1400.119805993924,110.94132619452935,1.0
"(7,)",1,0,1,0.01778279410038923,1400.1198783297016,110.9387224223126,1.0
"(7,)",1,0,1,0.03162277660168379,1400.120106661265,110.93410035963959,1.0
"(7,)",1,0,1,0.05623413251903491,1400.120826389854,110.92590677135534,0.9999999999999998
"(7,)",1,0,1,0.1,1400.1230894312778,110.91141703019154,1.0
"(7,)",1,0,1,0.1778279410038923,1400.1301740289607,110.88590214153558,1.0
"(7,)",1,0,1,0.31622776601683794,1400.1521836441846,110.84130741752571,0.9999999999999998
"(7,)",1,0,1,0.5623413251903491,1400.2196620545822,110.76436480177655,1.0
"(7,)",1,0,1,1.0,1400.4219655075506,110.63447927352087,1.0
"(7,)",1,0,1,1.7782794100389228,1401.0067529924108,110.42291177635657,1.0
"(7,)",1,0,1,3.1622776601683795,1402.6048590698063,110.09677433935715,1.0
"(7,)",1,0,1,5.623413251903491,1406.6392555366547,109.6318237605884,1.0
"(7,)",1,0,1,10.0,1415.85461694814,109.0315455412709,1.0
"(7,)",1,0,1,17.78279410038923,1434.6724356883283,108.33846010296054,1.0
"(7,)",1,0,1,31.622776601683793,1468.9541309191245,107.62458517717396,1.0
"(7,)",1,0,1,56.23413251903491,1525.0956340917555,106.96400288247261,1.0
"(7,)",1,0,1,100.0,1609.3162274731417,106.40470163991525,1.0
"(7,)",1,0,1,177.82794100389228,1728.132848308625,105.95994697909484,1.0
"(7,)",1,0,1,316.22776601683796,1889.7356310733983,105.61934628080009,1.0
"(7,)",1,0,1,562.341325190349,2105.528228403995,105.36344006870252,1.0
"(7,)",1,0,1,1000.0,2391.6122267204505,105.1726245489618,1.0
"(7,)",1,0,1,1778.2794100389228,2770.351113556234,105.03056975859063,1.0
"(7,)",1,0,1,3162.2776601683795,3272.257899322354,104.92471569291752,0.9999999999999998
"(7,)",1,0,1,5623.413251903491,3938.4710700301735,104.84570903646224,0.9999999999999998
"(7,)",1,0,1,10000.0,4824.094220494198,104.78665194859782,1.0
"(7,)",1,0,1,17782.794100389227,6002.709838136892,104.74245665823021,1.0
"(7,)",1,0,1,31622.776601683792,7572.455490810738,104.70935721198767,1.0
"(7,)",1,0,1,56234.13251903491,9664.163871627734,104.68455527693382,1.0
"(7,)",1,0,1,100000.0,12452.247534883096,104.66596493010287,1.0
"(7,)",1,0,1,177827.94100389228,16169.222020027164,104.65202782816796,1.0
"(7,)",1,0,1,316227.7660168379,21125.074228770216,104.64157803819059,1.0
"(7,)",1,0,1,562341.3251903491,27733.072085648557,104.63374243285932,1.0
"(7,)",1,0,1,1000000.0,36544.144349811824,104.62786675964614,1.0
"(7,)",1,0,3,0.0,698.0285803403995,80.48500731198543,0.9999999999999999
"(7,)",1,0,3,0.0001,698.0285803471088,80.48494022618087,1.0
"(7,)",1,0,3,0.00017782794100389227,698.0285803616148,80.48488801716609,1.0
"(7,)",1,0,3,0.00031622776601683794,698.0285804074813,80.48479518032376,1.0
"(7,)",1,0,3,0.0005623413251903491,698.0285805525097,80.48463010747159,1.0
"(7,)",1,0,3,0.001,698.0285810110421,80.48433661554303,1.0
"(7,)",1,0,3,0.0017782794100389228,698.0285824605603,80.48381487472304,1.0
"(7,)",1,0,3,0.0031622776601683794,698.0285870416112,80.48288761048103,1.0
"(7,)",1,0,3,0.005623413251903491,698.0286015128742,80.48124037087052,1.0
"(7,)",1,0,3,0.01,698.0286471892409,80.47831646867637,0.9999999999999998
"(7,)",1,0,3,0.01778279410038923,698.0287911500642,80.4731338109178,1.0
"(7,)",1,0,3,0.03162277660168379,698.029243709787,80.46397056322498,1.0
"(7,)",1,0,3,0.05623413251903491,698.0306599093843,80.44784134312239,1.0
"(7,)",1,0,3,0.1,698.035056139832,80.41967228728406,1.0
"(7,)",1,0,3,0.1778279410038923,698.0485125816873,80.37114609816429,1.0
"(7,)",1,0,3,0.31622776601683794,698.0887138987986,80.28950753960638,0.9999999999999998
"(7,)",1,0,3,0.5623413251903491,698.2039935687737,80.15755127409491,1.0
"(7,)",1,0,3,1.0,698.5132321676338,79.95774146504532,1.0
"(7,)",1,0,3,1.7782794100389228,699.2620481218465,79.6841046354163,1.0
"(7,)",1,0,3,3.1622776601683795,700.8328449284787,79.35881378565755,1.0
"(7,)",1,0,3,5.623413251903491,703.5949901307844,79.03427153021418,0.9999999999999998
"(7,)",1,0,3,10.0,707.6537380392049,78.76390861714066,0.9999999999999998
"(7,)",1,0,3,17.78279410038923,712.849782869171,78.56827725263372,1.0
"(7,)",1,0,3,31.622776601683793,719.0675660777459,78.43640935585165,1.0
"(7,)",1,0,3,56.23413251903491,726.3651378357447,78.34932631844674,1.0
"(7,)",1,0,3,100.0,734.7549492213363,78.29294213387884,1.0
"(7,)",1,0,3,177.82794100389228,744.0025246756512,78.25790865427605,1.0
"(7,)",1,0,3,316.22776601683796,753.6735609317509,78.23725400722151,1.0
"(7,)",1,0,3,562.341325190349,763.3212117701536,78.22564443018243,1.0
"(7,)",1,0,3,1000.0,772.6443789211871,78.21932874906301,0.9999999999999998
"(7,)",1,0,3,1778.2794100389228,781.5544624518275,78.21593454769565,1.0
"(7,)",1,0,3,3162.2776601683795,790.1719781171123,78.21409057134353,1.0
"(7,)",1,0,3,5623.413251903491,798.7953925705734,78.21305506922143,1.0
"(7,)",1,0,3,10000.0,807.8730876504621,78.21244371628278,1.0
"(7,)",1,0,3,17782.794100389227,817.9934846069822,78.21206147559,1.0
"(7,)",1,0,3,31622.776601683792,829.8982972314095,78.21180921579116,0.9999999999999998
"(7,)",1,0,3,56234.13251903491,844.5190737764229,78.2116352939267,1.0
"(7,)",1,0,3,100000.0,863.0388236773845,78.21151154754197,1.0
"(7,)",1,0,3,177827.94100389228,886.9791583068984,78.21142164294572,1.0
"(7,)",1,0,3,316227.7660168379,918.318130242379,78.21135546215584,1.0
"(7,)",1,0,3,562341.3251903491,959.6431477562957,78.21130635563692,1.0
"(7,)",1,0,3,1000000.0,1014.3235931436375,78.21126973472867,1.0
"(7,)",1,1,0.1,0.0,41529.94856352071,252.12113958533294,1.0
"(7,)",1,1,0.1,0.0001,41529.94856352127,252.12113352065825,1.0
"(7,)",1,1,0.1,0.00017782794100389227,41529.94856352252,252.1211288006493,1.0
"(7,)",1,1,0.1,0.00031622776601683794,41529.948563526625,252.1211204071596,1.0
"(7,)",1,1,0.1,0.0005623413251903491,41529.94856353967,252.12110548120424,1.0
"(7,)",1,1,0.1,0.001,41529.948563580925,252.12107893873056,1.0
"(7,)",1,1,0.1,0.0017782794100389228,41529.94856371178,252.1210317389417,1.0
"(7,)",1,1,0.1,0.0031622776601683794,41529.94856412593,252.12094780498822,1.0
"(7,)",1,1,0.1,0.005623413251903491,41529.94856543625,252.12079854841912,1.0
"(7,)",1,1,0.1,0.01,41529.94856958121,252.12053313312776,1.0
"(7,)",1,1,0.1,0.01778279410038923,41529.94858269075,252.12006116510332,1.0000000000000002
"(7,)",1,1,0.1,0.03162277660168379,41529.94862414852,252.1192219200038,1.0
"(7,)",1,1,0.1,0.05623413251903491,41529.94875524408,252.11772965292204,1.0
"(7,)",1,1,0.1,0.1,41529.94916974429,252.11507644415784,1.0
"(7,)",1,1,0.1,0.1778279410038923,41529.95048011926,252.11035974878433,1.0000000000000002
"(7,)",1,1,0.1,0.31622776601683794,41529.95462160614,252.10197673239756,0.9999999999999998
"(7,)",1,1,0.1,0.5623413251903491,41529.96770515495,252.0870838717485,1.0
"(7,)",1,1,0.1,1.0,41530.00900582924,252.0606459136446,1.0000000000000002
"(7,)",1,1,0.1,1.7782794100389228,41530.13919978255,252.01377584766317,0.9999999999999999
"(7,)",1,1,0.1,3.1622776601683795,41530.548616826396,251.93088018775188,1.0
"(7,)",1,1,0.1,5.623413251903491,41531.830567733945,251.78488259878083,1.0000000000000002
"(7,)",1,1,0.1,10.0,41535.81430867325,251.52963841091022,1.0
"(7,)",1,1,0.1,17.78279410038923,41548.03194069556,251.08910085478593,1.0
"(7,)",1,1,0.1,31.622776601683793,41584.66452732957,250.34534819869015,0.9999999999999998
"(7,)",1,1,0.1,56.23413251903491,41690.434582544156,249.13514456126927,1.0
"(7,)",1,1,0.1,100.0,41977.98755073599,247.27870591304065,0.9999999999999998
"(7,)",1,1,0.1,177.82794100389228,42693.03004048957,244.67011273004385,1.0
"(7,)",1,1,0.1,316.22776601683796,44273.04570192375,241.40877275645354,1.0
"(7,)",1,1,0.1,562.341325190349,47328.22703078136,237.83967003041192,1.0
"(7,)",1,1,0.1,1000.0,52543.50810456432,234.39476079371997,0.9999999999999998
"(7,)",1,1,0.1,1778.2794100389228,60620.027497018425,231.38281323101276,1.0000000000000002
"(7,)",1,1,0.1,3162.2776601683795,72321.05343736439,228.92270313654893,1.0
"(7,)",1,1,0.1,5623.413251903491,88604.73361973288,226.99473133496494,0.9999999999999999
"(7,)",1,1,0.1,10000.0,110789.67097537113,225.51659649813527,1.0
"(7,)",1,1,0.1,17782.794100389227,140699.92426355593,224.39554114286105,1.0
"(7,)",1,1,0.1,31622.776601683792,180816.18102507998,223.54986498593203,1.0
"(7,)",1,1,0.1,56234.13251903491,234477.1500334961,222.9136813164283,1.0
"(7,)",1,1,0.1,100000.0,306154.85859035415,222.43578892653446,0.9999999999999999
"(7,)",1,1,0.1,177827.94100389228,401825.9618368061,222.0770820711327,0.9999999999999999
"(7,)",1,1,0.1,316227.7660168379,529469.3305642452,221.80794957633404,1.0000000000000002
"(7,)",1,1,0.1,562341.3251903491,699730.7216108518,221.6060700341067,1.0000000000000002
"(7,)",1,1,0.1,1000000.0,926809.7014669313,221.45465660196592,1.0
"(7,)",1,1,1,0.0,828.9778446369115,64.13658093170427,1.0
"(7,)",1,1,1,0.0001,828.9778446415838,64.13653421321199,1.0
"(7,)",1,1,1,0.00017782794100389227,828.9778446516854,64.13649785375638,1.0
"(7,)",1,1,1,0.00031622776601683794,828.977844683629,64.13643319775419,1.0
"(7,)",1,1,1,0.0005623413251903491,828.977844784641,64.13631822533036,1.0
"(7,)",1,1,1,0.001,828.9778451040469,64.1361137849269,0.9999999999999999
"(7,)",1,1,1,0.0017782794100389228,828.9778461139812,64.13575027289326,0.9999999999999998
"(7,)",1,1,1,0.0031622776601683794,828.9778493070258,64.1351039737894,1.0
"(7,)",1,1,1,0.005623413251903491,828.9778594006981,64.13395507440194,0.9999999999999998
"(7,)",1,1,1,0.01,828.9778912993686,64.13191327741468,0.9999999999999999
"(7,)",1,1,1,0.01778279410038923,828.9779920577197,64.12828639362566,1.0
"(7,)",1,1,1,0.03162277660168379,828.978310043593,64.12184940585949,1.0
"(7,)",1,1,1,0.05623413251903491,828.9793120196109,64.11044240079804,1.0
"(7,)",1,1,1,0.1,828.9824605461409,64.09028235767906,1.0
"(7,)",1,1,1,0.1778279410038923,828.9923060917316,64.0548216855014,0.9999999999999998
"(7,)",1,1,1,0.31622776601683794,829.0228310025805,63.99296633279787,0.9999999999999999
"(7,)",1,1,1,0.5623413251903491,829.1160714772166,63.8866251909678,1.0000000000000002
"(7,)",1,1,1,1.0,829.3937219844048,63.708292233804166,1.0
"(7,)",1,1,1,1.7782794100389228,830.1862216228292,63.42135852747905,1.0
"(7,)",1,1,1,3.1622776601683795,832.3008038345137,62.98918992902414,1.0
"(7,)",1,1,1,5.623413251903491,837.4042277589149,62.399416248752665,1.0
"(7,)",1,1,1,10.0,848.1530772894025,61.69582075522516,1.0
"(7,)",1,1,1,17.78279410038923,867.3719296969813,60.98252253788797,0.9999999999999999
"(7,)",1,1,1,31.622776601683793,896.368591075936,60.37251356565806,1.0
"(7,)",1,1,1,56.23413251903491,934.1339056710923,59.92296972738445,1.0
"(7,)",1,1,1,100.0,978.5277013680148,59.62468938220268,1.0
"(7,)",1,1,1,177.82794100389228,1028.0845647494402,59.43719382429779,0.9999999999999999
"(7,)",1,1,1,316.22776601683796,1083.0198168945435,59.32037657442429,0.9999999999999999
"(7,)",1,1,1,562.341325190349,1145.4136800970227,59.24588876847992,0.9999999999999999
"(7,)",1,1,1,1000.0,1219.0693727288935,59.19653663397955,0.9999999999999998
"(7,)",1,1,1,1778.2794100389228,1309.426682855976,59.16254839906329,1.0
"(7,)",1,1,1,3162.2776601683795,1423.7020970156245,59.13840590851952,0.9999999999999999
"(7,)",1,1,1,5623.413251903491,1571.296426458406,59.12088534193038,1.0
"(7,)",1,1,1,10000.0,1764.4745843579387,59.10799626145546,1.0
"(7,)",1,1,1,17782.794100389227,2019.3383246262538,59.09843652463439,1.0
"(7,)",1,1,1,31622.776601683792,2357.146465800718,59.0913123235902,1.0
"(7,)",1,1,1,56234.13251903491,2806.0801001948607,59.085988687982294,1.0
"(7,)",1,1,1,100000.0,3403.5881399887217,59.082004409226165,1.0
"(7,)",1,1,1,177827.94100389228,4199.510231241016,59.079019931559536,1.0
"(7,)",1,1,1,316227.7660168379,5260.226777726968,59.07678326907451,1.0
"(7,)",1,1,1,562341.3251903491,6674.189282117811,59.07510658335076,0.9999999999999998
"(7,)",1,1,1,1000000.0,8559.264453933629,59.07384946112532,1.0000000000000002
"(7,)",1,1,3,0.0,585.462121256691,60.58419616736583,1.0
"(7,)",1,1,3,0.0001,585.4621212730787,60.584032291913516,1.0
"(7,)",1,1,3,0.00017782794100389227,585.4621213085127,60.58390475620154,1.0000000000000002
"(7,)",1,1,3,0.00031622776601683794,585.4621214205557,60.583677973267875,1.0
"(7,)",1,1,3,0.0005623413251903491,585.4621217748359,60.583274725251165,1.0
"(7,)",1,1,3,0.001,585.4621228949873,60.58255774954493,0.9999999999999999
"(7,)",1,1,3,0.0017782794100389228,585.4621264362071,60.581283120270676,1.0
"(7,)",1,1,3,0.0031622776601683794,585.4621376288546,60.57901759160951,1.0
"(7,)",1,1,3,0.005623413251903491,585.4621729912601,60.57499238131552,1.0
"(7,)",1,1,3,0.01,585.4622846382606,60.56784558270241,1.0
"(7,)",1,1,3,0.01778279410038923,585.4626366954276,60.55517171767947,1.0000000000000002
"(7,)",1,1,3,0.03162277660168379,585.4637443999802,60.5327444986417,0.9999999999999998
"(7,)",1,1,3,0.05623413251903491,585.4672161322106,60.49320821323776,1.0
"(7,)",1,1,3,0.1,585.4780229685555,60.423974025119485,1.0
"(7,)",1,1,3,0.1778279410038923,585.5112636784289,60.304136668055705,0.9999999999999999
"(7,)",1,1,3,0.31622776601683794,585.611432910755,60.1008216152954,1.0
"(7,)",1,1,3,0.5623413251903491,585.9030765209787,59.767286252617296,1.0
"(7,)",1,1,3,1.0,586.7063811865016,59.249050013492884,0.9999999999999999
"(7,)",1,1,3,1.7782794100389228,588.7407579963335,58.50758674665746,0.9999999999999999
"(7,)",1,1,3,3.1622776601683795,593.3272825558669,57.561713352641384,1.0
"(7,)",1,1,3,5.623413251903491,602.2840261768423,56.51535979569036,1.0
"(7,)",1,1,3,10.0,617.2337121219258,55.52573072353682,1.0
"(7,)",1,1,3,17.78279410038923,638.616056309833,54.72399810062315,1.0
"(7,)",1,1,3,31.622776601683793,665.1630392128372,54.160633558921326,1.0
"(7,)",1,1,3,56.23413251903491,694.2712150615544,53.81133673502792,1.0
"(7,)",1,1,3,100.0,723.0084885582428,53.61653078400276,0.9999999999999999
"(7,)",1,1,3,177.82794100389228,749.0811160054817,53.516788023118984,1.0
"(7,)",1,1,3,316.22776601683796,771.2636594693313,53.46894307402791,1.0
"(7,)",1,1,3,562.341325190349,789.2922703586624,53.44703749431788,1.0
"(7,)",1,1,3,1000.0,803.5142151054404,53.43730962843873,0.9999999999999999
"(7,)",1,1,3,1778.2794100389228,814.5504275553964,53.43306254305683,1.0
"(7,)",1,1,3,3162.2776601683795,823.0740666087383,53.43121804686218,0.9999999999999999
"(7,)",1,1,3,5623.413251903491,829.7014300400488,53.43041205180871,0.9999999999999999
"(7,)",1,1,3,10000.0,834.9565135518504,53.43005311136365,1.0
"(7,)",1,1,3,17782.794100389227,839.2738410734042,53.42988762874672,0.9999999999999999
"(7,)",1,1,3,31622.776601683792,843.017315107052,53.4298071790309,1.0
"(7,)",1,1,3,56234.13251903491,846.503943097775,53.429765193777804,1.0
"(7,)",1,1,3,100000.0,850.0283095335626,53.42974141824051,1.0
"(7,)",1,1,3,177827.94100389228,853.8864582869625,53.4297268289686,1.0
"(7,)",1,1,3,316227.7660168379,858.3997066435096,53.42971724522926,1.0
"(7,)",1,1,3,562341.3251903491,863.9390734752533,53.42971062774817,1.0
"(7,)",1,1,3,1000000.0,870.9366420568899,53.429705893520634,1.0
"(8,)",1,-1,0.1,0.0,76671.096596258,471.090051452979,1.0000000000000002
"(8,)",1,-1,0.1,0.0001,76671.09659625785,471.0900504166244,1.0
"(8,)",1,-1,0.1,0.00017782794100389227,76671.09659625788,471.0900496100508,1.0
"(8,)",1,-1,0.1,0.00031622776601683794,76671.09659625831,471.09004817573833,1.0
"(8,)",1,-1,0.1,0.0005623413251903491,76671.09659626002,471.09004562513076,1.0
"(8,)",1,-1,0.1,0.001,76671.09659626608,471.09004108944083,1.0
"(8,)",1,-1,0.1,0.0017782794100389228,76671.0965962868,471.09003302372656,0.9999999999999998
"(8,)",1,-1,0.1,0.0031622776601683794,76671.09659635463,471.09001868066406,1.0
"(8,)",1,-1,0.1,0.005623413251903491,76671.09659657319,471.08999317478794,1.0
"(8,)",1,-1,0.1,0.01,76671.09659727204,471.08994781852164,1.0
"(8,)",1,-1,0.1,0.01778279410038923,76671.09659949559,471.08986716338,1.0
"(8,)",1,-1,0.1,0.03162277660168379,76671.09660655075,471.0897237390795,0.9999999999999999
"(8,)",1,-1,0.1,0.05623413251903491,76671.09662890286,471.0894687003283,0.9999999999999998
"(8,)",1,-1,0.1,0.1,76671.09669965733,471.08901520093315,1.0
"(8,)",1,-1,0.1,0.1778279410038923,76671.09692350967,471.0882088495694,1.0
"(8,)",1,-1,0.1,0.31622776601683794,76671.09763147683,471.08677523907414,1.0000000000000002
"(8,)",1,-1,0.1,0.5623413251903491,76671.09986981518,471.08422685112413,1.0
"(8,)",1,-1,0.1,1.0,76671.10694389718,471.0796981768926,0.9999999999999998
"(8,)",1,-1,0.1,1.7782794100389228,76671.12928781004,471.07165462848906,0.9999999999999999
"(8,)",1,-1,0.1,3.1622776601683795,76671.19979279472,471.05738155050864,0.9999999999999999
"(8,)",1,-1,0.1,5.623413251903491,76671.42188517134,471.03209636987094,0.9999999999999999
"(8,)",1,-1,0.1,10.0,76672.11936458002,470.9874345249139,0.9999999999999999
"(8,)",1,-1,0.1,17.78279410038923,76674.29814721082,470.90895634768935,1.0
"(8,)",1,-1,0.1,31.622776601683793,76681.0407274793,470.7723106984851,1.0
"(8,)",1,-1,0.1,56.23413251903491,76701.56935853008,470.5381363559251,1.0000000000000002
"(8,)",1,-1,0.1,100.0,76762.35178726928,470.1476054804777,1.0
"(8,)",1,-1,0.1,177.82794100389228,76934.15288666496,469.52522577863573,1.0
"(8,)",1,-1,0.1,316.22776601683796,77385.20050455164,468.60253956648506,1.0
"(8,)",1,-1,0.1,562.341325190349,78447.32372522645,467.37343843334196,1.0000000000000002
"(8,)",1,-1,0.1,1000.0,80615.659159201,465.9519110016766,0.9999999999999998
"(8,)",1,-1,0.1,1778.2794100389228,84395.58127589982,464.54791893120205,0.9999999999999998
"(8,)",1,-1,0.1,3162.2776601683795,90136.70773091937,463.3419338143035,0.9999999999999998
"(8,)",1,-1,0.1,5623.413251903491,98118.54658627804,462.39624046338145,1.0
"(8,)",1,-1,0.1,10000.0,108783.68397802932,461.68489933995363,0.9999999999999999
"(8,)",1,-1,0.1,17782.794100389227,122868.75226908243,461.15650253287004,0.9999999999999998
"(8,)",1,-1,0.1,31622.776601683792,141456.51380967943,460.76440253292975,1.0
"(8,)",1,-1,0.1,56234.13251903491,166043.0315845044,460.47278550213593,0.9999999999999998
"(8,)",1,-1,0.1,100000.0,198647.22765961997,460.25534352907226,1.0
"(8,)",1,-1,0.1,177827.94100389228,241969.95740684826,460.0928798629269,1.0
"(8,)",1,-1,0.1,316227.7660168379,299613.4799726037,459.9713232052485,0.9999999999999999
"(8,)",1,-1,0.1,562341.3251903491,376378.4512509229,459.88029052398923,1.0
"(8,)",1,-1,0.1,1000000.0,478660.2529914491,459.8120787950954,1.0
"(8,)",1,-1,1,0.0,1044.2080926997485,74.60369817897299,1.0000000000000002
"(8,)",1,-1,1,0.0001,1044.2080927167603,74.60352806060155,1.0
"(8,)",1,-1,1,0.00017782794100389227,1044.2080927535428,74.60339566392604,0.9999999999999998
"(8,)",1,-1,1,0.00031622776601683794,1044.208092869861,74.60316023203018,1.0
"(8,)",1,-1,1,0.0005623413251903491,1044.2080932376662,74.60274158852839,1.0
"(8,)",1,-1,1,0.001,1044.208094400671,74.60199718725126,1.0
"(8,)",1,-1,1,0.0017782794100389228,1044.2080980778344,74.60067363564049,0.9999999999999999
"(8,)",1,-1,1,0.0031622776601683794,1044.2081097028122,74.59832062917032,1.0
"(8,)",1,-1,1,0.005623413251903491,1044.2081464460312,74.59413834291973,1.0
"(8,)",1,-1,1,0.01,1044.2082625361588,74.58670744023871,1.0
"(8,)",1,-1,1,0.01778279410038923,1044.2086290721031,74.57351332865602,1.0
"(8,)",1,-1,1,0.03162277660168379,1044.2097849475194,74.55011389818198,1.0
"(8,)",1,-1,1,0.05623413251903491,1044.213422184721,74.50870246813012,1.0000000000000002
"(8,)",1,-1,1,0.1,1044.2248241822,74.43568520365524,1.0
"(8,)",1,-1,1,0.1778279410038923,1044.2603286627389,74.30777753435767,1.0
"(8,)",1,-1,1,0.31622776601683794,1044.369600106053,74.08625684205448,1.0
"(8,)",1,-1,1,0.5623413251903491,1044.6991917160694,73.71008289200016,0.9999999999999998
"(8,)",1,-1,1,1.0,1045.6601439794058,73.09212567784148,0.9999999999999999
"(8,)",1,-1,1,1.7782794100389228,1048.3119668795416,72.13018115193277,1.0
"(8,)",1,-1,1,3.1622776601683795,1055.0427509874764,70.75082953370423,1.0
"(8,)",1,-1,1,5.623413251903491,1070.2623264068638,68.98611421449135,1.0
"(8,)",1,-1,1,10.0,1100.1813965749334,67.02154471429425,1.0
"(8,)",1,-1,1,17.78279410038923,1151.0131240801438,65.13164933447536,1.0
"(8,)",1,-1,1,31.622776601683793,1226.5212644144658,63.54334684594168,0.9999999999999998
"(8,)",1,-1,1,56.23413251903491,1326.490115785271,62.354863296357344,1.0
"(8,)",1,-1,1,100.0,1447.4117077191434,61.54349021453954,0.9999999999999999
"(8,)",1,-1,1,177.82794100389228,1585.3699645175273,61.02189309365658,1.0
"(8,)",1,-1,1,316.22776601683796,1738.91044385426,60.69529956348386,1.0
"(8,)",1,-1,1,562.341325190349,1910.470489950265,60.49023983783141,1.0
"(8,)",1,-1,1,1000.0,2106.7834844499953,60.358479460507624,1.0
"(8,)",1,-1,1,1778.2794100389228,2339.0205339799877,60.270972173553396,1.0
"(8,)",1,-1,1,3162.2776601683795,2623.138924980679,60.21086112153957,1.0
"(8,)",1,-1,1,5623.413251903491,2980.6753719421604,60.168373704079414,1.0
"(8,)",1,-1,1,10000.0,3440.120818469006,60.13769687484629,1.0
"(8,)",1,-1,1,17782.794100389227,4038.9957184284117,60.115223211878465,1.0
"(8,)",1,-1,1,31622.776601683792,4826.778417121826,60.098604586025,1.0
"(8,)",1,-1,1,56234.13251903491,5868.901490450007,60.086244600361994,1.0
"(8,)",1,-1,1,100000.0,7252.128959565267,60.07702014299943,1.0
"(8,)",1,-1,1,177827.94100389228,9091.744320749134,60.070121778743584,0.9999999999999999
"(8,)",1,-1,1,316227.7660168379,11541.12781065643,60.06495685041683,0.9999999999999999
"(8,)",1,-1,1,562341.3251903491,14804.519952108969,60.06108713991939,0.9999999999999999
"(8,)",1,-1,1,1000000.0,19154.00449297729,60.05818670424064,1.0
"(8,)",1,-1,3,0.0,519.8909591414155,58.61123168726138,1.0
"(8,)",1,-1,3,0.0001,519.8909591557136,58.61108870987989,0.9999999999999999
"(8,)",1,-1,3,0.00017782794100389227,519.8909591866288,58.61097743679638,0.9999999999999999
"(8,)",1,-1,3,0.00031622776601683794,519.8909592843873,58.610779569233536,1.0
"(8,)",1,-1,3,0.0005623413251903491,519.8909595935039,58.61042772777782,0.9999999999999999
"(8,)",1,-1,3,0.001,519.890960570903,58.6098021260512,0.9999999999999999
"(8,)",1,-1,3,0.0017782794100389228,519.8909636610688,58.60868985485818,1.0
"(8,)",1,-1,3,0.0031622776601683794,519.8909734294484,58.60671263223233,0.9999999999999999
"(8,)",1,-1,3,0.005623413251903491,519.8910042996491,58.60319880955191,0.9999999999999999
"(8,)",1,-1,3,0.01,519.8911018068316,58.596957296627316,1.0
"(8,)",1,-1,3,0.01778279410038923,519.8914095183059,58.58588035921246,1.0
"(8,)",1,-1,3,0.03162277660168379,519.8923790446318,58.56625236860846,1.0
"(8,)",1,-1,3,0.05623413251903491,519.8954252162353,58.53156737932871,1.0
"(8,)",1,-1,3,0.1,519.9049488416512,58.47056960125962,0.9999999999999999
"(8,)",1,-1,3,0.1778279410038923,519.9344683178567,58.36419531415736,1.0
"(8,)",1,-1,3,0.31622776601683794,520.02462338245,58.181348449613424,1.0
"(8,)",1,-1,3,0.5623413251903491,520.293225530037,57.87457348506815,1.0
"(8,)",1,-1,3,1.0,521.0621776232056,57.37959925706592,1.0
"(8,)",1,-1,3,1.7782794100389228,523.1340119209904,56.62713431161533,1.0
"(8,)",1,-1,3,3.1622776601683795,528.258667090481,55.575685202990215,1.0
"(8,)",1,-1,3,5.623413251903491,539.5974002968732,54.25977806272214,1.0
"(8,)",1,-1,3,10.0,561.5115974742791,52.819653445027875,1.0
"(8,)",1,-1,3,17.78279410038923,597.8702111799544,51.465784669595386,1.0
"(8,)",1,-1,3,31.622776601683793,649.4425338792189,50.377837845163164,1.0
"(8,)",1,-1,3,56.23413251903491,712.7750246405601,49.621667566810665,0.9999999999999998
"(8,)",1,-1,3,100.0,781.7622029811914,49.1560964033024,1.0
"(8,)",1,-1,3,177.82794100389228,850.2362410763767,48.8952294353383,1.0
"(8,)",1,-1,3,316.22776601683796,913.635498653795,48.75901838830667,1.0
"(8,)",1,-1,3,562.341325190349,969.4018204137972,48.69150275373225,1.0
"(8,)",1,-1,3,1000.0,1016.6478852941611,48.65928810788948,1.0000000000000002
"(8,)",1,-1,3,1778.2794100389228,1055.613126187748,48.644331814907304,1.0
"(8,)",1,-1,3,3162.2776601683795,1087.1719239507272,48.63751540383491,1.0000000000000002
"(8,)",1,-1,3,5623.413251903491,1112.4778399892193,48.63444087634961,1.0
"(8,)",1,-1,3,10000.0,1132.7427804516128,48.63305657178794,1.0
"(8,)",1,-1,3,17782.794100389227,1149.1205966957848,48.63242788925404,1.0
"(8,)",1,-1,3,31622.776601683792,1162.661643320171,48.632136008388095,0.9999999999999998
"(8,)",1,-1,3,56234.13251903491,1174.3115884354947,48.63199511594301,1.0
"(8,)",1,-1,3,100000.0,1184.935687335111,48.63192308226359,1.0
"(8,)",1,-1,3,177827.94100389228,1195.3583989686967,48.63188348070003,1.0
"(8,)",1,-1,3,316227.7660168379,1206.4113087151193,48.63185993473076,1.0000000000000002
"(8,)",1,-1,3,562341.3251903491,1218.989978265218,48.63184489037013,1.0
"(8,)",1,-1,3,1000000.0,1234.098996231958,48.631834711241694,1.0
"(8,)",1,0,0.1,0.0,2359550.9029009864,12844.65090836399,1.0
"(8,)",1,0,0.1,0.0001,2359550.9029012225,12844.647879280694,1.0
"(8,)",1,0,0.1,0.00017782794100389227,2359550.902901819,12844.645521809649,0.9999999999999998
"(8,)",1,0,0.1,0.00031622776601683794,2359550.902903792,12844.6413295718,1.0
"(8,)",1,0,0.1,0.0005623413251903491,2359550.902910176,12844.633874615083,0.9999999999999998
"(8,)",1,0,0.1,0.001,2359550.90293058,12844.620617661967,1.0
"(8,)",1,0,0.1,0.0017782794100389228,2359550.902995537,12844.597043230866,1.0
"(8,)",1,0,0.1,0.0031622776601683794,2359550.9032016806,12844.555121734553,1.0
"(8,)",1,0,0.1,0.005623413251903491,2359550.9038549038,12844.480574957932,1.0
"(8,)",1,0,0.1,0.01,2359550.9059228864,12844.348014251138,1.0
"(8,)",1,0,0.1,0.01778279410038923,2359550.912466263,12844.112297844795,1.0
"(8,)",1,0,0.1,0.03162277660168379,2359550.933163614,12843.69317111721,1.0
"(8,)",1,0,0.1,0.05623413251903491,2359550.998615503,12842.947982335996,1.0
"(8,)",1,0,0.1,0.1,2359551.2055476056,12841.623257276851,1.0
"(8,)",1,0,0.1,0.1778279410038923,2359551.859580327,12839.268881132817,0.9999999999999998
"(8,)",1,0,0.1,0.31622776601683794,2359553.9257186735,12835.086423090648,0.9999999999999998
"(8,)",1,0,0.1,0.5623413251903491,2359560.447377695,12827.662353537718,1.0
"(8,)",1,0,0.1,1.0,2359581.002679037,12814.50285345519,1.0
"(8,)",1,0,0.1,1.7782794100389228,2359645.62342703,12791.23536090115,1.0
"(8,)",1,0,0.1,3.1622776601683795,2359847.8532957216,12750.277609690796,1.0
"(8,)",1,0,0.1,5.623413251903491,2360475.6798494523,12678.740424582624,1.0
"(8,)",1,0,0.1,10.0,2362397.6528507313,12555.489211569498,0.9999999999999998
"(8,)",1,0,0.1,17.78279410038923,2368140.4951474685,12348.103273483663,1.0
"(8,)",1,0,0.1,31.622776601683793,2384609.8256679373,12012.864940960999,0.9999999999999998
"(8,)",1,0,0.1,56.23413251903491,2428773.109295745,11505.407530822125,1.0
"(8,)",1,0,0.1,100.0,2535529.969373277,10811.580193561203,1.0
"(8,)",1,0,0.1,177.82794100389228,2758428.174058861,9990.483342577423,1.0
"(8,)",1,0,0.1,316.22776601683796,3146946.16948874,9178.29709057047,1.0
"(8,)",1,0,0.1,562.341325190349,3712356.899438634,8508.302126933253,1.0
"(8,)",1,0,0.1,1000.0,4438105.887670032,8022.738791423747,1.0
"(8,)",1,0,0.1,1778.2794100389228,5338264.41400249,7684.184241604109,1.0
"(8,)",1,0,0.1,3162.2776601683795,6487128.390246885,7441.653340040349,1.0
"(8,)",1,0,0.1,5623.413251903491,8000808.712911286,7262.154641265237,0.9999999999999998
"(8,)",1,0,0.1,10000.0,10021564.548644425,7127.439565345074,1.0
"(8,)",1,0,0.1,17782.794100389227,12725724.353537813,7026.064103689071,1.0
"(8,)",1,0,0.1,31622.776601683792,16342168.528894847,6949.820441297938,1.0
"(8,)",1,0,0.1,56234.13251903491,21173995.05837185,6892.533787773785,0.9999999999999998
"(8,)",1,0,0.1,100000.0,27624882.61043488,6849.523026584039,0.9999999999999998
"(8,)",1,0,0.1,177827.94100389228,36233179.46982062,6817.246347851288,0.9999999999999998
"(8,)",1,0,0.1,316227.7660168379,47716961.43661641,6793.032062325103,1.0
"(8,)",1,0,0.1,562341.3251903491,63033854.867290035,6774.869379232941,1.0
"(8,)",1,0,0.1,1000000.0,83460707.54421933,6761.247136140928,1.0
"(8,)",1,0,1,0.0,1400.1197724988542,110.94467661422458,1.0
"(8,)",1,0,1,0.0001,1400.1197725022057,110.94464308286892,1.0
"(8,)",1,0,1,0.00017782794100389227,1400.119772509457,110.94461698648527,1.0
"(8,)",1,0,1,0.00031622776601683794,1400.1197725323839,110.94457058064548,1.0
"(8,)",1,0,1,0.0005623413251903491,1400.1197726048847,110.94448806069394,1.0
"(8,)",1,0,1,0.001,1400.1197728341363,110.94434132537978,1.0
"(8,)",1,0,1,0.0017782794100389228,1400.1197735590126,110.94408041496823,0.9999999999999998
"(8,)",1,0,1,0.0031622776601683794,1400.1197758508629,110.94361652548295,0.9999999999999998
"(8,)",1,0,1,0.005623413251903491,1400.119783095987,110.94279185996015,1.0
"(8,)",1,0,1,0.01,1400.1198059939227,110.94132619452927,1.0
"(8,)",1,0,1,0.01778279410038923,1400.1198783297025,110.93872242231254,1.0
"(8,)",1,0,1,0.03162277660168379,1400.120106661265,110.93410035963952,1.0
"(8,)",1,0,1,0.05623413251903491,1400.1208263898534,110.9259067713553,1.0
"(8,)",1,0,1,0.1,1400.1230894312787,110.91141703019161,1.0
"(8,)",1,0,1,0.1778279410038923,1400.13017402896,110.88590214153544,1.0
"(8,)",1,0,1,0.31622776601683794,1400.152183644183,110.84130741752575,0.9999999999999998
"(8,)",1,0,1,0.5623413251903491,1400.2196620545838,110.76436480177648,1.0
"(8,)",1,0,1,1.0,1400.4219655075508,110.63447927352102,1.0
"(8,)",1,0,1,1.7782794100389228,1401.0067529924079,110.42291177635634,0.9999999999999998
"(8,)",1,0,1,3.1622776601683795,1402.6048590698058,110.09677433935721,1.0
"(8,)",1,0,1,5.623413251903491,1406.639255536656,109.63182376058849,1.0
"(8,)",1,0,1,10.0,1415.854616948139,109.03154554127076,1.0
"(8,)",1,0,1,17.78279410038923,1434.6724356883285,108.33846010296064,1.0
"(8,)",1,0,1,31.622776601683793,1468.9541309191238,107.62458517717398,1.0
"(8,)",1,0,1,56.23413251903491,1525.0956340917592,106.96400288247285,1.0
"(8,)",1,0,1,100.0,1609.3162274731433,106.40470163991534,1.0
"(8,)",1,0,1,177.82794100389228,1728.1328483086254,105.95994697909491,1.0
"(8,)",1,0,1,316.22776601683796,1889.7356310733967,105.61934628080009,1.0
"(8,)",1,0,1,562.341325190349,2105.5282284040013,105.36344006870254,1.0
"(8,)",1,0,1,1000.0,2391.6122267204546,105.17262454896198,1.0
"(8,)",1,0,1,1778.2794100389228,2770.351115465404,105.03056975805363,1.0
"(8,)",1,0,1,3162.2776601683795,3272.2578679034464,104.92471569788756,1.0
"(8,)",1,0,1,5623.413251903491,3938.470952139762,104.84570904692066,1.0
"(8,)",1,0,1,10000.0,4824.094045874073,104.78665195705963,0.9999999999999998
"(8,)",1,0,1,17782.794100389227,6002.7098703730835,104.74245665783684,1.0
"(8,)",1,0,1,31622.776601683792,7572.455448282453,104.70935721194637,0.9999999999999998
"(8,)",1,0,1,56234.13251903491,9664.163871712633,104.68455527693294,0.9999999999999999
"(8,)",1,0,1,100000.0,12452.247528726586,104.66596493004779,1.0
"(8,)",1,0,1,177827.94100389228,16169.222019968644,104.65202782817146,1.0
"(8,)",1,0,1,316227.7660168379,21125.07422882586,104.64157803819091,1.0
"(8,)",1,0,1,562341.3251903491,27733.072085626114,104.63374243285946,1.0
"(8,)",1,0,1,1000000.0,36544.14434977828,104.62786675964597,0.9999999999999998
"(8,)",1,0,3,0.0,698.0285803403993,80.48500731198536,1.0
"(8,)",1,0,3,0.0001,698.0285803471086,80.48494022618083,1.0
"(8,)",1,0,3,0.00017782794100389227,698.0285803616148,80.48488801716606,1.0
"(8,)",1,0,3,0.00031622776601683794,698.0285804074819,80.48479518032387,0.9999999999999998
"(8,)",1,0,3,0.0005623413251903491,698.0285805525098,80.4846301074716,1.0
"(8,)",1,0,3,0.001,698.028581011042,80.48433661554297,1.0
"(8,)",1,0,3,0.0017782794100389228,698.0285824605603,80.483814874723,1.0
"(8,)",1,0,3,0.0031622776601683794,698.0285870416119,80.48288761048107,1.0
"(8,)",1,0,3,0.005623413251903491,698.0286015128744,80.48124037087052,0.9999999999999998
"(8,)",1,0,3,0.01,698.0286471892412,80.47831646867638,1.0
"(8,)",1,0,3,0.01778279410038923,698.0287911500628,80.47313381091769,1.0
"(8,)",1,0,3,0.03162277660168379,698.0292437097864,80.463970563225,1.0
"(8,)",1,0,3,0.05623413251903491,698.0306599093844,80.44784134312238,1.0
"(8,)",1,0,3,0.1,698.035056139832,80.41967228728404,0.9999999999999998
"(8,)",1,0,3,0.1778279410038923,698.0485125816888,80.37114609816437,1.0
"(8,)",1,0,3,0.31622776601683794,698.0887138987991,80.28950753960636,1.0
"(8,)",1,0,3,0.5623413251903491,698.2039935687726,80.1575512740948,1.0
"(8,)",1,0,3,1.0,698.5132321676344,79.95774146504539,1.0
"(8,)",1,0,3,1.7782794100389228,699.2620481218452,79.68410463541616,1.0
"(8,)",1,0,3,3.1622776601683795,700.8328449284783,79.35881378565743,0.9999999999999998
"(8,)",1,0,3,5.623413251903491,703.5949901307848,79.03427153021418,1.0
"(8,)",1,0,3,10.0,707.6537380392052,78.76390861714066,1.0
"(8,)",1,0,3,17.78279410038923,712.8497828691717,78.56827725263388,1.0
"(8,)",1,0,3,31.622776601683793,719.0675660777449,78.43640935585154,1.0
"(8,)",1,0,3,56.23413251903491,726.3651378357463,78.34932631844684,1.0
"(8,)",1,0,3,100.0,734.7549492213353,78.29294213387874,1.0
"(8,)",1,0,3,177.82794100389228,744.0025246705402,78.25790865429049,1.0
"(8,)",1,0,3,316.22776601683796,753.6735609307364,78.23725400722307,1.0
"(8,)",1,0,3,562.341325190349,763.3212117923249,78.22564443016272,0.9999999999999998
"(8,)",1,0,3,1000.0,772.644380186183,78.21932874843037,1.0
"(8,)",1,0,3,1778.2794100389228,781.5544619502189,78.21593454783579,1.0
"(8,)",1,0,3,3162.2776601683795,790.1719798298237,78.21409057107594,1.0
"(8,)",1,0,3,5623.413251903491,798.795390933584,78.21305506927456,1.0
"(8,)",1,0,3,10000.0,807.8730766425758,78.21244371686038,1.0
"(8,)",1,0,3,17782.794100389227,817.9934826605817,78.2120614756044,1.0
"(8,)",1,0,3,31622.776601683792,829.8982726319279,78.21180921613947,1.0
"(8,)",1,0,3,56234.13251903491,844.5190739660923,78.21163529392838,1.0
"(8,)",1,0,3,100000.0,863.0388237296949,78.21151154754216,1.0
"(8,)",1,0,3,177827.94100389228,886.9791583875148,78.21142164294605,0.9999999999999998
"(8,)",1,0,3,316227.7660168379,918.3181297606976,78.21135546215409,1.0
"(8,)",1,0,3,562341.3251903491,959.6431478904238,78.21130635563722,1.0
"(8,)",1,0,3,1000000.0,1014.3235944348896,78.2112697347295,1.0
"(8,)",1,1,0.1,0.0,41529.94856352066,252.12113958533286,0.9999999999999998
"(8,)",1,1,0.1,0.0001,41529.94856352121,252.12113352065808,1.0
"(8,)",1,1,0.1,0.00017782794100389227,41529.94856352252,252.1211288006492,1.0
"(8,)",1,1,0.1,0.00031622776601683794,41529.948563526625,252.12112040715957,1.0
"(8,)",1,1,0.1,0.0005623413251903491,41529.94856353964,252.12110548120424,1.0000000000000002
"(8,)",1,1,0.1,0.001,41529.94856358093,252.12107893873056,0.9999999999999999
"(8,)",1,1,0.1,0.0017782794100389228,41529.948563711754,252.1210317389416,1.0
"(8,)",1,1,0.1,0.0031622776601683794,41529.9485641259,252.1209478049881,1.0
"(8,)",1,1,0.1,0.005623413251903491,41529.94856543626,252.12079854841903,1.0
"(8,)",1,1,0.1,0.01,41529.9485695812,252.12053313312776,1.0
"(8,)",1,1,0.1,0.01778279410038923,41529.94858269072,252.1200611651032,1.0
"(8,)",1,1,0.1,0.03162277660168379,41529.94862414853,252.11922192000372,1.0
"(8,)",1,1,0.1,0.05623413251903491,41529.94875524408,252.117729652922,1.0
"(8,)",1,1,0.1,0.1,41529.94916974431,252.11507644415798,0.9999999999999999
"(8,)",1,1,0.1,0.1778279410038923,41529.950480119296,252.1103597487844,1.0000000000000002
"(8,)",1,1,0.1,0.31622776601683794,41529.95462160617,252.10197673239767,1.0
"(8,)",1,1,0.1,0.5623413251903491,41529.96770515494,252.08708387174843,1.0
"(8,)",1,1,0.1,1.0,41530.00900582921,252.06064591364432,0.9999999999999999
"(8,)",1,1,0.1,1.7782794100389228,41530.13919978258,252.01377584766325,1.0
"(8,)",1,1,0.1,3.1622776601683795,41530.54861682638,251.93088018775174,1.0
"(8,)",1,1,0.1,5.623413251903491,41531.83056773393,251.78488259878088,1.0
"(8,)",1,1,0.1,10.0,41535.81430867324,251.52963841091028,1.0
"(8,)",1,1,0.1,17.78279410038923,41548.03194069556,251.089100854786,1.0
"(8,)",1,1,0.1,31.622776601683793,41584.664527329565,250.34534819869032,1.0
"(8,)",1,1,0.1,56.23413251903491,41690.43458254417,249.13514456126927,1.0
"(8,)",1,1,0.1,100.0,41977.987550735976,247.2787059130406,0.9999999999999998
"(8,)",1,1,0.1,177.82794100389228,42693.03004048956,244.67011273004377,0.9999999999999998
"(8,)",1,1,0.1,316.22776601683796,44273.04570192373,241.40877275645354,1.0
"(8,)",1,1,0.1,562.341325190349,47328.22703078138,237.83967003041207,1.0000000000000002
"(8,)",1,1,0.1,1000.0,52543.50810456428,234.39476079371997,1.0
"(8,)",1,1,0.1,1778.2794100389228,60620.02749701842,231.38281323101265,1.0
"(8,)",1,1,0.1,3162.2776601683795,72321.05343736446,228.92270313654916,1.0
"(8,)",1,1,0.1,5623.413251903491,88604.73361973291,226.99473133496502,1.0
"(8,)",1,1,0.1,10000.0,110789.67097537112,225.5165964981354,1.0
"(8,)",1,1,0.1,17782.794100389227,140699.92426355602,224.3955411428612,1.0
"(8,)",1,1,0.1,31622.776601683792,180816.1810250811,223.54986498593215,1.0
"(8,)",1,1,0.1,56234.13251903491,234477.1500334977,222.9136813164284,1.0
"(8,)",1,1,0.1,100000.0,306154.8585885726,222.43578892654344,1.0000000000000002
"(8,)",1,1,0.1,177827.94100389228,401825.96185147983,222.0770820710912,1.0
"(8,)",1,1,0.1,316227.7660168379,529469.3321047509,221.80794957386507,1.0
"(8,)",1,1,0.1,562341.3251903491,699730.721575065,221.60607003414168,0.9999999999999999
"(8,)",1,1,0.1,1000000.0,926809.7016905013,221.4546566018822,0.9999999999999998
"(8,)",1,1,1,0.0,828.9778446369107,64.13658093170424,1.0
"(8,)",1,1,1,0.0001,828.9778446415828,64.1365342132119,0.9999999999999999
"(8,)",1,1,1,0.00017782794100389227,828.9778446516857,64.13649785375637,1.0
"(8,)",1,1,1,0.00031622776601683794,828.9778446836293,64.1364331977542,1.0
"(8,)",1,1,1,0.0005623413251903491,828.97784478464,64.13631822533036,0.9999999999999999
"(8,)",1,1,1,0.001,828.9778451040472,64.13611378492689,1.0
"(8,)",1,1,1,0.0017782794100389228,828.9778461139817,64.13575027289325,0.9999999999999999
"(8,)",1,1,1,0.0031622776601683794,828.9778493070264,64.1351039737894,1.0
"(8,)",1,1,1,0.005623413251903491,828.9778594006991,64.133955074402,0.9999999999999999
"(8,)",1,1,1,0.01,828.9778912993698,64.1319132774147,1.0
"(8,)",1,1,1,0.01778279410038923,828.9779920577222,64.12828639362574,1.0
"(8,)",1,1,1,0.03162277660168379,828.9783100435944,64.12184940585954,1.0
"(8,)",1,1,1,0.05623413251903491,828.9793120196109,64.11044240079801,1.0
"(8,)",1,1,1,0.1,828.9824605461412,64.09028235767907,1.0
"(8,)",1,1,1,0.1778279410038923,828.9923060917323,64.05482168550142,0.9999999999999998
"(8,)",1,1,1,0.31622776601683794,829.0228310025808,63.99296633279791,1.0
"(8,)",1,1,1,0.5623413251903491,829.116071477217,63.886625190967756,1.0
"(8,)",1,1,1,1.0,829.3937219844048,63.70829223380419,1.0
"(8,)",1,1,1,1.7782794100389228,830.186221622828,63.421358527479036,1.0
"(8,)",1,1,1,3.1622776601683795,832.3008038345117,62.989189929024086,1.0
"(8,)",1,1,1,5.623413251903491,837.4042277589149,62.39941624875264,1.0
"(8,)",1,1,1,10.0,848.1530772894026,61.695820755225185,1.0
"(8,)",1,1,1,17.78279410038923,867.3719296969826,60.98252253788805,1.0
"(8,)",1,1,1,31.622776601683793,896.3685910759373,60.37251356565809,1.0000000000000002
"(8,)",1,1,1,56.23413251903491,934.1339056710931,59.92296972738445,1.0000000000000002
"(8,)",1,1,1,100.0,978.527701368016,59.62468938220277,0.9999999999999999
"(8,)",1,1,1,177.82794100389228,1028.084564749441,59.437193824297744,0.9999999999999998
"(8,)",1,1,1,316.22776601683796,1083.019816894544,59.32037657442436,1.0
"(8,)",1,1,1,562.341325190349,1145.413680097023,59.24588876847991,0.9999999999999999
"(8,)",1,1,1,1000.0,1219.0693727288954,59.19653663397959,1.0
"(8,)",1,1,1,1778.2794100389228,1309.4266828559748,59.1625483990633,1.0
"(8,)",1,1,1,3162.2776601683795,1423.7020970142316,59.13840590851974,0.9999999999999999
"(8,)",1,1,1,5623.413251903491,1571.296428556646,59.12088534119802,0.9999999999999998
"(8,)",1,1,1,10000.0,1764.4746449959437,59.10799625840065,1.0
"(8,)",1,1,1,17782.794100389227,2019.3382414341309,59.09843652701764,1.0
"(8,)",1,1,1,31622.776601683792,2357.1464658910268,59.09131232413575,0.9999999999999998
"(8,)",1,1,1,56234.13251903491,2806.0802139036286,59.0859886869679,1.0
"(8,)",1,1,1,100000.0,3403.5884560305494,59.08200440748262,1.0
"(8,)",1,1,1,177827.94100389228,4199.51023310403,59.07901993154686,0.9999999999999999
"(8,)",1,1,1,316227.7660168379,5260.226828559005,59.076783269086405,0.9999999999999999
"(8,)",1,1,1,562341.3251903491,6674.1894913469105,59.07510658303408,1.0
"(8,)",1,1,1,1000000.0,8559.264471064227,59.07384946115682,0.9999999999999998
"(8,)",1,1,3,0.0,585.4621212566915,60.58419616736589,1.0
"(8,)",1,1,3,0.0001,585.4621212730792,60.584032291913566,1.0
"(8,)",1,1,3,0.00017782794100389227,585.4621213085126,60.58390475620152,0.9999999999999998
"(8,)",1,1,3,0.00031622776601683794,585.4621214205557,60.58367797326783,0.9999999999999999
"(8,)",1,1,3,0.0005623413251903491,585.4621217748361,60.58327472525122,1.0000000000000002
"(8,)",1,1,3,0.001,585.4621228949868,60.582557749544854,1.0
"(8,)",1,1,3,0.0017782794100389228,585.4621264362064,60.58128312027068,0.9999999999999999
"(8,)",1,1,3,0.0031622776601683794,585.4621376288544,60.57901759160947,0.9999999999999998
"(8,)",1,1,3,0.005623413251903491,585.4621729912604,60.57499238131549,0.9999999999999998
"(8,)",1,1,3,0.01,585.4622846382601,60.567845582702404,0.9999999999999999
"(8,)",1,1,3,0.01778279410038923,585.4626366954276,60.55517171767949,1.0
"(8,)",1,1,3,0.03162277660168379,585.4637443999804,60.532744498641684,0.9999999999999998
"(8,)",1,1,3,0.05623413251903491,585.4672161322103,60.49320821323772,0.9999999999999999
"(8,)",1,1,3,0.1,585.4780229685548,60.423974025119456,0.9999999999999998
"(8,)",1,1,3,0.1778279410038923,585.5112636784289,60.304136668055726,1.0
"(8,)",1,1,3,0.31622776601683794,585.6114329107548,60.10082161529539,0.9999999999999998
"(8,)",1,1,3,0.5623413251903491,585.9030765209786,59.767286252617225,1.0
"(8,)",1,1,3,1.0,586.7063811865014,59.249050013492884,1.0
"(8,)",1,1,3,1.7782794100389228,588.740757996334,58.50758674665751,1.0
"(8,)",1,1,3,3.1622776601683795,593.3272825558668,57.561713352641334,1.0
"(8,)",1,1,3,5.623413251903491,602.2840261768431,56.515359795690365,1.0
"(8,)",1,1,3,10.0,617.2337121219256,55.525730723536824,1.0
"(8,)",1,1,3,17.78279410038923,638.6160563098321,54.72399810062308,0.9999999999999999
"(8,)",1,1,3,31.622776601683793,665.1630392128372,54.16063355892133,0.9999999999999999
"(8,)",1,1,3,56.23413251903491,694.2712150615544,53.81133673502794,1.0
"(8,)",1,1,3,100.0,723.0084885582432,53.61653078400282,1.0
"(8,)",1,1,3,177.82794100389228,749.0811160054892,53.51678802311892,1.0
"(8,)",1,1,3,316.22776601683796,771.2636594698195,53.46894307402721,1.0
"(8,)",1,1,3,562.341325190349,789.2922703599942,53.447037494316746,1.0
"(8,)",1,1,3,1000.0,803.5142149931922,53.437309628494525,1.0
"(8,)",1,1,3,1778.2794100389228,814.5504274425615,53.43306254308983,1.0
"(8,)",1,1,3,3162.2776601683795,823.0740671392844,53.431218046851896,1.0
"(8,)",1,1,3,5623.413251903491,829.7014297968329,53.430412051844165,1.0
"(8,)",1,1,3,10000.0,834.9565192181449,53.43005311196057,1.0
"(8,)",1,1,3,17782.794100389227,839.2738400264582,53.429887629099916,0.9999999999999999
"(8,)",1,1,3,31622.776601683792,843.0173107347903,53.42980717877175,1.0
"(8,)",1,1,3,56234.13251903491,846.5039081603654,53.42976519400697,1.0
"(8,)",1,1,3,100000.0,850.0283092425193,53.42974141844193,1.0
"(8,)",1,1,3,177827.94100389228,853.8864580602469,53.42972682896819,0.9999999999999999
"(8,)",1,1,3,316227.7660168379,858.3996243600805,53.42971724531921,1.0
"(8,)",1,1,3,562341.3251903491,863.9390043861879,53.42971062733182,1.0
"(8,)",1,1,3,1000000.0,870.9365874747124,53.429705893235194,0.9999999999999999
"(4, 5)",2,-1,0.1,0.0,7925.090243640777,56.131302263501404,1.0
"(4, 5)",2,-1,0.1,0.0001,7925.090243641353,56.131296457417584,1.0
"(4, 5)",2,-1,0.1,0.00017782794100389227,7925.0902436425995,56.13129193867412,0.9999999999999998
"(4, 5)",2,-1,0.1,0.00031622776601683794,7925.090243646578,56.13128390310916,1.0
"(4, 5)",2,-1,0.1,0.0005623413251903491,7925.090243659125,56.13126961370229,1.0
"(4, 5)",2,-1,0.1,0.001,7925.090243698822,56.13124420337474,1.0
"(4, 5)",2,-1,0.1,0.0017782794100389228,7925.0902438243465,56.131199017441325,1.0
"(4, 5)",2,-1,0.1,0.0031622776601683794,7925.090244221315,56.13111866653296,1.0
"(4, 5)",2,-1,0.1,0.005623413251903491,7925.090245476574,56.13097578746069,1.0
"(4, 5)",2,-1,0.1,0.01,7925.090249445725,56.130721731609896,1.0000000000000002
"(4, 5)",2,-1,0.1,0.01778279410038923,7925.090261995263,56.13027002223173,1.0
"(4, 5)",2,-1,0.1,0.03162277660168379,7925.090301668827,56.12946698721145,1.0
"(4, 5)",2,-1,0.1,0.05623413251903491,7925.090427062222,56.12803969483061,1.0
"(4, 5)",2,-1,0.1,0.1,7925.090823222649,56.12550387012429,0.9999999999999999
"(4, 5)",2,-1,0.1,0.1778279410038923,7925.0920739241565,56.121001721404745,1.0
"(4, 5)",2,-1,0.1,0.31622776601683794,7925.096017408377,56.1130184942233,1.0
"(4, 5)",2,-1,0.1,0.5623413251903491,7925.108423157659,56.09889381894125,0.9999999999999999
"(4, 5)",2,-1,0.1,1.0,7925.147294868036,56.07400011000491,1.0
"(4, 5)",2,-1,0.1,1.7782794100389228,7925.26824765417,56.03042414003426,1.0
"(4, 5)",2,-1,0.1,3.1622776601683795,7925.640101544179,55.95503576381111,1.0
"(4, 5)",2,-1,0.1,5.623413251903491,7926.760352958319,55.827171154871856,1.0
"(4, 5)",2,-1,0.1,10.0,7930.0260271424395,55.617175919259324,0.9999999999999998
"(4, 5)",2,-1,0.1,17.78279410038923,7939.082920071417,55.288781689649284,1.0
"(4, 5)",2,-1,0.1,31.622776601683793,7962.556043357366,54.80848487115634,0.9999999999999998
"(4, 5)",2,-1,0.1,56.23413251903491,8018.812977101013,54.1587403720448,1.0
"(4, 5)",2,-1,0.1,100.0,8143.856301525598,53.343851525581435,1.0
"(4, 5)",2,-1,0.1,177.82794100389228,8403.070977552601,52.39070720343982,1.0
"(4, 5)",2,-1,0.1,316.22776601683796,8899.533614030468,51.359845938522,1.0
"(4, 5)",2,-1,0.1,562.341325190349,9764.536258839256,50.345051913212416,1.0
"(4, 5)",2,-1,0.1,1000.0,11137.43839108658,49.43555994857784,1.0
"(4, 5)",2,-1,0.1,1778.2794100389228,13163.154118955867,48.67872565773609,1.0
"(4, 5)",2,-1,0.1,3162.2776601683795,16014.523109760374,48.07862641876024,1.0
"(4, 5)",2,-1,0.1,5623.413251903491,19923.636431993546,47.61556224523009,1.0
"(4, 5)",2,-1,0.1,10000.0,25210.934630313393,47.26319669971633,0.9999999999999999
"(4, 5)",2,-1,0.1,17782.794100389227,32314.05103147605,46.99693556043386,1.0
"(4, 5)",2,-1,0.1,31622.776601683792,41823.65982016329,46.796454672058836,1.0000000000000002
"(4, 5)",2,-1,0.1,56234.13251903491,54532.02270073878,46.645784484153765,1.0
"(4, 5)",2,-1,0.1,100000.0,71498.67861621348,46.53266199665949,1.0
"(4, 5)",2,-1,0.1,177827.94100389228,94138.6050654286,46.44777596821508,1.0
"(4, 5)",2,-1,0.1,316227.7660168379,124340.12806837208,46.38409708163217,1.0000000000000002
"(4, 5)",2,-1,0.1,562341.3251903491,164622.34736330307,46.336334873315984,1.0
"(4, 5)",2,-1,0.1,1000000.0,218345.02671577467,46.30051406957605,0.9999999999999999
"(4, 5)",2,-1,1,0.0,120.66209349082708,7.487464299738134,1.0
"(4, 5)",2,-1,1,0.0001,120.66209349161784,7.487456392331535,1.0
"(4, 5)",2,-1,1,0.00017782794100389227,120.66209349332748,7.487450238380682,1.0000000000000002
"(4, 5)",2,-1,1,0.00031622776601683794,120.662093498734,7.48743929541327,0.9999999999999999
"(4, 5)",2,-1,1,0.0005623413251903491,120.66209351582901,7.487419837266885,1.0
"(4, 5)",2,-1,1,0.001,120.66209356988135,7.4873852400114815,1.0
"(4, 5)",2,-1,1,0.0017782794100389228,120.66209374076662,7.487323731490546,1.0
"(4, 5)",2,-1,1,0.0031622776601683794,120.66209428091166,7.487214399772753,1.0
"(4, 5)",2,-1,1,0.005623413251903491,120.66209598764515,7.4870201278768045,1.0
"(4, 5)",2,-1,1,0.01,120.66210137719618,7.48667513315318,1.0
"(4, 5)",2,-1,1,0.01778279410038923,120.66211837776106,7.486063133895602,1.0
"(4, 5)",2,-1,1,0.03162277660168379,120.6621718994318,7.48497954053925,1.0
"(4, 5)",2,-1,1,0.05623413251903491,120.66233981907136,7.483067376792585,1.0
"(4, 5)",2,-1,1,0.1,120.66286346550038,7.479712976917221,1.0
"(4, 5)",2,-1,1,0.1778279410038923,120.66447915661342,7.4738892268483,1.0000000000000002
"(4, 5)",2,-1,1,0.31622776601683794,120.66937336577679,7.463958317306079,1.0
"(4, 5)",2,-1,1,0.5623413251903491,120.68374235773707,7.447533033094879,1.0
"(4, 5)",2,-1,1,1.0,120.72381590366139,7.421697807095651,1.0
"(4, 5)",2,-1,1,1.7782794100389228,120.82698817057053,7.384126724846797,1.0
"(4, 5)",2,-1,1,3.1622776601683795,121.06388272570624,7.335314348195107,1.0
"(4, 5)",2,-1,1,5.623413251903491,121.53413135112223,7.280417290443009,0.9999999999999998
"(4, 5)",2,-1,1,10.0,122.32980910396539,7.22778006567682,1.0
"(4, 5)",2,-1,1,17.78279410038923,123.48842616030684,7.18438728609066,1.0
"(4, 5)",2,-1,1,31.622776601683793,124.98180084317201,7.152776638509042,0.9999999999999999
"(4, 5)",2,-1,1,56.23413251903491,126.75650821357452,7.1315925370987125,1.0
"(4, 5)",2,-1,1,100.0,128.79774414119635,7.117884653832942,0.9999999999999999
"(4, 5)",2,-1,1,177.82794100389228,131.16927094522373,7.108939679250113,1.0
"(4, 5)",2,-1,1,316.22776601683796,134.0162649075343,7.102911685511685,1.0
"(4, 5)",2,-1,1,562.341325190349,137.55612136186053,7.098703413745712,1.0
"(4, 5)",2,-1,1,1000.0,142.07864071815146,7.09568323968136,1.0
"(4, 5)",2,-1,1,1778.2794100389228,147.96064559644145,7.093475810457615,1.0
"(4, 5)",2,-1,1,3162.2776601683795,155.69355921550553,7.091844508031501,1.0
"(4, 5)",2,-1,1,5623.413251903491,165.92319620390657,7.090631245986305,0.9999999999999999
"(4, 5)",2,-1,1,10000.0,179.5033926140007,7.089725626205094,0.9999999999999999
"(4, 5)",2,-1,1,17782.794100389227,197.56726244555296,7.089048265206234,1.0
"(4, 5)",2,-1,1,31622.776601683792,221.62178731464908,7.088541053446836,1.0
"(4, 5)",2,-1,1,56234.13251903491,253.67356786331726,7.088161007895925,1.0
"(4, 5)",2,-1,1,100000.0,296.396222094289,7.087876144012085,1.0
"(4, 5)",2,-1,1,177827.94100389228,353.3534040261107,7.087662580690852,1.0
"(4, 5)",2,-1,1,316227.7660168379,429.29582966325444,7.08750245362032,1.0
"(4, 5)",2,-1,1,562341.3251903491,530.5575009283228,7.087382384337369,0.9999999999999998
"(4, 5)",2,-1,1,1000000.0,665.5828459507111,7.087292348349917,1.0
"(4, 5)",2,-1,3,0.0,95.49822697943301,7.6110706335700025,0.9999999999999999
"(4, 5)",2,-1,3,0.0001,95.49822698227412,7.611042222431416,1.0
"(4, 5)",2,-1,3,0.00017782794100389227,95.49822698841707,7.611020111691909,1.0
"(4, 5)",2,-1,3,0.00031622776601683794,95.49822700784173,7.610980794919925,1.0
"(4, 5)",2,-1,3,0.0005623413251903491,95.49822706926115,7.610910885988928,0.9999999999999999
"(4, 5)",2,-1,3,0.001,95.49822726344951,7.6107865913774395,1.0
"(4, 5)",2,-1,3,0.0017782794100389228,95.49822787732005,7.6105656335376715,1.0
"(4, 5)",2,-1,3,0.0031622776601683794,95.4982298173844,7.610172938532109,1.0
"(4, 5)",2,-1,3,0.005623413251903491,95.49823594586356,7.609475342829294,0.9999999999999999
"(4, 5)",2,-1,3,0.01,95.4982552891051,7.60823711291532,1.0
"(4, 5)",2,-1,3,0.01778279410038923,95.49831625215047,7.606042409221915,0.9999999999999999
"(4, 5)",2,-1,3,0.03162277660168379,95.49850788558237,7.602162277800649,0.9999999999999998
"(4, 5)",2,-1,3,0.05623413251903491,95.4991075018214,7.595333153920175,1.0
"(4, 5)",2,-1,3,0.1,95.50096852374499,7.583408445668084,0.9999999999999999
"(4, 5)",2,-1,3,0.1778279410038923,95.50666330732629,7.562871775334063,1.0
"(4, 5)",2,-1,3,0.31622776601683794,95.52366956703649,7.5283356850149845,0.9999999999999999
"(4, 5)",2,-1,3,0.5623413251903491,95.5724133630379,7.472539377530638,1.0
"(4, 5)",2,-1,3,1.0,95.70314558730988,7.388069221738869,1.0
"(4, 5)",2,-1,3,1.7782794100389228,96.02000776400729,7.272289119427825,1.0
"(4, 5)",2,-1,3,3.1622776601683795,96.68664660483543,7.1342623747621206,0.9999999999999999
"(4, 5)",2,-1,3,5.623413251903491,97.86195930809828,6.996167796363426,1.0
"(4, 5)",2,-1,3,10.0,99.56840930325811,6.882346811977896,1.0
"(4, 5)",2,-1,3,17.78279410038923,101.6210722880093,6.804686181893624,1.0
"(4, 5)",2,-1,3,31.622776601683793,103.71757912362723,6.759763206672278,1.0
"(4, 5)",2,-1,3,56.23413251903491,105.59880265587593,6.736974242891129,1.0
"(4, 5)",2,-1,3,100.0,107.1365912365753,6.72646086437634,1.0
"(4, 5)",2,-1,3,177.82794100389228,108.3203950112871,6.721899927796671,0.9999999999999998
"(4, 5)",2,-1,3,316.22776601683796,109.20180057738966,6.719988276611334,1.0
"(4, 5)",2,-1,3,562.341325190349,109.8486582886061,6.719199072530567,1.0
"(4, 5)",2,-1,3,1000.0,110.3222772498639,6.71887415881977,0.9999999999999999
"(4, 5)",2,-1,3,1778.2794100389228,110.67081040971989,6.71873975151236,1.0
"(4, 5)",2,-1,3,3162.2776601683795,110.9299242161064,6.718683593542658,1.0
"(4, 5)",2,-1,3,5623.413251903491,111.12555533915128,6.7186597714719145,1.0
"(4, 5)",2,-1,3,10000.0,111.27665817055119,6.718649437832912,1.0
"(4, 5)",2,-1,3,17782.794100389227,111.39738395696324,6.718644803875314,1.0
"(4, 5)",2,-1,3,31622.776601683792,111.4986910726436,6.718642623016966,1.0
"(4, 5)",2,-1,3,56234.13251903491,111.58953343823829,6.718641527101487,0.9999999999999998
"(4, 5)",2,-1,3,100000.0,111.67776629070828,6.718640930754599,1.0
"(4, 5)",2,-1,3,177827.94100389228,111.77089666614063,6.718640578018137,1.0
"(4, 5)",2,-1,3,316227.7660168379,111.87673162241882,6.718640353086613,0.9999999999999999
"(4, 5)",2,-1,3,562341.3251903491,112.0040454994032,6.71864020101425,1.0
"(4, 5)",2,-1,3,1000000.0,112.16278157104769,6.7186400936564254,1.0
"(4, 5)",2,0,0.1,0.0,4490.893341622531,31.993449524346726,1.0
"(4, 5)",2,0,0.1,0.0001,4490.893341622811,31.993446719949937,1.0
"(4, 5)",2,0,0.1,0.00017782794100389227,4490.893341623417,31.993444537352016,1.0
"(4, 5)",2,0,0.1,0.00031622776601683794,4490.893341625336,31.993440656095654,1.0
"(4, 5)",2,0,0.1,0.0005623413251903491,4490.893341631398,31.99343375417652,1.0
"(4, 5)",2,0,0.1,0.001,4490.89334165057,31.993421480759647,1.0
"(4, 5)",2,0,0.1,0.0017782794100389228,4490.893341711201,31.993399655586785,1.0000000000000002
"(4, 5)",2,0,0.1,0.0031622776601683794,4490.893341902936,31.993360845570464,1.0
"(4, 5)",2,0,0.1,0.005623413251903491,4490.89334250923,31.99329183443604,1.0
"(4, 5)",2,0,0.1,0.01,4490.893344426322,31.993169125746352,1.0
"(4, 5)",2,0,0.1,0.01778279410038923,4490.893350487616,31.992950954580444,1.0
"(4, 5)",2,0,0.1,0.03162277660168379,4490.893369648895,31.992563109102537,1.0
"(4, 5)",2,0,0.1,0.05623413251903491,4490.893430207029,31.99187380271165,1.0
"(4, 5)",2,0,0.1,0.1,4490.893621510788,31.99064925887264,1.0
"(4, 5)",2,0,0.1,0.1778279410038923,4490.894225355677,31.988475575442934,1.0
"(4, 5)",2,0,0.1,0.31622776601683794,4490.89612866088,31.98462243182836,1.0
"(4, 5)",2,0,0.1,0.5623413251903491,4490.902112731372,31.977808982541998,1.0
"(4, 5)",2,0,0.1,1.0,4490.920843505789,31.965812939277516,1.0
"(4, 5)",2,0,0.1,1.7782794100389228,4490.979018812014,31.944851723559346,0.9999999999999998
"(4, 5)",2,0,0.1,3.1622776601683795,4491.157292063158,31.908702385678783,1.0
"(4, 5)",2,0,0.1,5.623413251903491,4491.691320332153,31.847728675739532,0.9999999999999998
"(4, 5)",2,0,0.1,10.0,4493.23292119435,31.748541572501352,1.0
"(4, 5)",2,0,0.1,17.78279410038923,4497.438931492363,31.59589219236899,1.0
"(4, 5)",2,0,0.1,31.622776601683793,4508.063263578642,31.378189788467427,1.0
"(4, 5)",2,0,0.1,56.23413251903491,4532.641120046231,31.09380520763532,1.0
"(4, 5)",2,0,0.1,100.0,4585.265032455147,30.750305947792256,0.9999999999999998
"(4, 5)",2,0,0.1,177.82794100389228,4691.912540794342,30.357948952737278,1.0
"(4, 5)",2,0,0.1,316.22776601683796,4897.08631063869,29.93227149095782,1.0
"(4, 5)",2,0,0.1,562.341325190349,5264.344089767836,29.50210581998065,1.0
"(4, 5)",2,0,0.1,1000.0,5867.550296685319,29.10314225543829,1.0
"(4, 5)",2,0,0.1,1778.2794100389228,6782.939511532988,28.76151793323114,1.0
"(4, 5)",2,0,0.1,3162.2776601683795,8093.728968949641,28.485812143794494,1.0
"(4, 5)",2,0,0.1,5623.413251903491,9906.231319958913,28.271166419303437,1.0
"(4, 5)",2,0,0.1,10000.0,12367.367330915633,28.107167427262542,1.0
"(4, 5)",2,0,0.1,17782.794100389227,15679.686676625473,27.983011988840474,1.0
"(4, 5)",2,0,0.1,31622.776601683792,20117.996191351813,27.88944651426577,1.0
"(4, 5)",2,0,0.1,56234.13251903491,26051.718595462957,27.819097374995998,1.0
"(4, 5)",2,0,0.1,100000.0,33975.38419310951,27.766267984361914,1.0
"(4, 5)",2,0,0.1,177827.94100389228,44549.70591884409,27.72662083901392,1.0
"(4, 5)",2,0,0.1,316227.7660168379,58656.603901351235,27.696877005190355,1.0
"(4, 5)",2,0,0.1,562341.3251903491,77472.70096472249,27.674567005417806,1.0
"(4, 5)",2,0,0.1,1000000.0,102567.35488223462,27.657834626924654,1.0
"(4, 5)",2,0,1,0.0,129.9997604238526,7.6753381244214385,1.0
"(4, 5)",2,0,1,0.0001,129.99976042489916,7.6753276583785786,1.0
"(4, 5)",2,0,1,0.00017782794100389227,129.999760427162,7.675319513141219,0.9999999999999998
"(4, 5)",2,0,1,0.00031622776601683794,129.99976043431798,7.675305029212715,0.9999999999999998
"(4, 5)",2,0,1,0.0005623413251903491,129.999760456945,7.675279274572773,1.0
"(4, 5)",2,0,1,0.001,129.999760528489,7.675233481418935,0.9999999999999998
"(4, 5)",2,0,1,0.0017782794100389228,129.99976075467865,7.675152066707541,1.0
"(4, 5)",2,0,1,0.0031622776601683794,129.99976146965997,7.675007346478928,1.0
"(4, 5)",2,0,1,0.005623413251903491,129.9997637289812,7.674750176337106,1.0
"(4, 5)",2,0,1,0.01,129.99977086432676,7.674293433327071,0.9999999999999998
"(4, 5)",2,0,1,0.01778279410038923,129.9997933763714,7.673483037362625,1.0
"(4, 5)",2,0,1,0.03162277660168379,129.99986427531667,7.672047656352457,1.0
"(4, 5)",2,0,1,0.05623413251903491,130.00008685896918,7.669513108905992,1.0
"(4, 5)",2,0,1,0.1,130.00078177127952,7.6650619046771675,1.0
"(4, 5)",2,0,1,0.1778279410038923,130.00293027930357,7.657318542043937,1.0
"(4, 5)",2,0,1,0.31622776601683794,130.00946203590573,7.644067660855413,0.9999999999999998
"(4, 5)",2,0,1,0.5623413251903491,130.0287611321452,7.622014967475262,1.0
"(4, 5)",2,0,1,1.0,130.08318555349942,7.5869506907533735,0.9999999999999998
"(4, 5)",2,0,1,1.7782794100389228,130.22600370261387,7.535000469886964,1.0
"(4, 5)",2,0,1,3.1622776601683795,130.56447766886885,7.465386180659928,1.0
"(4, 5)",2,0,1,5.623413251903491,131.27030261817225,7.383218243170433,1.0
"(4, 5)",2,0,1,10.0,132.54951149190484,7.298905868157674,1.0
"(4, 5)",2,0,1,17.78279410038923,134.57019802921266,7.2235299248629925,1.0
"(4, 5)",2,0,1,31.622776601683793,137.38439509121693,7.164158997322737,0.9999999999999998
"(4, 5)",2,0,1,56.23413251903491,140.904214260135,7.122207679288146,0.9999999999999998
"(4, 5)",2,0,1,100.0,144.96713309073516,7.094891653704057,0.9999999999999998
"(4, 5)",2,0,1,177.82794100389228,149.4381572240964,7.07796204042273,0.9999999999999998
"(4, 5)",2,0,1,316.22776601683796,154.28060686622496,7.067650170915549,1.0
"(4, 5)",2,0,1,562.341325190349,159.58389199227625,7.061306201462376,1.0
"(4, 5)",2,0,1,1000.0,165.5677121166797,7.057287816069981,1.0
"(4, 5)",2,0,1,1778.2794100389228,172.582450358221,7.054643757820045,1.0
"(4, 5)",2,0,1,3162.2776601683795,181.11801626069436,7.052837537104797,1.0
"(4, 5)",2,0,1,5623.413251903491,191.82736375208097,7.051564774885397,1.0
"(4, 5)",2,0,1,10000.0,205.56807126638293,7.050647271222829,0.9999999999999998
"(4, 5)",2,0,1,17782.794100389227,223.4650801250042,7.049975643090365,1.0
"(4, 5)",2,0,1,31622.776601683792,246.9988162316332,7.0494791830790895,1.0
"(4, 5)",2,0,1,56234.13251903491,278.12509571025623,7.0491100118613845,1.0
"(4, 5)",2,0,1,100000.0,319.4361449392998,7.048834517286643,1.0
"(4, 5)",2,0,1,177827.94100389228,374.37539980736386,7.0486285018334565,0.9999999999999998
"(4, 5)",2,0,1,316227.7660168379,447.52403647670855,7.048474257766407,1.0
"(4, 5)",2,0,1,562341.3251903491,544.9820735324132,7.048358695246343,1.0
"(4, 5)",2,0,1,1000000.0,674.8762607310165,7.048272079293004,1.0
"(4, 5)",2,0,3,0.0,102.54896267362751,7.7783462999922595,1.0
"(4, 5)",2,0,3,0.0001,102.54896267680829,7.778314490630563,0.9999999999999998
"(4, 5)",2,0,3,0.00017782794100389227,102.54896268368607,7.778289735205348,1.0
"(4, 5)",2,0,3,0.00031622776601683794,102.54896270543428,7.778245715618945,1.0
"(4, 5)",2,0,3,0.0005623413251903491,102.5489627742004,7.77816744432577,1.0
"(4, 5)",2,0,3,0.001,102.548962991619,7.778028280855476,1.0
"(4, 5)",2,0,3,0.0017782794100389228,102.5489636789339,7.777780887586758,1.0
"(4, 5)",2,0,3,0.0031622776601683794,102.54896585115993,7.777341200564477,1.0
"(4, 5)",2,0,3,0.005623413251903491,102.54897271329881,7.776560095412353,1.0
"(4, 5)",2,0,3,0.01,102.54899437376653,7.775173537544903,1.0
"(4, 5)",2,0,3,0.01778279410038923,102.54906264877721,7.77271561769096,1.0
"(4, 5)",2,0,3,0.03162277660168379,102.54927731658641,7.768369152319676,1.0
"(4, 5)",2,0,3,0.05623413251903491,102.54994928314026,7.760716202841452,1.0
"(4, 5)",2,0,3,0.1,102.55203638171771,7.747343453168127,1.0
"(4, 5)",2,0,3,0.1778279410038923,102.55843124670011,7.724283879042593,0.9999999999999998
"(4, 5)",2,0,3,0.31622776601683794,102.57757201687704,7.685418282366535,1.0
"(4, 5)",2,0,3,0.5623413251903491,102.63265655674029,7.62237886879691,1.0
"(4, 5)",2,0,3,1.0,102.78145146641309,7.526278485119462,1.0
"(4, 5)",2,0,3,1.7782794100389228,103.14661389389798,7.392949106806383,0.9999999999999998
"(4, 5)",2,0,3,3.1622776601683795,103.93161411683396,7.23062695500955,1.0
"(4, 5)",2,0,3,5.623413251903491,105.36718971603737,7.062324204395865,1.0
"(4, 5)",2,0,3,10.0,107.57981476720259,6.915262882627704,1.0
"(4, 5)",2,0,3,17.78279410038923,110.49521622792447,6.805534607916387,0.9999999999999998
"(4, 5)",2,0,3,31.622776601683793,113.8740029125121,6.733631256324838,0.9999999999999998
"(4, 5)",2,0,3,56.23413251903491,117.42173137817991,6.691000022065972,1.0
"(4, 5)",2,0,3,100.0,120.87747790031702,6.667574917931427,1.0
"(4, 5)",2,0,3,177.82794100389228,124.05438302783166,6.655435455619064,1.0
"(4, 5)",2,0,3,316.22776601683796,126.84586565422526,6.64942572419843,1.0
"(4, 5)",2,0,3,562.341325190349,129.21345012230316,6.646555161260642,1.0
"(4, 5)",2,0,3,1000.0,131.16733871465118,6.645221483757794,1.0
"(4, 5)",2,0,3,1778.2794100389228,132.74701751128958,6.644614637956441,1.0
"(4, 5)",2,0,3,3162.2776601683795,134.00574967739905,6.644342567343122,1.0
"(4, 5)",2,0,3,5623.413251903491,135.0000455430625,6.644221679797659,0.9999999999999998
"(4, 5)",2,0,3,10000.0,135.78356094661282,6.64416811350415,1.0
"(4, 5)",2,0,3,17782.794100389227,136.4042697230784,6.644144261246167,1.0
"(4, 5)",2,0,3,31622.776601683792,136.90376383478792,6.6441334786177935,1.0
"(4, 5)",2,0,3,56234.13251903491,137.31780079524447,6.6441284613574405,1.0
"(4, 5)",2,0,3,100000.0,137.67750791115688,6.644126016533367,1.0
"(4, 5)",2,0,3,177827.94100389228,138.0109239857405,6.644124746314874,1.0
"(4, 5)",2,0,3,316227.7660168379,138.34471061559478,6.644124033739161,1.0
"(4, 5)",2,0,3,562341.3251903491,138.70593287141065,6.644123601203837,1.0
"(4, 5)",2,0,3,1000000.0,139.1237673362311,6.644123319772435,1.0
"(4, 5)",2,1,0.1,0.0,2481.2207286543685,17.641616957251163,0.9999999999999999
"(4, 5)",2,1,0.1,0.0001,2481.2207286545245,17.641615402391228,1.0
"(4, 5)",2,1,0.1,0.00017782794100389227,2481.2207286548587,17.64161419227926,1.0
"(4, 5)",2,1,0.1,0.00031622776601683794,2481.2207286559214,17.64161204036905,1.0
"(4, 5)",2,1,0.1,0.0005623413251903491,2481.220728659283,17.64160821369309,0.9999999999999999
"(4, 5)",2,1,0.1,0.001,2481.220728669914,17.64160140886257,1.0
"(4, 5)",2,1,0.1,0.0017782794100389228,2481.2207287035294,17.641589308189328,1.0
"(4, 5)",2,1,0.1,0.0031622776601683794,2481.220728809834,17.64156779049725,1.0
"(4, 5)",2,1,0.1,0.005623413251903491,2481.220729145984,17.641529528197445,0.9999999999999999
"(4, 5)",2,1,0.1,0.01,2481.2207302088877,17.641461493995674,1.0
"(4, 5)",2,1,0.1,0.01778279410038923,2481.2207335694898,17.641340531857598,1.0
"(4, 5)",2,1,0.1,0.03162277660168379,2481.2207441932105,17.641125495913403,1.0
"(4, 5)",2,1,0.1,0.05623413251903491,2481.2207777689136,17.64074331848427,1.0
"(4, 5)",2,1,0.1,0.1,2481.220883835094,17.640064384135542,1.0
"(4, 5)",2,1,0.1,0.1778279410038923,2481.221218631015,17.638859206658683,1.0
"(4, 5)",2,1,0.1,0.31622776601683794,2481.2222739057206,17.636722857859983,1.0
"(4, 5)",2,1,0.1,0.5623413251903491,2481.2255917645452,17.63294515333373,0.9999999999999999
"(4, 5)",2,1,0.1,1.0,2481.235977187886,17.626293860693135,1.0
"(4, 5)",2,1,0.1,1.7782794100389228,2481.268233889958,17.6146714298036,1.0
"(4, 5)",2,1,0.1,3.1622776601683795,2481.367086893018,17.594626584873566,1.0
"(4, 5)",2,1,0.1,5.623413251903491,2481.663233403328,17.560813658410698,0.9999999999999998
"(4, 5)",2,1,0.1,10.0,2482.5182598368724,17.505801452802267,1.0
"(4, 5)",2,1,0.1,17.78279410038923,2484.851620977543,17.421117553343425,1.0
"(4, 5)",2,1,0.1,31.622776601683793,2490.747656264394,17.30030445541111,1.0
"(4, 5)",2,1,0.1,56.23413251903491,2504.3919718004563,17.14243141081366,1.0
"(4, 5)",2,1,0.1,100.0,2533.6062632204025,16.951734337775658,0.9999999999999999
"(4, 5)",2,1,0.1,177.82794100389228,2592.760175373908,16.734092086400068,1.0
"(4, 5)",2,1,0.1,316.22776601683796,2706.3352874738657,16.49842823510311,1.0
"(4, 5)",2,1,0.1,562.341325190349,2909.0887264302182,16.260913581281667,1.0
"(4, 5)",2,1,0.1,1000.0,3241.2688384771086,16.041184754494243,1.0
"(4, 5)",2,1,0.1,1778.2794100389228,3744.505550255485,15.853364879068284,1.0
"(4, 5)",2,1,0.1,3162.2776601683795,4464.517211798389,15.701917173722359,1.0
"(4, 5)",2,1,0.1,5623.413251903491,5459.8539020892995,15.584043752744162,0.9999999999999999
"(4, 5)",2,1,0.1,10000.0,6811.348273994854,15.493986353967346,1.0
"(4, 5)",2,1,0.1,17782.794100389227,8630.319130523028,15.42580613343558,1.0
"(4, 5)",2,1,0.1,31622.776601683792,11067.726551288462,15.374422430637988,1.0
"(4, 5)",2,1,0.1,56234.13251903491,14326.475000233755,15.335787351190307,1.0
"(4, 5)",2,1,0.1,100000.0,18678.16988093726,15.306773362797733,1.0
"(4, 5)",2,1,0.1,177827.94100389228,24485.685929959036,15.284998804331517,1.0
"(4, 5)",2,1,0.1,316227.7660168379,32233.38741753468,15.26866310680334,0.9999999999999998
"(4, 5)",2,1,0.1,562341.3251903491,42567.50047241837,15.25641011391637,0.9999999999999999
"(4, 5)",2,1,0.1,1000000.0,56349.961831918634,15.247220412256517,1.0
"(4, 5)",2,1,1,0.0,95.14779463399397,5.325710904278231,1.0
"(4, 5)",2,1,1,0.0001,95.14779463486443,5.325702201095237,1.0
"(4, 5)",2,1,1,0.00017782794100389227,95.14779463674626,5.325695427800342,1.0
"(4, 5)",2,1,1,0.00031622776601683794,95.14779464269678,5.325683383450041,1.0
"(4, 5)",2,1,1,0.0005623413251903491,95.14779466151295,5.325661966686203,1.0
"(4, 5)",2,1,1,0.001,95.14779472100707,5.325623886300545,1.0
"(4, 5)",2,1,1,0.0017782794100389228,95.14779490910263,5.325556183291796,1.0
"(4, 5)",2,1,1,0.0031622776601683794,95.1477955036795,5.325435834436469,0.9999999999999999
"(4, 5)",2,1,1,0.005623413251903491,95.14779738258605,5.325221965922252,0.9999999999999998
"(4, 5)",2,1,1,0.01,95.14780331685151,5.3248421069804985,1.0
"(4, 5)",2,1,1,0.01778279410038923,95.14782204137803,5.32416805937026,1.0
"(4, 5)",2,1,1,0.03162277660168379,95.1478810225853,5.322973970859824,1.0
"(4, 5)",2,1,1,0.05623413251903491,95.14806624997084,5.320864836170596,1.0
"(4, 5)",2,1,1,0.1,95.14864485925644,5.317158722304236,0.9999999999999999
"(4, 5)",2,1,1,0.1778279410038923,95.1504355431586,5.310705348859609,1.0000000000000002
"(4, 5)",2,1,1,0.31622776601683794,95.15588873199555,5.299643630419359,0.9999999999999999
"(4, 5)",2,1,1,0.5623413251903491,95.1720475447808,5.281182332613707,0.9999999999999999
"(4, 5)",2,1,1,1.0,95.21783083563898,5.251693160884481,1.0
"(4, 5)",2,1,1,1.7782794100389228,95.33883166213523,5.2076961741438295,1.0
"(4, 5)",2,1,1,3.1622776601683795,95.62829394102987,5.148190351078717,1.0
"(4, 5)",2,1,1,5.623413251903491,96.2373672874781,5.077310776119591,1.0
"(4, 5)",2,1,1,10.0,97.3437236995944,5.0043796737481925,1.0
"(4, 5)",2,1,1,17.78279410038923,99.06959327390139,4.939934846280771,1.0
"(4, 5)",2,1,1,31.622776601683793,101.3978757843268,4.890717499944439,0.9999999999999999
"(4, 5)",2,1,1,56.23413251903491,104.16518239389757,4.857640064315267,0.9999999999999999
"(4, 5)",2,1,1,100.0,107.14611308507855,4.837523524655192,1.0
"(4, 5)",2,1,1,177.82794100389228,110.15214583368015,4.826088597905042,0.9999999999999999
"(4, 5)",2,1,1,316.22776601683796,113.08265857036174,4.819814277784957,1.0
"(4, 5)",2,1,1,562.341325190349,115.92972319231382,4.816388195279644,0.9999999999999999
"(4, 5)",2,1,1,1000.0,118.76248080303215,4.814474505505728,1.0
"(4, 5)",2,1,1,1778.2794100389228,121.71038237035964,4.813357403630268,0.9999999999999998
"(4, 5)",2,1,1,3162.2776601683795,124.95379307871849,4.81266812507799,1.0
"(4, 5)",2,1,1,5623.413251903491,128.72401213109595,4.8122186675586445,1.0
"(4, 5)",2,1,1,10000.0,133.31241889559763,4.811911658893833,0.9999999999999998
"(4, 5)",2,1,1,17782.794100389227,139.088308714029,4.811694625898007,1.0
"(4, 5)",2,1,1,31622.776601683792,146.5257237528183,4.811537606844851,1.0
"(4, 5)",2,1,1,56234.13251903491,156.24060542611096,4.8114223314564315,1.0
"(4, 5)",2,1,1,100000.0,169.0407774559166,4.811336947173803,0.9999999999999999
"(4, 5)",2,1,1,177827.94100389228,185.9924793555937,4.81127337057035,1.0
"(4, 5)",2,1,1,316227.7660168379,208.50879615068658,4.811225887409749,1.0
"(4, 5)",2,1,1,562341.3251903491,238.46713573549624,4.811190361622915,1.0
"(4, 5)",2,1,1,1000000.0,278.36527306292743,4.811163755451374,1.0000000000000002
"(4, 5)",2,1,3,0.0,82.8900062854789,5.660582475901479,1.0
"(4, 5)",2,1,3,0.0001,82.89000628809353,5.660556328986498,0.9999999999999999
"(4, 5)",2,1,3,0.00017782794100389227,82.89000629374698,5.660535980319347,1.0
"(4, 5)",2,1,3,0.00031622776601683794,82.89000631162362,5.660499796731497,1.0
"(4, 5)",2,1,3,0.0005623413251903491,82.89000636814879,5.660435458614511,1.0
"(4, 5)",2,1,3,0.001,82.89000654686457,5.660321067738863,1.0
"(4, 5)",2,1,3,0.0017782794100389228,82.89000711183063,5.660117712885332,1.0
"(4, 5)",2,1,3,0.0031622776601683794,82.8900088973833,5.659756293657847,1.0
"(4, 5)",2,1,3,0.005623413251903491,82.89001453802986,5.6591142289642775,1.0000000000000002
"(4, 5)",2,1,3,0.01,82.8900323429611,5.657974477156259,1.0
"(4, 5)",2,1,3,0.01778279410038923,82.89008846581949,5.655954039773883,0.9999999999999998
"(4, 5)",2,1,3,0.03162277660168379,82.89026492933151,5.652381117031551,1.0
"(4, 5)",2,1,3,0.05623413251903491,82.89081732960017,5.646089909830769,1.0
"(4, 5)",2,1,3,0.1,82.892533194358,5.635095832458982,1.0
"(4, 5)",2,1,3,0.1778279410038923,82.89779138226213,5.616135231491103,1.0
"(4, 5)",2,1,3,0.31622776601683794,82.91353454051237,5.5841691110976495,1.0
"(4, 5)",2,1,3,0.5623413251903491,82.95886857221171,5.53229026057756,0.9999999999999998
"(4, 5)",2,1,3,1.0,83.08148104079129,5.453106409968367,1.0
"(4, 5)",2,1,3,1.7782794100389228,83.38318757775426,5.342964822446003,1.0
"(4, 5)",2,1,3,3.1622776601683795,84.03515981255575,5.208193708332354,1.0
"(4, 5)",2,1,3,5.623413251903491,85.23827397427212,5.067218997626821,0.9999999999999998
"(4, 5)",2,1,3,10.0,87.11697565814278,4.942439535060338,0.9999999999999998
"(4, 5)",2,1,3,17.78279410038923,89.62955967248223,4.847938939914994,1.0
"(4, 5)",2,1,3,31.622776601683793,92.57833792917604,4.785217028956306,1.0
"(4, 5)",2,1,3,56.23413251903491,95.69467539541382,4.74777470658158,1.0
"(4, 5)",2,1,3,100.0,98.72763920133879,4.727211313399818,0.9999999999999999
"(4, 5)",2,1,3,177.82794100389228,101.49658577272132,4.716626053870469,1.0
"(4, 5)",2,1,3,316.22776601683796,103.90357362891898,4.711441151614505,0.9999999999999999
"(4, 5)",2,1,3,562.341325190349,105.91966849947597,4.708995252881805,0.9999999999999998
"(4, 5)",2,1,3,1000.0,107.56196506807015,4.707873565449534,1.0
"(4, 5)",2,1,3,1778.2794100389228,108.87229841275912,4.707369870997587,0.9999999999999999
"(4, 5)",2,1,3,3162.2776601683795,109.90186095924983,4.7071471782473555,1.0
"(4, 5)",2,1,3,5623.413251903491,110.70182639349309,4.707049832397468,1.0
"(4, 5)",2,1,3,10000.0,111.31852272253651,4.70700761911562,0.9999999999999999
"(4, 5)",2,1,3,17782.794100389227,111.79153730839813,4.7069894082887,1.0
"(4, 5)",2,1,3,31622.776601683792,112.15349709693157,4.706981571540625,0.9999999999999999
"(4, 5)",2,1,3,56234.13251903491,112.4306819405497,4.7069781970999625,1.0
"(4, 5)",2,1,3,100000.0,112.64398425148033,4.706976737295323,1.0
"(4, 5)",2,1,3,177827.94100389228,112.80991813133255,4.706976099037213,1.0
"(4, 5)",2,1,3,316227.7660168379,112.94159146002096,4.706975814441003,0.9999999999999999
"(4, 5)",2,1,3,562341.3251903491,113.0495151788606,4.706975683288421,0.9999999999999999
"(4, 5)",2,1,3,1000000.0,113.14214857723245,4.706975619697499,0.9999999999999999
"(4, 6)",2,-1,0.1,0.0,1858.433473961417,10.440456441119844,1.0
"(4, 6)",2,-1,0.1,0.0001,1858.4334739614387,10.440456239749736,1.0
"(4, 6)",2,-1,0.1,0.00017782794100389227,1858.4334739614812,10.440456083027636,1.0
"(4, 6)",2,-1,0.1,0.00031622776601683794,1858.4334739616177,10.440455804332162,1.0
"(4, 6)",2,-1,0.1,0.0005623413251903491,1858.433473962053,10.440455308734371,1.0
"(4, 6)",2,-1,0.1,0.001,1858.433473963428,10.440454427424994,1.0
"(4, 6)",2,-1,0.1,0.0017782794100389228,1858.4334739677818,10.440452860216919,1.0
"(4, 6)",2,-1,0.1,0.0031622776601683794,1858.4334739815492,10.440450073302872,1.0000000000000002
"(4, 6)",2,-1,0.1,0.005623413251903491,1858.4334740250845,10.440445117453592,1.0
"(4, 6)",2,-1,0.1,0.01,1858.4334741627615,10.440436304766795,1.0000000000000002
"(4, 6)",2,-1,0.1,0.01778279410038923,1858.4334745981234,10.440420633973163,1.0
"(4, 6)",2,-1,0.1,0.03162277660168379,1858.433475974783,10.440392768902107,1.0
"(4, 6)",2,-1,0.1,0.05623413251903491,1858.433480327632,10.440343223274303,1.0000000000000002
"(4, 6)",2,-1,0.1,0.1,1858.4334940894414,10.440255137067616,1.0
"(4, 6)",2,-1,0.1,0.1778279410038923,1858.433537590417,10.440098557593794,1.0
"(4, 6)",2,-1,0.1,0.31622776601683794,1858.4336750529656,10.439820312447518,1.0
"(4, 6)",2,-1,0.1,0.5623413251903491,1858.4341091891295,10.439326134936401,0.9999999999999999
"(4, 6)",2,-1,0.1,1.0,1858.435478929128,10.438449295928699,1.0
"(4, 6)",2,-1,0.1,1.7782794100389228,1858.4397931124722,10.436896109191126,1.0
"(4, 6)",2,-1,0.1,3.1622776601683795,1858.4533405497157,10.434152911729385,1.0
"(4, 6)",2,-1,0.1,5.623413251903491,1858.4956657981147,10.429332035345286,1.0
"(4, 6)",2,-1,0.1,10.0,1858.6267837438518,10.420929763884963,0.9999999999999998
"(4, 6)",2,-1,0.1,17.78279410038923,1859.0274601909105,10.406480005893318,1.0
"(4, 6)",2,-1,0.1,31.622776601683793,1860.2258329018898,10.38214790026095,1.0
"(4, 6)",2,-1,0.1,56.23413251903491,1863.691527106818,10.342502099591679,1.0000000000000002
"(4, 6)",2,-1,0.1,100.0,1873.2015401517565,10.281144527627097,1.0
"(4, 6)",2,-1,0.1,177.82794100389228,1897.3174547050146,10.19326795313892,0.9999999999999998
"(4, 6)",2,-1,0.1,316.22776601683796,1952.2574004093658,10.080055263907093,1.0
"(4, 6)",2,-1,0.1,562.341325190349,2062.713178649667,9.95127499458686,1.0
"(4, 6)",2,-1,0.1,1000.0,2259.104120984017,9.821793258169732,1.0
"(4, 6)",2,-1,0.1,1778.2794100389228,2573.6122324099106,9.704662434754491,0.9999999999999999
"(4, 6)",2,-1,0.1,3162.2776601683795,3038.8919302499066,9.606908372977667,0.9999999999999998
"(4, 6)",2,-1,0.1,5623.413251903491,3692.805323831102,9.529508162314356,1.0
"(4, 6)",2,-1,0.1,10000.0,4587.04307377455,9.469933106519917,1.0
"(4, 6)",2,-1,0.1,17782.794100389227,5794.223148169424,9.42468877134887,1.0
"(4, 6)",2,-1,0.1,31622.776601683792,7413.984730857327,9.390543542611667,1.0
"(4, 6)",2,-1,0.1,56234.13251903491,9580.8848077175,9.36485371368822,1.0000000000000002
"(4, 6)",2,-1,0.1,100000.0,12475.378836455207,9.345555488266688,1.0000000000000002
"(4, 6)",2,-1,0.1,177827.94100389228,16338.75049691392,9.331070333426757,0.9999999999999999
"(4, 6)",2,-1,0.1,316227.7660168379,21493.17446192514,9.320202487668032,1.0
"(4, 6)",2,-1,0.1,562341.3251903491,28368.5550172268,9.312050486075789,1.0
"(4, 6)",2,-1,0.1,1000000.0,37538.359245399,9.305936404144704,1.0
"(4, 6)",2,-1,1,0.0,67.67219689690091,3.4369602264235026,1.0
"(4, 6)",2,-1,1,0.0001,67.67219689731844,3.436956050433981,1.0
"(4, 6)",2,-1,1,0.00017782794100389227,67.67219689822146,3.4369528004092404,1.0
"(4, 6)",2,-1,1,0.00031622776601683794,67.6721969010767,3.436947021091442,1.0
"(4, 6)",2,-1,1,0.0005623413251903491,67.6721969101057,3.4369367442742162,1.0
"(4, 6)",2,-1,1,0.001,67.67219693865535,3.43691847056441,0.9999999999999999
"(4, 6)",2,-1,1,0.0017782794100389228,67.6721970289253,3.436885979047765,1.0
"(4, 6)",2,-1,1,0.0031622776601683794,67.6721973143156,3.436828213473591,0.9999999999999999
"(4, 6)",2,-1,1,0.005623413251903491,67.67219821641643,3.43672553256181,1.0
"(4, 6)",2,-1,1,0.01,67.67220106696072,3.436543071233383,1.0
"(4, 6)",2,-1,1,0.01778279410038923,67.67221006910945,3.4362190271589417,0.9999999999999999
"(4, 6)",2,-1,1,0.03162277660168379,67.67223846876307,3.435644120621604,1.0
"(4, 6)",2,-1,1,0.05623413251903491,67.67232789792146,3.4346259748524512,0.9999999999999998
"(4, 6)",2,-1,1,0.1,67.67260858883729,3.432828587918363,0.9999999999999999
"(4, 6)",2,-1,1,0.1778279410038923,67.67348454036888,3.42967330452554,0.9999999999999998
"(4, 6)",2,-1,1,0.31622776601683794,67.67619073577039,3.424188376863512,0.9999999999999999
"(4, 6)",2,-1,1,0.5623413251903491,67.68440695176318,3.414814471620436,1.0
"(4, 6)",2,-1,1,1.0,67.70862572306666,3.3992499018146156,0.9999999999999998
"(4, 6)",2,-1,1,1.7782794100389228,67.77663767946,3.3746028727145743,1.0
"(4, 6)",2,-1,1,3.1622776601683795,67.95376867148262,3.33835383884262,1.0
"(4, 6)",2,-1,1,5.623413251903491,68.36780420645245,3.290427057651856,1.0000000000000002
"(4, 6)",2,-1,1,10.0,69.20993681891386,3.2352137354894612,1.0
"(4, 6)",2,-1,1,17.78279410038923,70.6750325010054,3.180784096799811,1.0
"(4, 6)",2,-1,1,31.622776601683793,72.86519239093933,3.134710880299121,1.0
"(4, 6)",2,-1,1,56.23413251903491,75.74238354258304,3.100484323820356,1.0
"(4, 6)",2,-1,1,100.0,79.15934670906319,3.0775299317767035,1.0
"(4, 6)",2,-1,1,177.82794100389228,82.92533478598057,3.0632602845449797,1.0
"(4, 6)",2,-1,1,316.22776601683796,86.87080125138192,3.054837644252273,1.0
"(4, 6)",2,-1,1,562.341325190349,90.89368904536165,3.0500047285698852,1.0
"(4, 6)",2,-1,1,1000.0,94.98169097809179,3.047244061344721,1.0
"(4, 6)",2,-1,1,1778.2794100389228,99.21626216852289,3.045638198980516,1.0
"(4, 6)",2,-1,1,3162.2776601683795,103.76867439942711,3.044669393201977,1.0
"(4, 6)",2,-1,1,5623.413251903491,108.89727370454834,3.0440570581871627,1.0
"(4, 6)",2,-1,1,10000.0,114.9519863493678,3.0436513960064975,1.0
"(4, 6)",2,-1,1,17782.794100389227,122.38942129578875,3.0433716479185877,1.0000000000000002
"(4, 6)",2,-1,1,31622.776601683792,131.80054820867502,3.043172823637146,0.9999999999999999
"(4, 6)",2,-1,1,56234.13251903491,143.9528511537783,3.0430285632360206,1.0
"(4, 6)",2,-1,1,100000.0,159.84969328806162,3.0429224943266817,1.0
"(4, 6)",2,-1,1,177827.94100389228,180.81109116029992,3.042843867484229,0.9999999999999998
"(4, 6)",2,-1,1,316227.7660168379,208.58201065891623,3.0427852984528125,1.0
"(4, 6)",2,-1,1,562341.3251903491,245.4768035112868,3.042741545889586,1.0
"(4, 6)",2,-1,1,1000000.0,294.5714409818277,3.0427088076143267,0.9999999999999999
"(4, 6)",2,-1,3,0.0,59.67634884036778,3.393585495255727,1.0
"(4, 6)",2,-1,3,0.0001,59.67634884116049,3.3935775687403864,0.9999999999999998
"(4, 6)",2,-1,3,0.00017782794100389227,59.67634884287441,3.3935713998770907,1.0
"(4, 6)",2,-1,3,0.00031622776601683794,59.67634884829398,3.3935604303048508,1.0
"(4, 6)",2,-1,3,0.0005623413251903491,59.67634886543105,3.393540924574717,0.9999999999999998
"(4, 6)",2,-1,3,0.001,59.676348919617126,3.3935062418391864,1.0
"(4, 6)",2,-1,3,0.0017782794100389228,59.676349090932916,3.3934445785832446,0.9999999999999999
"(4, 6)",2,-1,3,0.0031622776601683794,59.676349632483195,3.393334963086045,0.9999999999999999
"(4, 6)",2,-1,3,0.005623413251903491,59.67635134390446,3.393140159342848,0.9999999999999999
"(4, 6)",2,-1,3,0.01,59.67635674965393,3.3927941330433873,0.9999999999999999
"(4, 6)",2,-1,3,0.01778279410038923,59.67637380913582,3.3921800293510516,1.0
"(4, 6)",2,-1,3,0.03162277660168379,59.67642756000533,3.3910918473052285,1.0
"(4, 6)",2,-1,3,0.05623413251903491,59.67659644182207,3.3891688881553326,1.0000000000000002
"(4, 6)",2,-1,3,0.1,59.677124428724696,3.385787183547254,1.0
"(4, 6)",2,-1,3,0.1778279410038923,59.67876078682242,3.379890464694413,1.0
"(4, 6)",2,-1,3,0.31622776601683794,59.68375605702549,3.369759024084058,0.9999999999999999
"(4, 6)",2,-1,3,0.5623413251903491,59.69861600469672,3.3527853922416133,1.0
"(4, 6)",2,-1,3,1.0,59.74096805850536,3.3255150094937727,0.9999999999999999
"(4, 6)",2,-1,3,1.7782794100389228,59.85377510764645,3.2845135228936484,1.0
"(4, 6)",2,-1,3,3.1622776601683795,60.12580916610657,3.228609823727403,1.0
"(4, 6)",2,-1,3,5.623413251903491,60.70091528691904,3.161690038266041,1.0
"(4, 6)",2,-1,3,10.0,61.74461290194627,3.092879508191169,1.0
"(4, 6)",2,-1,3,17.78279410038923,63.370086265969626,3.0321871429291387,1.0
"(4, 6)",2,-1,3,31.622776601683793,65.58272372103531,2.9854525854365797,1.0
"(4, 6)",2,-1,3,56.23413251903491,68.28028490800126,2.953258666196159,0.9999999999999999
"(4, 6)",2,-1,3,100.0,71.28656554454102,2.9330034158617386,1.0
"(4, 6)",2,-1,3,177.82794100389228,74.3950490068702,2.9211869144422056,1.0
"(4, 6)",2,-1,3,316.22776601683796,77.41241622430711,2.914718898085409,1.0
"(4, 6)",2,-1,3,562.341325190349,80.19049507251314,2.911362422765986,1.0
"(4, 6)",2,-1,3,1000.0,82.63932373657977,2.909695532540891,0.9999999999999999
"(4, 6)",2,-1,3,1778.2794100389228,84.72341086568987,2.9088966015510445,1.0
"(4, 6)",2,-1,3,3162.2776601683795,86.4486081983189,2.9085242675673464,1.0
"(4, 6)",2,-1,3,5623.413251903491,87.84679008023707,2.9083544311338096,1.0
"(4, 6)",2,-1,3,10000.0,88.96273915685994,2.908278158646369,1.0
"(4, 6)",2,-1,3,17782.794100389227,89.84486015637843,2.9082442436629985,1.0
"(4, 6)",2,-1,3,31622.776601683792,90.53960288580242,2.908229222786972,1.0
"(4, 6)",2,-1,3,56234.13251903491,91.08874305584024,2.908222548630119,1.0
"(4, 6)",2,-1,3,100000.0,91.52857886289955,2.908219545152306,0.9999999999999998
"(4, 6)",2,-1,3,177827.94100389228,91.89026277292288,2.908218158427082,1.0
"(4, 6)",2,-1,3,316227.7660168379,92.20077172698154,2.9082174905406704,1.0
"(4, 6)",2,-1,3,562341.3251903491,92.4841237366304,2.908217148784648,1.0
"(4, 6)",2,-1,3,1000000.0,92.76279101253665,2.9082169603014885,1.0000000000000002
"(4, 6)",2,0,0.1,0.0,5856.926807211441,45.38942992509323,1.0
"(4, 6)",2,0,0.1,0.0001,5856.926807211819,45.38942610184368,1.0
"(4, 6)",2,0,0.1,0.00017782794100389227,5856.9268072126515,45.3894231262954,1.0
"(4, 6)",2,0,0.1,0.00031622776601683794,5856.926807215261,45.38941783495539,1.0
"(4, 6)",2,0,0.1,0.0005623413251903491,5856.926807223526,45.389408425524685,1.0
"(4, 6)",2,0,0.1,0.001,5856.926807249661,45.38939169308681,1.0
"(4, 6)",2,0,0.1,0.0017782794100389228,5856.926807332321,45.389361938640484,1.0
"(4, 6)",2,0,0.1,0.0031622776601683794,5856.926807593713,45.38930902851359,1.0
"(4, 6)",2,0,0.1,0.005623413251903491,5856.926808420278,45.38921494455978,1.0
"(4, 6)",2,0,0.1,0.01,5856.92681103389,45.38904765292326,1.0
"(4, 6)",2,0,0.1,0.01778279410038923,5856.92681929747,45.38875021198685,1.0
"(4, 6)",2,0,0.1,0.03162277660168379,5856.926845421255,45.38822143800617,1.0
"(4, 6)",2,0,0.1,0.05623413251903491,5856.926927986745,45.387281632916356,1.0
"(4, 6)",2,0,0.1,0.1,5856.927188827545,45.38561198480026,1.0
"(4, 6)",2,0,0.1,0.1778279410038923,5856.9280122510045,45.38264789391494,1.0
"(4, 6)",2,0,0.1,0.31622776601683794,5856.930608147957,45.377392690823385,1.0
"(4, 6)",2,0,0.1,0.5623413251903491,5856.93877245336,45.368097009480444,1.0
"(4, 6)",2,0,0.1,1.0,5856.96434247213,45.35172135562238,1.0
"(4, 6)",2,0,0.1,1.7782794100389228,5857.043840408192,45.323079046842615,1.0
"(4, 6)",2,0,0.1,3.1622776601683795,5857.287882954172,45.27359835620653,1.0
"(4, 6)",2,0,0.1,5.623413251903491,5858.021092115876,45.189896922028055,1.0
"(4, 6)",2,0,0.1,10.0,5860.147819199134,45.05309936529126,1.0
"(4, 6)",2,0,0.1,17.78279410038923,5865.992063362262,44.841076103882635,0.9999999999999998
"(4, 6)",2,0,0.1,31.622776601683793,5880.894635646879,44.53585470234497,1.0
"(4, 6)",2,0,0.1,56.23413251903491,5915.703362027341,44.133256431704666,1.0
"(4, 6)",2,0,0.1,100.0,5990.62652104893,43.644243689972036,1.0
"(4, 6)",2,0,0.1,177.82794100389228,6141.996271909276,43.087164983627815,0.9999999999999998
"(4, 6)",2,0,0.1,316.22776601683796,6430.252431563837,42.48876768736095,0.9999999999999998
"(4, 6)",2,0,0.1,562.341325190349,6939.759577710697,41.891624993435535,1.0
"(4, 6)",2,0,0.1,1000.0,7766.636276658947,41.34442787279106,1.0
"(4, 6)",2,0,0.1,1778.2794100389228,9008.872578188337,40.88062699390031,1.0
"(4, 6)",2,0,0.1,3162.2776601683795,10775.074450290416,40.509032674517755,0.9999999999999998
"(4, 6)",2,0,0.1,5623.413251903491,13207.35645405975,40.220949420085546,1.0
"(4, 6)",2,0,0.1,10000.0,16503.260439653262,40.00131013543691,1.0
"(4, 6)",2,0,0.1,17782.794100389227,20934.47990316804,39.835209233142216,1.0
"(4, 6)",2,0,0.1,31622.776601683792,26868.8966847238,39.710101525267234,1.0
"(4, 6)",2,0,0.1,56234.13251903491,34800.58822832711,39.61606389001927,1.0
"(4, 6)",2,0,0.1,100000.0,45390.66324615008,39.54545636893017,1.0
"(4, 6)",2,0,0.1,177827.94100389228,59522.205075237434,39.49247166132869,1.0
"(4, 6)",2,0,0.1,316227.7660168379,78373.82822815794,39.45272364749331,1.0
"(4, 6)",2,0,0.1,562341.3251903491,103517.89320119213,39.42291055577305,1.0
"(4, 6)",2,0,0.1,1000000.0,137051.50558499087,39.400551192334454,1.0
"(4, 6)",2,0,1,0.0,184.01348099293511,11.114699901212939,1.0
"(4, 6)",2,0,1,0.0001,184.01348099442563,11.114684994779982,0.9999999999999998
"(4, 6)",2,0,1,0.00017782794100389227,184.01348099764888,11.114673393773431,1.0
"(4, 6)",2,0,1,0.00031622776601683794,184.01348100784062,11.114652764726893,1.0
"(4, 6)",2,0,1,0.0005623413251903491,184.0134810400678,11.114616082998923,0.9999999999999998
"(4, 6)",2,0,1,0.001,184.0134811419668,11.114550860481005,1.0
"(4, 6)",2,0,1,0.0017782794100389228,184.01348146412914,11.11443490141766,0.9999999999999998
"(4, 6)",2,0,1,0.0031622776601683794,184.01348248249917,11.114228772182033,1.0
"(4, 6)",2,0,1,0.005623413251903491,184.01348570063507,11.113862464457247,0.9999999999999998
"(4, 6)",2,0,1,0.01,184.01349586473944,11.113211848957867,1.0
"(4, 6)",2,0,1,0.01778279410038923,184.01352793615573,11.1120573391892,1.0
"(4, 6)",2,0,1,0.03162277660168379,184.01362896140805,11.11001206137064,1.0
"(4, 6)",2,0,1,0.05623413251903491,184.01394623728862,11.106399333148998,1.0
"(4, 6)",2,0,1,0.1,184.01493739723153,11.100050767758308,1.0
"(4, 6)",2,0,1,0.1778279410038923,184.0180051525722,11.088995070028059,1.0
"(4, 6)",2,0,1,0.31622776601683794,184.0273488548082,11.070041656305795,1.0
"(4, 6)",2,0,1,0.5623413251903491,184.05504169751137,11.03840316127037,0.9999999999999998
"(4, 6)",2,0,1,1.0,184.13352099428775,10.98785480466989,1.0
"(4, 6)",2,0,1,1.7782794100389228,184.34095018894988,10.912431620564208,1.0
"(4, 6)",2,0,1,3.1622776601683795,184.83714072449976,10.810427934762616,1.0
"(4, 6)",2,0,1,5.623413251903491,185.88217857488561,10.688826621216524,0.9999999999999998
"(4, 6)",2,0,1,10.0,187.79189514198725,10.562999948143935,1.0
"(4, 6)",2,0,1,17.78279410038923,190.8255909123844,10.449862054744846,1.0
"(4, 6)",2,0,1,31.622776601683793,195.07008394100757,10.360337346997495,1.0
"(4, 6)",2,0,1,56.23413251903491,200.41063930487994,10.296707206887646,1.0
"(4, 6)",2,0,1,100.0,206.62821731368405,10.25492469651329,1.0
"(4, 6)",2,0,1,177.82794100389228,213.54744326944794,10.22874042973118,1.0
"(4, 6)",2,0,1,316.22776601683796,221.14181326331814,10.21257925831337,1.0
"(4, 6)",2,0,1,562.341325190349,229.57864969778137,10.202493736470867,1.0
"(4, 6)",2,0,1,1000.0,239.23020130600017,10.196016358312812,0.9999999999999998
"(4, 6)",2,0,1,1778.2794100389228,250.67937307176192,10.191703020718165,1.0
"(4, 6)",2,0,1,3162.2776601683795,264.73865847146385,10.188729026322141,1.0
"(4, 6)",2,0,1,5623.413251903491,282.492300080526,10.186619609484332,1.0
"(4, 6)",2,0,1,10000.0,305.3675882386539,10.18509241036064,1.0
"(4, 6)",2,0,1,17782.794100389227,335.2407666180883,10.18397145769191,1.0
"(4, 6)",2,0,1,31622.776601683792,374.58497920760664,10.183141513252792,1.0
"(4, 6)",2,0,1,56234.13251903491,426.6712594530072,10.182523768060532,1.0
"(4, 6)",2,0,1,100000.0,495.83803667310934,10.182062518294183,1.0
"(4, 6)",2,0,1,177827.94100389228,587.8510901769664,10.181717484095232,1.0
"(4, 6)",2,0,1,316227.7660168379,710.3831167100328,10.181459109476352,1.0
"(4, 6)",2,0,1,562341.3251903491,873.652371593554,10.181265510011041,1.0
"(4, 6)",2,0,1,1000000.0,1091.2733415801035,10.181120395474439,1.0
"(4, 6)",2,0,3,0.0,138.9562100229759,11.58802320569687,1.0
"(4, 6)",2,0,3,0.0001,138.95621002994525,11.58795351298716,1.0
"(4, 6)",2,0,3,0.00017782794100389227,138.95621004501382,11.587899275408363,1.0
"(4, 6)",2,0,3,0.00031622776601683794,138.95621009266205,11.587802831937635,1.0
"(4, 6)",2,0,3,0.0005623413251903491,138.9562102433217,11.587631347783862,1.0
"(4, 6)",2,0,3,0.001,138.9562107196516,11.587326462013147,1.0000000000000002
"(4, 6)",2,0,3,0.0017782794100389228,138.95621222538952,11.58678448264841,1.0
"(4, 6)",2,0,3,0.0031622776601683794,138.9562169838638,11.585821300913056,1.0
"(4, 6)",2,0,3,0.005623413251903491,138.95623201414153,11.584110418073426,1.0
"(4, 6)",2,0,3,0.01,138.956279446774,11.581074058958448,0.9999999999999998
"(4, 6)",2,0,3,0.01778279410038923,138.9564288971283,11.575693677757323,1.0
"(4, 6)",2,0,3,0.03162277660168379,138.9568984592933,11.5661858700298,1.0
"(4, 6)",2,0,3,0.05623413251903491,138.95836646232618,11.549465727423643,0.9999999999999998
"(4, 6)",2,0,3,0.1,138.96291590241825,11.520312152984129,1.0
"(4, 6)",2,0,3,0.1778279410038923,138.97680125477498,11.470230920577231,1.0
"(4, 6)",2,0,3,0.31622776601683794,139.01808295985128,11.386375061706252,1.0
"(4, 6)",2,0,3,0.5623413251903491,139.1355321853851,11.251875621900632,1.0
"(4, 6)",2,0,3,1.0,139.4468475802354,11.050591610475903,1.0
"(4, 6)",2,0,3,1.7782794100389228,140.18850609499975,10.779338176566265,1.0
"(4, 6)",2,0,3,3.1622776601683795,141.71517633569815,10.462895098354158,1.0
"(4, 6)",2,0,3,5.623413251903491,144.35194907682532,10.152832538920032,1.0
"(4, 6)",2,0,3,10.0,148.15862919684747,9.899010678425812,1.0
"(4, 6)",2,0,3,17.78279410038923,152.87054270111793,9.721175646627175,1.0
"(4, 6)",2,0,3,31.622776601683793,158.07253137807598,9.610261419770808,1.0
"(4, 6)",2,0,3,56.23413251903491,163.36960457601276,9.546540640367594,1.0
"(4, 6)",2,0,3,100.0,168.44724209175948,9.512104011937497,1.0
"(4, 6)",2,0,3,177.82794100389228,173.08286855100337,9.494387196915897,1.0
"(4, 6)",2,0,3,316.22776601683796,177.14733143251314,9.485636608239478,1.0
"(4, 6)",2,0,3,562.341325190349,180.59540758330445,9.481456212628155,1.0
"(4, 6)",2,0,3,1000.0,183.44563521254003,9.47951092082378,1.0
"(4, 6)",2,0,3,1778.2794100389228,185.7566714967677,9.478623271139544,1.0
"(4, 6)",2,0,3,3162.2776601683795,187.60677352273566,9.47822348839427,1.0
"(4, 6)",2,0,3,5623.413251903491,189.07927708689377,9.47804454033544,1.0
"(4, 6)",2,0,3,10000.0,190.25403577378037,9.477964285139972,1.0
"(4, 6)",2,0,3,17782.794100389227,191.203491791007,9.477927842974893,1.0
"(4, 6)",2,0,3,31622.776601683792,191.99185780277597,9.477910855039307,0.9999999999999998
"(4, 6)",2,0,3,56234.13251903491,192.6761953094877,9.477902583403168,1.0
"(4, 6)",2,0,3,100000.0,193.30856393677536,9.477898299315894,1.0
"(4, 6)",2,0,3,177827.94100389228,193.93880406838318,9.477895906797025,1.0
"(4, 6)",2,0,3,316227.7660168379,194.61775571566622,9.477894462175064,1.0
"(4, 6)",2,0,3,562341.3251903491,195.40074728322855,9.477893526956045,0.9999999999999998
"(4, 6)",2,0,3,1000000.0,196.3511528616581,9.477892888115084,1.0
"(4, 6)",2,1,0.1,0.0,1429.9501896244271,11.156245989395815,1.0
"(4, 6)",2,1,0.1,0.0001,1429.9501896245106,11.15624515090614,1.0
"(4, 6)",2,1,0.1,0.00017782794100389227,1429.9501896246916,11.156244498328745,1.0
"(4, 6)",2,1,0.1,0.00031622776601683794,1429.9501896252646,11.156243337867423,1.0
"(4, 6)",2,1,0.1,0.0005623413251903491,1429.9501896270767,11.156241274254267,1.0
"(4, 6)",2,1,0.1,0.001,1429.9501896328104,11.156237604609311,1.0
"(4, 6)",2,1,0.1,0.0017782794100389228,1429.9501896509378,11.156231079068464,1.0
"(4, 6)",2,1,0.1,0.0031622776601683794,1429.9501897082657,11.156219475191962,1.0
"(4, 6)",2,1,0.1,0.005623413251903491,1429.9501898895435,11.15619884139055,1.0
"(4, 6)",2,1,0.1,0.01,1429.950190462742,11.156162152309625,1.0
"(4, 6)",2,1,0.1,0.01778279410038923,1429.9501922750408,11.156096920201149,1.0
"(4, 6)",2,1,0.1,0.03162277660168379,1429.950198004236,11.15598095509568,1.0
"(4, 6)",2,1,0.1,0.05623413251903491,1429.9502161113674,11.155774849895469,0.9999999999999999
"(4, 6)",2,1,0.1,0.1,1429.950273313912,11.15540869464281,0.9999999999999999
"(4, 6)",2,1,0.1,0.1778279410038923,1429.9504538829137,11.154758695858243,1.0
"(4, 6)",2,1,0.1,0.31622776601683794,1429.9510230924113,11.15360636764012,0.9999999999999999
"(4, 6)",2,1,0.1,0.5623413251903491,1429.9528130433675,11.151568355581992,1.0000000000000002
"(4, 6)",2,1,0.1,1.0,1429.9584175956159,11.14797901183927,1.0
"(4, 6)",2,1,0.1,1.7782794100389228,1429.9758342785415,11.141703786406163,1.0000000000000002
"(4, 6)",2,1,0.1,3.1622776601683795,1430.029255745392,11.130871824422762,1.0
"(4, 6)",2,1,0.1,5.623413251903491,1430.1895178314323,11.112575072393318,1.0
"(4, 6)",2,1,0.1,10.0,1430.6531197994002,11.08275001803062,1.0
"(4, 6)",2,1,0.1,17.78279410038923,1431.9209601393684,11.036740862768513,0.9999999999999998
"(4, 6)",2,1,0.1,31.622776601683793,1435.127036136562,10.971044844112296,1.0
"(4, 6)",2,1,0.1,56.23413251903491,1442.5194299884436,10.88548370429201,0.9999999999999999
"(4, 6)",2,1,0.1,100.0,1458.1851726020386,10.783161984293304,1.0000000000000002
"(4, 6)",2,1,0.1,177.82794100389228,1489.5028023531559,10.667875163278818,1.0
"(4, 6)",2,1,0.1,316.22776601683796,1549.3118033075273,10.543775199323079,1.0
"(4, 6)",2,1,0.1,562.341325190349,1656.7608668111636,10.4179693955442,0.9999999999999998
"(4, 6)",2,1,0.1,1000.0,1835.0103975228308,10.300134452595781,1.0
"(4, 6)",2,1,0.1,1778.2794100389228,2107.9298566577622,10.198314382310253,1.0
"(4, 6)",2,1,0.1,3162.2776601683795,2500.441409237209,10.1157641042776,1.0
"(4, 6)",2,1,0.1,5623.413251903491,3043.619117964704,10.051437592917098,1.0
"(4, 6)",2,1,0.1,10000.0,3780.7304663426453,10.002317881510878,0.9999999999999999
"(4, 6)",2,1,0.1,17782.794100389227,4771.976595898934,9.965161750547052,1.0
"(4, 6)",2,1,0.1,31622.776601683792,6099.348777166658,9.93717827128089,1.0000000000000002
"(4, 6)",2,1,0.1,56234.13251903491,7873.197779373999,9.916147497586566,0.9999999999999999
"(4, 6)",2,1,0.1,100000.0,10241.287219909023,9.90035860099047,1.0
"(4, 6)",2,1,0.1,177827.94100389228,13401.039854766212,9.888511426354775,1.0
"(4, 6)",2,1,0.1,316227.7660168379,17615.964785737466,9.879624405770507,1.0
"(4, 6)",2,1,0.1,562341.3251903491,23237.608935029046,9.8729589001896,0.9999999999999999
"(4, 6)",2,1,0.1,1000000.0,30734.847169317967,9.867959975731004,1.0
"(4, 6)",2,1,1,0.0,88.87333880369269,4.1341365184472245,1.0
"(4, 6)",2,1,1,0.0001,88.87333880405475,4.134132897925161,1.0
"(4, 6)",2,1,1,0.00017782794100389227,88.87333880483762,4.134130080194214,0.9999999999999999
"(4, 6)",2,1,1,0.00031622776601683794,88.87333880731327,4.134125069583139,1.0
"(4, 6)",2,1,1,0.0005623413251903491,88.87333881514132,4.1341161596386975,1.0
"(4, 6)",2,1,1,0.001,88.87333883989423,4.134100316286359,0.9999999999999999
"(4, 6)",2,1,1,0.0017782794100389228,88.87333891816012,4.134072145599177,1.0
"(4, 6)",2,1,1,0.0031622776601683794,88.87333916560628,4.134022060426262,0.9999999999999999
"(4, 6)",2,1,1,0.005623413251903491,88.87333994780921,4.133933027172301,1.0
"(4, 6)",2,1,1,0.01,88.8733424197203,4.133774802843703,0.9999999999999999
"(4, 6)",2,1,1,0.01778279410038923,88.8733502274344,4.133493756842137,1.0
"(4, 6)",2,1,1,0.03162277660168379,88.87337486625286,4.132994991258557,1.0
"(4, 6)",2,1,1,0.05623413251903491,88.87345249366584,4.132111234916223,1.0
"(4, 6)",2,1,1,0.1,88.87369637022132,4.130549671445127,1.0
"(4, 6)",2,1,1,0.1778279410038923,88.87445869091613,4.127803963325969,1.0
"(4, 6)",2,1,1,0.31622776601683794,88.8768206511655,4.12301753643682,0.9999999999999999
"(4, 6)",2,1,1,0.5623413251903491,88.88402782783263,4.114797236393497,1.0
"(4, 6)",2,1,1,1.0,88.90545485536617,4.10103361202383,1.0
"(4, 6)",2,1,1,1.7782794100389228,88.96648470095863,4.078934720130521,1.0
"(4, 6)",2,1,1,3.1622776601683795,89.12901489024951,4.045715346122058,1.0
"(4, 6)",2,1,1,5.623413251903491,89.52152155422947,4.000361801884578,1.0
"(4, 6)",2,1,1,10.0,90.35510664010202,3.9458331013993178,1.0
"(4, 6)",2,1,1,17.78279410038923,91.88048662866287,3.8893062753517493,1.0
"(4, 6)",2,1,1,31.622776601683793,94.28003535966322,3.838946684120071,1.0
"(4, 6)",2,1,1,56.23413251903491,97.57097408364564,3.799868171061416,1.0
"(4, 6)",2,1,1,100.0,101.5952987575565,3.772861953188806,1.0
"(4, 6)",2,1,1,177.82794100389228,106.09226240254776,3.755827727068704,1.0
"(4, 6)",2,1,1,316.22776601683796,110.79646142742864,3.745781061264735,1.0
"(4, 6)",2,1,1,562.341325190349,115.51238447860926,3.7401088890673444,1.0
"(4, 6)",2,1,1,1000.0,120.15045901977308,3.736970724714942,0.9999999999999999
"(4, 6)",2,1,1,1778.2794100389228,124.73273930971172,3.735228565447713,0.9999999999999999
"(4, 6)",2,1,1,3162.2776601683795,129.38331431090614,3.7342360135631965,0.9999999999999998
"(4, 6)",2,1,1,5623.413251903491,134.31665531822247,3.7336453385682837,1.0
"(4, 6)",2,1,1,10000.0,139.83238171303515,3.7332749108029235,1.0
"(4, 6)",2,1,1,17782.794100389227,146.32067571114862,3.7330304281113666,1.0
"(4, 6)",2,1,1,31622.776601683792,154.28015143548149,3.732862066826485,1.0
"(4, 6)",2,1,1,56234.13251903491,164.34927187423176,3.7327424423345588,1.0
"(4, 6)",2,1,1,100000.0,177.35294052566806,3.732655635889632,1.0
"(4, 6)",2,1,1,177827.94100389228,194.36708219598185,3.732591796864348,1.0
"(4, 6)",2,1,1,316227.7660168379,216.8057878210078,3.7325444652429933,1.0
"(4, 6)",2,1,1,562341.3251903491,246.53761589291037,3.732509203069637,1.0000000000000002
"(4, 6)",2,1,1,1000000.0,286.040246855652,3.7324828587426504,1.0
"(4, 6)",2,1,3,0.0,82.94443200125214,3.98101181829311,1.0
"(4, 6)",2,1,3,0.0001,82.94443200174595,3.981006879739137,1.0
"(4, 6)",2,1,3,0.00017782794100389227,82.94443200281381,3.9810030362623543,1.0
"(4, 6)",2,1,3,0.00031622776601683794,82.94443200619058,3.9809962016993246,1.0
"(4, 6)",2,1,3,0.0005623413251903491,82.9444320168679,3.9809840486088293,1.0
"(4, 6)",2,1,3,0.001,82.94443205062932,3.9809624391437066,1.0
"(4, 6)",2,1,3,0.0017782794100389228,82.94443215737253,3.980924018196601,1.0
"(4, 6)",2,1,3,0.0031622776601683794,82.9444324948165,3.980855716258268,0.9999999999999999
"(4, 6)",2,1,3,0.005623413251903491,82.94443356130196,3.9807343234468067,1.0
"(4, 6)",2,1,3,0.01,82.94443693042562,3.980518665077122,1.0
"(4, 6)",2,1,3,0.01778279410038923,82.94444756546548,3.980135832957819,1.0
"(4, 6)",2,1,3,0.03162277660168379,82.94448108967437,3.9794571563114034,1.0
"(4, 6)",2,1,3,0.05623413251903491,82.94458650685306,3.9782568895009858,1.0
"(4, 6)",2,1,3,0.1,82.94491656033907,3.9761431089465664,1.0
"(4, 6)",2,1,3,0.1778279410038923,82.94594213224033,3.9724479568351985,1.0
"(4, 6)",2,1,3,0.31622776601683794,82.94908737004464,3.9660704911097975,1.0
"(4, 6)",2,1,3,0.5623413251903491,82.95852110884466,3.9553001006008204,0.9999999999999998
"(4, 6)",2,1,3,1.0,82.98580280066555,3.9377485649214923,0.9999999999999998
"(4, 6)",2,1,3,1.7782794100389228,83.06034236760662,3.9106965457672778,1.0
"(4, 6)",2,1,3,3.1622776601683795,83.2479581727284,3.872236947008518,1.0
"(4, 6)",2,1,3,5.623413251903491,83.67199518319126,3.823081229750962,1.0000000000000002
"(4, 6)",2,1,3,10.0,84.51578394275258,3.7677230072712278,0.9999999999999999
"(4, 6)",2,1,3,17.78279410038923,85.97948264403239,3.713360503250802,1.0
"(4, 6)",2,1,3,31.622776601683793,88.19354796785461,3.6668186572897548,0.9999999999999999
"(4, 6)",2,1,3,56.23413251903491,91.14120311957959,3.6317705005561876,1.0
"(4, 6)",2,1,3,100.0,94.64890646572998,3.6081993963282013,1.0
"(4, 6)",2,1,3,177.82794100389228,98.4468681722906,3.5937882843720237,1.0
"(4, 6)",2,1,3,316.22776601683796,102.2527749099041,3.5856402332732875,1.0
"(4, 6)",2,1,3,562.341325190349,105.83552464623611,3.5813153792863566,1.0
"(4, 6)",2,1,3,1000.0,109.04385109303333,3.579132888772152,1.0
"(4, 6)",2,1,3,1778.2794100389228,111.80566017512494,3.578074642570893,1.0
"(4, 6)",2,1,3,3162.2776601683795,114.111167028767,3.577577235585665,1.0
"(4, 6)",2,1,3,5623.413251903491,115.99144273192206,3.5773488983091117,0.9999999999999999
"(4, 6)",2,1,3,10000.0,117.49938626178644,3.577245854395289,0.9999999999999999
"(4, 6)",2,1,3,17782.794100389227,118.69587746969941,3.5771998601708344,1.0
"(4, 6)",2,1,3,31622.776601683792,119.64118506449658,3.5771794247126154,1.0
"(4, 6)",2,1,3,56234.13251903491,120.39053482896612,3.577170318450761,1.0
"(4, 6)",2,1,3,100000.0,120.99251540288698,3.5771662083620335,0.9999999999999999
"(4, 6)",2,1,3,177827.94100389228,121.48923369998664,3.577164304241152,1.0
"(4, 6)",2,1,3,316227.7660168379,121.9174144481315,3.577163383343194,1.0
"(4, 6)",2,1,3,562341.3251903491,122.310027149712,3.5771629098416087,1.0
"(4, 6)",2,1,3,1000000.0,122.6980910432747,3.5771626473458755,1.0
"(4, 7)",2,-1,0.1,0.0,9119.007304259601,74.9497295762223,1.0
"(4, 7)",2,-1,0.1,0.0001,9119.007304259938,74.94972621112319,1.0
"(4, 7)",2,-1,0.1,0.00017782794100389227,9119.007304260658,74.94972359213884,0.9999999999999999
"(4, 7)",2,-1,0.1,0.00031622776601683794,9119.007304262956,74.94971893485821,1.0
"(4, 7)",2,-1,0.1,0.0005623413251903491,9119.007304270228,74.94971065292528,1.0
"(4, 7)",2,-1,0.1,0.001,9119.00730429323,74.94969592537693,1.0
"(4, 7)",2,-1,0.1,0.0017782794100389228,9119.007304365978,74.94966973581624,1.0
"(4, 7)",2,-1,0.1,0.0031622776601683794,9119.00730459604,74.94962316388829,1.0
"(4, 7)",2,-1,0.1,0.005623413251903491,9119.007305323594,74.94954034734349,1.0
"(4, 7)",2,-1,0.1,0.01,9119.007307624302,74.94939308067413,1.0
"(4, 7)",2,-1,0.1,0.01778279410038923,9119.00731489954,74.94913121294437,1.0
"(4, 7)",2,-1,0.1,0.03162277660168379,9119.007337903908,74.94866558181312,0.9999999999999999
"(4, 7)",2,-1,0.1,0.05623413251903491,9119.00741063826,74.94783769506687,0.9999999999999999
"(4, 7)",2,-1,0.1,0.1,9119.00764057652,74.94636590943958,1.0
"(4, 7)",2,-1,0.1,0.1778279410038923,9119.008367320528,74.94375001683039,1.0
"(4, 7)",2,-1,0.1,0.31622776601683794,9119.010663322242,74.93910250316452,0.9999999999999999
"(4, 7)",2,-1,0.1,0.5623413251903491,9119.01791176587,74.93085140964003,0.9999999999999999
"(4, 7)",2,-1,0.1,1.0,9119.040765305595,74.9162211212789,1.0000000000000002
"(4, 7)",2,-1,0.1,1.7782794100389228,9119.112654752129,74.89033765540391,1.0
"(4, 7)",2,-1,0.1,3.1622776601683795,9119.337881948411,74.84472556190103,1.0
"(4, 7)",2,-1,0.1,5.623413251903491,9120.038539222862,74.76489989741042,1.0
"(4, 7)",2,-1,0.1,10.0,9122.191726961071,74.62685357642434,1.0
"(4, 7)",2,-1,0.1,17.78279410038923,9128.67283490703,74.3929115160789,1.0
"(4, 7)",2,-1,0.1,31.622776601683793,9147.524413255072,74.00951254645213,0.9999999999999999
"(4, 7)",2,-1,0.1,56.23413251903491,9199.462322089003,73.41370293312458,0.9999999999999998
"(4, 7)",2,-1,0.1,100.0,9331.431949386419,72.55859205605749,1.0000000000000002
"(4, 7)",2,-1,0.1,177.82794100389228,9631.80665071589,71.45773873797201,0.9999999999999999
"(4, 7)",2,-1,0.1,316.22776601683796,10231.689783975447,70.21339400256775,1.0
"(4, 7)",2,-1,0.1,562.341325190349,11282.862610725888,68.97990940878681,0.9999999999999998
"(4, 7)",2,-1,0.1,1000.0,12934.522151144301,67.88505559633543,1.0
"(4, 7)",2,-1,0.1,1778.2794100389228,15338.564162233371,66.98630270150535,1.0
"(4, 7)",2,-1,0.1,3162.2776601683795,18684.45869919632,66.28181151744792,1.0
"(4, 7)",2,-1,0.1,5623.413251903491,23239.245503650636,65.74212746296291,1.0
"(4, 7)",2,-1,0.1,10000.0,29376.430746921727,65.33306866781334,1.0
"(4, 7)",2,-1,0.1,17782.794100389227,37604.82056786139,65.02460509940849,0.9999999999999999
"(4, 7)",2,-1,0.1,31622.776601683792,48609.14511839365,64.79260398227912,0.9999999999999999
"(4, 7)",2,-1,0.1,56234.13251903491,63306.44028475332,64.6183494028594,1.0
"(4, 7)",2,-1,0.1,100000.0,82922.19290998888,64.48756292249624,0.9999999999999999
"(4, 7)",2,-1,0.1,177827.94100389228,109092.36579944196,64.38943987332026,1.0
"(4, 7)",2,-1,0.1,316227.7660168379,143999.7543006116,64.31583840540848,1.0
"(4, 7)",2,-1,0.1,562341.3251903491,190555.92474773896,64.26063687598945,1.0
"(4, 7)",2,-1,0.1,1000000.0,252643.73942651178,64.2192379226568,1.0
"(4, 7)",2,-1,1,0.0,165.54247433907454,10.48894675392789,1.0
"(4, 7)",2,-1,1,0.0001,165.54247434045908,10.488932907956933,0.9999999999999999
"(4, 7)",2,-1,1,0.00017782794100389227,165.54247434345297,10.488922132300331,1.0
"(4, 7)",2,-1,1,0.00031622776601683794,165.54247435291953,10.4889029709869,1.0
"(4, 7)",2,-1,1,0.0005623413251903491,165.54247438285324,10.488868899394244,1.0
"(4, 7)",2,-1,1,0.001,165.5424744775002,10.488808318728843,1.0
"(4, 7)",2,-1,1,0.0017782794100389228,165.54247477672624,10.488700615132451,1.0
"(4, 7)",2,-1,1,0.0031622776601683794,165.54247572254977,10.488509169443864,1.0
"(4, 7)",2,-1,1,0.005623413251903491,165.54247871118918,10.488168982697834,1.0
"(4, 7)",2,-1,1,0.01,165.54248814908146,10.487564847612887,1.0
"(4, 7)",2,-1,1,0.01778279410038923,165.5425179213297,10.486493087260328,1.0
"(4, 7)",2,-1,1,0.03162277660168379,165.54261166106508,10.484595255358608,1.0
"(4, 7)",2,-1,1,0.05623413251903491,165.54290581617397,10.481245637294274,0.9999999999999999
"(4, 7)",2,-1,1,0.1,165.54382341961974,10.475367719761687,1.0
"(4, 7)",2,-1,1,0.1778279410038923,165.54665626115613,10.4651570933542,1.0
"(4, 7)",2,-1,1,0.31622776601683794,165.55524579110946,10.447728932180294,0.9999999999999998
"(4, 7)",2,-1,1,0.5623413251903491,165.58050486662182,10.418857794729886,1.0
"(4, 7)",2,-1,1,1.0,165.65113180422333,10.373331543079853,1.0
"(4, 7)",2,-1,1,1.7782794100389228,165.83366746295957,10.306873656992218,0.9999999999999998
"(4, 7)",2,-1,1,3.1622776601683795,166.25503153567496,10.22007625938491,0.9999999999999999
"(4, 7)",2,-1,1,5.623413251903491,167.09762352203686,10.121752545515456,1.0
"(4, 7)",2,-1,1,10.0,168.54039133036719,10.026379270879913,1.0
"(4, 7)",2,-1,1,17.78279410038923,170.68994763754034,9.945991638556158,0.9999999999999999
"(4, 7)",2,-1,1,31.622776601683793,173.57270649210153,9.885110219218497,1.0
"(4, 7)",2,-1,1,56.23413251903491,177.17274211265683,9.842237919897117,1.0
"(4, 7)",2,-1,1,100.0,181.47458438733952,9.813384434870283,1.0
"(4, 7)",2,-1,1,177.82794100389228,186.51123630074883,9.794378721767742,1.0
"(4, 7)",2,-1,1,316.22776601683796,192.41235164573135,9.781862360050072,1.0
"(4, 7)",2,-1,1,562.341325190349,199.44020359576038,9.773488660923904,1.0
"(4, 7)",2,-1,1,1000.0,208.01522859678104,9.76775018102438,1.0
"(4, 7)",2,-1,1,1778.2794100389228,218.74151162860863,9.763718169859597,1.0
"(4, 7)",2,-1,1,3162.2776601683795,232.4430897999254,9.760824426621621,1.0
"(4, 7)",2,-1,1,5623.413251903491,250.21962389399806,9.75871450441467,0.9999999999999999
"(4, 7)",2,-1,1,10000.0,273.52817498737124,9.757159407595989,1.0
"(4, 7)",2,-1,1,17782.794100389227,304.2979436067311,9.756005275034989,1.0
"(4, 7)",2,-1,1,31622.776601683792,345.0868807287895,9.75514505990811,1.0
"(4, 7)",2,-1,1,56234.13251903491,399.29238456368665,9.754502270109537,1.0
"(4, 7)",2,-1,1,100000.0,471.4330955616766,9.754021227082251,1.0
"(4, 7)",2,-1,1,177827.94100389228,567.5248097004749,9.753660915429677,0.9999999999999999
"(4, 7)",2,-1,1,316227.7660168379,695.5815832485695,9.753390898400166,1.0
"(4, 7)",2,-1,1,562341.3251903491,866.2833528974844,9.753188489427783,1.0
"(4, 7)",2,-1,1,1000000.0,1093.864975764006,9.753036734973593,1.0
"(4, 7)",2,-1,3,0.0,123.4837883418913,11.021637739617663,1.0
"(4, 7)",2,-1,3,0.0001,123.48378834857726,11.02157087789184,1.0
"(4, 7)",2,-1,3,0.00017782794100389227,123.48378836303387,11.021518843546724,0.9999999999999998
"(4, 7)",2,-1,3,0.00031622776601683794,123.4837884087465,11.021426317905942,0.9999999999999999
"(4, 7)",2,-1,3,0.0005623413251903491,123.48378855328565,11.021261800320797,1.0
"(4, 7)",2,-1,3,0.001,123.48378901026291,11.020969301703476,1.0
"(4, 7)",2,-1,3,0.0017782794100389228,123.48379045481379,11.020449345883739,1.0
"(4, 7)",2,-1,3,0.0031622776601683794,123.4837950198669,11.019525314653082,1.0
"(4, 7)",2,-1,3,0.005623413251903491,123.48380943887825,11.01788400965546,0.9999999999999999
"(4, 7)",2,-1,3,0.01,123.48385494067712,11.014971244564496,1.0
"(4, 7)",2,-1,3,0.01778279410038923,123.48399829731991,11.009810222809131,0.9999999999999999
"(4, 7)",2,-1,3,0.03162277660168379,123.48444865733241,11.000691158699683,0.9999999999999999
"(4, 7)",2,-1,3,0.05623413251903491,123.48585631629982,10.984658110998673,1.0
"(4, 7)",2,-1,3,0.1,123.490217029231,10.956713289480277,1.0
"(4, 7)",2,-1,3,0.1778279410038923,123.5035170680943,10.908741183813717,1.0
"(4, 7)",2,-1,3,0.31622776601683794,123.54300958824791,10.828513860935727,1.0
"(4, 7)",2,-1,3,0.5623413251903491,123.65512114772856,10.700110212076334,1.0000000000000002
"(4, 7)",2,-1,3,1.0,123.95112319051793,10.508682143817708,0.9999999999999999
"(4, 7)",2,-1,3,1.7782794100389228,124.65133379593442,10.252477467638318,1.0
"(4, 7)",2,-1,3,3.1622776601683795,126.07427351833309,9.957300207820161,1.0
"(4, 7)",2,-1,3,5.623413251903491,128.47541747062806,9.674538468589082,1.0
"(4, 7)",2,-1,3,10.0,131.80663102921665,9.451888907861646,0.9999999999999999
"(4, 7)",2,-1,3,17.78279410038923,135.68835214113298,9.304891640054405,1.0
"(4, 7)",2,-1,3,31.622776601683793,139.6571963401651,9.21994002753432,0.9999999999999999
"(4, 7)",2,-1,3,56.23413251903491,143.38837582609963,9.174891587006394,1.0
"(4, 7)",2,-1,3,100.0,146.72597816083393,9.152189918917617,1.0
"(4, 7)",2,-1,3,177.82794100389228,149.61768651767838,9.14111501531173,1.0
"(4, 7)",2,-1,3,316.22776601683796,152.06108727230384,9.13584682949885,1.0
"(4, 7)",2,-1,3,562.341325190349,154.08072959098365,9.133395700421845,0.9999999999999999
"(4, 7)",2,-1,3,1000.0,155.7187078792913,9.132276898402303,1.0
"(4, 7)",2,-1,3,1778.2794100389228,157.02731449854116,9.131773957373449,1.0
"(4, 7)",2,-1,3,3162.2776601683795,158.06209243601168,9.13155023357196,1.0
"(4, 7)",2,-1,3,5623.413251903491,158.876524619141,9.131451207081215,1.0
"(4, 7)",2,-1,3,10000.0,159.51897139307655,9.131407292824356,1.0
"(4, 7)",2,-1,3,17782.794100389227,160.03156452548083,9.131387605041501,1.0
"(4, 7)",2,-1,3,31622.776601683792,160.45043570581956,9.13137857115968,1.0
"(4, 7)",2,-1,3,56234.13251903491,160.8067270944234,9.131374259844815,1.0
"(4, 7)",2,-1,3,100000.0,161.1279811220602,9.131372080497448,0.9999999999999998
"(4, 7)",2,-1,3,177827.94100389228,161.43973089258674,9.131370895302396,0.9999999999999999
"(4, 7)",2,-1,3,316227.7660168379,161.76719605271833,9.131370197292584,1.0
"(4, 7)",2,-1,3,562341.3251903491,162.13702104353308,9.131369754649432,1.0
"(4, 7)",2,-1,3,1000000.0,162.57877261449025,9.13136945677156,1.0
"(4, 7)",2,0,0.1,0.0,5856.92680721144,45.389429925093225,1.0
"(4, 7)",2,0,0.1,0.0001,5856.926807211819,45.389426101843696,1.0
"(4, 7)",2,0,0.1,0.00017782794100389227,5856.926807212642,45.38942312629537,1.0
"(4, 7)",2,0,0.1,0.00031622776601683794,5856.92680721526,45.389417834955374,0.9999999999999998
"(4, 7)",2,0,0.1,0.0005623413251903491,5856.926807223526,45.389408425524664,1.0
"(4, 7)",2,0,0.1,0.001,5856.9268072496625,45.38939169308683,1.0
"(4, 7)",2,0,0.1,0.0017782794100389228,5856.926807332317,45.38936193864046,1.0
"(4, 7)",2,0,0.1,0.0031622776601683794,5856.926807593713,45.3893090285136,1.0
"(4, 7)",2,0,0.1,0.005623413251903491,5856.926808420281,45.389214944559775,1.0
"(4, 7)",2,0,0.1,0.01,5856.92681103389,45.389047652923274,1.0
"(4, 7)",2,0,0.1,0.01778279410038923,5856.926819297472,45.38875021198686,1.0
"(4, 7)",2,0,0.1,0.03162277660168379,5856.926845421252,45.38822143800619,1.0
"(4, 7)",2,0,0.1,0.05623413251903491,5856.92692798675,45.38728163291638,1.0
"(4, 7)",2,0,0.1,0.1,5856.9271888275425,45.385611984800256,1.0
"(4, 7)",2,0,0.1,0.1778279410038923,5856.928012251004,45.38264789391495,1.0
"(4, 7)",2,0,0.1,0.31622776601683794,5856.930608147955,45.377392690823385,1.0
"(4, 7)",2,0,0.1,0.5623413251903491,5856.938772453353,45.36809700948043,1.0
"(4, 7)",2,0,0.1,1.0,5856.964342472128,45.35172135562236,1.0
"(4, 7)",2,0,0.1,1.7782794100389228,5857.0438404081915,45.323079046842565,0.9999999999999998
"(4, 7)",2,0,0.1,3.1622776601683795,5857.2878829541705,45.27359835620653,1.0
"(4, 7)",2,0,0.1,5.623413251903491,5858.021092115877,45.189896922028055,1.0
"(4, 7)",2,0,0.1,10.0,5860.14781919913,45.05309936529124,0.9999999999999998
"(4, 7)",2,0,0.1,17.78279410038923,5865.992063362267,44.84107610388266,0.9999999999999999
"(4, 7)",2,0,0.1,31.622776601683793,5880.894635646874,44.535854702344984,1.0
"(4, 7)",2,0,0.1,56.23413251903491,5915.703362027342,44.133256431704694,1.0
"(4, 7)",2,0,0.1,100.0,5990.626521048928,43.644243689971994,1.0
"(4, 7)",2,0,0.1,177.82794100389228,6141.996271909272,43.08716498362782,1.0
"(4, 7)",2,0,0.1,316.22776601683796,6430.25243156384,42.48876768736098,1.0
"(4, 7)",2,0,0.1,562.341325190349,6939.759577710695,41.89162499343554,1.0
"(4, 7)",2,0,0.1,1000.0,7766.636276658936,41.344427872791044,0.9999999999999998
"(4, 7)",2,0,0.1,1778.2794100389228,9008.872578188328,40.88062699390027,0.9999999999999998
"(4, 7)",2,0,0.1,3162.2776601683795,10775.074450290414,40.509032674517776,1.0
"(4, 7)",2,0,0.1,5623.413251903491,13207.35645405976,40.22094942008557,1.0
"(4, 7)",2,0,0.1,10000.0,16503.26043965326,40.00131013543692,1.0
"(4, 7)",2,0,0.1,17782.794100389227,20934.479903175485,39.83520923314199,1.0
"(4, 7)",2,0,0.1,31622.776601683792,26868.896684699834,39.71010152526762,1.0
"(4, 7)",2,0,0.1,56234.13251903491,34800.5882278819,39.61606389002324,1.0
"(4, 7)",2,0,0.1,100000.0,45390.66324643763,39.5454563689287,1.0
"(4, 7)",2,0,0.1,177827.94100389228,59522.205071930286,39.49247166133792,1.0
"(4, 7)",2,0,0.1,316227.7660168379,78373.82822807092,39.45272364749345,1.0
"(4, 7)",2,0,0.1,562341.3251903491,103517.89320135905,39.42291055577295,1.0
"(4, 7)",2,0,0.1,1000000.0,137051.5055849762,39.40055119233448,1.0
"(4, 7)",2,0,1,0.0,184.01348099293514,11.114699901212935,1.0
"(4, 7)",2,0,1,0.0001,184.01348099442575,11.114684994779989,0.9999999999999998
"(4, 7)",2,0,1,0.00017782794100389227,184.01348099764874,11.114673393773437,1.0
"(4, 7)",2,0,1,0.00031622776601683794,184.01348100784054,11.114652764726888,1.0
"(4, 7)",2,0,1,0.0005623413251903491,184.01348104006794,11.114616082998932,1.0
"(4, 7)",2,0,1,0.001,184.0134811419669,11.114550860481012,1.0
"(4, 7)",2,0,1,0.0017782794100389228,184.01348146412928,11.114434901417663,0.9999999999999998
"(4, 7)",2,0,1,0.0031622776601683794,184.0134824824991,11.114228772182026,1.0
"(4, 7)",2,0,1,0.005623413251903491,184.01348570063504,11.113862464457236,1.0
"(4, 7)",2,0,1,0.01,184.01349586473938,11.113211848957866,1.0
"(4, 7)",2,0,1,0.01778279410038923,184.01352793615567,11.112057339189201,1.0
"(4, 7)",2,0,1,0.03162277660168379,184.0136289614082,11.110012061370655,1.0
"(4, 7)",2,0,1,0.05623413251903491,184.01394623728845,11.106399333148987,1.0
"(4, 7)",2,0,1,0.1,184.01493739723162,11.10005076775831,1.0
"(4, 7)",2,0,1,0.1778279410038923,184.01800515257196,11.088995070028048,1.0
"(4, 7)",2,0,1,0.31622776601683794,184.0273488548082,11.070041656305788,1.0
"(4, 7)",2,0,1,0.5623413251903491,184.05504169751146,11.038403161270372,1.0
"(4, 7)",2,0,1,1.0,184.13352099428795,10.98785480466989,1.0
"(4, 7)",2,0,1,1.7782794100389228,184.34095018894962,10.912431620564194,1.0
"(4, 7)",2,0,1,3.1622776601683795,184.83714072449936,10.81042793476261,0.9999999999999999
"(4, 7)",2,0,1,5.623413251903491,185.88217857488547,10.688826621216519,1.0
"(4, 7)",2,0,1,10.0,187.79189514198714,10.562999948143942,1.0
"(4, 7)",2,0,1,17.78279410038923,190.82559091238454,10.449862054744852,1.0
"(4, 7)",2,0,1,31.622776601683793,195.07008394100757,10.360337346997499,1.0
"(4, 7)",2,0,1,56.23413251903491,200.41063930487982,10.296707206887643,1.0
"(4, 7)",2,0,1,100.0,206.62821731368405,10.254924696513296,1.0
"(4, 7)",2,0,1,177.82794100389228,213.54744326944774,10.22874042973118,0.9999999999999998
"(4, 7)",2,0,1,316.22776601683796,221.141813263318,10.212579258313369,1.0
"(4, 7)",2,0,1,562.341325190349,229.57864969778183,10.202493736470867,1.0
"(4, 7)",2,0,1,1000.0,239.23020133008836,10.19601635830076,1.0
"(4, 7)",2,0,1,1778.2794100389228,250.67937310701106,10.191703020708255,1.0
"(4, 7)",2,0,1,3162.2776601683795,264.7386584986144,10.188729026317855,0.9999999999999998
"(4, 7)",2,0,1,5623.413251903491,282.49230102785094,10.186619609400145,1.0
"(4, 7)",2,0,1,10000.0,305.36758794972394,10.18509241037501,0.9999999999999998
"(4, 7)",2,0,1,17782.794100389227,335.2407654742751,10.183971457724041,0.9999999999999998
"(4, 7)",2,0,1,31622.776601683792,374.5849812080718,10.18314151322131,1.0000000000000002
"(4, 7)",2,0,1,56234.13251903491,426.67125945350284,10.182523768060523,1.0
"(4, 7)",2,0,1,100000.0,495.8380366945392,10.182062518293689,1.0
"(4, 7)",2,0,1,177827.94100389228,587.851090178035,10.18171748409525,1.0
"(4, 7)",2,0,1,316227.7660168379,710.3831167100719,10.181459109476357,1.0
"(4, 7)",2,0,1,562341.3251903491,873.6523715794341,10.181265510010983,1.0
"(4, 7)",2,0,1,1000000.0,1091.2733415150758,10.181120395474352,1.0
"(4, 7)",2,0,3,0.0,138.95621002297608,11.588023205696889,1.0
"(4, 7)",2,0,3,0.0001,138.95621002994514,11.58795351298716,0.9999999999999998
"(4, 7)",2,0,3,0.00017782794100389227,138.95621004501388,11.587899275408368,1.0
"(4, 7)",2,0,3,0.00031622776601683794,138.95621009266213,11.587802831937648,1.0
"(4, 7)",2,0,3,0.0005623413251903491,138.95621024332183,11.587631347783862,1.0
"(4, 7)",2,0,3,0.001,138.9562107196515,11.58732646201314,0.9999999999999998
"(4, 7)",2,0,3,0.0017782794100389228,138.95621222538935,11.586784482648396,1.0
"(4, 7)",2,0,3,0.0031622776601683794,138.95621698386375,11.585821300913056,1.0
"(4, 7)",2,0,3,0.005623413251903491,138.95623201414162,11.584110418073424,1.0
"(4, 7)",2,0,3,0.01,138.95627944677415,11.581074058958453,1.0
"(4, 7)",2,0,3,0.01778279410038923,138.95642889712846,11.575693677757334,1.0
"(4, 7)",2,0,3,0.03162277660168379,138.9568984592933,11.566185870029802,1.0
"(4, 7)",2,0,3,0.05623413251903491,138.95836646232627,11.549465727423646,0.9999999999999998
"(4, 7)",2,0,3,0.1,138.96291590241825,11.520312152984122,1.0
"(4, 7)",2,0,3,0.1778279410038923,138.97680125477495,11.470230920577233,0.9999999999999998
"(4, 7)",2,0,3,0.31622776601683794,139.01808295985117,11.386375061706254,1.0
"(4, 7)",2,0,3,0.5623413251903491,139.13553218538502,11.251875621900636,1.0
"(4, 7)",2,0,3,1.0,139.44684758023539,11.050591610475898,1.0
"(4, 7)",2,0,3,1.7782794100389228,140.1885060949996,10.779338176566249,1.0
"(4, 7)",2,0,3,3.1622776601683795,141.71517633569837,10.46289509835417,1.0
"(4, 7)",2,0,3,5.623413251903491,144.35194907682543,10.152832538920041,1.0
"(4, 7)",2,0,3,10.0,148.15862919684747,9.899010678425809,1.0
"(4, 7)",2,0,3,17.78279410038923,152.870542701118,9.721175646627177,1.0
"(4, 7)",2,0,3,31.622776601683793,158.07253137807606,9.61026141977081,0.9999999999999998
"(4, 7)",2,0,3,56.23413251903491,163.3696045760126,9.546540640367583,1.0
"(4, 7)",2,0,3,100.0,168.44724209175837,9.512104011937495,1.0
"(4, 7)",2,0,3,177.82794100389228,173.0828685510044,9.494387196915897,1.0
"(4, 7)",2,0,3,316.22776601683796,177.14733143231115,9.485636608239796,0.9999999999999998
"(4, 7)",2,0,3,562.341325190349,180.59540757986477,9.481456212631217,1.0
"(4, 7)",2,0,3,1000.0,183.4456352088059,9.479510920825666,0.9999999999999998
"(4, 7)",2,0,3,1778.2794100389228,185.75667148601931,9.478623271142595,1.0
"(4, 7)",2,0,3,3162.2776601683795,187.6067734831491,9.478223488400563,1.0
"(4, 7)",2,0,3,5623.413251903491,189.07927707753132,9.478044540335576,1.0
"(4, 7)",2,0,3,10000.0,190.2540357784206,9.477964285139796,1.0
"(4, 7)",2,0,3,17782.794100389227,191.2034917475328,9.477927842972694,1.0
"(4, 7)",2,0,3,31622.776601683792,191.99185796437362,9.477910855045202,1.0
"(4, 7)",2,0,3,56234.13251903491,192.67619530958973,9.47790258340314,1.0
"(4, 7)",2,0,3,100000.0,193.30856344895247,9.477898299341641,1.0
"(4, 7)",2,0,3,177827.94100389228,193.93880406964195,9.477895906796999,1.0
"(4, 7)",2,0,3,316227.7660168379,194.6177557003799,9.47789446217503,0.9999999999999998
"(4, 7)",2,0,3,562341.3251903491,195.40077869251098,9.477893527065072,1.0
"(4, 7)",2,0,3,1000000.0,196.3511320572524,9.477892888087947,1.0
"(4, 7)",2,1,0.1,0.0,3008.853212467744,21.691173359249913,1.0
"(4, 7)",2,1,0.1,0.0001,3008.853212467997,21.69117082946161,0.9999999999999999
"(4, 7)",2,1,0.1,0.00017782794100389227,3008.853212468545,21.691168860585922,1.0
"(4, 7)",2,1,0.1,0.00031622776601683794,3008.853212470274,21.691165359387767,1.0
"(4, 7)",2,1,0.1,0.0005623413251903491,3008.8532124757435,21.6911591333199,1.0
"(4, 7)",2,1,0.1,0.001,3008.8532124930352,21.691148061760323,1.0
"(4, 7)",2,1,0.1,0.0017782794100389228,3008.8532125477313,21.691128373840996,1.0
"(4, 7)",2,1,0.1,0.0031622776601683794,3008.853212720689,21.691093364507328,1.0
"(4, 7)",2,1,0.1,0.005623413251903491,3008.853213267605,21.691031112202488,1.0
"(4, 7)",2,1,0.1,0.01,3008.853214996913,21.690920423086737,1.0
"(4, 7)",2,1,0.1,0.01778279410038923,3008.853220464334,21.690723627618997,0.9999999999999999
"(4, 7)",2,1,0.1,0.03162277660168379,3008.853237747371,21.690373798960813,1.0
"(4, 7)",2,1,0.1,0.05623413251903491,3008.853292364574,21.689752112421708,1.0
"(4, 7)",2,1,0.1,0.1,3008.853464873694,21.68864786385426,0.9999999999999999
"(4, 7)",2,1,0.1,0.1778279410038923,3008.8540092414537,21.686688250717296,0.9999999999999999
"(4, 7)",2,1,0.1,0.31622776601683794,3008.855724223137,21.683216258039728,1.0
"(4, 7)",2,1,0.1,0.5623413251903491,3008.861111439678,21.677082070232082,0.9999999999999998
"(4, 7)",2,1,0.1,1.0,3008.877947636959,21.666298418407024,0.9999999999999998
"(4, 7)",2,1,0.1,1.7782794100389228,3008.9300941794245,21.64750640673939,1.0
"(4, 7)",2,1,0.1,3.1622776601683795,3009.089116416166,21.615251540626055,1.0
"(4, 7)",2,1,0.1,5.623413251903491,3009.561441238228,21.56129620487081,1.0
"(4, 7)",2,1,0.1,10.0,3010.9050738096466,21.474772666799062,1.0
"(4, 7)",2,1,0.1,17.78279410038923,3014.4816632802545,21.344781515112466,0.9999999999999999
"(4, 7)",2,1,0.1,31.622776601683793,3023.1649071691318,21.16645154354451,1.0
"(4, 7)",2,1,0.1,56.23413251903491,3042.1121937991566,20.946517864521933,0.9999999999999999
"(4, 7)",2,1,0.1,100.0,3079.826787242523,20.699450749837723,1.0
"(4, 7)",2,1,0.1,177.82794100389228,3151.1801708239873,20.436189420443487,1.0
"(4, 7)",2,1,0.1,316.22776601683796,3282.551352241547,20.163238961992775,1.0
"(4, 7)",2,1,0.1,562.341325190349,3513.74341466766,19.892350020950918,1.0
"(4, 7)",2,1,0.1,1000.0,3892.991286871059,19.64154644807895,1.0
"(4, 7)",2,1,0.1,1778.2794100389228,4470.914761359305,19.425913793246565,1.0
"(4, 7)",2,1,0.1,3162.2776601683795,5301.867962411153,19.251162675983707,0.9999999999999998
"(4, 7)",2,1,0.1,5623.413251903491,6453.664607069937,19.114772093094384,1.0
"(4, 7)",2,1,0.1,10000.0,8019.466733382201,19.010437978692483,1.0000000000000002
"(4, 7)",2,1,0.1,17782.794100389227,10127.932004448217,18.93140789674324,0.9999999999999999
"(4, 7)",2,1,0.1,31622.776601683792,12953.87187019498,18.871833827576502,1.0
"(4, 7)",2,1,0.1,56234.13251903491,16732.44097195387,18.827035990636507,1.0
"(4, 7)",2,1,0.1,100000.0,21778.518873209996,18.793392397217257,1.0
"(4, 7)",2,1,0.1,177827.94100389228,28512.854574705892,18.768142854665154,1.0
"(4, 7)",2,1,0.1,316227.7660168379,37497.0951964075,18.749199966353228,1.0
"(4, 7)",2,1,0.1,562341.3251903491,49480.59502070883,18.734991311540103,1.0
"(4, 7)",2,1,0.1,1000000.0,65462.84816023988,18.72433484313602,1.0
"(4, 7)",2,1,1,0.0,130.3108761901509,7.544798576845984,1.0000000000000002
"(4, 7)",2,1,1,0.0001,130.31087619151162,7.544784971314602,0.9999999999999999
"(4, 7)",2,1,1,0.00017782794100389227,130.3108761944533,7.544774382719906,1.0
"(4, 7)",2,1,1,0.00031622776601683794,130.31087620375578,7.5447555539104965,1.0
"(4, 7)",2,1,1,0.0005623413251903491,130.31087623317097,7.544722073146616,1.0
"(4, 7)",2,1,1,0.001,130.31087632617906,7.544662541697304,1.0
"(4, 7)",2,1,1,0.0017782794100389228,130.31087662023552,7.544556699340619,1.0
"(4, 7)",2,1,1,0.0031622776601683794,130.3108775497837,7.54436854904795,0.9999999999999998
"(4, 7)",2,1,1,0.005623413251903491,130.31088048736387,7.544034176933869,1.0
"(4, 7)",2,1,1,0.01,130.3108897660905,7.543440238334672,1.0
"(4, 7)",2,1,1,0.01778279410038923,130.3109190478916,7.54238615811771,0.9999999999999999
"(4, 7)",2,1,1,0.03162277660168379,130.31101130859605,7.540518347466964,0.9999999999999999
"(4, 7)",2,1,1,0.05623413251903491,130.31130118552264,7.537217687263473,1.0
"(4, 7)",2,1,1,0.1,130.3122074503105,7.531413151517732,1.0
"(4, 7)",2,1,1,0.1778279410038923,130.31501623822265,7.521291524607624,1.0
"(4, 7)",2,1,1,0.31622776601683794,130.32359124684706,7.503899738883411,1.0
"(4, 7)",2,1,1,0.5623413251903491,130.34910721659733,7.474754945889448,1.0
"(4, 7)",2,1,1,1.0,130.42189125147343,7.427892277777414,1.0
"(4, 7)",2,1,1,1.7782794100389228,130.61621294889093,7.357274453190754,1.0
"(4, 7)",2,1,1,3.1622776601683795,131.08753770796937,7.260452920666736,1.0
"(4, 7)",2,1,1,5.623413251903491,132.0957777341044,7.143217936140951,1.0000000000000002
"(4, 7)",2,1,1,10.0,133.9593470346446,7.020474185723478,1.0
"(4, 7)",2,1,1,17.78279410038923,136.91768597730052,6.910102454014751,1.0
"(4, 7)",2,1,1,31.622776601683793,140.98238768826604,6.824257602691989,1.0
"(4, 7)",2,1,1,56.23413251903491,145.9078752872393,6.765438471700122,1.0
"(4, 7)",2,1,1,100.0,151.31104418492808,6.729004549268459,0.9999999999999998
"(4, 7)",2,1,1,177.82794100389228,156.83186694091245,6.708012777405121,1.0
"(4, 7)",2,1,1,316.22776601683796,162.23574693455896,6.6964420539856855,1.0
"(4, 7)",2,1,1,562.341325190349,167.44352527292,6.69017081110259,0.9999999999999998
"(4, 7)",2,1,1,1000.0,172.51775634005634,6.686738501839411,1.0
"(4, 7)",2,1,1,1778.2794100389228,177.63586397402267,6.684795795252216,1.0
"(4, 7)",2,1,1,3162.2776601683795,183.06910134004457,6.683639163575411,1.0
"(4, 7)",2,1,1,5623.413251903491,189.17514839314143,6.682910161932733,1.0
"(4, 7)",2,1,1,10000.0,196.40604023739868,6.682425799450462,1.0
"(4, 7)",2,1,1,17782.794100389227,205.3311450288807,6.682090173047534,1.0
"(4, 7)",2,1,1,31622.776601683792,216.6752581401991,6.68185055702503,1.0
"(4, 7)",2,1,1,56234.13251903491,231.37326433688074,6.681676099781702,1.0
"(4, 7)",2,1,1,100000.0,250.6446554821332,6.681547525577384,0.9999999999999998
"(4, 7)",2,1,1,177827.94100389228,276.0931548381534,6.681452071946234,1.0
"(4, 7)",2,1,1,316227.7660168379,309.83921184007005,6.681380902513884,1.0
"(4, 7)",2,1,1,562341.3251903491,354.6960152024013,6.681327707417454,1.0
"(4, 7)",2,1,1,1000000.0,414.40326864445484,6.681287890440524,1.0
"(4, 7)",2,1,3,0.0,111.92744235180524,8.241444265646633,1.0
"(4, 7)",2,1,3,0.0001,111.9274423572165,8.241390153019541,1.0
"(4, 7)",2,1,3,0.00017782794100389227,111.92744236891647,8.241348040506228,0.9999999999999999
"(4, 7)",2,1,3,0.00031622776601683794,111.92744240591276,8.241273157510596,0.9999999999999999
"(4, 7)",2,1,3,0.0005623413251903491,111.92744252289158,8.241140009860375,1.0
"(4, 7)",2,1,3,0.001,111.92744289273317,8.24090328431424,1.0
"(4, 7)",2,1,3,0.0017782794100389228,111.92744406184102,8.24048247244036,0.9999999999999999
"(4, 7)",2,1,3,0.0031622776601683794,111.92744775644474,8.239734632574182,1.0
"(4, 7)",2,1,3,0.005623413251903491,111.92745942610712,8.238406284080504,0.9999999999999999
"(4, 7)",2,1,3,0.01,111.92749625196328,8.236048903801713,1.0000000000000002
"(4, 7)",2,1,3,0.01778279410038923,111.92761227520775,8.231871920977696,0.9999999999999999
"(4, 7)",2,1,3,0.03162277660168379,111.92797677135897,8.224491467957039,0.9999999999999998
"(4, 7)",2,1,3,0.05623413251903491,111.92911608579254,8.211514853557704,1.0
"(4, 7)",2,1,3,0.1,111.93264575840378,8.188895705206276,1.0
"(4, 7)",2,1,3,0.1778279410038923,111.94341308476555,8.150059346156144,1.0
"(4, 7)",2,1,3,0.31622776601683794,111.97540042313403,8.085080599819072,0.9999999999999998
"(4, 7)",2,1,3,0.5623413251903491,112.0663252828513,7.980951917902556,1.0
"(4, 7)",2,1,3,1.0,112.30724146731552,7.825186658901411,0.9999999999999999
"(4, 7)",2,1,3,1.7782794100389228,112.88238300474399,7.614876137690038,1.0
"(4, 7)",2,1,3,3.1622776601683795,114.0768149521694,7.36746044054321,1.0
"(4, 7)",2,1,3,5.623413251903491,116.18613868115123,7.119785440571498,1.0
"(4, 7)",2,1,3,10.0,119.35955975697647,6.908705738015056,1.0
"(4, 7)",2,1,3,17.78279410038923,123.52581561379172,6.751954713019518,1.0
"(4, 7)",2,1,3,31.622776601683793,128.4392412993709,6.647520832549762,1.0
"(4, 7)",2,1,3,56.23413251903491,133.75323940093293,6.583763060779385,1.0
"(4, 7)",2,1,3,100.0,139.09288926430352,6.547618482604062,0.9999999999999999
"(4, 7)",2,1,3,177.82794100389228,144.1316853810525,6.528385327335372,0.9999999999999998
"(4, 7)",2,1,3,316.22776601683796,148.6451548141018,6.5186756768913705,0.9999999999999998
"(4, 7)",2,1,3,562.341325190349,152.52250727635806,6.513976820287702,1.0
"(4, 7)",2,1,3,1000.0,155.74633577383867,6.51177684666978,1.0
"(4, 7)",2,1,3,1778.2794100389228,158.3605517671884,6.510772617273044,1.0
"(4, 7)",2,1,3,3162.2776601683795,160.44087560846975,6.510322884844666,1.0
"(4, 7)",2,1,3,5623.413251903491,162.0735478952091,6.510124292609625,1.0
"(4, 7)",2,1,3,10000.0,163.3424346180102,6.510037466836972,1.0
"(4, 7)",2,1,3,17782.794100389227,164.32253283942381,6.5099997455269545,1.0
"(4, 7)",2,1,3,31622.776601683792,165.07763430280994,6.509983402290385,1.0
"(4, 7)",2,1,3,56234.13251903491,165.6603537353328,6.509976311120375,1.0
"(4, 7)",2,1,3,100000.0,166.11335129962606,6.509973212719175,1.0
"(4, 7)",2,1,3,177827.94100389228,166.47099845018735,6.509971838186552,1.0
"(4, 7)",2,1,3,316227.7660168379,166.76117914874604,6.509971211868115,0.9999999999999999
"(4, 7)",2,1,3,562341.3251903491,167.00684822474375,6.5099709139397595,1.0
"(4, 7)",2,1,3,1000000.0,167.2273057280175,6.5099707631998145,1.0
"(4, 8)",2,-1,0.1,0.0,9119.007304259601,74.94972957622227,1.0
"(4, 8)",2,-1,0.1,0.0001,9119.007304259932,74.94972621112319,0.9999999999999999
"(4, 8)",2,-1,0.1,0.00017782794100389227,9119.007304260662,74.94972359213885,0.9999999999999999
"(4, 8)",2,-1,0.1,0.00031622776601683794,9119.007304262956,74.94971893485824,1.0
"(4, 8)",2,-1,0.1,0.0005623413251903491,9119.007304270232,74.94971065292533,1.0
"(4, 8)",2,-1,0.1,0.001,9119.007304293233,74.94969592537694,1.0
"(4, 8)",2,-1,0.1,0.0017782794100389228,9119.007304365978,74.94966973581622,1.0
"(4, 8)",2,-1,0.1,0.0031622776601683794,9119.007304596047,74.94962316388829,1.0000000000000002
"(4, 8)",2,-1,0.1,0.005623413251903491,9119.007305323588,74.94954034734346,1.0
"(4, 8)",2,-1,0.1,0.01,9119.007307624299,74.94939308067413,0.9999999999999999
"(4, 8)",2,-1,0.1,0.01778279410038923,9119.007314899536,74.94913121294438,1.0000000000000002
"(4, 8)",2,-1,0.1,0.03162277660168379,9119.007337903908,74.94866558181315,1.0000000000000002
"(4, 8)",2,-1,0.1,0.05623413251903491,9119.007410638256,74.94783769506687,1.0
"(4, 8)",2,-1,0.1,0.1,9119.007640576525,74.94636590943956,1.0
"(4, 8)",2,-1,0.1,0.1778279410038923,9119.008367320524,74.9437500168304,0.9999999999999998
"(4, 8)",2,-1,0.1,0.31622776601683794,9119.010663322242,74.9391025031645,1.0
"(4, 8)",2,-1,0.1,0.5623413251903491,9119.017911765872,74.93085140964006,1.0
"(4, 8)",2,-1,0.1,1.0,9119.04076530558,74.91622112127881,1.0
"(4, 8)",2,-1,0.1,1.7782794100389228,9119.112654752133,74.89033765540388,1.0
"(4, 8)",2,-1,0.1,3.1622776601683795,9119.337881948417,74.84472556190101,1.0
"(4, 8)",2,-1,0.1,5.623413251903491,9120.038539222862,74.76489989741044,1.0000000000000002
"(4, 8)",2,-1,0.1,10.0,9122.191726961077,74.6268535764244,1.0
"(4, 8)",2,-1,0.1,17.78279410038923,9128.672834907022,74.39291151607885,1.0
"(4, 8)",2,-1,0.1,31.622776601683793,9147.52441325508,74.00951254645217,1.0
"(4, 8)",2,-1,0.1,56.23413251903491,9199.462322088997,73.41370293312458,0.9999999999999998
"(4, 8)",2,-1,0.1,100.0,9331.431949386424,72.55859205605749,1.0000000000000002
"(4, 8)",2,-1,0.1,177.82794100389228,9631.806650715895,71.45773873797204,0.9999999999999999
"(4, 8)",2,-1,0.1,316.22776601683796,10231.689783975446,70.2133940025677,1.0
"(4, 8)",2,-1,0.1,562.341325190349,11282.862610725886,68.97990940878684,1.0
"(4, 8)",2,-1,0.1,1000.0,12934.522151144296,67.8850555963354,0.9999999999999999
"(4, 8)",2,-1,0.1,1778.2794100389228,15338.564162233375,66.9863027015054,1.0
"(4, 8)",2,-1,0.1,3162.2776601683795,18684.45869919633,66.28181151744792,1.0
"(4, 8)",2,-1,0.1,5623.413251903491,23239.245503650618,65.74212746296291,1.0000000000000002
"(4, 8)",2,-1,0.1,10000.0,29376.43074692173,65.3330686678134,1.0
"(4, 8)",2,-1,0.1,17782.794100389227,37604.82056788074,65.02460509940792,1.0
"(4, 8)",2,-1,0.1,31622.776601683792,48609.14512373739,64.79260398219463,1.0
"(4, 8)",2,-1,0.1,56234.13251903491,63306.44029512018,64.61834940276717,0.9999999999999999
"(4, 8)",2,-1,0.1,100000.0,82922.19290819741,64.48756292250508,1.0
"(4, 8)",2,-1,0.1,177827.94100389228,109092.36579847455,64.38943987332293,1.0
"(4, 8)",2,-1,0.1,316227.7660168379,143999.75429624543,64.31583840541548,1.0
"(4, 8)",2,-1,0.1,562341.3251903491,190555.9247322704,64.26063687600265,1.0
"(4, 8)",2,-1,0.1,1000000.0,252643.73945240836,64.21923792262977,1.0
"(4, 8)",2,-1,1,0.0,165.5424743390747,10.488946753927896,1.0
"(4, 8)",2,-1,1,0.0001,165.54247434045914,10.488932907956928,1.0
"(4, 8)",2,-1,1,0.00017782794100389227,165.54247434345288,10.488922132300335,1.0
"(4, 8)",2,-1,1,0.00031622776601683794,165.5424743529192,10.488902970986892,0.9999999999999999
"(4, 8)",2,-1,1,0.0005623413251903491,165.54247438285324,10.488868899394241,1.0
"(4, 8)",2,-1,1,0.001,165.5424744775,10.488808318728841,1.0
"(4, 8)",2,-1,1,0.0017782794100389228,165.54247477672607,10.488700615132446,0.9999999999999998
"(4, 8)",2,-1,1,0.0031622776601683794,165.54247572254982,10.488509169443866,1.0
"(4, 8)",2,-1,1,0.005623413251903491,165.54247871118926,10.488168982697843,1.0
"(4, 8)",2,-1,1,0.01,165.54248814908144,10.487564847612893,0.9999999999999999
"(4, 8)",2,-1,1,0.01778279410038923,165.5425179213295,10.486493087260321,1.0
"(4, 8)",2,-1,1,0.03162277660168379,165.5426116610648,10.484595255358599,1.0
"(4, 8)",2,-1,1,0.05623413251903491,165.54290581617425,10.481245637294279,1.0
"(4, 8)",2,-1,1,0.1,165.54382341961963,10.475367719761666,1.0
"(4, 8)",2,-1,1,0.1778279410038923,165.54665626115604,10.465157093354195,0.9999999999999999
"(4, 8)",2,-1,1,0.31622776601683794,165.55524579110954,10.4477289321803,1.0
"(4, 8)",2,-1,1,0.5623413251903491,165.5805048666217,10.418857794729886,0.9999999999999998
"(4, 8)",2,-1,1,1.0,165.65113180422347,10.373331543079857,1.0
"(4, 8)",2,-1,1,1.7782794100389228,165.8336674629595,10.306873656992204,0.9999999999999998
"(4, 8)",2,-1,1,3.1622776601683795,166.25503153567493,10.220076259384907,1.0
"(4, 8)",2,-1,1,5.623413251903491,167.09762352203677,10.121752545515449,1.0
"(4, 8)",2,-1,1,10.0,168.5403913303671,10.026379270879913,1.0
"(4, 8)",2,-1,1,17.78279410038923,170.68994763754063,9.945991638556173,0.9999999999999999
"(4, 8)",2,-1,1,31.622776601683793,173.57270649210128,9.885110219218483,1.0
"(4, 8)",2,-1,1,56.23413251903491,177.17274211265698,9.842237919897125,0.9999999999999999
"(4, 8)",2,-1,1,100.0,181.47458438733963,9.813384434870281,0.9999999999999999
"(4, 8)",2,-1,1,177.82794100389228,186.51123630074878,9.794378721767744,0.9999999999999998
"(4, 8)",2,-1,1,316.22776601683796,192.41235164573123,9.781862360050066,1.0000000000000002
"(4, 8)",2,-1,1,562.341325190349,199.44020359576064,9.773488660923919,1.0
"(4, 8)",2,-1,1,1000.0,208.01522859732063,9.767750181024116,1.0
"(4, 8)",2,-1,1,1778.2794100389228,218.7415116324273,9.763718169858507,1.0000000000000002
"(4, 8)",2,-1,1,3162.2776601683795,232.4430898009303,9.76082442662145,1.0
"(4, 8)",2,-1,1,5623.413251903491,250.21962411474027,9.758714504395048,1.0
"(4, 8)",2,-1,1,10000.0,273.52817329509213,9.75715940768063,1.0
"(4, 8)",2,-1,1,17782.794100389227,304.297941916144,9.7560052750825,1.0
"(4, 8)",2,-1,1,31622.776601683792,345.0868813707906,9.755145059897908,1.0
"(4, 8)",2,-1,1,56234.13251903491,399.29238397891606,9.754502270114685,0.9999999999999999
"(4, 8)",2,-1,1,100000.0,471.4330952212866,9.754021227084177,1.0
"(4, 8)",2,-1,1,177827.94100389228,567.5247955690099,9.753660915469462,1.0
"(4, 8)",2,-1,1,316227.7660168379,695.5815840543015,9.753390898402401,1.0
"(4, 8)",2,-1,1,562341.3251903491,866.2833529293134,9.753188489427831,0.9999999999999999
"(4, 8)",2,-1,1,1000000.0,1093.864975783447,9.753036734973106,1.0
"(4, 8)",2,-1,3,0.0,123.48378834189117,11.02163773961766,1.0
"(4, 8)",2,-1,3,0.0001,123.48378834857746,11.021570877891858,1.0
"(4, 8)",2,-1,3,0.00017782794100389227,123.48378836303368,11.021518843546726,1.0
"(4, 8)",2,-1,3,0.00031622776601683794,123.48378840874658,11.021426317905956,1.0
"(4, 8)",2,-1,3,0.0005623413251903491,123.48378855328549,11.021261800320778,1.0
"(4, 8)",2,-1,3,0.001,123.4837890102627,11.020969301703458,1.0
"(4, 8)",2,-1,3,0.0017782794100389228,123.4837904548137,11.020449345883744,0.9999999999999998
"(4, 8)",2,-1,3,0.0031622776601683794,123.48379501986705,11.019525314653098,1.0
"(4, 8)",2,-1,3,0.005623413251903491,123.48380943887832,11.017884009655456,1.0
"(4, 8)",2,-1,3,0.01,123.48385494067705,11.014971244564475,1.0
"(4, 8)",2,-1,3,0.01778279410038923,123.48399829732011,11.00981022280915,1.0
"(4, 8)",2,-1,3,0.03162277660168379,123.48444865733231,11.00069115869968,0.9999999999999998
"(4, 8)",2,-1,3,0.05623413251903491,123.48585631629983,10.984658110998684,0.9999999999999998
"(4, 8)",2,-1,3,0.1,123.49021702923078,10.95671328948027,1.0
"(4, 8)",2,-1,3,0.1778279410038923,123.50351706809435,10.908741183813719,1.0
"(4, 8)",2,-1,3,0.31622776601683794,123.54300958824795,10.828513860935741,1.0
"(4, 8)",2,-1,3,0.5623413251903491,123.65512114772847,10.70011021207633,1.0
"(4, 8)",2,-1,3,1.0,123.95112319051798,10.508682143817706,0.9999999999999999
"(4, 8)",2,-1,3,1.7782794100389228,124.6513337959344,10.252477467638311,1.0
"(4, 8)",2,-1,3,3.1622776601683795,126.07427351833319,9.957300207820172,0.9999999999999999
"(4, 8)",2,-1,3,5.623413251903491,128.47541747062792,9.674538468589077,1.0
"(4, 8)",2,-1,3,10.0,131.8066310292167,9.451888907861651,1.0
"(4, 8)",2,-1,3,17.78279410038923,135.68835214113304,9.30489164005441,1.0000000000000002
"(4, 8)",2,-1,3,31.622776601683793,139.65719634016497,9.219940027534308,1.0
"(4, 8)",2,-1,3,56.23413251903491,143.38837582609975,9.174891587006401,1.0
"(4, 8)",2,-1,3,100.0,146.7259781608356,9.152189918917603,1.0
"(4, 8)",2,-1,3,177.82794100389228,149.61768651767787,9.141115015311728,1.0
"(4, 8)",2,-1,3,316.22776601683796,152.06108727230568,9.135846829498838,1.0
"(4, 8)",2,-1,3,562.341325190349,154.0807295899445,9.133395700422772,1.0
"(4, 8)",2,-1,3,1000.0,155.71870788333342,9.132276898400269,1.0
"(4, 8)",2,-1,3,1778.2794100389228,157.02731449805066,9.131773957373566,1.0
"(4, 8)",2,-1,3,3162.2776601683795,158.06209243603865,9.131550233571945,0.9999999999999999
"(4, 8)",2,-1,3,5623.413251903491,158.87652461841915,9.131451207081335,1.0000000000000002
"(4, 8)",2,-1,3,10000.0,159.5189713862459,9.131407292823829,1.0
"(4, 8)",2,-1,3,17782.794100389227,160.03156455198382,9.131387605043031,1.0
"(4, 8)",2,-1,3,31622.776601683792,160.45043751494887,9.13137857120413,1.0
"(4, 8)",2,-1,3,56234.13251903491,160.80672755780182,9.131374259832214,1.0
"(4, 8)",2,-1,3,100000.0,161.12798114434048,9.131372080497135,1.0
"(4, 8)",2,-1,3,177827.94100389228,161.4397308938639,9.131370895302403,0.9999999999999999
"(4, 8)",2,-1,3,316227.7660168379,161.76718699369917,9.131370197299677,0.9999999999999998
"(4, 8)",2,-1,3,562341.3251903491,162.13702163058187,9.131369754650477,1.0000000000000002
"(4, 8)",2,-1,3,1000000.0,162.57877136625095,9.131369456771624,1.0
"(4, 8)",2,0,0.1,0.0,5856.926807211439,45.38942992509323,1.0
"(4, 8)",2,0,0.1,0.0001,5856.926807211818,45.389426101843675,1.0
"(4, 8)",2,0,0.1,0.00017782794100389227,5856.926807212644,45.38942312629538,1.0
"(4, 8)",2,0,0.1,0.00031622776601683794,5856.926807215255,45.38941783495536,1.0
"(4, 8)",2,0,0.1,0.0005623413251903491,5856.926807223524,45.38940842552465,1.0
"(4, 8)",2,0,0.1,0.001,5856.926807249662,45.389391693086814,1.0
"(4, 8)",2,0,0.1,0.0017782794100389228,5856.926807332313,45.389361938640455,0.9999999999999998
"(4, 8)",2,0,0.1,0.0031622776601683794,5856.926807593712,45.3893090285136,0.9999999999999998
"(4, 8)",2,0,0.1,0.005623413251903491,5856.926808420281,45.38921494455979,1.0
"(4, 8)",2,0,0.1,0.01,5856.926811033891,45.38904765292326,1.0
"(4, 8)",2,0,0.1,0.01778279410038923,5856.92681929747,45.38875021198685,1.0
"(4, 8)",2,0,0.1,0.03162277660168379,5856.926845421252,45.388221438006155,1.0
"(4, 8)",2,0,0.1,0.05623413251903491,5856.926927986751,45.387281632916384,1.0
"(4, 8)",2,0,0.1,0.1,5856.927188827544,45.385611984800256,1.0
"(4, 8)",2,0,0.1,0.1778279410038923,5856.928012251005,45.38264789391495,1.0
"(4, 8)",2,0,0.1,0.31622776601683794,5856.930608147958,45.377392690823385,1.0
"(4, 8)",2,0,0.1,0.5623413251903491,5856.9387724533635,45.36809700948046,1.0
"(4, 8)",2,0,0.1,1.0,5856.964342472131,45.35172135562237,1.0
"(4, 8)",2,0,0.1,1.7782794100389228,5857.043840408187,45.32307904684258,1.0
"(4, 8)",2,0,0.1,3.1622776601683795,5857.287882954175,45.27359835620656,1.0
"(4, 8)",2,0,0.1,5.623413251903491,5858.021092115876,45.189896922028076,1.0
"(4, 8)",2,0,0.1,10.0,5860.147819199129,45.05309936529124,1.0
"(4, 8)",2,0,0.1,17.78279410038923,5865.99206336227,44.841076103882685,1.0
"(4, 8)",2,0,0.1,31.622776601683793,5880.894635646872,44.53585470234498,0.9999999999999998
"(4, 8)",2,0,0.1,56.23413251903491,5915.703362027337,44.13325643170467,1.0
"(4, 8)",2,0,0.1,100.0,5990.626521048933,43.64424368997203,1.0
"(4, 8)",2,0,0.1,177.82794100389228,6141.996271909276,43.08716498362784,1.0
"(4, 8)",2,0,0.1,316.22776601683796,6430.252431563833,42.48876768736094,1.0
"(4, 8)",2,0,0.1,562.341325190349,6939.759577710703,41.89162499343556,1.0
"(4, 8)",2,0,0.1,1000.0,7766.636276658945,41.34442787279108,1.0
"(4, 8)",2,0,0.1,1778.2794100389228,9008.872578188335,40.88062699390029,1.0
"(4, 8)",2,0,0.1,3162.2776601683795,10775.074450290425,40.50903267451778,1.0
"(4, 8)",2,0,0.1,5623.413251903491,13207.356454059749,40.22094942008554,1.0
"(4, 8)",2,0,0.1,10000.0,16503.26043965319,40.00131013543688,1.0
"(4, 8)",2,0,0.1,17782.794100389227,20934.479903155978,39.8352092331426,1.0
"(4, 8)",2,0,0.1,31622.776601683792,26868.89668469338,39.710101525267696,1.0
"(4, 8)",2,0,0.1,56234.13251903491,34800.58822839141,39.61606389001874,1.0
"(4, 8)",2,0,0.1,100000.0,45390.663244995805,39.54545636893597,1.0
"(4, 8)",2,0,0.1,177827.94100389228,59522.20507169321,39.49247166133856,1.0
"(4, 8)",2,0,0.1,316227.7660168379,78373.82822812328,39.45272364749337,1.0
"(4, 8)",2,0,0.1,562341.3251903491,103517.89320146725,39.42291055577284,1.0
"(4, 8)",2,0,0.1,1000000.0,137051.50558519902,39.40055119233427,1.0
"(4, 8)",2,0,1,0.0,184.01348099293511,11.114699901212942,1.0
"(4, 8)",2,0,1,0.0001,184.01348099442575,11.114684994779992,1.0
"(4, 8)",2,0,1,0.00017782794100389227,184.01348099764863,11.114673393773431,1.0
"(4, 8)",2,0,1,0.00031622776601683794,184.01348100784045,11.114652764726886,1.0
"(4, 8)",2,0,1,0.0005623413251903491,184.01348104006792,11.114616082998927,1.0
"(4, 8)",2,0,1,0.001,184.01348114196696,11.11455086048102,1.0
"(4, 8)",2,0,1,0.0017782794100389228,184.01348146412914,11.114434901417672,0.9999999999999998
"(4, 8)",2,0,1,0.0031622776601683794,184.01348248249917,11.114228772182033,1.0
"(4, 8)",2,0,1,0.005623413251903491,184.01348570063521,11.113862464457249,0.9999999999999998
"(4, 8)",2,0,1,0.01,184.0134958647394,11.11321184895787,1.0
"(4, 8)",2,0,1,0.01778279410038923,184.01352793615578,11.112057339189198,1.0
"(4, 8)",2,0,1,0.03162277660168379,184.0136289614082,11.11001206137065,1.0
"(4, 8)",2,0,1,0.05623413251903491,184.01394623728854,11.106399333148993,1.0
"(4, 8)",2,0,1,0.1,184.01493739723148,11.100050767758294,1.0
"(4, 8)",2,0,1,0.1778279410038923,184.01800515257216,11.088995070028052,1.0
"(4, 8)",2,0,1,0.31622776601683794,184.02734885480834,11.0700416563058,1.0
"(4, 8)",2,0,1,0.5623413251903491,184.05504169751114,11.038403161270363,1.0
"(4, 8)",2,0,1,1.0,184.13352099428778,10.987854804669885,1.0
"(4, 8)",2,0,1,1.7782794100389228,184.3409501889497,10.912431620564194,1.0
"(4, 8)",2,0,1,3.1622776601683795,184.83714072449968,10.810427934762608,1.0
"(4, 8)",2,0,1,5.623413251903491,185.8821785748855,10.688826621216514,0.9999999999999998
"(4, 8)",2,0,1,10.0,187.791895141987,10.562999948143927,0.9999999999999998
"(4, 8)",2,0,1,17.78279410038923,190.82559091238448,10.449862054744845,1.0
"(4, 8)",2,0,1,31.622776601683793,195.07008394100757,10.360337346997495,1.0
"(4, 8)",2,0,1,56.23413251903491,200.41063930487988,10.296707206887646,1.0
"(4, 8)",2,0,1,100.0,206.62821731368413,10.254924696513298,1.0
"(4, 8)",2,0,1,177.82794100389228,213.54744326944785,10.228740429731173,1.0
"(4, 8)",2,0,1,316.22776601683796,221.14181326331774,10.21257925831336,1.0
"(4, 8)",2,0,1,562.341325190349,229.57864969778154,10.202493736470869,1.0
"(4, 8)",2,0,1,1000.0,239.2302013069411,10.19601635831234,1.0
"(4, 8)",2,0,1,1778.2794100389228,250.67937320900185,10.191703020679567,1.0
"(4, 8)",2,0,1,3162.2776601683795,264.7386579781842,10.18872902640014,1.0
"(4, 8)",2,0,1,5623.413251903491,282.49230075914113,10.18661960942399,1.0
"(4, 8)",2,0,1,10000.0,305.3675885071903,10.185092410347533,1.0
"(4, 8)",2,0,1,17782.794100389227,335.2407660869746,10.183971457706926,1.0
"(4, 8)",2,0,1,31622.776601683792,374.584981210831,10.183141513221283,1.0
"(4, 8)",2,0,1,56234.13251903491,426.67125945195994,10.182523768060555,1.0
"(4, 8)",2,0,1,100000.0,495.83803667732576,10.182062518293742,1.0
"(4, 8)",2,0,1,177827.94100389228,587.8510901767145,10.181717484095236,1.0
"(4, 8)",2,0,1,316227.7660168379,710.3831167100491,10.181459109476357,1.0
"(4, 8)",2,0,1,562341.3251903491,873.6523715956124,10.18126551001101,0.9999999999999998
"(4, 8)",2,0,1,1000000.0,1091.2733415150294,10.18112039547436,1.0
"(4, 8)",2,0,3,0.0,138.95621002297602,11.588023205696883,1.0
"(4, 8)",2,0,3,0.0001,138.95621002994517,11.58795351298716,1.0
"(4, 8)",2,0,3,0.00017782794100389227,138.9562100450138,11.58789927540836,1.0
"(4, 8)",2,0,3,0.00031622776601683794,138.956210092662,11.587802831937648,1.0
"(4, 8)",2,0,3,0.0005623413251903491,138.95621024332172,11.587631347783853,1.0
"(4, 8)",2,0,3,0.001,138.9562107196515,11.587326462013138,1.0
"(4, 8)",2,0,3,0.0017782794100389228,138.95621222538955,11.586784482648408,1.0
"(4, 8)",2,0,3,0.0031622776601683794,138.9562169838637,11.58582130091303,1.0
"(4, 8)",2,0,3,0.005623413251903491,138.95623201414185,11.584110418073433,1.0
"(4, 8)",2,0,3,0.01,138.95627944677415,11.581074058958457,1.0
"(4, 8)",2,0,3,0.01778279410038923,138.95642889712818,11.575693677757318,1.0
"(4, 8)",2,0,3,0.03162277660168379,138.95689845929337,11.5661858700298,0.9999999999999998
"(4, 8)",2,0,3,0.05623413251903491,138.95836646232632,11.549465727423652,0.9999999999999998
"(4, 8)",2,0,3,0.1,138.96291590241833,11.520312152984118,1.0
"(4, 8)",2,0,3,0.1778279410038923,138.97680125477518,11.470230920577237,1.0
"(4, 8)",2,0,3,0.31622776601683794,139.01808295985128,11.386375061706254,1.0
"(4, 8)",2,0,3,0.5623413251903491,139.1355321853848,11.251875621900618,1.0
"(4, 8)",2,0,3,1.0,139.44684758023547,11.050591610475891,0.9999999999999998
"(4, 8)",2,0,3,1.7782794100389228,140.1885060949996,10.779338176566263,1.0
"(4, 8)",2,0,3,3.1622776601683795,141.71517633569826,10.462895098354167,1.0
"(4, 8)",2,0,3,5.623413251903491,144.3519490768255,10.152832538920041,1.0
"(4, 8)",2,0,3,10.0,148.15862919684736,9.899010678425807,1.0
"(4, 8)",2,0,3,17.78279410038923,152.870542701118,9.721175646627179,1.0
"(4, 8)",2,0,3,31.622776601683793,158.07253137807592,9.6102614197708,1.0
"(4, 8)",2,0,3,56.23413251903491,163.3696045760126,9.546540640367581,1.0
"(4, 8)",2,0,3,100.0,168.4472420917639,9.51210401193748,1.0
"(4, 8)",2,0,3,177.82794100389228,173.0828685509527,9.494387196916053,1.0
"(4, 8)",2,0,3,316.22776601683796,177.1473314325132,9.485636608239487,1.0
"(4, 8)",2,0,3,562.341325190349,180.59540758143953,9.481456212629816,1.0
"(4, 8)",2,0,3,1000.0,183.445635216169,9.479510920821989,1.0
"(4, 8)",2,0,3,1778.2794100389228,185.75667148555712,9.47862327114272,1.0
"(4, 8)",2,0,3,3162.2776601683795,187.60677349727652,9.478223488398163,1.0
"(4, 8)",2,0,3,5623.413251903491,189.07927709412482,9.478044540337011,1.0
"(4, 8)",2,0,3,10000.0,190.25403579504604,9.477964285138963,1.0
"(4, 8)",2,0,3,17782.794100389227,191.20349180352423,9.477927842974225,1.0
"(4, 8)",2,0,3,31622.776601683792,191.99185793181124,9.477910855044229,1.0
"(4, 8)",2,0,3,56234.13251903491,192.67619530853793,9.47790258340317,1.0
"(4, 8)",2,0,3,100000.0,193.30856375009128,9.477898299318587,1.0
"(4, 8)",2,0,3,177827.94100389228,193.93880406913,9.477895906797004,1.0
"(4, 8)",2,0,3,316227.7660168379,194.61775569735659,9.477894462175028,1.0
"(4, 8)",2,0,3,562341.3251903491,195.40077714433946,9.477893527063342,1.0
"(4, 8)",2,0,3,1000000.0,196.35117298323124,9.477892888028414,0.9999999999999998
"(4, 8)",2,1,0.1,0.0,3008.853212467744,21.69117335924991,0.9999999999999999
"(4, 8)",2,1,0.1,0.0001,3008.8532124679955,21.691170829461615,1.0
"(4, 8)",2,1,0.1,0.00017782794100389227,3008.8532124685435,21.691168860585922,1.0
"(4, 8)",2,1,0.1,0.00031622776601683794,3008.853212470272,21.691165359387753,0.9999999999999999
"(4, 8)",2,1,0.1,0.0005623413251903491,3008.853212475741,21.691159133319893,1.0
"(4, 8)",2,1,0.1,0.001,3008.853212493036,21.691148061760334,1.0
"(4, 8)",2,1,0.1,0.0017782794100389228,3008.8532125477313,21.691128373840996,1.0
"(4, 8)",2,1,0.1,0.0031622776601683794,3008.853212720691,21.69109336450733,1.0
"(4, 8)",2,1,0.1,0.005623413251903491,3008.853213267604,21.69103111220249,0.9999999999999999
"(4, 8)",2,1,0.1,0.01,3008.8532149969146,21.69092042308674,1.0
"(4, 8)",2,1,0.1,0.01778279410038923,3008.8532204643343,21.690723627618997,1.0
"(4, 8)",2,1,0.1,0.03162277660168379,3008.8532377473703,21.6903737989608,1.0
"(4, 8)",2,1,0.1,0.05623413251903491,3008.8532923645726,21.68975211242171,1.0
"(4, 8)",2,1,0.1,0.1,3008.8534648736945,21.68864786385427,1.0
"(4, 8)",2,1,0.1,0.1778279410038923,3008.8540092414532,21.686688250717303,1.0
"(4, 8)",2,1,0.1,0.31622776601683794,3008.855724223136,21.683216258039717,0.9999999999999999
"(4, 8)",2,1,0.1,0.5623413251903491,3008.861111439676,21.67708207023207,0.9999999999999999
"(4, 8)",2,1,0.1,1.0,3008.8779476369587,21.666298418407024,1.0
"(4, 8)",2,1,0.1,1.7782794100389228,3008.930094179423,21.6475064067394,1.0
"(4, 8)",2,1,0.1,3.1622776601683795,3009.089116416166,21.615251540626055,0.9999999999999998
"(4, 8)",2,1,0.1,5.623413251903491,3009.561441238229,21.561296204870803,1.0
"(4, 8)",2,1,0.1,10.0,3010.905073809644,21.474772666799065,1.0
"(4, 8)",2,1,0.1,17.78279410038923,3014.4816632802545,21.344781515112466,1.0
"(4, 8)",2,1,0.1,31.622776601683793,3023.1649071691327,21.166451543544518,0.9999999999999999
"(4, 8)",2,1,0.1,56.23413251903491,3042.112193799157,20.946517864521937,0.9999999999999999
"(4, 8)",2,1,0.1,100.0,3079.8267872425254,20.69945074983773,1.0
"(4, 8)",2,1,0.1,177.82794100389228,3151.180170823987,20.436189420443483,1.0
"(4, 8)",2,1,0.1,316.22776601683796,3282.551352241547,20.16323896199279,1.0
"(4, 8)",2,1,0.1,562.341325190349,3513.743414667664,19.892350020950914,1.0
"(4, 8)",2,1,0.1,1000.0,3892.9912868710617,19.641546448078973,1.0
"(4, 8)",2,1,0.1,1778.2794100389228,4470.914761359308,19.425913793246565,1.0
"(4, 8)",2,1,0.1,3162.2776601683795,5301.867962411158,19.25116267598371,1.0
"(4, 8)",2,1,0.1,5623.413251903491,6453.664607069935,19.114772093094377,1.0
"(4, 8)",2,1,0.1,10000.0,8019.466733382187,19.01043797869247,1.0
"(4, 8)",2,1,0.1,17782.794100389227,10127.932004448181,18.931407896743238,1.0
"(4, 8)",2,1,0.1,31622.776601683792,12953.87186509297,18.87183382765717,0.9999999999999999
"(4, 8)",2,1,0.1,56234.13251903491,16732.44097072799,18.827035990647186,1.0
"(4, 8)",2,1,0.1,100000.0,21778.51884079689,18.793392397383798,1.0000000000000002
"(4, 8)",2,1,0.1,177827.94100389228,28512.854391270474,18.768142855183786,1.0
"(4, 8)",2,1,0.1,316227.7660168379,37497.09522457467,18.749199966308076,1.0
"(4, 8)",2,1,0.1,562341.3251903491,49480.59502027732,18.73499131154058,0.9999999999999999
"(4, 8)",2,1,0.1,1000000.0,65462.848464978604,18.724334842033745,1.0
"(4, 8)",2,1,1,0.0,130.31087619015094,7.544798576845986,1.0
"(4, 8)",2,1,1,0.0001,130.31087619151148,7.5447849713145985,0.9999999999999999
"(4, 8)",2,1,1,0.00017782794100389227,130.31087619445327,7.544774382719903,0.9999999999999999
"(4, 8)",2,1,1,0.00031622776601683794,130.31087620375587,7.544755553910504,1.0
"(4, 8)",2,1,1,0.0005623413251903491,130.31087623317111,7.544722073146623,0.9999999999999999
"(4, 8)",2,1,1,0.001,130.310876326179,7.544662541697307,1.0
"(4, 8)",2,1,1,0.0017782794100389228,130.3108766202356,7.54455669934061,1.0
"(4, 8)",2,1,1,0.0031622776601683794,130.3108775497838,7.544368549047954,1.0
"(4, 8)",2,1,1,0.005623413251903491,130.31088048736385,7.5440341769338675,1.0
"(4, 8)",2,1,1,0.01,130.3108897660905,7.543440238334672,1.0
"(4, 8)",2,1,1,0.01778279410038923,130.3109190478915,7.542386158117707,0.9999999999999999
"(4, 8)",2,1,1,0.03162277660168379,130.311011308596,7.540518347466965,0.9999999999999998
"(4, 8)",2,1,1,0.05623413251903491,130.31130118552267,7.537217687263473,1.0
"(4, 8)",2,1,1,0.1,130.3122074503105,7.531413151517728,1.0
"(4, 8)",2,1,1,0.1778279410038923,130.31501623822263,7.5212915246076175,0.9999999999999999
"(4, 8)",2,1,1,0.31622776601683794,130.32359124684717,7.50389973888342,1.0
"(4, 8)",2,1,1,0.5623413251903491,130.34910721659733,7.474754945889451,0.9999999999999998
"(4, 8)",2,1,1,1.0,130.42189125147343,7.42789227777741,1.0
"(4, 8)",2,1,1,1.7782794100389228,130.6162129488908,7.357274453190749,1.0
"(4, 8)",2,1,1,3.1622776601683795,131.0875377079695,7.260452920666735,1.0
"(4, 8)",2,1,1,5.623413251903491,132.09577773410436,7.143217936140949,1.0
"(4, 8)",2,1,1,10.0,133.95934703464468,7.020474185723482,1.0
"(4, 8)",2,1,1,17.78279410038923,136.91768597730052,6.910102454014751,1.0
"(4, 8)",2,1,1,31.622776601683793,140.98238768826607,6.824257602691984,0.9999999999999999
"(4, 8)",2,1,1,56.23413251903491,145.90787528723922,6.765438471700124,1.0
"(4, 8)",2,1,1,100.0,151.31104418492788,6.729004549268454,0.9999999999999999
"(4, 8)",2,1,1,177.82794100389228,156.83186694091236,6.708012777405113,1.0
"(4, 8)",2,1,1,316.22776601683796,162.23574693455902,6.696442053985685,1.0
"(4, 8)",2,1,1,562.341325190349,167.4435252729199,6.6901708111025915,1.0
"(4, 8)",2,1,1,1000.0,172.51775634005543,6.686738501839412,1.0
"(4, 8)",2,1,1,1778.2794100389228,177.63586397455433,6.6847957952520645,1.0
"(4, 8)",2,1,1,3162.2776601683795,183.0691013556127,6.683639163572937,1.0
"(4, 8)",2,1,1,5623.413251903491,189.17514806019744,6.682910161962331,1.0
"(4, 8)",2,1,1,10000.0,196.40603981954376,6.682425799471342,0.9999999999999999
"(4, 8)",2,1,1,17782.794100389227,205.33114502156204,6.682090173047681,0.9999999999999999
"(4, 8)",2,1,1,31622.776601683792,216.6752570356067,6.681850557042622,0.9999999999999999
"(4, 8)",2,1,1,56234.13251903491,231.37326605679328,6.681676099766254,1.0000000000000002
"(4, 8)",2,1,1,100000.0,250.6446566385058,6.681547525570545,1.0
"(4, 8)",2,1,1,177827.94100389228,276.0931553971484,6.681452071949873,0.9999999999999999
"(4, 8)",2,1,1,316227.7660168379,309.83920486105234,6.681380902521713,1.0
"(4, 8)",2,1,1,562341.3251903491,354.6960247425546,6.681327707533198,1.0
"(4, 8)",2,1,1,1000000.0,414.40329700716546,6.68128789044947,1.0
"(4, 8)",2,1,3,0.0,111.92744235180527,8.241444265646633,0.9999999999999998
"(4, 8)",2,1,3,0.0001,111.92744235721653,8.24139015301955,1.0
"(4, 8)",2,1,3,0.00017782794100389227,111.92744236891646,8.241348040506237,0.9999999999999998
"(4, 8)",2,1,3,0.00031622776601683794,111.92744240591279,8.241273157510593,0.9999999999999999
"(4, 8)",2,1,3,0.0005623413251903491,111.92744252289141,8.241140009860366,1.0
"(4, 8)",2,1,3,0.001,111.92744289273323,8.240903284314236,1.0
"(4, 8)",2,1,3,0.0017782794100389228,111.92744406184099,8.240482472440366,0.9999999999999999
"(4, 8)",2,1,3,0.0031622776601683794,111.92744775644474,8.239734632574178,1.0000000000000002
"(4, 8)",2,1,3,0.005623413251903491,111.92745942610698,8.238406284080504,1.0
"(4, 8)",2,1,3,0.01,111.92749625196326,8.236048903801704,0.9999999999999999
"(4, 8)",2,1,3,0.01778279410038923,111.92761227520764,8.231871920977689,0.9999999999999998
"(4, 8)",2,1,3,0.03162277660168379,111.92797677135897,8.22449146795704,1.0
"(4, 8)",2,1,3,0.05623413251903491,111.92911608579257,8.211514853557711,1.0
"(4, 8)",2,1,3,0.1,111.93264575840384,8.188895705206276,0.9999999999999999
"(4, 8)",2,1,3,0.1778279410038923,111.94341308476571,8.150059346156151,1.0
"(4, 8)",2,1,3,0.31622776601683794,111.97540042313412,8.085080599819076,1.0
"(4, 8)",2,1,3,0.5623413251903491,112.0663252828515,7.980951917902561,1.0
"(4, 8)",2,1,3,1.0,112.30724146731544,7.8251866589014085,1.0
"(4, 8)",2,1,3,1.7782794100389228,112.88238300474396,7.614876137690035,1.0
"(4, 8)",2,1,3,3.1622776601683795,114.0768149521693,7.367460440543212,1.0
"(4, 8)",2,1,3,5.623413251903491,116.18613868115112,7.119785440571491,1.0
"(4, 8)",2,1,3,10.0,119.35955975697644,6.9087057380150565,1.0000000000000002
"(4, 8)",2,1,3,17.78279410038923,123.52581561379188,6.751954713019522,1.0
"(4, 8)",2,1,3,31.622776601683793,128.43924129937074,6.647520832549752,0.9999999999999998
"(4, 8)",2,1,3,56.23413251903491,133.75323940093298,6.583763060779384,1.0
"(4, 8)",2,1,3,100.0,139.09288926430412,6.547618482604069,1.0
"(4, 8)",2,1,3,177.82794100389228,144.1316853810634,6.528385327335344,1.0
"(4, 8)",2,1,3,316.22776601683796,148.64515481410342,6.518675676891369,1.0
"(4, 8)",2,1,3,562.341325190349,152.52250727613136,6.513976820287902,1.0
"(4, 8)",2,1,3,1000.0,155.74633577382536,6.511776846669796,1.0
"(4, 8)",2,1,3,1778.2794100389228,158.36055176766305,6.510772617272856,1.0
"(4, 8)",2,1,3,3162.2776601683795,160.4408756087671,6.510322884844581,1.0
"(4, 8)",2,1,3,5623.413251903491,162.073547927642,6.510124292606486,1.0
"(4, 8)",2,1,3,10000.0,163.3424347173695,6.51003746683106,0.9999999999999998
"(4, 8)",2,1,3,17782.794100389227,164.32253278628787,6.509999745528442,1.0
"(4, 8)",2,1,3,31622.776601683792,165.07763463746832,6.509983402286961,1.0
"(4, 8)",2,1,3,56234.13251903491,165.66035268701887,6.509976311144268,0.9999999999999999
"(4, 8)",2,1,3,100000.0,166.11334565836407,6.509973212651513,1.0
"(4, 8)",2,1,3,177827.94100389228,166.47099779809446,6.5099718381780125,0.9999999999999999
"(4, 8)",2,1,3,316227.7660168379,166.76116408266125,6.509971211789493,1.0
"(4, 8)",2,1,3,562341.3251903491,167.00684116527634,6.509970913959314,1.0
"(4, 8)",2,1,3,1000000.0,167.22732562207966,6.509970763191123,0.9999999999999999
"(5, 6)",2,-1,0.1,0.0,2122.995961765139,12.083066680957666,1.0
"(5, 6)",2,-1,0.1,0.0001,2122.9959617651916,12.083066155035029,1.0
"(5, 6)",2,-1,0.1,0.00017782794100389227,2122.9959617653035,12.08306574572114,1.0
"(5, 6)",2,-1,0.1,0.00031622776601683794,2122.995961765665,12.083065017848508,1.0
"(5, 6)",2,-1,0.1,0.0005623413251903491,2122.995961766802,12.083063723493323,0.9999999999999999
"(5, 6)",2,-1,0.1,0.001,2122.995961770395,12.083061421786276,0.9999999999999998
"(5, 6)",2,-1,0.1,0.0017782794100389228,2122.995961781765,12.083057328765408,1.0
"(5, 6)",2,-1,0.1,0.0031622776601683794,2122.995961817719,12.08305005041211,1.0
"(5, 6)",2,-1,0.1,0.005623413251903491,2122.9959619314186,12.083037108040005,1.0
"(5, 6)",2,-1,0.1,0.01,2122.9959622909514,12.083014094700198,0.9999999999999999
"(5, 6)",2,-1,0.1,0.01778279410038923,2122.995963427746,12.082973176287023,1.0
"(5, 6)",2,-1,0.1,0.03162277660168379,2122.99596702172,12.082900430044393,1.0
"(5, 6)",2,-1,0.1,0.05623413251903491,2122.9959783817585,12.082771124188058,0.9999999999999999
"(5, 6)",2,-1,0.1,0.1,2122.9960142764494,12.0825413631857,1.0
"(5, 6)",2,-1,0.1,0.1778279410038923,2122.996127622865,12.082133354848388,1.0
"(5, 6)",2,-1,0.1,0.31622776601683794,2122.996485144493,12.08140960039013,1.0
"(5, 6)",2,-1,0.1,0.5623413251903491,2122.9976106380864,12.080128210340735,1.0
"(5, 6)",2,-1,0.1,1.0,2123.0011414992896,12.077867181848662,1.0
"(5, 6)",2,-1,0.1,1.7782794100389228,2123.012151624566,12.073901028986278,0.9999999999999999
"(5, 6)",2,-1,0.1,3.1622776601683795,2123.046128080162,12.067014260093561,0.9999999999999999
"(5, 6)",2,-1,0.1,5.623413251903491,2123.1491545882063,12.055259332686592,1.0
"(5, 6)",2,-1,0.1,10.0,2123.4528474801727,12.035743264106312,1.0
"(5, 6)",2,-1,0.1,17.78279410038923,2124.310845380054,12.004666174337776,1.0
"(5, 6)",2,-1,0.1,31.622776601683793,2126.601954350179,11.95786618561437,1.0000000000000002
"(5, 6)",2,-1,0.1,56.23413251903491,2132.3524537269595,11.891622500416704,1.0
"(5, 6)",2,-1,0.1,100.0,2146.0283491060054,11.80282894262001,1.0
"(5, 6)",2,-1,0.1,177.82794100389228,2177.0819464284914,11.689190424964563,1.0
"(5, 6)",2,-1,0.1,316.22776601683796,2243.401441141849,11.552230744613158,0.9999999999999999
"(5, 6)",2,-1,0.1,562.341325190349,2372.8289066917437,11.401196795596249,1.0
"(5, 6)",2,-1,0.1,1000.0,2600.375519015292,11.251128383800298,1.0
"(5, 6)",2,-1,0.1,1778.2794100389228,2963.490621698307,11.11588415255852,0.9999999999999999
"(5, 6)",2,-1,0.1,3162.2776601683795,3500.29280076272,11.003102855843748,1.0
"(5, 6)",2,-1,0.1,5623.413251903491,4254.799158543971,10.913796771928558,1.0
"(5, 6)",2,-1,0.1,10000.0,5286.745483665605,10.845047750375981,1.0
"(5, 6)",2,-1,0.1,17782.794100389227,6679.912163999595,10.792832846028526,0.9999999999999999
"(5, 6)",2,-1,0.1,31622.776601683792,8549.26651065993,10.753426123887948,0.9999999999999999
"(5, 6)",2,-1,0.1,56234.13251903491,11050.087629729303,10.723777477115949,1.0
"(5, 6)",2,-1,0.1,100000.0,14390.63321052916,10.701505328299,1.0
"(5, 6)",2,-1,0.1,177827.94100389228,18849.366220839238,10.684787950876562,1.0
"(5, 6)",2,-1,0.1,316227.7660168379,24798.10799068925,10.672245323735336,1.0
"(5, 6)",2,-1,0.1,562341.3251903491,32733.01149245264,10.662837065122108,1.0
"(5, 6)",2,-1,0.1,1000000.0,43315.91502044436,10.65578077756646,1.0
"(5, 6)",2,-1,1,0.0,77.5280349698314,4.079457866847565,1.0
"(5, 6)",2,-1,1,0.0001,77.5280349710047,4.0794461327863605,0.9999999999999999
"(5, 6)",2,-1,1,0.00017782794100389227,77.52803497354193,4.079437000709238,1.0
"(5, 6)",2,-1,1,0.00031622776601683794,77.5280349815648,4.079420761975703,1.0
"(5, 6)",2,-1,1,0.0005623413251903491,77.52803500693325,4.079391887029368,0.9999999999999999
"(5, 6)",2,-1,1,0.001,77.52803508714524,4.0793405458175584,1.0
"(5, 6)",2,-1,1,0.0017782794100389228,77.52803534073891,4.079249267380876,1.0
"(5, 6)",2,-1,1,0.0031622776601683794,77.52803614234256,4.079087013875205,1.0
"(5, 6)",2,-1,1,0.005623413251903491,77.52803867538259,4.078798687367567,0.9999999999999999
"(5, 6)",2,-1,1,0.01,77.52804667515281,4.078286611341589,1.0
"(5, 6)",2,-1,1,0.01778279410038923,77.52807191429483,4.0773780441525895,0.9999999999999999
"(5, 6)",2,-1,1,0.03162277660168379,77.52815140091613,4.0757688006514785,1.0
"(5, 6)",2,-1,1,0.05623413251903491,77.52840093906352,4.072927319734635,1.0
"(5, 6)",2,-1,1,0.1,77.5291799645612,4.067937319575816,1.0
"(5, 6)",2,-1,1,0.1778279410038923,77.5315882594102,4.059257605526433,1.0
"(5, 6)",2,-1,1,0.31622776601683794,77.53890783678244,4.044408221239555,1.0
"(5, 6)",2,-1,1,0.5623413251903491,77.56052010831851,4.019711194626,1.0
"(5, 6)",2,-1,1,1.0,77.62136290109643,3.980507171714352,1.0
"(5, 6)",2,-1,1,1.7782794100389228,77.780340108974,3.922662482925575,1.0
"(5, 6)",2,-1,1,3.1622776601683795,78.15342328860498,3.84588111084729,1.0
"(5, 6)",2,-1,1,5.623413251903491,78.91654290950618,3.756938966608897,1.0
"(5, 6)",2,-1,1,10.0,80.25897783420527,3.6683169266721065,1.0
"(5, 6)",2,-1,1,17.78279410038923,82.31147106952436,3.5916442453230886,1.0
"(5, 6)",2,-1,1,31.622776601683793,85.10906400335834,3.532586633673603,1.0
"(5, 6)",2,-1,1,56.23413251903491,88.593169211329,3.4910657305826924,0.9999999999999999
"(5, 6)",2,-1,1,100.0,92.62820736375774,3.4639392885741134,1.0
"(5, 6)",2,-1,1,177.82794100389228,97.0366493113589,3.4472324881117276,1.0
"(5, 6)",2,-1,1,316.22776601683796,101.65429011183637,3.4373760924122756,1.0
"(5, 6)",2,-1,1,562.341325190349,106.38289495019453,3.431696936674947,1.0
"(5, 6)",2,-1,1,1000.0,111.22115209412476,3.428430819763577,1.0
"(5, 6)",2,-1,1,1778.2794100389228,116.27433987027793,3.426515300127336,1.0
"(5, 6)",2,-1,1,3162.2776601683795,121.75331890467152,3.425349773454582,0.9999999999999999
"(5, 6)",2,-1,1,5623.413251903491,127.97383978838131,3.42460731985086,1.0
"(5, 6)",2,-1,1,10000.0,135.36380400317057,3.4241123252219956,1.0
"(5, 6)",2,-1,1,17782.794100389227,144.48288398534734,3.423769386458001,1.0
"(5, 6)",2,-1,1,31622.776601683792,156.05719525172373,3.423524890170378,1.0
"(5, 6)",2,-1,1,56234.13251903491,171.03157582704128,3.4233471416082297,1.0
"(5, 6)",2,-1,1,100000.0,190.64295760082007,3.4232162936719424,0.9999999999999999
"(5, 6)",2,-1,1,177827.94100389228,216.52012799542328,3.423119230030703,1.0
"(5, 6)",2,-1,1,316227.7660168379,250.8174662152991,3.4230468978211355,1.0
"(5, 6)",2,-1,1,562341.3251903491,296.3932952051016,3.4229928509991074,1.0
"(5, 6)",2,-1,1,1000000.0,357.04740322556455,3.4229524045702813,1.0
"(5, 6)",2,-1,3,0.0,67.20900566125641,4.239500238272411,1.0
"(5, 6)",2,-1,3,0.0001,67.20900566411665,4.239471635854267,1.0
"(5, 6)",2,-1,3,0.00017782794100389227,67.20900567030095,4.239449376256352,0.9999999999999998
"(5, 6)",2,-1,3,0.00031622776601683794,67.20900568985638,4.239409794797146,1.0
"(5, 6)",2,-1,3,0.0005623413251903491,67.20900575168929,4.239339415256059,1.0
"(5, 6)",2,-1,3,0.001,67.20900594718496,4.239214284014144,0.9999999999999999
"(5, 6)",2,-1,3,0.0017782794100389228,67.20900656518677,4.238991839188538,0.9999999999999998
"(5, 6)",2,-1,3,0.0031622776601683794,67.20900851830268,4.238596502361232,1.0
"(5, 6)",2,-1,3,0.005623413251903491,67.20901468798473,4.237894216510442,0.9999999999999999
"(5, 6)",2,-1,3,0.01,67.20903416112826,4.236647670636976,1.0
"(5, 6)",2,-1,3,0.01778279410038923,67.20909553276728,4.234438255713022,1.0
"(5, 6)",2,-1,3,0.03162277660168379,67.2092884460788,4.230532204467128,0.9999999999999999
"(5, 6)",2,-1,3,0.05623413251903491,67.20989204215994,4.223657737152796,1.0
"(5, 6)",2,-1,3,0.1,67.21176528114047,4.211654696620812,1.0
"(5, 6)",2,-1,3,0.1778279410038923,67.21749673557315,4.190985634699383,1.0
"(5, 6)",2,-1,3,0.31622776601683794,67.23460893776661,4.1562339861484485,1.0
"(5, 6)",2,-1,3,0.5623413251903491,67.28364050654838,4.100107278775979,1.0
"(5, 6)",2,-1,3,1.0,67.4150918209801,4.015170954684321,1.0
"(5, 6)",2,-1,3,1.7782794100389228,67.73367992860204,3.8987624088745543,1.0
"(5, 6)",2,-1,3,3.1622776601683795,68.40547068331523,3.759699110393828,1.0
"(5, 6)",2,-1,3,5.623413251903491,69.60333274699205,3.6190848850102264,1.0
"(5, 6)",2,-1,3,10.0,71.40818016360784,3.499030038434298,0.9999999999999999
"(5, 6)",2,-1,3,17.78279410038923,73.78353786335356,3.4096950738756027,1.0
"(5, 6)",2,-1,3,31.622776601683793,76.64454075079054,3.3489852009873595,1.0
"(5, 6)",2,-1,3,56.23413251903491,79.89302450844127,3.3101235993259235,1.0
"(5, 6)",2,-1,3,100.0,83.39243862438168,3.2865216573749017,1.0
"(5, 6)",2,-1,3,177.82794100389228,86.9622345958272,3.2729466893092445,1.0
"(5, 6)",2,-1,3,316.22776601683796,90.41325174427638,3.265548567318067,1.0
"(5, 6)",2,-1,3,562.341325190349,93.58996975489633,3.2617106014983897,1.0
"(5, 6)",2,-1,3,1000.0,96.39369794135318,3.2598022784821565,1.0
"(5, 6)",2,-1,3,1778.2794100389228,98.78388643075085,3.258886081503913,1.0
"(5, 6)",2,-1,3,3162.2776601683795,100.76604446322413,3.2584583269397833,1.0
"(5, 6)",2,-1,3,5623.413251903491,102.37548269024637,3.258262847208823,1.0
"(5, 6)",2,-1,3,10000.0,103.66272108536073,3.2581748769440337,1.0
"(5, 6)",2,-1,3,17782.794100389227,104.68290482497854,3.2581356594609976,1.0
"(5, 6)",2,-1,3,31622.776601683792,105.48934566328019,3.258118227231441,1.0
"(5, 6)",2,-1,3,56234.13251903491,106.13033102411401,3.258110439295365,0.9999999999999999
"(5, 6)",2,-1,3,100000.0,106.64815689183469,3.2581069050496447,1.0
"(5, 6)",2,-1,3,177827.94100389228,107.0795054128451,3.2581052524507506,1.0000000000000002
"(5, 6)",2,-1,3,316227.7660168379,107.45659010923617,3.258104442110993,1.0
"(5, 6)",2,-1,3,562341.3251903491,107.80865269374661,3.2581040179448144,1.0
"(5, 6)",2,-1,3,1000000.0,108.16369467507478,3.258103778113391,0.9999999999999999
"(5, 6)",2,0,0.1,0.0,18945.687866220556,106.6946898923711,1.0
"(5, 6)",2,0,0.1,0.0001,18945.68786622099,106.69468519001678,1.0
"(5, 6)",2,0,0.1,0.00017782794100389227,18945.68786622199,106.6946815302786,0.9999999999999998
"(5, 6)",2,0,0.1,0.00031622776601683794,18945.68786622518,106.69467502225714,1.0
"(5, 6)",2,0,0.1,0.0005623413251903491,18945.687866235327,106.69466344922566,1.0
"(5, 6)",2,0,0.1,0.001,18945.687866267403,106.69464286929713,1.0
"(5, 6)",2,0,0.1,0.0017782794100389228,18945.68786636892,106.69460627292428,0.9999999999999998
"(5, 6)",2,0,0.1,0.0031622776601683794,18945.687866690205,106.69454119589913,1.0
"(5, 6)",2,0,0.1,0.005623413251903491,18945.68786770644,106.69442547566935,1.0
"(5, 6)",2,0,0.1,0.01,18945.687870920436,106.69421970827419,1.0
"(5, 6)",2,0,0.1,0.01778279410038923,18945.687881083664,106.69385384537779,0.9999999999999998
"(5, 6)",2,0,0.1,0.03162277660168379,18945.687913216683,106.69320339389311,1.0
"(5, 6)",2,0,0.1,0.05623413251903491,18945.68801478943,106.69204719912378,1.0
"(5, 6)",2,0,0.1,0.1,18945.688335748764,106.68999270842885,1.0
"(5, 6)",2,0,0.1,0.1778279410038923,18945.689349330925,106.68634412993883,1.0
"(5, 6)",2,0,0.1,0.31622776601683794,18945.692546787337,106.67987130858322,0.9999999999999998
"(5, 6)",2,0,0.1,0.5623413251903491,18945.70261457068,106.66840908785801,1.0
"(5, 6)",2,0,0.1,1.0,18945.734210275892,106.6481767845198,1.0
"(5, 6)",2,0,0.1,1.7782794100389228,18945.83279718767,106.61266432827851,1.0
"(5, 6)",2,0,0.1,3.1622776601683795,18946.13738156847,106.55093153125621,1.0
"(5, 6)",2,0,0.1,5.623413251903491,18947.062905576913,106.4453457687534,1.0
"(5, 6)",2,0,0.1,10.0,18949.801493978328,106.2693969401174,1.0
"(5, 6)",2,0,0.1,17.78279410038923,18957.592098958983,105.98733293612464,1.0
"(5, 6)",2,0,0.1,31.622776601683793,18978.648093516855,105.55752985669736,1.0
"(5, 6)",2,0,0.1,56.23413251903491,19032.528024232237,104.93751818284602,0.9999999999999999
"(5, 6)",2,0,0.1,100.0,19164.02056490216,104.08488740899432,1.0
"(5, 6)",2,0,0.1,177.82794100389228,19470.572689901303,102.96436835108591,1.0
"(5, 6)",2,0,0.1,316.22776601683796,20137.41522355707,101.58807966857245,1.0
"(5, 6)",2,0,0.1,562.341325190349,21444.970620325887,100.06208904861111,1.0
"(5, 6)",2,0,0.1,1000.0,23724.655402501958,98.5577104279341,1.0
"(5, 6)",2,0,0.1,1778.2794100389228,27314.125977828357,97.2199686988375,1.0
"(5, 6)",2,0,0.1,3162.2776601683795,32568.208190108773,96.11571587939476,1.0
"(5, 6)",2,0,0.1,5623.413251903491,39919.20856373882,95.24551280691243,1.0
"(5, 6)",2,0,0.1,10000.0,49957.5535575155,94.57672551392854,1.0
"(5, 6)",2,0,0.1,17782.794100389227,63504.070097981974,94.06900746177219,1.0
"(5, 6)",2,0,0.1,31622.776601683792,81679.73881268523,93.68585728429771,0.9999999999999998
"(5, 6)",2,0,0.1,56234.13251903491,105995.94427729773,93.3975753731524,1.0
"(5, 6)",2,0,0.1,100000.0,138478.48884954414,93.18100728809462,1.0
"(5, 6)",2,0,0.1,177827.94100389228,181835.51238416642,93.01844619860576,1.0
"(5, 6)",2,0,0.1,316227.7660168379,239682.82117549668,92.89647753852718,1.0
"(5, 6)",2,0,0.1,562341.3251903491,316845.1261542386,92.80498692571926,0.9999999999999998
"(5, 6)",2,0,0.1,1000000.0,419758.101842698,92.7363672525455,1.0
"(5, 6)",2,0,1,0.0,271.26834429513667,21.97107377068476,1.0
"(5, 6)",2,0,1,0.0001,271.2683442962006,21.971063130155727,1.0
"(5, 6)",2,0,1,0.00017782794100389227,271.26834429850135,21.971054848984238,0.9999999999999998
"(5, 6)",2,0,1,0.00031622776601683794,271.26834430577713,21.971040123036133,1.0
"(5, 6)",2,0,1,0.0005623413251903491,271.26834432878303,21.97101393709831,1.0
"(5, 6)",2,0,1,0.001,271.2683444015304,21.9709673740699,1.0
"(5, 6)",2,0,1,0.0017782794100389228,271.2683446315509,21.97088458111893,1.0
"(5, 6)",2,0,1,0.0031622776601683794,271.26834535879317,21.970737380963865,1.0
"(5, 6)",2,0,1,0.005623413251903491,271.2683476577132,21.970475709134647,1.0
"(5, 6)",2,0,1,0.01,271.2683549229186,21.97001067160698,1.0
"(5, 6)",2,0,1,0.01778279410038923,271.268377871578,21.969184614732434,1.0
"(5, 6)",2,0,1,0.03162277660168379,271.2684502961304,21.967718524724308,0.9999999999999998
"(5, 6)",2,0,1,0.05623413251903491,271.26867850823606,21.965120442970747,1.0
"(5, 6)",2,0,1,0.1,271.2693956345632,21.960528681183767,1.0
"(5, 6)",2,0,1,0.1778279410038923,271.2716381922929,21.952451686060947,1.0
"(5, 6)",2,0,1,0.31622776601683794,271.278591566436,21.938361522692816,1.0
"(5, 6)",2,0,1,0.5623413251903491,271.2998358069898,21.914132737380452,1.0
"(5, 6)",2,0,1,1.0,271.36313361314814,21.873478615172875,1.0
"(5, 6)",2,0,1,1.7782794100389228,271.5440853701714,21.807969832615157,1.0
"(5, 6)",2,0,1,3.1622776601683795,272.0288267023663,21.70892701434003,1.0
"(5, 6)",2,0,1,5.623413251903491,273.2096772138332,21.572546084326508,1.0
"(5, 6)",2,0,1,10.0,275.7451955546257,21.406777203544745,1.0
"(5, 6)",2,0,1,17.78279410038923,280.4352122900699,21.233058525890797,1.0
"(5, 6)",2,0,1,31.622776601683793,287.87878156461113,21.07690615323152,1.0
"(5, 6)",2,0,1,56.23413251903491,298.2300866991986,20.95411189018711,1.0
"(5, 6)",2,0,1,100.0,311.355725203672,20.86625314963646,1.0
"(5, 6)",2,0,1,177.82794100389228,327.1942504652396,20.806545858452218,1.0
"(5, 6)",2,0,1,316.22776601683796,346.01320764058954,20.76664717173931,1.0
"(5, 6)",2,0,1,562.341325190349,368.53675126246543,20.739812866959888,1.0
"(5, 6)",2,0,1,1000.0,396.01901995986344,20.72142019999563,1.0
"(5, 6)",2,0,1,1778.2794100389228,430.31848896811607,20.70852532627224,1.0
"(5, 6)",2,0,1,3162.2776601683795,474.00879699215875,20.699296806954518,1.0
"(5, 6)",2,0,1,5623.413251903491,530.5509608414899,20.692585017937812,1.0
"(5, 6)",2,0,1,10000.0,604.5478167476884,20.687647725509397,1.0
"(5, 6)",2,0,1,17782.794100389227,702.1030016684044,20.683988373835454,0.9999999999999998
"(5, 6)",2,0,1,31622.776601683792,831.3131448348006,20.681263317628982,0.9999999999999998
"(5, 6)",2,0,1,56234.13251903491,1002.9322077607902,20.679228151266464,1.0
"(5, 6)",2,0,1,100000.0,1231.2615647658974,20.677705603273914,1.0
"(5, 6)",2,0,1,177827.94100389228,1535.3385565091394,20.67656540708849,1.0
"(5, 6)",2,0,1,316227.7660168379,1940.5209757840948,20.675711043523275,0.9999999999999998
"(5, 6)",2,0,1,562341.3251903491,2480.5989918016776,20.675070641576987,1.0
"(5, 6)",2,0,1,1000000.0,3200.607880472603,20.674590524388805,1.0
"(5, 6)",2,0,3,0.0,184.4970835318676,20.973192208213053,0.9999999999999998
"(5, 6)",2,0,3,0.0001,184.49708353816274,20.973129255273403,1.0
"(5, 6)",2,0,3,0.00017782794100389227,184.4970835517743,20.973080262641144,1.0
"(5, 6)",2,0,3,0.00031622776601683794,184.4970835948152,20.972993145122594,1.0
"(5, 6)",2,0,3,0.0005623413251903491,184.49708373090732,20.972838241866263,0.9999999999999998
"(5, 6)",2,0,3,0.001,184.4970841611882,20.97256283128579,1.0
"(5, 6)",2,0,3,0.0017782794100389228,184.4970855213983,20.972073234557076,1.0
"(5, 6)",2,0,3,0.0031622776601683794,184.4970898201925,20.97120310113658,1.0
"(5, 6)",2,0,3,0.005623413251903491,184.49710339975633,20.969657360082582,1.0
"(5, 6)",2,0,3,0.01,184.49714626121198,20.966913646980863,1.0
"(5, 6)",2,0,3,0.01778279410038923,184.49728134793338,20.962050454853014,1.0
"(5, 6)",2,0,3,0.03162277660168379,184.4977059995823,20.95345226486816,0.9999999999999998
"(5, 6)",2,0,3,0.05623413251903491,184.4990348145276,20.938318244497538,1.0
"(5, 6)",2,0,3,0.1,184.5031596011276,20.911888429086073,1.0
"(5, 6)",2,0,3,0.1778279410038923,184.51578517298714,20.866358595518353,1.0
"(5, 6)",2,0,3,0.31622776601683794,184.55351281855877,20.789744941754915,1.0
"(5, 6)",2,0,3,0.5623413251903491,184.66181172588927,20.665789082572932,1.0
"(5, 6)",2,0,3,1.0,184.95333426273646,20.477473194412838,1.0
"(5, 6)",2,0,3,1.7782794100389228,185.66610053852764,20.21718292514762,1.0
"(5, 6)",2,0,3,3.1622776601683795,187.19538415708632,19.900954198815118,1.0
"(5, 6)",2,0,3,5.623413251903491,190.00130380876638,19.572103426148566,1.0
"(5, 6)",2,0,3,10.0,194.37683471013682,19.28151124191128,1.0
"(5, 6)",2,0,3,17.78279410038923,200.26215365978854,19.060262763853903,1.0
"(5, 6)",2,0,3,31.622776601683793,207.27084588495802,18.911322323142056,1.0
"(5, 6)",2,0,3,56.23413251903491,214.85776165837498,18.820290496303716,1.0
"(5, 6)",2,0,3,100.0,222.4821267806165,18.76868442708209,1.0
"(5, 6)",2,0,3,177.82794100389228,229.70671590536344,18.74111689053797,1.0
"(5, 6)",2,0,3,316.22776601683796,236.23826611754362,18.72707360792664,1.0
"(5, 6)",2,0,3,562.341325190349,241.926973852573,18.720184776675897,1.0
"(5, 6)",2,0,3,1000.0,246.7415342753158,18.716902356509628,1.0
"(5, 6)",2,0,3,1778.2794100389228,250.73428432820577,18.715370419382925,0.9999999999999998
"(5, 6)",2,0,3,3162.2776601683795,254.007536840033,18.714663958276493,1.0
"(5, 6)",2,0,3,5623.413251903491,256.6872785576767,18.714338787226026,1.0
"(5, 6)",2,0,3,10000.0,258.90597460739275,18.714187523367166,1.0
"(5, 6)",2,0,3,17782.794100389227,260.79356336056895,18.714115278799525,1.0
"(5, 6)",2,0,3,31622.776601683792,262.47468715775915,18.71407919029683,1.0
"(5, 6)",2,0,3,56234.13251903491,264.0703231351097,18.714059992317257,1.0
"(5, 6)",2,0,3,100000.0,265.7023052089277,18.714048989744555,1.0
"(5, 6)",2,0,3,177827.94100389228,267.5002260998782,18.714042195167103,1.0
"(5, 6)",2,0,3,316227.7660168379,269.6099727857641,18.714037721681358,0.9999999999999998
"(5, 6)",2,0,3,562341.3251903491,272.20419780201547,18.714034630998253,1.0
"(5, 6)",2,0,3,1000000.0,275.4934825964976,18.71403242344922,1.0
"(5, 6)",2,1,0.1,0.0,2058.4372810823725,13.318479445863288,1.0
"(5, 6)",2,1,0.1,0.0001,2058.437281082397,13.318479183705078,1.0
"(5, 6)",2,1,0.1,0.00017782794100389227,2058.4372810824552,13.31847897967295,1.0
"(5, 6)",2,1,0.1,0.00031622776601683794,2058.4372810826335,13.318478616847235,0.9999999999999998
"(5, 6)",2,1,0.1,0.0005623413251903491,2058.4372810832,13.318477971643002,1.0
"(5, 6)",2,1,0.1,0.001,2058.4372810849914,13.31847682429359,1.0
"(5, 6)",2,1,0.1,0.0017782794100389228,2058.4372810906566,13.318474783998427,0.9999999999999998
"(5, 6)",2,1,0.1,0.0031622776601683794,2058.4372811085796,13.318471155823634,0.9999999999999999
"(5, 6)",2,1,0.1,0.005623413251903491,2058.437281165257,13.31846470404181,1.0
"(5, 6)",2,1,0.1,0.01,2058.437281344488,13.318453231371738,1.0000000000000002
"(5, 6)",2,1,0.1,0.01778279410038923,2058.4372819112436,13.318432831025696,1.0
"(5, 6)",2,1,0.1,0.03162277660168379,2058.437283703309,13.318396557515745,1.0
"(5, 6)",2,1,0.1,0.05623413251903491,2058.4372893692253,13.318332065740233,0.9999999999999999
"(5, 6)",2,1,0.1,0.1,2058.437307280107,13.31821742134703,1.0000000000000002
"(5, 6)",2,1,0.1,0.1778279410038923,2058.43736388343,13.318013677903744,0.9999999999999998
"(5, 6)",2,1,0.1,0.31622776601683794,2058.4375426771617,13.317651763580406,1.0
"(5, 6)",2,1,0.1,0.5623413251903491,2058.4381069425162,13.31700943312315,0.9999999999999999
"(5, 6)",2,1,0.1,1.0,2058.4398850012276,13.315871125121816,1.0
"(5, 6)",2,1,0.1,1.7782794100389228,2058.445472764507,13.313859165240551,1.0
"(5, 6)",2,1,0.1,3.1622776601683795,2058.4629511649696,13.310319194325823,1.0
"(5, 6)",2,1,0.1,5.623413251903491,2058.5171909981245,13.304138844415979,1.0000000000000002
"(5, 6)",2,1,0.1,10.0,2058.683325201584,13.293485810878712,1.0
"(5, 6)",2,1,0.1,17.78279410038923,2059.181866134201,13.275488582132908,1.0
"(5, 6)",2,1,0.1,31.622776601683793,2060.6336183612166,13.245969814064786,1.0
"(5, 6)",2,1,0.1,56.23413251903491,2064.690753977027,13.199479039554497,1.0
"(5, 6)",2,1,0.1,100.0,2075.4275767202903,13.13009210446221,1.0
"(5, 6)",2,1,0.1,177.82794100389228,2101.8366566808027,13.03374013632032,1.0000000000000002
"(5, 6)",2,1,0.1,316.22776601683796,2160.8394536758788,12.912074794385173,1.0
"(5, 6)",2,1,0.1,562.341325190349,2278.5512219968487,12.774814303206243,1.0
"(5, 6)",2,1,0.1,1000.0,2487.7289032586614,12.636905842019308,1.0
"(5, 6)",2,1,0.1,1778.2794100389228,2822.4454378339,12.512234689069793,0.9999999999999999
"(5, 6)",2,1,0.1,3162.2776601683795,3315.7542611019135,12.40856888673728,0.9999999999999999
"(5, 6)",2,1,0.1,5623.413251903491,4006.054510754649,12.326846540773849,1.0
"(5, 6)",2,1,0.1,10000.0,4947.082516681775,12.264146703744146,1.0
"(5, 6)",2,1,0.1,17782.794100389227,6214.919431210756,12.2166254804625,0.9999999999999999
"(5, 6)",2,1,0.1,31622.776601683792,7914.030756606684,12.180805936408605,0.9999999999999999
"(5, 6)",2,1,0.1,56234.13251903491,10185.45787988583,12.153876169448615,1.0
"(5, 6)",2,1,0.1,100000.0,13218.297381790133,12.133655248625903,1.0
"(5, 6)",2,1,0.1,177827.94100389228,17265.32750779493,12.11848135045738,1.0
"(5, 6)",2,1,0.1,316227.7660168379,22664.016189067876,12.107098417410045,1.0
"(5, 6)",2,1,0.1,562341.3251903491,29864.625100435034,12.098560761227834,1.0
"(5, 6)",2,1,0.1,1000000.0,39467.73306239502,12.092157735876045,1.0000000000000002
"(5, 6)",2,1,1,0.0,113.29352026854332,6.566617750588095,1.0
"(5, 6)",2,1,1,0.0001,113.29352027050476,6.5665981379789695,1.0
"(5, 6)",2,1,1,0.00017782794100389227,113.29352027474535,6.566582874330011,1.0
"(5, 6)",2,1,1,0.00031622776601683794,113.29352028815504,6.5665557322511665,1.0
"(5, 6)",2,1,1,0.0005623413251903491,113.29352033055764,6.566507469067294,1.0
"(5, 6)",2,1,1,0.001,113.29352046463066,6.566421653177599,1.0
"(5, 6)",2,1,1,0.0017782794100389228,113.29352088852062,6.566269078697742,1.0
"(5, 6)",2,1,1,0.0031622776601683794,113.29352222849448,6.5659978539432,1.0
"(5, 6)",2,1,1,0.005623413251903491,113.29352646314831,6.565515841688213,1.0000000000000002
"(5, 6)",2,1,1,0.01,113.29353983905222,6.56465964023072,0.9999999999999999
"(5, 6)",2,1,1,0.01778279410038923,113.29358205184953,6.563140074977286,0.9999999999999999
"(5, 6)",2,1,1,0.03162277660168379,113.29371506159387,6.560447310489217,1.0
"(5, 6)",2,1,1,0.05623413251903491,113.29413300335528,6.555688472725915,1.0
"(5, 6)",2,1,1,0.1,113.29543982980245,6.547318446334578,1.0
"(5, 6)",2,1,1,0.1778279410038923,113.29949101969325,6.532719944482489,1.0000000000000002
"(5, 6)",2,1,1,0.31622776601683794,113.31186348923285,6.50762666995267,0.9999999999999999
"(5, 6)",2,1,1,0.5623413251903491,113.34869797541025,6.465554761844125,1.0
"(5, 6)",2,1,1,1.0,113.4538240837688,6.397869828793216,1.0
"(5, 6)",2,1,1,1.7782794100389228,113.73452117840372,6.295861081264138,1.0
"(5, 6)",2,1,1,3.1622776601683795,114.41444340932507,6.156173315526503,1.0
"(5, 6)",2,1,1,5.623413251903491,115.86358357003748,5.98763416158507,0.9999999999999999
"(5, 6)",2,1,1,10.0,118.53055300530961,5.8119483086829415,1.0
"(5, 6)",2,1,1,17.78279410038923,122.77402361346196,5.653695254279329,1.0
"(5, 6)",2,1,1,31.622776601683793,128.71883326091066,5.528324446570937,1.0
"(5, 6)",2,1,1,56.23413251903491,136.2259516517586,5.438894443416213,0.9999999999999999
"(5, 6)",2,1,1,100.0,144.93968168819217,5.380306139865278,1.0
"(5, 6)",2,1,1,177.82794100389228,154.37643309843168,5.344518323647922,1.0
"(5, 6)",2,1,1,316.22776601683796,164.04332647131542,5.323854417759632,0.9999999999999998
"(5, 6)",2,1,1,562.341325190349,173.54870914895884,5.312410264938809,0.9999999999999998
"(5, 6)",2,1,1,1000.0,182.67092957623547,5.306229638433289,0.9999999999999999
"(5, 6)",2,1,1,1778.2794100389228,191.37986825892455,5.302912252948541,1.0
"(5, 6)",2,1,1,3162.2776601683795,199.82584086492398,5.301105328411271,1.0
"(5, 6)",2,1,1,5623.413251903491,208.31651883804813,5.300086014681251,0.9999999999999999
"(5, 6)",2,1,1,10000.0,217.29885406872643,5.299481229330253,1.0
"(5, 6)",2,1,1,17782.794100389227,227.35613820714943,5.299101454705268,1.0
"(5, 6)",2,1,1,31622.776601683792,239.22482842789765,5.298850006426512,1.0
"(5, 6)",2,1,1,56234.13251903491,253.8330566156832,5.298676269449252,0.9999999999999998
"(5, 6)",2,1,1,100000.0,272.36261142624534,5.2985524901901675,1.0
"(5, 6)",2,1,1,177827.94100389228,296.3375361577328,5.298462495812319,0.9999999999999999
"(5, 6)",2,1,1,316227.7660168379,327.7450732988936,5.298396229138306,1.0
"(5, 6)",2,1,1,562341.3251903491,369.197388080179,5.298347058886206,1.0
"(5, 6)",2,1,1,1000000.0,424.1471858765913,5.298310409561276,0.9999999999999999
"(5, 6)",2,1,3,0.0,103.43581823930616,6.701395797551825,1.0
"(5, 6)",2,1,3,0.0001,103.43581824298788,6.7013589807061065,0.9999999999999998
"(5, 6)",2,1,3,0.00017782794100389227,103.43581825094839,6.701330328167277,1.0
"(5, 6)",2,1,3,0.00031622776601683794,103.43581827612026,6.7012793786604075,1.0
"(5, 6)",2,1,3,0.0005623413251903491,103.43581835571291,6.701188784779672,1.0
"(5, 6)",2,1,3,0.001,103.43581860736333,6.701027710668384,1.0
"(5, 6)",2,1,3,0.0017782794100389228,103.43581940290711,6.700741361627537,1.0
"(5, 6)",2,1,3,0.0031622776601683794,103.43582191726335,6.700232423966452,1.0
"(5, 6)",2,1,3,0.005623413251903491,103.43582986063993,6.699328246416344,0.9999999999999999
"(5, 6)",2,1,3,0.01,103.43585493650568,6.697723066909337,0.9999999999999999
"(5, 6)",2,1,3,0.01778279410038923,103.43593399078901,6.694877119119147,1.0
"(5, 6)",2,1,3,0.03162277660168379,103.43618262728091,6.689842967111402,1.0
"(5, 6)",2,1,3,0.05623413251903491,103.43696135289896,6.680974435710995,1.0
"(5, 6)",2,1,3,0.1,103.439382407134,6.665462804801445,1.0
"(5, 6)",2,1,3,0.1778279410038923,103.44681342103155,6.6386696541393,0.9999999999999998
"(5, 6)",2,1,3,0.31622776601683794,103.46912433776541,6.593375242440036,1.0
"(5, 6)",2,1,3,0.5623413251903491,103.53368440789497,6.519515734468878,1.0
"(5, 6)",2,1,3,1.0,103.70976163838219,6.4058596142236395,0.9999999999999999
"(5, 6)",2,1,3,1.7782794100389228,104.1491462964553,6.245588635394882,1.0
"(5, 6)",2,1,3,3.1622776601683795,105.12062335338895,6.045040761896478,1.0
"(5, 6)",2,1,3,5.623413251903491,106.97981187818202,5.8276548599216245,1.0
"(5, 6)",2,1,3,10.0,110.05201598878692,5.624276576634923,1.0
"(5, 6)",2,1,3,17.78279410038923,114.52121199362206,5.456983415667851,1.0
"(5, 6)",2,1,3,31.622776601683793,120.39955415774608,5.332710331968163,1.0
"(5, 6)",2,1,3,56.23413251903491,127.52295431951755,5.247713671390335,1.0
"(5, 6)",2,1,3,100.0,135.54967422543265,5.19367461095947,1.0
"(5, 6)",2,1,3,177.82794100389228,144.00898513799697,5.161550020115483,1.0000000000000002
"(5, 6)",2,1,3,316.22776601683796,152.4001804218931,5.143581477671486,0.9999999999999999
"(5, 6)",2,1,3,562.341325190349,160.2924367521554,5.1340554015314055,1.0
"(5, 6)",2,1,3,1000.0,167.38580646110302,5.129231201708193,1.0
"(5, 6)",2,1,3,1778.2794100389228,173.52482603623162,5.126879534117028,0.9999999999999999
"(5, 6)",2,1,3,3162.2776601683795,178.67763577779587,5.125768101964429,0.9999999999999999
"(5, 6)",2,1,3,5623.413251903491,182.89959113994453,5.125255493031408,1.0
"(5, 6)",2,1,3,10000.0,186.2964410078196,5.125023398218499,1.0
"(5, 6)",2,1,3,17782.794100389227,188.99508784283964,5.124919660065342,1.0
"(5, 6)",2,1,3,31622.776601683792,191.12408774188629,5.124873628963748,0.9999999999999999
"(5, 6)",2,1,3,56234.13251903491,192.80273986616749,5.124853222063313,1.0
"(5, 6)",2,1,3,100000.0,194.13646438181465,5.124844109583973,1.0
"(5, 6)",2,1,3,177827.94100389228,195.21624197437964,5.124839965817634,1.0
"(5, 6)",2,1,3,316227.7660168379,196.12032352644584,5.124838018317004,0.9999999999999998
"(5, 6)",2,1,3,562341.3251903491,196.9171856505668,5.124837055178796,1.0
"(5, 6)",2,1,3,1000000.0,197.66909249892296,5.124836545350234,1.0
"(5, 7)",2,-1,0.1,0.0,23470.91755430659,150.01847994815566,1.0
"(5, 7)",2,-1,0.1,0.0001,23470.917554307092,150.01847449340823,1.0
"(5, 7)",2,-1,0.1,0.00017782794100389227,23470.91755430828,150.01847024809584,1.0
"(5, 7)",2,-1,0.1,0.00031622776601683794,23470.917554311964,150.01846269875446,1.0
"(5, 7)",2,-1,0.1,0.0005623413251903491,23470.917554323696,150.0184492739486,1.0
"(5, 7)",2,-1,0.1,0.001,23470.91755436087,150.01842540099503,1.0
"(5, 7)",2,-1,0.1,0.0017782794100389228,23470.91755447863,150.0183829485372,1.0
"(5, 7)",2,-1,0.1,0.0031622776601683794,23470.917554851254,150.01830745723015,1.0000000000000002
"(5, 7)",2,-1,0.1,0.005623413251903491,23470.917556030025,150.0181732158327,1.0
"(5, 7)",2,-1,0.1,0.01,23470.91755975834,150.01793450736363,1.0
"(5, 7)",2,-1,0.1,0.01778279410038923,23470.917571548915,150.0175100493969,0.9999999999999999
"(5, 7)",2,-1,0.1,0.03162277660168379,23470.917608831598,150.01675534692663,1.0000000000000002
"(5, 7)",2,-1,0.1,0.05623413251903491,23470.917726705433,150.01541359868745,1.0
"(5, 7)",2,-1,0.1,0.1,23470.918099300055,150.01302861786692,1.0
"(5, 7)",2,-1,0.1,0.1778279410038923,23470.919276642886,150.00879068353944,1.0
"(5, 7)",2,-1,0.1,0.31622776601683794,23470.922994596032,150.00126463018995,0.9999999999999999
"(5, 7)",2,-1,0.1,0.5623413251903491,23470.934722988397,149.98791322434764,1.0
"(5, 7)",2,-1,0.1,1.0,23470.971650749918,149.96427102818828,0.9999999999999999
"(5, 7)",2,-1,0.1,1.7782794100389228,23471.087537436695,149.92254079969402,1.0
"(5, 7)",2,-1,0.1,3.1622776601683795,23471.449145550458,149.84929251421468,1.0
"(5, 7)",2,-1,0.1,5.623413251903491,23472.566671026063,149.72192609764488,1.0
"(5, 7)",2,-1,0.1,10.0,23475.966468857994,149.50383752967562,1.0
"(5, 7)",2,-1,0.1,17.78279410038923,23486.062416571862,149.1391670498171,1.0
"(5, 7)",2,-1,0.1,31.622776601683793,23515.032832571866,148.54965291301875,1.0000000000000002
"(5, 7)",2,-1,0.1,56.23413251903491,23594.55161244278,147.63764050036733,1.0
"(5, 7)",2,-1,0.1,100.0,23801.023871160032,146.30211343361012,0.9999999999999999
"(5, 7)",2,-1,0.1,177.82794100389228,24298.854672152054,144.4839664265967,1.0
"(5, 7)",2,-1,0.1,316.22776601683796,25381.670945690654,142.24769756519697,0.9999999999999999
"(5, 7)",2,-1,0.1,562.341325190349,27452.164946008746,139.8274542597809,1.0
"(5, 7)",2,-1,0.1,1000.0,30926.644243999046,137.53009474114285,1.0
"(5, 7)",2,-1,0.1,1778.2794100389228,36183.999107952644,135.567246126098,1.0
"(5, 7)",2,-1,0.1,3162.2776601683795,43642.68485338738,133.99774390668784,1.0
"(5, 7)",2,-1,0.1,5623.413251903491,53882.633125035354,132.7847579584947,0.9999999999999999
"(5, 7)",2,-1,0.1,10000.0,67731.39031128139,131.86181242250728,1.0
"(5, 7)",2,-1,0.1,17782.794100389227,86331.00311583435,131.16459463878078,1.0
"(5, 7)",2,-1,0.1,31622.776601683792,111226.22660374286,130.63975017730067,1.0
"(5, 7)",2,-1,0.1,56234.13251903491,144490.09596623527,130.24537147029122,1.0
"(5, 7)",2,-1,0.1,100000.0,188895.33836389254,129.9493050696427,1.0
"(5, 7)",2,-1,0.1,177827.94100389228,248144.90817058433,129.7271540204766,1.0
"(5, 7)",2,-1,0.1,316227.7660168379,327180.38503078383,129.5605095330072,1.0
"(5, 7)",2,-1,0.1,562341.3251903491,432593.80193295237,129.43552095937704,1.0
"(5, 7)",2,-1,0.1,1000000.0,573177.016585632,129.3417829304717,1.0
"(5, 7)",2,-1,1,0.0,240.25823747309738,19.64583941602206,0.9999999999999999
"(5, 7)",2,-1,1,0.0001,240.25823747445133,19.64582587688741,0.9999999999999999
"(5, 7)",2,-1,1,0.00017782794100389227,240.25823747737886,19.645815339856327,0.9999999999999999
"(5, 7)",2,-1,1,0.00031622776601683794,240.25823748663603,19.64579660250106,1.0
"(5, 7)",2,-1,1,0.0005623413251903491,240.2582375159089,19.64576328360797,1.0
"(5, 7)",2,-1,1,0.001,240.25823760847115,19.645704037606567,1.0
"(5, 7)",2,-1,1,0.0017782794100389228,240.2582379011392,19.64559869525852,1.0
"(5, 7)",2,-1,1,0.0031622776601683794,240.2582388264199,19.64541141011312,0.9999999999999999
"(5, 7)",2,-1,1,0.005623413251903491,240.25824175118802,19.645078500650694,0.9999999999999999
"(5, 7)",2,-1,1,0.01,240.25825099323694,19.644486923833096,1.0
"(5, 7)",2,-1,1,0.01778279410038923,240.25828018052994,19.6434362901085,1.0
"(5, 7)",2,-1,1,0.03162277660168379,240.25837226224783,19.641572242935933,0.9999999999999999
"(5, 7)",2,-1,1,0.05623413251903491,240.25866223844744,19.63827089082181,1.0
"(5, 7)",2,-1,1,0.1,240.2595724718788,19.632442299683134,0.9999999999999998
"(5, 7)",2,-1,1,0.1778279410038923,240.2624135271977,19.622208579306683,1.0
"(5, 7)",2,-1,1,0.31622776601683794,240.27119360306457,19.604413427284264,0.9999999999999999
"(5, 7)",2,-1,1,0.5623413251903491,240.29786687139827,19.57398293955322,1.0
"(5, 7)",2,-1,1,1.0,240.37658538996652,19.52339698535714,1.0
"(5, 7)",2,-1,1,1.7782794100389228,240.5981821485012,19.443104133681196,0.9999999999999998
"(5, 7)",2,-1,1,3.1622776601683795,241.1782010465169,19.32444343985125,1.0
"(5, 7)",2,-1,1,5.623413251903491,242.54778490017773,19.16600828281712,1.0
"(5, 7)",2,-1,1,10.0,245.38766855944723,18.980035160149946,1.0
"(5, 7)",2,-1,1,17.78279410038923,250.4899290636813,18.790834054167107,1.0000000000000002
"(5, 7)",2,-1,1,31.622776601683793,258.4682661385845,18.623401403048913,1.0
"(5, 7)",2,-1,1,56.23413251903491,269.52838355371404,18.492193386016822,1.0
"(5, 7)",2,-1,1,100.0,283.508834102679,18.39858411808431,0.9999999999999999
"(5, 7)",2,-1,1,177.82794100389228,300.1917931155296,18.335647158098382,1.0
"(5, 7)",2,-1,1,316.22776601683796,319.65404933848123,18.29434439332858,0.9999999999999999
"(5, 7)",2,-1,1,562.341325190349,342.47641999328465,18.267128181619714,1.0
"(5, 7)",2,-1,1,1000.0,369.8260508036887,18.24881026339397,1.0
"(5, 7)",2,-1,1,1778.2794100389228,403.50192966137473,18.236143028913666,0.9999999999999998
"(5, 7)",2,-1,1,3162.2776601683795,446.01272611518624,18.227160583378225,0.9999999999999998
"(5, 7)",2,-1,1,5623.413251903491,500.72355700625445,18.22066485640693,1.0
"(5, 7)",2,-1,1,10000.0,572.0915662976724,18.215902412234083,1.0
"(5, 7)",2,-1,1,17782.794100389227,666.0080612126638,18.212379319672905,1.0
"(5, 7)",2,-1,1,31622.776601683792,790.2715489370413,18.209758494000248,0.9999999999999998
"(5, 7)",2,-1,1,56234.13251903491,955.2270965199216,18.20780230866677,1.0
"(5, 7)",2,-1,1,100000.0,1174.6227302858847,18.206339317668473,1.0
"(5, 7)",2,-1,1,177827.94100389228,1466.7521079837902,18.205243915422766,1.0
"(5, 7)",2,-1,1,316227.7660168379,1855.9777885802641,18.204423197274508,1.0
"(5, 7)",2,-1,1,562341.3251903491,2374.7601031109857,18.203808048614363,0.9999999999999999
"(5, 7)",2,-1,1,1000000.0,3066.3602082500756,18.203346877809743,1.0
"(5, 7)",2,-1,3,0.0,160.76834165914988,18.825436455290276,1.0
"(5, 7)",2,-1,3,0.0001,160.76834166509178,18.82537703757756,0.9999999999999999
"(5, 7)",2,-1,3,0.00017782794100389227,160.76834167793893,18.825330796239932,0.9999999999999999
"(5, 7)",2,-1,3,0.00031622776601683794,160.76834171856265,18.825248571076347,1.0
"(5, 7)",2,-1,3,0.0005623413251903491,160.76834184701215,18.82510236711212,1.0
"(5, 7)",2,-1,3,0.001,160.76834225312743,18.824842424147178,1.0
"(5, 7)",2,-1,3,0.0017782794100389228,160.7683435369394,18.82438032634268,1.0
"(5, 7)",2,-1,3,0.0031622776601683794,160.76834759425034,18.823559072137503,0.9999999999999999
"(5, 7)",2,-1,3,0.005623413251903491,160.76836041078948,18.822100183854083,0.9999999999999999
"(5, 7)",2,-1,3,0.01,160.76840086280035,18.81951070397717,1.0
"(5, 7)",2,-1,3,0.01778279410038923,160.76852834956298,18.81492110190264,0.9999999999999999
"(5, 7)",2,-1,3,0.03162277660168379,160.7689290766613,18.80680728782633,1.0
"(5, 7)",2,-1,3,0.05623413251903491,160.7701828435465,18.792527877251878,1.0
"(5, 7)",2,-1,3,0.1,160.77407369560913,18.767596652087718,1.0
"(5, 7)",2,-1,3,0.1778279410038923,160.78597824014594,18.72466594310867,1.0
"(5, 7)",2,-1,3,0.31622776601683794,160.82152793532228,18.652472447021477,1.0
"(5, 7)",2,-1,3,0.5623413251903491,160.92348085847547,18.535774466849677,0.9999999999999999
"(5, 7)",2,-1,3,1.0,161.19765372802155,18.358658933625815,1.0
"(5, 7)",2,-1,3,1.7782794100389228,161.86791955534503,18.113897590263417,1.0
"(5, 7)",2,-1,3,3.1622776601683795,163.31045629053884,17.815685924912295,1.0
"(5, 7)",2,-1,3,5.623413251903491,165.98539032023774,17.50242138738606,0.9999999999999999
"(5, 7)",2,-1,3,10.0,170.2544409480228,17.219313291342623,0.9999999999999999
"(5, 7)",2,-1,3,17.78279410038923,176.2170835511102,16.995630640271,1.0
"(5, 7)",2,-1,3,31.622776601683793,183.66029839089768,16.83782578126477,1.0
"(5, 7)",2,-1,3,56.23413251903491,192.09565538755476,16.736817002605033,1.0
"(5, 7)",2,-1,3,100.0,200.87370560037948,16.677480770487843,1.0
"(5, 7)",2,-1,3,177.82794100389228,209.35775295970578,16.6451264286226,1.0
"(5, 7)",2,-1,3,316.22776601683796,217.07187853340346,16.628540301010364,1.0
"(5, 7)",2,-1,3,562.341325190349,223.75697909010424,16.620441318268,1.0
"(5, 7)",2,-1,3,1000.0,229.34446078510018,16.616629135994707,1.0
"(5, 7)",2,-1,3,1778.2794100389228,233.89435127039786,16.614881696635955,1.0000000000000002
"(5, 7)",2,-1,3,3162.2776601683795,237.53495343466082,16.614094914985987,1.0
"(5, 7)",2,-1,3,5623.413251903491,240.41936687116447,16.613744272696394,1.0
"(5, 7)",2,-1,3,10000.0,242.69982464510176,16.613588393708962,0.9999999999999999
"(5, 7)",2,-1,3,17782.794100389227,244.5154018443287,16.613518645701273,1.0000000000000002
"(5, 7)",2,-1,3,31622.776601683792,245.98821282612028,16.61348686629445,1.0
"(5, 7)",2,-1,3,56234.13251903491,247.22437281412434,16.613471896416847,0.9999999999999999
"(5, 7)",2,-1,3,100000.0,248.3174618316445,16.613464473022763,1.0
"(5, 7)",2,-1,3,177827.94100389228,249.35318067460065,16.61346053079736,1.0
"(5, 7)",2,-1,3,316227.7660168379,250.41458391835218,16.61345826576158,0.9999999999999999
"(5, 7)",2,-1,3,562341.3251903491,251.58749139070247,16.613456860188677,1.0
"(5, 7)",2,-1,3,1000000.0,252.96599441042503,16.613455929536983,1.0
"(5, 7)",2,0,0.1,0.0,18945.687866220545,106.69468989237099,0.9999999999999998
"(5, 7)",2,0,0.1,0.0001,18945.687866220993,106.6946851900168,1.0
"(5, 7)",2,0,0.1,0.00017782794100389227,18945.687866221982,106.69468153027856,0.9999999999999998
"(5, 7)",2,0,0.1,0.00031622776601683794,18945.68786622519,106.69467502225719,1.0
"(5, 7)",2,0,0.1,0.0005623413251903491,18945.687866235316,106.69466344922567,1.0
"(5, 7)",2,0,0.1,0.001,18945.68786626739,106.69464286929714,1.0
"(5, 7)",2,0,0.1,0.0017782794100389228,18945.687866368935,106.69460627292435,1.0
"(5, 7)",2,0,0.1,0.0031622776601683794,18945.6878666902,106.69454119589909,1.0
"(5, 7)",2,0,0.1,0.005623413251903491,18945.68786770645,106.69442547566938,1.0
"(5, 7)",2,0,0.1,0.01,18945.687870920432,106.69421970827419,1.0
"(5, 7)",2,0,0.1,0.01778279410038923,18945.687881083664,106.6938538453778,0.9999999999999998
"(5, 7)",2,0,0.1,0.03162277660168379,18945.687913216672,106.6932033938931,1.0
"(5, 7)",2,0,0.1,0.05623413251903491,18945.688014789434,106.69204719912379,1.0
"(5, 7)",2,0,0.1,0.1,18945.688335748768,106.6899927084289,1.0
"(5, 7)",2,0,0.1,0.1778279410038923,18945.689349330925,106.68634412993885,1.0
"(5, 7)",2,0,0.1,0.31622776601683794,18945.692546787344,106.67987130858319,1.0
"(5, 7)",2,0,0.1,0.5623413251903491,18945.70261457066,106.66840908785794,0.9999999999999998
"(5, 7)",2,0,0.1,1.0,18945.734210275907,106.64817678451982,1.0
"(5, 7)",2,0,0.1,1.7782794100389228,18945.83279718767,106.6126643282785,1.0
"(5, 7)",2,0,0.1,3.1622776601683795,18946.13738156847,106.55093153125621,1.0
"(5, 7)",2,0,0.1,5.623413251903491,18947.06290557692,106.44534576875336,1.0
"(5, 7)",2,0,0.1,10.0,18949.80149397832,106.26939694011733,1.0
"(5, 7)",2,0,0.1,17.78279410038923,18957.592098958987,105.9873329361247,1.0
"(5, 7)",2,0,0.1,31.622776601683793,18978.64809351685,105.55752985669736,1.0
"(5, 7)",2,0,0.1,56.23413251903491,19032.52802423223,104.93751818284605,1.0
"(5, 7)",2,0,0.1,100.0,19164.020564902163,104.08488740899432,1.0
"(5, 7)",2,0,0.1,177.82794100389228,19470.572689901295,102.96436835108588,1.0
"(5, 7)",2,0,0.1,316.22776601683796,20137.41522355704,101.58807966857235,1.0
"(5, 7)",2,0,0.1,562.341325190349,21444.970620325887,100.06208904861114,0.9999999999999998
"(5, 7)",2,0,0.1,1000.0,23724.65540250196,98.55771042793405,1.0
"(5, 7)",2,0,0.1,1778.2794100389228,27314.125977828364,97.21996869883748,1.0
"(5, 7)",2,0,0.1,3162.2776601683795,32568.208190108762,96.11571587939478,1.0
"(5, 7)",2,0,0.1,5623.413251903491,39919.208563738786,95.24551280691242,0.9999999999999999
"(5, 7)",2,0,0.1,10000.0,49957.55355751556,94.57672551392861,1.0
"(5, 7)",2,0,0.1,17782.794100389227,63504.070097981916,94.06900746177217,1.0
"(5, 7)",2,0,0.1,31622.776601683792,81679.73881268529,93.68585728429767,1.0
"(5, 7)",2,0,0.1,56234.13251903491,105995.94427729874,93.39757537315236,1.0
"(5, 7)",2,0,0.1,100000.0,138478.48884953963,93.18100728809453,1.0
"(5, 7)",2,0,0.1,177827.94100389228,181835.51238411746,93.01844619860579,1.0
"(5, 7)",2,0,0.1,316227.7660168379,239682.82117550395,92.89647753852712,1.0
"(5, 7)",2,0,0.1,562341.3251903491,316845.1261542508,92.80498692571923,0.9999999999999998
"(5, 7)",2,0,0.1,1000000.0,419758.10184271494,92.73636725254555,1.0
"(5, 7)",2,0,1,0.0,271.2683442951368,21.971073770684754,1.0
"(5, 7)",2,0,1,0.0001,271.2683442962012,21.971063130155745,1.0
"(5, 7)",2,0,1,0.00017782794100389227,271.26834429850175,21.971054848984252,0.9999999999999998
"(5, 7)",2,0,1,0.00031622776601683794,271.2683443057769,21.971040123036104,1.0
"(5, 7)",2,0,1,0.0005623413251903491,271.26834432878326,21.971013937098316,1.0
"(5, 7)",2,0,1,0.001,271.2683444015303,21.970967374069897,1.0
"(5, 7)",2,0,1,0.0017782794100389228,271.2683446315507,21.97088458111892,1.0
"(5, 7)",2,0,1,0.0031622776601683794,271.268345358793,21.970737380963826,0.9999999999999998
"(5, 7)",2,0,1,0.005623413251903491,271.268347657713,21.97047570913464,1.0
"(5, 7)",2,0,1,0.01,271.2683549229185,21.970010671606964,1.0
"(5, 7)",2,0,1,0.01778279410038923,271.26837787157774,21.969184614732438,0.9999999999999998
"(5, 7)",2,0,1,0.03162277660168379,271.2684502961303,21.96771852472431,0.9999999999999998
"(5, 7)",2,0,1,0.05623413251903491,271.26867850823595,21.965120442970743,1.0
"(5, 7)",2,0,1,0.1,271.26939563456324,21.96052868118375,1.0
"(5, 7)",2,0,1,0.1778279410038923,271.27163819229264,21.95245168606095,1.0
"(5, 7)",2,0,1,0.31622776601683794,271.27859156643603,21.93836152269281,1.0
"(5, 7)",2,0,1,0.5623413251903491,271.29983580698996,21.914132737380463,0.9999999999999998
"(5, 7)",2,0,1,1.0,271.363133613148,21.873478615172864,1.0
"(5, 7)",2,0,1,1.7782794100389228,271.54408537017116,21.80796983261516,1.0
"(5, 7)",2,0,1,3.1622776601683795,272.0288267023665,21.708927014340045,0.9999999999999998
"(5, 7)",2,0,1,5.623413251903491,273.20967721383334,21.5725460843265,1.0
"(5, 7)",2,0,1,10.0,275.7451955546257,21.406777203544767,1.0
"(5, 7)",2,0,1,17.78279410038923,280.4352122900699,21.233058525890787,1.0
"(5, 7)",2,0,1,31.622776601683793,287.87878156461096,21.076906153231526,1.0
"(5, 7)",2,0,1,56.23413251903491,298.23008669919795,20.95411189018707,0.9999999999999998
"(5, 7)",2,0,1,100.0,311.35572520367145,20.866253149636428,0.9999999999999998
"(5, 7)",2,0,1,177.82794100389228,327.1942504652399,20.806545858452214,1.0
"(5, 7)",2,0,1,316.22776601683796,346.0132076405896,20.766647171739308,1.0
"(5, 7)",2,0,1,562.341325190349,368.53675126246554,20.739812866959902,1.0
"(5, 7)",2,0,1,1000.0,396.0190199598635,20.721420199995634,1.0
"(5, 7)",2,0,1,1778.2794100389228,430.3184889673879,20.70852532627243,1.0
"(5, 7)",2,0,1,3162.2776601683795,474.0087969257584,20.699296806965023,1.0
"(5, 7)",2,0,1,5623.413251903491,530.5509608466014,20.69258501793736,1.0
"(5, 7)",2,0,1,10000.0,604.5478181409328,20.68764772544001,1.0
"(5, 7)",2,0,1,17782.794100389227,702.1030018102006,20.683988373830594,1.0
"(5, 7)",2,0,1,31622.776601683792,831.3131448362178,20.68126331762898,0.9999999999999998
"(5, 7)",2,0,1,56234.13251903491,1002.9322077607511,20.679228151266454,1.0
"(5, 7)",2,0,1,100000.0,1231.2615647658824,20.677705603273882,1.0
"(5, 7)",2,0,1,177827.94100389228,1535.3385565070005,20.6765654070885,1.0
"(5, 7)",2,0,1,316227.7660168379,1940.5209757827931,20.67571104352325,1.0
"(5, 7)",2,0,1,562341.3251903491,2480.598991800411,20.675070641576973,1.0
"(5, 7)",2,0,1,1000000.0,3200.607880467902,20.674590524388805,1.0
"(5, 7)",2,0,3,0.0,184.49708353186753,20.973192208213014,0.9999999999999998
"(5, 7)",2,0,3,0.0001,184.49708353816288,20.973129255273392,1.0
"(5, 7)",2,0,3,0.00017782794100389227,184.4970835517743,20.973080262641155,1.0
"(5, 7)",2,0,3,0.00031622776601683794,184.49708359481522,20.972993145122597,1.0
"(5, 7)",2,0,3,0.0005623413251903491,184.4970837309077,20.972838241866317,1.0
"(5, 7)",2,0,3,0.001,184.49708416118838,20.97256283128577,1.0
"(5, 7)",2,0,3,0.0017782794100389228,184.49708552139805,20.972073234557044,0.9999999999999998
"(5, 7)",2,0,3,0.0031622776601683794,184.49708982019263,20.97120310113658,1.0
"(5, 7)",2,0,3,0.005623413251903491,184.4971033997561,20.969657360082568,1.0
"(5, 7)",2,0,3,0.01,184.49714626121192,20.966913646980846,1.0
"(5, 7)",2,0,3,0.01778279410038923,184.49728134793355,20.96205045485304,1.0
"(5, 7)",2,0,3,0.03162277660168379,184.4977059995824,20.95345226486816,1.0
"(5, 7)",2,0,3,0.05623413251903491,184.4990348145275,20.938318244497534,1.0
"(5, 7)",2,0,3,0.1,184.5031596011275,20.911888429086076,0.9999999999999998
"(5, 7)",2,0,3,0.1778279410038923,184.51578517298677,20.86635859551832,0.9999999999999998
"(5, 7)",2,0,3,0.31622776601683794,184.55351281855883,20.789744941754915,1.0
"(5, 7)",2,0,3,0.5623413251903491,184.6618117258892,20.665789082572896,1.0
"(5, 7)",2,0,3,1.0,184.9533342627366,20.477473194412877,1.0
"(5, 7)",2,0,3,1.7782794100389228,185.66610053852756,20.217182925147622,1.0
"(5, 7)",2,0,3,3.1622776601683795,187.19538415708644,19.900954198815118,1.0
"(5, 7)",2,0,3,5.623413251903491,190.00130380876632,19.572103426148576,1.0
"(5, 7)",2,0,3,10.0,194.3768347101369,19.281511241911275,1.0
"(5, 7)",2,0,3,17.78279410038923,200.26215365978865,19.060262763853903,1.0
"(5, 7)",2,0,3,31.622776601683793,207.27084588495802,18.911322323142077,1.0
"(5, 7)",2,0,3,56.23413251903491,214.8577616583749,18.820290496303706,1.0
"(5, 7)",2,0,3,100.0,222.4821267806165,18.76868442708208,1.0
"(5, 7)",2,0,3,177.82794100389228,229.7067159053645,18.741116890537988,0.9999999999999998
"(5, 7)",2,0,3,316.22776601683796,236.2382661175582,18.727073607926606,1.0
"(5, 7)",2,0,3,562.341325190349,241.92697385252131,18.720184776675943,1.0
"(5, 7)",2,0,3,1000.0,246.7415342733053,18.716902356510634,1.0
"(5, 7)",2,0,3,1778.2794100389228,250.73428432891447,18.715370419382737,1.0
"(5, 7)",2,0,3,3162.2776601683795,254.00753687401033,18.71466395827111,1.0
"(5, 7)",2,0,3,5623.413251903491,256.68727855528925,18.714338787226776,1.0
"(5, 7)",2,0,3,10000.0,258.90597450943585,18.71418752337209,1.0
"(5, 7)",2,0,3,17782.794100389227,260.7935634049201,18.714115278798246,1.0
"(5, 7)",2,0,3,31622.776601683792,262.4746871578109,18.714079190296804,1.0
"(5, 7)",2,0,3,56234.13251903491,264.07032312491833,18.714059992317495,1.0
"(5, 7)",2,0,3,100000.0,265.7023052100341,18.71404898974458,1.0
"(5, 7)",2,0,3,177827.94100389228,267.50022609697845,18.714042195167046,1.0
"(5, 7)",2,0,3,316227.7660168379,269.6099740222888,18.714037721683344,0.9999999999999998
"(5, 7)",2,0,3,562341.3251903491,272.2041858163591,18.714034630987737,0.9999999999999998
"(5, 7)",2,0,3,1000000.0,275.49348271099296,18.714032423449254,1.0
"(5, 7)",2,1,0.1,0.0,8415.177608285729,44.68743541424819,1.0
"(5, 7)",2,1,0.1,0.0001,8415.177608285825,44.6874344180075,1.0000000000000002
"(5, 7)",2,1,0.1,0.00017782794100389227,8415.177608286036,44.68743364265458,1.0
"(5, 7)",2,1,0.1,0.00031622776601683794,8415.17760828671,44.687432263862036,1.0
"(5, 7)",2,1,0.1,0.0005623413251903491,8415.177608288861,44.68742981198848,1.0
"(5, 7)",2,1,0.1,0.001,8415.177608295646,44.68742545188741,0.9999999999999999
"(5, 7)",2,1,0.1,0.0017782794100389228,8415.177608317163,44.68741769845782,0.9999999999999999
"(5, 7)",2,1,0.1,0.0031622776601683794,8415.17760838523,44.68740391084638,1.0
"(5, 7)",2,1,0.1,0.005623413251903491,8415.177608600534,44.68737939310376,1.0000000000000002
"(5, 7)",2,1,0.1,0.01,8415.177609281507,44.68733579523408,1.0000000000000002
"(5, 7)",2,1,0.1,0.01778279410038923,8415.17761143503,44.687258270868554,1.0
"(5, 7)",2,1,0.1,0.03162277660168379,8415.177618244727,44.68712042614952,1.0
"(5, 7)",2,1,0.1,0.05623413251903491,8415.177639775311,44.686875347965376,1.0
"(5, 7)",2,1,0.1,0.1,8415.177707837904,44.68643968287491,0.9999999999999999
"(5, 7)",2,1,0.1,0.1778279410038923,8415.177922935993,44.6856654296735,1.0
"(5, 7)",2,1,0.1,0.31622776601683794,8415.178602371518,44.68429010753414,1.0
"(5, 7)",2,1,0.1,0.5623413251903491,8415.180746645527,44.68184916864498,1.0
"(5, 7)",2,1,0.1,1.0,8415.187503529365,44.67752342530899,1.0
"(5, 7)",2,1,0.1,1.7782794100389228,8415.208738590316,44.66987742749339,1.0
"(5, 7)",2,1,0.1,3.1622776601683795,8415.275169901206,44.6564229431193,0.9999999999999998
"(5, 7)",2,1,0.1,5.623413251903491,8415.481408934482,44.63292375141253,1.0
"(5, 7)",2,1,0.1,10.0,8416.113893288462,44.59237036899903,0.9999999999999998
"(5, 7)",2,1,0.1,17.78279410038923,8418.018174453078,44.5236413137798,1.0
"(5, 7)",2,1,0.1,31.622776601683793,8423.606476974568,44.41006853999787,1.0
"(5, 7)",2,1,0.1,56.23413251903491,8439.459819214535,44.228564150566655,1.0
"(5, 7)",2,1,0.1,100.0,8482.397914397856,43.951418217233694,1.0
"(5, 7)",2,1,0.1,177.82794100389228,8590.979365057385,43.55578757442874,1.0
"(5, 7)",2,1,0.1,316.22776601683796,8839.581449681064,43.043665720660464,1.0
"(5, 7)",2,1,0.1,562.341325190349,9342.234037748352,42.45773804679192,1.0
"(5, 7)",2,1,0.1,1000.0,10237.233627468031,41.86764408987022,1.0
"(5, 7)",2,1,0.1,1778.2794100389228,11669.150345758253,41.334344179831284,1.0
"(5, 7)",2,1,0.1,3162.2776601683795,13788.608662976543,40.88908426460414,1.0
"(5, 7)",2,1,0.1,5623.413251903491,16773.277958715735,40.535841590816986,1.0
"(5, 7)",2,1,0.1,10000.0,20862.6581747534,40.26342407100642,0.9999999999999999
"(5, 7)",2,1,0.1,17782.794100389227,26390.38886142366,40.056258637769815,1.0
"(5, 7)",2,1,0.1,31622.776601683792,33813.43907260711,39.899782501458944,1.0
"(5, 7)",2,1,0.1,56234.13251903491,43748.831662261866,39.78199489676931,1.0
"(5, 7)",2,1,0.1,100000.0,57024.16993467297,39.693486195758084,1.0000000000000002
"(5, 7)",2,1,0.1,177827.94100389228,74746.18772116592,39.627040377329784,1.0
"(5, 7)",2,1,0.1,316227.7660168379,98392.81104209357,39.57718271578157,1.0
"(5, 7)",2,1,0.1,562341.3251903491,129936.28633795182,39.539782157755745,1.0
"(5, 7)",2,1,0.1,1000000.0,172007.5642032451,39.51173042221223,1.0
"(5, 7)",2,1,1,0.0,190.52633455082076,14.753482109099918,1.0
"(5, 7)",2,1,1,0.0001,190.52633455231302,14.75346718748775,0.9999999999999998
"(5, 7)",2,1,1,0.00017782794100389227,190.52633455553965,14.753455574513083,1.0
"(5, 7)",2,1,1,0.00031622776601683794,190.5263345657422,14.753434923851893,1.0
"(5, 7)",2,1,1,0.0005623413251903491,190.52633459800433,14.75339820263751,0.9999999999999999
"(5, 7)",2,1,1,0.001,190.5263347000188,14.753332906583658,0.9999999999999998
"(5, 7)",2,1,1,0.0017782794100389228,190.52633502257618,14.753216806264785,0.9999999999999998
"(5, 7)",2,1,1,0.0031622776601683794,190.52633604236118,14.753010392696192,1.0
"(5, 7)",2,1,1,0.005623413251903491,190.52633926591574,14.752643474686563,1.0
"(5, 7)",2,1,1,0.01,190.5263494524446,14.751991443746432,1.0
"(5, 7)",2,1,1,0.01778279410038923,190.52638162440596,14.750833377193661,1.0
"(5, 7)",2,1,1,0.03162277660168379,190.52648313297811,14.748778511067647,1.0
"(5, 7)",2,1,1,0.05623413251903491,190.5268028546004,14.745138549255918,1.0
"(5, 7)",2,1,1,0.1,190.52780678362808,14.73871010794086,0.9999999999999999
"(5, 7)",2,1,1,0.1778279410038923,190.5309420374043,14.727417023126803,1.0
"(5, 7)",2,1,1,0.31622776601683794,190.54064045442212,14.70776166417549,1.0
"(5, 7)",2,1,1,0.5623413251903491,190.57014850219232,14.67409994664104,1.0
"(5, 7)",2,1,1,1.0,190.65743040376398,14.618017779994346,1.0
"(5, 7)",2,1,1,1.7782794100389228,190.9038240872286,14.528751951972295,1.0
"(5, 7)",2,1,1,3.1622776601683795,191.55001643737802,14.396558579592588,1.0
"(5, 7)",2,1,1,5.623413251903491,193.07134486236538,14.220510694060852,1.0
"(5, 7)",2,1,1,10.0,196.1755915077239,14.016980989721471,1.0
"(5, 7)",2,1,1,17.78279410038923,201.53352848172565,13.817780095772232,0.9999999999999999
"(5, 7)",2,1,1,31.622776601683793,209.3328565253066,13.653418007230368,1.0000000000000002
"(5, 7)",2,1,1,56.23413251903491,219.10817380759585,13.536823197901134,1.0000000000000002
"(5, 7)",2,1,1,100.0,230.05181378507936,13.463092009286038,0.9999999999999999
"(5, 7)",2,1,1,177.82794100389228,241.4492073732955,13.419800737960434,0.9999999999999998
"(5, 7)",2,1,1,316.22776601683796,252.91435344594325,13.395290984522669,1.0
"(5, 7)",2,1,1,562.341325190349,264.4314774624806,13.381454542107935,1.0000000000000002
"(5, 7)",2,1,1,1000.0,276.30995091959625,13.37344397976325,1.0
"(5, 7)",2,1,1,1778.2794100389228,289.1283807015791,13.368594652486646,0.9999999999999999
"(5, 7)",2,1,1,3162.2776601683795,303.70513772093483,13.365501331650048,1.0
"(5, 7)",2,1,1,5623.413251903491,321.10746300157905,13.363429046778611,1.0
"(5, 7)",2,1,1,10000.0,342.7004112671873,13.361985375969326,1.0
"(5, 7)",2,1,1,17782.794100389227,370.2353393514942,13.360951242925344,1.0
"(5, 7)",2,1,1,31622.776601683792,405.9806244405263,13.360196815344105,0.9999999999999999
"(5, 7)",2,1,1,56234.13251903491,452.9017586930827,13.359640156055898,1.0
"(5, 7)",2,1,1,100000.0,514.9034087903113,13.359226613379295,1.0
"(5, 7)",2,1,1,177827.94100389228,597.1519779960864,13.35891816130242,0.9999999999999999
"(5, 7)",2,1,1,316227.7660168379,706.5045772269287,13.358687561535948,1.0000000000000002
"(5, 7)",2,1,1,562341.3251903491,852.079098256467,13.358514934726779,1.0
"(5, 7)",2,1,1,1000000.0,1046.0131674340407,13.358385609078788,1.0
"(5, 7)",2,1,3,0.0,152.76677514858787,15.573753491669502,1.0
"(5, 7)",2,1,3,0.0001,152.76677515565507,15.573682818069727,1.0
"(5, 7)",2,1,3,0.00017782794100389227,152.766775170936,15.573627816887994,1.0
"(5, 7)",2,1,3,0.00031622776601683794,152.76677521925558,15.573530015097239,1.0
"(5, 7)",2,1,3,0.0005623413251903491,152.76677537203884,15.573356114140356,1.0
"(5, 7)",2,1,3,0.001,152.76677585509066,15.573046926412017,1.0
"(5, 7)",2,1,3,0.0017782794100389228,152.76677738212246,15.572497283668648,1.0
"(5, 7)",2,1,3,0.0031622776601683794,152.76678220814617,15.571520432293381,1.0
"(5, 7)",2,1,3,0.005623413251903491,152.7667974532282,15.569785108351292,1.0
"(5, 7)",2,1,3,0.01,152.76684557183538,15.566704867669577,1.0
"(5, 7)",2,1,3,0.01778279410038923,152.76699722897297,15.561245135452358,1.0
"(5, 7)",2,1,3,0.03162277660168379,152.7674739790033,15.551592086982229,1.0
"(5, 7)",2,1,3,0.05623413251903491,152.7689658725361,15.534600783390351,0.9999999999999999
"(5, 7)",2,1,3,0.1,152.77359721820628,15.504925299359222,1.0
"(5, 7)",2,1,3,0.1778279410038923,152.787775688436,15.45379601608036,1.0
"(5, 7)",2,1,3,0.31622776601683794,152.8301605594941,15.367727174013588,1.0
"(5, 7)",2,1,3,0.5623413251903491,152.95194792887662,15.228341942679302,1.0
"(5, 7)",2,1,3,1.0,153.28057457536255,15.016092079994616,1.0
"(5, 7)",2,1,3,1.7782794100389228,154.08862344240816,14.721115755637621,1.0
"(5, 7)",2,1,3,3.1622776601683795,155.8430339534364,14.358605877140683,0.9999999999999999
"(5, 7)",2,1,3,5.623413251903491,159.1306275806132,13.973781994235312,1.0
"(5, 7)",2,1,3,10.0,164.41574901224791,13.623353419131758,1.0
"(5, 7)",2,1,3,17.78279410038923,171.77487603512967,13.34715417970103,1.0
"(5, 7)",2,1,3,31.622776601683793,180.80616417203527,13.155465190726053,1.0
"(5, 7)",2,1,3,56.23413251903491,190.76125913613723,13.036081510757414,1.0
"(5, 7)",2,1,3,100.0,200.79909478902456,12.968127574835655,1.0000000000000002
"(5, 7)",2,1,3,177.82794100389228,210.21701610842453,12.93216438871712,1.0
"(5, 7)",2,1,3,316.22776601683796,218.56733600954723,12.91419096769545,1.0
"(5, 7)",2,1,3,562.341325190349,225.6576430553622,12.905593633321182,0.9999999999999999
"(5, 7)",2,1,3,1000.0,231.4864919320562,12.901613931776712,0.9999999999999999
"(5, 7)",2,1,3,1778.2794100389228,236.16607994423867,12.899815528881593,0.9999999999999998
"(5, 7)",2,1,3,3162.2776601683795,239.8597722356098,12.899016744264442,0.9999999999999999
"(5, 7)",2,1,3,5623.413251903491,242.74149675105866,12.898666143860696,1.0
"(5, 7)",2,1,3,10000.0,244.9736780877816,12.898513389520565,0.9999999999999998
"(5, 7)",2,1,3,17782.794100389227,246.69773781920276,12.898447041022193,0.9999999999999998
"(5, 7)",2,1,3,31622.776601683792,248.0319509787767,12.898418173338152,1.0
"(5, 7)",2,1,3,56234.13251903491,249.07311424646537,12.898405512303986,1.0
"(5, 7)",2,1,3,100000.0,249.89985626042807,12.89839986443756,1.0
"(5, 7)",2,1,3,177827.94100389228,250.5764573468979,12.898397269229148,1.0
"(5, 7)",2,1,3,316227.7660168379,251.15665834558996,12.898396020491823,1.0
"(5, 7)",2,1,3,562341.3251903491,251.68679981950535,12.8983953793125,1.0
"(5, 7)",2,1,3,1000000.0,252.20875240601265,12.898395023223225,1.0
"(5, 8)",2,-1,0.1,0.0,23470.917554306587,150.01847994815557,1.0
"(5, 8)",2,-1,0.1,0.0001,23470.917554307096,150.0184744934082,1.0
"(5, 8)",2,-1,0.1,0.00017782794100389227,23470.91755430827,150.01847024809587,1.0
"(5, 8)",2,-1,0.1,0.00031622776601683794,23470.917554311953,150.01846269875443,1.0
"(5, 8)",2,-1,0.1,0.0005623413251903491,23470.917554323685,150.01844927394848,0.9999999999999998
"(5, 8)",2,-1,0.1,0.001,23470.917554360884,150.018425400995,1.0
"(5, 8)",2,-1,0.1,0.0017782794100389228,23470.917554478627,150.01838294853718,1.0
"(5, 8)",2,-1,0.1,0.0031622776601683794,23470.917554851247,150.01830745723007,1.0
"(5, 8)",2,-1,0.1,0.005623413251903491,23470.91755603002,150.01817321583263,1.0
"(5, 8)",2,-1,0.1,0.01,23470.91755975835,150.01793450736366,1.0
"(5, 8)",2,-1,0.1,0.01778279410038923,23470.91757154892,150.01751004939695,1.0
"(5, 8)",2,-1,0.1,0.03162277660168379,23470.917608831594,150.01675534692652,1.0
"(5, 8)",2,-1,0.1,0.05623413251903491,23470.91772670544,150.01541359868745,0.9999999999999999
"(5, 8)",2,-1,0.1,0.1,23470.918099300052,150.01302861786692,1.0
"(5, 8)",2,-1,0.1,0.1778279410038923,23470.9192766429,150.00879068353944,1.0
"(5, 8)",2,-1,0.1,0.31622776601683794,23470.922994596047,150.00126463019004,1.0
"(5, 8)",2,-1,0.1,0.5623413251903491,23470.9347229884,149.98791322434764,1.0
"(5, 8)",2,-1,0.1,1.0,23470.97165074992,149.9642710281883,0.9999999999999999
"(5, 8)",2,-1,0.1,1.7782794100389228,23471.0875374367,149.92254079969402,1.0
"(5, 8)",2,-1,0.1,3.1622776601683795,23471.44914555044,149.84929251421457,1.0
"(5, 8)",2,-1,0.1,5.623413251903491,23472.566671026067,149.72192609764488,1.0
"(5, 8)",2,-1,0.1,10.0,23475.966468858005,149.5038375296756,1.0
"(5, 8)",2,-1,0.1,17.78279410038923,23486.062416571865,149.13916704981708,1.0
"(5, 8)",2,-1,0.1,31.622776601683793,23515.03283257185,148.54965291301872,1.0
"(5, 8)",2,-1,0.1,56.23413251903491,23594.55161244277,147.63764050036724,1.0
"(5, 8)",2,-1,0.1,100.0,23801.02387116004,146.30211343361012,1.0
"(5, 8)",2,-1,0.1,177.82794100389228,24298.854672152058,144.4839664265968,1.0
"(5, 8)",2,-1,0.1,316.22776601683796,25381.67094569067,142.247697565197,1.0
"(5, 8)",2,-1,0.1,562.341325190349,27452.16494600874,139.8274542597809,1.0
"(5, 8)",2,-1,0.1,1000.0,30926.64424399902,137.53009474114273,1.0
"(5, 8)",2,-1,0.1,1778.2794100389228,36183.99910795265,135.56724612609804,1.0
"(5, 8)",2,-1,0.1,3162.2776601683795,43642.68485338743,133.99774390668787,1.0
"(5, 8)",2,-1,0.1,5623.413251903491,53882.63312503534,132.78475795849477,1.0
"(5, 8)",2,-1,0.1,10000.0,67731.39031128128,131.86181242250728,1.0
"(5, 8)",2,-1,0.1,17782.794100389227,86331.00311583433,131.16459463878076,0.9999999999999998
"(5, 8)",2,-1,0.1,31622.776601683792,111226.22660374113,130.63975017730073,1.0
"(5, 8)",2,-1,0.1,56234.13251903491,144490.09596407803,130.24537147031032,0.9999999999999999
"(5, 8)",2,-1,0.1,100000.0,188895.3383677974,129.94930506962262,1.0000000000000002
"(5, 8)",2,-1,0.1,177827.94100389228,248144.90816762493,129.72715402048493,1.0
"(5, 8)",2,-1,0.1,316227.7660168379,327180.385030744,129.56050953300715,0.9999999999999998
"(5, 8)",2,-1,0.1,562341.3251903491,432593.8019308617,129.435520959379,1.0
"(5, 8)",2,-1,0.1,1000000.0,573177.0165731334,129.3417829304821,1.0000000000000002
"(5, 8)",2,-1,1,0.0,240.2582374730973,19.645839416022074,1.0
"(5, 8)",2,-1,1,0.0001,240.25823747445128,19.645825876887404,1.0
"(5, 8)",2,-1,1,0.00017782794100389227,240.25823747737874,19.645815339856327,1.0
"(5, 8)",2,-1,1,0.00031622776601683794,240.25823748663586,19.64579660250105,1.0
"(5, 8)",2,-1,1,0.0005623413251903491,240.25823751590895,19.645763283607966,0.9999999999999999
"(5, 8)",2,-1,1,0.001,240.25823760847103,19.645704037606563,1.0
"(5, 8)",2,-1,1,0.0017782794100389228,240.2582379011392,19.645598695258517,1.0
"(5, 8)",2,-1,1,0.0031622776601683794,240.25823882641976,19.64541141011312,1.0000000000000002
"(5, 8)",2,-1,1,0.005623413251903491,240.25824175118822,19.645078500650694,0.9999999999999998
"(5, 8)",2,-1,1,0.01,240.25825099323697,19.644486923833117,1.0
"(5, 8)",2,-1,1,0.01778279410038923,240.25828018053,19.643436290108518,1.0
"(5, 8)",2,-1,1,0.03162277660168379,240.25837226224786,19.641572242935915,1.0
"(5, 8)",2,-1,1,0.05623413251903491,240.25866223844744,19.63827089082181,0.9999999999999999
"(5, 8)",2,-1,1,0.1,240.25957247187893,19.632442299683138,1.0
"(5, 8)",2,-1,1,0.1778279410038923,240.26241352719757,19.622208579306662,1.0
"(5, 8)",2,-1,1,0.31622776601683794,240.27119360306457,19.604413427284275,0.9999999999999999
"(5, 8)",2,-1,1,0.5623413251903491,240.2978668713982,19.573982939553233,1.0
"(5, 8)",2,-1,1,1.0,240.37658538996655,19.523396985357145,1.0
"(5, 8)",2,-1,1,1.7782794100389228,240.5981821485011,19.443104133681185,1.0
"(5, 8)",2,-1,1,3.1622776601683795,241.17820104651673,19.32444343985124,1.0
"(5, 8)",2,-1,1,5.623413251903491,242.5477849001773,19.166008282817117,0.9999999999999999
"(5, 8)",2,-1,1,10.0,245.38766855944772,18.980035160149967,1.0000000000000002
"(5, 8)",2,-1,1,17.78279410038923,250.48992906368144,18.790834054167114,1.0
"(5, 8)",2,-1,1,31.622776601683793,258.4682661385845,18.623401403048888,0.9999999999999998
"(5, 8)",2,-1,1,56.23413251903491,269.5283835537138,18.492193386016805,1.0000000000000002
"(5, 8)",2,-1,1,100.0,283.5088341026794,18.398584118084322,1.0
"(5, 8)",2,-1,1,177.82794100389228,300.1917931155299,18.33564715809836,1.0
"(5, 8)",2,-1,1,316.22776601683796,319.65404933848123,18.294344393328572,0.9999999999999999
"(5, 8)",2,-1,1,562.341325190349,342.4764199932846,18.267128181619704,1.0
"(5, 8)",2,-1,1,1000.0,369.8260508036887,18.248810263393967,1.0
"(5, 8)",2,-1,1,1778.2794100389228,403.50192966133653,18.23614302891371,0.9999999999999999
"(5, 8)",2,-1,1,3162.2776601683795,446.0127261154118,18.227160583378158,0.9999999999999999
"(5, 8)",2,-1,1,5623.413251903491,500.723557007929,18.220664856406767,1.0000000000000002
"(5, 8)",2,-1,1,10000.0,572.0915642815438,18.215902412334923,1.0
"(5, 8)",2,-1,1,17782.794100389227,666.0080613943627,18.212379319667708,1.0
"(5, 8)",2,-1,1,31622.776601683792,790.2715507190527,18.209758493972128,1.0
"(5, 8)",2,-1,1,56234.13251903491,955.2270965223887,18.20780230866675,1.0
"(5, 8)",2,-1,1,100000.0,1174.622730060068,18.206339317670537,0.9999999999999998
"(5, 8)",2,-1,1,177827.94100389228,1466.7521078950324,18.20524391542302,0.9999999999999999
"(5, 8)",2,-1,1,316227.7660168379,1855.9777815187738,18.20442319731277,0.9999999999999999
"(5, 8)",2,-1,1,562341.3251903491,2374.7600083154875,18.20380804828097,1.0
"(5, 8)",2,-1,1,1000000.0,3066.3602082207717,18.203346877809732,1.0000000000000002
"(5, 8)",2,-1,3,0.0,160.76834165914994,18.825436455290276,1.0
"(5, 8)",2,-1,3,0.0001,160.76834166509184,18.825377037577564,1.0
"(5, 8)",2,-1,3,0.00017782794100389227,160.76834167793896,18.825330796239932,1.0
"(5, 8)",2,-1,3,0.00031622776601683794,160.7683417185626,18.825248571076326,1.0
"(5, 8)",2,-1,3,0.0005623413251903491,160.76834184701227,18.825102367112137,1.0
"(5, 8)",2,-1,3,0.001,160.7683422531275,18.82484242414719,1.0000000000000002
"(5, 8)",2,-1,3,0.0017782794100389228,160.7683435369393,18.82438032634268,1.0
"(5, 8)",2,-1,3,0.0031622776601683794,160.7683475942502,18.8235590721375,1.0000000000000002
"(5, 8)",2,-1,3,0.005623413251903491,160.76836041078963,18.82210018385409,1.0
"(5, 8)",2,-1,3,0.01,160.76840086280043,18.819510703977162,0.9999999999999998
"(5, 8)",2,-1,3,0.01778279410038923,160.7685283495631,18.814921101902634,0.9999999999999999
"(5, 8)",2,-1,3,0.03162277660168379,160.7689290766614,18.806807287826352,1.0
"(5, 8)",2,-1,3,0.05623413251903491,160.77018284354642,18.792527877251864,0.9999999999999998
"(5, 8)",2,-1,3,0.1,160.77407369560925,18.76759665208772,1.0
"(5, 8)",2,-1,3,0.1778279410038923,160.78597824014582,18.724665943108672,1.0
"(5, 8)",2,-1,3,0.31622776601683794,160.82152793532205,18.652472447021484,1.0
"(5, 8)",2,-1,3,0.5623413251903491,160.92348085847553,18.53577446684971,1.0
"(5, 8)",2,-1,3,1.0,161.1976537280217,18.358658933625826,0.9999999999999999
"(5, 8)",2,-1,3,1.7782794100389228,161.867919555345,18.113897590263424,1.0
"(5, 8)",2,-1,3,3.1622776601683795,163.31045629053875,17.815685924912284,1.0
"(5, 8)",2,-1,3,5.623413251903491,165.98539032023788,17.50242138738608,1.0
"(5, 8)",2,-1,3,10.0,170.25444094802276,17.21931329134263,1.0
"(5, 8)",2,-1,3,17.78279410038923,176.21708355111025,16.995630640271,1.0
"(5, 8)",2,-1,3,31.622776601683793,183.6602983908975,16.837825781264748,1.0
"(5, 8)",2,-1,3,56.23413251903491,192.09565538755479,16.736817002605047,1.0
"(5, 8)",2,-1,3,100.0,200.8737056003778,16.677480770487854,1.0
"(5, 8)",2,-1,3,177.82794100389228,209.35775295970436,16.645126428622635,1.0
"(5, 8)",2,-1,3,316.22776601683796,217.07187853338397,16.628540301010396,1.0
"(5, 8)",2,-1,3,562.341325190349,223.7569790901565,16.62044131826794,1.0
"(5, 8)",2,-1,3,1000.0,229.34446078084125,16.616629135996835,1.0
"(5, 8)",2,-1,3,1778.2794100389228,233.8943512696774,16.61488169663612,1.0
"(5, 8)",2,-1,3,3162.2776601683795,237.53495344347064,16.614094914984758,1.0
"(5, 8)",2,-1,3,5623.413251903491,240.41936687689534,16.613744272696056,0.9999999999999999
"(5, 8)",2,-1,3,10000.0,242.69982461293108,16.613588393711996,1.0
"(5, 8)",2,-1,3,17782.794100389227,244.5154016385082,16.61351864565052,1.0
"(5, 8)",2,-1,3,31622.776601683792,245.9882127330817,16.613486866298146,0.9999999999999998
"(5, 8)",2,-1,3,56234.13251903491,247.22437326434522,16.613471896407994,1.0
"(5, 8)",2,-1,3,100000.0,248.31746415686277,16.613464473089927,1.0
"(5, 8)",2,-1,3,177827.94100389228,249.35318815284646,16.61346053071548,1.0000000000000002
"(5, 8)",2,-1,3,316227.7660168379,250.41458188236453,16.61345826580992,0.9999999999999999
"(5, 8)",2,-1,3,562341.3251903491,251.58749176156394,16.61345686018985,1.0
"(5, 8)",2,-1,3,1000000.0,252.96604341382437,16.61345592993232,0.9999999999999999
"(5, 8)",2,0,0.1,0.0,18945.687866220545,106.69468989237102,0.9999999999999998
"(5, 8)",2,0,0.1,0.0001,18945.687866220993,106.6946851900168,1.0
"(5, 8)",2,0,0.1,0.00017782794100389227,18945.687866222004,106.69468153027863,1.0
"(5, 8)",2,0,0.1,0.00031622776601683794,18945.6878662252,106.69467502225721,1.0
"(5, 8)",2,0,0.1,0.0005623413251903491,18945.6878662353,106.6946634492256,1.0
"(5, 8)",2,0,0.1,0.001,18945.687866267395,106.69464286929711,1.0
"(5, 8)",2,0,0.1,0.0017782794100389228,18945.68786636892,106.69460627292428,0.9999999999999998
"(5, 8)",2,0,0.1,0.0031622776601683794,18945.6878666902,106.69454119589908,1.0
"(5, 8)",2,0,0.1,0.005623413251903491,18945.687867706445,106.6944254756693,1.0
"(5, 8)",2,0,0.1,0.01,18945.687870920436,106.6942197082742,1.0
"(5, 8)",2,0,0.1,0.01778279410038923,18945.687881083682,106.69385384537783,1.0
"(5, 8)",2,0,0.1,0.03162277660168379,18945.687913216676,106.6932033938931,1.0
"(5, 8)",2,0,0.1,0.05623413251903491,18945.688014789423,106.6920471991237,0.9999999999999998
"(5, 8)",2,0,0.1,0.1,18945.688335748764,106.68999270842889,0.9999999999999998
"(5, 8)",2,0,0.1,0.1778279410038923,18945.689349330918,106.6863441299388,1.0
"(5, 8)",2,0,0.1,0.31622776601683794,18945.69254678735,106.67987130858324,1.0
"(5, 8)",2,0,0.1,0.5623413251903491,18945.70261457066,106.66840908785798,0.9999999999999998
"(5, 8)",2,0,0.1,1.0,18945.7342102759,106.64817678451983,1.0
"(5, 8)",2,0,0.1,1.7782794100389228,18945.83279718767,106.61266432827846,1.0
"(5, 8)",2,0,0.1,3.1622776601683795,18946.137381568467,106.5509315312562,1.0
"(5, 8)",2,0,0.1,5.623413251903491,18947.062905576924,106.4453457687534,1.0
"(5, 8)",2,0,0.1,10.0,18949.801493978317,106.26939694011736,0.9999999999999998
"(5, 8)",2,0,0.1,17.78279410038923,18957.592098959,105.98733293612477,1.0
"(5, 8)",2,0,0.1,31.622776601683793,18978.648093516847,105.55752985669737,1.0
"(5, 8)",2,0,0.1,56.23413251903491,19032.52802423224,104.93751818284602,1.0
"(5, 8)",2,0,0.1,100.0,19164.020564902145,104.08488740899428,1.0
"(5, 8)",2,0,0.1,177.82794100389228,19470.572689901295,102.96436835108594,0.9999999999999998
"(5, 8)",2,0,0.1,316.22776601683796,20137.415223557055,101.58807966857242,1.0
"(5, 8)",2,0,0.1,562.341325190349,21444.970620325872,100.06208904861116,0.9999999999999998
"(5, 8)",2,0,0.1,1000.0,23724.655402501932,98.55771042793404,1.0
"(5, 8)",2,0,0.1,1778.2794100389228,27314.12597782833,97.21996869883746,1.0
"(5, 8)",2,0,0.1,3162.2776601683795,32568.208190108788,96.11571587939481,1.0
"(5, 8)",2,0,0.1,5623.413251903491,39919.2085637388,95.24551280691246,1.0
"(5, 8)",2,0,0.1,10000.0,49957.55355751555,94.5767255139286,1.0
"(5, 8)",2,0,0.1,17782.794100389227,63504.0700979819,94.06900746177222,1.0
"(5, 8)",2,0,0.1,31622.776601683792,81679.73881268519,93.68585728429775,1.0
"(5, 8)",2,0,0.1,56234.13251903491,105995.9442772977,93.39757537315234,0.9999999999999998
"(5, 8)",2,0,0.1,100000.0,138478.48884953835,93.18100728809463,1.0
"(5, 8)",2,0,0.1,177827.94100389228,181835.51238409412,93.01844619860586,1.0
"(5, 8)",2,0,0.1,316227.7660168379,239682.82117543204,92.8964775385273,0.9999999999999998
"(5, 8)",2,0,0.1,562341.3251903491,316845.1261542154,92.80498692571922,0.9999999999999998
"(5, 8)",2,0,0.1,1000000.0,419758.10184274364,92.73636725254548,1.0
"(5, 8)",2,0,1,0.0,271.26834429513696,21.97107377068478,1.0
"(5, 8)",2,0,1,0.0001,271.2683442962007,21.97106313015572,1.0
"(5, 8)",2,0,1,0.00017782794100389227,271.26834429850175,21.971054848984256,1.0
"(5, 8)",2,0,1,0.00031622776601683794,271.26834430577713,21.97104012303614,1.0
"(5, 8)",2,0,1,0.0005623413251903491,271.26834432878314,21.97101393709831,1.0
"(5, 8)",2,0,1,0.001,271.26834440153044,21.970967374069886,1.0
"(5, 8)",2,0,1,0.0017782794100389228,271.268344631551,21.970884581118934,1.0
"(5, 8)",2,0,1,0.0031622776601683794,271.268345358793,21.970737380963826,1.0
"(5, 8)",2,0,1,0.005623413251903491,271.26834765771326,21.97047570913464,1.0
"(5, 8)",2,0,1,0.01,271.2683549229186,21.970010671606968,1.0
"(5, 8)",2,0,1,0.01778279410038923,271.2683778715778,21.969184614732438,1.0
"(5, 8)",2,0,1,0.03162277660168379,271.26845029613077,21.967718524724333,0.9999999999999998
"(5, 8)",2,0,1,0.05623413251903491,271.26867850823584,21.96512044297075,1.0
"(5, 8)",2,0,1,0.1,271.2693956345634,21.960528681183767,1.0
"(5, 8)",2,0,1,0.1778279410038923,271.2716381922925,21.952451686060932,0.9999999999999998
"(5, 8)",2,0,1,0.31622776601683794,271.2785915664361,21.938361522692833,1.0
"(5, 8)",2,0,1,0.5623413251903491,271.29983580699025,21.914132737380474,1.0
"(5, 8)",2,0,1,1.0,271.3631336131482,21.873478615172864,1.0
"(5, 8)",2,0,1,1.7782794100389228,271.5440853701708,21.807969832615136,1.0
"(5, 8)",2,0,1,3.1622776601683795,272.028826702366,21.70892701434002,1.0
"(5, 8)",2,0,1,5.623413251903491,273.20967721383346,21.572546084326508,1.0
"(5, 8)",2,0,1,10.0,275.74519555462547,21.40677720354474,1.0
"(5, 8)",2,0,1,17.78279410038923,280.43521229006996,21.233058525890797,1.0
"(5, 8)",2,0,1,31.622776601683793,287.8787815646109,21.076906153231533,0.9999999999999999
"(5, 8)",2,0,1,56.23413251903491,298.2300866991987,20.954111890187107,1.0
"(5, 8)",2,0,1,100.0,311.3557252036724,20.86625314963646,1.0
"(5, 8)",2,0,1,177.82794100389228,327.1942504652393,20.806545858452196,1.0
"(5, 8)",2,0,1,316.22776601683796,346.01320764058966,20.7666471717393,1.0
"(5, 8)",2,0,1,562.341325190349,368.5367512624651,20.739812866959902,1.0
"(5, 8)",2,0,1,1000.0,396.01901995986316,20.721420199995617,0.9999999999999998
"(5, 8)",2,0,1,1778.2794100389228,430.31848896811675,20.708525326272206,0.9999999999999998
"(5, 8)",2,0,1,3162.2776601683795,474.008796988522,20.699296806955093,1.0
"(5, 8)",2,0,1,5623.413251903491,530.550961324631,20.692585017894906,1.0
"(5, 8)",2,0,1,10000.0,604.547816715,20.687647725510992,1.0
"(5, 8)",2,0,1,17782.794100389227,702.1030043110575,20.68398837376137,1.0
"(5, 8)",2,0,1,31622.776601683792,831.3131448099404,20.681263317629334,1.0
"(5, 8)",2,0,1,56234.13251903491,1002.9322077607859,20.679228151266457,1.0
"(5, 8)",2,0,1,100000.0,1231.2615647658827,20.677705603273903,1.0
"(5, 8)",2,0,1,177827.94100389228,1535.338556508463,20.67656540708847,1.0
"(5, 8)",2,0,1,316227.7660168379,1940.5209757865878,20.675711043523354,1.0
"(5, 8)",2,0,1,562341.3251903491,2480.5989918012083,20.675070641576976,1.0
"(5, 8)",2,0,1,1000000.0,3200.6078804627,20.67459052438877,0.9999999999999998
"(5, 8)",2,0,3,0.0,184.49708353186762,20.973192208213053,1.0
"(5, 8)",2,0,3,0.0001,184.49708353816268,20.973129255273385,1.0
"(5, 8)",2,0,3,0.00017782794100389227,184.49708355177444,20.973080262641155,1.0
"(5, 8)",2,0,3,0.00031622776601683794,184.49708359481525,20.9729931451226,1.0
"(5, 8)",2,0,3,0.0005623413251903491,184.49708373090763,20.97283824186629,1.0
"(5, 8)",2,0,3,0.001,184.49708416118816,20.972562831285785,1.0
"(5, 8)",2,0,3,0.0017782794100389228,184.49708552139816,20.97207323455704,0.9999999999999998
"(5, 8)",2,0,3,0.0031622776601683794,184.49708982019249,20.97120310113658,1.0
"(5, 8)",2,0,3,0.005623413251903491,184.49710339975633,20.969657360082582,1.0
"(5, 8)",2,0,3,0.01,184.4971462612121,20.966913646980856,0.9999999999999998
"(5, 8)",2,0,3,0.01778279410038923,184.49728134793344,20.962050454853035,1.0
"(5, 8)",2,0,3,0.03162277660168379,184.49770599958225,20.953452264868172,0.9999999999999998
"(5, 8)",2,0,3,0.05623413251903491,184.49903481452756,20.93831824449752,1.0
"(5, 8)",2,0,3,0.1,184.50315960112778,20.911888429086076,1.0
"(5, 8)",2,0,3,0.1778279410038923,184.51578517298682,20.86635859551835,1.0
"(5, 8)",2,0,3,0.31622776601683794,184.55351281855886,20.78974494175493,1.0
"(5, 8)",2,0,3,0.5623413251903491,184.66181172588952,20.66578908257292,1.0
"(5, 8)",2,0,3,1.0,184.95333426273658,20.477473194412855,1.0
"(5, 8)",2,0,3,1.7782794100389228,185.66610053852764,20.217182925147615,1.0
"(5, 8)",2,0,3,3.1622776601683795,187.19538415708635,19.900954198815114,1.0
"(5, 8)",2,0,3,5.623413251903491,190.00130380876615,19.57210342614858,1.0
"(5, 8)",2,0,3,10.0,194.3768347101368,19.281511241911264,1.0
"(5, 8)",2,0,3,17.78279410038923,200.26215365978877,19.060262763853917,1.0
"(5, 8)",2,0,3,31.622776601683793,207.27084588495813,18.91132232314208,0.9999999999999998
"(5, 8)",2,0,3,56.23413251903491,214.8577616583752,18.820290496303723,1.0
"(5, 8)",2,0,3,100.0,222.4821267806169,18.768684427082082,1.0
"(5, 8)",2,0,3,177.82794100389228,229.70671590536486,18.741116890537977,1.0
"(5, 8)",2,0,3,316.22776601683796,236.23826611754606,18.727073607926624,1.0
"(5, 8)",2,0,3,562.341325190349,241.9269738525306,18.720184776675914,1.0
"(5, 8)",2,0,3,1000.0,246.74153427331726,18.716902356510612,1.0
"(5, 8)",2,0,3,1778.2794100389228,250.73428432957056,18.71537041938253,0.9999999999999998
"(5, 8)",2,0,3,3162.2776601683795,254.00753684691423,18.714663958275413,1.0
"(5, 8)",2,0,3,5623.413251903491,256.68727858885654,18.714338787222054,1.0
"(5, 8)",2,0,3,10000.0,258.9059745559563,18.71418752336976,1.0
"(5, 8)",2,0,3,17782.794100389227,260.7935632821142,18.71411527880172,0.9999999999999998
"(5, 8)",2,0,3,31622.776601683792,262.4746871083417,18.714079190301728,1.0
"(5, 8)",2,0,3,56234.13251903491,264.07032314182214,18.714059992317114,1.0
"(5, 8)",2,0,3,100000.0,265.702305208924,18.714048989744523,0.9999999999999998
"(5, 8)",2,0,3,177827.94100389228,267.5002260965292,18.714042195167053,0.9999999999999998
"(5, 8)",2,0,3,316227.7660168379,269.6099715809334,18.71403772167942,0.9999999999999998
"(5, 8)",2,0,3,562341.3251903491,272.2041980014688,18.714034630998466,0.9999999999999998
"(5, 8)",2,0,3,1000000.0,275.49348253549607,18.714032423449165,1.0
"(5, 8)",2,1,0.1,0.0,8415.177608285727,44.68743541424818,0.9999999999999999
"(5, 8)",2,1,0.1,0.0001,8415.177608285821,44.68743441800748,1.0
"(5, 8)",2,1,0.1,0.00017782794100389227,8415.177608286034,44.68743364265459,1.0
"(5, 8)",2,1,0.1,0.00031622776601683794,8415.17760828671,44.687432263862036,1.0
"(5, 8)",2,1,0.1,0.0005623413251903491,8415.177608288857,44.68742981198848,1.0
"(5, 8)",2,1,0.1,0.001,8415.177608295646,44.6874254518874,0.9999999999999998
"(5, 8)",2,1,0.1,0.0017782794100389228,8415.177608317163,44.687417698457836,1.0
"(5, 8)",2,1,0.1,0.0031622776601683794,8415.177608385226,44.68740391084636,1.0
"(5, 8)",2,1,0.1,0.005623413251903491,8415.177608600527,44.68737939310374,0.9999999999999999
"(5, 8)",2,1,0.1,0.01,8415.177609281498,44.68733579523408,0.9999999999999999
"(5, 8)",2,1,0.1,0.01778279410038923,8415.177611435029,44.68725827086857,1.0
"(5, 8)",2,1,0.1,0.03162277660168379,8415.177618244734,44.68712042614954,1.0
"(5, 8)",2,1,0.1,0.05623413251903491,8415.177639775313,44.68687534796538,1.0
"(5, 8)",2,1,0.1,0.1,8415.1777078379,44.68643968287492,0.9999999999999999
"(5, 8)",2,1,0.1,0.1778279410038923,8415.177922935995,44.68566542967351,0.9999999999999999
"(5, 8)",2,1,0.1,0.31622776601683794,8415.178602371512,44.6842901075341,0.9999999999999998
"(5, 8)",2,1,0.1,0.5623413251903491,8415.180746645527,44.68184916864499,1.0
"(5, 8)",2,1,0.1,1.0,8415.187503529365,44.677523425309026,1.0
"(5, 8)",2,1,0.1,1.7782794100389228,8415.208738590316,44.66987742749339,1.0
"(5, 8)",2,1,0.1,3.1622776601683795,8415.275169901206,44.6564229431193,1.0
"(5, 8)",2,1,0.1,5.623413251903491,8415.481408934485,44.63292375141252,0.9999999999999999
"(5, 8)",2,1,0.1,10.0,8416.113893288459,44.59237036899903,0.9999999999999998
"(5, 8)",2,1,0.1,17.78279410038923,8418.018174453082,44.5236413137798,1.0
"(5, 8)",2,1,0.1,31.622776601683793,8423.606476974568,44.410068539997866,0.9999999999999999
"(5, 8)",2,1,0.1,56.23413251903491,8439.459819214533,44.22856415056667,1.0
"(5, 8)",2,1,0.1,100.0,8482.397914397852,43.95141821723366,1.0
"(5, 8)",2,1,0.1,177.82794100389228,8590.979365057383,43.55578757442873,1.0
"(5, 8)",2,1,0.1,316.22776601683796,8839.581449681067,43.04366572066049,1.0
"(5, 8)",2,1,0.1,562.341325190349,9342.234037748352,42.457738046791945,0.9999999999999999
"(5, 8)",2,1,0.1,1000.0,10237.233627468027,41.86764408987022,1.0
"(5, 8)",2,1,0.1,1778.2794100389228,11669.15034575826,41.334344179831305,1.0
"(5, 8)",2,1,0.1,3162.2776601683795,13788.608662976541,40.88908426460414,0.9999999999999999
"(5, 8)",2,1,0.1,5623.413251903491,16773.277958715746,40.535841590817,1.0
"(5, 8)",2,1,0.1,10000.0,20862.658174753422,40.26342407100643,1.0
"(5, 8)",2,1,0.1,17782.794100389227,26390.38886142368,40.05625863776981,1.0
"(5, 8)",2,1,0.1,31622.776601683792,33813.43907260711,39.899782501458986,1.0
"(5, 8)",2,1,0.1,56234.13251903491,43748.83166206984,39.78199489677102,1.0
"(5, 8)",2,1,0.1,100000.0,57024.16993465311,39.69348619575826,1.0
"(5, 8)",2,1,0.1,177827.94100389228,74746.18772144451,39.62704037732945,1.0
"(5, 8)",2,1,0.1,316227.7660168379,98392.81113058401,39.577182715652995,1.0
"(5, 8)",2,1,0.1,562341.3251903491,129936.28633783966,39.53978215775497,1.0
"(5, 8)",2,1,0.1,1000000.0,172007.56420417214,39.51173042221153,1.0
"(5, 8)",2,1,1,0.0,190.52633455082105,14.753482109099913,1.0
"(5, 8)",2,1,1,0.0001,190.5263345523131,14.753467187487757,0.9999999999999999
"(5, 8)",2,1,1,0.00017782794100389227,190.52633455553942,14.753455574513083,1.0
"(5, 8)",2,1,1,0.00031622776601683794,190.526334565742,14.753434923851882,1.0
"(5, 8)",2,1,1,0.0005623413251903491,190.52633459800433,14.753398202637504,1.0
"(5, 8)",2,1,1,0.001,190.5263347000188,14.753332906583672,0.9999999999999999
"(5, 8)",2,1,1,0.0017782794100389228,190.52633502257595,14.753216806264776,0.9999999999999999
"(5, 8)",2,1,1,0.0031622776601683794,190.5263360423611,14.753010392696192,1.0
"(5, 8)",2,1,1,0.005623413251903491,190.52633926591554,14.752643474686568,1.0
"(5, 8)",2,1,1,0.01,190.52634945244466,14.751991443746427,1.0
"(5, 8)",2,1,1,0.01778279410038923,190.52638162440599,14.750833377193647,0.9999999999999999
"(5, 8)",2,1,1,0.03162277660168379,190.526483132978,14.748778511067638,1.0
"(5, 8)",2,1,1,0.05623413251903491,190.5268028546001,14.745138549255907,0.9999999999999998
"(5, 8)",2,1,1,0.1,190.52780678362814,14.73871010794086,0.9999999999999999
"(5, 8)",2,1,1,0.1778279410038923,190.5309420374042,14.727417023126808,1.0
"(5, 8)",2,1,1,0.31622776601683794,190.54064045442212,14.707761664175491,1.0
"(5, 8)",2,1,1,0.5623413251903491,190.57014850219244,14.674099946641054,1.0
"(5, 8)",2,1,1,1.0,190.65743040376387,14.618017779994359,1.0
"(5, 8)",2,1,1,1.7782794100389228,190.9038240872288,14.528751951972296,1.0
"(5, 8)",2,1,1,3.1622776601683795,191.5500164373779,14.396558579592591,1.0
"(5, 8)",2,1,1,5.623413251903491,193.07134486236535,14.220510694060842,0.9999999999999999
"(5, 8)",2,1,1,10.0,196.17559150772396,14.016980989721471,0.9999999999999998
"(5, 8)",2,1,1,17.78279410038923,201.53352848172574,13.817780095772225,1.0
"(5, 8)",2,1,1,31.622776601683793,209.33285652530657,13.653418007230368,1.0
"(5, 8)",2,1,1,56.23413251903491,219.10817380759602,13.53682319790113,1.0000000000000002
"(5, 8)",2,1,1,100.0,230.05181378507928,13.46309200928603,1.0
"(5, 8)",2,1,1,177.82794100389228,241.44920737329548,13.419800737960449,0.9999999999999999
"(5, 8)",2,1,1,316.22776601683796,252.9143534459429,13.395290984522658,0.9999999999999999
"(5, 8)",2,1,1,562.341325190349,264.4314774624803,13.381454542107933,1.0
"(5, 8)",2,1,1,1000.0,276.3099509195964,13.373443979763247,1.0
"(5, 8)",2,1,1,1778.2794100389228,289.1283807015785,13.368594652486646,0.9999999999999999
"(5, 8)",2,1,1,3162.2776601683795,303.7051377209878,13.365501331650048,1.0
"(5, 8)",2,1,1,5623.413251903491,321.10746300143893,13.363429046778615,1.0
"(5, 8)",2,1,1,10000.0,342.7004112725166,13.361985375969017,1.0
"(5, 8)",2,1,1,17782.794100389227,370.23533972515173,13.360951242914853,1.0
"(5, 8)",2,1,1,31622.776601683792,405.98062444893276,13.360196815343954,0.9999999999999999
"(5, 8)",2,1,1,56234.13251903491,452.90175897378833,13.359640156053594,1.0
"(5, 8)",2,1,1,100000.0,514.9034087974402,13.359226613379283,1.0
"(5, 8)",2,1,1,177827.94100389228,597.1519772026278,13.358918161303334,1.0
"(5, 8)",2,1,1,316227.7660168379,706.5045800297428,13.358687561538078,1.0
"(5, 8)",2,1,1,562341.3251903491,852.0791026609007,13.358514934735952,1.0
"(5, 8)",2,1,1,1000000.0,1046.013216738821,13.358385609114318,1.0
"(5, 8)",2,1,3,0.0,152.76677514858787,15.573753491669503,1.0
"(5, 8)",2,1,3,0.0001,152.76677515565513,15.573682818069717,0.9999999999999999
"(5, 8)",2,1,3,0.00017782794100389227,152.7667751709361,15.573627816887996,1.0
"(5, 8)",2,1,3,0.00031622776601683794,152.76677521925552,15.573530015097221,1.0
"(5, 8)",2,1,3,0.0005623413251903491,152.76677537203884,15.573356114140365,1.0000000000000004
"(5, 8)",2,1,3,0.001,152.7667758550906,15.573046926412012,1.0
"(5, 8)",2,1,3,0.0017782794100389228,152.7667773821225,15.572497283668673,1.0
"(5, 8)",2,1,3,0.0031622776601683794,152.7667822081462,15.571520432293381,0.9999999999999999
"(5, 8)",2,1,3,0.005623413251903491,152.76679745322818,15.569785108351295,1.0
"(5, 8)",2,1,3,0.01,152.7668455718353,15.566704867669575,1.0
"(5, 8)",2,1,3,0.01778279410038923,152.76699722897288,15.561245135452353,1.0
"(5, 8)",2,1,3,0.03162277660168379,152.76747397900328,15.551592086982218,1.0
"(5, 8)",2,1,3,0.05623413251903491,152.76896587253628,15.534600783390363,1.0
"(5, 8)",2,1,3,0.1,152.77359721820625,15.504925299359218,0.9999999999999999
"(5, 8)",2,1,3,0.1778279410038923,152.78777568843603,15.45379601608036,0.9999999999999998
"(5, 8)",2,1,3,0.31622776601683794,152.83016055949432,15.3677271740136,0.9999999999999998
"(5, 8)",2,1,3,0.5623413251903491,152.95194792887668,15.228341942679307,0.9999999999999999
"(5, 8)",2,1,3,1.0,153.28057457536246,15.016092079994609,1.0
"(5, 8)",2,1,3,1.7782794100389228,154.08862344240814,14.721115755637634,1.0
"(5, 8)",2,1,3,3.1622776601683795,155.84303395343647,14.358605877140688,0.9999999999999998
"(5, 8)",2,1,3,5.623413251903491,159.13062758061312,13.973781994235306,1.0
"(5, 8)",2,1,3,10.0,164.4157490122477,13.623353419131737,1.0
"(5, 8)",2,1,3,17.78279410038923,171.77487603512986,13.347154179701043,1.0
"(5, 8)",2,1,3,31.622776601683793,180.80616417203535,13.155465190726062,1.0
"(5, 8)",2,1,3,56.23413251903491,190.76125913613728,13.036081510757406,1.0
"(5, 8)",2,1,3,100.0,200.7990947890245,12.968127574835657,1.0
"(5, 8)",2,1,3,177.82794100389228,210.21701610842445,12.932164388717112,1.0
"(5, 8)",2,1,3,316.22776601683796,218.56733600954723,12.914190967695454,1.0
"(5, 8)",2,1,3,562.341325190349,225.6576430553625,12.905593633321184,1.0
"(5, 8)",2,1,3,1000.0,231.48649193190374,12.901613931776785,1.0
"(5, 8)",2,1,3,1778.2794100389228,236.16607994460082,12.899815528881494,1.0
"(5, 8)",2,1,3,3162.2776601683795,239.85977223512916,12.899016744264594,1.0
"(5, 8)",2,1,3,5623.413251903491,242.74149675149513,12.898666143860906,1.0
"(5, 8)",2,1,3,10000.0,244.9736780391363,12.898513389522547,0.9999999999999999
"(5, 8)",2,1,3,17782.794100389227,246.69773786796293,12.89844704102048,1.0000000000000002
"(5, 8)",2,1,3,31622.776601683792,248.0319523825048,12.898418173336559,1.0
"(5, 8)",2,1,3,56234.13251903491,249.0731142505183,12.898405512303931,1.0
"(5, 8)",2,1,3,100000.0,249.8998701017512,12.898399864570163,1.0
"(5, 8)",2,1,3,177827.94100389228,250.5764554827948,12.898397269228076,0.9999999999999998
"(5, 8)",2,1,3,316227.7660168379,251.15665710003046,12.898396020483622,1.0
"(5, 8)",2,1,3,562341.3251903491,251.6868345348792,12.89839537940782,0.9999999999999999
"(5, 8)",2,1,3,1000000.0,252.20877786491806,12.898395023295558,1.0
"(6, 7)",2,-1,0.1,0.0,2200.1620003853277,14.058889101194719,1.0
"(6, 7)",2,-1,0.1,0.0001,2200.162000385466,14.058887730473947,1.0
"(6, 7)",2,-1,0.1,0.00017782794100389227,2200.162000385762,14.058886663672991,1.0
"(6, 7)",2,-1,0.1,0.00031622776601683794,2200.162000386698,14.058884766608761,1.0
"(6, 7)",2,-1,0.1,0.0005623413251903491,2200.1620003896605,14.058881393117282,0.9999999999999998
"(6, 7)",2,-1,0.1,0.001,2200.162000399032,14.058875394166215,1.0
"(6, 7)",2,-1,0.1,0.0017782794100389228,2200.162000428664,14.058864726542756,0.9999999999999998
"(6, 7)",2,-1,0.1,0.0031622776601683794,2200.162000522378,14.058845757121247,1.0000000000000002
"(6, 7)",2,-1,0.1,0.005623413251903491,2200.1620008187197,14.0588120260667,1.0
"(6, 7)",2,-1,0.1,0.01,2200.162001755749,14.058752048762196,1.0
"(6, 7)",2,-1,0.1,0.01778279410038923,2200.1620047183787,14.058645411121391,0.9999999999999999
"(6, 7)",2,-1,0.1,0.03162277660168379,2200.162014084072,14.0584558389171,1.0
"(6, 7)",2,-1,0.1,0.05623413251903491,2200.1620436841727,14.058118914015811,1.0000000000000002
"(6, 7)",2,-1,0.1,0.1,2200.1621371931355,14.057520359430884,1.0000000000000002
"(6, 7)",2,-1,0.1,0.1778279410038923,2200.1624323621572,14.056457830217486,1.0
"(6, 7)",2,-1,0.1,0.31622776601683794,2200.163362786292,14.054574240924742,1.0
"(6, 7)",2,-1,0.1,0.5623413251903491,2200.166288391373,14.051243173759667,1.0
"(6, 7)",2,-1,0.1,1.0,2200.175447472383,14.045377338756557,0.9999999999999999
"(6, 7)",2,-1,0.1,1.7782794100389228,2200.203902250201,14.03512491817435,1.0
"(6, 7)",2,-1,0.1,3.1622776601683795,2200.2911321397623,14.017437216495335,0.9999999999999999
"(6, 7)",2,-1,0.1,5.623413251903491,2200.552517041563,13.987593348770472,1.0
"(6, 7)",2,-1,0.1,10.0,2201.306748550282,13.939063323795292,1.0000000000000002
"(6, 7)",2,-1,0.1,17.78279410038923,2203.3578340178246,13.864603604958159,1.0
"(6, 7)",2,-1,0.1,31.622776601683793,2208.4812878372827,13.759536015769392,1.0
"(6, 7)",2,-1,0.1,56.23413251903491,2220.013760901298,13.625862303026315,0.9999999999999999
"(6, 7)",2,-1,0.1,100.0,2243.5575950269454,13.471780197729968,1.0
"(6, 7)",2,-1,0.1,177.82794100389228,2288.865684070835,13.304736488051692,1.0
"(6, 7)",2,-1,0.1,316.22776601683796,2373.858963325082,13.128336464711905,0.9999999999999999
"(6, 7)",2,-1,0.1,562.341325190349,2527.5664020325657,12.948498106549005,0.9999999999999999
"(6, 7)",2,-1,0.1,1000.0,2787.466571694057,12.77686191189286,1.0000000000000002
"(6, 7)",2,-1,0.1,1778.2794100389228,3193.65363897802,12.62546175866803,1.0
"(6, 7)",2,-1,0.1,3162.2776601683795,3787.24378616059,12.500699746623235,1.0
"(6, 7)",2,-1,0.1,5623.413251903491,4616.748204963721,12.402498237323274,0.9999999999999999
"(6, 7)",2,-1,0.1,10000.0,5748.219943038422,12.32711221359512,0.9999999999999999
"(6, 7)",2,-1,0.1,17782.794100389227,7273.800038025197,12.269932123997776,1.0
"(6, 7)",2,-1,0.1,31622.776601683792,9319.52499535093,12.22680650884157,1.0
"(6, 7)",2,-1,0.1,56234.13251903491,12055.39606843645,12.194370844390168,1.0
"(6, 7)",2,-1,0.1,100000.0,15709.282221870024,12.17000943706534,1.0
"(6, 7)",2,-1,0.1,177827.94100389228,20585.785650687994,12.15172562774254,1.0
"(6, 7)",2,-1,0.1,316227.7660168379,27091.577061932057,12.138008461999311,1.0
"(6, 7)",2,-1,0.1,562341.3251903491,35769.27493280367,12.127719471515197,1.0
"(6, 7)",2,-1,0.1,1000000.0,47342.67030684016,12.120002746517592,1.0
"(6, 7)",2,-1,1,0.0,93.8817391697486,4.53934191874052,1.0
"(6, 7)",2,-1,1,0.0001,93.881739170745,4.539331954923582,0.9999999999999999
"(6, 7)",2,-1,1,0.00017782794100389227,93.88173917289946,4.539324200538544,0.9999999999999999
"(6, 7)",2,-1,1,0.00031622776601683794,93.88173917971187,4.539310411612588,1.0
"(6, 7)",2,-1,1,0.0005623413251903491,93.88173920125324,4.539285892748541,0.9999999999999999
"(6, 7)",2,-1,1,0.001,93.88173926936452,4.539242296729529,1.0
"(6, 7)",2,-1,1,0.0017782794100389228,93.88173948470303,4.539164787809939,1.0
"(6, 7)",2,-1,1,0.0031622776601683794,93.88174016539139,4.539027008974331,1.0
"(6, 7)",2,-1,1,0.005623413251903491,93.88174231638774,4.538782169313716,1.0
"(6, 7)",2,-1,1,0.01,93.88174910985106,4.538347311508763,0.9999999999999999
"(6, 7)",2,-1,1,0.01778279410038923,93.8817705445265,4.537575701708024,0.9999999999999998
"(6, 7)",2,-1,1,0.03162277660168379,93.88183805753368,4.536208878918704,1.0
"(6, 7)",2,-1,1,0.05623413251903491,93.88205005072484,4.533794950656029,1.0
"(6, 7)",2,-1,1,0.1,93.88271211727775,4.529554218470685,1.0
"(6, 7)",2,-1,1,0.1778279410038923,93.88476025811066,4.522172833758664,1.0
"(6, 7)",2,-1,1,0.31622776601683794,93.89099315538976,4.509528982045131,1.0
"(6, 7)",2,-1,1,0.5623413251903491,93.90944098835023,4.488451107747674,1.0
"(6, 7)",2,-1,1,1.0,93.9616142797457,4.454842702866919,0.9999999999999999
"(6, 7)",2,-1,1,1.7782794100389228,94.09915122292963,4.404826419404808,1.0
"(6, 7)",2,-1,1,3.1622776601683795,94.42732524441936,4.337355790084047,1.0
"(6, 7)",2,-1,1,5.623413251903491,95.11806943912697,4.256983997139364,0.9999999999999999
"(6, 7)",2,-1,1,10.0,96.38560527081444,4.173498546599408,1.0
"(6, 7)",2,-1,1,17.78279410038923,98.42422460494483,4.097533441441959,1.0
"(6, 7)",2,-1,1,31.622776601683793,101.34149415676721,4.036082299368914,0.9999999999999998
"(6, 7)",2,-1,1,56.23413251903491,105.1186366785738,3.9911410499656728,1.0
"(6, 7)",2,-1,1,100.0,109.61611203944766,3.9609392365774068,1.0
"(6, 7)",2,-1,1,177.82794100389228,114.62679172853947,3.941965322213969,1.0
"(6, 7)",2,-1,1,316.22776601683796,119.95450271025386,3.9306007213432896,1.0
"(6, 7)",2,-1,1,562.341325190349,125.48252117655782,3.9239655262509148,1.0
"(6, 7)",2,-1,1,1000.0,131.21221259381522,3.9201000375730177,0.9999999999999999
"(6, 7)",2,-1,1,1778.2794100389228,137.27519594509323,3.9178031637669575,1.0
"(6, 7)",2,-1,1,3162.2776601683795,143.93291442698964,3.9163877096254933,1.0000000000000002
"(6, 7)",2,-1,1,5623.413251903491,151.57705088917476,3.9154757852548965,1.0
"(6, 7)",2,-1,1,10000.0,160.7399361613545,3.914862263861538,1.0
"(6, 7)",2,-1,1,17782.794100389227,172.12024758656426,3.9144343972611946,1.0
"(6, 7)",2,-1,1,31622.776601683792,186.6273424145257,3.9141279995815315,1.0
"(6, 7)",2,-1,1,56234.13251903491,205.4474905450777,3.9139046239296804,1.0
"(6, 7)",2,-1,1,100000.0,230.1365401337306,3.9137399077422095,1.0
"(6, 7)",2,-1,1,177827.94100389228,262.7457342900523,3.9136175971271645,0.9999999999999999
"(6, 7)",2,-1,1,316227.7660168379,305.99034233727957,3.9135263971653482,1.0
"(6, 7)",2,-1,1,562341.3251903491,363.4746423542049,3.913458229419825,0.9999999999999999
"(6, 7)",2,-1,1,1000000.0,439.991369739984,3.9134072054910556,1.0
"(6, 7)",2,-1,3,0.0,79.96296852825616,4.926126789846298,1.0
"(6, 7)",2,-1,3,0.0001,79.96296853238135,4.926085536700037,0.9999999999999999
"(6, 7)",2,-1,3,0.00017782794100389227,79.96296854130101,4.9260534319845055,0.9999999999999999
"(6, 7)",2,-1,3,0.00031622776601683794,79.96296856950515,4.925996344632917,1.0
"(6, 7)",2,-1,3,0.0005623413251903491,79.962968658684,4.925894839395673,1.0
"(6, 7)",2,-1,3,0.001,79.9629689406311,4.9257143727386925,0.9999999999999999
"(6, 7)",2,-1,3,0.0017782794100389228,79.96296983188316,4.925393572766278,1.0
"(6, 7)",2,-1,3,0.0031622776601683794,79.96297264834473,4.924823480500356,0.9999999999999998
"(6, 7)",2,-1,3,0.005623413251903491,79.96298154396739,4.923810896343353,0.9999999999999999
"(6, 7)",2,-1,3,0.01,79.96300961375131,4.922014021965997,1.0
"(6, 7)",2,-1,3,0.01778279410038923,79.96309803863755,4.918830590535252,1.0
"(6, 7)",2,-1,3,0.03162277660168379,79.96337576771025,4.913206953028342,1.0
"(6, 7)",2,-1,3,0.05623413251903491,79.96424351126,4.903323248456329,1.0
"(6, 7)",2,-1,3,0.1,79.96692983650847,4.886107758029471,1.0
"(6, 7)",2,-1,3,0.1778279410038923,79.97511352715192,4.8565879052464025,1.0
"(6, 7)",2,-1,3,0.31622776601683794,79.99936634179969,4.807313868784864,1.0
"(6, 7)",2,-1,3,0.5623413251903491,80.06799929735469,4.72869326988984,1.0
"(6, 7)",2,-1,3,1.0,80.24836867771904,4.6120170426728215,1.0
"(6, 7)",2,-1,3,1.7782794100389228,80.67261944220455,4.456742739730431,1.0
"(6, 7)",2,-1,3,3.1622776601683795,81.53142136602905,4.278579416763372,1.0
"(6, 7)",2,-1,3,5.623413251903491,82.99002535503618,4.106940820586087,0.9999999999999999
"(6, 7)",2,-1,3,10.0,85.08458411380776,3.9673158572504152,1.0
"(6, 7)",2,-1,3,17.78279410038923,87.74314592258709,3.867196698753054,1.0
"(6, 7)",2,-1,3,31.622776601683793,90.88945159312132,3.8004049935739634,1.0
"(6, 7)",2,-1,3,56.23413251903491,94.45499065622931,3.7577570029567116,1.0
"(6, 7)",2,-1,3,100.0,98.31749701841055,3.731714970083166,0.9999999999999999
"(6, 7)",2,-1,3,177.82794100389228,102.28559841747783,3.716630238041525,1.0000000000000002
"(6, 7)",2,-1,3,316.22776601683796,106.14495101756137,3.708358847044705,1.0
"(6, 7)",2,-1,3,562.341325190349,109.71393264555513,3.7040477763792925,0.9999999999999998
"(6, 7)",2,-1,3,1000.0,112.87468615702633,3.701896753363792,1.0000000000000002
"(6, 7)",2,-1,3,1778.2794100389228,115.57651153122497,3.700861222523926,1.0
"(6, 7)",2,-1,3,3162.2776601683795,117.82252343934857,3.7003765832894406,1.0
"(6, 7)",2,-1,3,5623.413251903491,119.65099036807777,3.7001545312031006,1.0
"(6, 7)",2,-1,3,10000.0,121.11845583647954,3.700054263596396,1.0000000000000002
"(6, 7)",2,-1,3,17782.794100389227,122.28747859929348,3.7000093380502044,1.0
"(6, 7)",2,-1,3,31622.776601683792,123.2191595985263,3.699989208326748,0.9999999999999999
"(6, 7)",2,-1,3,56234.13251903491,123.96947716388141,3.6999800990659573,1.0
"(6, 7)",2,-1,3,100000.0,124.58822719334188,3.699975880992991,1.0
"(6, 7)",2,-1,3,177827.94100389228,125.11956874036568,3.69997384875356,1.0
"(6, 7)",2,-1,3,316227.7660168379,125.60350994685707,3.699972811080258,1.0
"(6, 7)",2,-1,3,562341.3251903491,126.07788561948676,3.699972240989429,1.0
"(6, 7)",2,-1,3,1000000.0,126.58058677253507,3.699971902066218,0.9999999999999998
"(6, 7)",2,0,0.1,0.0,1179775.4437527698,5215.42031037779,1.0
"(6, 7)",2,0,0.1,0.0001,1179775.443752855,5215.419335328483,0.9999999999999998
"(6, 7)",2,0,0.1,0.00017782794100389227,1179775.4437530546,5215.418576468232,1.0
"(6, 7)",2,0,0.1,0.00031622776601683794,1179775.4437537033,5215.417227003773,1.0
"(6, 7)",2,0,0.1,0.0005623413251903491,1179775.4437557787,5215.414827282348,1.0
"(6, 7)",2,0,0.1,0.001,1179775.4437623878,5215.4105599179875,1.0
"(6, 7)",2,0,0.1,0.0017782794100389228,1179775.4437833684,5215.402971386146,1.0
"(6, 7)",2,0,0.1,0.0031622776601683794,1179775.4438498556,5215.389476964793,1.0
"(6, 7)",2,0,0.1,0.005623413251903491,1179775.4440603533,5215.365480456514,0.9999999999999998
"(6, 7)",2,0,0.1,0.01,1179775.4447264452,5215.32280904569,1.0
"(6, 7)",2,0,0.1,0.01778279410038923,1179775.4468335167,5215.24693078778,1.0
"(6, 7)",2,0,0.1,0.03162277660168379,1179775.453497537,5215.112008900248,1.0
"(6, 7)",2,0,0.1,0.05623413251903491,1179775.474570456,5214.872114410633,1.0
"(6, 7)",2,0,0.1,0.1,1179775.5411959973,5214.445623494019,1.0
"(6, 7)",2,0,0.1,0.1778279410038923,1179775.751794703,5213.6875464625555,1.0
"(6, 7)",2,0,0.1,0.31622776601683794,1179776.4172311877,5212.340557344611,1.0
"(6, 7)",2,0,0.1,0.5623413251903491,1179778.5184670896,5209.948655805225,1.0
"(6, 7)",2,0,0.1,1.0,1179785.1459079923,5205.705976185127,1.0
"(6, 7)",2,0,0.1,1.7782794100389228,1179806.0070268463,5198.195258210667,0.9999999999999998
"(6, 7)",2,0,0.1,3.1622776601683795,1179871.4364957656,5184.945532449744,1.0
"(6, 7)",2,0,0.1,5.623413251903491,1180075.3578238522,5161.715198448363,1.0
"(6, 7)",2,0,0.1,10.0,1180703.8935965023,5121.424777213427,1.0
"(6, 7)",2,0,0.1,17.78279410038923,1182604.128239967,5052.849918762184,1.0
"(6, 7)",2,0,0.1,31.622776601683793,1188162.2719466742,4939.840325938878,0.9999999999999998
"(6, 7)",2,0,0.1,56.23413251903491,1203549.8441191525,4763.349372703231,0.9999999999999998
"(6, 7)",2,0,0.1,100.0,1242587.5698770839,4510.316795204352,0.9999999999999998
"(6, 7)",2,0,0.1,177.82794100389228,1329660.3137206973,4190.688481491625,1.0
"(6, 7)",2,0,0.1,316.22776601683796,1493612.4301583609,3849.2427411793915,1.0
"(6, 7)",2,0,0.1,562.341325190349,1749533.2073344614,3546.8514508927888,1.0
"(6, 7)",2,0,0.1,1000.0,2090913.839213892,3318.645473323574,1.0
"(6, 7)",2,0,0.1,1778.2794100389228,2513459.2980171945,3159.5944543430164,1.0
"(6, 7)",2,0,0.1,3162.2776601683795,3041772.3445335557,3047.9575805864897,1.0
"(6, 7)",2,0,0.1,5623.413251903491,3727960.81346443,2966.5516616502377,1.0
"(6, 7)",2,0,0.1,10000.0,4639489.658500599,2905.7776672243886,1.0
"(6, 7)",2,0,0.1,17782.794100389227,5858176.795835186,2860.0904253471494,1.0
"(6, 7)",2,0,0.1,31622.776601683792,7488217.530475478,2825.725610122574,0.9999999999999998
"(6, 7)",2,0,0.1,56234.13251903491,9666667.271326618,2799.8981001590137,1.0
"(6, 7)",2,0,0.1,100000.0,12575720.519562306,2780.5025319390793,0.9999999999999998
"(6, 7)",2,0,0.1,177827.94100389228,16458247.656183837,2765.945336282294,1.0
"(6, 7)",2,0,0.1,316227.7660168379,21638184.99542902,2755.023415187524,0.9999999999999998
"(6, 7)",2,0,0.1,562341.3251903491,28547589.5909775,2746.830688552046,1.0
"(6, 7)",2,0,0.1,1000000.0,37762628.18727114,2740.6859007761145,1.0
"(6, 7)",2,0,1,0.0,700.0598862491637,60.90371257812853,1.0
"(6, 7)",2,0,1,0.0001,700.0598862505656,60.903698553813,0.9999999999999998
"(6, 7)",2,0,1,0.00017782794100389227,700.059886253598,60.90368763911786,1.0
"(6, 7)",2,0,1,0.00031622776601683794,700.059886263187,60.90366823004515,1.0
"(6, 7)",2,0,1,0.0005623413251903491,700.0598862935103,60.903633716254525,1.0
"(6, 7)",2,0,1,0.001,700.0598863893928,60.90357234413936,1.0
"(6, 7)",2,0,1,0.0017782794100389228,700.0598866925781,60.90346321700738,1.0
"(6, 7)",2,0,1,0.0031622776601683794,700.0598876511756,60.90326918894345,1.0
"(6, 7)",2,0,1,0.005623413251903491,700.0598906816602,60.90292424914373,1.0
"(6, 7)",2,0,1,0.01,700.0599002600131,60.902311154151825,1.0
"(6, 7)",2,0,1,0.01778279410038923,700.0599305220206,60.90122186121029,1.0
"(6, 7)",2,0,1,0.03162277660168379,700.0600260651348,60.89928782712288,1.0
"(6, 7)",2,0,1,0.05623413251903491,700.0603273378008,60.895858128487895,1.0
"(6, 7)",2,0,1,0.1,700.0612752368773,60.88978917193263,1.0
"(6, 7)",2,0,1,0.1778279410038923,700.064246051415,60.87909060691878,1.0
"(6, 7)",2,0,1,0.31622776601683794,700.0734936928156,60.86035566750164,1.0
"(6, 7)",2,0,1,0.5623413251903491,700.1019425912571,60.82792304368734,1.0
"(6, 7)",2,0,1,1.0,700.1877274119447,60.77286454223115,1.0
"(6, 7)",2,0,1,1.7782794100389228,700.4380520103862,60.68234915367781,1.0
"(6, 7)",2,0,1,3.1622776601683795,701.132248996463,60.540794819107106,0.9999999999999998
"(6, 7)",2,0,1,5.623413251903491,702.9225569172382,60.33470771802818,1.0
"(6, 7)",2,0,1,10.0,707.1317802819476,60.06094488395493,1.0
"(6, 7)",2,0,1,17.78279410038923,716.0427341379011,59.73335094360645,1.0
"(6, 7)",2,0,1,31.622776601683793,732.934070871126,59.382272311003916,1.0
"(6, 7)",2,0,1,56.23413251903491,761.5691338520278,59.045811715171226,1.0
"(6, 7)",2,0,1,100.0,805.3917650047501,58.754950784886034,1.0
"(6, 7)",2,0,1,177.82794100389228,867.3799954896376,58.522863816951805,1.0
"(6, 7)",2,0,1,316.22776601683796,950.8107600041089,58.34689636956585,1.0
"(6, 7)",2,0,1,562.341325190349,1060.3172993359346,58.216917741861415,1.0
"(6, 7)",2,0,1,1000.0,1202.8462469482013,58.1217712504023,1.0
"(6, 7)",2,0,1,1778.2794100389228,1388.5123221715344,58.05208444124978,1.0
"(6, 7)",2,0,1,3162.2776601683795,1631.4979424099563,58.00081157915443,1.0
"(6, 7)",2,0,1,5623.413251903491,1951.1761961885254,57.96288742815654,1.0
"(6, 7)",2,0,1,10000.0,2373.6286899141105,57.934710105649636,1.0
"(6, 7)",2,0,1,17782.794100389227,2933.7269599817837,57.9137047713608,1.0
"(6, 7)",2,0,1,31622.776601683792,3677.9669078968914,57.89801048375374,1.0
"(6, 7)",2,0,1,56234.13251903491,4668.294219276797,57.88626732401054,1.0
"(6, 7)",2,0,1,100000.0,5987.235872798953,57.8774726607653,1.0
"(6, 7)",2,0,1,177827.94100389228,7744.759787423793,57.870882600366585,1.0
"(6, 7)",2,0,1,316227.7660168379,10087.427916235742,57.86594290816353,1.0
"(6, 7)",2,0,1,562341.3251903491,13210.598719102907,57.86223956711926,1.0
"(6, 7)",2,0,1,1000000.0,17374.690635755556,57.85946283118055,1.0
"(6, 7)",2,0,3,0.0,349.01429016999856,50.37794812214136,1.0
"(6, 7)",2,0,3,0.0001,349.0142901801468,50.377846641558676,0.9999999999999998
"(6, 7)",2,0,3,0.00017782794100389227,349.0142902020891,50.37776766574438,1.0
"(6, 7)",2,0,3,0.00031622776601683794,349.0142902714706,50.377627234269525,1.0
"(6, 7)",2,0,3,0.0005623413251903491,349.0142904908453,50.37737753819325,0.9999999999999998
"(6, 7)",2,0,3,0.001,349.01429118441496,50.37693360467332,1.0
"(6, 7)",2,0,3,0.0017782794100389228,349.0142933768051,50.376144469876735,1.0
"(6, 7)",2,0,3,0.0031622776601683794,349.0143003048928,50.374742125290474,1.0
"(6, 7)",2,0,3,0.005623413251903491,349.014322186159,50.37225138880504,1.0
"(6, 7)",2,0,3,0.01,349.0143912278603,50.36783170320017,1.0
"(6, 7)",2,0,3,0.01778279410038923,349.0146087006661,50.36000230613183,1.0
"(6, 7)",2,0,3,0.03162277660168379,349.0152916325524,50.34617372387674,1.0
"(6, 7)",2,0,3,0.05623413251903491,349.0174247543324,50.32187677915751,1.0
"(6, 7)",2,0,3,0.1,349.0240248465143,50.27957833839957,1.0
"(6, 7)",2,0,3,0.1778279410038923,349.0441125868137,50.207114734832906,1.0
"(6, 7)",2,0,3,0.31622776601683794,349.10354579994623,50.08635368390144,1.0
"(6, 7)",2,0,3,0.5623413251903491,349.2712586660414,49.8942029470634,1.0
"(6, 7)",2,0,3,1.0,349.70989065077697,49.61038312534892,1.0
"(6, 7)",2,0,3,1.7782794100389228,350.7332948853502,49.23564158566964,0.9999999999999998
"(6, 7)",2,0,3,3.1622776601683795,352.7771646932827,48.81128573403759,0.9999999999999998
"(6, 7)",2,0,3,5.623413251903491,356.17127403228886,48.41135003476792,1.0
"(6, 7)",2,0,3,10.0,360.87831153264153,48.0969621919172,1.0
"(6, 7)",2,0,3,17.78279410038923,366.61762691259094,47.880452023174584,0.9999999999999998
"(6, 7)",2,0,3,31.622776601683793,373.2976015234998,47.738684733055905,1.0
"(6, 7)",2,0,3,56.23413251903491,381.1383630643725,47.64517478529357,1.0
"(6, 7)",2,0,3,100.0,390.3300818694577,47.58347219035632,1.0
"(6, 7)",2,0,3,177.82794100389228,400.6966327540448,47.54423808216775,1.0
"(6, 7)",2,0,3,316.22776601683796,411.69568839745364,47.52075597561565,1.0
"(6, 7)",2,0,3,562.341325190349,422.65420124234043,47.50756216500877,1.0
"(6, 7)",2,0,3,1000.0,433.0049190684342,47.50053855398281,1.0
"(6, 7)",2,0,3,1778.2794100389228,442.4061130860094,47.49694583934942,0.9999999999999998
"(6, 7)",2,0,3,3162.2776601683795,450.7517131804281,47.49515113719776,1.0
"(6, 7)",2,0,3,5623.413251903491,458.1246622474434,47.49425972683511,1.0
"(6, 7)",2,0,3,10000.0,464.7387871616726,47.49381058994923,1.0
"(6, 7)",2,0,3,17782.794100389227,470.8931359878833,47.49357609748259,0.9999999999999998
"(6, 7)",2,0,3,31622.776601683792,476.94635185351933,47.49344678209696,1.0
"(6, 7)",2,0,3,56234.13251903491,483.31054573534317,47.493370572073204,1.0
"(6, 7)",2,0,3,100000.0,490.4615571851089,47.493322556368774,1.0
"(6, 7)",2,0,3,177827.94100389228,498.9631835327079,47.49329052433427,0.9999999999999998
"(6, 7)",2,0,3,316227.7660168379,509.50314679989395,47.49326821624385,1.0
"(6, 7)",2,0,3,562341.3251903491,522.9443157769286,47.49325222321442,0.9999999999999998
"(6, 7)",2,0,3,1000000.0,540.3663879183179,47.493240523928236,1.0
"(6, 7)",2,1,0.1,0.0,2408.88083756903,15.878325471756003,0.9999999999999999
"(6, 7)",2,1,0.1,0.0001,2408.880837569156,15.878324216114907,0.9999999999999999
"(6, 7)",2,1,0.1,0.00017782794100389227,2408.880837569427,15.878323238877812,1.0
"(6, 7)",2,1,0.1,0.00031622776601683794,2408.880837570286,15.87832150108261,1.0
"(6, 7)",2,1,0.1,0.0005623413251903491,2408.880837572998,15.878318410814055,0.9999999999999999
"(6, 7)",2,1,0.1,0.001,2408.8808375815847,15.878312915506612,1.0000000000000002
"(6, 7)",2,1,0.1,0.0017782794100389228,2408.880837608729,15.878303143483699,1.0
"(6, 7)",2,1,0.1,0.0031622776601683794,2408.880837694578,15.87828576663146,1.0000000000000002
"(6, 7)",2,1,0.1,0.005623413251903491,2408.8808379660363,15.878254867424276,0.9999999999999999
"(6, 7)",2,1,0.1,0.01,2408.8808388243997,15.878199925348364,1.0000000000000002
"(6, 7)",2,1,0.1,0.01778279410038923,2408.880841538321,15.878102239894268,1.0
"(6, 7)",2,1,0.1,0.03162277660168379,2408.8808501178173,15.877928581310837,1.0000000000000002
"(6, 7)",2,1,0.1,0.05623413251903491,2408.8808772334046,15.877619936732177,0.9999999999999999
"(6, 7)",2,1,0.1,0.1,2408.880962895018,15.877071613918135,1.0
"(6, 7)",2,1,0.1,0.1778279410038923,2408.8812333011406,15.876098226194967,0.9999999999999999
"(6, 7)",2,1,0.1,0.31622776601683794,2408.8820857125665,15.874372574317897,1.0
"(6, 7)",2,1,0.1,0.5623413251903491,2408.884766261437,15.871320542151919,1.0
"(6, 7)",2,1,0.1,1.0,2408.8931594966266,15.865945234637946,1.0
"(6, 7)",2,1,0.1,1.7782794100389228,2408.919242193895,15.856547637480421,0.9999999999999999
"(6, 7)",2,1,0.1,3.1622776601683795,2408.9992374455373,15.840327339649818,1.0
"(6, 7)",2,1,0.1,5.623413251903491,2409.239122507317,15.812939373308152,1.0
"(6, 7)",2,1,0.1,10.0,2409.9320726950823,15.768354997754663,1.0000000000000002
"(6, 7)",2,1,0.1,17.78279410038923,2411.818963234343,15.69986008063395,1.0
"(6, 7)",2,1,0.1,31.622776601683793,2416.535693725928,15.60313344732081,1.0
"(6, 7)",2,1,0.1,56.23413251903491,2427.131820322366,15.480289269285587,0.9999999999999999
"(6, 7)",2,1,0.1,100.0,2448.5945094198414,15.339751754084652,1.0
"(6, 7)",2,1,0.1,177.82794100389228,2489.3209471771797,15.189489651368302,1.0
"(6, 7)",2,1,0.1,316.22776601683796,2564.7998979032723,15.032778494270703,1.0000000000000002
"(6, 7)",2,1,0.1,562.341325190349,2701.3624948738893,14.873057225470196,1.0
"(6, 7)",2,1,0.1,1000.0,2935.3534092282302,14.718655556919481,1.0
"(6, 7)",2,1,0.1,1778.2794100389228,3306.9865542761763,14.58022997307264,1.0
"(6, 7)",2,1,0.1,3162.2776601683795,3855.728671861761,14.464931802887607,0.9999999999999999
"(6, 7)",2,1,0.1,5623.413251903491,4625.46039357387,14.373813258549227,1.0000000000000002
"(6, 7)",2,1,0.1,10000.0,5675.754649260178,14.303834344357687,1.0
"(6, 7)",2,1,0.1,17782.794100389227,7090.909278773704,14.250791052999059,0.9999999999999998
"(6, 7)",2,1,0.1,31622.776601683792,8987.127859635493,14.210815846163426,0.9999999999999999
"(6, 7)",2,1,0.1,56234.13251903491,11521.588945635063,14.180767340052261,1.0
"(6, 7)",2,1,0.1,100000.0,14905.161040473538,14.158207843402316,1.0000000000000002
"(6, 7)",2,1,0.1,177827.94100389228,19419.78403371011,14.141280693489684,0.9999999999999999
"(6, 7)",2,1,0.1,316227.7660168379,25441.876056989116,14.128583305449489,0.9999999999999998
"(6, 7)",2,1,0.1,562341.3251903491,33473.66829659211,14.119060109124764,1.0
"(6, 7)",2,1,0.1,1000000.0,44185.047203332855,14.111918111236795,1.0
"(6, 7)",2,1,1,0.0,166.92758617904587,7.615312033951841,1.0
"(6, 7)",2,1,1,0.0001,166.92758618049433,7.615297551138069,1.0
"(6, 7)",2,1,1,0.00017782794100389227,166.9275861836258,7.615286279755865,1.0
"(6, 7)",2,1,1,0.00031622776601683794,166.92758619352813,7.615266236724878,1.0
"(6, 7)",2,1,1,0.0005623413251903491,166.92758622484055,7.615230596626445,1.0
"(6, 7)",2,1,1,0.001,166.92758632384826,7.615167224931379,1.0
"(6, 7)",2,1,1,0.0017782794100389228,166.92758663688105,7.615054552452366,1.0
"(6, 7)",2,1,1,0.0031622776601683794,166.92758762645474,7.61485425284189,1.0
"(6, 7)",2,1,1,0.005623413251903491,166.92759075395026,7.6144982649425,1.0
"(6, 7)",2,1,1,0.01,166.92760063379387,7.61386585302615,0.9999999999999999
"(6, 7)",2,1,1,0.01778279410038923,166.9276318195839,7.612743248070753,1.0
"(6, 7)",2,1,1,0.03162277660168379,166.9277301184968,7.610753240568811,0.9999999999999999
"(6, 7)",2,1,1,0.05623413251903491,166.9280391858984,7.6072342148937535,0.9999999999999999
"(6, 7)",2,1,1,0.1,166.92900666498358,7.601038062927289,0.9999999999999999
"(6, 7)",2,1,1,0.1778279410038923,166.93201189393898,7.590209965268323,1.0
"(6, 7)",2,1,1,0.31622776601683794,166.9412231631908,7.571532063001193,1.0
"(6, 7)",2,1,1,0.5623413251903491,166.96882602228774,7.5400165941792165,1.0
"(6, 7)",2,1,1,1.0,167.04854311534174,7.488727267220374,1.0
"(6, 7)",2,1,1,1.7782794100389228,167.26596742131997,7.409812467257518,1.0
"(6, 7)",2,1,1,3.1622776601683795,167.8123349123069,7.297805007811688,1.0
"(6, 7)",2,1,1,5.623413251903491,169.0469516382744,7.1546909505498375,1.0000000000000002
"(6, 7)",2,1,1,10.0,171.51229995933562,6.992994060608453,1.0
"(6, 7)",2,1,1,17.78279410038923,175.8336881564026,6.832609020847389,1.0
"(6, 7)",2,1,1,31.622776601683793,182.50727704432867,6.692500537910884,1.0
"(6, 7)",2,1,1,56.23413251903491,191.68145800283213,6.583612452494124,1.0
"(6, 7)",2,1,1,100.0,203.0624934626889,6.507301242291385,1.0
"(6, 7)",2,1,1,177.82794100389228,216.00817003516767,6.458304163932866,1.0
"(6, 7)",2,1,1,316.22776601683796,229.74270960472427,6.428986149458129,1.0
"(6, 7)",2,1,1,562.341325190349,243.57116941959814,6.412351916809179,1.0
"(6, 7)",2,1,1,1000.0,257.0233328712797,6.403241392395376,1.0
"(6, 7)",2,1,1,1778.2794100389228,269.91466289059366,6.398330623058214,1.0
"(6, 7)",2,1,1,3162.2776601683795,282.34442836035,6.395670104954656,1.0
"(6, 7)",2,1,1,5623.413251903491,294.66328284799744,6.394189970752198,1.0
"(6, 7)",2,1,1,10000.0,307.43956247728966,6.393328861945812,1.0
"(6, 7)",2,1,1,17782.794100389227,321.44350471361804,6.392799533558113,1.0
"(6, 7)",2,1,1,31622.776601683792,337.6589418086906,6.3924557151199926,1.0
"(6, 7)",2,1,1,56234.13251903491,357.32629491779977,6.3922216700559735,1.0000000000000002
"(6, 7)",2,1,1,100000.0,382.0190759695988,6.392056654126404,0.9999999999999999
"(6, 7)",2,1,1,177827.94100389228,413.7574967790483,6.391937488240941,1.0000000000000002
"(6, 7)",2,1,1,316227.7660168379,455.1657857243226,6.3918501072156575,0.9999999999999998
"(6, 7)",2,1,1,562341.3251903491,509.68418040391674,6.391785432298363,1.0
"(6, 7)",2,1,1,1000000.0,581.851259846168,6.391737296982493,0.9999999999999999
"(6, 7)",2,1,3,0.0,152.95174377989449,7.772089694637434,1.0
"(6, 7)",2,1,3,0.0001,152.95174378403803,7.77204826033984,1.0000000000000002
"(6, 7)",2,1,3,0.00017782794100389227,152.95174379299667,7.772016014632551,1.0
"(6, 7)",2,1,3,0.00031622776601683794,152.9517438213248,7.771958676547665,1.0
"(6, 7)",2,1,3,0.0005623413251903491,152.95174391089566,7.771856725403085,1.0000000000000002
"(6, 7)",2,1,3,0.001,152.95174419408158,7.77167546569177,1.0
"(6, 7)",2,1,3,0.0017782794100389228,152.9517450892532,7.7713532551072495,1.0
"(6, 7)",2,1,3,0.0031622776601683794,152.95174791811397,7.770780653285199,1.0
"(6, 7)",2,1,3,0.005623413251903491,152.95175685297838,7.76976360287306,1.0000000000000002
"(6, 7)",2,1,3,0.01,152.95178504704492,7.767958774393124,0.9999999999999999
"(6, 7)",2,1,3,0.01778279410038923,152.95187386611306,7.764761157606073,1.0
"(6, 7)",2,1,3,0.03162277660168379,152.9521528491867,7.7591121477729095,1.0
"(6, 7)",2,1,3,0.05623413251903491,152.95302460936668,7.749182762219856,1.0
"(6, 7)",2,1,3,0.1,152.95572400848118,7.731883744461426,1.0
"(6, 7)",2,1,3,0.1778279410038923,152.9639518919853,7.702205496922875,1.0
"(6, 7)",2,1,3,0.31622776601683794,152.98836665719367,7.652606594313754,1.0
"(6, 7)",2,1,3,0.5623413251903491,153.05767871281583,7.5732251427734925,1.0
"(6, 7)",2,1,3,1.0,153.2413227816276,7.454496392749626,1.0
"(6, 7)",2,1,3,1.7782794100389228,153.68210999575,7.293390634703644,1.0
"(6, 7)",2,1,3,3.1622776601683795,154.6168991925535,7.100057492828233,1.0
"(6, 7)",2,1,3,5.623413251903491,156.35998435766726,6.896131793248157,1.0
"(6, 7)",2,1,3,10.0,159.27793374170696,6.703296288284019,1.0
"(6, 7)",2,1,3,17.78279410038923,163.77967177023163,6.535402991669044,1.0
"(6, 7)",2,1,3,31.622776601683793,170.22463866048224,6.399730021971081,0.9999999999999999
"(6, 7)",2,1,3,56.23413251903491,178.720477462466,6.298738715286105,1.0
"(6, 7)",2,1,3,100.0,188.98570350267195,6.22983355950958,1.0
"(6, 7)",2,1,3,177.82794100389228,200.4026482457419,6.186574511099395,0.9999999999999999
"(6, 7)",2,1,3,316.22776601683796,212.2006791784585,6.161353760029104,0.9999999999999998
"(6, 7)",2,1,3,562.341325190349,223.65008230293725,6.147552212641673,1.0
"(6, 7)",2,1,3,1000.0,234.19226437822414,6.140389714466546,1.0
"(6, 7)",2,1,3,1778.2794100389228,243.4885874447822,6.136831361098115,1.0
"(6, 7)",2,1,3,3162.2776601683795,251.40522714032932,6.135124809644633,0.9999999999999999
"(6, 7)",2,1,3,5623.413251903491,257.9638525992559,6.134328854448374,1.0
"(6, 7)",2,1,3,10000.0,263.2844370435961,6.133965437902583,1.0
"(6, 7)",2,1,3,17782.794100389227,267.5361746687043,6.133802034021703,1.0
"(6, 7)",2,1,3,31622.776601683792,270.9025471201977,6.133729258242377,1.0
"(6, 7)",2,1,3,56234.13251903491,273.5602132740504,6.133696949811706,1.0
"(6, 7)",2,1,3,100000.0,275.6686795547115,6.133682542161182,1.0
"(6, 7)",2,1,3,177827.94100389228,277.3671838451907,6.133676021507242,1.0
"(6, 7)",2,1,3,316227.7660168379,278.77607229127244,6.133672985004789,1.0
"(6, 7)",2,1,3,562341.3251903491,280.00037670234406,6.133671504438324,0.9999999999999998
"(6, 7)",2,1,3,1000000.0,281.134597919958,6.133670734672167,1.0
"(6, 8)",2,-1,0.1,0.0,2200.1620003853272,14.058889101194714,1.0
"(6, 8)",2,-1,0.1,0.0001,2200.1620003854637,14.058887730473943,0.9999999999999999
"(6, 8)",2,-1,0.1,0.00017782794100389227,2200.1620003857597,14.058886663672986,1.0000000000000002
"(6, 8)",2,-1,0.1,0.00031622776601683794,2200.162000386696,14.058884766608754,1.0
"(6, 8)",2,-1,0.1,0.0005623413251903491,2200.1620003896605,14.058881393117282,0.9999999999999998
"(6, 8)",2,-1,0.1,0.001,2200.1620003990306,14.058875394166208,1.0
"(6, 8)",2,-1,0.1,0.0017782794100389228,2200.1620004286647,14.058864726542753,1.0
"(6, 8)",2,-1,0.1,0.0031622776601683794,2200.162000522379,14.058845757121249,0.9999999999999999
"(6, 8)",2,-1,0.1,0.005623413251903491,2200.162000818721,14.058812026066716,1.0000000000000002
"(6, 8)",2,-1,0.1,0.01,2200.162001755746,14.058752048762184,1.0
"(6, 8)",2,-1,0.1,0.01778279410038923,2200.162004718378,14.058645411121386,1.0
"(6, 8)",2,-1,0.1,0.03162277660168379,2200.1620140840705,14.058455838917094,1.0
"(6, 8)",2,-1,0.1,0.05623413251903491,2200.1620436841704,14.058118914015804,0.9999999999999998
"(6, 8)",2,-1,0.1,0.1,2200.1621371931355,14.05752035943089,1.0
"(6, 8)",2,-1,0.1,0.1778279410038923,2200.1624323621577,14.056457830217493,1.0
"(6, 8)",2,-1,0.1,0.31622776601683794,2200.1633627862916,14.054574240924746,1.0000000000000002
"(6, 8)",2,-1,0.1,0.5623413251903491,2200.1662883913723,14.051243173759653,1.0
"(6, 8)",2,-1,0.1,1.0,2200.1754474723843,14.045377338756559,0.9999999999999999
"(6, 8)",2,-1,0.1,1.7782794100389228,2200.203902250201,14.035124918174349,1.0
"(6, 8)",2,-1,0.1,3.1622776601683795,2200.2911321397623,14.01743721649533,0.9999999999999999
"(6, 8)",2,-1,0.1,5.623413251903491,2200.552517041562,13.987593348770469,1.0
"(6, 8)",2,-1,0.1,10.0,2201.3067485502797,13.939063323795281,1.0000000000000002
"(6, 8)",2,-1,0.1,17.78279410038923,2203.3578340178256,13.864603604958164,1.0
"(6, 8)",2,-1,0.1,31.622776601683793,2208.4812878372813,13.759536015769386,1.0
"(6, 8)",2,-1,0.1,56.23413251903491,2220.0137609013013,13.625862303026317,1.0000000000000002
"(6, 8)",2,-1,0.1,100.0,2243.5575950269467,13.471780197729963,1.0
"(6, 8)",2,-1,0.1,177.82794100389228,2288.865684070836,13.304736488051697,1.0000000000000002
"(6, 8)",2,-1,0.1,316.22776601683796,2373.858963325086,13.12833646471192,1.0000000000000002
"(6, 8)",2,-1,0.1,562.341325190349,2527.5664020325653,12.948498106549005,0.9999999999999998
"(6, 8)",2,-1,0.1,1000.0,2787.466571694058,12.77686191189286,1.0
"(6, 8)",2,-1,0.1,1778.2794100389228,3193.6536389780185,12.625461758668033,1.0000000000000002
"(6, 8)",2,-1,0.1,3162.2776601683795,3787.24378616059,12.50069974662322,1.0
"(6, 8)",2,-1,0.1,5623.413251903491,4616.748204963723,12.40249823732328,0.9999999999999999
"(6, 8)",2,-1,0.1,10000.0,5748.2199430384235,12.327112213595107,1.0
"(6, 8)",2,-1,0.1,17782.794100389227,7273.8000380252,12.269932123997776,1.0
"(6, 8)",2,-1,0.1,31622.776601683792,9319.52499535099,12.226806508841573,1.0
"(6, 8)",2,-1,0.1,56234.13251903491,12055.39606507293,12.194370844420078,1.0
"(6, 8)",2,-1,0.1,100000.0,15709.282202482535,12.17000943716224,1.0
"(6, 8)",2,-1,0.1,177827.94100389228,20585.785810637582,12.151725627292768,1.0
"(6, 8)",2,-1,0.1,316227.7660168379,27091.57685692651,12.138008462323066,0.9999999999999998
"(6, 8)",2,-1,0.1,562341.3251903491,35769.27485545777,12.127719471584056,1.0
"(6, 8)",2,-1,0.1,1000000.0,47342.670339917895,12.120002746513068,1.0
"(6, 8)",2,-1,1,0.0,93.88173916974858,4.539341918740518,1.0
"(6, 8)",2,-1,1,0.0001,93.88173917074495,4.539331954923581,0.9999999999999999
"(6, 8)",2,-1,1,0.00017782794100389227,93.88173917289937,4.539324200538537,1.0
"(6, 8)",2,-1,1,0.00031622776601683794,93.88173917971186,4.5393104116125915,1.0
"(6, 8)",2,-1,1,0.0005623413251903491,93.88173920125328,4.539285892748547,0.9999999999999999
"(6, 8)",2,-1,1,0.001,93.88173926936466,4.539242296729537,1.0000000000000002
"(6, 8)",2,-1,1,0.0017782794100389228,93.88173948470302,4.539164787809941,1.0
"(6, 8)",2,-1,1,0.0031622776601683794,93.88174016539146,4.539027008974338,1.0
"(6, 8)",2,-1,1,0.005623413251903491,93.88174231638773,4.538782169313716,0.9999999999999998
"(6, 8)",2,-1,1,0.01,93.88174910985097,4.538347311508759,1.0
"(6, 8)",2,-1,1,0.01778279410038923,93.88177054452652,4.537575701708022,0.9999999999999999
"(6, 8)",2,-1,1,0.03162277660168379,93.88183805753377,4.536208878918707,1.0
"(6, 8)",2,-1,1,0.05623413251903491,93.8820500507248,4.533794950656025,1.0
"(6, 8)",2,-1,1,0.1,93.88271211727768,4.529554218470683,1.0
"(6, 8)",2,-1,1,0.1778279410038923,93.88476025811053,4.522172833758657,0.9999999999999998
"(6, 8)",2,-1,1,0.31622776601683794,93.8909931553898,4.509528982045132,1.0
"(6, 8)",2,-1,1,0.5623413251903491,93.90944098835028,4.488451107747676,1.0
"(6, 8)",2,-1,1,1.0,93.96161427974569,4.454842702866916,1.0
"(6, 8)",2,-1,1,1.7782794100389228,94.09915122292969,4.404826419404807,1.0
"(6, 8)",2,-1,1,3.1622776601683795,94.42732524441932,4.337355790084048,1.0
"(6, 8)",2,-1,1,5.623413251903491,95.11806943912701,4.256983997139367,1.0
"(6, 8)",2,-1,1,10.0,96.38560527081435,4.1734985465994034,1.0
"(6, 8)",2,-1,1,17.78279410038923,98.42422460494463,4.0975334414419535,1.0
"(6, 8)",2,-1,1,31.622776601683793,101.3414941567673,4.036082299368912,0.9999999999999999
"(6, 8)",2,-1,1,56.23413251903491,105.11863667857374,3.9911410499656674,0.9999999999999999
"(6, 8)",2,-1,1,100.0,109.61611203944764,3.960939236577409,1.0
"(6, 8)",2,-1,1,177.82794100389228,114.62679172853949,3.9419653222139646,1.0
"(6, 8)",2,-1,1,316.22776601683796,119.95450271025358,3.9306007213432825,1.0
"(6, 8)",2,-1,1,562.341325190349,125.4825211765577,3.9239655262509125,1.0
"(6, 8)",2,-1,1,1000.0,131.2122125938153,3.92010003757302,1.0
"(6, 8)",2,-1,1,1778.2794100389228,137.2751959469576,3.9178031637664383,1.0
"(6, 8)",2,-1,1,3162.2776601683795,143.93291437400333,3.9163877096338733,1.0
"(6, 8)",2,-1,1,5623.413251903491,151.5770506850068,3.915475785273048,0.9999999999999999
"(6, 8)",2,-1,1,10000.0,160.73993586765596,3.9148622638762434,1.0000000000000002
"(6, 8)",2,-1,1,17782.794100389227,172.1202475278939,3.9144343972628044,0.9999999999999999
"(6, 8)",2,-1,1,31622.776601683792,186.62734241942425,3.9141279995816047,1.0
"(6, 8)",2,-1,1,56234.13251903491,205.4474904902685,3.913904623929188,1.0
"(6, 8)",2,-1,1,100000.0,230.13654039493926,3.9137399077412667,1.0
"(6, 8)",2,-1,1,177827.94100389228,262.7457364008369,3.9136175971229834,1.0
"(6, 8)",2,-1,1,316227.7660168379,305.99034384854207,3.9135263971612586,1.0
"(6, 8)",2,-1,1,562341.3251903491,363.4746401389472,3.9134582293964155,1.0
"(6, 8)",2,-1,1,1000000.0,439.99136603421596,3.9134072055058438,1.0
"(6, 8)",2,-1,3,0.0,79.9629685282562,4.926126789846296,1.0
"(6, 8)",2,-1,3,0.0001,79.96296853238145,4.926085536700042,1.0
"(6, 8)",2,-1,3,0.00017782794100389227,79.96296854130097,4.926053431984506,1.0
"(6, 8)",2,-1,3,0.00031622776601683794,79.96296856950524,4.9259963446329165,1.0
"(6, 8)",2,-1,3,0.0005623413251903491,79.96296865868396,4.925894839395673,1.0
"(6, 8)",2,-1,3,0.001,79.9629689406311,4.925714372738689,1.0
"(6, 8)",2,-1,3,0.0017782794100389228,79.96296983188323,4.92539357276628,1.0
"(6, 8)",2,-1,3,0.0031622776601683794,79.96297264834463,4.924823480500355,1.0
"(6, 8)",2,-1,3,0.005623413251903491,79.96298154396744,4.923810896343349,1.0
"(6, 8)",2,-1,3,0.01,79.96300961375125,4.922014021966,0.9999999999999999
"(6, 8)",2,-1,3,0.01778279410038923,79.96309803863757,4.918830590535252,1.0
"(6, 8)",2,-1,3,0.03162277660168379,79.96337576771027,4.913206953028339,1.0
"(6, 8)",2,-1,3,0.05623413251903491,79.96424351126,4.903323248456323,0.9999999999999999
"(6, 8)",2,-1,3,0.1,79.96692983650829,4.8861077580294605,1.0
"(6, 8)",2,-1,3,0.1778279410038923,79.975113527152,4.856587905246405,1.0
"(6, 8)",2,-1,3,0.31622776601683794,79.99936634179961,4.807313868784867,1.0
"(6, 8)",2,-1,3,0.5623413251903491,80.06799929735467,4.7286932698898365,1.0
"(6, 8)",2,-1,3,1.0,80.24836867771891,4.6120170426728215,1.0
"(6, 8)",2,-1,3,1.7782794100389228,80.67261944220456,4.4567427397304336,1.0
"(6, 8)",2,-1,3,3.1622776601683795,81.53142136602906,4.278579416763372,0.9999999999999999
"(6, 8)",2,-1,3,5.623413251903491,82.99002535503627,4.1069408205860904,0.9999999999999999
"(6, 8)",2,-1,3,10.0,85.08458411380788,3.967315857250418,1.0
"(6, 8)",2,-1,3,17.78279410038923,87.74314592258702,3.8671966987530526,1.0
"(6, 8)",2,-1,3,31.622776601683793,90.88945159312127,3.8004049935739617,1.0
"(6, 8)",2,-1,3,56.23413251903491,94.45499065622927,3.757757002956714,1.0000000000000002
"(6, 8)",2,-1,3,100.0,98.31749701841028,3.7317149700831687,0.9999999999999999
"(6, 8)",2,-1,3,177.82794100389228,102.28559841747797,3.7166302380415215,1.0
"(6, 8)",2,-1,3,316.22776601683796,106.14495101756216,3.7083588470447033,1.0
"(6, 8)",2,-1,3,562.341325190349,109.7139326455207,3.7040477763793276,1.0
"(6, 8)",2,-1,3,1000.0,112.8746861552187,3.7018967533646974,1.0
"(6, 8)",2,-1,3,1778.2794100389228,115.57651153131665,3.7008612225238977,0.9999999999999999
"(6, 8)",2,-1,3,3162.2776601683795,117.8225234304654,3.700376583290842,1.0
"(6, 8)",2,-1,3,5623.413251903491,119.65099037725311,3.7001545312022803,1.0
"(6, 8)",2,-1,3,10000.0,121.11845583277825,3.7000542635956863,1.0
"(6, 8)",2,-1,3,17782.794100389227,122.28747864584699,3.7000093380500783,1.0
"(6, 8)",2,-1,3,31622.776601683792,123.21915960787351,3.6999892083279153,0.9999999999999998
"(6, 8)",2,-1,3,56234.13251903491,123.96947705505632,3.6999800990734935,1.0
"(6, 8)",2,-1,3,100000.0,124.58822668316047,3.699975881005648,1.0
"(6, 8)",2,-1,3,177827.94100389228,125.11956808002873,3.6999738487597233,1.0
"(6, 8)",2,-1,3,316227.7660168379,125.6035105051575,3.6999728110771484,1.0
"(6, 8)",2,-1,3,562341.3251903491,126.07786227824309,3.6999722409290503,1.0
"(6, 8)",2,-1,3,1000000.0,126.58058904411632,3.6999719020900725,1.0
"(6, 8)",2,0,0.1,0.0,1179775.4437527698,5215.420310377788,1.0
"(6, 8)",2,0,0.1,0.0001,1179775.4437528572,5215.419335328488,1.0
"(6, 8)",2,0,0.1,0.00017782794100389227,1179775.4437530548,5215.418576468228,1.0
"(6, 8)",2,0,0.1,0.00031622776601683794,1179775.4437537037,5215.417227003773,1.0
"(6, 8)",2,0,0.1,0.0005623413251903491,1179775.4437557803,5215.41482728235,1.0
"(6, 8)",2,0,0.1,0.001,1179775.443762388,5215.4105599179875,1.0
"(6, 8)",2,0,0.1,0.0017782794100389228,1179775.443783368,5215.402971386143,1.0
"(6, 8)",2,0,0.1,0.0031622776601683794,1179775.4438498556,5215.389476964794,1.0
"(6, 8)",2,0,0.1,0.005623413251903491,1179775.4440603536,5215.365480456515,1.0
"(6, 8)",2,0,0.1,0.01,1179775.444726446,5215.322809045688,0.9999999999999998
"(6, 8)",2,0,0.1,0.01778279410038923,1179775.4468335155,5215.246930787778,1.0
"(6, 8)",2,0,0.1,0.03162277660168379,1179775.4534975365,5215.112008900251,1.0
"(6, 8)",2,0,0.1,0.05623413251903491,1179775.4745704562,5214.872114410632,0.9999999999999999
"(6, 8)",2,0,0.1,0.1,1179775.5411959977,5214.44562349402,1.0
"(6, 8)",2,0,0.1,0.1778279410038923,1179775.751794703,5213.687546462557,1.0
"(6, 8)",2,0,0.1,0.31622776601683794,1179776.4172311884,5212.340557344613,1.0
"(6, 8)",2,0,0.1,0.5623413251903491,1179778.5184670899,5209.948655805226,1.0
"(6, 8)",2,0,0.1,1.0,1179785.145907991,5205.705976185125,1.0
"(6, 8)",2,0,0.1,1.7782794100389228,1179806.0070268463,5198.195258210667,0.9999999999999998
"(6, 8)",2,0,0.1,3.1622776601683795,1179871.4364957665,5184.945532449742,1.0
"(6, 8)",2,0,0.1,5.623413251903491,1180075.3578238515,5161.715198448364,1.0
"(6, 8)",2,0,0.1,10.0,1180703.8935965018,5121.424777213425,1.0
"(6, 8)",2,0,0.1,17.78279410038923,1182604.128239967,5052.849918762182,0.9999999999999998
"(6, 8)",2,0,0.1,31.622776601683793,1188162.2719466735,4939.840325938877,0.9999999999999998
"(6, 8)",2,0,0.1,56.23413251903491,1203549.8441191525,4763.349372703229,1.0
"(6, 8)",2,0,0.1,100.0,1242587.5698770853,4510.316795204356,1.0
"(6, 8)",2,0,0.1,177.82794100389228,1329660.3137206992,4190.68848149163,1.0
"(6, 8)",2,0,0.1,316.22776601683796,1493612.430158361,3849.2427411793924,1.0
"(6, 8)",2,0,0.1,562.341325190349,1749533.2073344616,3546.851450892789,1.0
"(6, 8)",2,0,0.1,1000.0,2090913.8392138898,3318.645473323573,1.0
"(6, 8)",2,0,0.1,1778.2794100389228,2513459.2980171954,3159.594454343015,1.0
"(6, 8)",2,0,0.1,3162.2776601683795,3041772.3445335524,3047.957580586487,1.0
"(6, 8)",2,0,0.1,5623.413251903491,3727960.8134644357,2966.55166165024,0.9999999999999998
"(6, 8)",2,0,0.1,10000.0,4639489.6585005885,2905.777667224389,1.0
"(6, 8)",2,0,0.1,17782.794100389227,5858176.795835188,2860.0904253471504,1.0
"(6, 8)",2,0,0.1,31622.776601683792,7488217.530475471,2825.7256101225767,1.0
"(6, 8)",2,0,0.1,56234.13251903491,9666667.271326607,2799.8981001590137,1.0
"(6, 8)",2,0,0.1,100000.0,12575720.591443103,2780.5025315796606,1.0
"(6, 8)",2,0,0.1,177827.94100389228,16458247.6616005,2765.9453362669346,1.0
"(6, 8)",2,0,0.1,316227.7660168379,21638185.14654483,2755.0234149431085,0.9999999999999998
"(6, 8)",2,0,0.1,562341.3251903491,28547589.67185305,2746.8306884814315,1.0
"(6, 8)",2,0,0.1,1000000.0,37762627.67914875,2740.6858999537185,1.0
"(6, 8)",2,0,1,0.0,700.0598862491622,60.90371257812846,0.9999999999999998
"(6, 8)",2,0,1,0.0001,700.0598862505656,60.90369855381305,1.0
"(6, 8)",2,0,1,0.00017782794100389227,700.0598862535982,60.90368763911783,0.9999999999999998
"(6, 8)",2,0,1,0.00031622776601683794,700.0598862631872,60.903668230045206,1.0
"(6, 8)",2,0,1,0.0005623413251903491,700.0598862935085,60.903633716254426,1.0
"(6, 8)",2,0,1,0.001,700.0598863893933,60.90357234413936,1.0
"(6, 8)",2,0,1,0.0017782794100389228,700.0598866925769,60.9034632170073,1.0
"(6, 8)",2,0,1,0.0031622776601683794,700.0598876511759,60.90326918894351,1.0
"(6, 8)",2,0,1,0.005623413251903491,700.0598906816599,60.90292424914377,0.9999999999999998
"(6, 8)",2,0,1,0.01,700.0599002600134,60.90231115415183,1.0
"(6, 8)",2,0,1,0.01778279410038923,700.0599305220212,60.90122186121039,1.0
"(6, 8)",2,0,1,0.03162277660168379,700.0600260651357,60.8992878271229,1.0
"(6, 8)",2,0,1,0.05623413251903491,700.0603273378016,60.89585812848793,1.0
"(6, 8)",2,0,1,0.1,700.0612752368758,60.88978917193253,1.0
"(6, 8)",2,0,1,0.1778279410038923,700.0642460514149,60.87909060691877,1.0
"(6, 8)",2,0,1,0.31622776601683794,700.0734936928155,60.86035566750162,1.0
"(6, 8)",2,0,1,0.5623413251903491,700.1019425912567,60.82792304368734,1.0
"(6, 8)",2,0,1,1.0,700.187727411945,60.77286454223122,0.9999999999999998
"(6, 8)",2,0,1,1.7782794100389228,700.4380520103853,60.682349153677734,1.0
"(6, 8)",2,0,1,3.1622776601683795,701.1322489964634,60.540794819107155,1.0
"(6, 8)",2,0,1,5.623413251903491,702.9225569172379,60.33470771802817,0.9999999999999998
"(6, 8)",2,0,1,10.0,707.1317802819472,60.06094488395487,1.0
"(6, 8)",2,0,1,17.78279410038923,716.0427341379017,59.7333509436065,1.0
"(6, 8)",2,0,1,31.622776601683793,732.9340708711255,59.382272311003945,1.0
"(6, 8)",2,0,1,56.23413251903491,761.5691338520289,59.04581171517129,1.0
"(6, 8)",2,0,1,100.0,805.3917650047504,58.754950784886056,1.0
"(6, 8)",2,0,1,177.82794100389228,867.3799954896373,58.52286381695186,1.0
"(6, 8)",2,0,1,316.22776601683796,950.8107600041086,58.346896369565826,1.0
"(6, 8)",2,0,1,562.341325190349,1060.317299335936,58.216917741861465,1.0
"(6, 8)",2,0,1,1000.0,1202.8462469482015,58.121771250402304,1.0
"(6, 8)",2,0,1,1778.2794100389228,1388.5123221716121,58.052084441249775,0.9999999999999998
"(6, 8)",2,0,1,3162.2776601683795,1631.4979424102148,58.000811579154316,1.0
"(6, 8)",2,0,1,5623.413251903491,1951.1761962268283,57.96288742815317,0.9999999999999998
"(6, 8)",2,0,1,10000.0,2373.6286899020765,57.93471010565266,1.0
"(6, 8)",2,0,1,17782.794100389227,2933.7269599412252,57.913704771362895,1.0
"(6, 8)",2,0,1,31622.776601683792,3677.9669082515693,57.89801048384776,1.0
"(6, 8)",2,0,1,56234.13251903491,4668.294235070088,57.88626732478992,1.0
"(6, 8)",2,0,1,100000.0,5987.2358796937715,57.87747266072022,1.0
"(6, 8)",2,0,1,177827.94100389228,7744.759787666336,57.87088260033591,1.0000000000000002
"(6, 8)",2,0,1,316227.7660168379,10087.427780268185,57.86594290778888,1.0
"(6, 8)",2,0,1,562341.3251903491,13210.600858476284,57.86223957394534,1.0
"(6, 8)",2,0,1,1000000.0,17374.688353885358,57.859462829341844,1.0
"(6, 8)",2,0,3,0.0,349.01429016999884,50.377948122141355,1.0
"(6, 8)",2,0,3,0.0001,349.0142901801472,50.37784664155875,1.0
"(6, 8)",2,0,3,0.00017782794100389227,349.01429020208906,50.377767665744365,0.9999999999999998
"(6, 8)",2,0,3,0.00031622776601683794,349.0142902714711,50.37762723426956,1.0
"(6, 8)",2,0,3,0.0005623413251903491,349.0142904908452,50.37737753819328,1.0
"(6, 8)",2,0,3,0.001,349.014291184414,50.376933604673184,0.9999999999999998
"(6, 8)",2,0,3,0.0017782794100389228,349.01429337680514,50.37614446987683,0.9999999999999998
"(6, 8)",2,0,3,0.0031622776601683794,349.0143003048924,50.37474212529044,0.9999999999999998
"(6, 8)",2,0,3,0.005623413251903491,349.014322186159,50.372251388804976,0.9999999999999998
"(6, 8)",2,0,3,0.01,349.01439122785985,50.36783170320009,1.0
"(6, 8)",2,0,3,0.01778279410038923,349.0146087006665,50.360002306131875,1.0
"(6, 8)",2,0,3,0.03162277660168379,349.0152916325524,50.34617372387673,1.0
"(6, 8)",2,0,3,0.05623413251903491,349.01742475433235,50.32187677915748,1.0
"(6, 8)",2,0,3,0.1,349.0240248465142,50.27957833839951,0.9999999999999998
"(6, 8)",2,0,3,0.1778279410038923,349.0441125868135,50.2071147348329,1.0
"(6, 8)",2,0,3,0.31622776601683794,349.1035457999467,50.08635368390148,1.0
"(6, 8)",2,0,3,0.5623413251903491,349.271258666042,49.894202947063384,1.0
"(6, 8)",2,0,3,1.0,349.70989065077737,49.610383125348925,1.0
"(6, 8)",2,0,3,1.7782794100389228,350.73329488535074,49.23564158566962,0.9999999999999998
"(6, 8)",2,0,3,3.1622776601683795,352.7771646932827,48.81128573403758,1.0
"(6, 8)",2,0,3,5.623413251903491,356.1712740322886,48.411350034767935,1.0
"(6, 8)",2,0,3,10.0,360.8783115326419,48.09696219191727,1.0
"(6, 8)",2,0,3,17.78279410038923,366.6176269125906,47.88045202317456,1.0
"(6, 8)",2,0,3,31.622776601683793,373.29760152349996,47.73868473305595,0.9999999999999998
"(6, 8)",2,0,3,56.23413251903491,381.13836306437275,47.64517478529357,1.0
"(6, 8)",2,0,3,100.0,390.3300818694576,47.58347219035635,1.0
"(6, 8)",2,0,3,177.82794100389228,400.69663275404594,47.54423808216783,1.0
"(6, 8)",2,0,3,316.22776601683796,411.6956883974543,47.520755975615764,1.0
"(6, 8)",2,0,3,562.341325190349,422.65420124233907,47.50756216500875,0.9999999999999998
"(6, 8)",2,0,3,1000.0,433.00491906876505,47.50053855398269,1.0
"(6, 8)",2,0,3,1778.2794100389228,442.4061130860689,47.496945839349394,1.0
"(6, 8)",2,0,3,3162.2776601683795,450.7517131798029,47.49515113719787,1.0
"(6, 8)",2,0,3,5623.413251903491,458.1246622469166,47.494259726834976,0.9999999999999998
"(6, 8)",2,0,3,10000.0,464.7387870064682,47.49381058992788,1.0
"(6, 8)",2,0,3,17782.794100389227,470.8931362070573,47.49357609747205,1.0
"(6, 8)",2,0,3,31622.776601683792,476.9463578446333,47.49344678220734,1.0
"(6, 8)",2,0,3,56234.13251903491,483.31053389230436,47.4933705715469,1.0
"(6, 8)",2,0,3,100000.0,490.4615113091319,47.49332255552576,1.0
"(6, 8)",2,0,3,177827.94100389228,498.9631894193503,47.493290524403115,1.0
"(6, 8)",2,0,3,316227.7660168379,509.5035925099495,47.493268216819025,1.0
"(6, 8)",2,0,3,562341.3251903491,522.943845136929,47.49325222112281,1.0
"(6, 8)",2,0,3,1000000.0,540.3703059916579,47.49324053143229,1.0
"(6, 8)",2,1,0.1,0.0,2408.8808375690287,15.878325471755998,0.9999999999999999
"(6, 8)",2,1,0.1,0.0001,2408.8808375691547,15.878324216114903,0.9999999999999999
"(6, 8)",2,1,0.1,0.00017782794100389227,2408.8808375694266,15.878323238877812,0.9999999999999999
"(6, 8)",2,1,0.1,0.00031622776601683794,2408.8808375702833,15.878321501082594,1.0
"(6, 8)",2,1,0.1,0.0005623413251903491,2408.8808375729986,15.878318410814053,1.0
"(6, 8)",2,1,0.1,0.001,2408.880837581583,15.878312915506617,1.0
"(6, 8)",2,1,0.1,0.0017782794100389228,2408.8808376087313,15.878303143483706,1.0
"(6, 8)",2,1,0.1,0.0031622776601683794,2408.8808376945763,15.878285766631455,1.0
"(6, 8)",2,1,0.1,0.005623413251903491,2408.8808379660363,15.878254867424282,1.0000000000000002
"(6, 8)",2,1,0.1,0.01,2408.8808388244,15.878199925348369,0.9999999999999999
"(6, 8)",2,1,0.1,0.01778279410038923,2408.88084153832,15.878102239894266,1.0
"(6, 8)",2,1,0.1,0.03162277660168379,2408.880850117817,15.877928581310831,0.9999999999999998
"(6, 8)",2,1,0.1,0.05623413251903491,2408.880877233405,15.877619936732195,1.0000000000000002
"(6, 8)",2,1,0.1,0.1,2408.880962895017,15.877071613918138,1.0
"(6, 8)",2,1,0.1,0.1778279410038923,2408.88123330114,15.876098226194967,0.9999999999999999
"(6, 8)",2,1,0.1,0.31622776601683794,2408.8820857125665,15.874372574317897,1.0
"(6, 8)",2,1,0.1,0.5623413251903491,2408.884766261436,15.871320542151924,1.0
"(6, 8)",2,1,0.1,1.0,2408.893159496628,15.865945234637959,1.0
"(6, 8)",2,1,0.1,1.7782794100389228,2408.9192421938965,15.85654763748043,0.9999999999999999
"(6, 8)",2,1,0.1,3.1622776601683795,2408.999237445534,15.840327339649802,0.9999999999999999
"(6, 8)",2,1,0.1,5.623413251903491,2409.2391225073166,15.812939373308152,1.0
"(6, 8)",2,1,0.1,10.0,2409.932072695082,15.768354997754669,1.0000000000000002
"(6, 8)",2,1,0.1,17.78279410038923,2411.8189632343465,15.699860080633973,1.0
"(6, 8)",2,1,0.1,31.622776601683793,2416.535693725929,15.603133447320825,1.0000000000000002
"(6, 8)",2,1,0.1,56.23413251903491,2427.131820322368,15.480289269285596,0.9999999999999999
"(6, 8)",2,1,0.1,100.0,2448.594509419842,15.339751754084649,1.0
"(6, 8)",2,1,0.1,177.82794100389228,2489.320947177181,15.189489651368298,1.0
"(6, 8)",2,1,0.1,316.22776601683796,2564.799897903274,15.032778494270701,1.0000000000000002
"(6, 8)",2,1,0.1,562.341325190349,2701.3624948738907,14.873057225470202,1.0
"(6, 8)",2,1,0.1,1000.0,2935.3534092282275,14.718655556919474,1.0
"(6, 8)",2,1,0.1,1778.2794100389228,3306.986554276182,14.58022997307264,0.9999999999999999
"(6, 8)",2,1,0.1,3162.2776601683795,3855.728671861763,14.464931802887614,1.0
"(6, 8)",2,1,0.1,5623.413251903491,4625.4603935738705,14.373813258549232,1.0000000000000002
"(6, 8)",2,1,0.1,10000.0,5675.754649260169,14.303834344357673,1.0
"(6, 8)",2,1,0.1,17782.794100389227,7090.9092787737,14.250791052999057,1.0
"(6, 8)",2,1,0.1,31622.776601683792,8987.12785963397,14.21081584616345,1.0000000000000002
"(6, 8)",2,1,0.1,56234.13251903491,11521.58895365963,14.18076733998092,0.9999999999999999
"(6, 8)",2,1,0.1,100000.0,14905.161077230952,14.158207843218646,1.0
"(6, 8)",2,1,0.1,177827.94100389228,19419.784068778048,14.141280693391465,1.0
"(6, 8)",2,1,0.1,316227.7660168379,25441.87600866008,14.128583305526268,1.0
"(6, 8)",2,1,0.1,562341.3251903491,33473.667919774816,14.119060109450826,1.0
"(6, 8)",2,1,0.1,1000000.0,44185.04753505725,14.111918111062538,1.0
"(6, 8)",2,1,1,0.0,166.92758617904587,7.6153120339518425,1.0
"(6, 8)",2,1,1,0.0001,166.9275861804942,7.615297551138065,1.0
"(6, 8)",2,1,1,0.00017782794100389227,166.92758618362566,7.615286279755867,1.0
"(6, 8)",2,1,1,0.00031622776601683794,166.92758619352816,7.615266236724879,1.0000000000000002
"(6, 8)",2,1,1,0.0005623413251903491,166.92758622484033,7.615230596626438,1.0000000000000002
"(6, 8)",2,1,1,0.001,166.92758632384826,7.615167224931376,1.0
"(6, 8)",2,1,1,0.0017782794100389228,166.92758663688102,7.6150545524523645,1.0
"(6, 8)",2,1,1,0.0031622776601683794,166.9275876264547,7.614854252841885,1.0
"(6, 8)",2,1,1,0.005623413251903491,166.9275907539504,7.614498264942503,1.0000000000000002
"(6, 8)",2,1,1,0.01,166.92760063379384,7.613865853026145,1.0
"(6, 8)",2,1,1,0.01778279410038923,166.92763181958406,7.612743248070755,1.0
"(6, 8)",2,1,1,0.03162277660168379,166.9277301184968,7.610753240568809,0.9999999999999999
"(6, 8)",2,1,1,0.05623413251903491,166.9280391858986,7.6072342148937615,1.0000000000000002
"(6, 8)",2,1,1,0.1,166.92900666498372,7.6010380629273,1.0
"(6, 8)",2,1,1,0.1778279410038923,166.93201189393895,7.590209965268326,1.0
"(6, 8)",2,1,1,0.31622776601683794,166.94122316319076,7.571532063001187,1.0
"(6, 8)",2,1,1,0.5623413251903491,166.96882602228797,7.540016594179222,1.0
"(6, 8)",2,1,1,1.0,167.04854311534163,7.488727267220373,1.0
"(6, 8)",2,1,1,1.7782794100389228,167.26596742131983,7.409812467257512,0.9999999999999998
"(6, 8)",2,1,1,3.1622776601683795,167.81233491230716,7.297805007811696,1.0
"(6, 8)",2,1,1,5.623413251903491,169.0469516382744,7.1546909505498375,1.0
"(6, 8)",2,1,1,10.0,171.5122999593354,6.992994060608442,1.0
"(6, 8)",2,1,1,17.78279410038923,175.83368815640262,6.8326090208473955,1.0
"(6, 8)",2,1,1,31.622776601683793,182.50727704432876,6.6925005379108855,1.0
"(6, 8)",2,1,1,56.23413251903491,191.68145800283207,6.583612452494123,0.9999999999999999
"(6, 8)",2,1,1,100.0,203.0624934626888,6.507301242291381,1.0
"(6, 8)",2,1,1,177.82794100389228,216.0081700351674,6.458304163932865,1.0
"(6, 8)",2,1,1,316.22776601683796,229.7427096047243,6.428986149458129,1.0
"(6, 8)",2,1,1,562.341325190349,243.57116941959856,6.412351916809193,1.0
"(6, 8)",2,1,1,1000.0,257.0233328712779,6.403241392395368,1.0
"(6, 8)",2,1,1,1778.2794100389228,269.9146628857622,6.398330623059569,0.9999999999999999
"(6, 8)",2,1,1,3162.2776601683795,282.3444284129426,6.395670104946338,1.0
"(6, 8)",2,1,1,5623.413251903491,294.66328284056175,6.394189970752862,0.9999999999999999
"(6, 8)",2,1,1,10000.0,307.43956255107076,6.393328861942088,1.0000000000000002
"(6, 8)",2,1,1,17782.794100389227,321.44350500140143,6.392799533549953,0.9999999999999999
"(6, 8)",2,1,1,31622.776601683792,337.6589415855897,6.392455715123491,0.9999999999999998
"(6, 8)",2,1,1,56234.13251903491,357.32629380800887,6.392221670065077,1.0
"(6, 8)",2,1,1,100000.0,382.0190769522544,6.392056654126225,1.0
"(6, 8)",2,1,1,177827.94100389228,413.7574937242069,6.391937488253378,1.0
"(6, 8)",2,1,1,316227.7660168379,455.16578509919736,6.391850107209374,1.0
"(6, 8)",2,1,1,562341.3251903491,509.68419038815546,6.3917854323108365,1.0
"(6, 8)",2,1,1,1000000.0,581.8511334262914,6.391737296844313,1.0000000000000002
"(6, 8)",2,1,3,0.0,152.95174377989449,7.772089694637434,1.0
"(6, 8)",2,1,3,0.0001,152.95174378403794,7.77204826033984,1.0
"(6, 8)",2,1,3,0.00017782794100389227,152.9517437929966,7.7720160146325465,0.9999999999999998
"(6, 8)",2,1,3,0.00031622776601683794,152.9517438213248,7.771958676547668,1.0
"(6, 8)",2,1,3,0.0005623413251903491,152.9517439108954,7.771856725403086,0.9999999999999999
"(6, 8)",2,1,3,0.001,152.9517441940817,7.771675465691765,1.0
"(6, 8)",2,1,3,0.0017782794100389228,152.9517450892531,7.771353255107253,0.9999999999999999
"(6, 8)",2,1,3,0.0031622776601683794,152.95174791811408,7.770780653285199,1.0
"(6, 8)",2,1,3,0.005623413251903491,152.9517568529784,7.769763602873065,1.0
"(6, 8)",2,1,3,0.01,152.95178504704486,7.7679587743931195,0.9999999999999998
"(6, 8)",2,1,3,0.01778279410038923,152.95187386611283,7.764761157606064,0.9999999999999998
"(6, 8)",2,1,3,0.03162277660168379,152.9521528491867,7.759112147772904,1.0000000000000002
"(6, 8)",2,1,3,0.05623413251903491,152.95302460936668,7.74918276221986,1.0
"(6, 8)",2,1,3,0.1,152.95572400848133,7.73188374446143,1.0000000000000002
"(6, 8)",2,1,3,0.1778279410038923,152.96395189198532,7.702205496922877,1.0
"(6, 8)",2,1,3,0.31622776601683794,152.9883666571936,7.652606594313752,1.0
"(6, 8)",2,1,3,0.5623413251903491,153.05767871281589,7.573225142773492,1.0
"(6, 8)",2,1,3,1.0,153.24132278162745,7.454496392749628,0.9999999999999999
"(6, 8)",2,1,3,1.7782794100389228,153.68210999575015,7.293390634703647,1.0
"(6, 8)",2,1,3,3.1622776601683795,154.61689919255338,7.100057492828239,1.0
"(6, 8)",2,1,3,5.623413251903491,156.35998435766726,6.896131793248162,1.0
"(6, 8)",2,1,3,10.0,159.277933741707,6.703296288284012,1.0
"(6, 8)",2,1,3,17.78279410038923,163.77967177023143,6.535402991669042,1.0
"(6, 8)",2,1,3,31.622776601683793,170.22463866048227,6.399730021971082,1.0
"(6, 8)",2,1,3,56.23413251903491,178.7204774624661,6.298738715286107,1.0
"(6, 8)",2,1,3,100.0,188.98570350267195,6.229833559509576,1.0
"(6, 8)",2,1,3,177.82794100389228,200.4026482457419,6.186574511099398,1.0
"(6, 8)",2,1,3,316.22776601683796,212.2006791784695,6.1613537600290815,1.0
"(6, 8)",2,1,3,562.341325190349,223.65008230350918,6.147552212641159,0.9999999999999999
"(6, 8)",2,1,3,1000.0,234.1922643773129,6.140389714466999,1.0
"(6, 8)",2,1,3,1778.2794100389228,243.48858744667197,6.136831361097607,1.0
"(6, 8)",2,1,3,3162.2776601683795,251.40522716171768,6.135124809641242,1.0
"(6, 8)",2,1,3,5623.413251903491,257.9638526063434,6.134328854447499,1.0
"(6, 8)",2,1,3,10000.0,263.2844368736597,6.133965437911691,0.9999999999999999
"(6, 8)",2,1,3,17782.794100389227,267.53617455052915,6.133802034030397,1.0
"(6, 8)",2,1,3,31622.776601683792,270.9025471687476,6.133729258242285,0.9999999999999998
"(6, 8)",2,1,3,56234.13251903491,273.5602150088952,6.133696949753144,1.0
"(6, 8)",2,1,3,100000.0,275.6686790094524,6.133682542152101,1.0
"(6, 8)",2,1,3,177827.94100389228,277.36720117942116,6.133676021646158,1.0
"(6, 8)",2,1,3,316227.7660168379,278.7760755691802,6.133672985014769,1.0
"(6, 8)",2,1,3,562341.3251903491,280.0003305519684,6.133671504279932,1.0
"(6, 8)",2,1,3,1000000.0,281.13459452847394,6.133670734669001,0.9999999999999999
"(7, 8)",2,-1,0.1,0.0,38335.54830403001,190.75292885613865,0.9999999999999999
"(7, 8)",2,-1,0.1,0.0001,38335.54830403001,190.7529285521818,1.0
"(7, 8)",2,-1,0.1,0.00017782794100389227,38335.54830403001,190.75292831561833,0.9999999999999999
"(7, 8)",2,-1,0.1,0.00031622776601683794,38335.54830403014,190.75292789494242,1.0000000000000002
"(7, 8)",2,-1,0.1,0.0005623413251903491,38335.54830403066,190.7529271468634,0.9999999999999999
"(7, 8)",2,-1,0.1,0.001,38335.54830403244,190.75292581657058,0.9999999999999999
"(7, 8)",2,-1,0.1,0.0017782794100389228,38335.54830403859,190.75292345094067,1.0000000000000002
"(7, 8)",2,-1,0.1,0.0031622776601683794,38335.54830405856,190.7529192441971,0.9999999999999999
"(7, 8)",2,-1,0.1,0.005623413251903491,38335.548304122814,190.7529117634549,0.9999999999999998
"(7, 8)",2,-1,0.1,0.01,38335.54830432807,190.75289846067895,1.0
"(7, 8)",2,-1,0.1,0.01778279410038923,38335.54830498066,190.75287480486003,0.9999999999999999
"(7, 8)",2,-1,0.1,0.03162277660168379,38335.54830705079,190.75283273894303,1.0
"(7, 8)",2,-1,0.1,0.05623413251903491,38335.548313608124,190.7527579363243,1.0
"(7, 8)",2,-1,0.1,0.1,38335.548334363215,190.75262492375293,0.9999999999999999
"(7, 8)",2,-1,0.1,0.1778279410038923,38335.54840002572,190.75238841358717,0.9999999999999999
"(7, 8)",2,-1,0.1,0.31622776601683794,38335.54860769508,190.75196790625654,0.9999999999999999
"(7, 8)",2,-1,0.1,0.5623413251903491,38335.54926430607,190.75122036010202,0.9999999999999998
"(7, 8)",2,-1,0.1,1.0,38335.55133971121,190.74989175165766,1.0000000000000002
"(7, 8)",2,-1,0.1,1.7782794100389228,38335.55789643413,190.74753144395987,0.9999999999999999
"(7, 8)",2,-1,0.1,3.1622776601683795,38335.57859397467,190.74334150760083,0.9999999999999999
"(7, 8)",2,-1,0.1,5.623413251903491,38335.64383802298,190.73591379178907,0.9999999999999998
"(7, 8)",2,-1,0.1,10.0,38335.84899444839,190.72277799276165,1.0
"(7, 8)",2,-1,0.1,17.78279410038923,38336.49128236868,190.69964621598845,1.0000000000000002
"(7, 8)",2,-1,0.1,31.622776601683793,38338.48672652917,190.65921553219204,1.0
"(7, 8)",2,-1,0.1,56.23413251903491,38344.603748390575,190.58946504420715,1.0000000000000002
"(7, 8)",2,-1,0.1,100.0,38362.92966533188,190.4717999038338,1.0
"(7, 8)",2,-1,0.1,177.82794100389228,38415.75858015644,190.28063404243483,0.9999999999999999
"(7, 8)",2,-1,0.1,316.22776601683796,38558.88175360182,189.98837164292283,0.9999999999999998
"(7, 8)",2,-1,0.1,562.341325190349,38911.73873272016,189.58105906843957,1.0
"(7, 8)",2,-1,0.1,1000.0,39675.30386293799,189.0819548740887,1.0000000000000002
"(7, 8)",2,-1,0.1,1778.2794100389228,41088.05356657722,188.55860911991778,1.0
"(7, 8)",2,-1,0.1,3162.2776601683795,43330.55040526608,188.0882902268115,1.0
"(7, 8)",2,-1,0.1,5623.413251903491,46509.121751479935,187.7118398415173,0.9999999999999999
"(7, 8)",2,-1,0.1,10000.0,50758.383506751416,187.42835732100482,0.9999999999999999
"(7, 8)",2,-1,0.1,17782.794100389227,56331.18459434084,187.21921502146847,1.0000000000000002
"(7, 8)",2,-1,0.1,31622.776601683792,63629.005039349475,187.0652185162831,1.0
"(7, 8)",2,-1,0.1,56234.13251903491,73222.7832165422,186.9513999964957,1.0
"(7, 8)",2,-1,0.1,100000.0,85890.42752940857,186.86690401992325,1.0
"(7, 8)",2,-1,0.1,177827.94100389228,102675.44706584243,186.80395285116305,1.0
"(7, 8)",2,-1,0.1,316227.7660168379,124970.19209323516,186.75693638876731,1.0
"(7, 8)",2,-1,0.1,562341.3251903491,154629.63132765552,186.72176459975148,1.0
"(7, 8)",2,-1,0.1,1000000.0,194124.28559688278,186.69542699464162,1.0
"(7, 8)",2,-1,1,0.0,522.10404635058,41.34846904627838,0.9999999999999999
"(7, 8)",2,-1,1,0.0001,522.1040463635854,41.34833898919761,0.9999999999999998
"(7, 8)",2,-1,1,0.00017782794100389227,522.1040463917063,41.34823777062547,1.0
"(7, 8)",2,-1,1,0.00031622776601683794,522.1040464806325,41.34805778043109,1.0
"(7, 8)",2,-1,1,0.0005623413251903491,522.1040467618249,41.34773772246094,1.0
"(7, 8)",2,-1,1,0.001,522.1040476509584,41.34716861703312,1.0
"(7, 8)",2,-1,1,0.0017782794100389228,522.1040504622185,41.34615673739393,1.0
"(7, 8)",2,-1,1,0.0031622776601683794,522.1040593498186,41.344357803148014,1.0
"(7, 8)",2,-1,1,0.005623413251903491,522.10408744147,41.34116028239653,0.9999999999999998
"(7, 8)",2,-1,1,0.01,522.1041761997586,41.3354788947399,0.9999999999999999
"(7, 8)",2,-1,1,0.01778279410038923,522.10445645536,41.325390629646016,1.0
"(7, 8)",2,-1,1,0.03162277660168379,522.1053403315872,41.307497626769276,0.9999999999999999
"(7, 8)",2,-1,1,0.05623413251903491,522.1081221416839,41.27582590299687,1.0
"(7, 8)",2,-1,1,0.1,522.1168452122746,41.219965210350466,0.9999999999999999
"(7, 8)",2,-1,1,0.1778279410038923,522.1440222801991,41.12206070578413,1.0
"(7, 8)",2,-1,1,0.31622776601683794,522.227740912874,40.952350872407905,0.9999999999999998
"(7, 8)",2,-1,1,0.5623413251903491,522.4806423741611,40.66373084352637,1.0
"(7, 8)",2,-1,1,1.0,523.219772516843,40.188483628985026,0.9999999999999998
"(7, 8)",2,-1,1,1.7782794100389228,525.2665310258396,39.44616138990388,1.0
"(7, 8)",2,-1,1,3.1622776601683795,530.4831626761113,38.377318441569955,1.0
"(7, 8)",2,-1,1,5.623413251903491,542.317055479304,37.005309271628036,1.0
"(7, 8)",2,-1,1,10.0,565.5632532801436,35.478643682412105,1.0
"(7, 8)",2,-1,1,17.78279410038923,604.7711118189648,34.02017967051402,1.0000000000000002
"(7, 8)",2,-1,1,31.622776601683793,662.2396135650839,32.81042875636571,1.0
"(7, 8)",2,-1,1,56.23413251903491,736.9609655703069,31.921215412755274,1.0
"(7, 8)",2,-1,1,100.0,825.0708236056851,31.329134474173017,0.9999999999999999
"(7, 8)",2,-1,1,177.82794100389228,921.8029893946265,30.962593142838447,0.9999999999999998
"(7, 8)",2,-1,1,316.22776601683796,1023.6050362937974,30.745376500777393,1.0
"(7, 8)",2,-1,1,562.341325190349,1129.2281124308702,30.61863337933806,1.0
"(7, 8)",2,-1,1,1000.0,1239.978255407539,30.543976760632045,1.0
"(7, 8)",2,-1,1,1778.2794100389228,1359.6570647932997,30.49869069105457,1.0
"(7, 8)",2,-1,1,3162.2776601683795,1494.50196928229,30.470058285146546,1.0
"(7, 8)",2,-1,1,5623.413251903491,1653.2869652596632,30.451137123890994,1.0
"(7, 8)",2,-1,1,10000.0,1847.6789214322414,30.43813269053661,1.0
"(7, 8)",2,-1,1,17782.794100389227,2092.9144721134703,30.42891828675818,1.0
"(7, 8)",2,-1,1,31622.776601683792,2408.8566123834607,30.422248130890665,1.0
"(7, 8)",2,-1,1,56234.13251903491,2821.50614898844,30.41735164124229,1.0
"(7, 8)",2,-1,1,100000.0,3365.0760131909256,30.413725684876066,0.9999999999999999
"(7, 8)",2,-1,1,177827.94100389228,4084.78544144525,30.411026421161672,1.0
"(7, 8)",2,-1,1,316227.7660168379,5040.59479265233,30.409010768083164,1.0
"(7, 8)",2,-1,1,562341.3251903491,6312.1796050372495,30.407502870432353,1.0
"(7, 8)",2,-1,1,1000000.0,8005.554439189169,30.406373644400155,1.0
"(7, 8)",2,-1,3,0.0,259.94547957067925,37.00987095552283,1.0
"(7, 8)",2,-1,3,0.0001,259.945479587209,37.009705661252035,1.0
"(7, 8)",2,-1,3,0.00017782794100389227,259.9454796229494,37.00957702098042,0.9999999999999998
"(7, 8)",2,-1,3,0.00031622776601683794,259.94547973596383,37.00934827314139,1.0
"(7, 8)",2,-1,3,0.0005623413251903491,259.94548009331595,37.008941528793535,0.9999999999999999
"(7, 8)",2,-1,3,0.001,259.94548122319407,37.0082183287387,0.9999999999999999
"(7, 8)",2,-1,3,0.0017782794100389228,259.94548479523127,37.00693260902451,1.0
"(7, 8)",2,-1,3,0.0031622776601683794,259.94549608568,37.00464728946284,1.0
"(7, 8)",2,-1,3,0.005623413251903491,259.9455317593259,37.00058666703077,1.0
"(7, 8)",2,-1,3,0.01,259.9456444016356,36.99337620407157,1.0
"(7, 8)",2,-1,3,0.01778279410038923,259.94599966876996,36.980586932898646,1.0
"(7, 8)",2,-1,3,0.03162277660168379,259.94711787743165,36.957947522058504,1.0
"(7, 8)",2,-1,3,0.05623413251903491,259.95062482897913,36.918011698204964,1.0
"(7, 8)",2,-1,3,0.1,259.9615544371502,36.84799596397366,1.0
"(7, 8)",2,-1,3,0.1778279410038923,259.99524857464365,36.72654032408832,1.0
"(7, 8)",2,-1,3,0.31622776601683794,260.0972246829119,36.519612239309964,0.9999999999999998
"(7, 8)",2,-1,3,0.5623413251903491,260.3966824770678,36.17732091438054,1.0
"(7, 8)",2,-1,3,1.0,261.235848729965,35.63652880673032,1.0
"(7, 8)",2,-1,3,1.7782794100389228,263.4347775397386,34.836777343780476,0.9999999999999999
"(7, 8)",2,-1,3,3.1622776601683795,268.7131140956122,33.7523063362977,1.0
"(7, 8)",2,-1,3,5.623413251903491,280.10840061766976,32.42856389912555,0.9999999999999999
"(7, 8)",2,-1,3,10.0,301.83189883903907,31.000393942065603,1.0
"(7, 8)",2,-1,3,17.78279410038923,337.7462582109202,29.663074131527523,1.0
"(7, 8)",2,-1,3,31.622776601683793,388.8325282748003,28.585639101056103,1.0
"(7, 8)",2,-1,3,56.23413251903491,452.007179492539,27.831674256817923,1.0
"(7, 8)",2,-1,3,100.0,521.5793931841245,27.362446205187968,1.0
"(7, 8)",2,-1,3,177.82794100389228,591.6650199670532,27.09564973024644,0.9999999999999999
"(7, 8)",2,-1,3,316.22776601683796,657.7036011139763,26.95389172588371,0.9999999999999998
"(7, 8)",2,-1,3,562.341325190349,716.8586176497189,26.88233418486998,1.0
"(7, 8)",2,-1,3,1000.0,767.8193780623695,26.847611896957325,1.0
"(7, 8)",2,-1,3,1778.2794100389228,810.4062379793934,26.831273890238588,1.0
"(7, 8)",2,-1,3,3162.2776601683795,845.1665993522552,26.823767517834725,1.0
"(7, 8)",2,-1,3,5623.413251903491,873.0385351169014,26.820380448417264,1.0
"(7, 8)",2,-1,3,10000.0,895.1070507631965,26.818871626711577,0.9999999999999999
"(7, 8)",2,-1,3,17782.794100389227,912.4494003020533,26.818204705953406,1.0
"(7, 8)",2,-1,3,31622.776601683792,926.0516649754954,26.81791056598837,1.0
"(7, 8)",2,-1,3,56234.13251903491,936.7752043251103,26.81778021849715,1.0
"(7, 8)",2,-1,3,100000.0,945.3543536289449,26.81772162921988,1.0
"(7, 8)",2,-1,3,177827.94100389228,952.411549603,26.817694567091166,1.0
"(7, 8)",2,-1,3,316227.7660168379,958.4812115640434,26.817681507401144,0.9999999999999999
"(7, 8)",2,-1,3,562341.3251903491,964.0361045999706,26.81767479935739,1.0
"(7, 8)",2,-1,3,1000000.0,969.5113687749129,26.81767107871365,1.0
"(7, 8)",2,0,0.1,0.0,1179775.44375277,5215.420310377789,1.0
"(7, 8)",2,0,0.1,0.0001,1179775.4437528553,5215.419335328483,0.9999999999999998
"(7, 8)",2,0,0.1,0.00017782794100389227,1179775.4437530553,5215.418576468229,1.0
"(7, 8)",2,0,0.1,0.00031622776601683794,1179775.4437537035,5215.4172270037725,1.0
"(7, 8)",2,0,0.1,0.0005623413251903491,1179775.44375578,5215.414827282346,1.0
"(7, 8)",2,0,0.1,0.001,1179775.4437623876,5215.4105599179875,1.0
"(7, 8)",2,0,0.1,0.0017782794100389228,1179775.4437833684,5215.402971386144,1.0
"(7, 8)",2,0,0.1,0.0031622776601683794,1179775.4438498574,5215.389476964797,1.0
"(7, 8)",2,0,0.1,0.005623413251903491,1179775.4440603545,5215.365480456516,1.0
"(7, 8)",2,0,0.1,0.01,1179775.4447264462,5215.322809045688,1.0
"(7, 8)",2,0,0.1,0.01778279410038923,1179775.4468335153,5215.246930787777,1.0
"(7, 8)",2,0,0.1,0.03162277660168379,1179775.4534975362,5215.112008900249,1.0
"(7, 8)",2,0,0.1,0.05623413251903491,1179775.4745704571,5214.872114410635,1.0
"(7, 8)",2,0,0.1,0.1,1179775.541195997,5214.445623494021,1.0
"(7, 8)",2,0,0.1,0.1778279410038923,1179775.7517947045,5213.687546462557,0.9999999999999999
"(7, 8)",2,0,0.1,0.31622776601683794,1179776.4172311886,5212.340557344611,1.0
"(7, 8)",2,0,0.1,0.5623413251903491,1179778.5184670894,5209.948655805223,0.9999999999999998
"(7, 8)",2,0,0.1,1.0,1179785.1459079918,5205.70597618513,1.0
"(7, 8)",2,0,0.1,1.7782794100389228,1179806.007026846,5198.195258210667,0.9999999999999998
"(7, 8)",2,0,0.1,3.1622776601683795,1179871.4364957653,5184.945532449742,1.0
"(7, 8)",2,0,0.1,5.623413251903491,1180075.3578238513,5161.7151984483635,1.0
"(7, 8)",2,0,0.1,10.0,1180703.8935965034,5121.424777213425,1.0
"(7, 8)",2,0,0.1,17.78279410038923,1182604.1282399667,5052.849918762182,1.0
"(7, 8)",2,0,0.1,31.622776601683793,1188162.2719466737,4939.840325938878,0.9999999999999998
"(7, 8)",2,0,0.1,56.23413251903491,1203549.8441191535,4763.349372703234,1.0
"(7, 8)",2,0,0.1,100.0,1242587.5698770846,4510.316795204353,0.9999999999999999
"(7, 8)",2,0,0.1,177.82794100389228,1329660.313720698,4190.688481491625,1.0
"(7, 8)",2,0,0.1,316.22776601683796,1493612.4301583618,3849.2427411793933,1.0
"(7, 8)",2,0,0.1,562.341325190349,1749533.2073344616,3546.851450892789,1.0
"(7, 8)",2,0,0.1,1000.0,2090913.8392138921,3318.645473323576,1.0
"(7, 8)",2,0,0.1,1778.2794100389228,2513459.298017194,3159.594454343015,1.0
"(7, 8)",2,0,0.1,3162.2776601683795,3041772.3445335547,3047.9575805864893,1.0
"(7, 8)",2,0,0.1,5623.413251903491,3727960.8134644344,2966.551661650238,1.0
"(7, 8)",2,0,0.1,10000.0,4639489.658500587,2905.7776672243895,1.0
"(7, 8)",2,0,0.1,17782.794100389227,5858176.795835186,2860.090425347151,1.0
"(7, 8)",2,0,0.1,31622.776601683792,7488217.530475478,2825.725610122575,1.0
"(7, 8)",2,0,0.1,56234.13251903491,9666667.271326654,2799.8981001590146,1.0
"(7, 8)",2,0,0.1,100000.0,12575720.866800891,2780.5025302028594,1.0
"(7, 8)",2,0,0.1,177827.94100389228,16458247.739548363,2765.945336042992,1.0
"(7, 8)",2,0,0.1,316227.7660168379,21638185.02860942,2755.023415130328,1.0
"(7, 8)",2,0,0.1,562341.3251903491,28547589.60021353,2746.8306885431966,1.0
"(7, 8)",2,0,0.1,1000000.0,37762624.01562641,2740.685894857795,1.0
"(7, 8)",2,0,1,0.0,700.0598862491629,60.90371257812849,1.0
"(7, 8)",2,0,1,0.0001,700.0598862505655,60.90369855381299,1.0
"(7, 8)",2,0,1,0.00017782794100389227,700.0598862535969,60.90368763911776,0.9999999999999998
"(7, 8)",2,0,1,0.00031622776601683794,700.0598862631871,60.90366823004517,1.0
"(7, 8)",2,0,1,0.0005623413251903491,700.0598862935095,60.903633716254475,1.0
"(7, 8)",2,0,1,0.001,700.0598863893933,60.9035723441394,1.0
"(7, 8)",2,0,1,0.0017782794100389228,700.0598866925777,60.90346321700735,1.0
"(7, 8)",2,0,1,0.0031622776601683794,700.0598876511751,60.9032691889435,1.0
"(7, 8)",2,0,1,0.005623413251903491,700.0598906816607,60.90292424914377,1.0
"(7, 8)",2,0,1,0.01,700.0599002600128,60.90231115415181,1.0
"(7, 8)",2,0,1,0.01778279410038923,700.0599305220211,60.90122186121036,1.0
"(7, 8)",2,0,1,0.03162277660168379,700.0600260651362,60.89928782712294,1.0
"(7, 8)",2,0,1,0.05623413251903491,700.0603273378014,60.895858128487944,1.0
"(7, 8)",2,0,1,0.1,700.061275236876,60.889789171932584,1.0
"(7, 8)",2,0,1,0.1778279410038923,700.0642460514149,60.87909060691881,1.0
"(7, 8)",2,0,1,0.31622776601683794,700.0734936928156,60.86035566750166,1.0
"(7, 8)",2,0,1,0.5623413251903491,700.1019425912571,60.82792304368733,0.9999999999999998
"(7, 8)",2,0,1,1.0,700.1877274119445,60.77286454223118,1.0
"(7, 8)",2,0,1,1.7782794100389228,700.4380520103855,60.682349153677755,1.0
"(7, 8)",2,0,1,3.1622776601683795,701.1322489964632,60.54079481910711,1.0
"(7, 8)",2,0,1,5.623413251903491,702.9225569172376,60.334707718028184,0.9999999999999998
"(7, 8)",2,0,1,10.0,707.1317802819466,60.060944883954896,1.0
"(7, 8)",2,0,1,17.78279410038923,716.0427341379003,59.73335094360645,0.9999999999999998
"(7, 8)",2,0,1,31.622776601683793,732.9340708711256,59.38227231100392,1.0
"(7, 8)",2,0,1,56.23413251903491,761.569133852028,59.04581171517124,1.0
"(7, 8)",2,0,1,100.0,805.3917650047497,58.75495078488607,1.0
"(7, 8)",2,0,1,177.82794100389228,867.3799954896375,58.52286381695186,1.0
"(7, 8)",2,0,1,316.22776601683796,950.8107600041089,58.34689636956578,1.0
"(7, 8)",2,0,1,562.341325190349,1060.317299335935,58.216917741861366,1.0
"(7, 8)",2,0,1,1000.0,1202.8462469482006,58.1217712504023,1.0
"(7, 8)",2,0,1,1778.2794100389228,1388.512322171701,58.052084441249804,1.0
"(7, 8)",2,0,1,3162.2776601683795,1631.497942409959,58.00081157915441,0.9999999999999998
"(7, 8)",2,0,1,5623.413251903491,1951.1761962217015,57.96288742815368,1.0
"(7, 8)",2,0,1,10000.0,2373.6286899040397,57.93471010565041,1.0
"(7, 8)",2,0,1,17782.794100389227,2933.726960140961,57.91370477135247,1.0
"(7, 8)",2,0,1,31622.776601683792,3677.9669093466127,57.89801048385095,1.0
"(7, 8)",2,0,1,56234.13251903491,4668.294215918086,57.886267323614874,1.0
"(7, 8)",2,0,1,100000.0,5987.235889811159,57.87747266082298,1.0
"(7, 8)",2,0,1,177827.94100389228,7744.7597913487925,57.87088260042313,1.0
"(7, 8)",2,0,1,316227.7660168379,10087.42780455188,57.86594290785077,1.0
"(7, 8)",2,0,1,562341.3251903491,13210.598866540278,57.86223956729232,1.0
"(7, 8)",2,0,1,1000000.0,17374.689633981165,57.85946282916615,0.9999999999999998
"(7, 8)",2,0,3,0.0,349.01429016999833,50.377948122141355,0.9999999999999998
"(7, 8)",2,0,3,0.0001,349.0142901801472,50.37784664155871,1.0
"(7, 8)",2,0,3,0.00017782794100389227,349.0142902020892,50.377767665744415,0.9999999999999998
"(7, 8)",2,0,3,0.00031622776601683794,349.01429027147054,50.37762723426958,1.0
"(7, 8)",2,0,3,0.0005623413251903491,349.0142904908456,50.377377538193294,1.0
"(7, 8)",2,0,3,0.001,349.0142911844144,50.376933604673305,1.0
"(7, 8)",2,0,3,0.0017782794100389228,349.0142933768048,50.37614446987676,1.0
"(7, 8)",2,0,3,0.0031622776601683794,349.0143003048931,50.374742125290496,1.0
"(7, 8)",2,0,3,0.005623413251903491,349.0143221861592,50.37225138880501,0.9999999999999998
"(7, 8)",2,0,3,0.01,349.0143912278601,50.367831703200146,1.0
"(7, 8)",2,0,3,0.01778279410038923,349.0146087006664,50.3600023061318,1.0
"(7, 8)",2,0,3,0.03162277660168379,349.01529163255196,50.34617372387673,1.0
"(7, 8)",2,0,3,0.05623413251903491,349.0174247543319,50.32187677915746,1.0
"(7, 8)",2,0,3,0.1,349.0240248465141,50.27957833839949,1.0
"(7, 8)",2,0,3,0.1778279410038923,349.0441125868139,50.20711473483294,1.0
"(7, 8)",2,0,3,0.31622776601683794,349.103545799947,50.086353683901464,1.0
"(7, 8)",2,0,3,0.5623413251903491,349.27125866604143,49.89420294706334,1.0
"(7, 8)",2,0,3,1.0,349.7098906507772,49.61038312534888,0.9999999999999998
"(7, 8)",2,0,3,1.7782794100389228,350.7332948853506,49.23564158566969,1.0
"(7, 8)",2,0,3,3.1622776601683795,352.7771646932826,48.81128573403754,1.0
"(7, 8)",2,0,3,5.623413251903491,356.17127403228864,48.41135003476791,1.0
"(7, 8)",2,0,3,10.0,360.8783115326417,48.096962191917285,1.0
"(7, 8)",2,0,3,17.78279410038923,366.61762691259037,47.88045202317455,0.9999999999999998
"(7, 8)",2,0,3,31.622776601683793,373.29760152350104,47.738684733056026,1.0
"(7, 8)",2,0,3,56.23413251903491,381.1383630643728,47.64517478529362,1.0
"(7, 8)",2,0,3,100.0,390.3300818694575,47.58347219035634,1.0
"(7, 8)",2,0,3,177.82794100389228,400.696632754045,47.54423808216775,1.0
"(7, 8)",2,0,3,316.22776601683796,411.6956883974544,47.520755975615685,1.0
"(7, 8)",2,0,3,562.341325190349,422.6542012423405,47.50756216500873,1.0
"(7, 8)",2,0,3,1000.0,433.0049190684332,47.500538553982786,1.0
"(7, 8)",2,0,3,1778.2794100389228,442.4061130860276,47.4969458393495,1.0
"(7, 8)",2,0,3,3162.2776601683795,450.7517131798838,47.495151137197624,1.0
"(7, 8)",2,0,3,5623.413251903491,458.124662247405,47.49425972683501,1.0
"(7, 8)",2,0,3,10000.0,464.73878835705193,47.493810590064825,1.0
"(7, 8)",2,0,3,17782.794100389227,470.8931365090982,47.49357609745598,1.0
"(7, 8)",2,0,3,31622.776601683792,476.9463669186615,47.49344678226418,1.0
"(7, 8)",2,0,3,56234.13251903491,483.3105360145827,47.49337057154922,1.0
"(7, 8)",2,0,3,100000.0,490.4615945343685,47.493322556685754,0.9999999999999998
"(7, 8)",2,0,3,177827.94100389228,498.9631850567401,47.49329052438667,1.0
"(7, 8)",2,0,3,316227.7660168379,509.503555306014,47.49326821751299,1.0
"(7, 8)",2,0,3,562341.3251903491,522.9434685483835,47.49325222075204,1.0
"(7, 8)",2,0,3,1000000.0,540.3694037376952,47.493240529552146,1.0
"(7, 8)",2,1,0.1,0.0,20764.974280434708,101.9420101916358,1.0
"(7, 8)",2,1,0.1,0.0001,20764.974280434893,101.94200839457997,1.0
"(7, 8)",2,1,0.1,0.00017782794100389227,20764.974280435275,101.942006995969,1.0
"(7, 8)",2,1,0.1,0.00031622776601683794,20764.974280436487,101.94200450884915,1.0
"(7, 8)",2,1,0.1,0.0005623413251903491,20764.974280440343,101.94200008605839,1.0000000000000002
"(7, 8)",2,1,0.1,0.001,20764.974280452578,101.9419922211111,1.0000000000000002
"(7, 8)",2,1,0.1,0.0017782794100389228,20764.974280491355,101.94197823507075,0.9999999999999998
"(7, 8)",2,1,0.1,0.0031622776601683794,20764.974280614097,101.94195336408916,1.0
"(7, 8)",2,1,0.1,0.005623413251903491,20764.974281002418,101.9419091368691,1.0
"(7, 8)",2,1,0.1,0.01,20764.9742822307,101.94183048957225,1.0
"(7, 8)",2,1,0.1,0.01778279410038923,20764.97428611544,101.94169063604915,1.0
"(7, 8)",2,1,0.1,0.03162277660168379,20764.97429840054,101.94144194798717,0.9999999999999998
"(7, 8)",2,1,0.1,0.05623413251903491,20764.974337248477,101.94099974457723,0.9999999999999999
"(7, 8)",2,1,0.1,0.1,20764.974460082947,101.94021348911933,1.0
"(7, 8)",2,1,0.1,0.1778279410038923,20764.974848430495,101.93881564157591,0.9999999999999999
"(7, 8)",2,1,0.1,0.31622776601683794,20764.976075968556,101.93633093482951,1.0
"(7, 8)",2,1,0.1,0.5623413251903491,20764.97995479448,101.93191577068632,1.0
"(7, 8)",2,1,0.1,1.0,20764.992203856356,101.92407491593123,1.0
"(7, 8)",2,1,0.1,1.7782794100389228,20765.030844112967,101.91016492180462,1.0
"(7, 8)",2,1,0.1,3.1622776601683795,20765.152505477632,101.88553362986187,1.0
"(7, 8)",2,1,0.1,5.623413251903491,20765.534280176336,101.84205997163339,0.9999999999999999
"(7, 8)",2,1,0.1,10.0,20766.725226659306,101.76577124023976,1.0
"(7, 8)",2,1,0.1,17.78279410038923,20770.40212892359,101.63324232512282,0.9999999999999999
"(7, 8)",2,1,0.1,31.622776601683793,20781.55286153616,101.40699665411842,1.0
"(7, 8)",2,1,0.1,56.23413251903491,20814.36119055725,101.03201155817274,1.0
"(7, 8)",2,1,0.1,100.0,20906.243843910666,100.43980134203521,0.9999999999999999
"(7, 8)",2,1,0.1,177.82794100389228,21144.791295024163,99.57156754066679,1.0
"(7, 8)",2,1,0.1,316.22776601683796,21701.928211613173,98.42482650288436,1.0
"(7, 8)",2,1,0.1,562.341325190349,22846.08754268281,97.09200007228608,1.0
"(7, 8)",2,1,0.1,1000.0,24907.76682936275,95.73335699334326,1.0
"(7, 8)",2,1,0.1,1778.2794100389228,28234.681811579503,94.4947182000518,1.0
"(7, 8)",2,1,0.1,3162.2776601683795,33188.57934448915,93.45424024620513,1.0
"(7, 8)",2,1,0.1,5623.413251903491,40191.94507253298,92.62549467954494,1.0
"(7, 8)",2,1,0.1,10000.0,49809.056661584575,91.9848934140025,0.9999999999999999
"(7, 8)",2,1,0.1,17782.794100389227,62824.70345436026,91.49712061199035,1.0
"(7, 8)",2,1,0.1,31622.776601683792,80314.7378422877,91.12844343291624,1.0
"(7, 8)",2,1,0.1,56234.13251903491,103732.88686820763,90.85081648199788,1.0
"(7, 8)",2,1,0.1,100000.0,135029.79577274132,90.64215659457028,1.0
"(7, 8)",2,1,0.1,177827.94100389228,176814.57722829696,90.48549177748174,1.0
"(7, 8)",2,1,0.1,316227.7660168379,232571.81967560685,90.36793053668104,1.0
"(7, 8)",2,1,0.1,562341.3251903491,306951.8657588128,90.27973908245292,0.9999999999999999
"(7, 8)",2,1,0.1,1000000.0,406158.3331553222,90.21359097440393,1.0
"(7, 8)",2,1,1,0.0,414.4889223190997,34.589507254917386,1.0000000000000002
"(7, 8)",2,1,1,0.0001,414.4889223229099,34.58946915127595,1.0
"(7, 8)",2,1,1,0.00017782794100389227,414.4889223311495,34.589439496476956,1.0
"(7, 8)",2,1,1,0.00031622776601683794,414.4889223572027,34.589386762999126,1.0
"(7, 8)",2,1,1,0.0005623413251903491,414.4889224395879,34.58929299143219,0.9999999999999998
"(7, 8)",2,1,1,0.001,414.4889227000954,34.58912624979135,1.0
"(7, 8)",2,1,1,0.0017782794100389228,414.48892352379653,34.588829769466635,1.0
"(7, 8)",2,1,1,0.0031622776601683794,414.48892612804036,34.58830264863068,1.0
"(7, 8)",2,1,1,0.005623413251903491,414.4889343604105,34.58736560930797,1.0
"(7, 8)",2,1,1,0.01,414.4889603767892,34.58570033058461,1.0
"(7, 8)",2,1,1,0.01778279410038923,414.4890425542434,34.58274228105116,1.0
"(7, 8)",2,1,1,0.03162277660168379,414.48930189737376,34.57749239479524,1.0
"(7, 8)",2,1,1,0.05623413251903491,414.49011907378673,34.56818923182746,0.9999999999999999
"(7, 8)",2,1,1,0.1,414.49268681169235,34.551747949652196,1.0
"(7, 8)",2,1,1,0.1778279410038923,414.500715704355,34.52283020315114,0.9999999999999999
"(7, 8)",2,1,1,0.31622776601683794,414.525605419125,34.47239360492573,1.0
"(7, 8)",2,1,1,0.5623413251903491,414.60161638867095,34.385701665695706,0.9999999999999999
"(7, 8)",2,1,1,1.0,414.82786873657,34.24037780887429,1.0
"(7, 8)",2,1,1,1.7782794100389228,415.4731626703079,34.006730710115455,1.0000000000000002
"(7, 8)",2,1,1,3.1622776601683795,417.192514557472,33.655307624675665,1.0
"(7, 8)",2,1,1,5.623413251903491,421.3321334726322,33.17684944829261,0.9999999999999998
"(7, 8)",2,1,1,10.0,430.0201432110813,32.6080401930969,1.0000000000000002
"(7, 8)",2,1,1,17.78279410038923,445.4747169300004,32.03427648576088,1.0
"(7, 8)",2,1,1,31.622776601683793,468.56809692312356,31.54813757224455,1.0
"(7, 8)",2,1,1,56.23413251903491,498.00339449055514,31.19724170682891,1.0
"(7, 8)",2,1,1,100.0,531.1533854463545,30.973912138944915,0.9999999999999998
"(7, 8)",2,1,1,177.82794100389228,565.6204443335481,30.8429716111496,1.0
"(7, 8)",2,1,1,316.22776601683796,600.1878904096354,30.769069259500164,0.9999999999999999
"(7, 8)",2,1,1,562.341325190349,634.9906667695651,30.727270798498324,1.0
"(7, 8)",2,1,1,1000.0,671.3025550711349,30.702801926112155,1.0
"(7, 8)",2,1,1,1778.2794100389228,711.2795640123651,30.687694725053635,1.0
"(7, 8)",2,1,1,3162.2776601683795,757.8271167784892,30.67782805674633,1.0
"(7, 8)",2,1,1,5623.413251903491,814.6327806650704,30.671070068843076,1.0
"(7, 8)",2,1,1,10000.0,886.3531206775544,30.666278365291195,1.0
"(7, 8)",2,1,1,17782.794100389227,978.9396348214194,30.66280275134842,0.9999999999999999
"(7, 8)",2,1,1,31622.776601683792,1100.1054173891005,30.660246248637577,1.0
"(7, 8)",2,1,1,56234.13251903491,1259.9553973045322,30.658350185820865,0.9999999999999999
"(7, 8)",2,1,1,100000.0,1471.8234652348888,30.656937209179517,0.9999999999999999
"(7, 8)",2,1,1,177827.94100389228,1753.3823479637335,30.655881360156144,1.0
"(7, 8)",2,1,1,316227.7660168379,2128.1156742431886,30.655091154958164,0.9999999999999998
"(7, 8)",2,1,1,562341.3251903491,2627.27412609005,30.65449924248644,1.0
"(7, 8)",2,1,1,1000000.0,3292.4731426847593,30.654055642283907,1.0
"(7, 8)",2,1,3,0.0,292.7310606287332,36.73937907659043,1.0
"(7, 8)",2,1,3,0.0001,292.7310606496677,36.739169728842526,1.0
"(7, 8)",2,1,3,0.00017782794100389227,292.7310606949327,36.739006806071636,1.0
"(7, 8)",2,1,3,0.00031622776601683794,292.7310608380625,36.7387171017447,1.0
"(7, 8)",2,1,3,0.0005623413251903491,292.73106129062745,36.73820198304523,1.0
"(7, 8)",2,1,3,0.001,292.73106272147623,36.73728613682152,1.0
"(7, 8)",2,1,3,0.0017782794100389228,292.73106724460513,36.73565807136542,1.0
"(7, 8)",2,1,3,0.0031622776601683794,292.73108153894117,36.732764701495306,1.0
"(7, 8)",2,1,3,0.005623413251903491,292.73112669076556,36.72762511973936,1.0
"(7, 8)",2,1,3,0.01,292.73126918823954,36.718503294329864,1.0
"(7, 8)",2,1,3,0.01778279410038923,292.7317182084288,36.702338147361736,0.9999999999999999
"(7, 8)",2,1,3,0.03162277660168379,292.73312922739683,36.673767771110654,1.0
"(7, 8)",2,1,3,0.05623413251903491,292.7375418550139,36.623510079064566,1.0
"(7, 8)",2,1,3,0.1,292.7512246431973,36.535831468660376,1.0
"(7, 8)",2,1,3,0.1778279410038923,292.7930321484374,36.38505172974517,1.0
"(7, 8)",2,1,3,0.31622776601683794,292.91760800193,36.13203535467035,0.9999999999999999
"(7, 8)",2,1,3,0.5623413251903491,293.2737356730818,35.724332402357355,1.0
"(7, 8)",2,1,3,1.0,294.2275812318932,35.10802712297839,0.9999999999999999
"(7, 8)",2,1,3,1.7782794100389228,296.5511063275333,34.25943390674985,0.9999999999999999
"(7, 8)",2,1,3,3.1622776601683795,301.54990198628644,33.22614441595079,1.0
"(7, 8)",2,1,3,5.623413251903491,310.86960585596165,32.13513365508181,0.9999999999999999
"(7, 8)",2,1,3,10.0,325.88591032940127,31.13976990936029,1.0
"(7, 8)",2,1,3,17.78279410038923,346.98507660716945,30.34830950631213,1.0
"(7, 8)",2,1,3,31.622776601683793,373.159594260292,29.7930126994099,1.0
"(7, 8)",2,1,3,56.23413251903491,402.18560711602294,29.44495971592761,1.0
"(7, 8)",2,1,3,100.0,431.3547148961954,29.247409353050358,1.0
"(7, 8)",2,1,3,177.82794100389228,458.3407686872745,29.14426687129129,1.0
"(7, 8)",2,1,3,316.22776601683796,481.7170148886338,29.09388660086645,1.0
"(7, 8)",2,1,3,562.341325190349,500.988059781651,29.070484510502602,1.0
"(7, 8)",2,1,3,1000.0,516.3256521731307,29.059996368361027,1.0
"(7, 8)",2,1,3,1778.2794100389228,528.249994827011,29.055407000757747,1.0
"(7, 8)",2,1,3,3162.2776601683795,537.3897314115072,29.053427920052354,0.9999999999999999
"(7, 8)",2,1,3,5623.413251903491,544.3458940467481,29.052580731274602,1.0
"(7, 8)",2,1,3,10000.0,549.6345419271805,29.05221855599221,1.0
"(7, 8)",2,1,3,17782.794100389227,553.6749182432403,29.052063019135367,1.0
"(7, 8)",2,1,3,31622.776601683792,556.7987775086552,29.05199544517552,1.0
"(7, 8)",2,1,3,56234.13251903491,559.2670670264658,29.051965457297488,1.0
"(7, 8)",2,1,3,100000.0,561.2874330992886,29.051951680979748,1.0
"(7, 8)",2,1,3,177827.94100389228,563.0298209877204,29.051945016729352,0.9999999999999999
"(7, 8)",2,1,3,316227.7660168379,564.6401381220668,29.0519415620497,0.9999999999999999
"(7, 8)",2,1,3,562341.3251903491,566.2511674253908,29.051939619496824,1.0
"(7, 8)",2,1,3,1000000.0,567.989542764837,29.05193843334509,0.9999999999999998
"(4, 5, 6)",3,-1,0.1,0.0,1761.6464526965815,9.395827475262308,1.0
"(4, 5, 6)",3,-1,0.1,0.0001,1761.6464526966201,9.395827070907316,0.9999999999999999
"(4, 5, 6)",3,-1,0.1,0.00017782794100389227,1761.6464526967093,9.395826756206832,0.9999999999999999
"(4, 5, 6)",3,-1,0.1,0.00031622776601683794,1761.6464526969874,9.395826196582872,0.9999999999999999
"(4, 5, 6)",3,-1,0.1,0.0005623413251903491,1761.64645269786,9.395825201419559,0.9999999999999999
"(4, 5, 6)",3,-1,0.1,0.001,1761.646452700625,9.39582343175527,1.0000000000000002
"(4, 5, 6)",3,-1,0.1,0.0017782794100389228,1761.6464527093665,9.395820284842365,1.0
"(4, 5, 6)",3,-1,0.1,0.0031622776601683794,1761.6464527370103,9.395814688893223,1.0
"(4, 5, 6)",3,-1,0.1,0.005623413251903491,1761.646452824431,9.3958047381789,0.9999999999999999
"(4, 5, 6)",3,-1,0.1,0.01,1761.6464531008578,9.395787044441215,0.9999999999999999
"(4, 5, 6)",3,-1,0.1,0.01778279410038923,1761.6464539748858,9.395755584498236,1.0
"(4, 5, 6)",3,-1,0.1,0.03162277660168379,1761.646456738099,9.395699654047718,1.0
"(4, 5, 6)",3,-1,0.1,0.05623413251903491,1761.6464654721522,9.395600238693556,0.9999999999999998
"(4, 5, 6)",3,-1,0.1,0.1,1761.6464930691202,9.395423591320949,1.0
"(4, 5, 6)",3,-1,0.1,0.1778279410038923,1761.6465802117532,9.395109907514792,1.0
"(4, 5, 6)",3,-1,0.1,0.31622776601683794,1761.6468550713653,9.394553490343004,1.0
"(4, 5, 6)",3,-1,0.1,0.5623413251903491,1761.6477202916624,9.393568421967057,1.0
"(4, 5, 6)",3,-1,0.1,1.0,1761.650434361185,9.391830425773133,1.0
"(4, 5, 6)",3,-1,0.1,1.7782794100389228,1761.6588960756824,9.388782251602818,0.9999999999999999
"(4, 5, 6)",3,-1,0.1,3.1622776601683795,1761.685000897977,9.383490918080957,1.0
"(4, 5, 6)",3,-1,0.1,5.623413251903491,1761.7641229013584,9.374463180354526,1.0
"(4, 5, 6)",3,-1,0.1,10.0,1761.9972043132611,9.359484290535725,1.0
"(4, 5, 6)",3,-1,0.1,17.78279410038923,1762.6552431246337,9.335649075266716,1.0
"(4, 5, 6)",3,-1,0.1,31.622776601683793,1764.4118591451443,9.299767227122404,1.0
"(4, 5, 6)",3,-1,0.1,56.23413251903491,1768.8261407633072,9.24892181422805,1.0000000000000002
"(4, 5, 6)",3,-1,0.1,100.0,1779.3697825872296,9.180484835700659,0.9999999999999998
"(4, 5, 6)",3,-1,0.1,177.82794100389228,1803.51079641086,9.092184054081825,1.0
"(4, 5, 6)",3,-1,0.1,316.22776601683796,1855.6317949721222,8.984604097444523,1.0
"(4, 5, 6)",3,-1,0.1,562.341325190349,1958.4159777397988,8.864715415381529,1.0
"(4, 5, 6)",3,-1,0.1,1000.0,2140.562040037102,8.744627835627375,1.0
"(4, 5, 6)",3,-1,0.1,1778.2794100389228,2432.927937350408,8.635761574156259,1.0
"(4, 5, 6)",3,-1,0.1,3162.2776601683795,2867.0948394246743,8.544560813998938,1.0
"(4, 5, 6)",3,-1,0.1,5623.413251903491,3479.231437488938,8.47211443224639,1.0
"(4, 5, 6)",3,-1,0.1,10000.0,4317.94312317418,8.416242297464596,1.0
"(4, 5, 6)",3,-1,0.1,17782.794100389227,5451.309722814169,8.373765918967907,1.0
"(4, 5, 6)",3,-1,0.1,31622.776601683792,6972.840906108637,8.341692022313127,1.0
"(4, 5, 6)",3,-1,0.1,56234.13251903491,9008.914460805496,8.317553460801408,1.0
"(4, 5, 6)",3,-1,0.1,100000.0,11729.0814686947,8.299417613557884,1.0
"(4, 5, 6)",3,-1,0.1,177827.94100389228,15360.089141190612,8.285803717791802,1.0
"(4, 5, 6)",3,-1,0.1,316227.7660168379,20204.73272070739,8.27558904874762,0.9999999999999999
"(4, 5, 6)",3,-1,0.1,562341.3251903491,26667.07879088143,8.267926785325502,0.9999999999999998
"(4, 5, 6)",3,-1,0.1,1000000.0,35286.145454169455,8.262179923578197,0.9999999999999999
"(4, 5, 6)",3,-1,1,0.0,55.612273588218216,3.0246883923126067,1.0
"(4, 5, 6)",3,-1,1,0.0001,55.6122735887234,3.0246833408316047,0.9999999999999999
"(4, 5, 6)",3,-1,1,0.00017782794100389227,55.612273589815615,3.024679409471621,1.0
"(4, 5, 6)",3,-1,1,0.00031622776601683794,55.61227359326954,3.024672418639428,0.9999999999999998
"(4, 5, 6)",3,-1,1,0.0005623413251903491,55.6122736041909,3.024659987695805,1.0
"(4, 5, 6)",3,-1,1,0.001,55.61227363872382,3.0246378842475345,0.9999999999999999
"(4, 5, 6)",3,-1,1,0.0017782794100389228,55.61227374790636,3.0245985852312938,1.0
"(4, 5, 6)",3,-1,1,0.0031622776601683794,55.61227409305808,3.0245287230131845,1.0
"(4, 5, 6)",3,-1,1,0.005623413251903491,55.61227518388509,3.024404559292839,0.9999999999999999
"(4, 5, 6)",3,-1,1,0.01,55.61227862979728,3.024183985169484,0.9999999999999999
"(4, 5, 6)",3,-1,1,0.01778279410038923,55.612289506614594,3.0237924483524448,1.0
"(4, 5, 6)",3,-1,1,0.03162277660168379,55.61232378951058,3.023098408394378,1.0
"(4, 5, 6)",3,-1,1,0.05623413251903491,55.61243157308444,3.0218711852050113,1.0000000000000002
"(4, 5, 6)",3,-1,1,0.1,55.61276892826489,3.0197106018352464,1.0
"(4, 5, 6)",3,-1,1,0.1778279410038923,55.61381659731321,3.015935708986229,1.0
"(4, 5, 6)",3,-1,1,0.31622776601683794,55.61702639306884,3.0094269616773466,1.0
"(4, 5, 6)",3,-1,1,0.5623413251903491,55.626636768800864,2.998453770978585,1.0
"(4, 5, 6)",3,-1,1,1.0,55.6543427795128,2.9806259813310856,0.9999999999999999
"(4, 5, 6)",3,-1,1,1.7782794100389228,55.72962711707347,2.953294772651652,1.0
"(4, 5, 6)",3,-1,1,3.1622776601683795,55.91729905815878,2.9148015159167016,1.0
"(4, 5, 6)",3,-1,1,5.623413251903491,56.33447607351755,2.8663932697650334,1.0
"(4, 5, 6)",3,-1,1,10.0,57.14265681225638,2.813289334546142,1.0
"(4, 5, 6)",3,-1,1,17.78279410038923,58.49255630990048,2.763051590756553,1.0
"(4, 5, 6)",3,-1,1,31.622776601683793,60.4471846630639,2.7218767778248556,1.0
"(4, 5, 6)",3,-1,1,56.23413251903491,62.94973520621272,2.6920730842576974,1.0
"(4, 5, 6)",3,-1,1,100.0,65.85802662939417,2.6725170776280165,0.9999999999999998
"(4, 5, 6)",3,-1,1,177.82794100389228,69.00511340833341,2.6605828593641427,1.0
"(4, 5, 6)",3,-1,1,316.22776601683796,72.25120174118756,2.65364843683036,1.0
"(4, 5, 6)",3,-1,1,562.341325190349,75.51646179431718,2.649723313477864,0.9999999999999998
"(4, 5, 6)",3,-1,1,1000.0,78.79473035872113,2.64750825619937,0.9999999999999999
"(4, 5, 6)",3,-1,1,1778.2794100389228,82.15394828451748,2.646233731433526,1.0
"(4, 5, 6)",3,-1,1,3162.2776601683795,85.7314334917743,2.645472087711202,1.0
"(4, 5, 6)",3,-1,1,5623.413251903491,89.73086652695945,2.644994416699332,1.0
"(4, 5, 6)",3,-1,1,10000.0,94.42537735002217,2.644679814302567,1.0
"(4, 5, 6)",3,-1,1,17782.794100389227,100.16907187564857,2.6444637404362625,1.0
"(4, 5, 6)",3,-1,1,31622.776601683792,107.41835621640674,2.6443105735577555,1.0
"(4, 5, 6)",3,-1,1,56234.13251903491,116.76442086369349,2.6441996196960487,0.9999999999999999
"(4, 5, 6)",3,-1,1,100000.0,128.97893498442625,2.644118117736135,1.0
"(4, 5, 6)",3,-1,1,177827.94100389228,145.0761524790595,2.644057735438045,0.9999999999999999
"(4, 5, 6)",3,-1,1,316227.7660168379,166.3961158353419,2.6440127710243777,1.0
"(4, 5, 6)",3,-1,1,562341.3251903491,194.71558684191564,2.643979187531328,0.9999999999999998
"(4, 5, 6)",3,-1,1,1000000.0,232.3956293503292,2.643954060947852,1.0
"(4, 5, 6)",3,-1,3,0.0,47.49757330196044,3.2115333248161213,0.9999999999999999
"(4, 5, 6)",3,-1,3,0.0001,47.49757330363138,3.21151661547672,0.9999999999999999
"(4, 5, 6)",3,-1,3,0.00017782794100389227,47.497573307244245,3.2115036115392104,1.0
"(4, 5, 6)",3,-1,3,0.00031622776601683794,47.49757331866843,3.2114804881965013,1.0
"(4, 5, 6)",3,-1,3,0.0005623413251903491,47.49757335479118,3.2114393725162333,1.0
"(4, 5, 6)",3,-1,3,0.001,47.49757346900072,3.21136627026051,1.0
"(4, 5, 6)",3,-1,3,0.0017782794100389228,47.497573830046484,3.211236314840022,1.0000000000000002
"(4, 5, 6)",3,-1,3,0.0031622776601683794,47.49757497111946,3.211005346775359,0.9999999999999999
"(4, 5, 6)",3,-1,3,0.005623413251903491,47.49757857583623,3.2105950284173073,1.0
"(4, 5, 6)",3,-1,3,0.01,47.49758995434331,3.209866653295849,0.9999999999999998
"(4, 5, 6)",3,-1,3,0.01778279410038923,47.49762582090122,3.2085754488307665,1.0
"(4, 5, 6)",3,-1,3,0.03162277660168379,47.49773859618187,3.2062920483716923,1.0000000000000002
"(4, 5, 6)",3,-1,3,0.05623413251903491,47.49809164108786,3.2022712801953075,1.0
"(4, 5, 6)",3,-1,3,0.1,47.4991883524117,3.1952443435236164,1.0
"(4, 5, 6)",3,-1,3,0.1778279410038923,47.50254969731076,3.183123722799739,1.0
"(4, 5, 6)",3,-1,3,0.31622776601683794,47.51261703742824,3.162682657708679,0.9999999999999999
"(4, 5, 6)",3,-1,3,0.5623413251903491,47.54162906433759,3.1294838440348,1.0
"(4, 5, 6)",3,-1,3,1.0,47.62023570848139,3.078725141115759,1.0000000000000002
"(4, 5, 6)",3,-1,3,1.7782794100389228,47.81445001549325,3.007843877146094,1.0
"(4, 5, 6)",3,-1,3,3.1622776601683795,48.23785354209228,2.920370613651007,1.0000000000000002
"(4, 5, 6)",3,-1,3,5.623413251903491,49.032744291807,2.8273292793562184,1.0
"(4, 5, 6)",3,-1,3,10.0,50.311627376508426,2.7425401211251432,0.9999999999999999
"(4, 5, 6)",3,-1,3,17.78279410038923,52.1032793156338,2.6753335701338363,1.0
"(4, 5, 6)",3,-1,3,31.622776601683793,54.347508967145316,2.627767584854836,1.0
"(4, 5, 6)",3,-1,3,56.23413251903491,56.9221853217484,2.5969645878879586,1.0
"(4, 5, 6)",3,-1,3,100.0,59.67098789574309,2.578412348621604,1.0
"(4, 5, 6)",3,-1,3,177.82794100389228,62.42916687465118,2.5679149112383186,1.0
"(4, 5, 6)",3,-1,3,316.22776601683796,65.05034653709359,2.562291377713052,1.0
"(4, 5, 6)",3,-1,3,562.341325190349,67.42711911401794,2.559417983715668,1.0
"(4, 5, 6)",3,-1,3,1000.0,69.4987086495339,2.55800722150538,1.0
"(4, 5, 6)",3,-1,3,1778.2794100389228,71.24655517164871,2.557336943458873,1.0
"(4, 5, 6)",3,-1,3,3162.2776601683795,72.6832556266589,2.5570267772864104,1.0
"(4, 5, 6)",3,-1,3,5623.413251903491,73.84027131428779,2.556886193468981,1.0
"(4, 5, 6)",3,-1,3,10000.0,74.7576580550034,2.5568234711700955,1.0
"(4, 5, 6)",3,-1,3,17782.794100389227,75.47693596360969,2.5567958046761947,1.0
"(4, 5, 6)",3,-1,3,31622.776601683792,76.0368980788616,2.556783689785985,1.0
"(4, 5, 6)",3,-1,3,56234.13251903491,76.47163398119717,2.556778400482626,0.9999999999999999
"(4, 5, 6)",3,-1,3,100000.0,76.8100005243442,2.5567760860245583,1.0
"(4, 5, 6)",3,-1,3,177827.94100389228,77.07591651709878,2.556775063832031,0.9999999999999999
"(4, 5, 6)",3,-1,3,316227.7660168379,77.28907322481264,2.5567746035438517,1.0
"(4, 5, 6)",3,-1,3,562341.3251903491,77.46581053737205,2.556774389288202,1.0
"(4, 5, 6)",3,-1,3,1000000.0,77.61993663408882,2.556774284301671,1.0
"(4, 5, 6)",3,0,0.1,0.0,4482.362137410172,31.50934296079821,0.9999999999999998
"(4, 5, 6)",3,0,0.1,0.0001,4482.362137410699,31.50933769499115,0.9999999999999998
"(4, 5, 6)",3,0,0.1,0.00017782794100389227,4482.362137411835,31.50933359673506,1.0
"(4, 5, 6)",3,0,0.1,0.00031622776601683794,4482.3621374154345,31.50932630891723,0.9999999999999998
"(4, 5, 6)",3,0,0.1,0.0005623413251903491,4482.362137426821,31.509313349224747,1.0
"(4, 5, 6)",3,0,0.1,0.001,4482.362137462822,31.509290303535632,1.0
"(4, 5, 6)",3,0,0.1,0.0017782794100389228,4482.362137576672,31.50924932269971,0.9999999999999998
"(4, 5, 6)",3,0,0.1,0.0031622776601683794,4482.362137936696,31.509176449975868,0.9999999999999998
"(4, 5, 6)",3,0,0.1,0.005623413251903491,4482.362139075125,31.509046870299713,0.9999999999999998
"(4, 5, 6)",3,0,0.1,0.01,4482.362142674747,31.508816467952194,1.0
"(4, 5, 6)",3,0,0.1,0.01778279410038923,4482.362154055389,31.50840683205278,1.0
"(4, 5, 6)",3,0,0.1,0.03162277660168379,4482.362190030776,31.507678650013688,0.9999999999999998
"(4, 5, 6)",3,0,0.1,0.05623413251903491,4482.362303719549,31.50638457639445,1.0
"(4, 5, 6)",3,0,0.1,0.1,4482.362662811213,31.50408599674539,1.0
"(4, 5, 6)",3,0,0.1,0.1778279410038923,4482.36379598076,31.50000682330807,1.0
"(4, 5, 6)",3,0,0.1,0.31622776601683794,4482.367366062478,31.492779184084203,1.0
"(4, 5, 6)",3,0,0.1,0.5623413251903491,4482.378581357441,31.48000886579507,0.9999999999999998
"(4, 5, 6)",3,0,0.1,1.0,4482.413635191183,31.45755687664533,1.0
"(4, 5, 6)",3,0,0.1,1.7782794100389228,4482.52222411378,31.418425095628947,1.0
"(4, 5, 6)",3,0,0.1,3.1622776601683795,4482.853433706778,31.35124565799864,1.0
"(4, 5, 6)",3,0,0.1,5.623413251903491,4483.837279682677,31.238857269828998,1.0
"(4, 5, 6)",3,0,0.1,10.0,4486.634490769417,31.05872060890695,1.0
"(4, 5, 6)",3,0,0.1,17.78279410038923,4494.058651021016,30.788828461640215,1.0
"(4, 5, 6)",3,0,0.1,31.622776601683793,4511.910145781111,30.421954140234707,0.9999999999999998
"(4, 5, 6)",3,0,0.1,56.23413251903491,4549.907133700978,29.980166714819592,1.0
"(4, 5, 6)",3,0,0.1,100.0,4621.909131826279,29.507103178070498,0.9999999999999998
"(4, 5, 6)",3,0,0.1,177.82794100389228,4749.108404552053,29.036202019955454,1.0
"(4, 5, 6)",3,0,0.1,316.22776601683796,4969.296920932791,28.5776036116405,1.0
"(4, 5, 6)",3,0,0.1,562.341325190349,5343.088151108306,28.139120797997833,0.9999999999999998
"(4, 5, 6)",3,0,0.1,1000.0,5946.779569336999,27.739706861160556,1.0
"(4, 5, 6)",3,0,0.1,1778.2794100389228,6861.508638174743,27.398358084176973,1.0
"(4, 5, 6)",3,0,0.1,3162.2776601683795,8175.056894738781,27.122114576977054,0.9999999999999998
"(4, 5, 6)",3,0,0.1,5623.413251903491,9996.319433779594,26.906453904873306,1.0
"(4, 5, 6)",3,0,0.1,10000.0,12473.300238753836,26.74140807967908,1.0
"(4, 5, 6)",3,0,0.1,17782.794100389227,15809.672117891156,26.616354551089987,1.0
"(4, 5, 6)",3,0,0.1,31622.776601683792,20282.093415186828,26.52207132177381,1.0
"(4, 5, 6)",3,0,0.1,56234.13251903491,26262.75107327986,26.451166280328472,1.0
"(4, 5, 6)",3,0,0.1,100000.0,34250.04578262919,26.39791288471934,0.9999999999999998
"(4, 5, 6)",3,0,0.1,177827.94100389228,44909.97737518046,26.357944856652885,1.0
"(4, 5, 6)",3,0,0.1,316227.7660168379,59131.59414928706,26.32795919263183,1.0
"(4, 5, 6)",3,0,0.1,562341.3251903491,78101.08797597965,26.305467348098304,1.0
"(4, 5, 6)",3,0,0.1,1000000.0,103400.63628680036,26.2885983993635,1.0
"(4, 5, 6)",3,0,1,0.0,118.95491239291682,7.490647142610722,1.0
"(4, 5, 6)",3,0,1,0.0001,118.95491239415512,7.49063476154328,1.0
"(4, 5, 6)",3,0,1,0.00017782794100389227,118.95491239683193,7.490625125923897,1.0
"(4, 5, 6)",3,0,1,0.00031622776601683794,118.95491240529711,7.490607991770649,1.0
"(4, 5, 6)",3,0,1,0.0005623413251903491,118.9549124320643,7.490577524578195,1.0
"(4, 5, 6)",3,0,1,0.001,118.95491251669952,7.490523352098522,1.0
"(4, 5, 6)",3,0,1,0.0017782794100389228,118.95491278427927,7.490427039479419,1.0
"(4, 5, 6)",3,0,1,0.0031622776601683794,118.95491363010095,7.490255835696642,1.0
"(4, 5, 6)",3,0,1,0.005623413251903491,118.95491630291781,7.489951599120381,1.0
"(4, 5, 6)",3,0,1,0.01,118.95492474439723,7.489411249587897,1.0
"(4, 5, 6)",3,0,1,0.01778279410038923,118.95495137863381,7.488452464353282,1.0
"(4, 5, 6)",3,0,1,0.03162277660168379,118.95503526731248,7.486754108984288,1.0
"(4, 5, 6)",3,0,1,0.05623413251903491,118.95529867206184,7.483754760602153,1.0
"(4, 5, 6)",3,0,1,0.1,118.95612124619907,7.478485908710905,1.0
"(4, 5, 6)",3,0,1,0.1778279410038923,118.95866557764782,7.469316201746956,1.0
"(4, 5, 6)",3,0,1,0.31622776601683794,118.96640610087618,7.453613718017301,1.0
"(4, 5, 6)",3,0,1,0.5623413251903491,118.98929941933461,7.427455324803534,1.0
"(4, 5, 6)",3,0,1,1.0,119.0539296125598,7.38581762047237,1.0
"(4, 5, 6)",3,0,1,1.7782794100389228,119.22356936591298,7.3241092127780645,0.9999999999999998
"(4, 5, 6)",3,0,1,3.1622776601683795,119.62439238314785,7.241649932361488,1.0
"(4, 5, 6)",3,0,1,5.623413251903491,120.4516138102167,7.145280895044162,1.0
"(4, 5, 6)",3,0,1,10.0,121.91967829630566,7.048399859371922,0.9999999999999998
"(4, 5, 6)",3,0,1,17.78279410038923,124.17053659871003,6.964307538894909,1.0
"(4, 5, 6)",3,0,1,31.622776601683793,127.20632166117025,6.9001653901009625,1.0
"(4, 5, 6)",3,0,1,56.23413251903491,130.89455078746676,6.856150003760981,1.0
"(4, 5, 6)",3,0,1,100.0,135.0490244012548,6.828188712224264,1.0
"(4, 5, 6)",3,0,1,177.82794100389228,139.5306415426819,6.8112045050163905,0.9999999999999998
"(4, 5, 6)",3,0,1,316.22776601683796,144.30824489591095,6.801023903978375,1.0
"(4, 5, 6)",3,0,1,562.341325190349,149.47661482864842,6.7948381685373125,1.0
"(4, 5, 6)",3,0,1,1000.0,155.25512565990425,6.790956222028486,1.0
"(4, 5, 6)",3,0,1,1778.2794100389228,161.98581221175476,6.78841859330521,1.0
"(4, 5, 6)",3,0,1,3162.2776601683795,170.14116637786162,6.786692552821093,1.0
"(4, 5, 6)",3,0,1,5623.413251903491,180.34660659624114,6.785479560074369,1.0
"(4, 5, 6)",3,0,1,10000.0,193.4203405411539,6.784606542530656,1.0
"(4, 5, 6)",3,0,1,17782.794100389227,210.4333101739004,6.783968069488454,1.0
"(4, 5, 6)",3,0,1,31622.776601683792,232.79317445416714,6.783496364587434,1.0
"(4, 5, 6)",3,0,1,56234.13251903491,262.3584367713358,6.783145704240322,0.9999999999999998
"(4, 5, 6)",3,0,1,100000.0,301.59142087520445,6.782884066475818,1.0
"(4, 5, 6)",3,0,1,177827.94100389228,353.7624739062934,6.78268843104552,1.0
"(4, 5, 6)",3,0,1,316227.7660168379,423.2219582380651,6.782541966021024,1.0
"(4, 5, 6)",3,0,1,562341.3251903491,515.762429657336,6.7824322348083,1.0
"(4, 5, 6)",3,0,1,1000000.0,639.1008715929713,6.782349990970031,1.0
"(4, 5, 6)",3,0,3,0.0,89.41308366073892,8.233553956355335,1.0
"(4, 5, 6)",3,0,3,0.0001,89.41308366684996,8.233492845834428,1.0
"(4, 5, 6)",3,0,3,0.00017782794100389227,89.41308368006294,8.233445287323669,1.0
"(4, 5, 6)",3,0,3,0.00031622776601683794,89.4130837218434,8.233360720512962,1.0
"(4, 5, 6)",3,0,3,0.0005623413251903491,89.41308385394952,8.233210354516352,0.9999999999999998
"(4, 5, 6)",3,0,3,0.001,89.41308427161704,8.232943016839862,1.0
"(4, 5, 6)",3,0,3,0.0017782794100389228,89.41308559190153,8.232467789857655,1.0
"(4, 5, 6)",3,0,3,0.0031622776601683794,89.41308976421821,8.231623253655782,0.9999999999999998
"(4, 5, 6)",3,0,3,0.005623413251903491,89.4131029425797,8.23012316977313,1.0
"(4, 5, 6)",3,0,3,0.01,89.41314452834985,8.227461082969713,1.0
"(4, 5, 6)",3,0,3,0.01778279410038923,89.41327554208138,8.222744410886218,1.0
"(4, 5, 6)",3,0,3,0.03162277660168379,89.41368709786323,8.214411036372764,1.0
"(4, 5, 6)",3,0,3,0.05623413251903491,89.414973314823,8.199761095724543,1.0
"(4, 5, 6)",3,0,3,0.1,89.41895700962742,8.174232029626264,1.0
"(4, 5, 6)",3,0,3,0.1778279410038923,89.43110314595809,8.130421144251232,1.0
"(4, 5, 6)",3,0,3,0.31622776601683794,89.46715151174028,8.057188535439128,1.0
"(4, 5, 6)",3,0,3,0.5623413251903491,89.56942297533979,7.9400515540450565,1.0
"(4, 5, 6)",3,0,3,1.0,89.83933837252027,7.765493215063217,1.0
"(4, 5, 6)",3,0,3,1.7782794100389228,90.4784344270931,7.531673084162111,1.0
"(4, 5, 6)",3,0,3,3.1622776601683795,91.78344079859224,7.261059554574257,1.0
"(4, 5, 6)",3,0,3,5.623413251903491,94.0143889731606,6.998572443472685,1.0
"(4, 5, 6)",3,0,3,10.0,97.19112954664125,6.786589150262649,1.0
"(4, 5, 6)",3,0,3,17.78279410038923,101.04816495707047,6.640862001193518,1.0
"(4, 5, 6)",3,0,3,31.622776601683793,105.201025632421,6.552201184647615,1.0
"(4, 5, 6)",3,0,3,56.23413251903491,109.31335491481761,6.50266583248106,0.9999999999999998
"(4, 5, 6)",3,0,3,100.0,113.15094484546306,6.476607778313411,1.0
"(4, 5, 6)",3,0,3,177.82794100389228,116.57403616002244,6.46351198462819,1.0
"(4, 5, 6)",3,0,3,316.22776601683796,119.51886460517889,6.457166785469138,1.0
"(4, 5, 6)",3,0,3,562.341325190349,121.97898498175456,6.454182206363494,1.0
"(4, 5, 6)",3,0,3,1000.0,123.98651442128681,6.452811275772546,1.0
"(4, 5, 6)",3,0,3,1778.2794100389228,125.59512130434545,6.452193077434896,1.0
"(4, 5, 6)",3,0,3,3162.2776601683795,126.86681044487007,6.451918104997698,1.0
"(4, 5, 6)",3,0,3,5623.413251903491,127.86315715781494,6.451796917818883,1.0
"(4, 5, 6)",3,0,3,10000.0,128.6404315461408,6.451743749040204,1.0
"(4, 5, 6)",3,0,3,17782.794100389227,129.24755442010544,6.45172040006067,1.0
"(4, 5, 6)",3,0,3,31622.776601683792,129.72585179612565,6.4517100623340955,1.0
"(4, 5, 6)",3,0,3,56234.13251903491,130.1098196855301,6.451705400944778,1.0
"(4, 5, 6)",3,0,3,100000.0,130.42837526391287,6.451703230290118,0.9999999999999998
"(4, 5, 6)",3,0,3,177827.94100389228,130.70629724666725,6.451702168190306,1.0
"(4, 5, 6)",3,0,3,316227.7660168379,130.96572077698116,6.451701612450281,1.0
"(4, 5, 6)",3,0,3,562341.3251903491,131.22756097594754,6.4517012978360375,1.0
"(4, 5, 6)",3,0,3,1000000.0,131.51273373931744,6.451701104870718,1.0
"(4, 5, 6)",3,1,0.1,0.0,1259.3206184146975,9.732795443787337,1.0
"(4, 5, 6)",3,1,0.1,0.0001,1259.3206184147589,9.732794820920734,0.9999999999999999
"(4, 5, 6)",3,1,0.1,0.00017782794100389227,1259.3206184148937,9.732794336157887,1.0
"(4, 5, 6)",3,1,0.1,0.00031622776601683794,1259.3206184153196,9.732793474116828,1.0
"(4, 5, 6)",3,1,0.1,0.0005623413251903491,1259.3206184166659,9.732791941175432,1.0
"(4, 5, 6)",3,1,0.1,0.001,1259.3206184209241,9.73278921520415,0.9999999999999999
"(4, 5, 6)",3,1,0.1,0.0017782794100389228,1259.3206184343908,9.732784367750428,1.0000000000000002
"(4, 5, 6)",3,1,0.1,0.0031622776601683794,1259.3206184769758,9.732775747891882,1.0
"(4, 5, 6)",3,1,0.1,0.005623413251903491,1259.3206186116363,9.732760420224224,1.0
"(4, 5, 6)",3,1,0.1,0.01,1259.3206190374312,9.732733166033848,1.0
"(4, 5, 6)",3,1,0.1,0.01778279410038923,1259.3206203836808,9.732684708958224,1.0
"(4, 5, 6)",3,1,0.1,0.03162277660168379,1259.320624639546,9.732598565573866,1.0
"(4, 5, 6)",3,1,0.1,0.05623413251903491,1259.3206380901563,9.732445463361111,0.9999999999999999
"(4, 5, 6)",3,1,0.1,0.1,1259.3206805818406,9.732173472611914,1.0000000000000002
"(4, 5, 6)",3,1,0.1,0.1778279410038923,1259.320814711658,9.731690641681586,0.9999999999999999
"(4, 5, 6)",3,1,0.1,0.31622776601683794,1259.321237519784,9.730834692414673,1.0
"(4, 5, 6)",3,1,0.1,0.5623413251903491,1259.3225670389513,9.729320917808986,1.0
"(4, 5, 6)",3,1,0.1,1.0,1259.3267296747163,9.726655017475963,0.9999999999999999
"(4, 5, 6)",3,1,0.1,1.7782794100389228,1259.3396645961232,9.721994556134847,0.9999999999999999
"(4, 5, 6)",3,1,0.1,3.1622776601683795,1259.3793393362591,9.713949965702366,0.9999999999999998
"(4, 5, 6)",3,1,0.1,5.623413251903491,1259.4984033530595,9.700357113207712,1.0
"(4, 5, 6)",3,1,0.1,10.0,1259.8433744755816,9.678166629024279,1.0
"(4, 5, 6)",3,1,0.1,17.78279410038923,1260.791701734917,9.64376510591473,1.0
"(4, 5, 6)",3,1,0.1,31.622776601683793,1263.22350967968,9.593981324388498,1.0
"(4, 5, 6)",3,1,0.1,56.23413251903491,1269.0027065514557,9.52721621291883,1.0
"(4, 5, 6)",3,1,0.1,100.0,1281.8663792913383,9.443418197290224,0.9999999999999999
"(4, 5, 6)",3,1,0.1,177.82794100389228,1309.0298641009283,9.343665864516689,1.0
"(4, 5, 6)",3,1,0.1,316.22776601683796,1362.9768798978412,9.23188044716898,1.0
"(4, 5, 6)",3,1,0.1,562.341325190349,1461.5233256149677,9.116542184840828,1.0
"(4, 5, 6)",3,1,0.1,1000.0,1625.3670327005832,9.008222777356547,1.0
"(4, 5, 6)",3,1,0.1,1778.2794100389228,1875.5379757315754,8.914874982416594,1.0
"(4, 5, 6)",3,1,0.1,3162.2776601683795,2234.33908085329,8.839406621108061,1.0
"(4, 5, 6)",3,1,0.1,5623.413251903491,2730.152452158132,8.780686881677315,1.0
"(4, 5, 6)",3,1,0.1,10000.0,3402.6708748983865,8.73587108203494,1.0
"(4, 5, 6)",3,1,0.1,17782.794100389227,4306.985314377339,8.701973531627056,1.0
"(4, 5, 6)",3,1,0.1,31622.776601683792,5517.990945257568,8.676443339901477,1.0
"(4, 5, 6)",3,1,0.1,56234.13251903491,7136.416031542297,8.657255319655851,1.0
"(4, 5, 6)",3,1,0.1,100000.0,9297.10550557727,8.64284925773901,0.9999999999999999
"(4, 5, 6)",3,1,0.1,177827.94100389228,12180.20780831116,8.632039369545694,1.0
"(4, 5, 6)",3,1,0.1,316227.7660168379,16026.1690920089,8.62393030405888,1.0
"(4, 5, 6)",3,1,0.1,562341.3251903491,21155.76896724721,8.61784821383558,1.0000000000000002
"(4, 5, 6)",3,1,0.1,1000000.0,27996.847744528543,8.613286802158292,1.0
"(4, 5, 6)",3,1,1,0.0,65.38391355819927,3.28637861947915,0.9999999999999999
"(4, 5, 6)",3,1,1,0.0001,65.38391355874666,3.286373145257342,0.9999999999999999
"(4, 5, 6)",3,1,1,0.00017782794100389227,65.38391355993039,3.2863688849174326,1.0
"(4, 5, 6)",3,1,1,0.00031622776601683794,65.38391356367318,3.286361309132849,0.9999999999999999
"(4, 5, 6)",3,1,1,0.0005623413251903491,65.38391357550833,3.286347838188669,1.0
"(4, 5, 6)",3,1,1,0.001,65.38391361292969,3.2863238859871022,1.0
"(4, 5, 6)",3,1,1,0.0017782794100389228,65.38391373124,3.286281301451893,0.9999999999999998
"(4, 5, 6)",3,1,1,0.0031622776601683794,65.38391410522298,3.2862056032389453,1.0
"(4, 5, 6)",3,1,1,0.005623413251903491,65.38391528703497,3.286071082258396,0.9999999999999999
"(4, 5, 6)",3,1,1,0.01,65.38391901961624,3.2858321555672374,1.0
"(4, 5, 6)",3,1,1,0.01778279410038923,65.38393079707569,3.2854081891921694,1.0
"(4, 5, 6)",3,1,1,0.03162277660168379,65.38396789519614,3.2846571287336093,1.0
"(4, 5, 6)",3,1,1,0.05623413251903491,65.38408439883462,3.2833305323311985,1.0
"(4, 5, 6)",3,1,1,0.1,65.38444832585917,3.2809995019783917,1.0
"(4, 5, 6)",3,1,1,0.1778279410038923,65.38557459807146,3.2769405739654713,1.0
"(4, 5, 6)",3,1,1,0.31622776601683794,65.38900450746777,3.269983064407766,0.9999999999999998
"(4, 5, 6)",3,1,1,0.5623413251903491,65.39916937664157,3.2583699233307084,1.0
"(4, 5, 6)",3,1,1,1.0,65.42798577414692,3.239809952330116,0.9999999999999999
"(4, 5, 6)",3,1,1,1.7782794100389228,65.50428198284828,3.212071564712566,0.9999999999999999
"(4, 5, 6)",3,1,1,3.1622776601683795,65.68773901056882,3.174371166112151,1.0
"(4, 5, 6)",3,1,1,5.623413251903491,66.07874761504125,3.1289077846727507,1.0
"(4, 5, 6)",3,1,1,10.0,66.80890102071307,3.08086109775202,1.0
"(4, 5, 6)",3,1,1,17.78279410038923,68.00627205307241,3.0362839172881664,1.0
"(4, 5, 6)",3,1,1,31.622776601683793,69.74711209929866,2.9996359238683654,1.0
"(4, 5, 6)",3,1,1,56.23413251903491,72.01812804911296,2.9726185319986835,1.0
"(4, 5, 6)",3,1,1,100.0,74.71615351459158,2.954494636351142,1.0
"(4, 5, 6)",3,1,1,177.82794100389228,77.6892301665064,2.9432285447487665,1.0
"(4, 5, 6)",3,1,1,316.22776601683796,80.79297066321088,2.936601050327043,1.0
"(4, 5, 6)",3,1,1,562.341325190349,83.933696653997,2.9328261988222333,1.0
"(4, 5, 6)",3,1,1,1000.0,87.08882241844087,2.9306941692885697,1.0
"(4, 5, 6)",3,1,1,1778.2794100389228,90.309830514068,2.9294717660671052,1.0
"(4, 5, 6)",3,1,1,3162.2776601683795,93.71756535345577,2.928746003772351,1.0
"(4, 5, 6)",3,1,1,5623.413251903491,97.49803508591391,2.9282943187875468,1.0
"(4, 5, 6)",3,1,1,10000.0,101.90377658935046,2.9279989753446967,1.0
"(4, 5, 6)",3,1,1,17782.794100389227,107.26333382529744,2.9277973049045722,1.0
"(4, 5, 6)",3,1,1,31622.776601683792,114.00016555472992,2.9276549424874436,1.0000000000000002
"(4, 5, 6)",3,1,1,56234.13251903491,122.66217107679844,2.927552098947738,1.0
"(4, 5, 6)",3,1,1,100000.0,133.9636377232178,2.927476684528205,1.0
"(4, 5, 6)",3,1,1,177827.94100389228,148.84246152520242,2.9274208703353652,1.0
"(4, 5, 6)",3,1,1,316227.7660168379,168.5369331452811,2.9273793330726803,0.9999999999999998
"(4, 5, 6)",3,1,1,562341.3251903491,194.68810412100189,2.9273483202478516,1.0000000000000002
"(4, 5, 6)",3,1,1,1000000.0,229.47594725074535,2.9273251216319345,1.0
"(4, 5, 6)",3,1,3,0.0,59.19212959627757,3.34797785113264,1.0000000000000002
"(4, 5, 6)",3,1,3,0.0001,59.19212959774477,3.347963178731652,1.0
"(4, 5, 6)",3,1,3,0.00017782794100389227,59.19212960091719,3.3479517600802136,1.0
"(4, 5, 6)",3,1,3,0.00031622776601683794,59.19212961094855,3.3479314557730735,1.0
"(4, 5, 6)",3,1,3,0.0005623413251903491,59.19212964266722,3.3478953529801956,1.0
"(4, 5, 6)",3,1,3,0.001,59.19212974295027,3.347831164578597,1.0
"(4, 5, 6)",3,1,3,0.0017782794100389228,59.19213005996084,3.3477170590252476,1.0000000000000002
"(4, 5, 6)",3,1,3,0.0031622776601683794,59.192131061805874,3.347514271845399,1.0
"(4, 5, 6)",3,1,3,0.005623413251903491,59.192134226376524,3.3471540523878613,1.0
"(4, 5, 6)",3,1,3,0.01,59.192144213761104,3.3465147208919537,0.9999999999999999
"(4, 5, 6)",3,1,3,0.01778279410038923,59.192175685385635,3.3453817142155384,0.9999999999999999
"(4, 5, 6)",3,1,3,0.03162277660168379,59.19227458632862,3.3433791670748976,1.0000000000000002
"(4, 5, 6)",3,1,3,0.05623413251903491,59.19258389117993,3.339856344081498,1.0000000000000002
"(4, 5, 6)",3,1,3,0.1,59.193543053477796,3.333710099652913,1.0
"(4, 5, 6)",3,1,3,0.1778279410038923,59.19647387271932,3.3231400341180257,1.0
"(4, 5, 6)",3,1,3,0.31622776601683794,59.20520570398949,3.3054052286658497,0.9999999999999998
"(4, 5, 6)",3,1,3,0.5623413251903491,59.230146581381106,3.2768504867309587,1.0
"(4, 5, 6)",3,1,3,1.0,59.296756204206694,3.233803382379979,1.0
"(4, 5, 6)",3,1,3,1.7782794100389228,59.457781285101845,3.174964090213191,1.0
"(4, 5, 6)",3,1,3,3.1622776601683795,59.79874506753348,3.1044157207594414,1.0
"(4, 5, 6)",3,1,3,5.623413251903491,60.419342812829804,3.0316749730490122,1.0
"(4, 5, 6)",3,1,3,10.0,61.39854584917582,2.9667253356681975,1.0
"(4, 5, 6)",3,1,3,17.78279410038923,62.77917539091463,2.9149883989994345,1.0
"(4, 5, 6)",3,1,3,31.622776601683793,64.56745690763978,2.877164553573,1.0
"(4, 5, 6)",3,1,3,56.23413251903491,66.71700371995098,2.8515067312773237,1.0
"(4, 5, 6)",3,1,3,100.0,69.11677842526488,2.8353417982804574,1.0
"(4, 5, 6)",3,1,3,177.82794100389228,71.61204143646471,2.825858908895817,1.0
"(4, 5, 6)",3,1,3,316.22776601683796,74.04579436272749,2.820642906737766,1.0
"(4, 5, 6)",3,1,3,562.341325190349,76.29338907924914,2.817927650925317,1.0
"(4, 5, 6)",3,1,3,1000.0,78.27769030520899,2.8165770203497247,1.0
"(4, 5, 6)",3,1,3,1778.2794100389228,79.96724427149535,2.8159293342759995,1.0
"(4, 5, 6)",3,1,3,3162.2776601683795,81.3653958639824,2.8156275739060823,1.0
"(4, 5, 6)",3,1,3,5623.413251903491,82.49732895377079,2.815490069121539,0.9999999999999999
"(4, 5, 6)",3,1,3,10000.0,83.39900753574307,2.8154284341370763,1.0
"(4, 5, 6)",3,1,3,17782.794100389227,84.10938920267795,2.8154011165518433,1.0
"(4, 5, 6)",3,1,3,31622.776601683792,84.66576351044407,2.81538908325498,1.0
"(4, 5, 6)",3,1,3,56234.13251903491,85.10146707193277,2.8153837848282226,1.0
"(4, 5, 6)",3,1,3,100000.0,85.44516872922105,2.8153814357009255,0.9999999999999999
"(4, 5, 6)",3,1,3,177827.94100389228,85.7210783619056,2.8153803763720213,1.0000000000000002
"(4, 5, 6)",3,1,3,316227.7660168379,85.94962767610679,2.8153798837656088,1.0
"(4, 5, 6)",3,1,3,562341.3251903491,86.14835961943393,2.8153796433672276,1.0
"(4, 5, 6)",3,1,3,1000000.0,86.33291557040529,2.8153795180880676,1.0
"(4, 5, 7)",3,-1,0.1,0.0,7182.6565986554115,54.971431420598236,0.9999999999999999
"(4, 5, 7)",3,-1,0.1,0.0001,7182.656598656021,54.97142528523544,1.0
"(4, 5, 7)",3,-1,0.1,0.00017782794100389227,7182.65659865735,54.97142051022083,0.9999999999999999
"(4, 5, 7)",3,-1,0.1,0.00031622776601683794,7182.656598661541,54.971412018934245,0.9999999999999999
"(4, 5, 7)",3,-1,0.1,0.0005623413251903491,7182.656598674802,54.9713969191273,0.9999999999999999
"(4, 5, 7)",3,-1,0.1,0.001,7182.656598716748,54.97137006768273,0.9999999999999999
"(4, 5, 7)",3,-1,0.1,0.0017782794100389228,7182.656598849394,54.971322319043416,1.0
"(4, 5, 7)",3,-1,0.1,0.0031622776601683794,7182.65659926886,54.97123741093602,0.9999999999999998
"(4, 5, 7)",3,-1,0.1,0.005623413251903491,7182.6566005953055,54.97108642791692,0.9999999999999998
"(4, 5, 7)",3,-1,0.1,0.01,7182.656604789579,54.970817961067844,0.9999999999999999
"(4, 5, 7)",3,-1,0.1,0.01778279410038923,7182.6566180510545,54.970340625173385,1.0
"(4, 5, 7)",3,-1,0.1,0.03162277660168379,7182.656659975975,54.969492019892805,0.9999999999999999
"(4, 5, 7)",3,-1,0.1,0.05623413251903491,7182.656792488618,54.96798369357379,0.9999999999999999
"(4, 5, 7)",3,-1,0.1,0.1,7182.657211160821,54.96530377671179,0.9999999999999999
"(4, 5, 7)",3,-1,0.1,0.1778279410038923,7182.65853304281,54.96054542111054,1.0
"(4, 5, 7)",3,-1,0.1,0.31622776601683794,7182.662701569224,54.95210668627711,1.0
"(4, 5, 7)",3,-1,0.1,0.5623413251903491,7182.675818642302,54.93717234721237,1.0
"(4, 5, 7)",3,-1,0.1,1.0,7182.716937576643,54.91084017799882,1.0
"(4, 5, 7)",3,-1,0.1,1.7782794100389228,7182.844980988255,54.86471167591177,0.9999999999999999
"(4, 5, 7)",3,-1,0.1,3.1622776601683795,7183.239137352828,54.78480754940287,1.0000000000000002
"(4, 5, 7)",3,-1,0.1,5.623413251903491,7184.428970844997,54.649015949392954,0.9999999999999998
"(4, 5, 7)",3,-1,0.1,10.0,7187.907367914652,54.42537478654911,0.9999999999999999
"(4, 5, 7)",3,-1,0.1,17.78279410038923,7197.584453189233,54.07454022133841,1.0000000000000002
"(4, 5, 7)",3,-1,0.1,31.622776601683793,7222.695198613481,53.56071845797336,1.0000000000000002
"(4, 5, 7)",3,-1,0.1,56.23413251903491,7282.561443874546,52.86897336765578,1.0
"(4, 5, 7)",3,-1,0.1,100.0,7413.545040477018,52.01453860094406,0.9999999999999999
"(4, 5, 7)",3,-1,0.1,177.82794100389228,7678.879826748968,51.03778454898503,1.0
"(4, 5, 7)",3,-1,0.1,316.22776601683796,8176.728369346592,50.003197399985545,1.0
"(4, 5, 7)",3,-1,0.1,562.341325190349,9032.72987647303,48.99845493711935,1.0
"(4, 5, 7)",3,-1,0.1,1000.0,10378.205507075476,48.106722280303316,0.9999999999999998
"(4, 5, 7)",3,-1,0.1,1778.2794100389228,12344.185301015525,47.37186541887846,1.0
"(4, 5, 7)",3,-1,0.1,3162.2776601683795,15088.092515638975,46.79418446500273,1.0
"(4, 5, 7)",3,-1,0.1,5623.413251903491,18829.373195461554,46.35091554261364,1.0
"(4, 5, 7)",3,-1,0.1,10000.0,23874.89480551136,46.01462954138342,0.9999999999999998
"(4, 5, 7)",3,-1,0.1,17782.794100389227,30643.04474836258,45.7609116594073,0.9999999999999999
"(4, 5, 7)",3,-1,0.1,31622.776601683792,39697.110220705516,45.57002932908981,1.0
"(4, 5, 7)",3,-1,0.1,56234.13251903491,51791.65002835815,45.42663452875759,0.9999999999999998
"(4, 5, 7)",3,-1,0.1,100000.0,67935.15533024368,45.318999413279066,1.0
"(4, 5, 7)",3,-1,0.1,177827.94100389228,89474.02690647074,45.23824132250132,0.9999999999999998
"(4, 5, 7)",3,-1,0.1,316227.7660168379,118204.79815422134,45.1776633211421,1.0
"(4, 5, 7)",3,-1,0.1,562341.3251903491,156523.90314135276,45.13222869009338,1.0
"(4, 5, 7)",3,-1,0.1,1000000.0,207627.36929528002,45.09815425643729,1.0
"(4, 5, 7)",3,-1,1,0.0,108.16341254069152,7.210947492365173,1.0
"(4, 5, 7)",3,-1,1,0.0001,108.1634125417975,7.2109364328786265,0.9999999999999999
"(4, 5, 7)",3,-1,1,0.00017782794100389227,108.16341254418882,7.210927825812309,0.9999999999999999
"(4, 5, 7)",3,-1,1,0.00031622776601683794,108.16341255175024,7.21091252070022,0.9999999999999999
"(4, 5, 7)",3,-1,1,0.0005623413251903491,108.16341257566009,7.210885306011155,1.0
"(4, 5, 7)",3,-1,1,0.001,108.16341265125902,7.210836917255764,1.0
"(4, 5, 7)",3,-1,1,0.0017782794100389228,108.16341289026525,7.210750889285706,1.0
"(4, 5, 7)",3,-1,1,0.0031622776601683794,108.16341364573634,7.21059797312617,0.9999999999999999
"(4, 5, 7)",3,-1,1,0.005623413251903491,108.16341603287789,7.210326252760515,1.0
"(4, 5, 7)",3,-1,1,0.01,108.16342357119146,7.209843712537574,1.0
"(4, 5, 7)",3,-1,1,0.01778279410038923,108.16344735059563,7.2089876852844,1.0
"(4, 5, 7)",3,-1,1,0.03162277660168379,108.16352221845203,7.207471925271191,0.9999999999999999
"(4, 5, 7)",3,-1,1,0.05623413251903491,108.16375713628507,7.204796845321931,1.0000000000000002
"(4, 5, 7)",3,-1,1,0.1,108.16448985195122,7.2001032305631965,1.0
"(4, 5, 7)",3,-1,1,0.1778279410038923,108.16675132320505,7.1919519115672745,1.0
"(4, 5, 7)",3,-1,1,0.31622776601683794,108.17360494341398,7.178045484757366,1.0
"(4, 5, 7)",3,-1,1,0.5623413251903491,108.19373859915781,7.155031228527473,1.0
"(4, 5, 7)",3,-1,1,1.0,108.24991113649021,7.1188172359470085,1.0
"(4, 5, 7)",3,-1,1,1.7782794100389228,108.39439152591328,7.066198107776416,1.0
"(4, 5, 7)",3,-1,1,3.1622776601683795,108.7244204055966,6.998168459810923,1.0000000000000002
"(4, 5, 7)",3,-1,1,5.623413251903491,109.37025846365272,6.922700568143083,0.9999999999999999
"(4, 5, 7)",3,-1,1,10.0,110.43326734549963,6.8522628877793705,0.9999999999999998
"(4, 5, 7)",3,-1,1,17.78279410038923,111.92326932407883,6.7963510772909865,1.0
"(4, 5, 7)",3,-1,1,31.622776601683793,113.7742967801537,6.757108779666706,1.0
"(4, 5, 7)",3,-1,1,56.23413251903491,115.91664356404532,6.731509881889103,0.9999999999999999
"(4, 5, 7)",3,-1,1,100.0,118.33097112988449,6.715280202213398,1.0
"(4, 5, 7)",3,-1,1,177.82794100389228,121.06576609217811,6.7049502569049375,0.9999999999999999
"(4, 5, 7)",3,-1,1,316.22776601683796,124.2375841034542,6.698222322569559,1.0000000000000002
"(4, 5, 7)",3,-1,1,562.341325190349,128.03162961786194,6.69370357903871,1.0
"(4, 5, 7)",3,-1,1,1000.0,132.7095269030815,6.6905747933425195,1.0
"(4, 5, 7)",3,-1,1,1778.2794100389228,138.62504908896693,6.688352225541886,1.0
"(4, 5, 7)",3,-1,1,3162.2776601683795,146.2484216861244,6.686742770125669,1.0
"(4, 5, 7)",3,-1,1,5623.413251903491,156.201266125887,6.685561743263697,0.9999999999999998
"(4, 5, 7)",3,-1,1,10000.0,169.30524866737454,6.684687610468678,1.0
"(4, 5, 7)",3,-1,1,17782.794100389227,186.64841657293957,6.684037154025481,1.0
"(4, 5, 7)",3,-1,1,31622.776601683792,209.67454400014236,6.683551574149059,1.0
"(4, 5, 7)",3,-1,1,56234.13251903491,240.30267675527853,6.683188386245635,0.9999999999999999
"(4, 5, 7)",3,-1,1,100000.0,281.0866808358534,6.6829164390287925,1.0
"(4, 5, 7)",3,-1,1,177827.94100389228,335.4279122085025,6.682712680205869,0.9999999999999998
"(4, 5, 7)",3,-1,1,316227.7660168379,407.8587111700565,6.682559956017904,1.0
"(4, 5, 7)",3,-1,1,562341.3251903491,504.42005945548675,6.682445459878132,1.0
"(4, 5, 7)",3,-1,1,1000000.0,633.1647813964198,6.682359612602273,0.9999999999999999
"(4, 5, 7)",3,-1,3,0.0,80.67848109847564,7.958303878304231,1.0
"(4, 5, 7)",3,-1,3,0.0001,80.67848110430891,7.9582455458869825,0.9999999999999999
"(4, 5, 7)",3,-1,3,0.00017782794100389227,80.67848111692126,7.958200149478147,1.0
"(4, 5, 7)",3,-1,3,0.00031622776601683794,80.6784811568023,7.958119427405103,1.0
"(4, 5, 7)",3,-1,3,0.0005623413251903491,80.67848128290159,7.957975898161257,1.0
"(4, 5, 7)",3,-1,3,0.001,80.67848168157624,7.957720717303385,0.9999999999999998
"(4, 5, 7)",3,-1,3,0.0017782794100389228,80.67848294180705,7.957267105890722,1.0
"(4, 5, 7)",3,-1,3,0.0031622776601683794,80.67848692426013,7.956460999825971,1.0
"(4, 5, 7)",3,-1,3,0.005623413251903491,80.6784995024589,7.955029228932524,1.0
"(4, 5, 7)",3,-1,3,0.01,80.67853919169451,7.952488537718393,1.0
"(4, 5, 7)",3,-1,3,0.01778279410038923,80.67866421564446,7.947987474804228,0.9999999999999998
"(4, 5, 7)",3,-1,3,0.03162277660168379,80.67905687288226,7.940036669416465,0.9999999999999999
"(4, 5, 7)",3,-1,3,0.05623413251903491,80.68028356943124,7.926064359572776,1.0000000000000002
"(4, 5, 7)",3,-1,3,0.1,80.68408041698525,7.901731751071677,1.0
"(4, 5, 7)",3,-1,3,0.1778279410038923,80.6956435035497,7.860021112015902,1.0
"(4, 5, 7)",3,-1,3,0.31622776601683794,80.72989260315131,7.790435598260323,1.0
"(4, 5, 7)",3,-1,3,0.5623413251903491,80.82672514793036,7.679505836959608,1.0
"(4, 5, 7)",3,-1,3,1.0,81.08080305647607,7.515133943327644,0.9999999999999999
"(4, 5, 7)",3,-1,3,1.7782794100389228,81.67659365440018,7.297032874855288,1.0
"(4, 5, 7)",3,-1,3,3.1622776601683795,82.8736896799713,7.048555886765489,0.9999999999999999
"(4, 5, 7)",3,-1,3,5.623413251903491,84.86532763567352,6.8138381222321085,1.0
"(4, 5, 7)",3,-1,3,10.0,87.57556365822823,6.632490039661507,1.0
"(4, 5, 7)",3,-1,3,17.78279410038923,90.64037806196173,6.516219822895962,1.0000000000000002
"(4, 5, 7)",3,-1,3,31.622776601683793,93.63068762971736,6.452041076153523,1.0
"(4, 5, 7)",3,-1,3,56.23413251903491,96.26574963667139,6.420117211565403,1.0
"(4, 5, 7)",3,-1,3,100.0,98.45116511874872,6.405197682439102,1.0
"(4, 5, 7)",3,-1,3,177.82794100389228,100.20754082721473,6.39844811300678,1.0
"(4, 5, 7)",3,-1,3,316.22776601683796,101.59731144652771,6.395443217352478,1.0
"(4, 5, 7)",3,-1,3,562.341325190349,102.6870537146424,6.394117758165549,1.0
"(4, 5, 7)",3,-1,3,1000.0,103.53560323345506,6.393537192099469,1.0
"(4, 5, 7)",3,-1,3,1778.2794100389228,104.19244399440153,6.393284411147615,1.0
"(4, 5, 7)",3,-1,3,3162.2776601683795,104.69856349653179,6.393174860844617,1.0
"(4, 5, 7)",3,-1,3,5623.413251903491,105.08754358530452,6.393127511358844,0.9999999999999999
"(4, 5, 7)",3,-1,3,10000.0,105.38659157320524,6.393107042851929,0.9999999999999998
"(4, 5, 7)",3,-1,3,17782.794100389227,105.61754665963514,6.393098156367492,0.9999999999999999
"(4, 5, 7)",3,-1,3,31622.776601683792,105.79786202367164,6.3930942575072045,1.0
"(4, 5, 7)",3,-1,3,56234.13251903491,105.94153201604347,6.393092512622193,1.0
"(4, 5, 7)",3,-1,3,100000.0,106.05993723010981,6.393091705421078,1.0
"(4, 5, 7)",3,-1,3,177827.94100389228,106.16259982915889,6.393091312806286,1.0
"(4, 5, 7)",3,-1,3,316227.7660168379,106.25785143485746,6.3930911084600845,1.0
"(4, 5, 7)",3,-1,3,562341.3251903491,106.35343787470394,6.393090993323985,0.9999999999999999
"(4, 5, 7)",3,-1,3,1000000.0,106.45664053762907,6.393090922720623,1.0
"(4, 5, 7)",3,0,0.1,0.0,4482.3621374101685,31.50934296079822,0.9999999999999998
"(4, 5, 7)",3,0,0.1,0.0001,4482.3621374107,31.50933769499117,1.0
"(4, 5, 7)",3,0,0.1,0.00017782794100389227,4482.362137411835,31.509333596735065,1.0
"(4, 5, 7)",3,0,0.1,0.00031622776601683794,4482.362137415436,31.50932630891724,1.0
"(4, 5, 7)",3,0,0.1,0.0005623413251903491,4482.36213742682,31.50931334922473,0.9999999999999998
"(4, 5, 7)",3,0,0.1,0.001,4482.362137462825,31.509290303535654,1.0
"(4, 5, 7)",3,0,0.1,0.0017782794100389228,4482.362137576678,31.509249322699752,1.0
"(4, 5, 7)",3,0,0.1,0.0031622776601683794,4482.362137936698,31.509176449975865,1.0000000000000004
"(4, 5, 7)",3,0,0.1,0.005623413251903491,4482.362139075126,31.509046870299734,1.0
"(4, 5, 7)",3,0,0.1,0.01,4482.362142674748,31.508816467952197,1.0
"(4, 5, 7)",3,0,0.1,0.01778279410038923,4482.362154055394,31.508406832052803,0.9999999999999998
"(4, 5, 7)",3,0,0.1,0.03162277660168379,4482.362190030776,31.5076786500137,1.0
"(4, 5, 7)",3,0,0.1,0.05623413251903491,4482.3623037195475,31.506384576394428,0.9999999999999998
"(4, 5, 7)",3,0,0.1,0.1,4482.362662811214,31.50408599674539,1.0
"(4, 5, 7)",3,0,0.1,0.1778279410038923,4482.363795980758,31.500006823308052,1.0
"(4, 5, 7)",3,0,0.1,0.31622776601683794,4482.367366062475,31.4927791840842,0.9999999999999998
"(4, 5, 7)",3,0,0.1,0.5623413251903491,4482.378581357447,31.4800088657951,1.0
"(4, 5, 7)",3,0,0.1,1.0,4482.413635191183,31.457556876645324,1.0
"(4, 5, 7)",3,0,0.1,1.7782794100389228,4482.522224113779,31.41842509562893,0.9999999999999998
"(4, 5, 7)",3,0,0.1,3.1622776601683795,4482.853433706778,31.35124565799864,1.0
"(4, 5, 7)",3,0,0.1,5.623413251903491,4483.837279682678,31.238857269828994,1.0
"(4, 5, 7)",3,0,0.1,10.0,4486.63449076942,31.05872060890695,1.0
"(4, 5, 7)",3,0,0.1,17.78279410038923,4494.058651021014,30.78882846164021,1.0
"(4, 5, 7)",3,0,0.1,31.622776601683793,4511.910145781111,30.421954140234718,1.0
"(4, 5, 7)",3,0,0.1,56.23413251903491,4549.907133700979,29.980166714819592,1.0
"(4, 5, 7)",3,0,0.1,100.0,4621.909131826274,29.50710317807047,1.0
"(4, 5, 7)",3,0,0.1,177.82794100389228,4749.108404552053,29.03620201995547,1.0
"(4, 5, 7)",3,0,0.1,316.22776601683796,4969.296920932791,28.577603611640512,1.0
"(4, 5, 7)",3,0,0.1,562.341325190349,5343.088151108306,28.139120797997837,1.0
"(4, 5, 7)",3,0,0.1,1000.0,5946.779569336995,27.739706861160546,1.0
"(4, 5, 7)",3,0,0.1,1778.2794100389228,6861.508638174733,27.39835808417698,1.0
"(4, 5, 7)",3,0,0.1,3162.2776601683795,8175.0568947387765,27.12211457697704,1.0
"(4, 5, 7)",3,0,0.1,5623.413251903491,9996.319433779587,26.90645390487331,1.0
"(4, 5, 7)",3,0,0.1,10000.0,12473.300238753833,26.74140807967908,0.9999999999999998
"(4, 5, 7)",3,0,0.1,17782.794100389227,15809.672117043696,26.61635455111384,1.0
"(4, 5, 7)",3,0,0.1,31622.776601683792,20282.093415119165,26.522071321774877,0.9999999999999998
"(4, 5, 7)",3,0,0.1,56234.13251903491,26262.751072817693,26.4511662803325,1.0
"(4, 5, 7)",3,0,0.1,100000.0,34250.045784741524,26.397912884708774,1.0
"(4, 5, 7)",3,0,0.1,177827.94100389228,44909.97736977725,26.357944856668077,1.0
"(4, 5, 7)",3,0,0.1,316227.7660168379,59131.59414716179,26.327959192636122,1.0
"(4, 5, 7)",3,0,0.1,562341.3251903491,78101.08797373482,26.305467348100315,1.0
"(4, 5, 7)",3,0,0.1,1000000.0,103400.63628965596,26.28859839935948,1.0
"(4, 5, 7)",3,0,1,0.0,118.9549123929168,7.490647142610719,1.0
"(4, 5, 7)",3,0,1,0.0001,118.95491239415479,7.490634761543272,1.0
"(4, 5, 7)",3,0,1,0.00017782794100389227,118.95491239683182,7.4906251259238905,0.9999999999999998
"(4, 5, 7)",3,0,1,0.00031622776601683794,118.95491240529704,7.49060799177065,1.0
"(4, 5, 7)",3,0,1,0.0005623413251903491,118.95491243206429,7.490577524578197,1.0
"(4, 5, 7)",3,0,1,0.001,118.95491251669955,7.490523352098532,1.0
"(4, 5, 7)",3,0,1,0.0017782794100389228,118.95491278427927,7.490427039479419,1.0
"(4, 5, 7)",3,0,1,0.0031622776601683794,118.95491363010093,7.490255835696638,1.0
"(4, 5, 7)",3,0,1,0.005623413251903491,118.9549163029178,7.489951599120383,1.0
"(4, 5, 7)",3,0,1,0.01,118.95492474439718,7.489411249587899,1.0
"(4, 5, 7)",3,0,1,0.01778279410038923,118.95495137863404,7.488452464353287,1.0
"(4, 5, 7)",3,0,1,0.03162277660168379,118.95503526731258,7.4867541089842975,1.0
"(4, 5, 7)",3,0,1,0.05623413251903491,118.95529867206187,7.483754760602158,1.0
"(4, 5, 7)",3,0,1,0.1,118.95612124619905,7.478485908710893,1.0
"(4, 5, 7)",3,0,1,0.1778279410038923,118.95866557764775,7.469316201746945,1.0
"(4, 5, 7)",3,0,1,0.31622776601683794,118.96640610087603,7.4536137180172926,1.0
"(4, 5, 7)",3,0,1,0.5623413251903491,118.98929941933466,7.427455324803533,1.0
"(4, 5, 7)",3,0,1,1.0,119.05392961255974,7.385817620472362,1.0
"(4, 5, 7)",3,0,1,1.7782794100389228,119.2235693659131,7.3241092127780725,1.0
"(4, 5, 7)",3,0,1,3.1622776601683795,119.62439238314789,7.241649932361479,1.0
"(4, 5, 7)",3,0,1,5.623413251903491,120.4516138102166,7.1452808950441575,1.0
"(4, 5, 7)",3,0,1,10.0,121.91967829630565,7.048399859371914,1.0
"(4, 5, 7)",3,0,1,17.78279410038923,124.1705365987101,6.9643075388949125,1.0
"(4, 5, 7)",3,0,1,31.622776601683793,127.20632166117035,6.900165390100968,1.0
"(4, 5, 7)",3,0,1,56.23413251903491,130.89455078746673,6.856150003760984,1.0
"(4, 5, 7)",3,0,1,100.0,135.04902440125468,6.828188712224261,0.9999999999999998
"(4, 5, 7)",3,0,1,177.82794100389228,139.53064154268208,6.811204505016403,1.0
"(4, 5, 7)",3,0,1,316.22776601683796,144.3082448959109,6.801023903978366,1.0
"(4, 5, 7)",3,0,1,562.341325190349,149.4766148286486,6.794838168537326,1.0
"(4, 5, 7)",3,0,1,1000.0,155.25512566198088,6.790956222027459,1.0
"(4, 5, 7)",3,0,1,1778.2794100389228,161.9858123189467,6.788418593275058,1.0
"(4, 5, 7)",3,0,1,3162.2776601683795,170.1411663752999,6.786692552821483,1.0
"(4, 5, 7)",3,0,1,5623.413251903491,180.34660672018825,6.78547956006335,1.0
"(4, 5, 7)",3,0,1,10000.0,193.42034041077395,6.784606542537249,1.0
"(4, 5, 7)",3,0,1,17782.794100389227,210.43331020325743,6.7839680694876945,1.0
"(4, 5, 7)",3,0,1,31622.776601683792,232.79317445208991,6.783496364587469,1.0
"(4, 5, 7)",3,0,1,56234.13251903491,262.35843677203223,6.783145704240335,1.0
"(4, 5, 7)",3,0,1,100000.0,301.5914190605195,6.782884066483195,1.0
"(4, 5, 7)",3,0,1,177827.94100389228,353.7624823493555,6.782688431080132,1.0
"(4, 5, 7)",3,0,1,316227.7660168379,423.2219624925582,6.782541965998902,1.0
"(4, 5, 7)",3,0,1,562341.3251903491,515.762431516556,6.782432234820163,0.9999999999999998
"(4, 5, 7)",3,0,1,1000000.0,639.1008975976558,6.782349990950898,0.9999999999999998
"(4, 5, 7)",3,0,3,0.0,89.41308366073893,8.233553956355333,1.0
"(4, 5, 7)",3,0,3,0.0001,89.41308366684987,8.233492845834428,1.0
"(4, 5, 7)",3,0,3,0.00017782794100389227,89.41308368006295,8.233445287323658,1.0
"(4, 5, 7)",3,0,3,0.00031622776601683794,89.41308372184345,8.233360720512966,1.0
"(4, 5, 7)",3,0,3,0.0005623413251903491,89.41308385394956,8.233210354516352,1.0
"(4, 5, 7)",3,0,3,0.001,89.41308427161698,8.232943016839865,1.0
"(4, 5, 7)",3,0,3,0.0017782794100389228,89.41308559190146,8.232467789857646,1.0
"(4, 5, 7)",3,0,3,0.0031622776601683794,89.41308976421813,8.231623253655773,1.0
"(4, 5, 7)",3,0,3,0.005623413251903491,89.41310294257968,8.230123169773137,1.0
"(4, 5, 7)",3,0,3,0.01,89.41314452834972,8.227461082969702,1.0
"(4, 5, 7)",3,0,3,0.01778279410038923,89.41327554208138,8.222744410886218,1.0
"(4, 5, 7)",3,0,3,0.03162277660168379,89.41368709786323,8.214411036372763,1.0
"(4, 5, 7)",3,0,3,0.05623413251903491,89.41497331482321,8.199761095724558,1.0
"(4, 5, 7)",3,0,3,0.1,89.41895700962745,8.174232029626262,1.0
"(4, 5, 7)",3,0,3,0.1778279410038923,89.4311031459581,8.130421144251233,1.0
"(4, 5, 7)",3,0,3,0.31622776601683794,89.46715151174024,8.057188535439122,0.9999999999999998
"(4, 5, 7)",3,0,3,0.5623413251903491,89.56942297533983,7.940051554045057,1.0
"(4, 5, 7)",3,0,3,1.0,89.83933837252027,7.765493215063225,1.0
"(4, 5, 7)",3,0,3,1.7782794100389228,90.47843442709305,7.531673084162109,1.0
"(4, 5, 7)",3,0,3,3.1622776601683795,91.78344079859221,7.261059554574255,1.0
"(4, 5, 7)",3,0,3,5.623413251903491,94.01438897316065,6.998572443472684,1.0
"(4, 5, 7)",3,0,3,10.0,97.1911295466412,6.786589150262637,1.0
"(4, 5, 7)",3,0,3,17.78279410038923,101.04816495707057,6.640862001193528,1.0
"(4, 5, 7)",3,0,3,31.622776601683793,105.20102563242091,6.552201184647611,1.0
"(4, 5, 7)",3,0,3,56.23413251903491,109.31335491481849,6.502665832481064,1.0
"(4, 5, 7)",3,0,3,100.0,113.15094484545887,6.47660777831344,1.0
"(4, 5, 7)",3,0,3,177.82794100389228,116.57403615998965,6.46351198462828,1.0
"(4, 5, 7)",3,0,3,316.22776601683796,119.51886460510289,6.457166785469266,1.0
"(4, 5, 7)",3,0,3,562.341325190349,121.97898498207329,6.454182206363207,1.0
"(4, 5, 7)",3,0,3,1000.0,123.98651442296695,6.452811275771721,1.0
"(4, 5, 7)",3,0,3,1778.2794100389228,125.59512129205972,6.452193077438392,1.0
"(4, 5, 7)",3,0,3,3162.2776601683795,126.86681044097028,6.451918104998309,1.0
"(4, 5, 7)",3,0,3,5623.413251903491,127.86315716124103,6.451796917818418,1.0
"(4, 5, 7)",3,0,3,10000.0,128.64043152431094,6.451743749040762,1.0
"(4, 5, 7)",3,0,3,17782.794100389227,129.2475544203323,6.451720400060637,1.0
"(4, 5, 7)",3,0,3,31622.776601683792,129.72585179547622,6.451710062334072,1.0
"(4, 5, 7)",3,0,3,56234.13251903491,130.10982044352556,6.451705400953362,0.9999999999999998
"(4, 5, 7)",3,0,3,100000.0,130.42837455995584,6.4517032303118445,1.0
"(4, 5, 7)",3,0,3,177827.94100389228,130.7063024047974,6.4517021682367695,1.0
"(4, 5, 7)",3,0,3,316227.7660168379,130.96572414635227,6.451701612477173,1.0
"(4, 5, 7)",3,0,3,562341.3251903491,131.22756056751473,6.451701297786477,1.0
"(4, 5, 7)",3,0,3,1000000.0,131.5129126476085,6.451701105096764,1.0
"(4, 5, 7)",3,1,0.1,0.0,2341.3367763675255,15.287009006688683,1.0
"(4, 5, 7)",3,1,0.1,0.0001,2341.3367763678098,15.287006183132402,1.0
"(4, 5, 7)",3,1,0.1,0.00017782794100389227,2341.3367763684173,15.287003985624418,1.0
"(4, 5, 7)",3,1,0.1,0.00031622776601683794,2341.3367763703473,15.287000077856897,1.0
"(4, 5, 7)",3,1,0.1,0.0005623413251903491,2341.3367763764504,15.28699312880396,0.9999999999999999
"(4, 5, 7)",3,1,0.1,0.001,2341.3367763957544,15.286980771603021,1.0
"(4, 5, 7)",3,1,0.1,0.0017782794100389228,2341.336776456798,15.286958797542614,0.9999999999999999
"(4, 5, 7)",3,1,0.1,0.0031622776601683794,2341.336776649839,15.286919723091415,1.0
"(4, 5, 7)",3,1,0.1,0.005623413251903491,2341.3367772602523,15.286850242757335,1.0
"(4, 5, 7)",3,1,0.1,0.01,2341.336779190321,15.286726702985941,1.0
"(4, 5, 7)",3,1,0.1,0.01778279410038923,2341.3367852923616,15.286507064313358,0.9999999999999998
"(4, 5, 7)",3,1,0.1,0.03162277660168379,2341.3368045808406,15.286116642030986,1.0
"(4, 5, 7)",3,1,0.1,0.05623413251903491,2341.336865531876,15.285422857074373,1.0000000000000002
"(4, 5, 7)",3,1,0.1,0.1,2341.3370580256587,15.284190676429672,1.0
"(4, 5, 7)",3,1,0.1,0.1778279410038923,2341.3376653397586,15.282004444206924,1.0
"(4, 5, 7)",3,1,0.1,0.31622776601683794,2341.3395779727134,15.278132227667593,1.0
"(4, 5, 7)",3,1,0.1,0.5623413251903491,2341.3455824019384,15.271295004194117,0.9999999999999999
"(4, 5, 7)",3,1,0.1,1.0,2341.3643271655956,15.259288148017841,0.9999999999999999
"(4, 5, 7)",3,1,0.1,1.7782794100389228,2341.4222730433185,15.238403876316601,1.0
"(4, 5, 7)",3,1,0.1,3.1622776601683795,2341.5983735986406,15.202677768543971,1.0
"(4, 5, 7)",3,1,0.1,5.623413251903491,2342.1182264790614,15.143271680430287,1.0
"(4, 5, 7)",3,1,0.1,10.0,2343.5809815336725,15.04901614796085,1.0
"(4, 5, 7)",3,1,0.1,17.78279410038923,2347.3996595190247,14.910065062092157,1.0
"(4, 5, 7)",3,1,0.1,31.622776601683793,2356.3594426924024,14.72568005758879,1.0
"(4, 5, 7)",3,1,0.1,56.23413251903491,2374.8235732151707,14.510638745606972,1.0
"(4, 5, 7)",3,1,0.1,100.0,2408.610128919608,14.288302291273743,1.0
"(4, 5, 7)",3,1,0.1,177.82794100389228,2466.7852891822204,14.0727534615905,1.0
"(4, 5, 7)",3,1,0.1,316.22776601683796,2566.878845543243,13.8643157304831,1.0
"(4, 5, 7)",3,1,0.1,562.341325190349,2738.5313855627683,13.663096449331054,1.0
"(4, 5, 7)",3,1,0.1,1000.0,3020.240559002211,13.476859072410447,0.9999999999999999
"(4, 5, 7)",3,1,0.1,1778.2794100389228,3453.5557667026137,13.315262980894255,1.0
"(4, 5, 7)",3,1,0.1,3162.2776601683795,4082.547964738134,13.183037380549237,1.0
"(4, 5, 7)",3,1,0.1,5623.413251903491,4960.047765465727,13.079151863546109,1.0
"(4, 5, 7)",3,1,0.1,10000.0,6157.120716492498,12.999396636283203,1.0
"(4, 5, 7)",3,1,0.1,17782.794100389227,7771.895754483389,12.938874779576837,1.0
"(4, 5, 7)",3,1,0.1,31622.776601683792,9938.099531001748,12.893210122609068,0.9999999999999999
"(4, 5, 7)",3,1,0.1,56234.13251903491,12835.909160723982,12.858854936841848,1.0
"(4, 5, 7)",3,1,0.1,100000.0,16706.767353408322,12.833047094584797,1.0
"(4, 5, 7)",3,1,0.1,177827.94100389228,21873.410615147986,12.81367552311923,0.9999999999999999
"(4, 5, 7)",3,1,0.1,316227.7660168379,28766.730318622856,12.799141306300234,0.9999999999999998
"(4, 5, 7)",3,1,0.1,562341.3251903491,37961.67930974169,12.788239033240753,0.9999999999999999
"(4, 5, 7)",3,1,0.1,1000000.0,50225.188685264366,12.780062155962518,1.0
"(4, 5, 7)",3,1,1,0.0,85.35139635326026,5.063591079695666,1.0
"(4, 5, 7)",3,1,1,0.0001,85.35139635432975,5.063580383313241,0.9999999999999999
"(4, 5, 7)",3,1,1,0.00017782794100389227,85.35139635664271,5.063572058786649,1.0
"(4, 5, 7)",3,1,1,0.00031622776601683794,85.35139636395603,5.063557255987328,1.0
"(4, 5, 7)",3,1,1,0.0005623413251903491,85.35139638708151,5.0635309341656,0.9999999999999998
"(4, 5, 7)",3,1,1,0.001,85.35139646020221,5.063484131960232,1.0
"(4, 5, 7)",3,1,1,0.0017782794100389228,85.35139669138147,5.063400921470565,1.0
"(4, 5, 7)",3,1,1,0.0031622776601683794,85.35139742216349,5.06325300341576,1.0
"(4, 5, 7)",3,1,1,0.005623413251903491,85.35139973157644,5.062990132662118,1.0
"(4, 5, 7)",3,1,1,0.01,85.3514070260316,5.062523208307722,1.0
"(4, 5, 7)",3,1,1,0.01778279410038923,85.3514300451698,5.061694568596864,1.0
"(4, 5, 7)",3,1,1,0.03162277660168379,85.35150256962245,5.060226312080116,1.0
"(4, 5, 7)",3,1,1,0.05623413251903491,85.35173041446824,5.057631960378676,1.0
"(4, 5, 7)",3,1,1,0.1,85.35244261971441,5.0530703101677705,1.0
"(4, 5, 7)",3,1,1,0.1778279410038923,85.35464926761311,5.0451183825981225,0.9999999999999999
"(4, 5, 7)",3,1,1,0.31622776601683794,85.36138216320212,5.031462301557311,1.0
"(4, 5, 7)",3,1,1,0.5623413251903491,85.38139584032476,5.008600904779107,1.0
"(4, 5, 7)",3,1,1,1.0,85.43837462908753,4.971910333356714,0.9999999999999998
"(4, 5, 7)",3,1,1,1.7782794100389228,85.58995666614747,4.91681250401442,1.0
"(4, 5, 7)",3,1,1,3.1622776601683795,85.95525745451917,4.841741866165699,1.0
"(4, 5, 7)",3,1,1,5.623413251903491,86.72827288012604,4.751801150498898,1.0
"(4, 5, 7)",3,1,1,10.0,88.13399427627434,4.659129478792343,1.0
"(4, 5, 7)",3,1,1,17.78279410038923,90.31834360182786,4.577542387576949,1.0
"(4, 5, 7)",3,1,1,31.622776601683793,93.24586129198691,4.515636797928712,1.0
"(4, 5, 7)",3,1,1,56.23413251903491,96.69979821869244,4.474336554362683,1.0
"(4, 5, 7)",3,1,1,100.0,100.38576493030148,4.449448688757299,0.9999999999999998
"(4, 5, 7)",3,1,1,177.82794100389228,104.047179132633,4.435507793508279,1.0
"(4, 5, 7)",3,1,1,316.22776601683796,107.52595248747909,4.428048087724321,0.9999999999999998
"(4, 5, 7)",3,1,1,562.341325190349,110.77064877096055,4.424134371899874,1.0
"(4, 5, 7)",3,1,1,1000.0,113.818618132296,4.422068889584917,0.9999999999999999
"(4, 5, 7)",3,1,1,1778.2794100389228,116.77322576674453,4.420945227994837,1.0
"(4, 5, 7)",3,1,1,3162.2776601683795,119.78709590697586,4.420302449140791,1.0
"(4, 5, 7)",3,1,1,5623.413251903491,123.05488512952019,4.419911697642241,1.0
"(4, 5, 7)",3,1,1,10000.0,126.81554057020692,4.4196594928488535,1.0
"(4, 5, 7)",3,1,1,17782.794100389227,131.36310469361624,4.4194883450421,1.0
"(4, 5, 7)",3,1,1,31622.776601683792,137.06554551068632,4.419367833386468,0.9999999999999999
"(4, 5, 7)",3,1,1,56234.13251903491,144.39200562650473,4.419280845207216,1.0
"(4, 5, 7)",3,1,1,100000.0,153.94988081439496,4.419217065623061,1.0
"(4, 5, 7)",3,1,1,177827.94100389228,166.53428830833417,4.419169858358632,0.9999999999999999
"(4, 5, 7)",3,1,1,316227.7660168379,183.1936742659321,4.419134722220394,0.9999999999999999
"(4, 5, 7)",3,1,1,562341.3251903491,205.3167525046262,4.419108486004649,1.0
"(4, 5, 7)",3,1,1,1000000.0,234.74785520046052,4.419088858972346,1.0
"(4, 5, 7)",3,1,3,0.0,72.60986673196489,5.823749682419274,0.9999999999999998
"(4, 5, 7)",3,1,3,0.0001,72.60986673690445,5.823700286480496,1.0
"(4, 5, 7)",3,1,3,0.00017782794100389227,72.6098667475846,5.823661844780115,1.0
"(4, 5, 7)",3,1,3,0.00031622776601683794,72.60986678135593,5.82359348932446,1.0000000000000002
"(4, 5, 7)",3,1,3,0.0005623413251903491,72.60986688813679,5.823471948859988,1.0
"(4, 5, 7)",3,1,3,0.001,72.60986722573365,5.823255862222524,1.0
"(4, 5, 7)",3,1,3,0.0017782794100389228,72.60986829289152,5.822871746051992,0.9999999999999999
"(4, 5, 7)",3,1,3,0.0031622776601683794,72.60987166519813,5.822189142286826,1.0
"(4, 5, 7)",3,1,3,0.005623413251903491,72.60988231621255,5.8209767413510285,1.0
"(4, 5, 7)",3,1,3,0.01,72.60991592388828,5.818825356945813,1.0
"(4, 5, 7)",3,1,3,0.01778279410038923,72.61002178761446,5.815014086922489,0.9999999999999999
"(4, 5, 7)",3,1,3,0.03162277660168379,72.61035425376181,5.808282056103274,0.9999999999999999
"(4, 5, 7)",3,1,3,0.05623413251903491,72.61139282840747,5.796452440150812,1.0
"(4, 5, 7)",3,1,3,0.1,72.6146070257041,5.775853693164863,1.0
"(4, 5, 7)",3,1,3,0.1778279410038923,72.62439417821847,5.740548983824014,1.0
"(4, 5, 7)",3,1,3,0.31622776601683794,72.65337998233684,5.681657065470079,1.0
"(4, 5, 7)",3,1,3,0.5623413251903491,72.73535510940211,5.587750566659524,1.0
"(4, 5, 7)",3,1,3,1.0,72.95083202969889,5.4483706732026995,1.0
"(4, 5, 7)",3,1,3,1.7782794100389228,73.45923926769063,5.2623422008357785,1.0
"(4, 5, 7)",3,1,3,3.1622776601683795,74.49820997816711,5.046940540471621,0.9999999999999998
"(4, 5, 7)",3,1,3,5.623413251903491,76.29487422548208,4.83573879091871,1.0
"(4, 5, 7)",3,1,3,10.0,78.92686500939162,4.660423123824667,1.0
"(4, 5, 7)",3,1,3,17.78279410038923,82.27274732835954,4.5343292942253335,0.9999999999999999
"(4, 5, 7)",3,1,3,31.622776601683793,86.08234174654758,4.453219804355548,1.0
"(4, 5, 7)",3,1,3,56.23413251903491,90.06553620719293,4.405355818946378,1.0
"(4, 5, 7)",3,1,3,100.0,93.9521798599888,4.379013170001094,1.0
"(4, 5, 7)",3,1,3,177.82794100389228,97.53292029443234,4.36533148334708,1.0
"(4, 5, 7)",3,1,3,316.22776601683796,100.67978186875426,4.3585563246633985,1.0
"(4, 5, 7)",3,1,3,562.341325190349,103.34283362728323,4.355327009856788,0.9999999999999999
"(4, 5, 7)",3,1,3,1000.0,105.53095792393967,4.353833067711922,1.0000000000000002
"(4, 5, 7)",3,1,3,1778.2794100389228,107.28865939607952,4.353157591433678,1.0
"(4, 5, 7)",3,1,3,3162.2776601683795,108.67666071517671,4.352857428030083,1.0
"(4, 5, 7)",3,1,3,5623.413251903491,109.75877453772303,4.35272576429702,1.0
"(4, 5, 7)",3,1,3,10000.0,110.59445589577314,4.352668563860901,1.0
"(4, 5, 7)",3,1,3,17782.794100389227,111.23541021806501,4.352643886205707,1.0
"(4, 5, 7)",3,1,3,31622.776601683792,111.7246908946299,4.352633290885755,0.9999999999999999
"(4, 5, 7)",3,1,3,56234.13251903491,112.09713453841124,4.3526287549915335,1.0
"(4, 5, 7)",3,1,3,100000.0,112.38039684319259,4.352626815043168,1.0
"(4, 5, 7)",3,1,3,177827.94100389228,112.59615423386708,4.352625984114387,1.0
"(4, 5, 7)",3,1,3,316227.7660168379,112.76129600294115,4.352625626492005,1.0
"(4, 5, 7)",3,1,3,562341.3251903491,112.88891553058167,4.352625470975829,1.0
"(4, 5, 7)",3,1,3,1000000.0,112.9890124552017,4.352625402009022,1.0
"(4, 5, 8)",3,-1,0.1,0.0,7182.6565986554115,54.97143142059822,1.0
"(4, 5, 8)",3,-1,0.1,0.0001,7182.656598656027,54.97142528523548,1.0
"(4, 5, 8)",3,-1,0.1,0.00017782794100389227,7182.656598657348,54.97142051022086,0.9999999999999999
"(4, 5, 8)",3,-1,0.1,0.00031622776601683794,7182.656598661545,54.97141201893429,1.0000000000000002
"(4, 5, 8)",3,-1,0.1,0.0005623413251903491,7182.656598674809,54.97139691912733,1.0
"(4, 5, 8)",3,-1,0.1,0.001,7182.6565987167505,54.971370067682756,1.0000000000000002
"(4, 5, 8)",3,-1,0.1,0.0017782794100389228,7182.656598849397,54.97132231904339,1.0
"(4, 5, 8)",3,-1,0.1,0.0031622776601683794,7182.656599268863,54.97123741093601,0.9999999999999999
"(4, 5, 8)",3,-1,0.1,0.005623413251903491,7182.656600595308,54.971086427916944,0.9999999999999998
"(4, 5, 8)",3,-1,0.1,0.01,7182.656604789585,54.97081796106785,0.9999999999999998
"(4, 5, 8)",3,-1,0.1,0.01778279410038923,7182.656618051057,54.970340625173364,1.0
"(4, 5, 8)",3,-1,0.1,0.03162277660168379,7182.656659975976,54.96949201989279,1.0
"(4, 5, 8)",3,-1,0.1,0.05623413251903491,7182.656792488612,54.967983693573764,0.9999999999999999
"(4, 5, 8)",3,-1,0.1,0.1,7182.657211160824,54.965303776711814,1.0
"(4, 5, 8)",3,-1,0.1,0.1778279410038923,7182.658533042807,54.960545421110524,1.0
"(4, 5, 8)",3,-1,0.1,0.31622776601683794,7182.662701569221,54.9521066862771,1.0
"(4, 5, 8)",3,-1,0.1,0.5623413251903491,7182.675818642304,54.93717234721242,1.0
"(4, 5, 8)",3,-1,0.1,1.0,7182.716937576646,54.910840177998836,1.0
"(4, 5, 8)",3,-1,0.1,1.7782794100389228,7182.844980988258,54.86471167591179,1.0
"(4, 5, 8)",3,-1,0.1,3.1622776601683795,7183.239137352818,54.78480754940281,0.9999999999999999
"(4, 5, 8)",3,-1,0.1,5.623413251903491,7184.428970844996,54.64901594939296,1.0
"(4, 5, 8)",3,-1,0.1,10.0,7187.907367914654,54.42537478654913,1.0
"(4, 5, 8)",3,-1,0.1,17.78279410038923,7197.584453189236,54.074540221338395,1.0000000000000002
"(4, 5, 8)",3,-1,0.1,31.622776601683793,7222.695198613481,53.560718457973366,1.0
"(4, 5, 8)",3,-1,0.1,56.23413251903491,7282.561443874549,52.86897336765576,1.0000000000000002
"(4, 5, 8)",3,-1,0.1,100.0,7413.545040477014,52.014538600944036,1.0
"(4, 5, 8)",3,-1,0.1,177.82794100389228,7678.879826748955,51.037784548984966,0.9999999999999999
"(4, 5, 8)",3,-1,0.1,316.22776601683796,8176.728369346592,50.003197399985574,1.0
"(4, 5, 8)",3,-1,0.1,562.341325190349,9032.729876473026,48.998454937119334,1.0
"(4, 5, 8)",3,-1,0.1,1000.0,10378.205507075487,48.106722280303345,1.0
"(4, 5, 8)",3,-1,0.1,1778.2794100389228,12344.185301015521,47.37186541887842,0.9999999999999999
"(4, 5, 8)",3,-1,0.1,3162.2776601683795,15088.09251563899,46.79418446500274,1.0
"(4, 5, 8)",3,-1,0.1,5623.413251903491,18829.37319546158,46.35091554261367,1.0
"(4, 5, 8)",3,-1,0.1,10000.0,23874.894805511405,46.01462954138347,1.0
"(4, 5, 8)",3,-1,0.1,17782.794100389227,30643.044748363904,45.76091165940723,1.0
"(4, 5, 8)",3,-1,0.1,31622.776601683792,39697.1102169329,45.57002932914948,1.0000000000000002
"(4, 5, 8)",3,-1,0.1,56234.13251903491,51791.65010103842,45.42663452811144,1.0
"(4, 5, 8)",3,-1,0.1,100000.0,67935.15535983299,45.31899941313121,1.0
"(4, 5, 8)",3,-1,0.1,177827.94100389228,89474.02693565743,45.23824132241839,0.9999999999999999
"(4, 5, 8)",3,-1,0.1,316227.7660168379,118204.79790727774,45.177663321526865,1.0
"(4, 5, 8)",3,-1,0.1,562341.3251903491,156523.90399906514,45.13222869491339,0.9999999999999998
"(4, 5, 8)",3,-1,0.1,1000000.0,207627.3695756554,45.09815425629978,1.0
"(4, 5, 8)",3,-1,1,0.0,108.16341254069158,7.210947492365173,1.0
"(4, 5, 8)",3,-1,1,0.0001,108.16341254179754,7.2109364328786345,0.9999999999999999
"(4, 5, 8)",3,-1,1,0.00017782794100389227,108.16341254418865,7.210927825812308,1.0
"(4, 5, 8)",3,-1,1,0.00031622776601683794,108.16341255175038,7.2109125207002185,0.9999999999999998
"(4, 5, 8)",3,-1,1,0.0005623413251903491,108.1634125756601,7.210885306011144,0.9999999999999999
"(4, 5, 8)",3,-1,1,0.001,108.16341265125911,7.210836917255764,1.0
"(4, 5, 8)",3,-1,1,0.0017782794100389228,108.16341289026509,7.2107508892856975,1.0
"(4, 5, 8)",3,-1,1,0.0031622776601683794,108.16341364573647,7.21059797312618,1.0
"(4, 5, 8)",3,-1,1,0.005623413251903491,108.16341603287792,7.210326252760509,1.0
"(4, 5, 8)",3,-1,1,0.01,108.16342357119122,7.2098437125375705,0.9999999999999999
"(4, 5, 8)",3,-1,1,0.01778279410038923,108.16344735059573,7.208987685284406,1.0
"(4, 5, 8)",3,-1,1,0.03162277660168379,108.16352221845202,7.207471925271197,1.0000000000000002
"(4, 5, 8)",3,-1,1,0.05623413251903491,108.16375713628508,7.204796845321934,1.0
"(4, 5, 8)",3,-1,1,0.1,108.16448985195109,7.200103230563186,0.9999999999999999
"(4, 5, 8)",3,-1,1,0.1778279410038923,108.16675132320508,7.191951911567274,1.0
"(4, 5, 8)",3,-1,1,0.31622776601683794,108.17360494341399,7.178045484757369,1.0
"(4, 5, 8)",3,-1,1,0.5623413251903491,108.19373859915783,7.155031228527468,0.9999999999999999
"(4, 5, 8)",3,-1,1,1.0,108.24991113649017,7.118817235947006,0.9999999999999999
"(4, 5, 8)",3,-1,1,1.7782794100389228,108.39439152591306,7.066198107776406,1.0
"(4, 5, 8)",3,-1,1,3.1622776601683795,108.72442040559666,6.998168459810922,1.0000000000000002
"(4, 5, 8)",3,-1,1,5.623413251903491,109.37025846365279,6.922700568143078,1.0
"(4, 5, 8)",3,-1,1,10.0,110.43326734549963,6.852262887779375,0.9999999999999998
"(4, 5, 8)",3,-1,1,17.78279410038923,111.92326932407879,6.796351077290988,1.0
"(4, 5, 8)",3,-1,1,31.622776601683793,113.77429678015379,6.757108779666704,1.0
"(4, 5, 8)",3,-1,1,56.23413251903491,115.91664356404533,6.731509881889103,1.0
"(4, 5, 8)",3,-1,1,100.0,118.33097112988446,6.7152802022133935,1.0
"(4, 5, 8)",3,-1,1,177.82794100389228,121.06576609217821,6.7049502569049455,1.0
"(4, 5, 8)",3,-1,1,316.22776601683796,124.23758410345422,6.698222322569549,1.0
"(4, 5, 8)",3,-1,1,562.341325190349,128.03162961786214,6.6937035790387105,1.0
"(4, 5, 8)",3,-1,1,1000.0,132.7095269009483,6.69057479334359,1.0
"(4, 5, 8)",3,-1,1,1778.2794100389228,138.62504909017338,6.688352225541543,1.0
"(4, 5, 8)",3,-1,1,3162.2776601683795,146.2484216920327,6.686742770124727,1.0
"(4, 5, 8)",3,-1,1,5623.413251903491,156.20126612463045,6.685561743263805,1.0
"(4, 5, 8)",3,-1,1,10000.0,169.3052476572386,6.684687610519195,1.0
"(4, 5, 8)",3,-1,1,17782.794100389227,186.64841616151355,6.684037154037074,1.0
"(4, 5, 8)",3,-1,1,31622.776601683792,209.6745440112199,6.683551574148747,1.0
"(4, 5, 8)",3,-1,1,56234.13251903491,240.3026765620187,6.683188386247435,0.9999999999999999
"(4, 5, 8)",3,-1,1,100000.0,281.08668101962485,6.682916439027718,1.0
"(4, 5, 8)",3,-1,1,177827.94100389228,335.4279138039018,6.682712680199692,1.0
"(4, 5, 8)",3,-1,1,316227.7660168379,407.85869806577637,6.682559956050309,1.0
"(4, 5, 8)",3,-1,1,562341.3251903491,504.4200594546989,6.682445459878093,1.0
"(4, 5, 8)",3,-1,1,1000000.0,633.1646823955758,6.682359612572659,1.0
"(4, 5, 8)",3,-1,3,0.0,80.6784810984757,7.958303878304224,1.0
"(4, 5, 8)",3,-1,3,0.0001,80.67848110430887,7.958245545886984,1.0
"(4, 5, 8)",3,-1,3,0.00017782794100389227,80.67848111692122,7.9582001494781505,1.0
"(4, 5, 8)",3,-1,3,0.00031622776601683794,80.67848115680228,7.958119427405098,1.0
"(4, 5, 8)",3,-1,3,0.0005623413251903491,80.67848128290173,7.957975898161261,1.0
"(4, 5, 8)",3,-1,3,0.001,80.67848168157632,7.957720717303386,1.0000000000000002
"(4, 5, 8)",3,-1,3,0.0017782794100389228,80.67848294180705,7.95726710589073,1.0
"(4, 5, 8)",3,-1,3,0.0031622776601683794,80.67848692426014,7.9564609998259685,1.0
"(4, 5, 8)",3,-1,3,0.005623413251903491,80.6784995024589,7.955029228932526,1.0
"(4, 5, 8)",3,-1,3,0.01,80.67853919169453,7.952488537718378,0.9999999999999999
"(4, 5, 8)",3,-1,3,0.01778279410038923,80.6786642156446,7.947987474804239,0.9999999999999998
"(4, 5, 8)",3,-1,3,0.03162277660168379,80.67905687288228,7.9400366694164655,1.0
"(4, 5, 8)",3,-1,3,0.05623413251903491,80.68028356943125,7.926064359572771,0.9999999999999999
"(4, 5, 8)",3,-1,3,0.1,80.6840804169852,7.901731751071664,1.0
"(4, 5, 8)",3,-1,3,0.1778279410038923,80.69564350354973,7.8600211120159065,1.0
"(4, 5, 8)",3,-1,3,0.31622776601683794,80.72989260315134,7.790435598260319,1.0
"(4, 5, 8)",3,-1,3,0.5623413251903491,80.82672514793046,7.67950583695962,1.0
"(4, 5, 8)",3,-1,3,1.0,81.08080305647617,7.51513394332765,1.0
"(4, 5, 8)",3,-1,3,1.7782794100389228,81.67659365440032,7.297032874855296,1.0
"(4, 5, 8)",3,-1,3,3.1622776601683795,82.87368967997129,7.048555886765493,1.0
"(4, 5, 8)",3,-1,3,5.623413251903491,84.8653276356735,6.813838122232105,1.0
"(4, 5, 8)",3,-1,3,10.0,87.57556365822825,6.632490039661502,0.9999999999999998
"(4, 5, 8)",3,-1,3,17.78279410038923,90.64037806196167,6.516219822895953,1.0
"(4, 5, 8)",3,-1,3,31.622776601683793,93.6306876297173,6.452041076153524,0.9999999999999999
"(4, 5, 8)",3,-1,3,56.23413251903491,96.26574963667122,6.420117211565415,1.0000000000000002
"(4, 5, 8)",3,-1,3,100.0,98.45116511875223,6.405197682439085,1.0
"(4, 5, 8)",3,-1,3,177.82794100389228,100.20754082721666,6.398448113006771,0.9999999999999999
"(4, 5, 8)",3,-1,3,316.22776601683796,101.5973114464629,6.395443217352577,1.0
"(4, 5, 8)",3,-1,3,562.341325190349,102.68705371449217,6.394117758165678,1.0
"(4, 5, 8)",3,-1,3,1000.0,103.53560323485927,6.393537192098783,1.0
"(4, 5, 8)",3,-1,3,1778.2794100389228,104.19244399360159,6.393284411147826,1.0
"(4, 5, 8)",3,-1,3,3162.2776601683795,104.69856349155492,6.39317486084536,1.0
"(4, 5, 8)",3,-1,3,5623.413251903491,105.08754358115587,6.393127511359338,0.9999999999999999
"(4, 5, 8)",3,-1,3,10000.0,105.38659161115143,6.393107042849907,1.0
"(4, 5, 8)",3,-1,3,17782.794100389227,105.61754665844093,6.393098156367049,0.9999999999999999
"(4, 5, 8)",3,-1,3,31622.776601683792,105.79786185798066,6.393094257506032,1.0
"(4, 5, 8)",3,-1,3,56234.13251903491,105.94153133770492,6.393092512616938,1.0
"(4, 5, 8)",3,-1,3,100000.0,106.05993672137016,6.393091705421069,1.0
"(4, 5, 8)",3,-1,3,177827.94100389228,106.16260019791805,6.393091312809315,0.9999999999999999
"(4, 5, 8)",3,-1,3,316227.7660168379,106.25784824405459,6.393091108432632,1.0
"(4, 5, 8)",3,-1,3,562341.3251903491,106.35342335284737,6.393090993267507,1.0
"(4, 5, 8)",3,-1,3,1000000.0,106.45661119656278,6.393090922706443,0.9999999999999999
"(4, 5, 8)",3,0,0.1,0.0,4482.362137410172,31.50934296079821,0.9999999999999998
"(4, 5, 8)",3,0,0.1,0.0001,4482.362137410697,31.509337694991142,1.0
"(4, 5, 8)",3,0,0.1,0.00017782794100389227,4482.362137411833,31.509333596735058,1.0
"(4, 5, 8)",3,0,0.1,0.00031622776601683794,4482.362137415436,31.509326308917238,1.0
"(4, 5, 8)",3,0,0.1,0.0005623413251903491,4482.36213742682,31.50931334922475,0.9999999999999998
"(4, 5, 8)",3,0,0.1,0.001,4482.362137462826,31.509290303535646,1.0
"(4, 5, 8)",3,0,0.1,0.0017782794100389228,4482.362137576676,31.509249322699723,1.0
"(4, 5, 8)",3,0,0.1,0.0031622776601683794,4482.3621379367005,31.50917644997587,1.0000000000000002
"(4, 5, 8)",3,0,0.1,0.005623413251903491,4482.362139075124,31.509046870299702,0.9999999999999998
"(4, 5, 8)",3,0,0.1,0.01,4482.362142674746,31.508816467952194,1.0
"(4, 5, 8)",3,0,0.1,0.01778279410038923,4482.362154055392,31.508406832052795,1.0
"(4, 5, 8)",3,0,0.1,0.03162277660168379,4482.362190030784,31.507678650013727,1.0
"(4, 5, 8)",3,0,0.1,0.05623413251903491,4482.36230371955,31.506384576394435,1.0
"(4, 5, 8)",3,0,0.1,0.1,4482.362662811213,31.504085996745367,1.0
"(4, 5, 8)",3,0,0.1,0.1778279410038923,4482.36379598076,31.50000682330806,0.9999999999999998
"(4, 5, 8)",3,0,0.1,0.31622776601683794,4482.367366062476,31.492779184084185,0.9999999999999998
"(4, 5, 8)",3,0,0.1,0.5623413251903491,4482.378581357444,31.480008865795075,1.0
"(4, 5, 8)",3,0,0.1,1.0,4482.41363519118,31.45755687664532,1.0
"(4, 5, 8)",3,0,0.1,1.7782794100389228,4482.522224113779,31.418425095628947,1.0
"(4, 5, 8)",3,0,0.1,3.1622776601683795,4482.853433706778,31.351245657998646,1.0
"(4, 5, 8)",3,0,0.1,5.623413251903491,4483.837279682677,31.238857269828983,0.9999999999999998
"(4, 5, 8)",3,0,0.1,10.0,4486.6344907694165,31.058720608906928,1.0
"(4, 5, 8)",3,0,0.1,17.78279410038923,4494.058651021018,30.788828461640207,0.9999999999999998
"(4, 5, 8)",3,0,0.1,31.622776601683793,4511.910145781113,30.421954140234728,1.0
"(4, 5, 8)",3,0,0.1,56.23413251903491,4549.907133700982,29.98016671481959,1.0
"(4, 5, 8)",3,0,0.1,100.0,4621.909131826275,29.507103178070487,1.0
"(4, 5, 8)",3,0,0.1,177.82794100389228,4749.108404552055,29.036202019955468,1.0
"(4, 5, 8)",3,0,0.1,316.22776601683796,4969.2969209327875,28.577603611640498,0.9999999999999998
"(4, 5, 8)",3,0,0.1,562.341325190349,5343.0881511083035,28.13912079799783,0.9999999999999998
"(4, 5, 8)",3,0,0.1,1000.0,5946.779569336998,27.739706861160567,1.0
"(4, 5, 8)",3,0,0.1,1778.2794100389228,6861.508638174742,27.39835808417699,1.0
"(4, 5, 8)",3,0,0.1,3162.2776601683795,8175.056894738777,27.122114576977037,1.0
"(4, 5, 8)",3,0,0.1,5623.413251903491,9996.31943377958,26.906453904873302,1.0
"(4, 5, 8)",3,0,0.1,10000.0,12473.300238753855,26.741408079679086,1.0
"(4, 5, 8)",3,0,0.1,17782.794100389227,15809.6721176784,26.616354551095963,1.0
"(4, 5, 8)",3,0,0.1,31622.776601683792,20282.093414892122,26.522071321778444,0.9999999999999998
"(4, 5, 8)",3,0,0.1,56234.13251903491,26262.751013617388,26.451166280859866,1.0
"(4, 5, 8)",3,0,0.1,100000.0,34250.04542925153,26.39791288649128,1.0
"(4, 5, 8)",3,0,0.1,177827.94100389228,44909.97737059275,26.3579448566658,1.0
"(4, 5, 8)",3,0,0.1,316227.7660168379,59131.594220900435,26.32795919251967,1.0
"(4, 5, 8)",3,0,0.1,562341.3251903491,78101.08794630294,26.30546734812511,1.0
"(4, 5, 8)",3,0,0.1,1000000.0,103400.63633369954,26.28859839932856,1.0
"(4, 5, 8)",3,0,1,0.0,118.95491239291673,7.490647142610725,1.0
"(4, 5, 8)",3,0,1,0.0001,118.95491239415489,7.490634761543272,1.0
"(4, 5, 8)",3,0,1,0.00017782794100389227,118.95491239683196,7.490625125923904,1.0
"(4, 5, 8)",3,0,1,0.00031622776601683794,118.95491240529697,7.490607991770644,1.0
"(4, 5, 8)",3,0,1,0.0005623413251903491,118.95491243206448,7.4905775245782005,1.0
"(4, 5, 8)",3,0,1,0.001,118.9549125166995,7.490523352098524,1.0
"(4, 5, 8)",3,0,1,0.0017782794100389228,118.95491278427932,7.490427039479427,1.0
"(4, 5, 8)",3,0,1,0.0031622776601683794,118.95491363010109,7.490255835696637,1.0
"(4, 5, 8)",3,0,1,0.005623413251903491,118.9549163029177,7.489951599120381,1.0
"(4, 5, 8)",3,0,1,0.01,118.9549247443973,7.489411249587893,1.0
"(4, 5, 8)",3,0,1,0.01778279410038923,118.95495137863391,7.488452464353281,1.0
"(4, 5, 8)",3,0,1,0.03162277660168379,118.95503526731251,7.486754108984297,1.0
"(4, 5, 8)",3,0,1,0.05623413251903491,118.95529867206186,7.483754760602152,1.0
"(4, 5, 8)",3,0,1,0.1,118.95612124619899,7.478485908710893,1.0
"(4, 5, 8)",3,0,1,0.1778279410038923,118.95866557764774,7.469316201746954,1.0
"(4, 5, 8)",3,0,1,0.31622776601683794,118.96640610087597,7.45361371801729,1.0
"(4, 5, 8)",3,0,1,0.5623413251903491,118.98929941933457,7.427455324803529,1.0
"(4, 5, 8)",3,0,1,1.0,119.0539296125598,7.385817620472371,1.0
"(4, 5, 8)",3,0,1,1.7782794100389228,119.22356936591301,7.324109212778068,1.0
"(4, 5, 8)",3,0,1,3.1622776601683795,119.62439238314776,7.241649932361468,1.0
"(4, 5, 8)",3,0,1,5.623413251903491,120.45161381021664,7.145280895044156,1.0
"(4, 5, 8)",3,0,1,10.0,121.91967829630555,7.048399859371915,1.0
"(4, 5, 8)",3,0,1,17.78279410038923,124.17053659871004,6.964307538894905,1.0
"(4, 5, 8)",3,0,1,31.622776601683793,127.20632166117022,6.900165390100964,0.9999999999999998
"(4, 5, 8)",3,0,1,56.23413251903491,130.89455078746659,6.856150003760984,1.0
"(4, 5, 8)",3,0,1,100.0,135.04902440125474,6.828188712224262,1.0
"(4, 5, 8)",3,0,1,177.82794100389228,139.53064154268202,6.811204505016399,1.0
"(4, 5, 8)",3,0,1,316.22776601683796,144.3082448959109,6.801023903978368,1.0
"(4, 5, 8)",3,0,1,562.341325190349,149.47661482864845,6.794838168537317,1.0
"(4, 5, 8)",3,0,1,1000.0,155.25512566211782,6.790956222027388,1.0
"(4, 5, 8)",3,0,1,1778.2794100389228,161.98581221070305,6.788418593305506,1.0
"(4, 5, 8)",3,0,1,3162.2776601683795,170.14116632745774,6.786692552829054,1.0
"(4, 5, 8)",3,0,1,5623.413251903491,180.34660676587188,6.7854795600592785,1.0
"(4, 5, 8)",3,0,1,10000.0,193.4203405415265,6.784606542530637,1.0
"(4, 5, 8)",3,0,1,17782.794100389227,210.43331024309194,6.783968069486617,1.0
"(4, 5, 8)",3,0,1,31622.776601683792,232.79317445088208,6.783496364587488,1.0
"(4, 5, 8)",3,0,1,56234.13251903491,262.35843631688385,6.7831457042452925,1.0
"(4, 5, 8)",3,0,1,100000.0,301.59142088247074,6.782884066475676,0.9999999999999998
"(4, 5, 8)",3,0,1,177827.94100389228,353.762481407183,6.78268843108389,0.9999999999999998
"(4, 5, 8)",3,0,1,316227.7660168379,423.22196403348767,6.78254196601679,1.0
"(4, 5, 8)",3,0,1,562341.3251903491,515.7624316216333,6.782432234820249,1.0
"(4, 5, 8)",3,0,1,1000000.0,639.1008717116354,6.782349990969979,1.0
"(4, 5, 8)",3,0,3,0.0,89.41308366073888,8.233553956355326,0.9999999999999998
"(4, 5, 8)",3,0,3,0.0001,89.41308366684984,8.233492845834427,1.0
"(4, 5, 8)",3,0,3,0.00017782794100389227,89.4130836800629,8.233445287323661,1.0
"(4, 5, 8)",3,0,3,0.00031622776601683794,89.4130837218435,8.233360720512973,1.0
"(4, 5, 8)",3,0,3,0.0005623413251903491,89.41308385394943,8.233210354516345,1.0
"(4, 5, 8)",3,0,3,0.001,89.41308427161698,8.232943016839862,1.0
"(4, 5, 8)",3,0,3,0.0017782794100389228,89.41308559190146,8.232467789857647,1.0
"(4, 5, 8)",3,0,3,0.0031622776601683794,89.41308976421821,8.23162325365577,1.0
"(4, 5, 8)",3,0,3,0.005623413251903491,89.41310294257967,8.230123169773133,1.0
"(4, 5, 8)",3,0,3,0.01,89.41314452834992,8.22746108296971,1.0
"(4, 5, 8)",3,0,3,0.01778279410038923,89.41327554208142,8.222744410886229,1.0
"(4, 5, 8)",3,0,3,0.03162277660168379,89.4136870978633,8.214411036372764,1.0
"(4, 5, 8)",3,0,3,0.05623413251903491,89.41497331482303,8.199761095724552,1.0
"(4, 5, 8)",3,0,3,0.1,89.41895700962752,8.174232029626262,1.0
"(4, 5, 8)",3,0,3,0.1778279410038923,89.43110314595809,8.13042114425123,0.9999999999999998
"(4, 5, 8)",3,0,3,0.31622776601683794,89.46715151174031,8.057188535439128,1.0
"(4, 5, 8)",3,0,3,0.5623413251903491,89.56942297533982,7.940051554045052,0.9999999999999998
"(4, 5, 8)",3,0,3,1.0,89.83933837252032,7.765493215063215,1.0
"(4, 5, 8)",3,0,3,1.7782794100389228,90.47843442709302,7.531673084162105,1.0
"(4, 5, 8)",3,0,3,3.1622776601683795,91.78344079859224,7.26105955457426,1.0
"(4, 5, 8)",3,0,3,5.623413251903491,94.01438897316066,6.99857244347268,1.0
"(4, 5, 8)",3,0,3,10.0,97.19112954664108,6.786589150262641,1.0
"(4, 5, 8)",3,0,3,17.78279410038923,101.04816495707044,6.640862001193513,1.0
"(4, 5, 8)",3,0,3,31.622776601683793,105.20102563242094,6.552201184647612,1.0
"(4, 5, 8)",3,0,3,56.23413251903491,109.31335491481852,6.5026658324810604,1.0
"(4, 5, 8)",3,0,3,100.0,113.15094484546397,6.476607778313413,1.0
"(4, 5, 8)",3,0,3,177.82794100389228,116.57403615999023,6.463511984628281,0.9999999999999998
"(4, 5, 8)",3,0,3,316.22776601683796,119.5188646050863,6.457166785469286,1.0
"(4, 5, 8)",3,0,3,562.341325190349,121.97898498204367,6.454182206363246,1.0
"(4, 5, 8)",3,0,3,1000.0,123.98651442094445,6.45281127577273,1.0
"(4, 5, 8)",3,0,3,1778.2794100389228,125.59512130737917,6.452193077434058,1.0
"(4, 5, 8)",3,0,3,3162.2776601683795,126.86681044344014,6.4519181049979215,1.0
"(4, 5, 8)",3,0,3,5623.413251903491,127.86315716232573,6.451796917818185,1.0
"(4, 5, 8)",3,0,3,10000.0,128.6404315191365,6.451743749041145,1.0
"(4, 5, 8)",3,0,3,17782.794100389227,129.2475544190351,6.451720400060504,1.0
"(4, 5, 8)",3,0,3,31622.776601683792,129.72585179447168,6.451710062334049,1.0
"(4, 5, 8)",3,0,3,56234.13251903491,130.10982028396782,6.4517054009484225,1.0
"(4, 5, 8)",3,0,3,100000.0,130.42837526320048,6.451703230290105,1.0
"(4, 5, 8)",3,0,3,177827.94100389228,130.70630239007707,6.4517021682412,1.0
"(4, 5, 8)",3,0,3,316227.7660168379,130.96572307203905,6.451701612457297,1.0
"(4, 5, 8)",3,0,3,562341.3251903491,131.22755528352968,6.451701297796538,1.0
"(4, 5, 8)",3,0,3,1000000.0,131.51274688819203,6.45170110487688,1.0
"(4, 5, 8)",3,1,0.1,0.0,2341.3367763675255,15.287009006688677,1.0
"(4, 5, 8)",3,1,0.1,0.0001,2341.336776367808,15.287006183132393,1.0
"(4, 5, 8)",3,1,0.1,0.00017782794100389227,2341.3367763684178,15.287003985624422,0.9999999999999999
"(4, 5, 8)",3,1,0.1,0.00031622776601683794,2341.336776370349,15.2870000778569,1.0
"(4, 5, 8)",3,1,0.1,0.0005623413251903491,2341.3367763764504,15.28699312880396,0.9999999999999998
"(4, 5, 8)",3,1,0.1,0.001,2341.3367763957535,15.286980771603014,1.0
"(4, 5, 8)",3,1,0.1,0.0017782794100389228,2341.3367764567984,15.28695879754261,1.0
"(4, 5, 8)",3,1,0.1,0.0031622776601683794,2341.336776649838,15.286919723091408,1.0
"(4, 5, 8)",3,1,0.1,0.005623413251903491,2341.3367772602523,15.286850242757334,1.0
"(4, 5, 8)",3,1,0.1,0.01,2341.3367791903215,15.286726702985947,1.0
"(4, 5, 8)",3,1,0.1,0.01778279410038923,2341.3367852923616,15.286507064313357,1.0
"(4, 5, 8)",3,1,0.1,0.03162277660168379,2341.3368045808406,15.28611664203098,0.9999999999999999
"(4, 5, 8)",3,1,0.1,0.05623413251903491,2341.3368655318736,15.285422857074366,0.9999999999999998
"(4, 5, 8)",3,1,0.1,0.1,2341.3370580256583,15.284190676429679,1.0
"(4, 5, 8)",3,1,0.1,0.1778279410038923,2341.3376653397586,15.282004444206922,1.0
"(4, 5, 8)",3,1,0.1,0.31622776601683794,2341.339577972715,15.278132227667598,1.0
"(4, 5, 8)",3,1,0.1,0.5623413251903491,2341.3455824019384,15.271295004194116,0.9999999999999999
"(4, 5, 8)",3,1,0.1,1.0,2341.3643271655956,15.25928814801784,0.9999999999999999
"(4, 5, 8)",3,1,0.1,1.7782794100389228,2341.422273043319,15.238403876316598,1.0
"(4, 5, 8)",3,1,0.1,3.1622776601683795,2341.5983735986392,15.202677768543968,1.0
"(4, 5, 8)",3,1,0.1,5.623413251903491,2342.1182264790614,15.143271680430288,0.9999999999999999
"(4, 5, 8)",3,1,0.1,10.0,2343.58098153367,15.049016147960842,1.0
"(4, 5, 8)",3,1,0.1,17.78279410038923,2347.3996595190256,14.910065062092157,1.0
"(4, 5, 8)",3,1,0.1,31.622776601683793,2356.359442692403,14.725680057588788,0.9999999999999999
"(4, 5, 8)",3,1,0.1,56.23413251903491,2374.8235732151693,14.51063874560697,1.0
"(4, 5, 8)",3,1,0.1,100.0,2408.610128919608,14.288302291273743,1.0
"(4, 5, 8)",3,1,0.1,177.82794100389228,2466.78528918222,14.072753461590494,1.0
"(4, 5, 8)",3,1,0.1,316.22776601683796,2566.8788455432446,13.864315730483101,1.0
"(4, 5, 8)",3,1,0.1,562.341325190349,2738.5313855627655,13.663096449331043,1.0
"(4, 5, 8)",3,1,0.1,1000.0,3020.2405590022104,13.476859072410447,1.0
"(4, 5, 8)",3,1,0.1,1778.2794100389228,3453.5557667026164,13.315262980894264,1.0
"(4, 5, 8)",3,1,0.1,3162.2776601683795,4082.547964738133,13.183037380549248,0.9999999999999999
"(4, 5, 8)",3,1,0.1,5623.413251903491,4960.047765465729,13.07915186354611,0.9999999999999999
"(4, 5, 8)",3,1,0.1,10000.0,6157.12071649249,12.999396636283192,0.9999999999999999
"(4, 5, 8)",3,1,0.1,17782.794100389227,7771.895754483329,12.93887477957684,1.0
"(4, 5, 8)",3,1,0.1,31622.776601683792,9938.099536599497,12.893210122520573,1.0
"(4, 5, 8)",3,1,0.1,56234.13251903491,12835.909159047935,12.8588549368568,0.9999999999999998
"(4, 5, 8)",3,1,0.1,100000.0,16706.767354299012,12.833047094580417,1.0
"(4, 5, 8)",3,1,0.1,177827.94100389228,21873.410511231537,12.813675523256519,1.0
"(4, 5, 8)",3,1,0.1,316227.7660168379,28766.73032293405,12.79914130629296,1.0
"(4, 5, 8)",3,1,0.1,562341.3251903491,37961.67929985773,12.788239033251118,1.0
"(4, 5, 8)",3,1,0.1,1000000.0,50225.18870318458,12.7800621559731,1.0
"(4, 5, 8)",3,1,1,0.0,85.35139635326018,5.063591079695662,0.9999999999999999
"(4, 5, 8)",3,1,1,0.0001,85.35139635432982,5.063580383313241,1.0
"(4, 5, 8)",3,1,1,0.00017782794100389227,85.3513963566427,5.063572058786646,1.0
"(4, 5, 8)",3,1,1,0.00031622776601683794,85.35139636395606,5.063557255987337,1.0
"(4, 5, 8)",3,1,1,0.0005623413251903491,85.35139638708159,5.0635309341656045,1.0
"(4, 5, 8)",3,1,1,0.001,85.35139646020222,5.063484131960229,1.0
"(4, 5, 8)",3,1,1,0.0017782794100389228,85.35139669138138,5.063400921470566,1.0
"(4, 5, 8)",3,1,1,0.0031622776601683794,85.35139742216336,5.063253003415752,0.9999999999999999
"(4, 5, 8)",3,1,1,0.005623413251903491,85.35139973157634,5.062990132662115,1.0
"(4, 5, 8)",3,1,1,0.01,85.35140702603162,5.062523208307726,1.0
"(4, 5, 8)",3,1,1,0.01778279410038923,85.35143004516974,5.06169456859686,1.0
"(4, 5, 8)",3,1,1,0.03162277660168379,85.35150256962241,5.060226312080116,1.0
"(4, 5, 8)",3,1,1,0.05623413251903491,85.35173041446815,5.057631960378671,0.9999999999999999
"(4, 5, 8)",3,1,1,0.1,85.35244261971434,5.053070310167767,1.0
"(4, 5, 8)",3,1,1,0.1778279410038923,85.35464926761323,5.0451183825981225,1.0
"(4, 5, 8)",3,1,1,0.31622776601683794,85.36138216320192,5.031462301557301,0.9999999999999998
"(4, 5, 8)",3,1,1,0.5623413251903491,85.38139584032473,5.008600904779106,1.0
"(4, 5, 8)",3,1,1,1.0,85.43837462908762,4.971910333356717,0.9999999999999999
"(4, 5, 8)",3,1,1,1.7782794100389228,85.58995666614749,4.916812504014424,1.0
"(4, 5, 8)",3,1,1,3.1622776601683795,85.95525745451916,4.841741866165701,1.0
"(4, 5, 8)",3,1,1,5.623413251903491,86.72827288012611,4.751801150498903,1.0
"(4, 5, 8)",3,1,1,10.0,88.13399427627415,4.6591294787923365,1.0
"(4, 5, 8)",3,1,1,17.78279410038923,90.31834360182798,4.577542387576952,1.0
"(4, 5, 8)",3,1,1,31.622776601683793,93.24586129198698,4.515636797928715,1.0
"(4, 5, 8)",3,1,1,56.23413251903491,96.6997982186925,4.4743365543626865,1.0
"(4, 5, 8)",3,1,1,100.0,100.38576493030143,4.449448688757297,1.0
"(4, 5, 8)",3,1,1,177.82794100389228,104.04717913263298,4.435507793508278,1.0
"(4, 5, 8)",3,1,1,316.22776601683796,107.52595248747903,4.428048087724319,1.0
"(4, 5, 8)",3,1,1,562.341325190349,110.7706487709606,4.424134371899875,1.0
"(4, 5, 8)",3,1,1,1000.0,113.81861813229605,4.422068889584919,1.0000000000000002
"(4, 5, 8)",3,1,1,1778.2794100389228,116.77322576778424,4.420945227994544,1.0
"(4, 5, 8)",3,1,1,3162.2776601683795,119.78709590152768,4.420302449141649,0.9999999999999998
"(4, 5, 8)",3,1,1,5623.413251903491,123.05488512939218,4.41991169764225,1.0
"(4, 5, 8)",3,1,1,10000.0,126.81554074343231,4.419659492840209,1.0
"(4, 5, 8)",3,1,1,17782.794100389227,131.36310442421737,4.419488345049669,0.9999999999999998
"(4, 5, 8)",3,1,1,31622.776601683792,137.06554558965644,4.419367833385221,1.0
"(4, 5, 8)",3,1,1,56234.13251903491,144.3920050640019,4.4192808452128585,1.0
"(4, 5, 8)",3,1,1,100000.0,153.94988090149982,4.419217065622876,0.9999999999999998
"(4, 5, 8)",3,1,1,177827.94100389228,166.5342906822927,4.419169858375502,1.0
"(4, 5, 8)",3,1,1,316227.7660168379,183.19367575029153,4.419134722216425,1.0
"(4, 5, 8)",3,1,1,562341.3251903491,205.3167524883623,4.419108486004752,0.9999999999999999
"(4, 5, 8)",3,1,1,1000000.0,234.74791821971394,4.4190888590611594,1.0
"(4, 5, 8)",3,1,3,0.0,72.60986673196486,5.823749682419274,1.0
"(4, 5, 8)",3,1,3,0.0001,72.60986673690441,5.823700286480495,1.0
"(4, 5, 8)",3,1,3,0.00017782794100389227,72.60986674758466,5.823661844780113,1.0
"(4, 5, 8)",3,1,3,0.00031622776601683794,72.60986678135589,5.823593489324466,1.0
"(4, 5, 8)",3,1,3,0.0005623413251903491,72.60986688813685,5.823471948859989,1.0
"(4, 5, 8)",3,1,3,0.001,72.60986722573368,5.823255862222525,0.9999999999999998
"(4, 5, 8)",3,1,3,0.0017782794100389228,72.6098682928915,5.8228717460519945,1.0
"(4, 5, 8)",3,1,3,0.0031622776601683794,72.60987166519813,5.82218914228683,1.0
"(4, 5, 8)",3,1,3,0.005623413251903491,72.60988231621258,5.82097674135103,1.0
"(4, 5, 8)",3,1,3,0.01,72.60991592388831,5.8188253569458155,1.0
"(4, 5, 8)",3,1,3,0.01778279410038923,72.61002178761449,5.815014086922494,1.0
"(4, 5, 8)",3,1,3,0.03162277660168379,72.61035425376188,5.808282056103275,0.9999999999999998
"(4, 5, 8)",3,1,3,0.05623413251903491,72.6113928284075,5.796452440150811,1.0
"(4, 5, 8)",3,1,3,0.1,72.61460702570415,5.77585369316486,0.9999999999999998
"(4, 5, 8)",3,1,3,0.1778279410038923,72.62439417821847,5.7405489838240085,1.0
"(4, 5, 8)",3,1,3,0.31622776601683794,72.65337998233689,5.681657065470081,1.0
"(4, 5, 8)",3,1,3,0.5623413251903491,72.73535510940208,5.587750566659518,1.0
"(4, 5, 8)",3,1,3,1.0,72.95083202969897,5.448370673202701,1.0
"(4, 5, 8)",3,1,3,1.7782794100389228,73.45923926769062,5.262342200835771,1.0
"(4, 5, 8)",3,1,3,3.1622776601683795,74.49820997816714,5.046940540471627,0.9999999999999999
"(4, 5, 8)",3,1,3,5.623413251903491,76.2948742254821,4.835738790918715,1.0000000000000002
"(4, 5, 8)",3,1,3,10.0,78.92686500939156,4.660423123824668,1.0
"(4, 5, 8)",3,1,3,17.78279410038923,82.27274732835963,4.534329294225343,1.0000000000000002
"(4, 5, 8)",3,1,3,31.622776601683793,86.0823417465476,4.453219804355549,1.0
"(4, 5, 8)",3,1,3,56.23413251903491,90.06553620719285,4.405355818946377,1.0
"(4, 5, 8)",3,1,3,100.0,93.95217985998875,4.379013170001088,1.0
"(4, 5, 8)",3,1,3,177.82794100389228,97.53292029443251,4.365331483347082,1.0
"(4, 5, 8)",3,1,3,316.22776601683796,100.67978186873908,4.3585563246634225,1.0
"(4, 5, 8)",3,1,3,562.341325190349,103.34283362723212,4.3553270098568335,0.9999999999999999
"(4, 5, 8)",3,1,3,1000.0,105.53095792394926,4.353833067711923,1.0
"(4, 5, 8)",3,1,3,1778.2794100389228,107.28865939836768,4.3531575914330665,1.0
"(4, 5, 8)",3,1,3,3162.2776601683795,108.67666071498778,4.352857428030081,1.0
"(4, 5, 8)",3,1,3,5623.413251903491,109.75877453422449,4.352725764297445,1.0
"(4, 5, 8)",3,1,3,10000.0,110.59445597043484,4.35266856385733,1.0
"(4, 5, 8)",3,1,3,17782.794100389227,111.23541021819192,4.352643886205702,1.0
"(4, 5, 8)",3,1,3,31622.776601683792,111.72469094880867,4.352633290887241,0.9999999999999999
"(4, 5, 8)",3,1,3,56234.13251903491,112.09713445104461,4.352628755005135,1.0
"(4, 5, 8)",3,1,3,100000.0,112.3803960681016,4.352626815047103,1.0
"(4, 5, 8)",3,1,3,177827.94100389228,112.5961533790061,4.352625984094694,0.9999999999999998
"(4, 5, 8)",3,1,3,316227.7660168379,112.76129566676548,4.352625626496486,0.9999999999999999
"(4, 5, 8)",3,1,3,562341.3251903491,112.88891510110845,4.352625471002548,1.0
"(4, 5, 8)",3,1,3,1000000.0,112.98905546185186,4.352625402056444,1.0000000000000002
"(4, 6, 7)",3,-1,0.1,0.0,1814.4528850957024,11.019035966827495,1.0000000000000002
"(4, 6, 7)",3,-1,0.1,0.0001,1814.4528850958816,11.019034174935957,0.9999999999999999
"(4, 6, 7)",3,-1,0.1,0.00017782794100389227,1814.4528850962668,11.019032780347716,1.0
"(4, 6, 7)",3,-1,0.1,0.00031622776601683794,1814.4528850974937,11.019030300388676,0.9999999999999999
"(4, 6, 7)",3,-1,0.1,0.0005623413251903491,1814.4528851013683,11.019025890355515,1.0
"(4, 6, 7)",3,-1,0.1,0.001,1814.4528851136188,11.019018048169519,1.0
"(4, 6, 7)",3,-1,0.1,0.0017782794100389228,1814.452885152361,11.0190041028409,0.9999999999999999
"(4, 6, 7)",3,-1,0.1,0.0031622776601683794,1814.4528852748736,11.018979305001832,1.0
"(4, 6, 7)",3,-1,0.1,0.005623413251903491,1814.452885662269,11.018935210208198,1.0
"(4, 6, 7)",3,-1,0.1,0.01,1814.4528868871953,11.018856805859537,1.0
"(4, 6, 7)",3,-1,0.1,0.01778279410038923,1814.4528907599965,11.01871740794121,0.9999999999999999
"(4, 6, 7)",3,-1,0.1,0.03162277660168379,1814.4529030025822,11.018469604589203,1.0
"(4, 6, 7)",3,-1,0.1,0.05623413251903491,1814.4529416928344,11.018029209894936,0.9999999999999999
"(4, 6, 7)",3,-1,0.1,0.1,1814.4530639060822,11.017246914346496,1.0
"(4, 6, 7)",3,-1,0.1,0.1778279410038923,1814.4534496146025,11.015858453835062,0.9999999999999998
"(4, 6, 7)",3,-1,0.1,0.31622776601683794,1814.4546650545687,11.013397822612681,1.0
"(4, 6, 7)",3,-1,0.1,0.5623413251903491,1814.458484733374,11.00904863121802,1.0
"(4, 6, 7)",3,-1,0.1,1.0,1814.4704310572704,11.001397296782667,0.9999999999999998
"(4, 6, 7)",3,-1,0.1,1.7782794100389228,1814.5074800591947,10.988046962919762,1.0
"(4, 6, 7)",3,-1,0.1,3.1622776601683795,1814.6207036906085,10.965084310143746,1.0
"(4, 6, 7)",3,-1,0.1,5.623413251903491,1814.9581171883615,10.926547370437248,1.0
"(4, 6, 7)",3,-1,0.1,10.0,1815.9223016583658,10.86447258576278,1.0000000000000002
"(4, 6, 7)",3,-1,0.1,17.78279410038923,1818.499620362004,10.77081347161097,1.0
"(4, 6, 7)",3,-1,0.1,31.622776601683793,1824.7450254954417,10.642504399694609,1.0
"(4, 6, 7)",3,-1,0.1,56.23413251903491,1838.0814840920054,10.48743400479698,1.0
"(4, 6, 7)",3,-1,0.1,100.0,1863.0965152408353,10.322935172216166,0.9999999999999999
"(4, 6, 7)",3,-1,0.1,177.82794100389228,1906.1578060689233,10.163293136825105,1.0
"(4, 6, 7)",3,-1,0.1,316.22776601683796,1979.0490807211502,10.011387348631542,1.0
"(4, 6, 7)",3,-1,0.1,562.341325190349,2103.224068196517,9.865838671181374,1.0
"(4, 6, 7)",3,-1,0.1,1000.0,2309.085948044567,9.729844420012506,0.9999999999999999
"(4, 6, 7)",3,-1,0.1,1778.2794100389228,2631.051172374675,9.609869028994657,1.0
"(4, 6, 7)",3,-1,0.1,3162.2776601683795,3104.9636100194225,9.510298031161053,1.0
"(4, 6, 7)",3,-1,0.1,5623.413251903491,3771.608775793269,9.431396988062664,0.9999999999999999
"(4, 6, 7)",3,-1,0.1,10000.0,4684.539335433985,9.370579847542878,1.0
"(4, 6, 7)",3,-1,0.1,17782.794100389227,5917.950796125682,9.324353643080318,0.9999999999999999
"(4, 6, 7)",3,-1,0.1,31622.776601683792,7573.592653596023,9.28945253577796,1.0
"(4, 6, 7)",3,-1,0.1,56234.13251903491,9788.969984265826,9.26318817800141,1.0
"(4, 6, 7)",3,-1,0.1,100000.0,12748.55890291599,9.243456030784815,1.0
"(4, 6, 7)",3,-1,0.1,177827.94100389228,16699.061022145557,9.228644226787722,1.0
"(4, 6, 7)",3,-1,0.1,316227.7660168379,21969.91281489602,9.217530914310313,1.0000000000000002
"(4, 6, 7)",3,-1,0.1,562341.3251903491,29000.727462055387,9.209194626363225,1.0
"(4, 6, 7)",3,-1,0.1,1000000.0,38377.93521246518,9.202942260481601,1.0
"(4, 6, 7)",3,-1,1,0.0,63.55347451673668,3.545981962569693,1.0
"(4, 6, 7)",3,-1,1,0.0001,63.5534745175516,3.545973812305365,1.0
"(4, 6, 7)",3,-1,1,0.00017782794100389227,63.55347451931392,3.545967469314912,1.0
"(4, 6, 7)",3,-1,1,0.00031622776601683794,63.553474524886354,3.545956190121603,1.0
"(4, 6, 7)",3,-1,1,0.0005623413251903491,63.5534745425071,3.5459361338798807,1.0
"(4, 6, 7)",3,-1,1,0.001,63.55347459822202,3.5459004724375465,0.9999999999999999
"(4, 6, 7)",3,-1,1,0.0017782794100389228,63.55347477437072,3.5458370695785573,1.0
"(4, 6, 7)",3,-1,1,0.0031622776601683794,63.55347533119104,3.5457243631435347,1.0
"(4, 6, 7)",3,-1,1,0.005623413251903491,63.55347709082754,3.5455240709388893,1.0
"(4, 6, 7)",3,-1,1,0.01,63.553482648638834,3.5451683101267624,1.0000000000000002
"(4, 6, 7)",3,-1,1,0.01778279410038923,63.553500186696674,3.544536975978488,1.0
"(4, 6, 7)",3,-1,1,0.03162277660168379,63.55355543822385,3.5434184046850135,1.0
"(4, 6, 7)",3,-1,1,0.05623413251903491,63.5537289951477,3.5414421864775996,1.0
"(4, 6, 7)",3,-1,1,0.1,63.55427138208722,3.5379681712620883,1.0
"(4, 6, 7)",3,-1,1,0.1778279410038923,63.55595123156138,3.531914494365093,1.0
"(4, 6, 7)",3,-1,1,0.31622776601683794,63.561073579108715,3.521524667078691,1.0
"(4, 6, 7)",3,-1,1,0.5623413251903491,63.576285701599446,3.5041471654452416,0.9999999999999998
"(4, 6, 7)",3,-1,1,1.0,63.61954346252891,3.476290442671602,0.9999999999999999
"(4, 6, 7)",3,-1,1,1.7782794100389228,63.73451552522151,3.4344987043334334,1.0
"(4, 6, 7)",3,-1,1,3.1622776601683795,64.01179277522277,3.377522929235075,1.0
"(4, 6, 7)",3,-1,1,5.623413251903491,64.60158920859433,3.3089268464888693,1.0
"(4, 6, 7)",3,-1,1,10.0,65.68889001290435,3.2373121862421432,1.0
"(4, 6, 7)",3,-1,1,17.78279410038923,67.4247618740909,3.1725848158312795,1.0
"(4, 6, 7)",3,-1,1,31.622776601683793,69.85835934654652,3.121258631512516,0.9999999999999999
"(4, 6, 7)",3,-1,1,56.23413251903491,72.92049000345972,3.084771706206533,1.0
"(4, 6, 7)",3,-1,1,100.0,76.46020958716086,3.0609690285878646,1.0000000000000002
"(4, 6, 7)",3,-1,1,177.82794100389228,80.30128389251972,3.046407074009153,1.0
"(4, 6, 7)",3,-1,1,316.22776601683796,84.29407547920484,3.0378813835419067,1.0
"(4, 6, 7)",3,-1,1,562.341325190349,88.35384622388206,3.0330039385774112,1.0
"(4, 6, 7)",3,-1,1,1000.0,92.48124472096026,3.0302168876294897,1.0
"(4, 6, 7)",3,-1,1,1778.2794100389228,96.7674047591142,3.0285917097447483,1.0
"(4, 6, 7)",3,-1,1,3162.2776601683795,101.3917252487538,3.0276077787113076,1.0
"(4, 6, 7)",3,-1,1,5623.413251903491,106.62072459921889,3.026983562564004,1.0
"(4, 6, 7)",3,-1,1,10000.0,112.81390045356248,3.026568680346655,1.0000000000000002
"(4, 6, 7)",3,-1,1,17782.794100389227,120.44005783948582,3.0262818620068694,1.0
"(4, 6, 7)",3,-1,1,31622.776601683792,130.10625427806193,3.0260776623240324,1.0
"(4, 6, 7)",3,-1,1,56234.13251903491,142.60143464535565,3.0259293376767986,1.0
"(4, 6, 7)",3,-1,1,100000.0,158.95766668902118,3.0258202063367423,1.0
"(4, 6, 7)",3,-1,1,177827.94100389228,180.53333816570137,3.0257392765785274,1.0
"(4, 6, 7)",3,-1,1,316227.7660168379,209.124696781678,3.025678977867897,1.0
"(4, 6, 7)",3,-1,1,562341.3251903491,247.11454268672503,3.025633926986746,1.0
"(4, 6, 7)",3,-1,1,1000000.0,297.6702952207439,3.0256002146914547,0.9999999999999999
"(4, 6, 7)",3,-1,3,0.0,53.53164992124916,3.9277204079417434,1.0
"(4, 6, 7)",3,-1,3,0.0001,53.531649924660606,3.9276862928944216,1.0
"(4, 6, 7)",3,-1,3,0.00017782794100389227,53.531649932036856,3.9276597433458313,1.0
"(4, 6, 7)",3,-1,3,0.00031622776601683794,53.53164995536081,3.927612534052457,1.0
"(4, 6, 7)",3,-1,3,0.0005623413251903491,53.53165002910843,3.9275285929263095,1.0
"(4, 6, 7)",3,-1,3,0.001,53.53165026226701,3.9273793543600983,0.9999999999999999
"(4, 6, 7)",3,-1,3,0.0017782794100389228,53.53165099928903,3.9271140683027874,1.0
"(4, 6, 7)",3,-1,3,0.0031622776601683794,53.53165332832617,3.9266426372742425,0.9999999999999999
"(4, 6, 7)",3,-1,3,0.005623413251903491,53.53166068422996,3.9258053170806493,1.0
"(4, 6, 7)",3,-1,3,0.01,53.53168389427062,3.9243195323919218,1.0
"(4, 6, 7)",3,-1,3,0.01778279410038923,53.53175700329825,3.9216874811533917,1.0
"(4, 6, 7)",3,-1,3,0.03162277660168379,53.531986590173865,3.9170386140338254,0.9999999999999999
"(4, 6, 7)",3,-1,3,0.05623413251903491,53.53270371406114,3.908870352423726,1.0
"(4, 6, 7)",3,-1,3,0.1,53.53492268665986,3.8946495296791435,1.0
"(4, 6, 7)",3,-1,3,0.1778279410038923,53.54167725908124,3.8702836413876525,1.0
"(4, 6, 7)",3,-1,3,0.31622776601683794,53.56167034391305,3.829661320482412,1.0000000000000002
"(4, 6, 7)",3,-1,3,0.5623413251903491,53.61815568494541,3.7649507261535855,1.0
"(4, 6, 7)",3,-1,3,1.0,53.766368008182674,3.66907050392281,1.0
"(4, 6, 7)",3,-1,3,1.7782794100389228,54.11505324816712,3.541463827427471,1.0
"(4, 6, 7)",3,-1,3,3.1622776601683795,54.82474424369643,3.394298417124373,1.0
"(4, 6, 7)",3,-1,3,5.623413251903491,56.04760717479555,3.2505321924168213,1.0
"(4, 6, 7)",3,-1,3,10.0,57.842410593602054,3.1310203908250127,1.0
"(4, 6, 7)",3,-1,3,17.78279410038923,60.1608291076187,3.0437554516800365,1.0
"(4, 6, 7)",3,-1,3,31.622776601683793,62.90358919334442,2.9855007493589847,1.0
"(4, 6, 7)",3,-1,3,56.23413251903491,65.95460891877829,2.9489643753916672,1.0
"(4, 6, 7)",3,-1,3,100.0,69.17540261141859,2.9272218932468306,1.0
"(4, 6, 7)",3,-1,3,177.82794100389228,72.4062631210899,2.914927198591219,1.0
"(4, 6, 7)",3,-1,3,316.22776601683796,75.49079301036085,2.9083114052756387,1.0
"(4, 6, 7)",3,-1,3,562.341325190349,78.30497505503996,2.9049102332226755,1.0
"(4, 6, 7)",3,-1,3,1000.0,80.77307747248855,2.903229923550049,1.0
"(4, 6, 7)",3,-1,3,1778.2794100389228,82.86742451744303,2.9024269740812567,1.0
"(4, 6, 7)",3,-1,3,3162.2776601683795,84.5979359955919,2.9020534664426574,1.0
"(4, 6, 7)",3,-1,3,5623.413251903491,85.99850065185551,2.90188333019124,1.0
"(4, 6, 7)",3,-1,3,10000.0,87.1148310914664,2.9018070262592315,1.0
"(4, 6, 7)",3,-1,3,17782.794100389227,87.99568850708532,2.9017731564421876,1.0
"(4, 6, 7)",3,-1,3,31622.776601683792,88.6875542293898,2.901758195359779,0.9999999999999998
"(4, 6, 7)",3,-1,3,56234.13251903491,89.23201940297594,2.901751576277472,1.0
"(4, 6, 7)",3,-1,3,100000.0,89.6650121334711,2.901748618326894,1.0
"(4, 6, 7)",3,-1,3,177827.94100389228,90.01712527367229,2.9017472674778584,0.9999999999999998
"(4, 6, 7)",3,-1,3,316227.7660168379,90.31452856030702,2.9017466272021304,1.0
"(4, 6, 7)",3,-1,3,562341.3251903491,90.58016299867714,2.9017463064669196,1.0
"(4, 6, 7)",3,-1,3,1000000.0,90.8349922089815,2.9017461338207005,1.0
"(4, 6, 7)",3,0,0.1,0.0,5842.4246178863605,44.70103260821626,1.0
"(4, 6, 7)",3,0,0.1,0.0001,5842.424617887037,44.70102578896053,1.0
"(4, 6, 7)",3,0,0.1,0.00017782794100389227,5842.424617888516,44.70102048168818,1.0
"(4, 6, 7)",3,0,0.1,0.00031622776601683794,5842.424617893181,44.70101104390311,1.0
"(4, 6, 7)",3,0,0.1,0.0005623413251903491,5842.424617907919,44.70099426097245,0.9999999999999998
"(4, 6, 7)",3,0,0.1,0.001,5842.424617954538,44.700964416511454,1.0
"(4, 6, 7)",3,0,0.1,0.0017782794100389228,5842.424618101981,44.70091134560327,1.0
"(4, 6, 7)",3,0,0.1,0.0031622776601683794,5842.4246185682105,44.700816973491115,1.0
"(4, 6, 7)",3,0,0.1,0.005623413251903491,5842.424620042524,44.700649162333434,1.0
"(4, 6, 7)",3,0,0.1,0.01,5842.424624704282,44.70035077511486,1.0
"(4, 6, 7)",3,0,0.1,0.01778279410038923,5842.424639443593,44.69982024750291,1.0
"(4, 6, 7)",3,0,0.1,0.03162277660168379,5842.424686039371,44.69887710010039,1.0
"(4, 6, 7)",3,0,0.1,0.05623413251903491,5842.424833308862,44.6972008019876,0.9999999999999998
"(4, 6, 7)",3,0,0.1,0.1,5842.425298569872,44.694222660016905,1.0
"(4, 6, 7)",3,0,0.1,0.1778279410038923,5842.42676734985,44.68893547938264,1.0
"(4, 6, 7)",3,0,0.1,0.31622776601683794,5842.431398004002,44.67956108789431,1.0
"(4, 6, 7)",3,0,0.1,0.5623413251903491,5842.445962983387,44.66297783231482,1.0
"(4, 6, 7)",3,0,0.1,1.0,5842.491585349799,44.63376038128623,1.0
"(4, 6, 7)",3,0,0.1,1.7782794100389228,5842.633451663809,44.582647821952946,1.0
"(4, 6, 7)",3,0,0.1,3.1622776601683795,5843.069018109845,44.494335193294056,1.0
"(4, 6, 7)",3,0,0.1,5.623413251903491,5844.377360812349,44.34497388656421,1.0
"(4, 6, 7)",3,0,0.1,10.0,5848.165556711777,44.10127060588175,1.0
"(4, 6, 7)",3,0,0.1,17.78279410038923,5858.504747102733,43.725986550020814,1.0
"(4, 6, 7)",3,0,0.1,31.622776601683793,5884.336565840163,43.19616745416912,1.0
"(4, 6, 7)",3,0,0.1,56.23413251903491,5941.727828739426,42.530200871272925,1.0
"(4, 6, 7)",3,0,0.1,100.0,6053.875534117828,41.79403589835304,1.0
"(4, 6, 7)",3,0,0.1,177.82794100389228,6251.650407598484,41.061171606939865,1.0
"(4, 6, 7)",3,0,0.1,316.22776601683796,6582.818280752098,40.37007741720578,1.0
"(4, 6, 7)",3,0,0.1,562.341325190349,7123.845487487888,39.73438916001417,1.0
"(4, 6, 7)",3,0,0.1,1000.0,7974.961923526839,39.17072671628667,0.9999999999999998
"(4, 6, 7)",3,0,0.1,1778.2794100389228,9244.85382756615,38.69657574536301,1.0
"(4, 6, 7)",3,0,0.1,3162.2776601683795,11052.7933623047,38.316248943958975,1.0
"(4, 6, 7)",3,0,0.1,5623.413251903491,13549.08367397432,38.020617443430936,1.0
"(4, 6, 7)",3,0,0.1,10000.0,16937.753292457495,37.79481048942315,1.0
"(4, 6, 7)",3,0,0.1,17782.794100389227,21498.062345342045,37.62387638697936,1.0
"(4, 6, 7)",3,0,0.1,31622.776601683792,27608.43316794841,37.49506151784183,1.0
"(4, 6, 7)",3,0,0.1,56234.13251903491,35777.49410449205,37.398210568409745,1.0
"(4, 6, 7)",3,0,0.1,100000.0,46686.08919217097,37.32547975696518,1.0
"(4, 6, 7)",3,0,0.1,177827.94100389228,61243.83871801093,37.27089720877802,1.0
"(4, 6, 7)",3,0,0.1,316227.7660168379,80664.88973261595,37.22994867291989,1.0
"(4, 6, 7)",3,0,0.1,562341.3251903491,106569.10143784068,37.199234352559394,1.0
"(4, 6, 7)",3,0,0.1,1000000.0,141117.00886864963,37.17619876908714,1.0
"(4, 6, 7)",3,0,1,0.0,162.6384097275831,10.883465135978037,1.0
"(4, 6, 7)",3,0,1,0.0001,162.63840972993475,10.883441620222836,1.0
"(4, 6, 7)",3,0,1,0.00017782794100389227,162.63840973501942,10.883423319037913,1.0
"(4, 6, 7)",3,0,1,0.00031622776601683794,162.6384097510973,10.883390775806053,1.0
"(4, 6, 7)",3,0,1,0.0005623413251903491,162.63840980193677,10.883332909237197,1.0
"(4, 6, 7)",3,0,1,0.001,162.63840996268283,10.88323002019029,1.0
"(4, 6, 7)",3,0,1,0.0017782794100389228,162.6384104708824,10.88304709860027,0.9999999999999998
"(4, 6, 7)",3,0,1,0.0031622776601683794,162.63841207724766,10.882721951605795,1.0
"(4, 6, 7)",3,0,1,0.005623413251903491,162.6384171530717,10.882144187629692,0.9999999999999998
"(4, 6, 7)",3,0,1,0.01,162.63843318205855,10.881118145476904,1.0
"(4, 6, 7)",3,0,1,0.01778279410038923,162.63848374579456,10.879297919079205,0.9999999999999998
"(4, 6, 7)",3,0,1,0.03162277660168379,162.63864294650372,10.876074777556678,0.9999999999999998
"(4, 6, 7)",3,0,1,0.05623413251903491,162.6391425052388,10.870386168406478,1.0
"(4, 6, 7)",3,0,1,0.1,162.64070078503465,10.860404226369809,1.0
"(4, 6, 7)",3,0,1,0.1778279410038923,162.64551114487216,10.843065798292663,1.0
"(4, 6, 7)",3,0,1,0.31622776601683794,162.66009466225418,10.813475584114318,1.0
"(4, 6, 7)",3,0,1,0.5623413251903491,162.70296921943137,10.764469206610942,1.0
"(4, 6, 7)",3,0,1,1.0,162.82279684402837,10.68722604628917,1.0
"(4, 6, 7)",3,0,1,1.7782794100389228,163.1322471409051,10.574555563903786,1.0
"(4, 6, 7)",3,0,1,3.1622776601683795,163.84559325889856,10.427600096418443,1.0
"(4, 6, 7)",3,0,1,5.623413251903491,165.26850971226656,10.261531276221712,1.0
"(4, 6, 7)",3,0,1,10.0,167.69284837968783,10.101218441821436,1.0
"(4, 6, 7)",3,0,1,17.78279410038923,171.26456211514866,9.967543360342718,0.9999999999999998
"(4, 6, 7)",3,0,1,31.622776601683793,175.94040556654343,9.868639406387697,1.0
"(4, 6, 7)",3,0,1,56.23413251903491,181.53537999816757,9.801842554948234,1.0
"(4, 6, 7)",3,0,1,100.0,187.82656060936986,9.759508281798642,0.9999999999999998
"(4, 6, 7)",3,0,1,177.82794100389228,194.67330067816133,9.733577130711696,1.0
"(4, 6, 7)",3,0,1,316.22776601683796,202.09410218481216,9.717778779446496,1.0
"(4, 6, 7)",3,0,1,562.341325190349,210.29284351713895,9.707976543509478,1.0
"(4, 6, 7)",3,0,1,1000.0,219.6630086077059,9.701688167319684,0.9999999999999998
"(4, 6, 7)",3,0,1,1778.2794100389228,230.79357397673311,9.697495250115246,0.9999999999999998
"(4, 6, 7)",3,0,1,3162.2776601683795,244.4902670372548,9.694598250097227,1.0
"(4, 6, 7)",3,0,1,5623.413251903491,261.8197640019655,9.69253940092279,1.0
"(4, 6, 7)",3,0,1,10000.0,284.181821176487,9.69104655565606,0.9999999999999998
"(4, 6, 7)",3,0,1,17782.794100389227,313.414614820516,9.689949676065766,1.0
"(4, 6, 7)",3,0,1,31622.776601683792,351.94069764679415,9.689137009909212,1.0
"(4, 6, 7)",3,0,1,56234.13251903491,402.9644865663815,9.688531875218414,1.0
"(4, 6, 7)",3,0,1,100000.0,470.73679309459203,9.688079929163283,1.0
"(4, 6, 7)",3,0,1,177827.94100389228,560.9076355836722,9.687741805360977,1.0
"(4, 6, 7)",3,0,1,316227.7660168379,680.9964403004246,9.687488584021628,0.9999999999999998
"(4, 6, 7)",3,0,1,562341.3251903491,841.0181624428724,9.687298836894442,1.0
"(4, 6, 7)",3,0,1,1000000.0,1054.3172487917338,9.687156606262498,1.0
"(4, 6, 7)",3,0,3,0.0,115.88670084392743,12.4151634836522,1.0
"(4, 6, 7)",3,0,3,0.0001,115.88670085720675,12.415030689166494,1.0
"(4, 6, 7)",3,0,3,0.00017782794100389227,115.88670088591876,12.414927344288998,1.0
"(4, 6, 7)",3,0,3,0.00031622776601683794,115.88670097670703,12.414743581917312,1.0
"(4, 6, 7)",3,0,3,0.0005623413251903491,115.88670126376624,12.414416844380632,1.0
"(4, 6, 7)",3,0,3,0.001,115.88670217130755,12.413835950653942,1.0
"(4, 6, 7)",3,0,3,0.0017782794100389228,115.88670503997173,12.41280339203493,1.0
"(4, 6, 7)",3,0,3,0.0031622776601683794,115.88671410455306,12.410968581581564,0.9999999999999999
"(4, 6, 7)",3,0,3,0.005623413251903491,115.88674273035869,12.407710093196409,1.0
"(4, 6, 7)",3,0,3,0.01,115.88683303484119,12.401929206618993,1.0
"(4, 6, 7)",3,0,3,0.01778279410038923,115.88711738120794,12.391692030968471,1.0
"(4, 6, 7)",3,0,3,0.03162277660168379,115.88800975301098,12.373621866634204,1.0
"(4, 6, 7)",3,0,3,0.05623413251903491,115.89079395908509,12.341906813152434,1.0
"(4, 6, 7)",3,0,3,0.1,115.899391869924,12.286798625448153,1.0
"(4, 6, 7)",3,0,3,0.1778279410038923,115.92547278990271,12.192697362277558,1.0
"(4, 6, 7)",3,0,3,0.31622776601683794,116.00220562387898,12.03673543811785,1.0
"(4, 6, 7)",3,0,3,0.5623413251903491,116.21677897632074,11.790769911061599,1.0
"(4, 6, 7)",3,0,3,1.0,116.77029185508235,11.43234279576593,1.0
"(4, 6, 7)",3,0,3,1.7782794100389228,118.03735492681783,10.967907540660676,1.0
"(4, 6, 7)",3,0,3,3.1622776601683795,120.50901542136027,10.454111765330596,1.0
"(4, 6, 7)",3,0,3,5.623413251903491,124.50490826227558,9.982614244238377,1.0
"(4, 6, 7)",3,0,3,10.0,129.85805425432306,9.624337744104563,1.0
"(4, 6, 7)",3,0,3,17.78279410038923,135.9856436192636,9.392205100794385,1.0
"(4, 6, 7)",3,0,3,31.622776601683793,142.26504896065822,9.257867398277995,0.9999999999999998
"(4, 6, 7)",3,0,3,56.23413251903491,148.26494118967693,9.185495911022635,1.0
"(4, 6, 7)",3,0,3,100.0,153.73869100622142,9.14829763655185,1.0
"(4, 6, 7)",3,0,3,177.82794100389228,158.55818497317958,9.129851343840516,1.0
"(4, 6, 7)",3,0,3,316.22776601683796,162.6756932548895,9.120977362846768,1.0
"(4, 6, 7)",3,0,3,562.341325190349,166.10410989215438,9.116817667587851,1.0
"(4, 6, 7)",3,0,3,1000.0,168.89904015900262,9.114909023223655,0.9999999999999998
"(4, 6, 7)",3,0,3,1778.2794100389228,171.14061800020335,9.11404764652627,1.0
"(4, 6, 7)",3,0,3,3162.2776601683795,172.91812279399392,9.113663382692344,1.0
"(4, 6, 7)",3,0,3,5623.413251903491,174.31932823607727,9.11349301753019,1.0
"(4, 6, 7)",3,0,3,10000.0,175.424528011463,9.113417468098469,1.0
"(4, 6, 7)",3,0,3,17782.794100389227,176.3041788632628,9.113383676385858,1.0
"(4, 6, 7)",3,0,3,31622.776601683792,177.01891747719895,9.113368256361756,0.9999999999999998
"(4, 6, 7)",3,0,3,56234.13251903491,177.62097302957045,9.113360967417547,1.0
"(4, 6, 7)",3,0,3,100000.0,178.156299920047,9.113357333505506,1.0
"(4, 6, 7)",3,0,3,177827.94100389228,178.66707837522344,9.1133553903784,1.0
"(4, 6, 7)",3,0,3,316227.7660168379,179.19447820280527,9.113354266056977,1.0
"(4, 6, 7)",3,0,3,562341.3251903491,179.7813056908743,9.113353563975135,1.0
"(4, 6, 7)",3,0,3,1000000.0,180.47468946179825,9.11335309664855,1.0
"(4, 6, 7)",3,1,0.1,0.0,1382.353300327634,10.810913697767305,1.0
"(4, 6, 7)",3,1,0.1,0.0001,1382.3533003276896,10.810913149351709,1.0
"(4, 6, 7)",3,1,0.1,0.00017782794100389227,1382.3533003278058,10.810912722532239,1.0
"(4, 6, 7)",3,1,0.1,0.00031622776601683794,1382.3533003281816,10.810911963530096,0.9999999999999999
"(4, 6, 7)",3,1,0.1,0.0005623413251903491,1382.3533003293674,10.810910613818729,0.9999999999999999
"(4, 6, 7)",3,1,0.1,0.001,1382.353300333116,10.810908213675459,1.0
"(4, 6, 7)",3,1,0.1,0.0017782794100389228,1382.3533003449734,10.810903945615465,1.0
"(4, 6, 7)",3,1,0.1,0.0031622776601683794,1382.3533003824678,10.810896356019125,0.9999999999999999
"(4, 6, 7)",3,1,0.1,0.005623413251903491,1382.3533005010333,10.81088286025038,1.0
"(4, 6, 7)",3,1,0.1,0.01,1382.3533008759437,10.810858863071042,1.0
"(4, 6, 7)",3,1,0.1,0.01778279410038923,1382.3533020613345,10.810816195920225,1.0
"(4, 6, 7)",3,1,0.1,0.03162277660168379,1382.353305808836,10.810740342473672,1.0
"(4, 6, 7)",3,1,0.1,0.05623413251903491,1382.353317653617,10.810605519162268,0.9999999999999999
"(4, 6, 7)",3,1,0.1,0.1,1382.3533550770912,10.810365971887103,1.0
"(4, 6, 7)",3,1,0.1,0.1778279410038923,1382.353473235137,10.809940640488547,0.9999999999999999
"(4, 6, 7)",3,1,0.1,0.31622776601683794,1382.3538458456417,10.809186330750036,0.9999999999999999
"(4, 6, 7)",3,1,0.1,0.5623413251903491,1382.3550183518732,10.807851384436075,0.9999999999999998
"(4, 6, 7)",3,1,0.1,1.0,1382.3586940283587,10.805497523377968,1.0
"(4, 6, 7)",3,1,0.1,1.7782794100389228,1382.3701413789533,10.801373573335868,1.0000000000000002
"(4, 6, 7)",3,1,0.1,3.1622776601683795,1382.4053926058089,10.794227559717243,1.0
"(4, 6, 7)",3,1,0.1,5.623413251903491,1382.5119192802326,10.78207094595506,1.0
"(4, 6, 7)",3,1,0.1,10.0,1382.824290268836,10.761991455248767,1.0000000000000002
"(4, 6, 7)",3,1,0.1,17.78279410038923,1383.700282508689,10.730250048967573,1.0
"(4, 6, 7)",3,1,0.1,31.622776601683793,1386.0160092689625,10.682921471191415,1.0
"(4, 6, 7)",3,1,0.1,56.23413251903491,1391.740939530723,10.61691353980714,1.0
"(4, 6, 7)",3,1,0.1,100.0,1404.9905296056056,10.530744768422158,1.0
"(4, 6, 7)",3,1,0.1,177.82794100389228,1433.7148602752798,10.425354855141668,0.9999999999999999
"(4, 6, 7)",3,1,0.1,316.22776601683796,1491.4228158150804,10.305813383265074,1.0
"(4, 6, 7)",3,1,0.1,562.341325190349,1597.237041494819,10.181981931690169,1.0
"(4, 6, 7)",3,1,0.1,1000.0,1773.4368611524603,10.065499859140246,1.0
"(4, 6, 7)",3,1,0.1,1778.2794100389228,2042.6413076146584,9.965051016432774,0.9999999999999998
"(4, 6, 7)",3,1,0.1,3162.2776601683795,2428.717300254349,9.883844892830618,1.0
"(4, 6, 7)",3,1,0.1,5623.413251903491,2962.07378847966,9.820677986761806,1.0
"(4, 6, 7)",3,1,0.1,10000.0,3685.3069345693675,9.772481982145264,1.0
"(4, 6, 7)",3,1,0.1,17782.794100389227,4657.576451833395,9.73603680993591,1.0000000000000002
"(4, 6, 7)",3,1,0.1,31622.776601683792,5959.350582141758,9.708592860019653,1.0
"(4, 6, 7)",3,1,0.1,56234.13251903491,7698.876540671385,9.687968976901612,1.0
"(4, 6, 7)",3,1,0.1,100000.0,10021.07190783748,9.672486056602438,0.9999999999999998
"(4, 6, 7)",3,1,0.1,177827.94100389228,13119.541044177247,9.660868652594333,1.0
"(4, 6, 7)",3,1,0.1,316227.7660168379,17252.685565326712,9.652154060960934,0.9999999999999999
"(4, 6, 7)",3,1,0.1,562341.3251903491,22765.234920495903,9.645617906921482,0.9999999999999999
"(4, 6, 7)",3,1,0.1,1000000.0,30116.965923093307,9.640716003642693,1.0
"(4, 6, 7)",3,1,1,0.0,80.26794558461566,3.915038675363928,1.0
"(4, 6, 7)",3,1,1,0.0001,80.26794558518912,3.9150329412030804,1.0
"(4, 6, 7)",3,1,1,0.00017782794100389227,80.26794558642905,3.9150284785497944,1.0
"(4, 6, 7)",3,1,1,0.00031622776601683794,80.26794559034968,3.9150205429782563,0.9999999999999999
"(4, 6, 7)",3,1,1,0.0005623413251903491,80.26794560274695,3.915006432177804,1.0
"(4, 6, 7)",3,1,1,0.001,80.26794564194637,3.914981341960606,1.0
"(4, 6, 7)",3,1,1,0.0017782794100389228,80.26794576588091,3.914936733170755,1.0
"(4, 6, 7)",3,1,1,0.0031622776601683794,80.26794615765756,3.914857433545948,1.0
"(4, 6, 7)",3,1,1,0.005623413251903491,80.26794739578696,3.9147165028138726,1.0
"(4, 6, 7)",3,1,1,0.01,80.26795130673344,3.914466160656389,1.0
"(4, 6, 7)",3,1,1,0.01778279410038923,80.26796364976894,3.914021840479119,1.0
"(4, 6, 7)",3,1,1,0.03162277660168379,80.26800254495618,3.9132344163423327,1.0
"(4, 6, 7)",3,1,1,0.05623413251903491,80.26812477875293,3.91184262962003,1.0
"(4, 6, 7)",3,1,1,0.1,80.26850708448173,3.9093940585390166,1.0
"(4, 6, 7)",3,1,1,0.1778279410038923,80.2696928525028,3.9051212653420113,1.0
"(4, 6, 7)",3,1,1,0.31622776601683794,80.27331793949692,3.897769493440532,0.9999999999999998
"(4, 6, 7)",3,1,1,0.5623413251903491,80.28413323059563,3.8854180401006535,1.0
"(4, 6, 7)",3,1,1,1.0,80.31514097501754,3.86545962801214,1.0
"(4, 6, 7)",3,1,1,1.7782794100389228,80.39874955932673,3.8350941860013252,1.0
"(4, 6, 7)",3,1,1,3.1622776601683795,80.6053746109407,3.792696828282024,1.0
"(4, 6, 7)",3,1,1,5.623413251903491,81.06214918377901,3.7396877166693425,0.9999999999999999
"(4, 6, 7)",3,1,1,10.0,81.95081153438448,3.6813252128302554,1.0
"(4, 6, 7)",3,1,1,17.78279410038923,83.4638446342391,3.6250879079538274,1.0
"(4, 6, 7)",3,1,1,31.622776601683793,85.72740693367166,3.577490492594866,1.0
"(4, 6, 7)",3,1,1,56.23413251903491,88.73825963413218,3.5416985444964397,1.0
"(4, 6, 7)",3,1,1,100.0,92.36000386431795,3.517380906212403,1.0
"(4, 6, 7)",3,1,1,177.82794100389228,96.3795904765982,3.5021527228967555,1.0
"(4, 6, 7)",3,1,1,316.22776601683796,100.5858770595253,3.4931709423581987,1.0
"(4, 6, 7)",3,1,1,562.341325190349,104.83095870068273,3.4880674647787564,1.0
"(4, 6, 7)",3,1,1,1000.0,109.06054688301792,3.4852078793065715,0.9999999999999999
"(4, 6, 7)",3,1,1,1778.2794100389228,113.3196433196949,3.4835902701010655,0.9999999999999999
"(4, 6, 7)",3,1,1,3162.2776601683795,117.74609709895343,3.4826466886626486,0.9999999999999999
"(4, 6, 7)",3,1,1,5623.413251903491,122.5632399880184,3.4820706227650207,1.0
"(4, 6, 7)",3,1,1,10000.0,128.07887079454122,3.48170059087475,0.9999999999999999
"(4, 6, 7)",3,1,1,17782.794100389227,134.69437767683797,3.48145151610277,1.0
"(4, 6, 7)",3,1,1,31622.776601683792,142.92584385983173,3.481277499493265,1.0
"(4, 6, 7)",3,1,1,56234.13251903491,153.43853179673667,3.4811526507769774,1.0000000000000002
"(4, 6, 7)",3,1,1,100000.0,167.09676990389355,3.4810614952815393,0.9999999999999999
"(4, 6, 7)",3,1,1,177827.94100389228,185.0325057398495,3.480994207462421,1.0
"(4, 6, 7)",3,1,1,316227.7660168379,208.73752775521737,3.4809442087421387,1.0
"(4, 6, 7)",3,1,1,562341.3251903491,240.18653742019652,3.480906911915418,1.0
"(4, 6, 7)",3,1,1,1000000.0,282.0008031617227,3.480879027064871,1.0
"(4, 6, 7)",3,1,3,0.0,72.65162627327102,4.0662038936926335,0.9999999999999999
"(4, 6, 7)",3,1,3,0.0001,72.65162627561544,4.066180450124308,0.9999999999999999
"(4, 6, 7)",3,1,3,0.00017782794100389227,72.65162628068421,4.066162205592928,0.9999999999999998
"(4, 6, 7)",3,1,3,0.00031622776601683794,72.65162629671212,4.066129764129321,0.9999999999999998
"(4, 6, 7)",3,1,3,0.0005623413251903491,72.6516263473897,4.06607208176527,1.0
"(4, 6, 7)",3,1,3,0.001,72.65162650760752,4.065969530503505,1.0
"(4, 6, 7)",3,1,3,0.0017782794100389228,72.65162701404375,4.065787241875387,0.9999999999999999
"(4, 6, 7)",3,1,3,0.0031622776601683794,72.65162861431553,4.0654633224197845,1.0
"(4, 6, 7)",3,1,3,0.005623413251903491,72.65163366796885,4.0648880629746715,1.0
"(4, 6, 7)",3,1,3,0.01,72.65164961061207,4.063867487223356,1.0
"(4, 6, 7)",3,1,3,0.01778279410038923,72.6516998107487,4.062060159188864,1.0
"(4, 6, 7)",3,1,3,0.03162277660168379,72.65185735955932,4.058869865610387,0.9999999999999999
"(4, 6, 7)",3,1,3,0.05623413251903491,72.65234894091775,4.053270253629572,0.9999999999999999
"(4, 6, 7)",3,1,3,0.1,72.65386718337409,4.043539177753684,1.0
"(4, 6, 7)",3,1,3,0.1778279410038923,72.65847397740546,4.026917955878585,0.9999999999999999
"(4, 6, 7)",3,1,3,0.31622776601683794,72.67203770979867,3.9993506165379884,1.0
"(4, 6, 7)",3,1,3,0.5623413251903491,72.71004133471433,3.955792907909708,1.0
"(4, 6, 7)",3,1,3,1.0,72.80859268343077,3.891999316380845,1.0
"(4, 6, 7)",3,1,3,1.7782794100389228,73.03733131863663,3.808236817298551,0.9999999999999998
"(4, 6, 7)",3,1,3,3.1622776601683795,73.49900063483067,3.7124901866781417,1.0
"(4, 6, 7)",3,1,3,5.623413251903491,74.30344197368763,3.6180322660492887,1.0
"(4, 6, 7)",3,1,3,10.0,75.54202762616903,3.5358289804486978,1.0
"(4, 6, 7)",3,1,3,17.78279410038923,77.2890941133267,3.470393785778318,0.9999999999999999
"(4, 6, 7)",3,1,3,31.622776601683793,79.5899578885585,3.4217759462904525,1.0
"(4, 6, 7)",3,1,3,56.23413251903491,82.41320863391653,3.3881089881354467,1.0
"(4, 6, 7)",3,1,3,100.0,85.62359243225606,3.366501123222569,1.0
"(4, 6, 7)",3,1,3,177.82794100389228,89.01236509528509,3.353630935304693,0.9999999999999999
"(4, 6, 7)",3,1,3,316.22776601683796,92.35833958039836,3.3464636576890983,1.0
"(4, 6, 7)",3,1,3,562.341325190349,95.47958661572835,3.3426946031011275,1.0
"(4, 6, 7)",3,1,3,1000.0,98.25809413291212,3.3408040638229743,1.0
"(4, 6, 7)",3,1,3,1778.2794100389228,100.64006519771077,3.339891209214075,1.0
"(4, 6, 7)",3,1,3,3162.2776601683795,102.62235937691734,3.3394634787339186,1.0
"(4, 6, 7)",3,1,3,5623.413251903491,104.23486812132194,3.339267635671177,1.0000000000000002
"(4, 6, 7)",3,1,3,10000.0,105.52480690729705,3.339179477896925,1.0
"(4, 6, 7)",3,1,3,17782.794100389227,106.5452873345061,3.339140243414539,1.0
"(4, 6, 7)",3,1,3,31622.776601683792,107.34825122954716,3.339122881082429,1.0
"(4, 6, 7)",3,1,3,56234.13251903491,107.9808527836261,3.3391151908086707,1.0
"(4, 6, 7)",3,1,3,100000.0,108.48418560417126,3.3391117523227387,0.9999999999999998
"(4, 6, 7)",3,1,3,177827.94100389228,108.89343440880373,3.3391101821960776,1.0
"(4, 6, 7)",3,1,3,316227.7660168379,109.23878637319477,3.3391094385548548,1.0
"(4, 6, 7)",3,1,3,562341.3251903491,109.5467669300954,3.3391090666458396,1.0
"(4, 6, 7)",3,1,3,1000000.0,109.84156362563996,3.3391088668302227,1.0
"(4, 6, 8)",3,-1,0.1,0.0,1814.4528850957013,11.019035966827495,0.9999999999999998
"(4, 6, 8)",3,-1,0.1,0.0001,1814.4528850958811,11.019034174935962,1.0
"(4, 6, 8)",3,-1,0.1,0.00017782794100389227,1814.4528850962674,11.019032780347713,1.0
"(4, 6, 8)",3,-1,0.1,0.00031622776601683794,1814.4528850974937,11.019030300388671,1.0
"(4, 6, 8)",3,-1,0.1,0.0005623413251903491,1814.452885101368,11.01902589035552,1.0000000000000002
"(4, 6, 8)",3,-1,0.1,0.001,1814.452885113618,11.019018048169515,1.0
"(4, 6, 8)",3,-1,0.1,0.0017782794100389228,1814.45288515236,11.019004102840897,0.9999999999999999
"(4, 6, 8)",3,-1,0.1,0.0031622776601683794,1814.452885274873,11.01897930500183,1.0000000000000002
"(4, 6, 8)",3,-1,0.1,0.005623413251903491,1814.4528856622692,11.018935210208195,1.0
"(4, 6, 8)",3,-1,0.1,0.01,1814.452886887194,11.018856805859537,0.9999999999999998
"(4, 6, 8)",3,-1,0.1,0.01778279410038923,1814.452890759997,11.018717407941208,1.0
"(4, 6, 8)",3,-1,0.1,0.03162277660168379,1814.4529030025813,11.01846960458919,1.0
"(4, 6, 8)",3,-1,0.1,0.05623413251903491,1814.452941692834,11.01802920989494,0.9999999999999999
"(4, 6, 8)",3,-1,0.1,0.1,1814.4530639060802,11.017246914346483,0.9999999999999999
"(4, 6, 8)",3,-1,0.1,0.1778279410038923,1814.4534496146036,11.015858453835074,1.0
"(4, 6, 8)",3,-1,0.1,0.31622776601683794,1814.4546650545697,11.013397822612681,1.0
"(4, 6, 8)",3,-1,0.1,0.5623413251903491,1814.458484733373,11.00904863121802,1.0
"(4, 6, 8)",3,-1,0.1,1.0,1814.470431057269,11.001397296782665,0.9999999999999999
"(4, 6, 8)",3,-1,0.1,1.7782794100389228,1814.5074800591938,10.98804696291976,1.0
"(4, 6, 8)",3,-1,0.1,3.1622776601683795,1814.620703690607,10.965084310143737,0.9999999999999999
"(4, 6, 8)",3,-1,0.1,5.623413251903491,1814.9581171883622,10.926547370437248,0.9999999999999998
"(4, 6, 8)",3,-1,0.1,10.0,1815.9223016583653,10.864472585762778,1.0
"(4, 6, 8)",3,-1,0.1,17.78279410038923,1818.499620362004,10.770813471610971,0.9999999999999999
"(4, 6, 8)",3,-1,0.1,31.622776601683793,1824.7450254954438,10.642504399694616,1.0
"(4, 6, 8)",3,-1,0.1,56.23413251903491,1838.0814840920068,10.487434004796988,1.0
"(4, 6, 8)",3,-1,0.1,100.0,1863.0965152408337,10.322935172216157,0.9999999999999998
"(4, 6, 8)",3,-1,0.1,177.82794100389228,1906.157806068924,10.163293136825114,1.0
"(4, 6, 8)",3,-1,0.1,316.22776601683796,1979.0490807211515,10.011387348631555,1.0
"(4, 6, 8)",3,-1,0.1,562.341325190349,2103.2240681965154,9.86583867118137,0.9999999999999999
"(4, 6, 8)",3,-1,0.1,1000.0,2309.085948044566,9.729844420012506,0.9999999999999999
"(4, 6, 8)",3,-1,0.1,1778.2794100389228,2631.0511723746754,9.609869028994662,1.0
"(4, 6, 8)",3,-1,0.1,3162.2776601683795,3104.963610019423,9.510298031161058,1.0
"(4, 6, 8)",3,-1,0.1,5623.413251903491,3771.608775793266,9.43139698806266,0.9999999999999999
"(4, 6, 8)",3,-1,0.1,10000.0,4684.539335433983,9.37057984754288,1.0
"(4, 6, 8)",3,-1,0.1,17782.794100389227,5917.95079612564,9.324353643080325,0.9999999999999999
"(4, 6, 8)",3,-1,0.1,31622.776601683792,7573.592653878159,9.289452535773501,0.9999999999999999
"(4, 6, 8)",3,-1,0.1,56234.13251903491,9788.969984073603,9.263188178003107,1.0
"(4, 6, 8)",3,-1,0.1,100000.0,12748.558902323106,9.243456030787778,1.0
"(4, 6, 8)",3,-1,0.1,177827.94100389228,16699.061029576056,9.228644226766768,1.0
"(4, 6, 8)",3,-1,0.1,316227.7660168379,21969.912814061754,9.217530914312041,1.0
"(4, 6, 8)",3,-1,0.1,562341.3251903491,29000.7274571168,9.209194626368575,1.0
"(4, 6, 8)",3,-1,0.1,1000000.0,38377.93522670094,9.202942260452685,1.0
"(4, 6, 8)",3,-1,1,0.0,63.553474516736536,3.545981962569687,1.0
"(4, 6, 8)",3,-1,1,0.0001,63.55347451755163,3.5459738123053657,1.0
"(4, 6, 8)",3,-1,1,0.00017782794100389227,63.553474519313845,3.545967469314913,0.9999999999999999
"(4, 6, 8)",3,-1,1,0.00031622776601683794,63.55347452488641,3.5459561901216077,1.0
"(4, 6, 8)",3,-1,1,0.0005623413251903491,63.55347454250714,3.54593613387988,1.0
"(4, 6, 8)",3,-1,1,0.001,63.553474598222124,3.5459004724375474,1.0000000000000002
"(4, 6, 8)",3,-1,1,0.0017782794100389228,63.553474774370734,3.545837069578558,1.0
"(4, 6, 8)",3,-1,1,0.0031622776601683794,63.55347533119104,3.5457243631435347,1.0000000000000002
"(4, 6, 8)",3,-1,1,0.005623413251903491,63.55347709082753,3.545524070938888,1.0
"(4, 6, 8)",3,-1,1,0.01,63.553482648638806,3.545168310126764,1.0
"(4, 6, 8)",3,-1,1,0.01778279410038923,63.553500186696645,3.54453697597849,0.9999999999999999
"(4, 6, 8)",3,-1,1,0.03162277660168379,63.55355543822382,3.543418404685013,0.9999999999999999
"(4, 6, 8)",3,-1,1,0.05623413251903491,63.55372899514771,3.5414421864775987,0.9999999999999999
"(4, 6, 8)",3,-1,1,0.1,63.55427138208719,3.537968171262089,1.0
"(4, 6, 8)",3,-1,1,0.1778279410038923,63.55595123156136,3.531914494365094,0.9999999999999999
"(4, 6, 8)",3,-1,1,0.31622776601683794,63.56107357910873,3.521524667078689,1.0
"(4, 6, 8)",3,-1,1,0.5623413251903491,63.5762857015995,3.504147165445246,1.0
"(4, 6, 8)",3,-1,1,1.0,63.619543462528966,3.476290442671605,1.0
"(4, 6, 8)",3,-1,1,1.7782794100389228,63.73451552522149,3.434498704333429,0.9999999999999999
"(4, 6, 8)",3,-1,1,3.1622776601683795,64.01179277522272,3.377522929235073,0.9999999999999999
"(4, 6, 8)",3,-1,1,5.623413251903491,64.60158920859436,3.308926846488867,0.9999999999999998
"(4, 6, 8)",3,-1,1,10.0,65.68889001290437,3.237312186242144,0.9999999999999999
"(4, 6, 8)",3,-1,1,17.78279410038923,67.42476187409092,3.172584815831281,1.0
"(4, 6, 8)",3,-1,1,31.622776601683793,69.85835934654646,3.121258631512511,0.9999999999999999
"(4, 6, 8)",3,-1,1,56.23413251903491,72.92049000345972,3.084771706206532,1.0
"(4, 6, 8)",3,-1,1,100.0,76.46020958716072,3.06096902858786,1.0
"(4, 6, 8)",3,-1,1,177.82794100389228,80.30128389251983,3.046407074009154,1.0
"(4, 6, 8)",3,-1,1,316.22776601683796,84.29407547920484,3.03788138354191,1.0
"(4, 6, 8)",3,-1,1,562.341325190349,88.35384622388202,3.033003938577411,0.9999999999999999
"(4, 6, 8)",3,-1,1,1000.0,92.48124472106502,3.030216887629437,1.0
"(4, 6, 8)",3,-1,1,1778.2794100389228,96.76740476182722,3.0285917097439845,1.0
"(4, 6, 8)",3,-1,1,3162.2776601683795,101.3917252617155,3.0276077787092612,1.0
"(4, 6, 8)",3,-1,1,5623.413251903491,106.62072459273732,3.0269835625645842,1.0
"(4, 6, 8)",3,-1,1,10000.0,112.81390050487073,3.0265686803440865,0.9999999999999999
"(4, 6, 8)",3,-1,1,17782.794100389227,120.44005780395241,3.0262818620078953,1.0
"(4, 6, 8)",3,-1,1,31622.776601683792,130.10625430688256,3.02607766232356,1.0
"(4, 6, 8)",3,-1,1,56234.13251903491,142.6014346654841,3.025929337676659,1.0
"(4, 6, 8)",3,-1,1,100000.0,158.95766669080967,3.0258202063366544,0.9999999999999999
"(4, 6, 8)",3,-1,1,177827.94100389228,180.53333811792461,3.0257392765796807,1.0
"(4, 6, 8)",3,-1,1,316227.7660168379,209.12469720086565,3.02567897786723,0.9999999999999999
"(4, 6, 8)",3,-1,1,562341.3251903491,247.11456162646698,3.025633927034215,1.0
"(4, 6, 8)",3,-1,1,1000000.0,297.6703023970995,3.0256002146957814,1.0
"(4, 6, 8)",3,-1,3,0.0,53.53164992124922,3.9277204079417434,1.0
"(4, 6, 8)",3,-1,3,0.0001,53.53164992466065,3.9276862928944216,1.0
"(4, 6, 8)",3,-1,3,0.00017782794100389227,53.53164993203687,3.927659743345827,1.0000000000000002
"(4, 6, 8)",3,-1,3,0.00031622776601683794,53.5316499553608,3.927612534052455,1.0
"(4, 6, 8)",3,-1,3,0.0005623413251903491,53.53165002910831,3.927528592926304,1.0
"(4, 6, 8)",3,-1,3,0.001,53.53165026226699,3.927379354360095,1.0
"(4, 6, 8)",3,-1,3,0.0017782794100389228,53.53165099928907,3.9271140683027834,1.0000000000000002
"(4, 6, 8)",3,-1,3,0.0031622776601683794,53.53165332832618,3.926642637274243,0.9999999999999999
"(4, 6, 8)",3,-1,3,0.005623413251903491,53.53166068422991,3.9258053170806506,1.0
"(4, 6, 8)",3,-1,3,0.01,53.5316838942706,3.92431953239192,1.0
"(4, 6, 8)",3,-1,3,0.01778279410038923,53.53175700329821,3.9216874811533913,1.0
"(4, 6, 8)",3,-1,3,0.03162277660168379,53.53198659017385,3.9170386140338276,0.9999999999999998
"(4, 6, 8)",3,-1,3,0.05623413251903491,53.53270371406115,3.9088703524237305,1.0
"(4, 6, 8)",3,-1,3,0.1,53.53492268665983,3.8946495296791417,1.0
"(4, 6, 8)",3,-1,3,0.1778279410038923,53.54167725908121,3.870283641387655,1.0000000000000002
"(4, 6, 8)",3,-1,3,0.31622776601683794,53.561670343913,3.829661320482415,1.0
"(4, 6, 8)",3,-1,3,0.5623413251903491,53.61815568494539,3.7649507261535864,1.0
"(4, 6, 8)",3,-1,3,1.0,53.766368008182674,3.669070503922811,1.0
"(4, 6, 8)",3,-1,3,1.7782794100389228,54.11505324816711,3.5414638274274672,1.0
"(4, 6, 8)",3,-1,3,3.1622776601683795,54.82474424369639,3.394298417124372,1.0
"(4, 6, 8)",3,-1,3,5.623413251903491,56.047607174795544,3.25053219241682,1.0
"(4, 6, 8)",3,-1,3,10.0,57.842410593602054,3.1310203908250136,0.9999999999999999
"(4, 6, 8)",3,-1,3,17.78279410038923,60.16082910761874,3.0437554516800356,1.0
"(4, 6, 8)",3,-1,3,31.622776601683793,62.90358919334438,2.985500749358983,1.0
"(4, 6, 8)",3,-1,3,56.23413251903491,65.95460891877826,2.948964375391668,1.0
"(4, 6, 8)",3,-1,3,100.0,69.17540261141852,2.92722189324683,1.0
"(4, 6, 8)",3,-1,3,177.82794100389228,72.4062631210904,2.914927198591217,0.9999999999999999
"(4, 6, 8)",3,-1,3,316.22776601683796,75.49079301038041,2.9083114052756076,1.0
"(4, 6, 8)",3,-1,3,562.341325190349,78.30497505504054,2.904910233222674,0.9999999999999999
"(4, 6, 8)",3,-1,3,1000.0,80.77307747201453,2.9032299235502883,1.0
"(4, 6, 8)",3,-1,3,1778.2794100389228,82.86742451828407,2.9024269740810187,1.0
"(4, 6, 8)",3,-1,3,3162.2776601683795,84.59793599466492,2.9020534664428137,1.0000000000000002
"(4, 6, 8)",3,-1,3,5623.413251903491,85.99850066799277,2.901883330189797,1.0
"(4, 6, 8)",3,-1,3,10000.0,87.11483109120537,2.9018070262592666,1.0
"(4, 6, 8)",3,-1,3,17782.794100389227,87.9956885007923,2.901773156442659,1.0
"(4, 6, 8)",3,-1,3,31622.776601683792,88.68755410010328,2.901758195368324,0.9999999999999999
"(4, 6, 8)",3,-1,3,56234.13251903491,89.23201966365608,2.9017515762927952,1.0
"(4, 6, 8)",3,-1,3,100000.0,89.66501272769473,2.901748618328996,1.0
"(4, 6, 8)",3,-1,3,177827.94100389228,90.01712181050507,2.9017472674537266,1.0
"(4, 6, 8)",3,-1,3,316227.7660168379,90.31452373368721,2.9017466271807386,1.0
"(4, 6, 8)",3,-1,3,562341.3251903491,90.58016277930945,2.901746306453595,0.9999999999999999
"(4, 6, 8)",3,-1,3,1000000.0,90.83500225547877,2.901746133832005,1.0
"(4, 6, 8)",3,0,0.1,0.0,5842.424617886362,44.70103260821628,1.0
"(4, 6, 8)",3,0,0.1,0.0001,5842.424617887037,44.70102578896052,1.0
"(4, 6, 8)",3,0,0.1,0.00017782794100389227,5842.424617888515,44.70102048168817,1.0
"(4, 6, 8)",3,0,0.1,0.00031622776601683794,5842.424617893179,44.701011043903094,1.0
"(4, 6, 8)",3,0,0.1,0.0005623413251903491,5842.424617907918,44.700994260972465,1.0
"(4, 6, 8)",3,0,0.1,0.001,5842.42461795454,44.70096441651146,1.0
"(4, 6, 8)",3,0,0.1,0.0017782794100389228,5842.424618101979,44.70091134560326,1.0
"(4, 6, 8)",3,0,0.1,0.0031622776601683794,5842.424618568214,44.70081697349112,0.9999999999999998
"(4, 6, 8)",3,0,0.1,0.005623413251903491,5842.424620042525,44.70064916233345,1.0
"(4, 6, 8)",3,0,0.1,0.01,5842.424624704279,44.70035077511483,0.9999999999999998
"(4, 6, 8)",3,0,0.1,0.01778279410038923,5842.424639443598,44.69982024750291,1.0
"(4, 6, 8)",3,0,0.1,0.03162277660168379,5842.424686039369,44.69887710010037,0.9999999999999998
"(4, 6, 8)",3,0,0.1,0.05623413251903491,5842.424833308865,44.69720080198763,1.0
"(4, 6, 8)",3,0,0.1,0.1,5842.425298569868,44.694222660016905,1.0
"(4, 6, 8)",3,0,0.1,0.1778279410038923,5842.426767349849,44.68893547938265,1.0
"(4, 6, 8)",3,0,0.1,0.31622776601683794,5842.431398003999,44.67956108789428,1.0
"(4, 6, 8)",3,0,0.1,0.5623413251903491,5842.4459629833855,44.66297783231484,1.0
"(4, 6, 8)",3,0,0.1,1.0,5842.491585349801,44.633760381286244,1.0
"(4, 6, 8)",3,0,0.1,1.7782794100389228,5842.6334516638035,44.5826478219529,1.0
"(4, 6, 8)",3,0,0.1,3.1622776601683795,5843.069018109848,44.494335193294084,1.0
"(4, 6, 8)",3,0,0.1,5.623413251903491,5844.377360812355,44.344973886564226,1.0
"(4, 6, 8)",3,0,0.1,10.0,5848.165556711778,44.10127060588176,0.9999999999999998
"(4, 6, 8)",3,0,0.1,17.78279410038923,5858.50474710273,43.72598655002081,1.0
"(4, 6, 8)",3,0,0.1,31.622776601683793,5884.336565840162,43.19616745416913,1.0
"(4, 6, 8)",3,0,0.1,56.23413251903491,5941.727828739429,42.53020087127291,1.0
"(4, 6, 8)",3,0,0.1,100.0,6053.8755341178285,41.79403589835306,1.0
"(4, 6, 8)",3,0,0.1,177.82794100389228,6251.650407598487,41.061171606939894,1.0
"(4, 6, 8)",3,0,0.1,316.22776601683796,6582.8182807521,40.370077417205785,1.0
"(4, 6, 8)",3,0,0.1,562.341325190349,7123.845487487884,39.73438916001416,0.9999999999999998
"(4, 6, 8)",3,0,0.1,1000.0,7974.961923526836,39.17072671628668,1.0
"(4, 6, 8)",3,0,0.1,1778.2794100389228,9244.853827566156,38.69657574536302,1.0
"(4, 6, 8)",3,0,0.1,3162.2776601683795,11052.793362304701,38.31624894395896,1.0
"(4, 6, 8)",3,0,0.1,5623.413251903491,13549.08367397434,38.020617443430936,1.0
"(4, 6, 8)",3,0,0.1,10000.0,16937.7532924576,37.7948104894231,1.0
"(4, 6, 8)",3,0,0.1,17782.794100389227,21498.062345486564,37.623876386975304,1.0
"(4, 6, 8)",3,0,0.1,31622.776601683792,27608.433167955023,37.49506151784176,1.0
"(4, 6, 8)",3,0,0.1,56234.13251903491,35777.49410604273,37.398210568395925,0.9999999999999998
"(4, 6, 8)",3,0,0.1,100000.0,46686.089171729414,37.325479757067484,1.0
"(4, 6, 8)",3,0,0.1,177827.94100389228,61243.83871588313,37.27089720878398,1.0
"(4, 6, 8)",3,0,0.1,316227.7660168379,80664.88973382882,37.229948672917985,0.9999999999999998
"(4, 6, 8)",3,0,0.1,562341.3251903491,106569.10075356663,37.199234355246524,1.0
"(4, 6, 8)",3,0,0.1,1000000.0,141117.00897368873,37.1761987690192,1.0
"(4, 6, 8)",3,0,1,0.0,162.63840972758308,10.883465135978033,1.0
"(4, 6, 8)",3,0,1,0.0001,162.6384097299348,10.883441620222833,0.9999999999999998
"(4, 6, 8)",3,0,1,0.00017782794100389227,162.63840973501925,10.883423319037902,1.0
"(4, 6, 8)",3,0,1,0.00031622776601683794,162.6384097510974,10.883390775806058,1.0
"(4, 6, 8)",3,0,1,0.0005623413251903491,162.6384098019366,10.883332909237192,1.0
"(4, 6, 8)",3,0,1,0.001,162.63840996268283,10.883230020190286,1.0
"(4, 6, 8)",3,0,1,0.0017782794100389228,162.63841047088232,10.883047098600263,1.0
"(4, 6, 8)",3,0,1,0.0031622776601683794,162.63841207724772,10.88272195160579,1.0
"(4, 6, 8)",3,0,1,0.005623413251903491,162.63841715307166,10.882144187629683,0.9999999999999998
"(4, 6, 8)",3,0,1,0.01,162.63843318205835,10.8811181454769,0.9999999999999998
"(4, 6, 8)",3,0,1,0.01778279410038923,162.63848374579453,10.879297919079198,1.0
"(4, 6, 8)",3,0,1,0.03162277660168379,162.63864294650398,10.876074777556699,1.0
"(4, 6, 8)",3,0,1,0.05623413251903491,162.63914250523877,10.870386168406476,0.9999999999999998
"(4, 6, 8)",3,0,1,0.1,162.64070078503468,10.860404226369818,1.0
"(4, 6, 8)",3,0,1,0.1778279410038923,162.64551114487213,10.843065798292654,0.9999999999999998
"(4, 6, 8)",3,0,1,0.31622776601683794,162.66009466225438,10.813475584114336,1.0
"(4, 6, 8)",3,0,1,0.5623413251903491,162.70296921943117,10.764469206610936,1.0
"(4, 6, 8)",3,0,1,1.0,162.82279684402846,10.687226046289169,1.0
"(4, 6, 8)",3,0,1,1.7782794100389228,163.13224714090518,10.574555563903793,1.0
"(4, 6, 8)",3,0,1,3.1622776601683795,163.8455932588987,10.427600096418447,1.0
"(4, 6, 8)",3,0,1,5.623413251903491,165.26850971226645,10.261531276221703,1.0
"(4, 6, 8)",3,0,1,10.0,167.69284837968755,10.10121844182143,0.9999999999999998
"(4, 6, 8)",3,0,1,17.78279410038923,171.2645621151488,9.967543360342717,1.0
"(4, 6, 8)",3,0,1,31.622776601683793,175.94040556654357,9.868639406387707,1.0
"(4, 6, 8)",3,0,1,56.23413251903491,181.5353799981673,9.801842554948228,0.9999999999999998
"(4, 6, 8)",3,0,1,100.0,187.82656060936986,9.759508281798624,1.0
"(4, 6, 8)",3,0,1,177.82794100389228,194.67330067816133,9.733577130711685,1.0
"(4, 6, 8)",3,0,1,316.22776601683796,202.09410218481204,9.71777877944649,1.0
"(4, 6, 8)",3,0,1,562.341325190349,210.29284351713898,9.707976543509481,0.9999999999999998
"(4, 6, 8)",3,0,1,1000.0,219.66300860730246,9.70168816731988,1.0
"(4, 6, 8)",3,0,1,1778.2794100389228,230.7935737337139,9.6974952501836,0.9999999999999998
"(4, 6, 8)",3,0,1,3162.2776601683795,244.49026668876158,9.694598250152325,1.0
"(4, 6, 8)",3,0,1,5623.413251903491,261.8197635295177,9.692539400964797,0.9999999999999998
"(4, 6, 8)",3,0,1,10000.0,284.18182241475995,9.691046555594015,1.0
"(4, 6, 8)",3,0,1,17782.794100389227,313.41461395158404,9.689949676090205,1.0
"(4, 6, 8)",3,0,1,31622.776601683792,351.94069831571903,9.689137009899536,1.0
"(4, 6, 8)",3,0,1,56234.13251903491,402.9644863638027,9.688531875221807,0.9999999999999998
"(4, 6, 8)",3,0,1,100000.0,470.73679308657535,9.68807992916325,1.0
"(4, 6, 8)",3,0,1,177827.94100389228,560.9076355748557,9.68774180536099,1.0
"(4, 6, 8)",3,0,1,316227.7660168379,680.9964349483165,9.68748858401469,1.0
"(4, 6, 8)",3,0,1,562341.3251903491,841.0181982113412,9.687298836873545,1.0000000000000002
"(4, 6, 8)",3,0,1,1000000.0,1054.3172299049256,9.687156606240034,1.0
"(4, 6, 8)",3,0,3,0.0,115.8867008439274,12.415163483652181,1.0
"(4, 6, 8)",3,0,3,0.0001,115.88670085720662,12.415030689166471,1.0
"(4, 6, 8)",3,0,3,0.00017782794100389227,115.88670088591854,12.414927344288992,1.0
"(4, 6, 8)",3,0,3,0.00031622776601683794,115.88670097670699,12.414743581917305,0.9999999999999999
"(4, 6, 8)",3,0,3,0.0005623413251903491,115.88670126376621,12.414416844380627,1.0
"(4, 6, 8)",3,0,3,0.001,115.88670217130746,12.413835950653944,1.0
"(4, 6, 8)",3,0,3,0.0017782794100389228,115.88670503997173,12.412803392034926,1.0
"(4, 6, 8)",3,0,3,0.0031622776601683794,115.88671410455316,12.410968581581566,1.0
"(4, 6, 8)",3,0,3,0.005623413251903491,115.88674273035855,12.4077100931964,1.0
"(4, 6, 8)",3,0,3,0.01,115.88683303484122,12.401929206619018,1.0
"(4, 6, 8)",3,0,3,0.01778279410038923,115.88711738120787,12.391692030968466,1.0
"(4, 6, 8)",3,0,3,0.03162277660168379,115.8880097530111,12.373621866634213,1.0
"(4, 6, 8)",3,0,3,0.05623413251903491,115.89079395908524,12.341906813152447,1.0
"(4, 6, 8)",3,0,3,0.1,115.8993918699239,12.286798625448135,0.9999999999999998
"(4, 6, 8)",3,0,3,0.1778279410038923,115.92547278990274,12.192697362277562,1.0
"(4, 6, 8)",3,0,3,0.31622776601683794,116.00220562387896,12.036735438117844,1.0
"(4, 6, 8)",3,0,3,0.5623413251903491,116.21677897632071,11.790769911061592,1.0
"(4, 6, 8)",3,0,3,1.0,116.77029185508222,11.432342795765912,1.0
"(4, 6, 8)",3,0,3,1.7782794100389228,118.0373549268178,10.967907540660672,1.0
"(4, 6, 8)",3,0,3,3.1622776601683795,120.50901542136012,10.454111765330596,1.0
"(4, 6, 8)",3,0,3,5.623413251903491,124.50490826227555,9.982614244238373,1.0
"(4, 6, 8)",3,0,3,10.0,129.85805425432315,9.624337744104569,1.0
"(4, 6, 8)",3,0,3,17.78279410038923,135.98564361926336,9.392205100794376,1.0
"(4, 6, 8)",3,0,3,31.622776601683793,142.26504896065794,9.257867398277982,1.0
"(4, 6, 8)",3,0,3,56.23413251903491,148.26494118967335,9.185495911022667,1.0
"(4, 6, 8)",3,0,3,100.0,153.73869100621965,9.14829763655185,1.0
"(4, 6, 8)",3,0,3,177.82794100389228,158.55818497317878,9.129851343840519,1.0
"(4, 6, 8)",3,0,3,316.22776601683796,162.67569325470242,9.120977362847055,1.0
"(4, 6, 8)",3,0,3,562.341325190349,166.10410989208498,9.116817667587906,1.0
"(4, 6, 8)",3,0,3,1000.0,168.8990401580515,9.114909023224117,1.0
"(4, 6, 8)",3,0,3,1778.2794100389228,171.14061800647625,9.114047646524824,1.0
"(4, 6, 8)",3,0,3,3162.2776601683795,172.9181228262545,9.113663382687378,1.0
"(4, 6, 8)",3,0,3,5623.413251903491,174.31932818740296,9.113493017534859,1.0
"(4, 6, 8)",3,0,3,10000.0,175.4245280506062,9.113417468096559,1.0
"(4, 6, 8)",3,0,3,17782.794100389227,176.3041788689043,9.113383676385629,1.0
"(4, 6, 8)",3,0,3,31622.776601683792,177.01891789769743,9.113368256329048,0.9999999999999998
"(4, 6, 8)",3,0,3,56234.13251903491,177.62097248083066,9.113360967418306,1.0
"(4, 6, 8)",3,0,3,100000.0,178.15630141336095,9.113357333488436,1.0
"(4, 6, 8)",3,0,3,177827.94100389228,178.66709381345547,9.11335539047969,1.0
"(4, 6, 8)",3,0,3,316227.7660168379,179.19447444471743,9.113354266071983,1.0
"(4, 6, 8)",3,0,3,562341.3251903491,179.78131505157188,9.113353563947996,1.0
"(4, 6, 8)",3,0,3,1000000.0,180.47472480388757,9.1133530967154,1.0
"(4, 6, 8)",3,1,0.1,0.0,1382.3533003276343,10.810913697767301,0.9999999999999999
"(4, 6, 8)",3,1,0.1,0.0001,1382.3533003276889,10.810913149351709,1.0
"(4, 6, 8)",3,1,0.1,0.00017782794100389227,1382.3533003278062,10.810912722532244,1.0
"(4, 6, 8)",3,1,0.1,0.00031622776601683794,1382.3533003281823,10.8109119635301,1.0
"(4, 6, 8)",3,1,0.1,0.0005623413251903491,1382.3533003293683,10.810910613818738,1.0
"(4, 6, 8)",3,1,0.1,0.001,1382.3533003331167,10.810908213675459,1.0
"(4, 6, 8)",3,1,0.1,0.0017782794100389228,1382.3533003449736,10.810903945615465,1.0
"(4, 6, 8)",3,1,0.1,0.0031622776601683794,1382.3533003824678,10.810896356019125,1.0
"(4, 6, 8)",3,1,0.1,0.005623413251903491,1382.3533005010343,10.810882860250382,1.0
"(4, 6, 8)",3,1,0.1,0.01,1382.3533008759437,10.81085886307104,1.0
"(4, 6, 8)",3,1,0.1,0.01778279410038923,1382.3533020613336,10.810816195920221,1.0000000000000002
"(4, 6, 8)",3,1,0.1,0.03162277660168379,1382.3533058088362,10.810740342473677,1.0
"(4, 6, 8)",3,1,0.1,0.05623413251903491,1382.3533176536164,10.810605519162268,0.9999999999999999
"(4, 6, 8)",3,1,0.1,0.1,1382.3533550770903,10.810365971887101,0.9999999999999999
"(4, 6, 8)",3,1,0.1,0.1778279410038923,1382.353473235138,10.809940640488549,0.9999999999999999
"(4, 6, 8)",3,1,0.1,0.31622776601683794,1382.3538458456428,10.809186330750043,1.0000000000000002
"(4, 6, 8)",3,1,0.1,0.5623413251903491,1382.3550183518732,10.807851384436072,1.0
"(4, 6, 8)",3,1,0.1,1.0,1382.3586940283578,10.805497523377962,1.0
"(4, 6, 8)",3,1,0.1,1.7782794100389228,1382.370141378953,10.801373573335864,1.0
"(4, 6, 8)",3,1,0.1,3.1622776601683795,1382.405392605808,10.794227559717239,1.0
"(4, 6, 8)",3,1,0.1,5.623413251903491,1382.5119192802329,10.782070945955061,1.0
"(4, 6, 8)",3,1,0.1,10.0,1382.8242902688355,10.761991455248776,1.0
"(4, 6, 8)",3,1,0.1,17.78279410038923,1383.7002825086897,10.730250048967577,1.0
"(4, 6, 8)",3,1,0.1,31.622776601683793,1386.0160092689616,10.682921471191415,1.0
"(4, 6, 8)",3,1,0.1,56.23413251903491,1391.7409395307225,10.616913539807134,1.0
"(4, 6, 8)",3,1,0.1,100.0,1404.9905296056056,10.530744768422162,1.0
"(4, 6, 8)",3,1,0.1,177.82794100389228,1433.7148602752802,10.425354855141665,1.0
"(4, 6, 8)",3,1,0.1,316.22776601683796,1491.42281581508,10.305813383265077,1.0
"(4, 6, 8)",3,1,0.1,562.341325190349,1597.2370414948211,10.181981931690169,1.0
"(4, 6, 8)",3,1,0.1,1000.0,1773.4368611524583,10.06549985914024,1.0
"(4, 6, 8)",3,1,0.1,1778.2794100389228,2042.6413076146578,9.965051016432767,1.0
"(4, 6, 8)",3,1,0.1,3162.2776601683795,2428.7173002543495,9.883844892830616,1.0
"(4, 6, 8)",3,1,0.1,5623.413251903491,2962.0737884796636,9.820677986761812,1.0
"(4, 6, 8)",3,1,0.1,10000.0,3685.306934569372,9.772481982145262,1.0000000000000002
"(4, 6, 8)",3,1,0.1,17782.794100389227,4657.576451833489,9.736036809935909,1.0
"(4, 6, 8)",3,1,0.1,31622.776601683792,5959.350581520071,9.708592860029489,1.0
"(4, 6, 8)",3,1,0.1,56234.13251903491,7698.876515876954,9.687968977122157,0.9999999999999999
"(4, 6, 8)",3,1,0.1,100000.0,10021.071904170607,9.672486056620832,0.9999999999999999
"(4, 6, 8)",3,1,0.1,177827.94100389228,13119.54109320547,9.660868652456681,1.0
"(4, 6, 8)",3,1,0.1,316227.7660168379,17252.68561533421,9.652154060881939,1.0
"(4, 6, 8)",3,1,0.1,562341.3251903491,22765.234924647957,9.645617906917058,1.0
"(4, 6, 8)",3,1,0.1,1000000.0,30116.96612383065,9.64071600352599,1.0
"(4, 6, 8)",3,1,1,0.0,80.26794558461563,3.9150386753639244,1.0
"(4, 6, 8)",3,1,1,0.0001,80.26794558518917,3.9150329412030804,1.0
"(4, 6, 8)",3,1,1,0.00017782794100389227,80.26794558642897,3.9150284785497926,1.0
"(4, 6, 8)",3,1,1,0.00031622776601683794,80.26794559034964,3.9150205429782527,1.0
"(4, 6, 8)",3,1,1,0.0005623413251903491,80.26794560274696,3.9150064321778024,1.0
"(4, 6, 8)",3,1,1,0.001,80.26794564194643,3.91498134196061,1.0
"(4, 6, 8)",3,1,1,0.0017782794100389228,80.26794576588084,3.9149367331707543,1.0
"(4, 6, 8)",3,1,1,0.0031622776601683794,80.26794615765756,3.91485743354595,1.0
"(4, 6, 8)",3,1,1,0.005623413251903491,80.26794739578696,3.9147165028138713,1.0
"(4, 6, 8)",3,1,1,0.01,80.26795130673338,3.914466160656388,1.0
"(4, 6, 8)",3,1,1,0.01778279410038923,80.26796364976904,3.9140218404791236,1.0
"(4, 6, 8)",3,1,1,0.03162277660168379,80.26800254495629,3.913234416342336,1.0
"(4, 6, 8)",3,1,1,0.05623413251903491,80.2681247787529,3.9118426296200304,1.0
"(4, 6, 8)",3,1,1,0.1,80.26850708448163,3.9093940585390152,0.9999999999999999
"(4, 6, 8)",3,1,1,0.1778279410038923,80.26969285250277,3.905121265342009,1.0
"(4, 6, 8)",3,1,1,0.31622776601683794,80.27331793949702,3.8977694934405256,0.9999999999999999
"(4, 6, 8)",3,1,1,0.5623413251903491,80.28413323059561,3.8854180401006513,1.0
"(4, 6, 8)",3,1,1,1.0,80.31514097501766,3.8654596280121454,1.0
"(4, 6, 8)",3,1,1,1.7782794100389228,80.39874955932676,3.835094186001327,1.0
"(4, 6, 8)",3,1,1,3.1622776601683795,80.60537461094083,3.7926968282820295,1.0
"(4, 6, 8)",3,1,1,5.623413251903491,81.06214918377903,3.7396877166693434,1.0
"(4, 6, 8)",3,1,1,10.0,81.95081153438446,3.6813252128302545,0.9999999999999999
"(4, 6, 8)",3,1,1,17.78279410038923,83.46384463423912,3.6250879079538274,1.0
"(4, 6, 8)",3,1,1,31.622776601683793,85.72740693367173,3.5774904925948663,1.0
"(4, 6, 8)",3,1,1,56.23413251903491,88.73825963413228,3.541698544496445,1.0
"(4, 6, 8)",3,1,1,100.0,92.36000386431782,3.5173809062124004,1.0
"(4, 6, 8)",3,1,1,177.82794100389228,96.37959047659814,3.502152722896751,1.0
"(4, 6, 8)",3,1,1,316.22776601683796,100.58587705952516,3.493170942358197,1.0
"(4, 6, 8)",3,1,1,562.341325190349,104.83095870068288,3.4880674647787604,1.0
"(4, 6, 8)",3,1,1,1000.0,109.0605468814535,3.4852078793073518,0.9999999999999998
"(4, 6, 8)",3,1,1,1778.2794100389228,113.31964332203289,3.483590270100414,1.0
"(4, 6, 8)",3,1,1,3162.2776601683795,117.74609711631743,3.482646688659902,0.9999999999999998
"(4, 6, 8)",3,1,1,5623.413251903491,122.56324007745462,3.482070622757071,1.0
"(4, 6, 8)",3,1,1,10000.0,128.0788707928983,3.481700590874827,1.0
"(4, 6, 8)",3,1,1,17782.794100389227,134.69437738620297,3.4814515161109396,1.0
"(4, 6, 8)",3,1,1,31622.776601683792,142.92584383438322,3.4812774994936047,1.0
"(4, 6, 8)",3,1,1,56234.13251903491,153.43853150252735,3.4811526507790336,1.0
"(4, 6, 8)",3,1,1,100000.0,167.09677068684044,3.481061495278273,1.0
"(4, 6, 8)",3,1,1,177827.94100389228,185.03250767160932,3.480994207451062,1.0
"(4, 6, 8)",3,1,1,316227.7660168379,208.73752877707705,3.4809442087433884,0.9999999999999999
"(4, 6, 8)",3,1,1,562341.3251903491,240.18653931440426,3.480906911920737,1.0
"(4, 6, 8)",3,1,1,1000000.0,282.0008022298787,3.4808790270762207,1.0
"(4, 6, 8)",3,1,3,0.0,72.65162627327113,4.066203893692634,0.9999999999999999
"(4, 6, 8)",3,1,3,0.0001,72.65162627561541,4.066180450124309,1.0
"(4, 6, 8)",3,1,3,0.00017782794100389227,72.65162628068431,4.066162205592931,1.0
"(4, 6, 8)",3,1,3,0.00031622776601683794,72.65162629671207,4.066129764129317,1.0
"(4, 6, 8)",3,1,3,0.0005623413251903491,72.65162634738968,4.066072081765267,1.0
"(4, 6, 8)",3,1,3,0.001,72.65162650760759,4.065969530503509,1.0
"(4, 6, 8)",3,1,3,0.0017782794100389228,72.65162701404371,4.065787241875386,0.9999999999999998
"(4, 6, 8)",3,1,3,0.0031622776601683794,72.65162861431546,4.06546332241978,1.0
"(4, 6, 8)",3,1,3,0.005623413251903491,72.65163366796882,4.064888062974674,0.9999999999999999
"(4, 6, 8)",3,1,3,0.01,72.65164961061198,4.06386748722335,1.0
"(4, 6, 8)",3,1,3,0.01778279410038923,72.65169981074861,4.062060159188861,0.9999999999999999
"(4, 6, 8)",3,1,3,0.03162277660168379,72.6518573595593,4.05886986561039,1.0
"(4, 6, 8)",3,1,3,0.05623413251903491,72.65234894091778,4.053270253629571,1.0
"(4, 6, 8)",3,1,3,0.1,72.65386718337405,4.043539177753684,0.9999999999999999
"(4, 6, 8)",3,1,3,0.1778279410038923,72.6584739774054,4.026917955878583,1.0
"(4, 6, 8)",3,1,3,0.31622776601683794,72.67203770979863,3.9993506165379853,1.0
"(4, 6, 8)",3,1,3,0.5623413251903491,72.71004133471425,3.9557929079097005,1.0
"(4, 6, 8)",3,1,3,1.0,72.80859268343072,3.8919993163808435,0.9999999999999999
"(4, 6, 8)",3,1,3,1.7782794100389228,73.03733131863673,3.808236817298554,1.0
"(4, 6, 8)",3,1,3,3.1622776601683795,73.49900063483065,3.7124901866781377,1.0
"(4, 6, 8)",3,1,3,5.623413251903491,74.3034419736876,3.6180322660492887,1.0
"(4, 6, 8)",3,1,3,10.0,75.54202762616895,3.535828980448694,1.0
"(4, 6, 8)",3,1,3,17.78279410038923,77.28909411332673,3.470393785778319,1.0
"(4, 6, 8)",3,1,3,31.622776601683793,79.58995788855852,3.4217759462904542,0.9999999999999999
"(4, 6, 8)",3,1,3,56.23413251903491,82.41320863391648,3.3881089881354445,1.0
"(4, 6, 8)",3,1,3,100.0,85.62359243225616,3.3665011232225703,1.0
"(4, 6, 8)",3,1,3,177.82794100389228,89.01236509528016,3.3536309353047113,1.0
"(4, 6, 8)",3,1,3,316.22776601683796,92.35833958039927,3.346463657689091,1.0
"(4, 6, 8)",3,1,3,562.341325190349,95.4795866156194,3.3426946031012275,1.0000000000000002
"(4, 6, 8)",3,1,3,1000.0,98.25809413385512,3.340804063822505,1.0
"(4, 6, 8)",3,1,3,1778.2794100389228,100.64006520018185,3.339891209213391,0.9999999999999998
"(4, 6, 8)",3,1,3,3162.2776601683795,102.62235938539064,3.3394634787325908,1.0
"(4, 6, 8)",3,1,3,5623.413251903491,104.23486811574492,3.339267635671629,1.0
"(4, 6, 8)",3,1,3,10000.0,105.52480691907763,3.3391794778963604,1.0
"(4, 6, 8)",3,1,3,17782.794100389227,106.54528736595998,3.3391402434138833,1.0
"(4, 6, 8)",3,1,3,31622.776601683792,107.34825121722521,3.3391228810824103,0.9999999999999999
"(4, 6, 8)",3,1,3,56234.13251903491,107.98085283899037,3.339115190807976,1.0
"(4, 6, 8)",3,1,3,100000.0,108.48418666255311,3.3391117523109886,1.0
"(4, 6, 8)",3,1,3,177827.94100389228,108.89343195140847,3.339110182161145,0.9999999999999999
"(4, 6, 8)",3,1,3,316227.7660168379,109.23878954271721,3.3391094385507607,1.0
"(4, 6, 8)",3,1,3,562341.3251903491,109.54675589185986,3.339109066615491,1.0
"(4, 6, 8)",3,1,3,1000000.0,109.84155952410443,3.339108866817259,0.9999999999999998
"(4, 7, 8)",3,-1,0.1,0.0,8149.707928170006,67.67801472375048,1.0
"(4, 7, 8)",3,-1,0.1,0.0001,8149.707928170334,67.67801140591168,1.0
"(4, 7, 8)",3,-1,0.1,0.00017782794100389227,8149.707928171047,67.67800882370982,1.0
"(4, 7, 8)",3,-1,0.1,0.00031622776601683794,8149.707928173313,67.67800423183981,1.0
"(4, 7, 8)",3,-1,0.1,0.0005623413251903491,8149.70792818048,67.67799606622991,1.0000000000000002
"(4, 7, 8)",3,-1,0.1,0.001,8149.707928203156,67.67798154555074,1.0
"(4, 7, 8)",3,-1,0.1,0.0017782794100389228,8149.707928274877,67.6779557239064,0.9999999999999999
"(4, 7, 8)",3,-1,0.1,0.0031622776601683794,8149.707928501714,67.6779098063797,1.0
"(4, 7, 8)",3,-1,0.1,0.005623413251903491,8149.707929219024,67.67782815399529,0.9999999999999999
"(4, 7, 8)",3,-1,0.1,0.01,8149.707931487369,67.67768295895839,0.9999999999999999
"(4, 7, 8)",3,-1,0.1,0.01778279410038923,8149.707938660113,67.67742477969054,1.0
"(4, 7, 8)",3,-1,0.1,0.03162277660168379,8149.707961339655,67.67696572196537,0.9999999999999998
"(4, 7, 8)",3,-1,0.1,0.05623413251903491,8149.708033042786,67.6761495697293,1.0
"(4, 7, 8)",3,-1,0.1,0.1,8149.708259697197,67.67469879396259,1.0
"(4, 7, 8)",3,-1,0.1,0.1778279410038923,8149.708975928548,67.67212071276796,1.0
"(4, 7, 8)",3,-1,0.1,0.31622776601683794,8149.711237967943,67.66754185581709,1.0
"(4, 7, 8)",3,-1,0.1,0.5623413251903491,8149.718375002144,67.6594173041476,1.0
"(4, 7, 8)",3,-1,0.1,1.0,8149.740853963451,67.64502594347381,0.9999999999999999
"(4, 7, 8)",3,-1,0.1,1.7782794100389228,8149.81143646042,67.61961035246904,0.9999999999999999
"(4, 7, 8)",3,-1,0.1,3.1622776601683795,8150.031869534355,67.5749609833728,1.0
"(4, 7, 8)",3,-1,0.1,5.623413251903491,8150.713905219706,67.49723273016598,1.0
"(4, 7, 8)",3,-1,0.1,10.0,8152.791068561924,67.36399262269518,1.0
"(4, 7, 8)",3,-1,0.1,17.78279410038923,8158.954941292875,67.14132609522215,1.0
"(4, 7, 8)",3,-1,0.1,31.622776601683793,8176.516466772732,66.78377009300037,1.0
"(4, 7, 8)",3,-1,0.1,56.23413251903491,8223.643056208031,66.24244339118783,1.0
"(4, 7, 8)",3,-1,0.1,100.0,8340.156351805173,65.48655697789003,1.0
"(4, 7, 8)",3,-1,0.1,177.82794100389228,8599.817193079944,64.53417261686991,1.0
"(4, 7, 8)",3,-1,0.1,316.22776601683796,9113.339781815392,63.468739992607134,0.9999999999999999
"(4, 7, 8)",3,-1,0.1,562.341325190349,10012.83878937287,62.41333587937269,1.0
"(4, 7, 8)",3,-1,0.1,1000.0,11427.737450458291,61.4753971456543,1.0
"(4, 7, 8)",3,-1,0.1,1778.2794100389228,13479.191121509435,60.708216869055875,1.0
"(4, 7, 8)",3,-1,0.1,3162.2776601683795,16311.7661551486,60.1115648293669,1.0
"(4, 7, 8)",3,-1,0.1,5623.413251903491,20138.89832278543,59.657959515042094,1.0
"(4, 7, 8)",3,-1,0.1,10000.0,25269.7210298268,59.315913514633436,0.9999999999999998
"(4, 7, 8)",3,-1,0.1,17782.794100389227,32128.395487083886,59.05876970732316,1.0000000000000002
"(4, 7, 8)",3,-1,0.1,31622.776601683792,41285.18886663491,58.86570759106825,0.9999999999999999
"(4, 7, 8)",3,-1,0.1,56234.13251903491,53502.883146858,58.720846580785505,0.9999999999999999
"(4, 7, 8)",3,-1,0.1,100000.0,69800.02758282017,58.612184448317976,1.0
"(4, 7, 8)",3,-1,0.1,177827.94100389228,91535.7045048713,58.5306872469767,1.0
"(4, 7, 8)",3,-1,0.1,316227.7660168379,120522.76772107049,58.469568253114005,1.0
"(4, 7, 8)",3,-1,0.1,562341.3251903491,159178.94925508785,58.42373353824421,1.0
"(4, 7, 8)",3,-1,0.1,1000000.0,210728.1972749724,58.38936141879113,0.9999999999999999
"(4, 7, 8)",3,-1,1,0.0,142.88961385954877,10.031277887225887,1.0
"(4, 7, 8)",3,-1,1,0.0001,142.88961386208948,10.031252476679505,0.9999999999999999
"(4, 7, 8)",3,-1,1,0.00017782794100389227,142.88961386758388,10.031232700914417,1.0
"(4, 7, 8)",3,-1,1,0.00031622776601683794,142.88961388495724,10.031197535675602,1.0
"(4, 7, 8)",3,-1,1,0.0005623413251903491,142.88961393989246,10.031135007105535,1.0
"(4, 7, 8)",3,-1,1,0.001,142.8896141135877,10.03102382980377,1.0
"(4, 7, 8)",3,-1,1,0.0017782794100389228,142.88961466271633,10.030826175974155,1.0
"(4, 7, 8)",3,-1,1,0.0031622776601683794,142.88961639840565,10.030474851777747,1.0
"(4, 7, 8)",3,-1,1,0.005623413251903491,142.88962188259435,10.029850603234276,1.0
"(4, 7, 8)",3,-1,1,0.01,142.88963919961415,10.028742106207572,1.0
"(4, 7, 8)",3,-1,1,0.01778279410038923,142.88969381781953,10.026775906264154,1.0
"(4, 7, 8)",3,-1,1,0.03162277660168379,142.88986573573212,10.02329523815273,0.9999999999999999
"(4, 7, 8)",3,-1,1,0.05623413251903491,142.8904049311676,10.017155097108269,0.9999999999999998
"(4, 7, 8)",3,-1,1,0.1,142.89208536867002,10.00639009187582,0.9999999999999999
"(4, 7, 8)",3,-1,1,0.1778279410038923,142.89726478562906,9.98771975219699,1.0
"(4, 7, 8)",3,-1,1,0.31622776601683794,142.9129246942332,9.955940518757046,1.0
"(4, 7, 8)",3,-1,1,0.5623413251903491,142.958749414062,9.903547873364674,1.0
"(4, 7, 8)",3,-1,1,1.0,143.08581991949885,9.82159863756386,1.0
"(4, 7, 8)",3,-1,1,1.7782794100389228,143.409825065556,9.70354287576407,1.0
"(4, 7, 8)",3,-1,1,3.1622776601683795,144.14244213420113,9.552454684906927,1.0
"(4, 7, 8)",3,-1,1,5.623413251903491,145.56619957597667,9.386060168711689,1.0
"(4, 7, 8)",3,-1,1,10.0,147.92549718026956,9.229857492610984,0.9999999999999998
"(4, 7, 8)",3,-1,1,17.78279410038923,151.3496147254055,9.101688045143028,1.0
"(4, 7, 8)",3,-1,1,31.622776601683793,155.90791706305131,9.00543447013143,1.0000000000000002
"(4, 7, 8)",3,-1,1,56.23413251903491,161.65393570506345,8.937046137700644,1.0
"(4, 7, 8)",3,-1,1,100.0,168.55837903925948,8.890728182120567,1.0
"(4, 7, 8)",3,-1,1,177.82794100389228,176.48329191065181,8.860772027918742,1.0
"(4, 7, 8)",3,-1,1,316.22776601683796,185.28479138927108,8.842042150881122,1.0
"(4, 7, 8)",3,-1,1,562.341325190349,194.9489296059886,8.830477280941261,1.0
"(4, 7, 8)",3,-1,1,1000.0,205.67912834442197,8.823263674215346,0.9999999999999999
"(4, 7, 8)",3,-1,1,1778.2794100389228,217.93244478250796,8.81863879319959,1.0
"(4, 7, 8)",3,-1,1,3162.2776601683795,232.4353131213701,8.815565954030273,0.9999999999999998
"(4, 7, 8)",3,-1,1,5623.413251903491,250.2080703159654,8.813451638895742,0.9999999999999998
"(4, 7, 8)",3,-1,1,10000.0,272.61629355804837,8.811954337383716,1.0
"(4, 7, 8)",3,-1,1,17782.794100389227,301.4588364387731,8.810871457943316,1.0
"(4, 7, 8)",3,-1,1,31622.776601683792,339.1000808010571,8.810077165038665,1.0
"(4, 7, 8)",3,-1,1,56234.13251903491,388.65566820733204,8.80948931365372,0.9999999999999999
"(4, 7, 8)",3,-1,1,100000.0,454.24527762656953,8.809051866633185,1.0
"(4, 7, 8)",3,-1,1,177827.94100389228,541.331897082276,8.808725283593843,1.0
"(4, 7, 8)",3,-1,1,316227.7660168379,657.1749245164012,8.808481004674126,1.0
"(4, 7, 8)",3,-1,1,562341.3251903491,811.4338474754536,8.808298087144347,1.0
"(4, 7, 8)",3,-1,1,1000000.0,1016.971761761113,8.808161030376343,1.0
"(4, 7, 8)",3,-1,3,0.0,99.7833772783744,11.522284822365839,1.0
"(4, 7, 8)",3,-1,3,0.0001,99.78337729091609,11.522159405000238,1.0
"(4, 7, 8)",3,-1,3,0.00017782794100389227,99.78337731803299,11.522061801239683,1.0
"(4, 7, 8)",3,-1,3,0.00031622776601683794,99.78337740377789,11.521888247436102,0.9999999999999999
"(4, 7, 8)",3,-1,3,0.0005623413251903491,99.78337767489009,11.521579661239807,1.0
"(4, 7, 8)",3,-1,3,0.001,99.78337853201432,11.52103103825075,0.9999999999999999
"(4, 7, 8)",3,-1,3,0.0017782794100389228,99.7833812413126,11.520055842574362,1.0
"(4, 7, 8)",3,-1,3,0.0031622776601683794,99.78338980230978,11.518322965371437,1.0
"(4, 7, 8)",3,-1,3,0.005623413251903491,99.78341683774997,11.5152455087917,1.0
"(4, 7, 8)",3,-1,3,0.01,99.78350212488871,11.509785809051737,1.0
"(4, 7, 8)",3,-1,3,0.01778279410038923,99.78377067129884,11.500117467959411,1.0
"(4, 7, 8)",3,-1,3,0.03162277660168379,99.78461344926804,11.483051548981315,1.0
"(4, 7, 8)",3,-1,3,0.05623413251903491,99.78724287989844,11.453099524993535,0.9999999999999998
"(4, 7, 8)",3,-1,3,0.1,99.79536263612512,11.40105599800624,0.9999999999999999
"(4, 7, 8)",3,-1,3,0.1778279410038923,99.81999244151406,11.312190321435702,1.0
"(4, 7, 8)",3,-1,3,0.31622776601683794,99.89245531630081,11.16490731190587,1.0
"(4, 7, 8)",3,-1,3,0.5623413251903491,100.09510573486051,10.932610839311662,0.9999999999999999
"(4, 7, 8)",3,-1,3,1.0,100.61805281099977,10.593985607549316,1.0
"(4, 7, 8)",3,-1,3,1.7782794100389228,101.81628088405118,10.154808642725856,0.9999999999999999
"(4, 7, 8)",3,-1,3,3.1622776601683795,104.15778188538917,9.6681196088925,1.0
"(4, 7, 8)",3,-1,3,5.623413251903491,107.95255734546252,9.2204123874597,1.0
"(4, 7, 8)",3,-1,3,10.0,113.0552331853261,8.878984813859493,1.0
"(4, 7, 8)",3,-1,3,17.78279410038923,118.95553991146885,8.655639131161875,1.0
"(4, 7, 8)",3,-1,3,31.622776601683793,125.17822063429732,8.522783249102275,1.0
"(4, 7, 8)",3,-1,3,56.23413251903491,131.48062646137643,8.447028327074264,1.0
"(4, 7, 8)",3,-1,3,100.0,137.73528197868157,8.404709870348242,1.0
"(4, 7, 8)",3,-1,3,177.82794100389228,143.78312704066587,8.381664231589674,1.0
"(4, 7, 8)",3,-1,3,316.22776601683796,149.42143459131168,8.369559285794686,1.0
"(4, 7, 8)",3,-1,3,562.341325190349,154.4700544704104,8.363452508788217,1.0
"(4, 7, 8)",3,-1,3,1000.0,158.82371597939323,8.360486201658409,1.0
"(4, 7, 8)",3,-1,3,1778.2794100389228,162.46098256755306,8.359090730719004,1.0
"(4, 7, 8)",3,-1,3,3162.2776601683795,165.42462554400328,8.35845067201376,0.9999999999999999
"(4, 7, 8)",3,-1,3,5623.413251903491,167.7944732957453,8.358162640138588,1.0
"(4, 7, 8)",3,-1,3,10000.0,169.66471182982283,8.358034751106793,1.0
"(4, 7, 8)",3,-1,3,17782.794100389227,171.12904472379662,8.357978428092268,0.9999999999999999
"(4, 7, 8)",3,-1,3,31622.776601683792,172.27281462682242,8.357953689462544,0.9999999999999999
"(4, 7, 8)",3,-1,3,56234.13251903491,173.1699751782116,8.35794278128098,1.0
"(4, 7, 8)",3,-1,3,100000.0,173.8829712569276,8.357937910304642,0.9999999999999998
"(4, 7, 8)",3,-1,3,177827.94100389228,174.46414344915476,8.357935680667017,1.0
"(4, 7, 8)",3,-1,3,316227.7660168379,174.957831985041,8.357934617500886,1.0
"(4, 7, 8)",3,-1,3,562341.3251903491,175.40270848345472,8.357934079796197,1.0
"(4, 7, 8)",3,-1,3,1000000.0,175.83353453705803,8.35793378646636,1.0
"(4, 7, 8)",3,0,0.1,0.0,5842.424617886358,44.701032608216245,1.0
"(4, 7, 8)",3,0,0.1,0.0001,5842.424617887043,44.70102578896055,1.0
"(4, 7, 8)",3,0,0.1,0.00017782794100389227,5842.424617888512,44.70102048168816,1.0
"(4, 7, 8)",3,0,0.1,0.00031622776601683794,5842.424617893174,44.7010110439031,0.9999999999999999
"(4, 7, 8)",3,0,0.1,0.0005623413251903491,5842.424617907919,44.70099426097247,1.0
"(4, 7, 8)",3,0,0.1,0.001,5842.4246179545435,44.70096441651147,1.0
"(4, 7, 8)",3,0,0.1,0.0017782794100389228,5842.424618101982,44.70091134560327,1.0
"(4, 7, 8)",3,0,0.1,0.0031622776601683794,5842.424618568213,44.70081697349113,1.0
"(4, 7, 8)",3,0,0.1,0.005623413251903491,5842.424620042527,44.70064916233345,1.0
"(4, 7, 8)",3,0,0.1,0.01,5842.4246247042765,44.70035077511481,0.9999999999999998
"(4, 7, 8)",3,0,0.1,0.01778279410038923,5842.424639443596,44.69982024750292,1.0
"(4, 7, 8)",3,0,0.1,0.03162277660168379,5842.42468603937,44.6988771001004,1.0
"(4, 7, 8)",3,0,0.1,0.05623413251903491,5842.424833308861,44.69720080198762,0.9999999999999998
"(4, 7, 8)",3,0,0.1,0.1,5842.425298569869,44.694222660016884,0.9999999999999999
"(4, 7, 8)",3,0,0.1,0.1778279410038923,5842.426767349843,44.688935479382614,0.9999999999999998
"(4, 7, 8)",3,0,0.1,0.31622776601683794,5842.431398003999,44.679561087894285,1.0
"(4, 7, 8)",3,0,0.1,0.5623413251903491,5842.445962983389,44.66297783231485,1.0
"(4, 7, 8)",3,0,0.1,1.0,5842.491585349801,44.633760381286265,1.0
"(4, 7, 8)",3,0,0.1,1.7782794100389228,5842.633451663808,44.582647821952904,1.0
"(4, 7, 8)",3,0,0.1,3.1622776601683795,5843.069018109847,44.4943351932941,1.0
"(4, 7, 8)",3,0,0.1,5.623413251903491,5844.37736081235,44.34497388656423,1.0
"(4, 7, 8)",3,0,0.1,10.0,5848.1655567117805,44.10127060588175,1.0
"(4, 7, 8)",3,0,0.1,17.78279410038923,5858.504747102728,43.7259865500208,1.0
"(4, 7, 8)",3,0,0.1,31.622776601683793,5884.336565840159,43.196167454169135,1.0
"(4, 7, 8)",3,0,0.1,56.23413251903491,5941.727828739431,42.53020087127292,1.0
"(4, 7, 8)",3,0,0.1,100.0,6053.8755341178285,41.79403589835305,0.9999999999999998
"(4, 7, 8)",3,0,0.1,177.82794100389228,6251.650407598491,41.06117160693988,0.9999999999999999
"(4, 7, 8)",3,0,0.1,316.22776601683796,6582.818280752103,40.37007741720579,1.0
"(4, 7, 8)",3,0,0.1,562.341325190349,7123.845487487882,39.73438916001416,1.0
"(4, 7, 8)",3,0,0.1,1000.0,7974.961923526831,39.17072671628668,1.0
"(4, 7, 8)",3,0,0.1,1778.2794100389228,9244.853827566156,38.69657574536301,1.0
"(4, 7, 8)",3,0,0.1,3162.2776601683795,11052.793362304694,38.31624894395893,1.0
"(4, 7, 8)",3,0,0.1,5623.413251903491,13549.083673974335,38.02061744343092,0.9999999999999998
"(4, 7, 8)",3,0,0.1,10000.0,16937.75329245746,37.79481048942318,0.9999999999999998
"(4, 7, 8)",3,0,0.1,17782.794100389227,21498.062344619797,37.62387638699972,1.0
"(4, 7, 8)",3,0,0.1,31622.776601683792,27608.433167993855,37.49506151784117,1.0
"(4, 7, 8)",3,0,0.1,56234.13251903491,35777.494106375154,37.398210568393004,1.0
"(4, 7, 8)",3,0,0.1,100000.0,46686.0890698485,37.32547975757985,0.9999999999999998
"(4, 7, 8)",3,0,0.1,177827.94100389228,61243.83871581794,37.27089720878416,0.9999999999999999
"(4, 7, 8)",3,0,0.1,316227.7660168379,80664.88973296246,37.229948672919335,1.0
"(4, 7, 8)",3,0,0.1,562341.3251903491,106569.10073854061,37.19923435525959,1.0
"(4, 7, 8)",3,0,0.1,1000000.0,141117.0088699513,37.17619876908724,1.0
"(4, 7, 8)",3,0,1,0.0,162.63840972758328,10.883465135978042,1.0
"(4, 7, 8)",3,0,1,0.0001,162.63840972993484,10.883441620222841,1.0
"(4, 7, 8)",3,0,1,0.00017782794100389227,162.63840973501917,10.883423319037908,1.0
"(4, 7, 8)",3,0,1,0.00031622776601683794,162.63840975109727,10.883390775806042,1.0
"(4, 7, 8)",3,0,1,0.0005623413251903491,162.63840980193658,10.883332909237184,0.9999999999999998
"(4, 7, 8)",3,0,1,0.001,162.63840996268306,10.883230020190297,1.0
"(4, 7, 8)",3,0,1,0.0017782794100389228,162.63841047088246,10.883047098600265,1.0
"(4, 7, 8)",3,0,1,0.0031622776601683794,162.63841207724766,10.882721951605793,0.9999999999999998
"(4, 7, 8)",3,0,1,0.005623413251903491,162.63841715307197,10.882144187629695,0.9999999999999998
"(4, 7, 8)",3,0,1,0.01,162.6384331820584,10.881118145476895,0.9999999999999998
"(4, 7, 8)",3,0,1,0.01778279410038923,162.63848374579467,10.87929791907921,1.0
"(4, 7, 8)",3,0,1,0.03162277660168379,162.6386429465037,10.876074777556685,1.0
"(4, 7, 8)",3,0,1,0.05623413251903491,162.63914250523905,10.870386168406487,1.0
"(4, 7, 8)",3,0,1,0.1,162.64070078503448,10.860404226369806,1.0
"(4, 7, 8)",3,0,1,0.1778279410038923,162.645511144872,10.843065798292654,1.0
"(4, 7, 8)",3,0,1,0.31622776601683794,162.66009466225435,10.813475584114325,1.0
"(4, 7, 8)",3,0,1,0.5623413251903491,162.70296921943125,10.764469206610944,1.0
"(4, 7, 8)",3,0,1,1.0,162.82279684402835,10.687226046289164,1.0
"(4, 7, 8)",3,0,1,1.7782794100389228,163.13224714090524,10.574555563903804,1.0
"(4, 7, 8)",3,0,1,3.1622776601683795,163.8455932588987,10.427600096418455,1.0
"(4, 7, 8)",3,0,1,5.623413251903491,165.26850971226656,10.261531276221714,1.0
"(4, 7, 8)",3,0,1,10.0,167.6928483796878,10.101218441821445,0.9999999999999998
"(4, 7, 8)",3,0,1,17.78279410038923,171.26456211514903,9.967543360342729,1.0
"(4, 7, 8)",3,0,1,31.622776601683793,175.94040556654343,9.8686394063877,1.0
"(4, 7, 8)",3,0,1,56.23413251903491,181.5353799981673,9.801842554948239,1.0
"(4, 7, 8)",3,0,1,100.0,187.8265606093699,9.759508281798627,1.0
"(4, 7, 8)",3,0,1,177.82794100389228,194.67330067816113,9.733577130711684,1.0
"(4, 7, 8)",3,0,1,316.22776601683796,202.09410218481216,9.717778779446498,1.0
"(4, 7, 8)",3,0,1,562.341325190349,210.292843517139,9.707976543509488,0.9999999999999998
"(4, 7, 8)",3,0,1,1000.0,219.66300860731357,9.701688167319878,1.0
"(4, 7, 8)",3,0,1,1778.2794100389228,230.7935738555234,9.69749525014935,1.0
"(4, 7, 8)",3,0,1,3162.2776601683795,244.49026646254478,9.694598250188095,1.0
"(4, 7, 8)",3,0,1,5623.413251903491,261.819763223888,9.692539400991988,1.0
"(4, 7, 8)",3,0,1,10000.0,284.1818234151154,9.691046555544148,1.0
"(4, 7, 8)",3,0,1,17782.794100389227,313.4146147175456,9.689949676068812,1.0
"(4, 7, 8)",3,0,1,31622.776601683792,351.9406972443787,9.68913700991711,1.0
"(4, 7, 8)",3,0,1,56234.13251903491,402.9644908705398,9.68853187518303,1.0
"(4, 7, 8)",3,0,1,100000.0,470.73679308628374,9.688079929163226,1.0
"(4, 7, 8)",3,0,1,177827.94100389228,560.9076345744772,9.687741805363048,1.0
"(4, 7, 8)",3,0,1,316227.7660168379,680.9964131116832,9.687488584053986,1.0
"(4, 7, 8)",3,0,1,562341.3251903491,841.0181992472739,9.68729883687232,1.0000000000000002
"(4, 7, 8)",3,0,1,1000000.0,1054.3172524590107,9.68715660624758,0.9999999999999998
"(4, 7, 8)",3,0,3,0.0,115.88670084392744,12.415163483652195,1.0
"(4, 7, 8)",3,0,3,0.0001,115.88670085720666,12.415030689166471,1.0
"(4, 7, 8)",3,0,3,0.00017782794100389227,115.88670088591863,12.414927344288992,1.0
"(4, 7, 8)",3,0,3,0.00031622776601683794,115.8867009767071,12.414743581917312,1.0
"(4, 7, 8)",3,0,3,0.0005623413251903491,115.88670126376599,12.414416844380607,0.9999999999999998
"(4, 7, 8)",3,0,3,0.001,115.88670217130743,12.41383595065394,1.0
"(4, 7, 8)",3,0,3,0.0017782794100389228,115.88670503997162,12.41280339203492,1.0
"(4, 7, 8)",3,0,3,0.0031622776601683794,115.88671410455319,12.410968581581562,0.9999999999999998
"(4, 7, 8)",3,0,3,0.005623413251903491,115.8867427303586,12.40771009319639,1.0
"(4, 7, 8)",3,0,3,0.01,115.88683303484108,12.401929206618991,1.0
"(4, 7, 8)",3,0,3,0.01778279410038923,115.88711738120789,12.391692030968462,1.0
"(4, 7, 8)",3,0,3,0.03162277660168379,115.88800975301132,12.373621866634235,1.0
"(4, 7, 8)",3,0,3,0.05623413251903491,115.89079395908497,12.34190681315242,0.9999999999999998
"(4, 7, 8)",3,0,3,0.1,115.899391869924,12.286798625448155,1.0
"(4, 7, 8)",3,0,3,0.1778279410038923,115.92547278990268,12.192697362277551,1.0
"(4, 7, 8)",3,0,3,0.31622776601683794,116.00220562387908,12.036735438117855,1.0
"(4, 7, 8)",3,0,3,0.5623413251903491,116.21677897632078,11.790769911061593,1.0
"(4, 7, 8)",3,0,3,1.0,116.77029185508238,11.432342795765923,1.0
"(4, 7, 8)",3,0,3,1.7782794100389228,118.03735492681761,10.967907540660658,1.0
"(4, 7, 8)",3,0,3,3.1622776601683795,120.50901542136022,10.454111765330596,1.0
"(4, 7, 8)",3,0,3,5.623413251903491,124.50490826227566,9.982614244238388,1.0
"(4, 7, 8)",3,0,3,10.0,129.85805425432324,9.624337744104569,1.0
"(4, 7, 8)",3,0,3,17.78279410038923,135.98564361926353,9.392205100794389,1.0
"(4, 7, 8)",3,0,3,31.622776601683793,142.265048960658,9.25786739827799,0.9999999999999998
"(4, 7, 8)",3,0,3,56.23413251903491,148.26494118967685,9.18549591102263,1.0
"(4, 7, 8)",3,0,3,100.0,153.73869100622,9.148297636551854,1.0
"(4, 7, 8)",3,0,3,177.82794100389228,158.55818497313757,9.129851343840642,1.0
"(4, 7, 8)",3,0,3,316.22776601683796,162.67569325488626,9.120977362846764,1.0
"(4, 7, 8)",3,0,3,562.341325190349,166.104109892053,9.116817667587934,1.0
"(4, 7, 8)",3,0,3,1000.0,168.8990401597968,9.114909023223245,1.0
"(4, 7, 8)",3,0,3,1778.2794100389228,171.1406180046828,9.114047646525064,1.0
"(4, 7, 8)",3,0,3,3162.2776601683795,172.91812282913696,9.113663382686806,1.0
"(4, 7, 8)",3,0,3,5623.413251903491,174.3193282004712,9.113493017533477,1.0
"(4, 7, 8)",3,0,3,10000.0,175.42452800804546,9.113417468099886,1.0
"(4, 7, 8)",3,0,3,17782.794100389227,176.30417886693982,9.11338367638569,1.0
"(4, 7, 8)",3,0,3,31622.776601683792,177.0189174872749,9.113368256364474,0.9999999999999998
"(4, 7, 8)",3,0,3,56234.13251903491,177.62097286820477,9.113360967436964,1.0
"(4, 7, 8)",3,0,3,100000.0,178.15630011721865,9.113357333517937,1.0
"(4, 7, 8)",3,0,3,177827.94100389228,178.66709315247545,9.113355390465234,0.9999999999999999
"(4, 7, 8)",3,0,3,316227.7660168379,179.19447034823887,9.113354266037591,1.0
"(4, 7, 8)",3,0,3,562341.3251903491,179.7812963273467,9.113353563928055,1.0
"(4, 7, 8)",3,0,3,1000000.0,180.47470138853015,9.113353096655302,1.0
"(4, 7, 8)",3,1,0.1,0.0,2805.587805793446,18.271660243609542,1.0
"(4, 7, 8)",3,1,0.1,0.0001,2805.5878057939326,18.27165536191153,1.0
"(4, 7, 8)",3,1,0.1,0.00017782794100389227,2805.5878057949863,18.271651562599402,0.9999999999999999
"(4, 7, 8)",3,1,0.1,0.00031622776601683794,2805.5878057983255,18.271644806387133,1.0
"(4, 7, 8)",3,1,0.1,0.0005623413251903491,2805.5878058088797,18.27163279203725,1.0
"(4, 7, 8)",3,1,0.1,0.001,2805.5878058422554,18.271611427429566,0.9999999999999999
"(4, 7, 8)",3,1,0.1,0.0017782794100389228,2805.587805947803,18.27157343601996,1.0
"(4, 7, 8)",3,1,0.1,0.0031622776601683794,2805.587806281564,18.27150587931174,1.0
"(4, 7, 8)",3,1,0.1,0.005623413251903491,2805.587807336941,18.27138575293482,1.0
"(4, 7, 8)",3,1,0.1,0.01,2805.587810673931,18.271172160998702,1.0
"(4, 7, 8)",3,1,0.1,0.01778279410038923,2805.587821224077,18.2707924180881,1.0
"(4, 7, 8)",3,1,0.1,0.03162277660168379,2805.5878545732767,18.270117392175848,1.0
"(4, 7, 8)",3,1,0.1,0.05623413251903491,2805.5879599578498,18.268917838805557,1.0
"(4, 7, 8)",3,1,0.1,0.1,2805.5882927924467,18.266787322970675,1.0
"(4, 7, 8)",3,1,0.1,0.1778279410038923,2805.5893429474586,18.263006951968705,1.0
"(4, 7, 8)",3,1,0.1,0.31622776601683794,2805.5926506134624,18.256310470899408,1.0
"(4, 7, 8)",3,1,0.1,0.5623413251903491,2805.603036636099,18.244484079935216,1.0
"(4, 7, 8)",3,1,0.1,1.0,2805.6354712279713,18.22370869400935,1.0
"(4, 7, 8)",3,1,0.1,1.7782794100389228,2805.7357951139356,18.18755216277736,1.0
"(4, 7, 8)",3,1,0.1,3.1622776601683795,2806.0409684578954,18.125643812181508,1.0
"(4, 7, 8)",3,1,0.1,5.623413251903491,2806.9430478616982,18.022565989954156,1.0
"(4, 7, 8)",3,1,0.1,10.0,2809.4849321173465,17.85878409303407,1.0
"(4, 7, 8)",3,1,0.1,17.78279410038923,2816.120424944248,17.617318652450408,1.0
"(4, 7, 8)",3,1,0.1,31.622776601683793,2831.586957065431,17.29884735053825,0.9999999999999999
"(4, 7, 8)",3,1,0.1,56.23413251903491,2862.6574749675933,16.93630073873116,1.0
"(4, 7, 8)",3,1,0.1,100.0,2915.9043948242324,16.584378229794158,1.0
"(4, 7, 8)",3,1,0.1,177.82794100389228,2997.346310184557,16.280612366073388,1.0
"(4, 7, 8)",3,1,0.1,316.22776601683796,3119.606858333995,16.024497741234,1.0
"(4, 7, 8)",3,1,0.1,562.341325190349,3311.2114167415025,15.799259853576615,1.0
"(4, 7, 8)",3,1,0.1,1000.0,3616.530114463522,15.597333243916557,1.0
"(4, 7, 8)",3,1,0.1,1778.2794100389228,4087.729527871282,15.421697555917904,1.0
"(4, 7, 8)",3,1,0.1,3162.2776601683795,4779.893272201158,15.27627433748654,1.0
"(4, 7, 8)",3,1,0.1,5623.413251903491,5754.74157564465,15.160904188278925,0.9999999999999999
"(4, 7, 8)",3,1,0.1,10000.0,7091.481309378641,15.071858518298287,1.0
"(4, 7, 8)",3,1,0.1,17782.794100389227,8898.974158175153,15.004118744357056,1.0
"(4, 7, 8)",3,1,0.1,31622.776601683792,11326.3822604098,14.952949600646592,0.9999999999999999
"(4, 7, 8)",3,1,0.1,56234.13251903491,14575.325627948929,14.914432194855427,1.0
"(4, 7, 8)",3,1,0.1,100000.0,18916.352755195912,14.88548988698385,1.0
"(4, 7, 8)",3,1,0.1,177827.94100389228,24711.319624743377,14.863762603614386,1.0
"(4, 7, 8)",3,1,0.1,316227.7660168379,32443.47375385352,14.847459782489642,1.0
"(4, 7, 8)",3,1,0.1,562341.3251903491,42757.70947564464,14.835230405853679,1.0
"(4, 7, 8)",3,1,0.1,1000000.0,56514.30126586395,14.82605799883356,1.0
"(4, 7, 8)",3,1,1,0.0,112.6092978385837,7.192712697663193,0.9999999999999998
"(4, 7, 8)",3,1,1,0.0001,112.6092978406744,7.192691790781431,1.0
"(4, 7, 8)",3,1,1,0.00017782794100389227,112.60929784519492,7.192675519903768,0.9999999999999999
"(4, 7, 8)",3,1,1,0.00031622776601683794,112.60929785948935,7.192646586856196,1.0
"(4, 7, 8)",3,1,1,0.0005623413251903491,112.60929790468944,7.192595139352179,1.0
"(4, 7, 8)",3,1,1,0.001,112.6092980476068,7.192503662503935,1.0
"(4, 7, 8)",3,1,1,0.0017782794100389228,112.60929849944952,7.192341026481161,0.9999999999999999
"(4, 7, 8)",3,1,1,0.0031622776601683794,112.60929992773445,7.192051925996995,0.9999999999999999
"(4, 7, 8)",3,1,1,0.005623413251903491,112.60930444118257,7.191538177827207,0.9999999999999999
"(4, 7, 8)",3,1,1,0.01,112.60931869607562,7.190625705515194,1.0
"(4, 7, 8)",3,1,1,0.01778279410038923,112.60936367371572,7.1890065929781155,1.0
"(4, 7, 8)",3,1,1,0.03162277660168379,112.60950534423365,7.186138432109014,1.0
"(4, 7, 8)",3,1,1,0.05623413251903491,112.60995021619856,7.18107276947738,1.0
"(4, 7, 8)",3,1,1,0.1,112.61133968864961,7.172172828096708,1.0
"(4, 7, 8)",3,1,1,0.1778279410038923,112.61563864828156,7.156679726582878,1.0
"(4, 7, 8)",3,1,1,0.31622776601683794,112.62872352893528,7.130136400215305,1.0
"(4, 7, 8)",3,1,1,0.5623413251903491,112.66745788859055,7.0858800651089755,1.0
"(4, 7, 8)",3,1,1,1.0,112.77699179497162,7.015320468963451,1.0
"(4, 7, 8)",3,1,1,1.7782794100389228,113.06538669369543,6.910433171592184,0.9999999999999999
"(4, 7, 8)",3,1,1,3.1622776601683795,113.75055357348428,6.769523095316965,1.0
"(4, 7, 8)",3,1,1,5.623413251903491,115.17687680735716,6.60344062286852,1.0
"(4, 7, 8)",3,1,1,10.0,117.73639456625813,6.4346260650070555,1.0
"(4, 7, 8)",3,1,1,17.78279410038923,121.70266603998314,6.286512196584322,1.0
"(4, 7, 8)",3,1,1,31.622776601683793,127.0853973849323,6.172797514838065,1.0
"(4, 7, 8)",3,1,1,56.23413251903491,133.602772916509,6.094980666587361,1.0
"(4, 7, 8)",3,1,1,100.0,140.78670349320444,6.046551088868849,0.9999999999999999
"(4, 7, 8)",3,1,1,177.82794100389228,148.14703696324412,6.018564036785726,1.0
"(4, 7, 8)",3,1,1,316.22776601683796,155.30149182054984,6.003234823010407,1.0
"(4, 7, 8)",3,1,1,562.341325190349,162.0370753820487,5.995110947253414,1.0
"(4, 7, 8)",3,1,1,1000.0,168.31397890923805,5.990853855604701,1.0
"(4, 7, 8)",3,1,1,1778.2794100389228,174.23848450766354,5.988596914363976,1.0
"(4, 7, 8)",3,1,1,3162.2776601683795,180.0300758757438,5.987358874179317,1.0
"(4, 7, 8)",3,1,1,5623.413251903491,185.99801283090514,5.986643477384726,0.9999999999999999
"(4, 7, 8)",3,1,1,10000.0,192.53330869692266,5.98620422020863,1.0
"(4, 7, 8)",3,1,1,17782.794100389227,200.11693530269116,5.985918318735219,1.0
"(4, 7, 8)",3,1,1,31622.776601683792,209.3435581347187,5.985723095803835,0.9999999999999999
"(4, 7, 8)",3,1,1,56234.13251903491,220.96067978254047,5.985585057356741,0.9999999999999999
"(4, 7, 8)",3,1,1,100000.0,235.92452745696238,5.985485156301296,1.0
"(4, 7, 8)",3,1,1,177827.94100389228,255.47590508773953,5.985411793447752,0.9999999999999998
"(4, 7, 8)",3,1,1,316227.7660168379,281.2413396873004,5.9853574427568335,1.0
"(4, 7, 8)",3,1,1,562341.3251903491,315.36725726032694,5.985316968044005,0.9999999999999998
"(4, 7, 8)",3,1,1,1000000.0,360.69803855473793,5.985286736350968,1.0000000000000002
"(4, 7, 8)",3,1,3,0.0,93.96366284436756,8.608323491962638,1.0
"(4, 7, 8)",3,1,3,0.0001,93.96366285496528,8.6082175126775,1.0
"(4, 7, 8)",3,1,3,0.00017782794100389227,93.96366287787939,8.608135036575911,1.0
"(4, 7, 8)",3,1,3,0.00031622776601683794,93.9636629503343,8.607988382680917,0.9999999999999999
"(4, 7, 8)",3,1,3,0.0005623413251903491,93.96366317942346,8.607727627939678,1.0
"(4, 7, 8)",3,1,3,0.001,93.96366390368001,8.607264049681902,1.0
"(4, 7, 8)",3,1,3,0.0017782794100389228,93.96366619293048,8.6064400463201,1.0
"(4, 7, 8)",3,1,3,0.0031622776601683794,93.96367342627703,8.604975901732383,1.0
"(4, 7, 8)",3,1,3,0.005623413251903491,93.96369626700991,8.602375917252338,1.0
"(4, 7, 8)",3,1,3,0.01,93.96376831007048,8.59776400193329,0.9999999999999999
"(4, 7, 8)",3,1,3,0.01778279410038923,93.96399509158384,8.589599169854957,0.9999999999999999
"(4, 7, 8)",3,1,3,0.03162277660168379,93.96470645141018,8.575194007445571,1.0
"(4, 7, 8)",3,1,3,0.05623413251903491,93.966923965057,8.549932905876972,1.0
"(4, 7, 8)",3,1,3,0.1,93.97376157557173,8.506103539392084,1.0
"(4, 7, 8)",3,1,3,0.1778279410038923,93.99445022465937,8.431447044149598,0.9999999999999998
"(4, 7, 8)",3,1,3,0.31622776601683794,94.05506904810312,8.308208975978982,0.9999999999999999
"(4, 7, 8)",3,1,3,0.5623413251903491,94.22354182762668,8.115024181648124,0.9999999999999999
"(4, 7, 8)",3,1,3,1.0,94.6546888590572,7.835724228608874,1.0
"(4, 7, 8)",3,1,3,1.7782794100389228,95.63447476980485,7.476492928950289,1.0
"(4, 7, 8)",3,1,3,3.1622776601683795,97.54619252979185,7.079222777701551,0.9999999999999999
"(4, 7, 8)",3,1,3,5.623413251903491,100.69898469578112,6.707806384479987,1.0
"(4, 7, 8)",3,1,3,10.0,105.15474138097011,6.41063408649573,1.0
"(4, 7, 8)",3,1,3,17.78279410038923,110.7540283566436,6.199645471136354,1.0
"(4, 7, 8)",3,1,3,31.622776601683793,117.24329460315658,6.061687568164686,1.0
"(4, 7, 8)",3,1,3,56.23413251903491,124.30835937470012,5.976984972687288,1.0
"(4, 7, 8)",3,1,3,100.0,131.5642681008739,5.927930775620857,1.0
"(4, 7, 8)",3,1,3,177.82794100389228,138.60584126611425,5.901090030672443,1.0
"(4, 7, 8)",3,1,3,316.22776601683796,145.09372450953234,5.8871509289738535,1.0
"(4, 7, 8)",3,1,3,562.341325190349,150.8104915966437,5.880230667006519,0.9999999999999999
"(4, 7, 8)",3,1,3,1000.0,155.66659595686147,5.87691984863301,1.0
"(4, 7, 8)",3,1,3,1778.2794100389228,159.6731318808033,5.875381885848837,1.0
"(4, 7, 8)",3,1,3,3162.2776601683795,162.9045582717655,5.874683687392412,1.0
"(4, 7, 8)",3,1,3,5623.413251903491,165.46592373186937,5.874372253792292,1.0
"(4, 7, 8)",3,1,3,10000.0,167.4697889901121,5.874235167967622,0.9999999999999998
"(4, 7, 8)",3,1,3,17782.794100389227,169.02255730866247,5.874175410059539,1.0
"(4, 7, 8)",3,1,3,31622.776601683792,170.21785325109872,5.874149535455871,1.0
"(4, 7, 8)",3,1,3,56234.13251903491,171.13443097482036,5.874138376584016,1.0
"(4, 7, 8)",3,1,3,100000.0,171.8366282738369,5.874133569160598,1.0
"(4, 7, 8)",3,1,3,177827.94100389228,172.37605615435223,5.874131492777133,1.0
"(4, 7, 8)",3,1,3,316227.7660168379,172.7936966741156,5.874130588978258,1.0
"(4, 7, 8)",3,1,3,562341.3251903491,173.12202173748935,5.87413018944866,1.0
"(4, 7, 8)",3,1,3,1000000.0,173.3868547665283,5.874130008026745,1.0
"(5, 6, 7)",3,-1,0.1,0.0,2065.794822622064,12.634500347350851,1.0
"(5, 6, 7)",3,-1,0.1,0.0001,2065.7948226222484,12.634498518630839,0.9999999999999999
"(5, 6, 7)",3,-1,0.1,0.00017782794100389227,2065.7948226226426,12.634497095379528,1.0
"(5, 6, 7)",3,-1,0.1,0.00031622776601683794,2065.794822623893,12.63449456444914,1.0
"(5, 6, 7)",3,-1,0.1,0.0005623413251903491,2065.794822627845,12.634490063773388,1.0
"(5, 6, 7)",3,-1,0.1,0.001,2065.794822640349,12.634482060395454,1.0
"(5, 6, 7)",3,-1,0.1,0.0017782794100389228,2065.794822679885,12.634467828409628,0.9999999999999999
"(5, 6, 7)",3,-1,0.1,0.0031622776601683794,2065.794822804915,12.634442520773078,0.9999999999999999
"(5, 6, 7)",3,-1,0.1,0.005623413251903491,2065.794823200276,12.634397519287862,0.9999999999999998
"(5, 6, 7)",3,-1,0.1,0.01,2065.794824450394,12.634317502179645,1.0
"(5, 6, 7)",3,-1,0.1,0.01778279410038923,2065.7948284029044,12.634175235032858,1.0
"(5, 6, 7)",3,-1,0.1,0.03162277660168379,2065.794840897769,12.63392232531125,1.0
"(5, 6, 7)",3,-1,0.1,0.05623413251903491,2065.794880386983,12.63347283718544,1.0
"(5, 6, 7)",3,-1,0.1,0.1,2065.7950051333164,12.63267433036682,0.9999999999999999
"(5, 6, 7)",3,-1,0.1,0.1778279410038923,2065.795398888629,12.63125691395067,1.0
"(5, 6, 7)",3,-1,0.1,0.31622776601683794,2065.7966399776656,12.6287443908822,1.0000000000000002
"(5, 6, 7)",3,-1,0.1,0.5623413251903491,2065.8005418869952,12.624301676887768,1.0
"(5, 6, 7)",3,-1,0.1,1.0,2065.8127543603377,12.616480213627687,1.0
"(5, 6, 7)",3,-1,0.1,1.7782794100389228,2065.850677556581,12.602815890254536,1.0000000000000002
"(5, 6, 7)",3,-1,0.1,3.1622776601683795,2065.9668317051614,12.57926194438872,0.9999999999999999
"(5, 6, 7)",3,-1,0.1,5.623413251903491,2066.3142957062955,12.539585776585113,1.0
"(5, 6, 7)",3,-1,0.1,10.0,2067.313450454136,12.475282589319756,1.0
"(5, 6, 7)",3,-1,0.1,17.78279410038923,2070.010816986991,12.377315497999328,1.0
"(5, 6, 7)",3,-1,0.1,31.622776601683793,2076.643407517796,12.241161477671461,1.0
"(5, 6, 7)",3,-1,0.1,56.23413251903491,2091.089922968427,12.073360753726382,0.9999999999999999
"(5, 6, 7)",3,-1,0.1,100.0,2118.8415837944103,11.891083796150369,1.0
"(5, 6, 7)",3,-1,0.1,177.82794100389228,2167.7714111370274,11.709877435019058,1.0
"(5, 6, 7)",3,-1,0.1,316.22776601683796,2252.0654438225047,11.534317999762841,1.0000000000000002
"(5, 6, 7)",3,-1,0.1,562.341325190349,2396.810981919386,11.364689758949977,1.0
"(5, 6, 7)",3,-1,0.1,1000.0,2636.993834176066,11.206013705925825,1.0
"(5, 6, 7)",3,-1,0.1,1778.2794100389228,3011.765981046454,11.066340601579688,1.0
"(5, 6, 7)",3,-1,0.1,3162.2776601683795,3561.7943091047778,10.950762450114647,0.9999999999999998
"(5, 6, 7)",3,-1,0.1,5623.413251903491,4333.878490938025,10.85937517657702,1.0000000000000002
"(5, 6, 7)",3,-1,0.1,10000.0,5390.014148761188,10.789015487492538,1.0
"(5, 6, 7)",3,-1,0.1,17782.794100389227,6816.142009919088,10.735565667525133,0.9999999999999999
"(5, 6, 7)",3,-1,0.1,31622.776601683792,8729.983566966655,10.69522134074256,1.0000000000000002
"(5, 6, 7)",3,-1,0.1,56234.13251903491,11290.527254379402,10.664864739914446,1.0
"(5, 6, 7)",3,-1,0.1,100000.0,14711.012164203526,10.642059658631993,0.9999999999999998
"(5, 6, 7)",3,-1,0.1,177827.94100389228,19276.569909099253,10.62494177571996,1.0
"(5, 6, 7)",3,-1,0.1,316227.7660168379,25367.932687015113,10.61209844877219,1.0
"(5, 6, 7)",3,-1,0.1,562341.3251903491,33493.150969027694,10.602464542804714,1.0
"(5, 6, 7)",3,-1,0.1,1000000.0,44329.93744923044,10.595238979435491,1.0
"(5, 6, 7)",3,-1,1,0.0,72.16973718661873,4.110541570534815,0.9999999999999999
"(5, 6, 7)",3,-1,1,0.0001,72.16973718796864,4.110528072230259,0.9999999999999999
"(5, 6, 7)",3,-1,1,0.00017782794100389227,72.16973719088719,4.110517567122284,0.9999999999999999
"(5, 6, 7)",3,-1,1,0.00031622776601683794,72.16973720011629,4.110498886849887,0.9999999999999999
"(5, 6, 7)",3,-1,1,0.0005623413251903491,72.16973722929899,4.110465670461274,1.0
"(5, 6, 7)",3,-1,1,0.001,72.16973732157112,4.110406609887956,1.0
"(5, 6, 7)",3,-1,1,0.0017782794100389228,72.1697376132939,4.110301607228611,1.0
"(5, 6, 7)",3,-1,1,0.0031622776601683794,72.1697385354251,4.110114957573577,1.0
"(5, 6, 7)",3,-1,1,0.005623413251903491,72.16974144934073,4.109783277452177,1.0
"(5, 6, 7)",3,-1,1,0.01,72.16975065204944,4.10919419993382,1.0
"(5, 6, 7)",3,-1,1,0.01778279410038923,72.169779686822,4.108148997096069,1.0
"(5, 6, 7)",3,-1,1,0.03162277660168379,72.16987112926505,4.10629770484981,1.0
"(5, 6, 7)",3,-1,1,0.05623413251903491,72.17015821256899,4.103028706144194,1.0
"(5, 6, 7)",3,-1,1,0.1,72.17105450929502,4.097287554202276,0.9999999999999999
"(5, 6, 7)",3,-1,1,0.1778279410038923,72.17382564093948,4.087300203953024,1.0
"(5, 6, 7)",3,-1,1,0.31622776601683794,72.18224936479174,4.070210961396782,1.0
"(5, 6, 7)",3,-1,1,0.5623413251903491,72.2071266976296,4.0417830998008375,1.0
"(5, 6, 7)",3,-1,1,1.0,72.27716743566356,3.996652293147995,1.0
"(5, 6, 7)",3,-1,1,1.7782794100389228,72.46008303077566,3.9300942263153376,0.9999999999999999
"(5, 6, 7)",3,-1,1,3.1622776601683795,72.8883006923141,3.8419497978687316,1.0
"(5, 6, 7)",3,-1,1,5.623413251903491,73.75816374179308,3.7405185274425805,1.0
"(5, 6, 7)",3,-1,1,10.0,75.26614490072367,3.6408769060698356,1.0
"(5, 6, 7)",3,-1,1,17.78279410038923,77.51787181453193,3.556650646883788,1.0
"(5, 6, 7)",3,-1,1,31.622776601683793,80.49784118894037,3.4936503941165062,1.0
"(5, 6, 7)",3,-1,1,56.23413251903491,84.10114430450358,3.450651441348827,0.9999999999999999
"(5, 6, 7)",3,-1,1,100.0,88.17237969777675,3.4232534883235632,1.0
"(5, 6, 7)",3,-1,1,177.82794100389228,92.54252577403258,3.4066806359086477,1.0
"(5, 6, 7)",3,-1,1,316.22776601683796,97.07141289870287,3.3970101882481276,1.0
"(5, 6, 7)",3,-1,1,562.341325190349,101.68723431967841,3.3914659182016273,1.0
"(5, 6, 7)",3,-1,1,1000.0,106.41076502968035,3.3882775824878033,1.0
"(5, 6, 7)",3,-1,1,1778.2794100389228,111.36321327681921,3.3864007210459306,1.0
"(5, 6, 7)",3,-1,1,3162.2776601683795,116.76592277735803,3.385251787154331,1.0
"(5, 6, 7)",3,-1,1,5623.413251903491,122.94139611207592,3.384514942713069,1.0
"(5, 6, 7)",3,-1,1,10000.0,130.3224467041065,3.384020674379616,1.0
"(5, 6, 7)",3,-1,1,17782.794100389227,139.47352007472793,3.3836765983435644,1.0
"(5, 6, 7)",3,-1,1,31622.776601683792,151.12681357887362,3.3834304653595186,1.0
"(5, 6, 7)",3,-1,1,56234.13251903491,166.235812799575,3.3832511334719784,1.0
"(5, 6, 7)",3,-1,1,100000.0,186.04990640778428,3.3831189396765358,1.0
"(5, 6, 7)",3,-1,1,177827.94100389228,212.21550744113037,3.3830207971246553,1.0
"(5, 6, 7)",3,-1,1,316227.7660168379,246.91148520307442,3.382947625540573,1.0
"(5, 6, 7)",3,-1,1,562341.3251903491,293.02968645314184,3.3828929362706095,0.9999999999999999
"(5, 6, 7)",3,-1,1,1000000.0,354.41531917672734,3.3828520023975703,1.0
"(5, 6, 7)",3,-1,3,0.0,59.51517034739759,4.676943599054799,0.9999999999999998
"(5, 6, 7)",3,-1,3,0.0001,59.51517035236212,4.676893952935776,1.0
"(5, 6, 7)",3,-1,3,0.00017782794100389227,59.51517036309643,4.676855316506113,1.0
"(5, 6, 7)",3,-1,3,0.00031622776601683794,59.515170397038844,4.676786614728175,1.0
"(5, 6, 7)",3,-1,3,0.0005623413251903491,59.51517050436091,4.676664458282177,1.0
"(5, 6, 7)",3,-1,3,0.001,59.51517084366982,4.67644727586676,0.9999999999999999
"(5, 6, 7)",3,-1,3,0.0017782794100389228,59.51517191624517,4.676061209863734,1.0
"(5, 6, 7)",3,-1,3,0.0031622776601683794,59.51517530570291,4.675375134865529,1.0000000000000002
"(5, 6, 7)",3,-1,3,0.005623413251903491,59.515186011063854,4.674156548892902,0.9999999999999998
"(5, 6, 7)",3,-1,3,0.01,59.51521979121008,4.671994127553128,1.0
"(5, 6, 7)",3,-1,3,0.01778279410038923,59.515326203710444,4.668163112256526,1.0
"(5, 6, 7)",3,-1,3,0.03162277660168379,59.515660423548944,4.661395606851697,1.0000000000000002
"(5, 6, 7)",3,-1,3,0.05623413251903491,59.51670464037128,4.649501832742855,1.0
"(5, 6, 7)",3,-1,3,0.1,59.51993716081691,4.628785973954236,1.0000000000000002
"(5, 6, 7)",3,-1,3,0.1778279410038923,59.5297843936553,4.593265406609188,0.9999999999999999
"(5, 6, 7)",3,-1,3,0.31622776601683794,59.558967325653114,4.533975071306887,1.0
"(5, 6, 7)",3,-1,3,0.5623413251903491,59.64156865953816,4.439354982379124,1.0
"(5, 6, 7)",3,-1,3,1.0,59.85881357280977,4.298832637530206,0.9999999999999999
"(5, 6, 7)",3,-1,3,1.7782794100389228,60.37076323517305,4.111483176177423,1.0
"(5, 6, 7)",3,-1,3,3.1622776601683795,61.41010574188936,3.8958958232680936,1.0
"(5, 6, 7)",3,-1,3,5.623413251903491,63.17636015085066,3.688028452507156,1.0
"(5, 6, 7)",3,-1,3,10.0,65.68432917821498,3.520677744059837,1.0
"(5, 6, 7)",3,-1,3,17.78279410038923,68.75813344620232,3.404651229627947,0.9999999999999998
"(5, 6, 7)",3,-1,3,31.622776601683793,72.18566114266842,3.331653610500876,1.0
"(5, 6, 7)",3,-1,3,56.23413251903491,75.81416819770536,3.288114817831712,1.0
"(5, 6, 7)",3,-1,3,100.0,79.51882187976712,3.2630749557522907,0.9999999999999999
"(5, 6, 7)",3,-1,3,177.82794100389228,83.1612773286072,3.249203954976022,0.9999999999999999
"(5, 6, 7)",3,-1,3,316.22776601683796,86.5980293052146,3.241829537323066,1.0
"(5, 6, 7)",3,-1,3,562.341325190349,89.71109971330527,3.238066118444496,1.0
"(5, 6, 7)",3,-1,3,1000.0,92.42867339232951,3.236215634552395,1.0
"(5, 6, 7)",3,-1,3,1778.2794100389228,94.72746990932752,3.235334193134534,1.0
"(5, 6, 7)",3,-1,3,3162.2776601683795,96.62281778931624,3.2349250736819943,0.9999999999999999
"(5, 6, 7)",3,-1,3,5623.413251903491,98.15461972646251,3.234738985576039,1.0
"(5, 6, 7)",3,-1,3,10000.0,99.37462665327308,3.234655593413553,1.0
"(5, 6, 7)",3,-1,3,17782.794100389227,100.33723300805538,3.2346185808349306,1.0000000000000002
"(5, 6, 7)",3,-1,3,31622.776601683792,101.09393047715729,3.2346022188764056,0.9999999999999999
"(5, 6, 7)",3,-1,3,56234.13251903491,101.69065078871078,3.2345949655202317,0.9999999999999999
"(5, 6, 7)",3,-1,3,100000.0,102.1670571724102,3.2345917117435823,1.0
"(5, 6, 7)",3,-1,3,177827.94100389228,102.55700694784016,3.2345902162911955,1.0
"(5, 6, 7)",3,-1,3,316227.7660168379,102.88960964422733,3.2345895005761216,1.0
"(5, 6, 7)",3,-1,3,562341.3251903491,103.19063274115695,3.2345891373584545,0.9999999999999998
"(5, 6, 7)",3,-1,3,1000000.0,103.48388824979305,3.2345889388479883,1.0
"(5, 6, 7)",3,0,0.1,0.0,18794.777793254838,103.62856080752225,1.0
"(5, 6, 7)",3,0,0.1,0.0001,18794.777793255686,103.62855201381493,1.0
"(5, 6, 7)",3,0,0.1,0.00017782794100389227,18794.777793257592,103.62854516986896,1.0
"(5, 6, 7)",3,0,0.1,0.00031622776601683794,18794.777793263576,103.62853299945313,1.0
"(5, 6, 7)",3,0,0.1,0.0005623413251903491,18794.777793282545,103.62851135715589,0.9999999999999998
"(5, 6, 7)",3,0,0.1,0.001,18794.777793342597,103.62847287142908,1.0
"(5, 6, 7)",3,0,0.1,0.0017782794100389228,18794.777793532598,103.62840443408,1.0
"(5, 6, 7)",3,0,0.1,0.0031622776601683794,18794.777794133617,103.62828273659774,0.9999999999999998
"(5, 6, 7)",3,0,0.1,0.005623413251903491,18794.777796034457,103.6280663347361,1.0
"(5, 6, 7)",3,0,0.1,0.01,18794.777802045406,103.62768154421921,1.0
"(5, 6, 7)",3,0,0.1,0.01778279410038923,18794.777821051863,103.62699738178779,1.0
"(5, 6, 7)",3,0,0.1,0.03162277660168379,18794.777881140926,103.62578107422837,0.9999999999999998
"(5, 6, 7)",3,0,0.1,0.05623413251903491,18794.778071070054,103.62361916476434,1.0
"(5, 6, 7)",3,0,0.1,0.1,18794.778671165273,103.61977792415698,1.0
"(5, 6, 7)",3,0,0.1,0.1778279410038923,18794.780565929614,103.61295734602598,0.9999999999999998
"(5, 6, 7)",3,0,0.1,0.31622776601683794,18794.78654139254,103.6008606616912,1.0
"(5, 6, 7)",3,0,0.1,0.5623413251903491,18794.805346266723,103.57945060517143,1.0
"(5, 6, 7)",3,0,0.1,1.0,18794.86430524395,103.54169417064655,1.0
"(5, 6, 7)",3,0,0.1,1.7782794100389228,18795.0479531472,103.47553475481484,1.0
"(5, 6, 7)",3,0,0.1,3.1622776601683795,18795.613510671523,103.36088632042181,1.0
"(5, 6, 7)",3,0,0.1,5.623413251903491,18797.32160869253,103.16595140623124,1.0
"(5, 6, 7)",3,0,0.1,10.0,18802.316457006094,102.84481072754606,1.0
"(5, 6, 7)",3,0,0.1,17.78279410038923,18816.19854996957,102.34147946556645,1.0
"(5, 6, 7)",3,0,0.1,31.622776601683793,18852.063851728297,101.60736937062613,1.0
"(5, 6, 7)",3,0,0.1,56.23413251903491,18936.781500099136,100.62796124507017,1.0
"(5, 6, 7)",3,0,0.1,100.0,19120.71372654927,99.42800425708259,1.0
"(5, 6, 7)",3,0,0.1,177.82794100389228,19499.211362182363,98.03692311878329,1.0
"(5, 6, 7)",3,0,0.1,316.22776601683796,20252.450879181804,96.47744924412484,1.0
"(5, 6, 7)",3,0,0.1,562.341325190349,21668.873970996337,94.82242554911137,1.0
"(5, 6, 7)",3,0,0.1,1000.0,24100.224459740588,93.217175568305,1.0
"(5, 6, 7)",3,0,0.1,1778.2794100389228,27894.96544000843,91.80238609231372,1.0
"(5, 6, 7)",3,0,0.1,3162.2776601683795,33410.893723962494,90.64277921276857,0.9999999999999998
"(5, 6, 7)",3,0,0.1,5623.413251903491,41095.71522421088,89.73293125082508,1.0
"(5, 6, 7)",3,0,0.1,10000.0,51569.1849804045,89.03511155602826,1.0
"(5, 6, 7)",3,0,0.1,17782.794100389227,65690.52726105298,88.50583457236937,1.0
"(5, 6, 7)",3,0,0.1,31622.776601683792,84629.799925167,88.1065820875867,1.0
"(5, 6, 7)",3,0,0.1,56234.13251903491,109962.64779072991,87.80624541983607,1.0
"(5, 6, 7)",3,0,0.1,100000.0,143799.967784018,87.5806440762336,1.0
"(5, 6, 7)",3,0,0.1,177827.94100389228,188963.06671687966,87.41131113981513,1.0
"(5, 6, 7)",3,0,0.1,316227.7660168379,249218.49961877012,87.28426506985502,1.0
"(5, 6, 7)",3,0,0.1,562341.3251903491,329591.916091189,87.18896720482549,1.0
"(5, 6, 7)",3,0,0.1,1000000.0,436786.95773227245,87.11749261889787,0.9999999999999998
"(5, 6, 7)",3,0,1,0.0,227.24115882149943,19.071490514266756,1.0
"(5, 6, 7)",3,0,1,0.0001,227.24115882240426,19.071481465012575,1.0
"(5, 6, 7)",3,0,1,0.00017782794100389227,227.24115882436072,19.071474422297364,1.0
"(5, 6, 7)",3,0,1,0.00031622776601683794,227.241158830548,19.07146189867,1.0
"(5, 6, 7)",3,0,1,0.0005623413251903491,227.24115885011338,19.071439629072074,1.0
"(5, 6, 7)",3,0,1,0.001,227.24115891197943,19.071400030384297,1.0
"(5, 6, 7)",3,0,1,0.0017782794100389228,227.24115910759258,19.0713296219581,1.0
"(5, 6, 7)",3,0,1,0.0031622776601683794,227.241159726028,19.071204444886277,1.0
"(5, 6, 7)",3,0,1,0.005623413251903491,227.2411616808734,19.070981936043918,1.0
"(5, 6, 7)",3,0,1,0.01,227.2411678580313,19.070586540520118,1.0
"(5, 6, 7)",3,0,1,0.01778279410038923,227.24118736606434,19.069884323892747,1.0
"(5, 6, 7)",3,0,1,0.03162277660168379,227.2412489109525,19.068638445759905,1.0
"(5, 6, 7)",3,0,1,0.05623413251903491,227.24144272273443,19.066431916454736,1.0
"(5, 6, 7)",3,0,1,0.1,227.2420511000367,19.062536233748144,1.0
"(5, 6, 7)",3,0,1,0.1778279410038923,227.24395005911768,19.055696042729807,1.0
"(5, 6, 7)",3,0,1,0.31622776601683794,227.24981948906253,19.04380021108931,1.0
"(5, 6, 7)",3,0,1,0.5623413251903491,227.26765882531524,19.02344869383577,1.0
"(5, 6, 7)",3,0,1,1.0,227.3203802464248,18.98957222538496,1.0
"(5, 6, 7)",3,0,1,1.7782794100389228,227.46934511831077,18.935609998634387,1.0
"(5, 6, 7)",3,0,1,3.1622776601683795,227.86258481430167,18.855204181119827,0.9999999999999998
"(5, 6, 7)",3,0,1,5.623413251903491,228.8062176516332,18.746147246277776,1.0
"(5, 6, 7)",3,0,1,10.0,230.8100690345957,18.615087963741352,1.0
"(5, 6, 7)",3,0,1,17.78279410038923,234.50520431631963,18.47822775458649,1.0
"(5, 6, 7)",3,0,1,31.622776601683793,240.40284531239325,18.35455974408522,1.0
"(5, 6, 7)",3,0,1,56.23413251903491,248.69400722902358,18.256260780769637,1.0
"(5, 6, 7)",3,0,1,100.0,259.3328946278512,18.185087388035722,1.0
"(5, 6, 7)",3,0,1,177.82794100389228,272.3185684858361,18.136161230353395,1.0
"(5, 6, 7)",3,0,1,316.22776601683796,287.9233207596932,18.103094875443045,1.0
"(5, 6, 7)",3,0,1,562.341325190349,306.80431313059637,18.08061148533308,1.0
"(5, 6, 7)",3,0,1,1000.0,330.06406976100686,18.065051251992447,1.0
"(5, 6, 7)",3,0,1,1778.2794100389228,359.3156502259688,18.054057598613113,1.0
"(5, 6, 7)",3,0,1,3162.2776601683795,396.7823751771645,18.046145397174833,1.0
"(5, 6, 7)",3,0,1,5623.413251903491,445.4510441237544,18.040369052825426,0.9999999999999998
"(5, 6, 7)",3,0,1,10000.0,509.2953716524216,18.03610954901458,1.0
"(5, 6, 7)",3,0,1,17782.794100389227,593.5887566685593,18.032947826759194,1.0
"(5, 6, 7)",3,0,1,31622.776601683792,705.3314229104349,18.03059123720914,1.0
"(5, 6, 7)",3,0,1,56234.13251903491,853.8260561426022,18.028830328046904,1.0
"(5, 6, 7)",3,0,1,100000.0,1051.4485295531779,18.027512555542895,1.0
"(5, 6, 7)",3,0,1,177827.94100389228,1314.6767677081775,18.02652553664823,1.0
"(5, 6, 7)",3,0,1,316227.7660168379,1665.462897603573,18.025785877413536,1.0
"(5, 6, 7)",3,0,1,562341.3251903491,2133.061468382982,18.02523142264873,1.0
"(5, 6, 7)",3,0,1,1000000.0,2756.4656378433374,18.024815727900187,1.0
"(5, 6, 7)",3,0,3,0.0,145.92690339402117,19.456124912668713,1.0
"(5, 6, 7)",3,0,3,0.0001,145.9269034043022,19.456022101596574,1.0
"(5, 6, 7)",3,0,3,0.00017782794100389227,145.92690342653137,19.455942090622123,1.0
"(5, 6, 7)",3,0,3,0.00031622776601683794,145.92690349682132,19.455799819059106,1.0
"(5, 6, 7)",3,0,3,0.0005623413251903491,145.9269037190678,19.45554685305297,1.0
"(5, 6, 7)",3,0,3,0.001,145.92690442170746,19.45509711182894,1.0
"(5, 6, 7)",3,0,3,0.0017782794100389228,145.92690664272106,19.454297671882305,0.9999999999999999
"(5, 6, 7)",3,0,3,0.0031622776601683794,145.9269136609671,19.45287707309836,1.0
"(5, 6, 7)",3,0,3,0.005623413251903491,145.92693582532394,19.450354100072943,1.0
"(5, 6, 7)",3,0,3,0.01,145.927005750941,19.445877794688343,1.0
"(5, 6, 7)",3,0,3,0.01778279410038923,145.92722595604974,19.43794992026101,1.0
"(5, 6, 7)",3,0,3,0.03162277660168379,145.9279171811829,19.42395307115718,1.0
"(5, 6, 7)",3,0,3,0.05623413251903491,145.9300746426228,19.399377859042108,0.9999999999999998
"(5, 6, 7)",3,0,3,0.1,145.9367417276288,19.356647014024183,0.9999999999999998
"(5, 6, 7)",3,0,3,0.1778279410038923,145.95699102875233,19.28359192855903,0.9999999999999998
"(5, 6, 7)",3,0,3,0.31622776601683794,146.0167028060548,19.16224235360176,1.0
"(5, 6, 7)",3,0,3,0.5623413251903491,146.1843845458512,18.970077601624904,0.9999999999999998
"(5, 6, 7)",3,0,3,1.0,146.62036423373786,18.6878955221763,1.0
"(5, 6, 7)",3,0,3,1.7782794100389228,147.6333037268438,18.31694879947623,0.9999999999999999
"(5, 6, 7)",3,0,3,3.1622776601683795,149.66378216683793,17.89556960710852,1.0
"(5, 6, 7)",3,0,3,5.623413251903491,153.10174818288039,17.49101429647603,1.0
"(5, 6, 7)",3,0,3,10.0,158.03273241349476,17.16222899273921,1.0
"(5, 6, 7)",3,0,3,17.78279410038923,164.1677532152105,16.930778025282613,1.0
"(5, 6, 7)",3,0,3,31.622776601683793,171.00035602334734,16.78515393497181,1.0
"(5, 6, 7)",3,0,3,56.23413251903491,178.00473519658033,16.700917018262206,1.0
"(5, 6, 7)",3,0,3,100.0,184.75214121220034,16.655166595246556,1.0
"(5, 6, 7)",3,0,3,177.82794100389228,190.9469428963351,16.631498199506947,0.9999999999999998
"(5, 6, 7)",3,0,3,316.22776601683796,196.42045288375982,16.61971892256819,1.0
"(5, 6, 7)",3,0,3,562.341325190349,201.108951350525,16.614037467377784,1.0
"(5, 6, 7)",3,0,3,1000.0,205.02708559830035,16.611364763487433,0.9999999999999998
"(5, 6, 7)",3,0,3,1778.2794100389228,208.24139315106527,16.61013087954968,1.0
"(5, 6, 7)",3,0,3,3162.2776601683795,210.8472213473965,16.60956814678073,1.0
"(5, 6, 7)",3,0,3,5623.413251903491,212.95120506425752,16.6093126468596,1.0
"(5, 6, 7)",3,0,3,10000.0,214.65991547005612,16.609196025532782,1.0
"(5, 6, 7)",3,0,3,17782.794100389227,216.07395391928185,16.60914182163175,1.0
"(5, 6, 7)",3,0,3,31622.776601683792,217.2862250383059,16.60911574400158,1.0
"(5, 6, 7)",3,0,3,56234.13251903491,218.3831140352207,16.609102514429704,1.0
"(5, 6, 7)",3,0,3,100000.0,219.44747977333606,16.609095320368475,1.0
"(5, 6, 7)",3,0,3,177827.94100389228,220.56307811700256,16.609091094796078,0.9999999999999998
"(5, 6, 7)",3,0,3,316227.7660168379,221.81980648496452,16.6090884248792,1.0
"(5, 6, 7)",3,0,3,562341.3251903491,223.3199669849502,16.609086634718,1.0
"(5, 6, 7)",3,0,3,1000000.0,225.18370239082063,16.609085380539337,1.0
"(5, 6, 7)",3,1,0.1,0.0,1961.2287252094152,13.275867370345528,1.0
"(5, 6, 7)",3,1,0.1,0.0001,1961.228725209469,13.275866845307386,1.0
"(5, 6, 7)",3,1,0.1,0.00017782794100389227,1961.2287252095828,13.275866436681824,0.9999999999999998
"(5, 6, 7)",3,1,0.1,0.00031622776601683794,1961.2287252099406,13.275865710033164,1.0
"(5, 6, 7)",3,1,0.1,0.0005623413251903491,1961.2287252110757,13.275864417854244,1.0
"(5, 6, 7)",3,1,0.1,0.001,1961.2287252146632,13.2758621200163,0.9999999999999998
"(5, 6, 7)",3,1,0.1,0.0017782794100389228,1961.2287252260157,13.275858033872897,1.0
"(5, 6, 7)",3,1,0.1,0.0031622776601683794,1961.22872526191,13.275850767740494,1.0
"(5, 6, 7)",3,1,0.1,0.005623413251903491,1961.2287253754184,13.275837847071637,1.0
"(5, 6, 7)",3,1,0.1,0.01,1961.2287257343514,13.275814872234843,1.0
"(5, 6, 7)",3,1,0.1,0.01778279410038923,1961.228726869256,13.275774022001785,1.0
"(5, 6, 7)",3,1,0.1,0.03162277660168379,1961.2287304572938,13.275701396089145,1.0
"(5, 6, 7)",3,1,0.1,0.05623413251903491,1961.2287417988082,13.275572301328149,1.0
"(5, 6, 7)",3,1,0.1,0.1,1961.2287776363744,13.27534290660718,1.0
"(5, 6, 7)",3,1,0.1,0.1778279410038923,1961.2288908103003,13.274935520928812,1.0
"(5, 6, 7)",3,1,0.1,0.31622776601683794,1961.2292478321192,13.274212783567238,1.0
"(5, 6, 7)",3,1,0.1,0.5623413251903491,1961.2303719991448,13.272932920236226,1.0
"(5, 6, 7)",3,1,0.1,1.0,1961.2339000650034,13.270673732593247,1.0
"(5, 6, 7)",3,1,0.1,1.7782794100389228,1961.2449089400668,13.266708185779365,1.0
"(5, 6, 7)",3,1,0.1,3.1622776601683795,1961.2789214191719,13.259814581419594,1.0
"(5, 6, 7)",3,1,0.1,5.623413251903491,1961.382261498952,13.248025207360955,1.0
"(5, 6, 7)",3,1,0.1,10.0,1961.6878482330026,13.228390909215548,1.0000000000000002
"(5, 6, 7)",3,1,0.1,17.78279410038923,1962.5551673895823,13.196983756238199,1.0
"(5, 6, 7)",3,1,0.1,31.622776601683793,1964.883088739133,13.149442385498968,1.0
"(5, 6, 7)",3,1,0.1,56.23413251903491,1970.7380057390144,13.08199280708799,1.0
"(5, 6, 7)",3,1,0.1,100.0,1984.558334667311,12.992204697903608,1.0
"(5, 6, 7)",3,1,0.1,177.82794100389228,2015.311860654665,12.879530882112402,1.0
"(5, 6, 7)",3,1,0.1,316.22776601683796,2079.2837953590683,12.747255505849814,1.0
"(5, 6, 7)",3,1,0.1,562.341325190349,2201.393505261748,12.604634688543568,0.9999999999999999
"(5, 6, 7)",3,1,0.1,1000.0,2412.9180974089245,12.465050438347,1.0
"(5, 6, 7)",3,1,0.1,1778.2794100389228,2746.671363850858,12.340677967918007,1.0
"(5, 6, 7)",3,1,0.1,3162.2776601683795,3235.1666033110405,12.23800132431307,1.0
"(5, 6, 7)",3,1,0.1,5623.413251903491,3916.688416864451,12.157310893626201,1.0
"(5, 6, 7)",3,1,0.1,10000.0,4844.548590443539,12.09548583768741,1.0
"(5, 6, 7)",3,1,0.1,17782.794100389227,6093.865531916518,12.048657792847797,0.9999999999999999
"(5, 6, 7)",3,1,0.1,31622.776601683792,7767.617142728338,12.013372471594629,0.9999999999999999
"(5, 6, 7)",3,1,0.1,56234.13251903491,10004.757665936839,11.986849043302584,1.0
"(5, 6, 7)",3,1,0.1,100000.0,12991.538335419425,11.966935146018105,0.9999999999999998
"(5, 6, 7)",3,1,0.1,177827.94100389228,16976.903311883125,11.951992428267957,1.0
"(5, 6, 7)",3,1,0.1,316227.7660168379,22293.180580195414,11.940783245491644,1.0
"(5, 6, 7)",3,1,0.1,562341.3251903491,29383.760008688485,11.93237604485239,0.9999999999999998
"(5, 6, 7)",3,1,0.1,1000000.0,38840.04033256173,11.926070914072541,1.0
"(5, 6, 7)",3,1,1,0.0,99.67173124588112,5.757296783375575,1.0
"(5, 6, 7)",3,1,1,0.0001,99.6717312475665,5.757279930540897,1.0
"(5, 6, 7)",3,1,1,0.00017782794100389227,99.67173125121043,5.757266814719624,1.0
"(5, 6, 7)",3,1,1,0.00031622776601683794,99.6717312627332,5.757243491974757,1.0
"(5, 6, 7)",3,1,1,0.0005623413251903491,99.67173129916875,5.757202020305767,1.0
"(5, 6, 7)",3,1,1,0.001,99.67173141437478,5.7571282805897805,1.0
"(5, 6, 7)",3,1,1,0.0017782794100389228,99.67173177861112,5.756997177641031,1.0
"(5, 6, 7)",3,1,1,0.0031622776601683794,99.67173292999684,5.75676412489945,1.0
"(5, 6, 7)",3,1,1,0.005623413251903491,99.67173656857807,5.756349960379711,1.0000000000000002
"(5, 6, 7)",3,1,1,0.01,99.67174806119544,5.755614307634669,1.0
"(5, 6, 7)",3,1,1,0.01778279410038923,99.67178432783314,5.754308784927623,1.0000000000000002
"(5, 6, 7)",3,1,1,0.03162277660168379,99.67189858637438,5.751995618025121,1.0
"(5, 6, 7)",3,1,1,0.05623413251903491,99.67225752343481,5.747908573084969,1.0
"(5, 6, 7)",3,1,1,0.1,99.67337938426401,5.740723048907696,1.0
"(5, 6, 7)",3,1,1,0.1778279410038923,99.67685462217369,5.728199460780474,0.9999999999999999
"(5, 6, 7)",3,1,1,0.31622776601683794,99.68745452485469,5.7066996272214405,1.0
"(5, 6, 7)",3,1,1,0.5623413251903491,99.7189424637886,5.67072990631665,0.9999999999999999
"(5, 6, 7)",3,1,1,1.0,99.80847900523995,5.613070052573617,1.0
"(5, 6, 7)",3,1,1,1.7782794100389228,100.04614440383918,5.526670723735761,1.0
"(5, 6, 7)",3,1,1,3.1622776601683795,100.61680612834039,5.40937365265593,1.0
"(5, 6, 7)",3,1,1,5.623413251903491,101.819103000216,5.269459236698995,1.0
"(5, 6, 7)",3,1,1,10.0,104.00416234883762,5.125435093390778,1.0
"(5, 6, 7)",3,1,1,17.78279410038923,107.44630889001714,4.997018935876773,1.0
"(5, 6, 7)",3,1,1,31.622776601683793,112.24943224614545,4.895722514522535,0.9999999999999999
"(5, 6, 7)",3,1,1,56.23413251903491,118.33234710253032,4.823278836837483,1.0
"(5, 6, 7)",3,1,1,100.0,125.4507451595935,4.775440213884803,1.0
"(5, 6, 7)",3,1,1,177.82794100389228,133.25082693281402,4.745878061854118,1.0
"(5, 6, 7)",3,1,1,316.22776601683796,141.36196662243114,4.728553669670657,1.0
"(5, 6, 7)",3,1,1,562.341325190349,149.49275901866727,4.718774684780267,1.0
"(5, 6, 7)",3,1,1,1000.0,157.4951502756698,4.713360196516697,1.0
"(5, 6, 7)",3,1,1,1778.2794100389228,165.38918981998611,4.710358466947222,0.9999999999999999
"(5, 6, 7)",3,1,1,3162.2776601683795,173.36029828762815,4.708656674276747,1.0
"(5, 6, 7)",3,1,1,5623.413251903491,181.74686547371007,4.707652094764839,1.0
"(5, 6, 7)",3,1,1,10000.0,191.03316768142736,4.7070281502923725,1.0
"(5, 6, 7)",3,1,1,17782.794100389227,201.85694664933362,4.706620138568096,1.0
"(5, 6, 7)",3,1,1,31622.776601683792,215.03650095354197,4.706341274816464,1.0
"(5, 6, 7)",3,1,1,56234.13251903491,231.62010734500154,4.706144214481364,1.0000000000000002
"(5, 6, 7)",3,1,1,100000.0,252.9607193399648,4.706001735119622,1.0
"(5, 6, 7)",3,1,1,177827.94100389228,280.8206318311861,4.705897192840668,1.0
"(5, 6, 7)",3,1,1,316227.7660168379,317.51331302074277,4.7058197904842345,0.9999999999999998
"(5, 6, 7)",3,1,1,562341.3251903491,366.0931879751166,4.705762173053595,1.0
"(5, 6, 7)",3,1,1,1000000.0,430.6081224885601,4.705719147782818,1.0
"(5, 6, 7)",3,1,3,0.0,87.9052615611172,6.118406077204238,1.0
"(5, 6, 7)",3,1,3,0.0001,87.90526156602017,6.118357048038175,1.0
"(5, 6, 7)",3,1,3,0.00017782794100389227,87.90526157662097,6.118318891768793,0.9999999999999999
"(5, 6, 7)",3,1,3,0.00031622776601683794,87.90526161014154,6.118251043847202,1.0
"(5, 6, 7)",3,1,3,0.0005623413251903491,87.90526171612971,6.118130405787326,0.9999999999999999
"(5, 6, 7)",3,1,3,0.001,87.90526205122015,6.1179159234573985,0.9999999999999999
"(5, 6, 7)",3,1,3,0.0017782794100389228,87.90526311045592,6.1175346588648205,1.0
"(5, 6, 7)",3,1,3,0.0031622776601683794,87.90526645773173,6.116857121793064,1.0
"(5, 6, 7)",3,1,3,0.005623413251903491,87.90527702971183,6.115653717509784,1.0
"(5, 6, 7)",3,1,3,0.01,87.90531038813819,6.113518289277938,0.9999999999999999
"(5, 6, 7)",3,1,3,0.01778279410038923,87.90541546752091,6.109735258688693,1.0
"(5, 6, 7)",3,1,3,0.03162277660168379,87.90574547532167,6.10305301248403,1.0
"(5, 6, 7)",3,1,3,0.05623413251903491,87.90677640234922,6.091310527549618,1.0
"(5, 6, 7)",3,1,3,0.1,87.90996715187006,6.07086214049896,1.0
"(5, 6, 7)",3,1,3,0.1778279410038923,87.9196845069417,6.035809588109857,1.0
"(5, 6, 7)",3,1,3,0.31622776601683794,87.94847551285102,5.977315072766657,1.0000000000000002
"(5, 6, 7)",3,1,3,0.5623413251903491,88.0299862257728,5.883947272074141,0.9999999999999999
"(5, 6, 7)",3,1,3,1.0,88.24481483978921,5.745011635419759,1.0
"(5, 6, 7)",3,1,3,1.7782794100389228,88.75488821723728,5.558450905666875,0.9999999999999999
"(5, 6, 7)",3,1,3,3.1622776601683795,89.81129143910469,5.3396224756367525,0.9999999999999998
"(5, 6, 7)",3,1,3,5.623413251903491,91.68489382638946,5.119720586625563,1.0
"(5, 6, 7)",3,1,3,10.0,94.55083327967937,4.929315367839055,1.0
"(5, 6, 7)",3,1,3,17.78279410038923,98.45016558117977,4.7829392461035,1.0
"(5, 6, 7)",3,1,3,31.622776601683793,103.33931713879684,4.679391829445478,1.0
"(5, 6, 7)",3,1,3,56.23413251903491,109.10395703982134,4.6105460663325255,1.0
"(5, 6, 7)",3,1,3,100.0,115.52126141838848,4.567328007153818,0.9999999999999999
"(5, 6, 7)",3,1,3,177.82794100389228,122.26030279609785,4.541734910231067,1.0
"(5, 6, 7)",3,1,3,316.22776601683796,128.94670272875925,4.527417751795344,1.0
"(5, 6, 7)",3,1,3,562.341325190349,135.24523904606548,4.5198159573334555,1.0
"(5, 6, 7)",3,1,3,1000.0,140.91602584051964,4.515959560141801,0.9999999999999999
"(5, 6, 7)",3,1,3,1778.2794100389228,145.83121558463966,4.514076822121116,0.9999999999999999
"(5, 6, 7)",3,1,3,3162.2776601683795,149.9614339814212,4.513185995926935,1.0
"(5, 6, 7)",3,1,3,5623.413251903491,153.34787809616893,4.512774839660058,1.0
"(5, 6, 7)",3,1,3,10000.0,156.07305216884322,4.512588637420413,1.0
"(5, 6, 7)",3,1,3,17782.794100389227,158.2371644778715,4.512505444015523,1.0
"(5, 6, 7)",3,1,3,31622.776601683792,159.94221923363781,4.512468575736624,1.0
"(5, 6, 7)",3,1,3,56234.13251903491,161.28301355505192,4.512452273393146,0.9999999999999999
"(5, 6, 7)",3,1,3,100000.0,162.3432221901875,4.512445027623557,1.0
"(5, 6, 7)",3,1,3,177827.94100389228,163.19476076522633,4.512441758069232,1.0
"(5, 6, 7)",3,1,3,316227.7660168379,163.89906891091528,4.512440239937162,1.0
"(5, 6, 7)",3,1,3,562341.3251903491,164.50927188869466,4.512439501879677,1.0
"(5, 6, 7)",3,1,3,1000000.0,165.0727865272324,4.512439119340325,1.0
"(5, 6, 8)",3,-1,0.1,0.0,2065.794822622064,12.634500347350846,1.0
"(5, 6, 8)",3,-1,0.1,0.0001,2065.794822622247,12.63449851863084,1.0
"(5, 6, 8)",3,-1,0.1,0.00017782794100389227,2065.794822622642,12.634497095379523,1.0
"(5, 6, 8)",3,-1,0.1,0.00031622776601683794,2065.794822623893,12.634494564449144,1.0
"(5, 6, 8)",3,-1,0.1,0.0005623413251903491,2065.794822627844,12.634490063773386,1.0
"(5, 6, 8)",3,-1,0.1,0.001,2065.79482264035,12.63448206039545,1.0
"(5, 6, 8)",3,-1,0.1,0.0017782794100389228,2065.7948226798844,12.634467828409631,0.9999999999999999
"(5, 6, 8)",3,-1,0.1,0.0031622776601683794,2065.794822804914,12.634442520773078,0.9999999999999999
"(5, 6, 8)",3,-1,0.1,0.005623413251903491,2065.794823200275,12.634397519287864,1.0
"(5, 6, 8)",3,-1,0.1,0.01,2065.794824450393,12.634317502179643,1.0
"(5, 6, 8)",3,-1,0.1,0.01778279410038923,2065.794828402906,12.634175235032869,1.0
"(5, 6, 8)",3,-1,0.1,0.03162277660168379,2065.7948408977704,12.633922325311246,1.0
"(5, 6, 8)",3,-1,0.1,0.05623413251903491,2065.7948803869845,12.633472837185439,1.0000000000000002
"(5, 6, 8)",3,-1,0.1,0.1,2065.795005133315,12.632674330366813,1.0
"(5, 6, 8)",3,-1,0.1,0.1778279410038923,2065.7953988886275,12.631256913950667,1.0
"(5, 6, 8)",3,-1,0.1,0.31622776601683794,2065.7966399776647,12.628744390882195,1.0000000000000002
"(5, 6, 8)",3,-1,0.1,0.5623413251903491,2065.800541886994,12.624301676887761,0.9999999999999999
"(5, 6, 8)",3,-1,0.1,1.0,2065.8127543603373,12.616480213627685,1.0
"(5, 6, 8)",3,-1,0.1,1.7782794100389228,2065.850677556581,12.602815890254535,1.0000000000000002
"(5, 6, 8)",3,-1,0.1,3.1622776601683795,2065.9668317051605,12.579261944388723,0.9999999999999999
"(5, 6, 8)",3,-1,0.1,5.623413251903491,2066.314295706295,12.539585776585108,1.0
"(5, 6, 8)",3,-1,0.1,10.0,2067.3134504541363,12.475282589319754,1.0
"(5, 6, 8)",3,-1,0.1,17.78279410038923,2070.0108169869904,12.377315497999325,1.0
"(5, 6, 8)",3,-1,0.1,31.622776601683793,2076.643407517793,12.241161477671453,1.0
"(5, 6, 8)",3,-1,0.1,56.23413251903491,2091.089922968427,12.073360753726384,0.9999999999999999
"(5, 6, 8)",3,-1,0.1,100.0,2118.84158379441,11.891083796150363,1.0
"(5, 6, 8)",3,-1,0.1,177.82794100389228,2167.771411137029,11.70987743501906,1.0
"(5, 6, 8)",3,-1,0.1,316.22776601683796,2252.0654438225038,11.53431799976284,1.0
"(5, 6, 8)",3,-1,0.1,562.341325190349,2396.810981919387,11.364689758949977,0.9999999999999999
"(5, 6, 8)",3,-1,0.1,1000.0,2636.993834176064,11.206013705925825,1.0
"(5, 6, 8)",3,-1,0.1,1778.2794100389228,3011.7659810464565,11.066340601579693,1.0000000000000002
"(5, 6, 8)",3,-1,0.1,3162.2776601683795,3561.794309104777,10.950762450114649,0.9999999999999998
"(5, 6, 8)",3,-1,0.1,5623.413251903491,4333.878490938022,10.85937517657702,1.0
"(5, 6, 8)",3,-1,0.1,10000.0,5390.014148761187,10.789015487492533,1.0
"(5, 6, 8)",3,-1,0.1,17782.794100389227,6816.142009919084,10.735565667525137,0.9999999999999999
"(5, 6, 8)",3,-1,0.1,31622.776601683792,8729.98356696507,10.695221340742588,1.0
"(5, 6, 8)",3,-1,0.1,56234.13251903491,11290.527254306571,10.664864739915096,0.9999999999999999
"(5, 6, 8)",3,-1,0.1,100000.0,14711.012230842223,10.64205965829882,1.0
"(5, 6, 8)",3,-1,0.1,177827.94100389228,19276.569883119297,10.624941775792927,0.9999999999999998
"(5, 6, 8)",3,-1,0.1,316227.7660168379,25367.9327204311,10.612098448719617,1.0
"(5, 6, 8)",3,-1,0.1,562341.3251903491,33493.15041227581,10.602464543302252,1.0
"(5, 6, 8)",3,-1,0.1,1000000.0,44329.937431670616,10.595238979446568,1.0
"(5, 6, 8)",3,-1,1,0.0,72.16973718661878,4.110541570534819,1.0
"(5, 6, 8)",3,-1,1,0.0001,72.16973718796856,4.110528072230255,1.0
"(5, 6, 8)",3,-1,1,0.00017782794100389227,72.16973719088723,4.110517567122287,1.0
"(5, 6, 8)",3,-1,1,0.00031622776601683794,72.16973720011627,4.110498886849883,0.9999999999999999
"(5, 6, 8)",3,-1,1,0.0005623413251903491,72.16973722929897,4.110465670461269,1.0
"(5, 6, 8)",3,-1,1,0.001,72.16973732157103,4.1104066098879555,0.9999999999999999
"(5, 6, 8)",3,-1,1,0.0017782794100389228,72.16973761329389,4.110301607228609,1.0
"(5, 6, 8)",3,-1,1,0.0031622776601683794,72.16973853542517,4.110114957573581,1.0
"(5, 6, 8)",3,-1,1,0.005623413251903491,72.1697414493407,4.109783277452175,1.0
"(5, 6, 8)",3,-1,1,0.01,72.1697506520494,4.10919419993382,1.0
"(5, 6, 8)",3,-1,1,0.01778279410038923,72.16977968682207,4.108148997096071,1.0
"(5, 6, 8)",3,-1,1,0.03162277660168379,72.16987112926508,4.106297704849811,1.0
"(5, 6, 8)",3,-1,1,0.05623413251903491,72.17015821256894,4.103028706144192,0.9999999999999998
"(5, 6, 8)",3,-1,1,0.1,72.17105450929503,4.097287554202277,0.9999999999999999
"(5, 6, 8)",3,-1,1,0.1778279410038923,72.17382564093936,4.087300203953018,1.0
"(5, 6, 8)",3,-1,1,0.31622776601683794,72.18224936479191,4.070210961396787,1.0
"(5, 6, 8)",3,-1,1,0.5623413251903491,72.20712669762963,4.0417830998008375,1.0
"(5, 6, 8)",3,-1,1,1.0,72.27716743566361,3.9966522931479975,1.0
"(5, 6, 8)",3,-1,1,1.7782794100389228,72.46008303077566,3.9300942263153376,1.0
"(5, 6, 8)",3,-1,1,3.1622776601683795,72.88830069231415,3.8419497978687334,1.0
"(5, 6, 8)",3,-1,1,5.623413251903491,73.758163741793,3.740518527442577,0.9999999999999999
"(5, 6, 8)",3,-1,1,10.0,75.26614490072377,3.6408769060698365,1.0
"(5, 6, 8)",3,-1,1,17.78279410038923,77.51787181453206,3.55665064688379,1.0
"(5, 6, 8)",3,-1,1,31.622776601683793,80.4978411889404,3.4936503941165054,0.9999999999999999
"(5, 6, 8)",3,-1,1,56.23413251903491,84.10114430450363,3.4506514413488265,1.0
"(5, 6, 8)",3,-1,1,100.0,88.17237969777678,3.4232534883235637,1.0
"(5, 6, 8)",3,-1,1,177.82794100389228,92.54252577403263,3.4066806359086477,0.9999999999999999
"(5, 6, 8)",3,-1,1,316.22776601683796,97.07141289870304,3.3970101882481227,1.0
"(5, 6, 8)",3,-1,1,562.341325190349,101.68723431967842,3.391465918201629,1.0
"(5, 6, 8)",3,-1,1,1000.0,106.41076502967883,3.3882775824878033,1.0
"(5, 6, 8)",3,-1,1,1778.2794100389228,111.36321327280181,3.3864007210470586,1.0000000000000002
"(5, 6, 8)",3,-1,1,3162.2776601683795,116.7659227138729,3.3852517871643686,1.0
"(5, 6, 8)",3,-1,1,5623.413251903491,122.94139609590704,3.3845149427144943,1.0
"(5, 6, 8)",3,-1,1,10000.0,130.32244670893797,3.3840206743793715,1.0000000000000002
"(5, 6, 8)",3,-1,1,17782.794100389227,139.47351992577143,3.3836765983477135,1.0
"(5, 6, 8)",3,-1,1,31622.776601683792,151.1268141612828,3.3834304653502305,1.0
"(5, 6, 8)",3,-1,1,56234.13251903491,166.2358120541226,3.3832511334786877,1.0
"(5, 6, 8)",3,-1,1,100000.0,186.04990633102366,3.383118939677061,1.0
"(5, 6, 8)",3,-1,1,177827.94100389228,212.21550669577505,3.383020797128408,1.0
"(5, 6, 8)",3,-1,1,316227.7660168379,246.91148718773036,3.382947625537321,1.0
"(5, 6, 8)",3,-1,1,562341.3251903491,293.029686665375,3.38289293627037,1.0
"(5, 6, 8)",3,-1,1,1000000.0,354.41531632117847,3.3828520023859556,1.0
"(5, 6, 8)",3,-1,3,0.0,59.51517034739756,4.676943599054799,0.9999999999999999
"(5, 6, 8)",3,-1,3,0.0001,59.51517035236217,4.676893952935777,1.0
"(5, 6, 8)",3,-1,3,0.00017782794100389227,59.5151703630965,4.676855316506115,1.0
"(5, 6, 8)",3,-1,3,0.00031622776601683794,59.51517039703883,4.676786614728173,1.0
"(5, 6, 8)",3,-1,3,0.0005623413251903491,59.515170504361,4.676664458282179,1.0
"(5, 6, 8)",3,-1,3,0.001,59.51517084366987,4.676447275866762,1.0
"(5, 6, 8)",3,-1,3,0.0017782794100389228,59.51517191624518,4.676061209863735,1.0
"(5, 6, 8)",3,-1,3,0.0031622776601683794,59.51517530570285,4.675375134865525,1.0
"(5, 6, 8)",3,-1,3,0.005623413251903491,59.51518601106378,4.674156548892901,1.0
"(5, 6, 8)",3,-1,3,0.01,59.51521979121004,4.671994127553131,1.0000000000000002
"(5, 6, 8)",3,-1,3,0.01778279410038923,59.515326203710465,4.66816311225653,1.0
"(5, 6, 8)",3,-1,3,0.03162277660168379,59.51566042354896,4.6613956068516895,1.0
"(5, 6, 8)",3,-1,3,0.05623413251903491,59.51670464037125,4.649501832742859,1.0
"(5, 6, 8)",3,-1,3,0.1,59.51993716081688,4.628785973954233,1.0000000000000002
"(5, 6, 8)",3,-1,3,0.1778279410038923,59.52978439365528,4.593265406609189,1.0
"(5, 6, 8)",3,-1,3,0.31622776601683794,59.55896732565311,4.533975071306887,1.0
"(5, 6, 8)",3,-1,3,0.5623413251903491,59.64156865953818,4.43935498237912,1.0
"(5, 6, 8)",3,-1,3,1.0,59.85881357280974,4.298832637530204,0.9999999999999999
"(5, 6, 8)",3,-1,3,1.7782794100389228,60.370763235173094,4.11148317617742,1.0
"(5, 6, 8)",3,-1,3,3.1622776601683795,61.410105741889375,3.895895823268099,1.0
"(5, 6, 8)",3,-1,3,5.623413251903491,63.17636015085069,3.6880284525071567,1.0000000000000002
"(5, 6, 8)",3,-1,3,10.0,65.68432917821494,3.520677744059837,0.9999999999999999
"(5, 6, 8)",3,-1,3,17.78279410038923,68.75813344620231,3.404651229627946,0.9999999999999999
"(5, 6, 8)",3,-1,3,31.622776601683793,72.18566114266842,3.331653610500874,1.0
"(5, 6, 8)",3,-1,3,56.23413251903491,75.81416819770538,3.288114817831711,1.0
"(5, 6, 8)",3,-1,3,100.0,79.51882187976673,3.2630749557522893,0.9999999999999998
"(5, 6, 8)",3,-1,3,177.82794100389228,83.16127732860969,3.249203954976012,1.0
"(5, 6, 8)",3,-1,3,316.22776601683796,86.59802930521487,3.2418295373230643,1.0
"(5, 6, 8)",3,-1,3,562.341325190349,89.71109971330138,3.238066118444504,0.9999999999999999
"(5, 6, 8)",3,-1,3,1000.0,92.42867339255004,3.23621563455228,1.0
"(5, 6, 8)",3,-1,3,1778.2794100389228,94.72746990968889,3.2353341931344333,0.9999999999999999
"(5, 6, 8)",3,-1,3,3162.2776601683795,96.62281778938686,3.2349250736819832,1.0000000000000002
"(5, 6, 8)",3,-1,3,5623.413251903491,98.15461971771566,3.2347389855768194,1.0
"(5, 6, 8)",3,-1,3,10000.0,99.3746266606887,3.234655593413263,1.0
"(5, 6, 8)",3,-1,3,17782.794100389227,100.33723299007283,3.234618580834656,1.0
"(5, 6, 8)",3,-1,3,31622.776601683792,101.09393046997437,3.234602218876231,1.0
"(5, 6, 8)",3,-1,3,56234.13251903491,101.69065087214632,3.2345949655204276,1.0
"(5, 6, 8)",3,-1,3,100000.0,102.16705731344398,3.234591711743897,1.0
"(5, 6, 8)",3,-1,3,177827.94100389228,102.55700520010441,3.2345902162774216,0.9999999999999999
"(5, 6, 8)",3,-1,3,316227.7660168379,102.88960945918645,3.2345895005809715,1.0
"(5, 6, 8)",3,-1,3,562341.3251903491,103.19063340425402,3.2345891373685927,0.9999999999999999
"(5, 6, 8)",3,-1,3,1000000.0,103.48388687265432,3.2345889388477813,1.0
"(5, 6, 8)",3,0,0.1,0.0,18794.777793254827,103.6285608075222,0.9999999999999998
"(5, 6, 8)",3,0,0.1,0.0001,18794.777793255707,103.628552013815,1.0
"(5, 6, 8)",3,0,0.1,0.00017782794100389227,18794.777793257585,103.62854516986889,1.0
"(5, 6, 8)",3,0,0.1,0.00031622776601683794,18794.777793263584,103.62853299945309,1.0
"(5, 6, 8)",3,0,0.1,0.0005623413251903491,18794.777793282552,103.62851135715593,1.0
"(5, 6, 8)",3,0,0.1,0.001,18794.777793342597,103.62847287142903,1.0
"(5, 6, 8)",3,0,0.1,0.0017782794100389228,18794.77779353261,103.62840443408007,1.0
"(5, 6, 8)",3,0,0.1,0.0031622776601683794,18794.777794133624,103.62828273659771,0.9999999999999998
"(5, 6, 8)",3,0,0.1,0.005623413251903491,18794.77779603444,103.62806633473603,1.0
"(5, 6, 8)",3,0,0.1,0.01,18794.777802045406,103.62768154421921,1.0
"(5, 6, 8)",3,0,0.1,0.01778279410038923,18794.77782105187,103.62699738178783,1.0
"(5, 6, 8)",3,0,0.1,0.03162277660168379,18794.777881140923,103.62578107422833,1.0
"(5, 6, 8)",3,0,0.1,0.05623413251903491,18794.778071070057,103.62361916476432,1.0000000000000002
"(5, 6, 8)",3,0,0.1,0.1,18794.77867116528,103.61977792415694,1.0
"(5, 6, 8)",3,0,0.1,0.1778279410038923,18794.780565929606,103.61295734602592,1.0
"(5, 6, 8)",3,0,0.1,0.31622776601683794,18794.78654139254,103.60086066169114,1.0
"(5, 6, 8)",3,0,0.1,0.5623413251903491,18794.805346266723,103.57945060517149,1.0
"(5, 6, 8)",3,0,0.1,1.0,18794.864305243955,103.54169417064651,0.9999999999999998
"(5, 6, 8)",3,0,0.1,1.7782794100389228,18795.04795314719,103.47553475481482,1.0
"(5, 6, 8)",3,0,0.1,3.1622776601683795,18795.61351067152,103.36088632042181,1.0
"(5, 6, 8)",3,0,0.1,5.623413251903491,18797.321608692542,103.16595140623129,1.0
"(5, 6, 8)",3,0,0.1,10.0,18802.316457006084,102.84481072754605,1.0
"(5, 6, 8)",3,0,0.1,17.78279410038923,18816.198549969562,102.34147946556645,1.0
"(5, 6, 8)",3,0,0.1,31.622776601683793,18852.063851728297,101.6073693706262,1.0
"(5, 6, 8)",3,0,0.1,56.23413251903491,18936.781500099143,100.62796124507018,1.0
"(5, 6, 8)",3,0,0.1,100.0,19120.713726549282,99.42800425708262,0.9999999999999999
"(5, 6, 8)",3,0,0.1,177.82794100389228,19499.211362182363,98.03692311878332,1.0
"(5, 6, 8)",3,0,0.1,316.22776601683796,20252.45087918181,96.47744924412484,1.0
"(5, 6, 8)",3,0,0.1,562.341325190349,21668.873970996334,94.82242554911137,1.0
"(5, 6, 8)",3,0,0.1,1000.0,24100.224459740577,93.21717556830498,0.9999999999999998
"(5, 6, 8)",3,0,0.1,1778.2794100389228,27894.96544000843,91.80238609231375,1.0
"(5, 6, 8)",3,0,0.1,3162.2776601683795,33410.89372396251,90.64277921276857,1.0
"(5, 6, 8)",3,0,0.1,5623.413251903491,41095.715224210835,89.73293125082509,1.0
"(5, 6, 8)",3,0,0.1,10000.0,51569.184980404534,89.03511155602833,1.0
"(5, 6, 8)",3,0,0.1,17782.794100389227,65690.52726105296,88.50583457236935,1.0
"(5, 6, 8)",3,0,0.1,31622.776601683792,84629.79992516579,88.1065820875867,0.9999999999999998
"(5, 6, 8)",3,0,0.1,56234.13251903491,109962.64779073173,87.80624541983603,1.0
"(5, 6, 8)",3,0,0.1,100000.0,143799.96778406447,87.58064407623343,1.0
"(5, 6, 8)",3,0,0.1,177827.94100389228,188963.06663704725,87.41131114003953,1.0
"(5, 6, 8)",3,0,0.1,316227.7660168379,249218.49969483394,87.28426506973466,1.0
"(5, 6, 8)",3,0,0.1,562341.3251903491,329591.9163323528,87.1889672046799,1.0
"(5, 6, 8)",3,0,0.1,1000000.0,436786.9577261317,87.11749261850433,1.0
"(5, 6, 8)",3,0,1,0.0,227.24115882149962,19.07149051426675,1.0
"(5, 6, 8)",3,0,1,0.0001,227.24115882240443,19.071481465012567,1.0
"(5, 6, 8)",3,0,1,0.00017782794100389227,227.24115882436107,19.071474422297396,1.0
"(5, 6, 8)",3,0,1,0.00031622776601683794,227.24115883054836,19.071461898670034,1.0
"(5, 6, 8)",3,0,1,0.0005623413251903491,227.2411588501135,19.07143962907206,1.0
"(5, 6, 8)",3,0,1,0.001,227.24115891197974,19.07140003038432,1.0
"(5, 6, 8)",3,0,1,0.0017782794100389228,227.24115910759247,19.07132962195809,1.0
"(5, 6, 8)",3,0,1,0.0031622776601683794,227.24115972602794,19.071204444886288,1.0
"(5, 6, 8)",3,0,1,0.005623413251903491,227.2411616808735,19.070981936043925,1.0
"(5, 6, 8)",3,0,1,0.01,227.24116785803147,19.070586540520125,1.0
"(5, 6, 8)",3,0,1,0.01778279410038923,227.2411873660641,19.06988432389274,1.0
"(5, 6, 8)",3,0,1,0.03162277660168379,227.24124891095246,19.068638445759905,0.9999999999999999
"(5, 6, 8)",3,0,1,0.05623413251903491,227.2414427227348,19.066431916454757,1.0
"(5, 6, 8)",3,0,1,0.1,227.24205110003666,19.062536233748144,1.0
"(5, 6, 8)",3,0,1,0.1778279410038923,227.24395005911745,19.055696042729817,1.0
"(5, 6, 8)",3,0,1,0.31622776601683794,227.24981948906253,19.0438002110893,1.0
"(5, 6, 8)",3,0,1,0.5623413251903491,227.26765882531552,19.023448693835768,1.0
"(5, 6, 8)",3,0,1,1.0,227.32038024642495,18.989572225384954,1.0
"(5, 6, 8)",3,0,1,1.7782794100389228,227.46934511831068,18.935609998634405,1.0
"(5, 6, 8)",3,0,1,3.1622776601683795,227.86258481430178,18.855204181119813,1.0
"(5, 6, 8)",3,0,1,5.623413251903491,228.8062176516329,18.746147246277776,1.0
"(5, 6, 8)",3,0,1,10.0,230.81006903459541,18.61508796374136,1.0
"(5, 6, 8)",3,0,1,17.78279410038923,234.50520431631944,18.478227754586488,1.0
"(5, 6, 8)",3,0,1,31.622776601683793,240.40284531239314,18.354559744085222,1.0
"(5, 6, 8)",3,0,1,56.23413251903491,248.69400722902347,18.256260780769633,1.0
"(5, 6, 8)",3,0,1,100.0,259.3328946278512,18.185087388035715,1.0
"(5, 6, 8)",3,0,1,177.82794100389228,272.3185684858364,18.136161230353423,1.0
"(5, 6, 8)",3,0,1,316.22776601683796,287.92332075969335,18.103094875443063,1.0
"(5, 6, 8)",3,0,1,562.341325190349,306.80431313059614,18.080611485333073,1.0
"(5, 6, 8)",3,0,1,1000.0,330.0640697610071,18.06505125199246,0.9999999999999998
"(5, 6, 8)",3,0,1,1778.2794100389228,359.3156502258959,18.054057598613145,1.0
"(5, 6, 8)",3,0,1,3162.2776601683795,396.782375177163,18.04614539717481,1.0
"(5, 6, 8)",3,0,1,5623.413251903491,445.45104412388685,18.04036905282541,1.0
"(5, 6, 8)",3,0,1,10000.0,509.2953716531856,18.036109549014554,1.0
"(5, 6, 8)",3,0,1,17782.794100389227,593.5887566688023,18.032947826759205,1.0
"(5, 6, 8)",3,0,1,31622.776601683792,705.331422909027,18.030591237209162,1.0
"(5, 6, 8)",3,0,1,56234.13251903491,853.8260560961879,18.028830328047498,1.0
"(5, 6, 8)",3,0,1,100000.0,1051.4485293582807,18.027512555543094,1.0
"(5, 6, 8)",3,0,1,177827.94100389228,1314.6767676724617,18.026525536648258,1.0
"(5, 6, 8)",3,0,1,316227.7660168379,1665.4629076161784,18.02578587743292,1.0
"(5, 6, 8)",3,0,1,562341.3251903491,2133.061423624014,18.025231422420315,1.0
"(5, 6, 8)",3,0,1,1000000.0,2756.46506681965,18.02481572725874,1.0
"(5, 6, 8)",3,0,3,0.0,145.92690339402117,19.456124912668695,0.9999999999999998
"(5, 6, 8)",3,0,3,0.0001,145.92690340430235,19.456022101596577,1.0
"(5, 6, 8)",3,0,3,0.00017782794100389227,145.9269034265316,19.455942090622127,1.0
"(5, 6, 8)",3,0,3,0.00031622776601683794,145.9269034968213,19.455799819059113,1.0
"(5, 6, 8)",3,0,3,0.0005623413251903491,145.92690371906787,19.455546853052972,0.9999999999999998
"(5, 6, 8)",3,0,3,0.001,145.92690442170758,19.455097111828962,1.0
"(5, 6, 8)",3,0,3,0.0017782794100389228,145.92690664272112,19.454297671882316,1.0
"(5, 6, 8)",3,0,3,0.0031622776601683794,145.92691366096713,19.45287707309836,1.0
"(5, 6, 8)",3,0,3,0.005623413251903491,145.92693582532402,19.450354100072968,1.0
"(5, 6, 8)",3,0,3,0.01,145.9270057509409,19.44587779468833,0.9999999999999998
"(5, 6, 8)",3,0,3,0.01778279410038923,145.9272259560497,19.43794992026099,0.9999999999999998
"(5, 6, 8)",3,0,3,0.03162277660168379,145.92791718118303,19.423953071157197,1.0
"(5, 6, 8)",3,0,3,0.05623413251903491,145.93007464262277,19.39937785904209,1.0
"(5, 6, 8)",3,0,3,0.1,145.93674172762888,19.35664701402419,0.9999999999999998
"(5, 6, 8)",3,0,3,0.1778279410038923,145.95699102875236,19.283591928559026,1.0
"(5, 6, 8)",3,0,3,0.31622776601683794,146.01670280605467,19.162242353601755,1.0
"(5, 6, 8)",3,0,3,0.5623413251903491,146.1843845458513,18.970077601624915,1.0
"(5, 6, 8)",3,0,3,1.0,146.6203642337378,18.687895522176305,1.0
"(5, 6, 8)",3,0,3,1.7782794100389228,147.6333037268437,18.316948799476215,1.0
"(5, 6, 8)",3,0,3,3.1622776601683795,149.66378216683793,17.895569607108513,1.0
"(5, 6, 8)",3,0,3,5.623413251903491,153.10174818288073,17.49101429647606,1.0
"(5, 6, 8)",3,0,3,10.0,158.03273241349467,17.162228992739195,1.0
"(5, 6, 8)",3,0,3,17.78279410038923,164.16775321521067,16.9307780252826,0.9999999999999998
"(5, 6, 8)",3,0,3,31.622776601683793,171.00035602334736,16.78515393497183,1.0
"(5, 6, 8)",3,0,3,56.23413251903491,178.00473519658027,16.70091701826218,1.0
"(5, 6, 8)",3,0,3,100.0,184.75214121220023,16.655166595246552,1.0
"(5, 6, 8)",3,0,3,177.82794100389228,190.94694289633514,16.631498199506936,0.9999999999999998
"(5, 6, 8)",3,0,3,316.22776601683796,196.42045288376013,16.619718922568193,0.9999999999999998
"(5, 6, 8)",3,0,3,562.341325190349,201.1089513505237,16.614037467377802,1.0
"(5, 6, 8)",3,0,3,1000.0,205.02708559831052,16.61136476348742,1.0
"(5, 6, 8)",3,0,3,1778.2794100389228,208.24139315100385,16.610130879549708,1.0
"(5, 6, 8)",3,0,3,3162.2776601683795,210.8472213474782,16.60956814678073,1.0
"(5, 6, 8)",3,0,3,5623.413251903491,212.95120506426713,16.60931264685962,1.0
"(5, 6, 8)",3,0,3,10000.0,214.65991546973513,16.60919602553281,1.0
"(5, 6, 8)",3,0,3,17782.794100389227,216.0739539105764,16.609141821632065,1.0
"(5, 6, 8)",3,0,3,31622.776601683792,217.28622502968588,16.609115744002885,1.0
"(5, 6, 8)",3,0,3,56234.13251903491,218.38311381658085,16.609102514431576,1.0
"(5, 6, 8)",3,0,3,100000.0,219.44748463627744,16.609095320316296,1.0
"(5, 6, 8)",3,0,3,177827.94100389228,220.56307241984152,16.60909109481451,1.0
"(5, 6, 8)",3,0,3,316227.7660168379,221.81979178645295,16.609088424890487,0.9999999999999998
"(5, 6, 8)",3,0,3,562341.3251903491,223.31993046324786,16.609086634576613,1.0
"(5, 6, 8)",3,0,3,1000000.0,225.1838722064552,16.609085380580275,1.0
"(5, 6, 8)",3,1,0.1,0.0,1961.228725209418,13.275867370345539,1.0
"(5, 6, 8)",3,1,0.1,0.0001,1961.228725209469,13.275866845307387,1.0
"(5, 6, 8)",3,1,0.1,0.00017782794100389227,1961.2287252095841,13.275866436681836,1.0
"(5, 6, 8)",3,1,0.1,0.00031622776601683794,1961.2287252099395,13.275865710033163,1.0
"(5, 6, 8)",3,1,0.1,0.0005623413251903491,1961.2287252110755,13.27586441785425,1.0
"(5, 6, 8)",3,1,0.1,0.001,1961.2287252146646,13.275862120016306,1.0
"(5, 6, 8)",3,1,0.1,0.0017782794100389228,1961.2287252260146,13.275858033872888,1.0
"(5, 6, 8)",3,1,0.1,0.0031622776601683794,1961.2287252619087,13.275850767740486,1.0
"(5, 6, 8)",3,1,0.1,0.005623413251903491,1961.2287253754203,13.275837847071642,1.0000000000000002
"(5, 6, 8)",3,1,0.1,0.01,1961.2287257343523,13.27581487223484,0.9999999999999998
"(5, 6, 8)",3,1,0.1,0.01778279410038923,1961.2287268692564,13.275774022001793,1.0
"(5, 6, 8)",3,1,0.1,0.03162277660168379,1961.2287304572928,13.275701396089149,1.0
"(5, 6, 8)",3,1,0.1,0.05623413251903491,1961.2287417988082,13.27557230132814,1.0
"(5, 6, 8)",3,1,0.1,0.1,1961.2287776363744,13.275342906607179,1.0
"(5, 6, 8)",3,1,0.1,0.1778279410038923,1961.2288908102998,13.274935520928807,1.0
"(5, 6, 8)",3,1,0.1,0.31622776601683794,1961.2292478321185,13.274212783567235,1.0
"(5, 6, 8)",3,1,0.1,0.5623413251903491,1961.2303719991453,13.272932920236224,1.0
"(5, 6, 8)",3,1,0.1,1.0,1961.233900065003,13.270673732593247,1.0
"(5, 6, 8)",3,1,0.1,1.7782794100389228,1961.2449089400666,13.26670818577937,1.0
"(5, 6, 8)",3,1,0.1,3.1622776601683795,1961.278921419171,13.259814581419587,1.0
"(5, 6, 8)",3,1,0.1,5.623413251903491,1961.3822614989517,13.24802520736095,1.0
"(5, 6, 8)",3,1,0.1,10.0,1961.687848233003,13.228390909215548,1.0000000000000002
"(5, 6, 8)",3,1,0.1,17.78279410038923,1962.5551673895832,13.1969837562382,1.0
"(5, 6, 8)",3,1,0.1,31.622776601683793,1964.8830887391325,13.149442385498963,0.9999999999999999
"(5, 6, 8)",3,1,0.1,56.23413251903491,1970.738005739014,13.081992807087993,1.0
"(5, 6, 8)",3,1,0.1,100.0,1984.5583346673118,12.99220469790361,1.0
"(5, 6, 8)",3,1,0.1,177.82794100389228,2015.3118606546648,12.879530882112396,1.0
"(5, 6, 8)",3,1,0.1,316.22776601683796,2079.283795359069,12.747255505849807,1.0
"(5, 6, 8)",3,1,0.1,562.341325190349,2201.393505261752,12.604634688543582,1.0
"(5, 6, 8)",3,1,0.1,1000.0,2412.918097408922,12.46505043834699,1.0
"(5, 6, 8)",3,1,0.1,1778.2794100389228,2746.6713638508572,12.340677967918001,1.0
"(5, 6, 8)",3,1,0.1,3162.2776601683795,3235.1666033110423,12.238001324313066,1.0
"(5, 6, 8)",3,1,0.1,5623.413251903491,3916.688416864453,12.1573108936262,1.0
"(5, 6, 8)",3,1,0.1,10000.0,4844.548590443539,12.095485837687404,0.9999999999999998
"(5, 6, 8)",3,1,0.1,17782.794100389227,6093.865531916517,12.048657792847786,1.0
"(5, 6, 8)",3,1,0.1,31622.776601683792,7767.6171427278905,12.013372471594634,0.9999999999999999
"(5, 6, 8)",3,1,0.1,56234.13251903491,10004.757668917948,11.986849043276072,0.9999999999999998
"(5, 6, 8)",3,1,0.1,100000.0,12991.538346233212,11.966935145963973,1.0
"(5, 6, 8)",3,1,0.1,177827.94100389228,16976.90318963568,11.951992428611668,1.0
"(5, 6, 8)",3,1,0.1,316227.7660168379,22293.180596789516,11.940783245465074,1.0
"(5, 6, 8)",3,1,0.1,562341.3251903491,29383.76021122173,11.93237604467462,1.0
"(5, 6, 8)",3,1,0.1,1000000.0,38840.040343287445,11.926070914064963,0.9999999999999999
"(5, 6, 8)",3,1,1,0.0,99.6717312458811,5.757296783375574,0.9999999999999999
"(5, 6, 8)",3,1,1,0.0001,99.6717312475664,5.757279930540891,0.9999999999999998
"(5, 6, 8)",3,1,1,0.00017782794100389227,99.6717312512104,5.757266814719623,1.0
"(5, 6, 8)",3,1,1,0.00031622776601683794,99.67173126273319,5.757243491974752,1.0
"(5, 6, 8)",3,1,1,0.0005623413251903491,99.67173129916884,5.7572020203057725,1.0
"(5, 6, 8)",3,1,1,0.001,99.6717314143748,5.7571282805897885,1.0
"(5, 6, 8)",3,1,1,0.0017782794100389228,99.67173177861123,5.756997177641036,1.0
"(5, 6, 8)",3,1,1,0.0031622776601683794,99.67173292999674,5.756764124899449,1.0
"(5, 6, 8)",3,1,1,0.005623413251903491,99.6717365685781,5.75634996037971,1.0
"(5, 6, 8)",3,1,1,0.01,99.67174806119543,5.755614307634668,1.0
"(5, 6, 8)",3,1,1,0.01778279410038923,99.67178432783304,5.754308784927622,1.0
"(5, 6, 8)",3,1,1,0.03162277660168379,99.6718985863745,5.751995618025125,1.0
"(5, 6, 8)",3,1,1,0.05623413251903491,99.67225752343498,5.747908573084974,1.0
"(5, 6, 8)",3,1,1,0.1,99.67337938426394,5.740723048907698,1.0
"(5, 6, 8)",3,1,1,0.1778279410038923,99.67685462217362,5.728199460780469,1.0
"(5, 6, 8)",3,1,1,0.31622776601683794,99.68745452485473,5.706699627221446,1.0
"(5, 6, 8)",3,1,1,0.5623413251903491,99.71894246378865,5.670729906316648,1.0
"(5, 6, 8)",3,1,1,1.0,99.80847900524009,5.613070052573619,1.0
"(5, 6, 8)",3,1,1,1.7782794100389228,100.04614440383924,5.5266707237357595,1.0
"(5, 6, 8)",3,1,1,3.1622776601683795,100.61680612834043,5.409373652655927,1.0
"(5, 6, 8)",3,1,1,5.623413251903491,101.81910300021605,5.269459236698997,1.0
"(5, 6, 8)",3,1,1,10.0,104.00416234883754,5.125435093390776,1.0
"(5, 6, 8)",3,1,1,17.78279410038923,107.44630889001714,4.997018935876771,1.0
"(5, 6, 8)",3,1,1,31.622776601683793,112.24943224614552,4.895722514522542,0.9999999999999999
"(5, 6, 8)",3,1,1,56.23413251903491,118.33234710253026,4.823278836837486,1.0
"(5, 6, 8)",3,1,1,100.0,125.45074515959338,4.775440213884802,1.0
"(5, 6, 8)",3,1,1,177.82794100389228,133.250826932814,4.745878061854115,1.0
"(5, 6, 8)",3,1,1,316.22776601683796,141.36196662243108,4.7285536696706565,0.9999999999999999
"(5, 6, 8)",3,1,1,562.341325190349,149.49275901866747,4.718774684780275,1.0
"(5, 6, 8)",3,1,1,1000.0,157.4951502756693,4.713360196516698,1.0
"(5, 6, 8)",3,1,1,1778.2794100389228,165.3891898141505,4.710358466948861,1.0
"(5, 6, 8)",3,1,1,3162.2776601683795,173.36029825971946,4.708656674281161,0.9999999999999999
"(5, 6, 8)",3,1,1,5623.413251903491,181.7468654260009,4.707652094769073,1.0
"(5, 6, 8)",3,1,1,10000.0,191.0331675139957,4.707028150300762,1.0
"(5, 6, 8)",3,1,1,17782.794100389227,201.85694650858252,4.7066201385720525,1.0
"(5, 6, 8)",3,1,1,31622.776601683792,215.03650100903656,4.706341274815628,1.0
"(5, 6, 8)",3,1,1,56234.13251903491,231.6201070049303,4.706144214484565,1.0000000000000002
"(5, 6, 8)",3,1,1,100000.0,252.96072280676236,4.706001735102355,1.0
"(5, 6, 8)",3,1,1,177827.94100389228,280.8206322030505,4.705897192836955,1.0
"(5, 6, 8)",3,1,1,316227.7660168379,317.51331614939,4.705819790484011,1.0
"(5, 6, 8)",3,1,1,562341.3251903491,366.0931945252616,4.705762173054121,1.0
"(5, 6, 8)",3,1,1,1000000.0,430.60808274328195,4.705719147737497,1.0
"(5, 6, 8)",3,1,3,0.0,87.90526156111714,6.118406077204237,1.0
"(5, 6, 8)",3,1,3,0.0001,87.9052615660201,6.118357048038167,0.9999999999999999
"(5, 6, 8)",3,1,3,0.00017782794100389227,87.90526157662097,6.118318891768788,1.0
"(5, 6, 8)",3,1,3,0.00031622776601683794,87.90526161014148,6.1182510438471995,1.0
"(5, 6, 8)",3,1,3,0.0005623413251903491,87.90526171612974,6.118130405787331,1.0
"(5, 6, 8)",3,1,3,0.001,87.90526205122022,6.117915923457405,1.0
"(5, 6, 8)",3,1,3,0.0017782794100389228,87.90526311045586,6.117534658864814,1.0
"(5, 6, 8)",3,1,3,0.0031622776601683794,87.90526645773174,6.116857121793061,1.0
"(5, 6, 8)",3,1,3,0.005623413251903491,87.90527702971184,6.115653717509784,1.0
"(5, 6, 8)",3,1,3,0.01,87.9053103881382,6.113518289277938,1.0
"(5, 6, 8)",3,1,3,0.01778279410038923,87.90541546752074,6.109735258688686,1.0
"(5, 6, 8)",3,1,3,0.03162277660168379,87.90574547532164,6.103053012484031,0.9999999999999999
"(5, 6, 8)",3,1,3,0.05623413251903491,87.9067764023492,6.091310527549616,1.0
"(5, 6, 8)",3,1,3,0.1,87.90996715187005,6.0708621404989636,1.0
"(5, 6, 8)",3,1,3,0.1778279410038923,87.91968450694182,6.035809588109865,0.9999999999999998
"(5, 6, 8)",3,1,3,0.31622776601683794,87.948475512851,5.977315072766649,1.0
"(5, 6, 8)",3,1,3,0.5623413251903491,88.02998622577279,5.883947272074138,1.0
"(5, 6, 8)",3,1,3,1.0,88.24481483978921,5.745011635419761,1.0
"(5, 6, 8)",3,1,3,1.7782794100389228,88.75488821723727,5.55845090566687,1.0
"(5, 6, 8)",3,1,3,3.1622776601683795,89.81129143910468,5.339622475636752,1.0
"(5, 6, 8)",3,1,3,5.623413251903491,91.6848938263894,5.1197205866255615,1.0
"(5, 6, 8)",3,1,3,10.0,94.55083327967937,4.929315367839056,1.0000000000000002
"(5, 6, 8)",3,1,3,17.78279410038923,98.45016558117973,4.782939246103497,0.9999999999999999
"(5, 6, 8)",3,1,3,31.622776601683793,103.33931713879683,4.679391829445478,0.9999999999999999
"(5, 6, 8)",3,1,3,56.23413251903491,109.10395703982132,4.6105460663325255,1.0
"(5, 6, 8)",3,1,3,100.0,115.52126141838845,4.567328007153815,1.0
"(5, 6, 8)",3,1,3,177.82794100389228,122.26030279609718,4.541734910231066,0.9999999999999999
"(5, 6, 8)",3,1,3,316.22776601683796,128.94670272875558,4.527417751795349,1.0
"(5, 6, 8)",3,1,3,562.341325190349,135.24523904605925,4.5198159573334635,1.0
"(5, 6, 8)",3,1,3,1000.0,140.9160258398776,4.515959560142123,1.0
"(5, 6, 8)",3,1,3,1778.2794100389228,145.83121558878253,4.5140768221199625,1.0
"(5, 6, 8)",3,1,3,3162.2776601683795,149.96143398858337,4.513185995925823,1.0
"(5, 6, 8)",3,1,3,5623.413251903491,153.3478780956693,4.512774839660054,0.9999999999999999
"(5, 6, 8)",3,1,3,10000.0,156.07305219479989,4.5125886374193325,1.0
"(5, 6, 8)",3,1,3,17782.794100389227,158.2371644691554,4.512505444015248,1.0
"(5, 6, 8)",3,1,3,31622.776601683792,159.9422192499411,4.512468575735986,1.0
"(5, 6, 8)",3,1,3,56234.13251903491,161.28301253617022,4.512452273379694,1.0
"(5, 6, 8)",3,1,3,100000.0,162.34321988411637,4.512445027553564,1.0
"(5, 6, 8)",3,1,3,177827.94100389228,163.19476047580613,4.512441758093348,0.9999999999999998
"(5, 6, 8)",3,1,3,316227.7660168379,163.89906184428435,4.512440239883176,1.0
"(5, 6, 8)",3,1,3,562341.3251903491,164.50922347360802,4.512439501753513,1.0
"(5, 6, 8)",3,1,3,1000000.0,165.07277346714275,4.512439119315138,1.0
"(5, 7, 8)",3,-1,0.1,0.0,17969.890084664607,111.62051604516971,1.0000000000000002
"(5, 7, 8)",3,-1,0.1,0.0001,17969.890084664905,111.6205128673804,1.0
"(5, 7, 8)",3,-1,0.1,0.00017782794100389227,17969.89008466558,111.62051039417494,1.0
"(5, 7, 8)",3,-1,0.1,0.00031622776601683794,17969.89008466773,111.62050599613005,1.0
"(5, 7, 8)",3,-1,0.1,0.0005623413251903491,17969.89008467458,111.62049817519436,1.0
"(5, 7, 8)",3,-1,0.1,0.001,17969.890084696253,111.62048426743873,1.0
"(5, 7, 8)",3,-1,0.1,0.0017782794100389228,17969.89008476485,111.62045953573235,1.0
"(5, 7, 8)",3,-1,0.1,0.0031622776601683794,17969.890084981947,111.62041555638247,0.9999999999999998
"(5, 7, 8)",3,-1,0.1,0.005623413251903491,17969.89008566872,111.62033735050036,1.0000000000000002
"(5, 7, 8)",3,-1,0.1,0.01,17969.890087840806,111.62019828393433,1.0
"(5, 7, 8)",3,-1,0.1,0.01778279410038923,17969.89009470993,111.61995100162065,1.0
"(5, 7, 8)",3,-1,0.1,0.03162277660168379,17969.89011643072,111.61951131799403,1.0
"(5, 7, 8)",3,-1,0.1,0.05623413251903491,17969.890185105258,111.61872960651236,1.0
"(5, 7, 8)",3,-1,0.1,0.1,17969.890402192286,111.61734003865128,1.0
"(5, 7, 8)",3,-1,0.1,0.1778279410038923,17969.8910882096,111.61487068376032,0.9999999999999999
"(5, 7, 8)",3,-1,0.1,0.31622776601683794,17969.89325490674,111.61048479655877,0.9999999999999998
"(5, 7, 8)",3,-1,0.1,0.5623413251903491,17969.90009154351,111.60270220218192,1.0
"(5, 7, 8)",3,-1,0.1,1.0,17969.921626744897,111.58891510915996,1.0
"(5, 7, 8)",3,-1,0.1,1.7782794100389228,17969.98926010103,111.56456173525763,1.0
"(5, 7, 8)",3,-1,0.1,3.1622776601683795,17970.200571717913,111.52176102232866,1.0
"(5, 7, 8)",3,-1,0.1,5.623413251903491,17970.854969692362,111.44718667733488,1.0
"(5, 7, 8)",3,-1,0.1,10.0,17972.85197705296,111.31910476860757,1.0
"(5, 7, 8)",3,-1,0.1,17.78279410038923,17978.806042479562,111.10408361482807,1.0
"(5, 7, 8)",3,-1,0.1,31.622776601683793,17995.959262084816,110.75509281979474,0.9999999999999998
"(5, 7, 8)",3,-1,0.1,56.23413251903491,18043.14215243319,110.21396765397859,1.0
"(5, 7, 8)",3,-1,0.1,100.0,18165.60322995127,109.42181160144146,0.9999999999999999
"(5, 7, 8)",3,-1,0.1,177.82794100389228,18460.946876481383,108.34328131617167,1.0
"(5, 7, 8)",3,-1,0.1,316.22776601683796,19107.274306241252,107.00907817287003,0.9999999999999998
"(5, 7, 8)",3,-1,0.1,562.341325190349,20359.218267912616,105.54670212399114,1.0
"(5, 7, 8)",3,-1,0.1,1000.0,22489.207637632393,104.1391136710519,1.0
"(5, 7, 8)",3,-1,0.1,1778.2794100389228,25732.479338633646,102.92830532703357,1.0
"(5, 7, 8)",3,-1,0.1,3162.2776601683795,30319.257497719416,101.96283505126993,1.0
"(5, 7, 8)",3,-1,0.1,5623.413251903491,36571.550490351816,101.2219556051424,0.9999999999999999
"(5, 7, 8)",3,-1,0.1,10000.0,44974.90088258984,100.6617772044425,1.0
"(5, 7, 8)",3,-1,0.1,17782.794100389227,56213.80645344922,100.24041256099764,1.0
"(5, 7, 8)",3,-1,0.1,31622.776601683792,71217.31045213305,99.92407544794965,1.0
"(5, 7, 8)",3,-1,0.1,56234.13251903491,91232.15217431415,99.68676399280747,1.0
"(5, 7, 8)",3,-1,0.1,100000.0,117925.12556171132,99.50878566295322,0.9999999999999999
"(5, 7, 8)",3,-1,0.1,177827.94100389228,153521.23227112793,99.37531841948513,1.0
"(5, 7, 8)",3,-1,0.1,316227.7660168379,200988.74900103314,99.27523305593233,1.0
"(5, 7, 8)",3,-1,0.1,562341.3251903491,264286.44105626695,99.20018050252915,1.0
"(5, 7, 8)",3,-1,0.1,1000000.0,348693.38600388315,99.14389943202205,1.0
"(5, 7, 8)",3,-1,1,0.0,195.31815666478954,16.479443434524633,0.9999999999999999
"(5, 7, 8)",3,-1,1,0.0001,195.3181566668631,16.479422701502603,1.0
"(5, 7, 8)",3,-1,1,0.00017782794100389227,195.3181566713462,16.479406565757994,1.0
"(5, 7, 8)",3,-1,1,0.00031622776601683794,195.31815668552198,16.479377872630234,0.9999999999999999
"(5, 7, 8)",3,-1,1,0.0005623413251903491,195.31815673034836,16.479326850554788,1.0
"(5, 7, 8)",3,-1,1,0.001,195.31815687208967,16.4792361263931,0.9999999999999999
"(5, 7, 8)",3,-1,1,0.0017782794100389228,195.31815732024947,16.479074816705534,1.0
"(5, 7, 8)",3,-1,1,0.0031622776601683794,195.31815873708217,16.478788036415242,1.0
"(5, 7, 8)",3,-1,1,0.005623413251903491,195.31816321540964,16.478278292914165,0.9999999999999998
"(5, 7, 8)",3,-1,1,0.01,195.3181773653762,16.477372559326664,0.9999999999999999
"(5, 7, 8)",3,-1,1,0.01778279410038923,195.3182220455724,16.475764224638933,0.9999999999999999
"(5, 7, 8)",3,-1,1,0.03162277660168379,195.31836296735153,16.472911444010588,1.0
"(5, 7, 8)",3,-1,1,0.05623413251903491,195.31880653699304,16.46786130638132,1.0
"(5, 7, 8)",3,-1,1,0.1,195.32019774971948,16.458952385757986,1.0
"(5, 7, 8)",3,-1,1,0.1778279410038923,195.32453387530413,16.443332017540218,0.9999999999999999
"(5, 7, 8)",3,-1,1,0.31622776601683794,195.33790223904998,16.41623378348333,0.9999999999999998
"(5, 7, 8)",3,-1,1,0.5623413251903491,195.37835704006844,16.370070468784082,0.9999999999999999
"(5, 7, 8)",3,-1,1,1.0,195.49704993847817,16.293772035573106,1.0
"(5, 7, 8)",3,-1,1,1.7782794100389228,195.82855207040362,16.173607848195207,1.0
"(5, 7, 8)",3,-1,1,3.1622776601683795,196.68867759398657,15.997571826503581,0.9999999999999999
"(5, 7, 8)",3,-1,1,5.623413251903491,198.70571075614225,15.764182015103778,1.0
"(5, 7, 8)",3,-1,1,10.0,202.88067539204226,15.490795849358385,1.0
"(5, 7, 8)",3,-1,1,17.78279410038923,210.41854308920736,15.211383103711547,1.0
"(5, 7, 8)",3,-1,1,31.622776601683793,222.31607027217598,14.961819242127374,1.0
"(5, 7, 8)",3,-1,1,56.23413251903491,238.90487464472986,14.765028493241168,1.0
"(5, 7, 8)",3,-1,1,100.0,259.6561374796551,14.625936388175933,1.0000000000000002
"(5, 7, 8)",3,-1,1,177.82794100389228,283.50132882493455,14.535751127830991,1.0
"(5, 7, 8)",3,-1,1,316.22776601683796,309.4641472060183,14.480432336380185,1.0
"(5, 7, 8)",3,-1,1,562.341325190349,337.13821262511783,14.447264331959367,1.0
"(5, 7, 8)",3,-1,1,1000.0,366.86812675382185,14.427246130135085,0.9999999999999999
"(5, 7, 8)",3,-1,1,1778.2794100389228,399.7566855491396,14.414814872119953,1.0
"(5, 7, 8)",3,-1,1,3162.2776601683795,437.6371510282878,14.406779475783788,0.9999999999999999
"(5, 7, 8)",3,-1,1,5623.413251903491,483.0927884881904,14.401367267130029,1.0
"(5, 7, 8)",3,-1,1,10000.0,539.5611691895525,14.397591900446539,1.0
"(5, 7, 8)",3,-1,1,17782.794100389227,611.5399764014635,14.39488849062908,1.0000000000000002
"(5, 7, 8)",3,-1,1,31622.776601683792,704.9077632697805,14.3929178287663,0.9999999999999999
"(5, 7, 8)",3,-1,1,56234.13251903491,827.3795379408255,14.391464816208021,0.9999999999999999
"(5, 7, 8)",3,-1,1,100000.0,989.128833588399,14.390385951059542,0.9999999999999999
"(5, 7, 8)",3,-1,1,177827.94100389228,1203.623206535864,14.389581539346645,0.9999999999999999
"(5, 7, 8)",3,-1,1,316227.7660168379,1488.739738361688,14.388980295356287,1.0
"(5, 7, 8)",3,-1,1,562341.3251903491,1868.2503699223778,14.388530268620082,1.0
"(5, 7, 8)",3,-1,1,1000000.0,2373.8001301396876,14.388193153233816,1.0
"(5, 7, 8)",3,-1,3,0.0,122.79565892428799,16.992523470209058,1.0
"(5, 7, 8)",3,-1,3,0.0001,122.7956589345194,16.99242115704239,1.0
"(5, 7, 8)",3,-1,3,0.00017782794100389227,122.79565895664095,16.992341533423435,1.0
"(5, 7, 8)",3,-1,3,0.00031622776601683794,122.79565902659073,16.992199950355197,1.0
"(5, 7, 8)",3,-1,3,0.0005623413251903491,122.79565924776267,16.991948207636,1.0
"(5, 7, 8)",3,-1,3,0.001,122.79565994700988,16.99150063844118,1.0
"(5, 7, 8)",3,-1,3,0.0017782794100389228,122.7956621573239,16.99070505048356,1.0
"(5, 7, 8)",3,-1,3,0.0031622776601683794,122.79566914190234,16.989291268466506,1.0
"(5, 7, 8)",3,-1,3,0.005623413251903491,122.79569120073582,16.986780312819604,1.0
"(5, 7, 8)",3,-1,3,0.01,122.79576079795677,16.982325046921837,1.0
"(5, 7, 8)",3,-1,3,0.01778279410038923,122.79597999431805,16.974433543072927,1.0
"(5, 7, 8)",3,-1,3,0.03162277660168379,122.79666819605903,16.960498085185616,1.0
"(5, 7, 8)",3,-1,3,0.05623413251903491,122.79881702590083,16.936021732658077,1.0
"(5, 7, 8)",3,-1,3,0.1,122.80546196613484,16.893434534711727,1.0
"(5, 7, 8)",3,-1,3,0.1778279410038923,122.82566944359186,16.820535819689876,1.0
"(5, 7, 8)",3,-1,3,0.31622776601683794,122.88539980734971,16.699165948506593,1.0000000000000002
"(5, 7, 8)",3,-1,3,0.5623413251903491,123.05391077483246,16.506105890323425,1.0
"(5, 7, 8)",3,-1,3,1.0,123.49611036514898,16.220063907669072,1.0
"(5, 7, 8)",3,-1,3,1.7782794100389228,124.54288300095247,15.837182206157436,1.0
"(5, 7, 8)",3,-1,3,3.1622776601683795,126.72054444429155,15.38631933106533,1.0
"(5, 7, 8)",3,-1,3,5.623413251903491,130.67139487424498,14.923381857006339,0.9999999999999999
"(5, 7, 8)",3,-1,3,10.0,137.02325721440715,14.502651719860376,1.0
"(5, 7, 8)",3,-1,3,17.78279410038923,146.2976721963956,14.15574518954445,0.9999999999999999
"(5, 7, 8)",3,-1,3,31.622776601683793,158.74052520133222,13.892955055618312,1.0
"(5, 7, 8)",3,-1,3,56.23413251903491,174.03935138914312,13.710471911176086,1.0
"(5, 7, 8)",3,-1,3,100.0,191.23068381460297,13.594666033778674,0.9999999999999999
"(5, 7, 8)",3,-1,3,177.82794100389228,208.98232881338606,13.527164341663712,0.9999999999999999
"(5, 7, 8)",3,-1,3,316.22776601683796,226.02848828513393,13.490599101989892,0.9999999999999999
"(5, 7, 8)",3,-1,3,562.341325190349,241.46397197994276,13.471933680596324,0.9999999999999999
"(5, 7, 8)",3,-1,3,1000.0,254.81586789626226,13.462836949841602,1.0
"(5, 7, 8)",3,-1,3,1778.2794100389228,265.9693726443837,13.458557620303106,1.0
"(5, 7, 8)",3,-1,3,3162.2776601683795,275.0456428536198,13.456597270452326,0.9999999999999998
"(5, 7, 8)",3,-1,3,5623.413251903491,282.29055795985124,13.455716639412843,0.9999999999999999
"(5, 7, 8)",3,-1,3,10000.0,287.99515563986625,13.455326504350307,1.0
"(5, 7, 8)",3,-1,3,17782.794100389227,292.44750980802166,13.455155221283047,1.0
"(5, 7, 8)",3,-1,3,31622.776601683792,295.9082908495717,13.45508034651524,1.0
"(5, 7, 8)",3,-1,3,56234.13251903491,298.6016660321644,13.455047583920715,1.0
"(5, 7, 8)",3,-1,3,100000.0,300.7150342551315,13.455033135188408,1.0
"(5, 7, 8)",3,-1,3,177827.94100389228,302.4031954797705,13.455026650568076,1.0
"(5, 7, 8)",3,-1,3,316227.7660168379,303.7946724393919,13.455023649563861,1.0
"(5, 7, 8)",3,-1,3,562341.3251903491,304.99774691805663,13.455022191744401,1.0
"(5, 7, 8)",3,-1,3,1000000.0,306.10701341357577,13.455021435656086,1.0
"(5, 7, 8)",3,0,0.1,0.0,18794.777793254845,103.62856080752229,1.0000000000000002
"(5, 7, 8)",3,0,0.1,0.0001,18794.777793255693,103.62855201381495,1.0
"(5, 7, 8)",3,0,0.1,0.00017782794100389227,18794.77779325758,103.62854516986887,1.0
"(5, 7, 8)",3,0,0.1,0.00031622776601683794,18794.777793263565,103.62853299945303,1.0
"(5, 7, 8)",3,0,0.1,0.0005623413251903491,18794.777793282545,103.62851135715589,0.9999999999999998
"(5, 7, 8)",3,0,0.1,0.001,18794.77779334261,103.62847287142911,1.0
"(5, 7, 8)",3,0,0.1,0.0017782794100389228,18794.777793532598,103.62840443408004,1.0
"(5, 7, 8)",3,0,0.1,0.0031622776601683794,18794.777794133624,103.62828273659774,0.9999999999999998
"(5, 7, 8)",3,0,0.1,0.005623413251903491,18794.777796034443,103.62806633473602,0.9999999999999998
"(5, 7, 8)",3,0,0.1,0.01,18794.777802045406,103.62768154421921,1.0
"(5, 7, 8)",3,0,0.1,0.01778279410038923,18794.777821051863,103.6269973817878,1.0
"(5, 7, 8)",3,0,0.1,0.03162277660168379,18794.777881140926,103.62578107422841,1.0
"(5, 7, 8)",3,0,0.1,0.05623413251903491,18794.778071070054,103.62361916476432,1.0
"(5, 7, 8)",3,0,0.1,0.1,18794.778671165277,103.61977792415688,0.9999999999999998
"(5, 7, 8)",3,0,0.1,0.1778279410038923,18794.78056592962,103.61295734602601,1.0
"(5, 7, 8)",3,0,0.1,0.31622776601683794,18794.786541392536,103.60086066169117,1.0
"(5, 7, 8)",3,0,0.1,0.5623413251903491,18794.80534626673,103.57945060517147,1.0
"(5, 7, 8)",3,0,0.1,1.0,18794.864305243944,103.54169417064647,1.0
"(5, 7, 8)",3,0,0.1,1.7782794100389228,18795.047953147183,103.4755347548148,0.9999999999999998
"(5, 7, 8)",3,0,0.1,3.1622776601683795,18795.613510671512,103.36088632042176,1.0
"(5, 7, 8)",3,0,0.1,5.623413251903491,18797.32160869254,103.16595140623123,1.0
"(5, 7, 8)",3,0,0.1,10.0,18802.31645700609,102.84481072754603,0.9999999999999998
"(5, 7, 8)",3,0,0.1,17.78279410038923,18816.198549969573,102.34147946556648,1.0
"(5, 7, 8)",3,0,0.1,31.622776601683793,18852.06385172831,101.6073693706262,1.0
"(5, 7, 8)",3,0,0.1,56.23413251903491,18936.78150009913,100.62796124507014,1.0
"(5, 7, 8)",3,0,0.1,100.0,19120.71372654928,99.42800425708259,1.0
"(5, 7, 8)",3,0,0.1,177.82794100389228,19499.211362182366,98.03692311878329,1.0
"(5, 7, 8)",3,0,0.1,316.22776601683796,20252.450879181804,96.47744924412481,1.0
"(5, 7, 8)",3,0,0.1,562.341325190349,21668.873970996316,94.82242554911139,1.0
"(5, 7, 8)",3,0,0.1,1000.0,24100.224459740588,93.21717556830505,1.0
"(5, 7, 8)",3,0,0.1,1778.2794100389228,27894.96544000843,91.80238609231374,1.0
"(5, 7, 8)",3,0,0.1,3162.2776601683795,33410.89372396254,90.64277921276864,0.9999999999999998
"(5, 7, 8)",3,0,0.1,5623.413251903491,41095.71522421084,89.73293125082502,1.0
"(5, 7, 8)",3,0,0.1,10000.0,51569.184980404534,89.03511155602834,1.0
"(5, 7, 8)",3,0,0.1,17782.794100389227,65690.52726105296,88.50583457236937,1.0
"(5, 7, 8)",3,0,0.1,31622.776601683792,84629.79992516733,88.1065820875866,1.0
"(5, 7, 8)",3,0,0.1,56234.13251903491,109962.64779072977,87.80624541983609,1.0
"(5, 7, 8)",3,0,0.1,100000.0,143799.9677841198,87.58064407623307,1.0
"(5, 7, 8)",3,0,0.1,177827.94100389228,188963.06658684261,87.41131114018074,1.0
"(5, 7, 8)",3,0,0.1,316227.7660168379,249218.49920454196,87.28426507050985,1.0
"(5, 7, 8)",3,0,0.1,562341.3251903491,329591.9162607809,87.18896720476049,1.0
"(5, 7, 8)",3,0,0.1,1000000.0,436786.95781538787,87.11749261872373,1.0
"(5, 7, 8)",3,0,1,0.0,227.2411588214994,19.071490514266753,1.0
"(5, 7, 8)",3,0,1,0.0001,227.24115882240451,19.071481465012585,1.0
"(5, 7, 8)",3,0,1,0.00017782794100389227,227.24115882436092,19.071474422297396,1.0
"(5, 7, 8)",3,0,1,0.00031622776601683794,227.24115883054822,19.071461898670027,1.0
"(5, 7, 8)",3,0,1,0.0005623413251903491,227.24115885011338,19.071439629072064,1.0
"(5, 7, 8)",3,0,1,0.001,227.2411589119799,19.071400030384332,1.0
"(5, 7, 8)",3,0,1,0.0017782794100389228,227.2411591075925,19.07132962195809,1.0
"(5, 7, 8)",3,0,1,0.0031622776601683794,227.2411597260278,19.071204444886266,1.0
"(5, 7, 8)",3,0,1,0.005623413251903491,227.24116168087343,19.070981936043935,1.0
"(5, 7, 8)",3,0,1,0.01,227.24116785803128,19.070586540520118,1.0
"(5, 7, 8)",3,0,1,0.01778279410038923,227.24118736606445,19.06988432389275,1.0
"(5, 7, 8)",3,0,1,0.03162277660168379,227.24124891095246,19.068638445759913,1.0
"(5, 7, 8)",3,0,1,0.05623413251903491,227.24144272273463,19.06643191645476,1.0
"(5, 7, 8)",3,0,1,0.1,227.24205110003672,19.062536233748148,1.0
"(5, 7, 8)",3,0,1,0.1778279410038923,227.24395005911745,19.055696042729807,1.0
"(5, 7, 8)",3,0,1,0.31622776601683794,227.2498194890623,19.043800211089287,1.0
"(5, 7, 8)",3,0,1,0.5623413251903491,227.26765882531532,19.02344869383577,1.0
"(5, 7, 8)",3,0,1,1.0,227.320380246425,18.98957222538496,1.0
"(5, 7, 8)",3,0,1,1.7782794100389228,227.46934511831077,18.935609998634398,0.9999999999999998
"(5, 7, 8)",3,0,1,3.1622776601683795,227.86258481430184,18.85520418111982,1.0
"(5, 7, 8)",3,0,1,5.623413251903491,228.80621765163298,18.74614724627778,1.0
"(5, 7, 8)",3,0,1,10.0,230.8100690345955,18.615087963741363,1.0
"(5, 7, 8)",3,0,1,17.78279410038923,234.5052043163194,18.478227754586467,1.0
"(5, 7, 8)",3,0,1,31.622776601683793,240.40284531239323,18.35455974408521,1.0
"(5, 7, 8)",3,0,1,56.23413251903491,248.69400722902347,18.256260780769622,1.0
"(5, 7, 8)",3,0,1,100.0,259.33289462785126,18.18508738803573,1.0
"(5, 7, 8)",3,0,1,177.82794100389228,272.31856848583624,18.1361612303534,1.0
"(5, 7, 8)",3,0,1,316.22776601683796,287.9233207596926,18.10309487544303,1.0
"(5, 7, 8)",3,0,1,562.341325190349,306.8043131305965,18.080611485333083,1.0
"(5, 7, 8)",3,0,1,1000.0,330.0640697610065,18.065051251992426,0.9999999999999998
"(5, 7, 8)",3,0,1,1778.2794100389228,359.3156502258909,18.054057598613163,1.0
"(5, 7, 8)",3,0,1,3162.2776601683795,396.7823751772196,18.04614539717481,1.0
"(5, 7, 8)",3,0,1,5623.413251903491,445.451044120093,18.04036905282581,1.0
"(5, 7, 8)",3,0,1,10000.0,509.2953716514705,18.03610954901466,1.0
"(5, 7, 8)",3,0,1,17782.794100389227,593.5887566687102,18.032947826759187,1.0
"(5, 7, 8)",3,0,1,31622.776601683792,705.3314229119853,18.030591237209116,1.0
"(5, 7, 8)",3,0,1,56234.13251903491,853.826056071917,18.028830328047672,1.0
"(5, 7, 8)",3,0,1,100000.0,1051.448529361976,18.027512555543122,1.0
"(5, 7, 8)",3,0,1,177827.94100389228,1314.6767631733248,18.02652553664841,0.9999999999999999
"(5, 7, 8)",3,0,1,316227.7660168379,1665.4629221588946,18.025785877302557,1.0
"(5, 7, 8)",3,0,1,562341.3251903491,2133.061439912163,18.02523142252072,0.9999999999999998
"(5, 7, 8)",3,0,1,1000000.0,2756.4655674457003,18.02481572787872,0.9999999999999998
"(5, 7, 8)",3,0,3,0.0,145.92690339402114,19.45612491266869,1.0
"(5, 7, 8)",3,0,3,0.0001,145.92690340430215,19.45602210159656,1.0
"(5, 7, 8)",3,0,3,0.00017782794100389227,145.9269034265315,19.455942090622134,1.0
"(5, 7, 8)",3,0,3,0.00031622776601683794,145.9269034968213,19.455799819059116,1.0
"(5, 7, 8)",3,0,3,0.0005623413251903491,145.92690371906764,19.455546853052958,1.0
"(5, 7, 8)",3,0,3,0.001,145.92690442170735,19.455097111828934,1.0
"(5, 7, 8)",3,0,3,0.0017782794100389228,145.92690664272092,19.454297671882298,1.0
"(5, 7, 8)",3,0,3,0.0031622776601683794,145.9269136609669,19.452877073098342,1.0
"(5, 7, 8)",3,0,3,0.005623413251903491,145.92693582532405,19.450354100072968,1.0
"(5, 7, 8)",3,0,3,0.01,145.9270057509408,19.445877794688315,0.9999999999999998
"(5, 7, 8)",3,0,3,0.01778279410038923,145.92722595604985,19.437949920261,1.0
"(5, 7, 8)",3,0,3,0.03162277660168379,145.9279171811831,19.423953071157204,1.0
"(5, 7, 8)",3,0,3,0.05623413251903491,145.930074642623,19.39937785904211,1.0
"(5, 7, 8)",3,0,3,0.1,145.93674172762886,19.356647014024187,1.0
"(5, 7, 8)",3,0,3,0.1778279410038923,145.95699102875224,19.283591928559016,1.0
"(5, 7, 8)",3,0,3,0.31622776601683794,146.01670280605478,19.162242353601762,1.0
"(5, 7, 8)",3,0,3,0.5623413251903491,146.18438454585106,18.970077601624894,1.0
"(5, 7, 8)",3,0,3,1.0,146.62036423373786,18.687895522176323,1.0
"(5, 7, 8)",3,0,3,1.7782794100389228,147.63330372684356,18.316948799476208,0.9999999999999998
"(5, 7, 8)",3,0,3,3.1622776601683795,149.66378216683785,17.895569607108513,1.0
"(5, 7, 8)",3,0,3,5.623413251903491,153.1017481828807,17.491014296476056,1.0
"(5, 7, 8)",3,0,3,10.0,158.0327324134949,17.16222899273921,1.0
"(5, 7, 8)",3,0,3,17.78279410038923,164.16775321521033,16.930778025282596,1.0
"(5, 7, 8)",3,0,3,31.622776601683793,171.00035602334748,16.785153934971834,1.0
"(5, 7, 8)",3,0,3,56.23413251903491,178.0047351965805,16.700917018262196,1.0
"(5, 7, 8)",3,0,3,100.0,184.75214121220125,16.65516659524655,1.0
"(5, 7, 8)",3,0,3,177.82794100389228,190.94694289633455,16.63149819950696,1.0
"(5, 7, 8)",3,0,3,316.22776601683796,196.42045288375976,16.619718922568225,1.0
"(5, 7, 8)",3,0,3,562.341325190349,201.1089513505234,16.614037467377795,1.0
"(5, 7, 8)",3,0,3,1000.0,205.0270855983068,16.6113647634874,1.0
"(5, 7, 8)",3,0,3,1778.2794100389228,208.24139315102516,16.610130879549722,1.0
"(5, 7, 8)",3,0,3,3162.2776601683795,210.84722134746522,16.609568146780724,0.9999999999999998
"(5, 7, 8)",3,0,3,5623.413251903491,212.951205064099,16.609312646859596,1.0
"(5, 7, 8)",3,0,3,10000.0,214.65991546920617,16.609196025532924,0.9999999999999998
"(5, 7, 8)",3,0,3,17782.794100389227,216.07395392024262,16.60914182163171,1.0
"(5, 7, 8)",3,0,3,31622.776601683792,217.28622499081152,16.60911574400248,1.0
"(5, 7, 8)",3,0,3,56234.13251903491,218.38311376251514,16.609102514432614,1.0
"(5, 7, 8)",3,0,3,100000.0,219.44747397267105,16.60909532034367,1.0
"(5, 7, 8)",3,0,3,177827.94100389228,220.563067440655,16.609091094804167,1.0
"(5, 7, 8)",3,0,3,316227.7660168379,221.81980418232928,16.609088424899163,1.0
"(5, 7, 8)",3,0,3,562341.3251903491,223.31989065115715,16.609086634507896,1.0
"(5, 7, 8)",3,0,3,1000000.0,225.18395232864378,16.60908538114182,1.0
"(5, 7, 8)",3,1,0.1,0.0,6997.317256119234,32.468564403945585,1.0
"(5, 7, 8)",3,1,0.1,0.0001,6997.317256119409,32.46856264657222,1.0
"(5, 7, 8)",3,1,0.1,0.00017782794100389227,6997.317256119783,32.468561278848036,1.0
"(5, 7, 8)",3,1,0.1,0.00031622776601683794,6997.31725612098,32.46855884665959,1.0
"(5, 7, 8)",3,1,0.1,0.0005623413251903491,6997.317256124777,32.46855452157182,0.9999999999999999
"(5, 7, 8)",3,1,0.1,0.001,6997.317256136782,32.46854683042966,1.0
"(5, 7, 8)",3,1,0.1,0.0017782794100389228,6997.317256174758,32.468533153658754,0.9999999999999998
"(5, 7, 8)",3,1,0.1,0.0031622776601683794,6997.317256294885,32.4685088332623,1.0
"(5, 7, 8)",3,1,0.1,0.005623413251903491,6997.31725667477,32.46846558709012,1.0
"(5, 7, 8)",3,1,0.1,0.01,6997.317257876039,32.468388690547336,1.0
"(5, 7, 8)",3,1,0.1,0.01778279410038923,6997.317261674283,32.4682519698816,1.0
"(5, 7, 8)",3,1,0.1,0.03162277660168379,6997.317273682009,32.46800891463822,1.0
"(5, 7, 8)",3,1,0.1,0.05623413251903491,6997.317311633645,32.467576922974764,1.0
"(5, 7, 8)",3,1,0.1,0.1,6997.317431532429,32.46680944265403,0.9999999999999999
"(5, 7, 8)",3,1,0.1,0.1778279410038923,6997.317810038257,32.46544692475563,0.9999999999999999
"(5, 7, 8)",3,1,0.1,0.31622776601683794,6997.319003347329,32.463031157105206,1.0000000000000002
"(5, 7, 8)",3,1,0.1,0.5623413251903491,6997.322756640874,32.45875775729461,0.9999999999999999
"(5, 7, 8)",3,1,0.1,1.0,6997.334513014539,32.45122873675029,1.0
"(5, 7, 8)",3,1,0.1,1.7782794100389228,6997.371071287981,32.438057306682765,1.0
"(5, 7, 8)",3,1,0.1,3.1622776601683795,6997.4833385288475,32.4152951149973,1.0
"(5, 7, 8)",3,1,0.1,5.623413251903491,6997.820862801552,32.37676566942613,1.0
"(5, 7, 8)",3,1,0.1,10.0,6998.801127923876,32.31371697886345,1.0
"(5, 7, 8)",3,1,0.1,17.78279410038923,7001.502071945746,32.21574625030842,1.0
"(5, 7, 8)",3,1,0.1,31.622776601683793,7008.432697614669,32.07385973541306,1.0
"(5, 7, 8)",3,1,0.1,56.23413251903491,7024.885654232035,31.883778556646448,0.9999999999999999
"(5, 7, 8)",3,1,0.1,100.0,7061.748815830937,31.643816598012695,1.0
"(5, 7, 8)",3,1,0.1,177.82794100389228,7142.444041333423,31.34825086891013,1.0
"(5, 7, 8)",3,1,0.1,316.22776601683796,7315.372607172523,30.9914711259151,1.0
"(5, 7, 8)",3,1,0.1,562.341325190349,7663.3945829866,30.586055361955335,1.0
"(5, 7, 8)",3,1,0.1,1000.0,8297.060502315331,30.168801519658818,1.0
"(5, 7, 8)",3,1,0.1,1778.2794100389228,9337.459060765334,29.78176594173069,1.0
"(5, 7, 8)",3,1,0.1,3162.2776601683795,10909.170518644927,29.451846203584836,1.0
"(5, 7, 8)",3,1,0.1,5623.413251903491,13151.470854385727,29.18658765087328,1.0
"(5, 7, 8)",3,1,0.1,10000.0,16244.966248963661,28.98055887607497,1.0
"(5, 7, 8)",3,1,0.1,17782.794100389227,20440.55140583762,28.823336255258486,1.0
"(5, 7, 8)",3,1,0.1,31622.776601683792,26083.962382195477,28.70438107339436,0.9999999999999998
"(5, 7, 8)",3,1,0.1,56234.13251903491,33643.70775162132,28.614760182343808,0.9999999999999999
"(5, 7, 8)",3,1,0.1,100000.0,43749.19845279418,28.547386377042972,1.0
"(5, 7, 8)",3,1,0.1,177827.94100389228,57242.744932568945,28.4967949599108,1.0000000000000002
"(5, 7, 8)",3,1,0.1,316227.7660168379,75249.55790356963,28.458828751085637,1.0
"(5, 7, 8)",3,1,0.1,562341.3251903491,99271.45994272499,28.430346523325042,1.0
"(5, 7, 8)",3,1,0.1,1000000.0,131312.05513040043,28.408983028086947,1.0
"(5, 7, 8)",3,1,1,0.0,154.9205127225715,12.312625146941551,1.0
"(5, 7, 8)",3,1,1,0.0001,154.92051272417189,12.312609142506,1.0
"(5, 7, 8)",3,1,1,0.00017782794100389227,154.92051272763266,12.312596686807332,0.9999999999999999
"(5, 7, 8)",3,1,1,0.00031622776601683794,154.92051273857564,12.312574537580028,1.0
"(5, 7, 8)",3,1,1,0.0005623413251903491,154.92051277317884,12.312535151599421,0.9999999999999999
"(5, 7, 8)",3,1,1,0.001,154.92051288259648,12.312465117172477,0.9999999999999998
"(5, 7, 8)",3,1,1,0.0017782794100389228,154.92051322856068,12.312340591732195,0.9999999999999998
"(5, 7, 8)",3,1,1,0.0031622776601683794,154.92051432234982,12.312119199199193,1.0
"(5, 7, 8)",3,1,1,0.005623413251903491,154.92051777983139,12.311725654691504,1.0000000000000002
"(5, 7, 8)",3,1,1,0.01,154.92052870558177,12.311026306877071,0.9999999999999999
"(5, 7, 8)",3,1,1,0.01778279410038923,154.92056321224544,12.309784200138658,0.9999999999999999
"(5, 7, 8)",3,1,1,0.03162277660168379,154.9206720874513,12.307580209510572,1.0
"(5, 7, 8)",3,1,1,0.05623413251903491,154.92101501328432,12.30367607390649,1.0
"(5, 7, 8)",3,1,1,0.1,154.92209181558303,12.296781009493712,0.9999999999999999
"(5, 7, 8)",3,1,1,0.1778279410038923,154.92545474851045,12.284667855244246,1.0
"(5, 7, 8)",3,1,1,0.31622776601683794,154.93585827519624,12.26358359449625,0.9999999999999998
"(5, 7, 8)",3,1,1,0.5623413251903491,154.96751850455271,12.22746727677225,0.9999999999999999
"(5, 7, 8)",3,1,1,1.0,155.06122010857754,12.167262510890685,1.0
"(5, 7, 8)",3,1,1,1.7782794100389228,155.32611051057174,12.071304377824593,1.0
"(5, 7, 8)",3,1,1,3.1622776601683795,156.02294792040922,11.928777709170587,1.0
"(5, 7, 8)",3,1,1,5.623413251903491,157.67270576771364,11.737930350628703,1.0000000000000002
"(5, 7, 8)",3,1,1,10.0,161.0668834410679,11.515490175508445,1.0
"(5, 7, 8)",3,1,1,17.78279410038923,166.98267046759568,11.2956541413978,1.0
"(5, 7, 8)",3,1,1,31.622776601683793,175.6709858876626,11.112624125431093,1.0000000000000002
"(5, 7, 8)",3,1,1,56.23413251903491,186.60683115231524,10.9821907537329,1.0000000000000002
"(5, 7, 8)",3,1,1,100.0,198.78579852238855,10.900092274122189,0.9999999999999998
"(5, 7, 8)",3,1,1,177.82794100389228,211.22842771697717,10.852769143190164,1.0
"(5, 7, 8)",3,1,1,316.22776601683796,223.2915767847736,10.826923726797942,1.0000000000000002
"(5, 7, 8)",3,1,1,562.341325190349,234.74075460646253,10.813125267596293,1.0
"(5, 7, 8)",3,1,1,1000.0,245.69595163551068,10.805708360077558,0.9999999999999999
"(5, 7, 8)",3,1,1,1778.2794100389228,256.545230226169,10.801586781847282,1.0
"(5, 7, 8)",3,1,1,3162.2776601683795,267.8777956252907,10.79917262235067,1.0
"(5, 7, 8)",3,1,1,5623.413251903491,280.4552486314907,10.797670241234202,1.0
"(5, 7, 8)",3,1,1,10000.0,295.22203613216027,10.796680760450462,1.0
"(5, 7, 8)",3,1,1,17782.794100389227,313.350975355693,10.795998891554486,1.0
"(5, 7, 8)",3,1,1,31622.776601683792,336.321302413612,10.79551364633116,1.0
"(5, 7, 8)",3,1,1,56234.13251903491,366.03066646689587,10.795160990541435,0.9999999999999999
"(5, 7, 8)",3,1,1,100000.0,404.9469564879298,10.794901341506641,1.0
"(5, 7, 8)",3,1,1,177827.94100389228,456.31045642926773,10.794708680663817,1.0
"(5, 7, 8)",3,1,1,316227.7660168379,524.4019716695125,10.794565075810903,1.0
"(5, 7, 8)",3,1,1,562341.3251903491,614.8984737342311,10.794457756321975,1.0
"(5, 7, 8)",3,1,1,1000000.0,735.3446482092426,10.794377433345877,0.9999999999999999
"(5, 7, 8)",3,1,3,0.0,121.15369727676867,14.06419486110809,1.0
"(5, 7, 8)",3,1,3,0.0001,121.15369728809246,14.064081624726015,1.0
"(5, 7, 8)",3,1,3,0.00017782794100389227,121.15369731257547,14.063993500481832,0.9999999999999999
"(5, 7, 8)",3,1,3,0.00031622776601683794,121.15369738999297,14.063836802411988,1.0
"(5, 7, 8)",3,1,3,0.0005623413251903491,121.15369763477543,14.06355818569177,1.0
"(5, 7, 8)",3,1,3,0.001,121.15369840866111,14.063062841855327,1.0
"(5, 7, 8)",3,1,3,0.0017782794100389228,121.15370085487011,14.062182344138428,1.0
"(5, 7, 8)",3,1,3,0.0031622776601683794,121.15370858466343,14.060617716996868,1.0
"(5, 7, 8)",3,1,3,0.005623413251903491,121.15373299585868,14.057838984139634,1.0
"(5, 7, 8)",3,1,3,0.01,121.15381000828506,14.052909008919272,1.0
"(5, 7, 8)",3,1,3,0.01778279410038923,121.15405252162887,14.044177969410425,0.9999999999999999
"(5, 7, 8)",3,1,3,0.03162277660168379,121.15481372447852,14.028764062798736,0.9999999999999998
"(5, 7, 8)",3,1,3,0.05623413251903491,121.15718936046501,14.001703516025065,1.0
"(5, 7, 8)",3,1,3,0.1,121.16452957630317,13.95465806320611,0.9999999999999998
"(5, 7, 8)",3,1,3,0.1778279410038923,121.18681968629171,13.874239642677585,1.0
"(5, 7, 8)",3,1,3,0.31622776601683794,121.2525495208151,13.740660934226792,1.0
"(5, 7, 8)",3,1,3,0.5623413251903491,121.43727873472379,13.528974279819813,1.0000000000000002
"(5, 7, 8)",3,1,3,1.0,121.91922035113168,13.217123550269537,1.0
"(5, 7, 8)",3,1,3,1.7782794100389228,123.05041115731156,12.803167648475032,1.0
"(5, 7, 8)",3,1,3,3.1622776601683795,125.3738873072134,12.321755956731772,0.9999999999999999
"(5, 7, 8)",3,1,3,5.623413251903491,129.498250643348,11.837825727956043,1.0
"(5, 7, 8)",3,1,3,10.0,135.86581177206475,11.414990494891436,1.0
"(5, 7, 8)",3,1,3,17.78279410038923,144.55651068291976,11.088654188941929,1.0
"(5, 7, 8)",3,1,3,31.622776601683793,155.20242466950998,10.86274822240766,1.0
"(5, 7, 8)",3,1,3,56.23413251903491,167.04484950730512,10.720813896800045,1.0
"(5, 7, 8)",3,1,3,100.0,179.14238599018165,10.638968365354687,1.0
"(5, 7, 8)",3,1,3,177.82794100389228,190.63420344328176,10.595109274448523,1.0
"(5, 7, 8)",3,1,3,316.22776601683796,200.92139629022768,10.572975222081766,1.0
"(5, 7, 8)",3,1,3,562.341325190349,209.7110696530921,10.562319673344327,1.0
"(5, 7, 8)",3,1,3,1000.0,216.960327762615,10.55737062039534,0.9999999999999998
"(5, 7, 8)",3,1,3,1778.2794100389228,222.78492643551687,10.555132155618818,0.9999999999999999
"(5, 7, 8)",3,1,3,3162.2776601683795,227.3772112608668,10.554138950899404,1.0
"(5, 7, 8)",3,1,3,5623.413251903491,230.9497169485322,10.553704229919003,1.0
"(5, 7, 8)",3,1,3,10000.0,233.70341280017126,10.553515731985877,1.0
"(5, 7, 8)",3,1,3,17782.794100389227,235.8134551338571,10.553434491282886,1.0
"(5, 7, 8)",3,1,3,31622.776601683792,237.42539298838975,10.55339958801775,0.9999999999999998
"(5, 7, 8)",3,1,3,56234.13251903491,238.6567063194978,10.553384595800832,0.9999999999999999
"(5, 7, 8)",3,1,3,100000.0,239.60065736160593,10.553378134141191,1.0
"(5, 7, 8)",3,1,3,177827.94100389228,240.33067128098014,10.553375325098743,1.0
"(5, 7, 8)",3,1,3,316227.7660168379,240.9046374145931,10.55337408385947,1.0
"(5, 7, 8)",3,1,3,562341.3251903491,241.36849520741674,10.553373519796827,1.0
"(5, 7, 8)",3,1,3,1000000.0,241.75877976222293,10.553373251597653,0.9999999999999999
"(6, 7, 8)",3,-1,0.1,0.0,2138.787135671373,14.317356383887569,1.0
"(6, 7, 8)",3,-1,0.1,0.0001,2138.787135671526,14.317354824782964,1.0
"(6, 7, 8)",3,-1,0.1,0.00017782794100389227,2138.787135671864,14.317353611366421,0.9999999999999999
"(6, 7, 8)",3,-1,0.1,0.00031622776601683794,2138.787135672931,14.317351453577986,0.9999999999999999
"(6, 7, 8)",3,-1,0.1,0.0005623413251903491,2138.787135676299,14.317347616443675,1.0
"(6, 7, 8)",3,-1,0.1,0.001,2138.78713568696,14.317340792998731,1.0
"(6, 7, 8)",3,-1,0.1,0.0017782794100389228,2138.7871357206664,14.31732865917145,1.0
"(6, 7, 8)",3,-1,0.1,0.0031622776601683794,2138.7871358272646,14.317307082356137,1.0
"(6, 7, 8)",3,-1,0.1,0.005623413251903491,2138.7871361643406,14.31726871439362,1.0000000000000002
"(6, 7, 8)",3,-1,0.1,0.01,2138.7871372302056,14.31720049063394,1.0
"(6, 7, 8)",3,-1,0.1,0.01778279410038923,2138.7871406003264,14.317079186161868,0.9999999999999999
"(6, 7, 8)",3,-1,0.1,0.03162277660168379,2138.7871512549864,14.3168635248739,0.9999999999999999
"(6, 7, 8)",3,-1,0.1,0.05623413251903491,2138.787184933254,14.31648018306437,1.0
"(6, 7, 8)",3,-1,0.1,0.1,2138.787291350247,14.315799013047897,1.0
"(6, 7, 8)",3,-1,0.1,0.1778279410038923,2138.787627403615,14.314589340459108,1.0
"(6, 7, 8)",3,-1,0.1,0.31622776601683794,2138.788687479972,14.312443369584397,1.0
"(6, 7, 8)",3,-1,0.1,0.5623413251903491,2138.7920250907337,14.308643483471883,1.0
"(6, 7, 8)",3,-1,0.1,1.0,2138.8024979471434,14.301937145773937,1.0
"(6, 7, 8)",3,-1,0.1,1.7782794100389228,2138.835164670422,14.290169862902662,1.0
"(6, 7, 8)",3,-1,0.1,3.1622776601683795,2138.936000437315,14.269731418245623,0.9999999999999999
"(6, 7, 8)",3,-1,0.1,5.623413251903491,2139.241695733129,14.23485159157015,1.0
"(6, 7, 8)",3,-1,0.1,10.0,2140.140575987714,14.177075577808816,1.0
"(6, 7, 8)",3,-1,0.1,17.78279410038923,2142.655249847799,14.085926714600891,1.0000000000000002
"(6, 7, 8)",3,-1,0.1,31.622776601683793,2149.173272050547,13.952508713860263,1.0000000000000002
"(6, 7, 8)",3,-1,0.1,56.23413251903491,2164.379351400106,13.776505308035755,1.0
"(6, 7, 8)",3,-1,0.1,100.0,2195.7693196388877,13.570992245176647,1.0000000000000002
"(6, 7, 8)",3,-1,0.1,177.82794100389228,2253.949849245768,13.355860779427658,1.0
"(6, 7, 8)",3,-1,0.1,316.22776601683796,2355.185213695348,13.144941708960047,1.0000000000000002
"(6, 7, 8)",3,-1,0.1,562.341325190349,2526.010783623865,12.944532853765,1.0
"(6, 7, 8)",3,-1,0.1,1000.0,2803.276484747793,12.761175371822251,0.9999999999999999
"(6, 7, 8)",3,-1,0.1,1778.2794100389228,3227.909637863487,12.602792338091348,1.0000000000000002
"(6, 7, 8)",3,-1,0.1,3162.2776601683795,3842.425404493215,12.473592531746915,1.0
"(6, 7, 8)",3,-1,0.1,5623.413251903491,4697.757408866169,12.372322511548019,1.0
"(6, 7, 8)",3,-1,0.1,10000.0,5862.908288678405,12.294689854323854,0.9999999999999999
"(6, 7, 8)",3,-1,0.1,17782.794100389227,7433.1856565626995,12.23583371312787,1.0
"(6, 7, 8)",3,-1,0.1,31622.776601683792,9538.482131816532,12.191452054011888,1.0
"(6, 7, 8)",3,-1,0.1,56234.13251903491,12353.827665917099,12.158074096688166,0.9999999999999999
"(6, 7, 8)",3,-1,0.1,100000.0,16113.751851283849,12.133005686143683,1.0
"(6, 7, 8)",3,-1,0.1,177827.94100389228,21131.71970272347,12.114191469529997,1.0
"(6, 7, 8)",3,-1,0.1,316227.7660168379,27826.210941068064,12.100076438585205,0.9999999999999999
"(6, 7, 8)",3,-1,0.1,562341.3251903491,36755.58950122926,12.089489036022815,1.0
"(6, 7, 8)",3,-1,0.1,1000000.0,48664.64362330607,12.081548506986481,1.0
"(6, 7, 8)",3,-1,1,0.0,86.13737602487946,4.689197567795803,0.9999999999999999
"(6, 7, 8)",3,-1,1,0.0001,86.13737602662268,4.689180136042238,1.0
"(6, 7, 8)",3,-1,1,0.00017782794100389227,86.1373760303917,4.68916656978061,1.0
"(6, 7, 8)",3,-1,1,0.00031622776601683794,86.13737604231004,4.689142446285808,1.0
"(6, 7, 8)",3,-1,1,0.0005623413251903491,86.13737607999573,4.689099551478169,1.0
"(6, 7, 8)",3,-1,1,0.001,86.13737619915106,4.689023283611481,1.0
"(6, 7, 8)",3,-1,1,0.0017782794100389228,86.13737657585341,4.68888769308254,0.9999999999999999
"(6, 7, 8)",3,-1,1,0.0031622776601683794,86.13737776652964,4.6886466860088,1.0
"(6, 7, 8)",3,-1,1,0.005623413251903491,86.13738152862372,4.688218458049714,0.9999999999999998
"(6, 7, 8)",3,-1,1,0.01,86.13739340770076,4.687458053875015,1.0
"(6, 7, 8)",3,-1,1,0.01778279410038923,86.13743087335597,4.686109325917035,0.9999999999999998
"(6, 7, 8)",3,-1,1,0.03162277660168379,86.1375487948908,4.68372186657855,1.0
"(6, 7, 8)",3,-1,1,0.05623413251903491,86.13791860321469,4.679510614774835,1.0
"(6, 7, 8)",3,-1,1,0.1,86.13907094712262,4.672128547014844,1.0
"(6, 7, 8)",3,-1,1,0.1778279410038923,86.14262173207686,4.659328774845791,1.0
"(6, 7, 8)",3,-1,1,0.31622776601683794,86.15335309011334,4.637550749186434,1.0
"(6, 7, 8)",3,-1,1,0.5623413251903491,86.18473879400989,4.601665678097548,1.0
"(6, 7, 8)",3,-1,1,1.0,86.27173244383789,4.545561808964903,1.0
"(6, 7, 8)",3,-1,1,1.7782794100389228,86.49365597152939,4.464705814362557,1.0
"(6, 7, 8)",3,-1,1,3.1622776601683795,86.99710999306393,4.360904399297795,0.9999999999999999
"(6, 7, 8)",3,-1,1,5.623413251903491,87.9841401090198,4.245615854463916,1.0
"(6, 7, 8)",3,-1,1,10.0,89.64340929254183,4.135842501936617,1.0
"(6, 7, 8)",3,-1,1,17.78279410038923,92.07972116397265,4.044673782241246,1.0
"(6, 7, 8)",3,-1,1,31.622776601683793,95.30239232907803,3.976562414943094,1.0
"(6, 7, 8)",3,-1,1,56.23413251903491,99.23826436589533,3.929623051205708,1.0000000000000002
"(6, 7, 8)",3,-1,1,100.0,103.74303258541974,3.8993262606309904,1.0
"(6, 7, 8)",3,-1,1,177.82794100389228,108.63912313105808,3.8807696775423977,1.0
"(6, 7, 8)",3,-1,1,316.22776601683796,113.77611489102328,3.8698074292850695,1.0
"(6, 7, 8)",3,-1,1,562.341325190349,119.08359785249635,3.863436821696986,0.9999999999999999
"(6, 7, 8)",3,-1,1,1000.0,124.6014041707825,3.859715355413649,0.9999999999999999
"(6, 7, 8)",3,-1,1,1778.2794100389228,130.48960319388297,3.8574857986617674,0.9999999999999999
"(6, 7, 8)",3,-1,1,3162.2776601683795,137.02947998129233,3.856096195054516,0.9999999999999998
"(6, 7, 8)",3,-1,1,5623.413251903491,144.62698888455532,3.8551903189672965,0.9999999999999999
"(6, 7, 8)",3,-1,1,10000.0,153.826625539404,3.8545746015707394,1.0
"(6, 7, 8)",3,-1,1,17782.794100389227,165.34041278371888,3.85414185009247,1.0
"(6, 7, 8)",3,-1,1,31622.776601683792,180.0952279032295,3.8538302840850314,1.0
"(6, 7, 8)",3,-1,1,56234.13251903491,199.30187924623215,3.85360235032574,1.0
"(6, 7, 8)",3,-1,1,100000.0,224.55076563721363,3.853433912218811,1.0
"(6, 7, 8)",3,-1,1,177827.94100389228,257.94118715296514,3.8533086772331337,1.0
"(6, 7, 8)",3,-1,1,316227.7660168379,302.2543779949769,3.8532152263540755,1.0
"(6, 7, 8)",3,-1,1,562341.3251903491,361.18424049193544,3.8531453456532034,1.0
"(6, 7, 8)",3,-1,1,1000000.0,439.6444053140763,3.8530930265091365,1.0
"(6, 7, 8)",3,-1,3,0.0,69.3035795655488,5.756808842884661,0.9999999999999998
"(6, 7, 8)",3,-1,3,0.0001,69.30357957451942,5.75671913625287,1.0
"(6, 7, 8)",3,-1,3,0.00017782794100389227,69.30357959391513,5.7566493240229795,1.0
"(6, 7, 8)",3,-1,3,0.00031622776601683794,69.30357965524489,5.75652518830573,1.0
"(6, 7, 8)",3,-1,3,0.0005623413251903491,69.30357984915803,5.7563044717241345,1.0
"(6, 7, 8)",3,-1,3,0.001,69.30358046220614,5.755912075265999,0.9999999999999999
"(6, 7, 8)",3,-1,3,0.0017782794100389228,69.30358239993939,5.755214598561897,1.0
"(6, 7, 8)",3,-1,3,0.0031622776601683794,69.303588522563,5.753975281652202,0.9999999999999998
"(6, 7, 8)",3,-1,3,0.005623413251903491,69.3036078557774,5.75177456047184,1.0
"(6, 7, 8)",3,-1,3,0.01,69.3036688345298,5.747870934979746,1.0
"(6, 7, 8)",3,-1,3,0.01778279410038923,69.30386078101147,5.740960258269254,0.9999999999999999
"(6, 7, 8)",3,-1,3,0.03162277660168379,69.30446283622253,5.728768491249399,1.0
"(6, 7, 8)",3,-1,3,0.05623413251903491,69.30633940821626,5.707391130018962,1.0
"(6, 7, 8)",3,-1,3,0.1,69.31212449092001,5.670308022138282,1.0
"(6, 7, 8)",3,-1,3,0.1778279410038923,69.32962076572203,5.607169702177558,1.0
"(6, 7, 8)",3,-1,3,0.31622776601683794,69.38083680149646,5.503041134170527,1.0
"(6, 7, 8)",3,-1,3,0.5623413251903491,69.52286779899762,5.3401534647802205,1.0
"(6, 7, 8)",3,-1,3,1.0,69.88450100072593,5.105805827344806,1.0
"(6, 7, 8)",3,-1,3,1.7782794100389228,70.69673203595639,4.807775240069214,1.0
"(6, 7, 8)",3,-1,3,3.1622776601683795,72.24193791605425,4.48614113300769,1.0
"(6, 7, 8)",3,-1,3,5.623413251903491,74.6701353125508,4.199233091050081,1.0
"(6, 7, 8)",3,-1,3,10.0,77.84749093666255,3.986402741113474,0.9999999999999999
"(6, 7, 8)",3,-1,3,17.78279410038923,81.4746022364956,3.849084544401376,1.0
"(6, 7, 8)",3,-1,3,31.622776601683793,85.32710306328138,3.7668941878761104,1.0
"(6, 7, 8)",3,-1,3,56.23413251903491,89.30631592534733,3.7191132765031747,1.0
"(6, 7, 8)",3,-1,3,100.0,93.33455024061274,3.691881521238493,1.0
"(6, 7, 8)",3,-1,3,177.82794100389228,97.28957379491446,3.6768203096194703,1.0
"(6, 7, 8)",3,-1,3,316.22776601683796,101.02328835291962,3.6688089635838503,1.0
"(6, 7, 8)",3,-1,3,562.341325190349,104.4074286056863,3.6647179366795597,1.0
"(6, 7, 8)",3,-1,3,1000.0,107.36262431563577,3.662705670866115,1.0
"(6, 7, 8)",3,-1,3,1778.2794100389228,109.86305651545487,3.6617469294749703,1.0
"(6, 7, 8)",3,-1,3,3162.2776601683795,111.9257467109995,3.6613017054109886,1.0
"(6, 7, 8)",3,-1,3,5623.413251903491,113.59491532744993,3.6610989470994038,0.9999999999999998
"(6, 7, 8)",3,-1,3,10000.0,114.92786787829148,3.661007850279026,1.0000000000000002
"(6, 7, 8)",3,-1,3,17782.794100389227,115.98490007756767,3.6609672197890313,1.0000000000000002
"(6, 7, 8)",3,-1,3,31622.776601683792,116.82331994880931,3.660949100699416,0.9999999999999999
"(6, 7, 8)",3,-1,3,56234.13251903491,117.4946846461832,3.660940947482249,0.9999999999999999
"(6, 7, 8)",3,-1,3,100000.0,118.04419994760734,3.660937199830798,1.0
"(6, 7, 8)",3,-1,3,177827.94100389228,118.51142954138163,3.660935411852912,1.0
"(6, 7, 8)",3,-1,3,316227.7660168379,118.93170697560622,3.6609345100917636,1.0
"(6, 7, 8)",3,-1,3,562341.3251903491,119.33794825280565,3.660934021510532,0.9999999999999999
"(6, 7, 8)",3,-1,3,1000000.0,119.76262256033033,3.6609337349724833,1.0
"(6, 7, 8)",3,0,0.1,0.0,786516.9603787732,2672.343456847471,1.0
"(6, 7, 8)",3,0,0.1,0.0001,786516.9603788076,2672.3430875819445,1.0
"(6, 7, 8)",3,0,0.1,0.00017782794100389227,786516.9603788857,2672.342800190343,1.0
"(6, 7, 8)",3,0,0.1,0.00031622776601683794,786516.9603791347,2672.3422891280857,1.0
"(6, 7, 8)",3,0,0.1,0.0005623413251903491,786516.9603799273,2672.3413803175363,1.0
"(6, 7, 8)",3,0,0.1,0.001,786516.9603824418,2672.339764201437,1.0
"(6, 7, 8)",3,0,0.1,0.0017782794100389228,786516.9603904078,2672.336890304917,1.0
"(6, 7, 8)",3,0,0.1,0.0031622776601683794,786516.9604156237,2672.331779743827,1.0
"(6, 7, 8)",3,0,0.1,0.005623413251903491,786516.9604954091,2672.3226918328896,1.0
"(6, 7, 8)",3,0,0.1,0.01,786516.9607477871,2672.3065312872113,1.0
"(6, 7, 8)",3,0,0.1,0.01778279410038923,786516.9615459943,2672.2777942677544,1.0
"(6, 7, 8)",3,0,0.1,0.03162277660168379,786516.964070253,2672.2266948096576,1.0
"(6, 7, 8)",3,0,0.1,0.05623413251903491,786516.9720522615,2672.1358351555928,1.0
"(6, 7, 8)",3,0,0.1,0.1,786516.9972896068,2671.974291213121,1.0
"(6, 7, 8)",3,0,0.1,0.1778279410038923,786517.0770715867,2671.687115494742,1.0
"(6, 7, 8)",3,0,0.1,0.31622776601683794,786517.3292154436,2671.17673562472,1.0
"(6, 7, 8)",3,0,0.1,0.5623413251903491,786518.1257180575,2670.270081417011,1.0
"(6, 7, 8)",3,0,0.1,1.0,786520.6397138943,2668.660775464296,0.9999999999999998
"(6, 7, 8)",3,0,0.1,1.7782794100389228,786528.5629294943,2665.8083651189213,0.9999999999999998
"(6, 7, 8)",3,0,0.1,3.1622776601683795,786553.4689054044,2660.7654729282726,1.0
"(6, 7, 8)",3,0,0.1,5.623413251903491,786631.397762234,2651.8900109475517,0.9999999999999999
"(6, 7, 8)",3,0,0.1,10.0,786873.2532013315,2636.3927818929033,1.0
"(6, 7, 8)",3,0,0.1,17.78279410038923,787613.2398563029,2609.706939154844,1.0
"(6, 7, 8)",3,0,0.1,31.622776601683793,789822.2112578872,2564.8462353493455,1.0
"(6, 7, 8)",3,0,0.1,56.23413251903491,796146.8575529415,2492.4435754180254,1.0
"(6, 7, 8)",3,0,0.1,100.0,813061.4174037497,2383.1321131951177,1.0
"(6, 7, 8)",3,0,0.1,177.82794100389228,853776.5529042196,2234.293182966364,1.0
"(6, 7, 8)",3,0,0.1,316.22776601683796,938246.552993485,2059.2494296911073,1.0
"(6, 7, 8)",3,0,0.1,562.341325190349,1084151.743819437,1887.6423975409189,1.0
"(6, 7, 8)",3,0,0.1,1000.0,1293900.7900340883,1747.7811176452844,1.0
"(6, 7, 8)",3,0,0.1,1778.2794100389228,1559087.709441728,1647.9321607669795,1.0
"(6, 7, 8)",3,0,0.1,3162.2776601683795,1883079.5671181644,1579.3633532057688,1.0
"(6, 7, 8)",3,0,0.1,5623.413251903491,2292167.520413221,1530.7806959434597,1.0
"(6, 7, 8)",3,0,0.1,10000.0,2828179.6926068994,1495.0306054850114,1.0
"(6, 7, 8)",3,0,0.1,17782.794100389227,3542019.9285728377,1468.2675568694342,1.0
"(6, 7, 8)",3,0,0.1,31622.776601683792,4496260.570568257,1448.1501175411192,0.9999999999999998
"(6, 7, 8)",3,0,0.1,56234.13251903491,5771793.544611008,1433.027739215179,1.0
"(6, 7, 8)",3,0,0.1,100000.0,7475578.265524779,1421.668248976474,1.0
"(6, 7, 8)",3,0,0.1,177827.94100389228,9749986.608828502,1413.140677749216,1.0
"(6, 7, 8)",3,0,0.1,316227.7660168379,12784847.456649993,1406.74176878849,1.0
"(6, 7, 8)",3,0,0.1,562341.3251903491,16833344.24419287,1401.9414356587065,1.0
"(6, 7, 8)",3,0,0.1,1000000.0,22233144.14917021,1398.34088965621,1.0
"(6, 7, 8)",3,0,1,0.0,466.7065908327961,44.22339123275809,1.0
"(6, 7, 8)",3,0,1,0.0001,466.70659083358885,44.223383304306395,0.9999999999999999
"(6, 7, 8)",3,0,1,0.00017782794100389227,466.70659083530336,44.223377133823725,1.0
"(6, 7, 8)",3,0,1,0.00031622776601683794,466.70659084072395,44.223366161129,1.0
"(6, 7, 8)",3,0,1,0.0005623413251903491,466.7065908578667,44.223346649078124,1.0
"(6, 7, 8)",3,0,1,0.001,466.7065909120752,44.223311952674806,1.0
"(6, 7, 8)",3,0,1,0.0017782794100389228,466.7065910834803,44.22325025743734,1.0
"(6, 7, 8)",3,0,1,0.0031622776601683794,466.7065916254381,44.22314056080895,1.0
"(6, 7, 8)",3,0,1,0.005623413251903491,466.706593338841,44.22294553615561,1.0
"(6, 7, 8)",3,0,1,0.01,466.7065987547331,44.222598875108595,1.0
"(6, 7, 8)",3,0,1,0.01778279410038923,466.70661586802373,44.22198288013562,1.0
"(6, 7, 8)",3,0,1,0.03162277660168379,466.70666991056413,44.220888937300415,1.0
"(6, 7, 8)",3,0,1,0.05623413251903491,466.7068403909791,44.218948228666946,1.0
"(6, 7, 8)",3,0,1,0.1,466.70737716642867,44.21551165063809,1.0
"(6, 7, 8)",3,0,1,0.1778279410038923,466.7090616356616,44.20944595353018,1.0
"(6, 7, 8)",3,0,1,0.31622776601683794,466.7143169041534,44.1988006113397,1.0
"(6, 7, 8)",3,0,1,0.5623413251903491,466.73054705915575,44.180301899002956,1.0
"(6, 7, 8)",3,0,1,1.0,466.7798135168311,44.1486937007648,1.0
"(6, 7, 8)",3,0,1,1.7782794100389228,466.9251625392614,44.09616942795766,1.0
"(6, 7, 8)",3,0,1,3.1622776601683795,467.3352981544684,44.012619507015266,0.9999999999999998
"(6, 7, 8)",3,0,1,5.623413251903491,468.42069511520504,43.88785367169705,1.0
"(6, 7, 8)",3,0,1,10.0,471.06608929996673,43.71613384023851,1.0
"(6, 7, 8)",3,0,1,17.78279410038923,476.936606641632,43.50085183219856,1.0
"(6, 7, 8)",3,0,1,31.622776601683793,488.7118213623094,43.256801756686286,1.0
"(6, 7, 8)",3,0,1,56.23413251903491,509.83972936752673,43.00917665615759,1.0
"(6, 7, 8)",3,0,1,100.0,543.5503441281228,42.785761030455305,1.0
"(6, 7, 8)",3,0,1,177.82794100389228,592.012303595969,42.604345937106714,1.0
"(6, 7, 8)",3,0,1,316.22776601683796,656.6493333738438,42.46789077634582,1.0
"(6, 7, 8)",3,0,1,562.341325190349,739.2171897949712,42.36973155380952,1.0
"(6, 7, 8)",3,0,1,1000.0,842.885988641405,42.30040190591612,1.0
"(6, 7, 8)",3,0,1,1778.2794100389228,973.0886224674078,42.25145082930268,1.0
"(6, 7, 8)",3,0,1,3162.2776601683795,1138.2002640041696,42.21656322290654,1.0
"(6, 7, 8)",3,0,1,5623.413251903491,1350.2202141863609,42.191385900823256,0.9999999999999998
"(6, 7, 8)",3,0,1,10000.0,1625.6417513734013,42.17300304931082,1.0
"(6, 7, 8)",3,0,1,17782.794100389227,1986.6722865859883,42.159457434033285,1.0
"(6, 7, 8)",3,0,1,31622.776601683792,2462.950077065234,42.14941112188249,1.0
"(6, 7, 8)",3,0,1,56234.13251903491,3093.914053216874,42.14192801644281,1.0
"(6, 7, 8)",3,0,1,100000.0,3932.022758432081,42.136338994662474,1.0
"(6, 7, 8)",3,0,1,177827.94100389228,5047.082839433698,42.13215770250497,1.0
"(6, 7, 8)",3,0,1,316227.7660168379,6532.040492673009,42.12902646762759,0.9999999999999998
"(6, 7, 8)",3,0,1,562341.3251903491,8510.708102983644,42.126680212785246,0.9999999999999998
"(6, 7, 8)",3,0,1,1000000.0,11148.064485027557,42.12492154523661,1.0
"(6, 7, 8)",3,0,3,0.0,232.67619344659087,40.34226172552881,1.0
"(6, 7, 8)",3,0,3,0.0001,232.67619346038987,40.34212373951209,1.0
"(6, 7, 8)",3,0,3,0.00017782794100389227,232.67619349022416,40.34201635473479,1.0
"(6, 7, 8)",3,0,3,0.00031622776601683794,232.67619358456253,40.341825409519124,1.0
"(6, 7, 8)",3,0,3,0.0005623413251903491,232.67619388284106,40.34148590275997,1.0
"(6, 7, 8)",3,0,3,0.001,232.67619482584024,40.34088231405789,1.0
"(6, 7, 8)",3,0,3,0.0017782794100389228,232.6761978065339,40.339809436206934,1.0
"(6, 7, 8)",3,0,3,0.0031622776601683794,232.67620722471395,40.337903049342756,1.0
"(6, 7, 8)",3,0,3,0.005623413251903491,232.6762369652022,40.33451766443946,1.0
"(6, 7, 8)",3,0,3,0.01,232.67633077510374,40.32851233709988,1.0
"(6, 7, 8)",3,0,3,0.01778279410038923,232.67662609769826,40.31787986262435,1.0
"(6, 7, 8)",3,0,3,0.03162277660168379,232.67755257529512,40.29911866944392,1.0
"(6, 7, 8)",3,0,3,0.05623413251903491,232.68044131560004,40.266211619942816,1.0
"(6, 7, 8)",3,0,3,0.1,232.6893518979396,40.20909560008013,1.0
"(6, 7, 8)",3,0,3,0.1778279410038923,232.71632807980725,40.11175309211519,1.0
"(6, 7, 8)",3,0,3,0.31622776601683794,232.79542990698226,39.9509451726155,1.0
"(6, 7, 8)",3,0,3,0.5623413251903491,233.01541899646497,39.698692913315895,0.9999999999999998
"(6, 7, 8)",3,0,3,1.0,233.5781280612675,39.334139414300054,1.0
"(6, 7, 8)",3,0,3,1.7782794100389228,234.851242604172,38.86719618348256,1.0
"(6, 7, 8)",3,0,3,3.1622776601683795,237.30186457581493,38.3574574929659,1.0
"(6, 7, 8)",3,0,3,5.623413251903491,241.22941869267552,37.89395134128519,1.0
"(6, 7, 8)",3,0,3,10.0,246.55335062104018,37.538139683971785,1.0
"(6, 7, 8)",3,0,3,17.78279410038923,253.06733500565292,37.292645569279166,1.0
"(6, 7, 8)",3,0,3,31.622776601683793,260.97029814892886,37.12541037332188,1.0
"(6, 7, 8)",3,0,3,56.23413251903491,270.975697860864,37.00657504171857,0.9999999999999998
"(6, 7, 8)",3,0,3,100.0,283.77815175392834,36.92098931545724,1.0
"(6, 7, 8)",3,0,3,177.82794100389228,299.41909964427964,36.86200095925398,0.9999999999999998
"(6, 7, 8)",3,0,3,316.22776601683796,317.12471348277614,36.824303514803226,1.0
"(6, 7, 8)",3,0,3,562.341325190349,335.636573710498,36.80205839697666,1.0
"(6, 7, 8)",3,0,3,1000.0,353.68577770129275,36.789824630113124,1.0
"(6, 7, 8)",3,0,3,1778.2794100389228,370.32027693234426,36.78346934429092,1.0
"(6, 7, 8)",3,0,3,3162.2776601683795,385.01313903975165,36.780307270346434,1.0
"(6, 7, 8)",3,0,3,5623.413251903491,397.61745418961215,36.77878022046621,0.9999999999999998
"(6, 7, 8)",3,0,3,10000.0,408.2590514355708,36.77805490048803,1.0
"(6, 7, 8)",3,0,3,17782.794100389227,417.22919377026807,36.77771118562442,1.0
"(6, 7, 8)",3,0,3,31622.776601683792,424.90464136065265,36.777545984463224,1.0
"(6, 7, 8)",3,0,3,56234.13251903491,431.6999511470777,36.77746390424877,1.0
"(6, 7, 8)",3,0,3,100000.0,438.0474653496725,36.77742091252771,1.0
"(6, 7, 8)",3,0,3,177827.94100389228,444.3971150109615,36.77739680554352,1.0
"(6, 7, 8)",3,0,3,316227.7660168379,451.231348294972,36.77738225782732,1.0
"(6, 7, 8)",3,0,3,562341.3251903491,459.0895412884301,36.777372867242406,0.9999999999999998
"(6, 7, 8)",3,0,3,1000000.0,468.59516596102765,36.77736647058744,1.0
"(6, 7, 8)",3,1,0.1,0.0,2276.8175357115774,15.794402034827497,0.9999999999999999
"(6, 7, 8)",3,1,0.1,0.0001,2276.817535711683,15.79440099740137,1.0
"(6, 7, 8)",3,1,0.1,0.00017782794100389227,2276.8175357119044,15.794400189995418,1.0
"(6, 7, 8)",3,1,0.1,0.00031622776601683794,2276.8175357126142,15.794398754205197,1.0
"(6, 7, 8)",3,1,0.1,0.0005623413251903491,2276.8175357148575,15.794396200978726,1.0
"(6, 7, 8)",3,1,0.1,0.001,2276.8175357219493,15.79439166065946,1.0
"(6, 7, 8)",3,1,0.1,0.0017782794100389228,2276.8175357443765,15.794383586800631,0.9999999999999998
"(6, 7, 8)",3,1,0.1,0.0031622776601683794,2276.8175358153067,15.794369229531862,1.0000000000000002
"(6, 7, 8)",3,1,0.1,0.005623413251903491,2276.8175360395985,15.794343699270675,0.9999999999999998
"(6, 7, 8)",3,1,0.1,0.01,2276.8175367488357,15.794298302413605,0.9999999999999999
"(6, 7, 8)",3,1,0.1,0.01778279410038923,2276.817538991377,15.794217583857971,1.0
"(6, 7, 8)",3,1,0.1,0.03162277660168379,2276.8175460814023,15.794074074506716,1.0
"(6, 7, 8)",3,1,0.1,0.05623413251903491,2276.8175684933167,15.793818972115501,1.0000000000000002
"(6, 7, 8)",3,1,0.1,0.1,2276.8176393168233,15.793365636319184,1.0
"(6, 7, 8)",3,1,0.1,0.1778279410038923,2276.817863003807,15.792560449645267,1.0
"(6, 7, 8)",3,1,0.1,0.31622776601683794,2276.818568812151,15.791131665225315,0.9999999999999999
"(6, 7, 8)",3,1,0.1,0.5623413251903491,2276.8207920876253,15.788600525624728,1.0
"(6, 7, 8)",3,1,0.1,1.0,2276.827774272931,15.784129674604637,1.0
"(6, 7, 8)",3,1,0.1,1.7782794100389228,2276.849585684073,15.776273403754397,1.0
"(6, 7, 8)",3,1,0.1,3.1622776601683795,2276.9170914895476,15.762592727515635,1.0
"(6, 7, 8)",3,1,0.1,5.623413251903491,2277.1226915338284,15.739140069988423,1.0
"(6, 7, 8)",3,1,0.1,10.0,2277.7320926908073,15.699988615429083,1.0
"(6, 7, 8)",3,1,0.1,17.78279410038923,2279.460084414868,15.63740323814874,1.0
"(6, 7, 8)",3,1,0.1,31.622776601683793,2284.0385644579724,15.543803632025623,1.0
"(6, 7, 8)",3,1,0.1,56.23413251903491,2295.0855722065494,15.416179827390216,0.9999999999999998
"(6, 7, 8)",3,1,0.1,100.0,2318.971438702772,15.260179524562467,1.0
"(6, 7, 8)",3,1,0.1,177.82794100389228,2365.644882782154,15.088026688953022,1.0000000000000002
"(6, 7, 8)",3,1,0.1,316.22776601683796,2450.5522641834573,14.911433295135918,0.9999999999999999
"(6, 7, 8)",3,1,0.1,562.341325190349,2597.589658718073,14.739080093259526,1.0
"(6, 7, 8)",3,1,0.1,1000.0,2839.4169505747627,14.579238045658782,0.9999999999999999
"(6, 7, 8)",3,1,0.1,1778.2794100389228,3213.1465558369396,14.439893972505303,1.0
"(6, 7, 8)",3,1,0.1,3162.2776601683795,3757.160986403004,14.325538030610542,1.0
"(6, 7, 8)",3,1,0.1,5623.413251903491,4515.744786241528,14.235723778331202,1.0
"(6, 7, 8)",3,1,0.1,10000.0,5548.348435078152,14.166918196420033,1.0
"(6, 7, 8)",3,1,0.1,17782.794100389227,6937.971337315771,14.114829598196309,1.0
"(6, 7, 8)",3,1,0.1,31622.776601683792,8798.660490344044,14.075602388251161,1.0
"(6, 7, 8)",3,1,0.1,56234.13251903491,11284.597378337065,14.046128734678234,1.0000000000000002
"(6, 7, 8)",3,1,0.1,100000.0,14602.580549574805,14.024006346698135,0.9999999999999998
"(6, 7, 8)",3,1,0.1,177827.94100389228,19029.065348723867,14.007409576502246,1.0
"(6, 7, 8)",3,1,0.1,316227.7660168379,24933.109041994652,13.994961051959633,1.0
"(6, 7, 8)",3,1,0.1,562341.3251903491,32807.091394456154,13.9856249514648,1.0
"(6, 7, 8)",3,1,0.1,1000000.0,43307.72614629485,13.978623456998331,1.0000000000000002
"(6, 7, 8)",3,1,1,0.0,138.94820363397585,6.89849276484847,0.9999999999999999
"(6, 7, 8)",3,1,1,0.0001,138.9482036359935,6.89847258983619,0.9999999999999999
"(6, 7, 8)",3,1,1,0.00017782794100389227,138.94820364035579,6.898456888588185,1.0
"(6, 7, 8)",3,1,1,0.00031622776601683794,138.9482036541498,6.898428968569336,0.9999999999999999
"(6, 7, 8)",3,1,1,0.0005623413251903491,138.9482036977669,6.898379322728726,1.0
"(6, 7, 8)",3,1,1,0.001,138.9482038356773,6.8982910504219,1.0
"(6, 7, 8)",3,1,1,0.0017782794100389228,138.94820427168145,6.898134115119203,1.0
"(6, 7, 8)",3,1,1,0.0031622776601683794,138.94820564984605,6.897855158896728,1.0
"(6, 7, 8)",3,1,1,0.005623413251903491,138.94821000460664,6.897359471466031,0.9999999999999999
"(6, 7, 8)",3,1,1,0.01,138.9482237566061,6.89647918355406,1.0
"(6, 7, 8)",3,1,1,0.01778279410038923,138.9482671379418,6.894917515000554,1.0
"(6, 7, 8)",3,1,1,0.03162277660168379,138.94840372721683,6.892152162740371,1.0
"(6, 7, 8)",3,1,1,0.05623413251903491,138.94883234904844,6.887271342632297,1.0
"(6, 7, 8)",3,1,1,0.1,138.95016946349378,6.878706174119491,1.0
"(6, 7, 8)",3,1,1,0.1778279410038923,138.95429788743326,6.863825899046426,1.0
"(6, 7, 8)",3,1,1,0.31622776601683794,138.96682005435318,6.83841902625227,1.0
"(6, 7, 8)",3,1,1,0.5623413251903491,139.0036812593035,6.796289657159439,1.0
"(6, 7, 8)",3,1,1,1.0,139.1070499929606,6.729671496061991,1.0000000000000002
"(6, 7, 8)",3,1,1,1.7782794100389228,139.37630396706047,6.631693410466017,0.9999999999999999
"(6, 7, 8)",3,1,1,3.1622776601683795,140.00969276164977,6.501383467905384,1.0000000000000002
"(6, 7, 8)",3,1,1,5.623413251903491,141.32683031628395,6.348059424217082,1.0
"(6, 7, 8)",3,1,1,10.0,143.73696865138268,6.1893438752249725,0.9999999999999999
"(6, 7, 8)",3,1,1,17.78279410038923,147.66195299697182,6.043230819556245,1.0
"(6, 7, 8)",3,1,1,31.622776601683793,153.43972525693783,5.921726018405085,1.0
"(6, 7, 8)",3,1,1,56.23413251903491,161.20925522640144,5.829458554578824,1.0
"(6, 7, 8)",3,1,1,100.0,170.81550836653565,5.765057038663985,1.0
"(6, 7, 8)",3,1,1,177.82794100389228,181.82401270643007,5.723413523524138,1.0
"(6, 7, 8)",3,1,1,316.22776601683796,193.65868510877388,5.698169356006276,1.0
"(6, 7, 8)",3,1,1,562.341325190349,205.77662432219367,5.683605508725672,0.9999999999999998
"(6, 7, 8)",3,1,1,1000.0,217.80377869595534,5.675468526163074,1.0
"(6, 7, 8)",3,1,1,1778.2794100389228,229.6060734530318,5.6709781026610795,1.0
"(6, 7, 8)",3,1,1,3162.2776601683795,241.3048511445212,5.668477561466141,1.0
"(6, 7, 8)",3,1,1,5623.413251903491,253.2617030985149,5.667043090601723,0.9999999999999999
"(6, 7, 8)",3,1,1,10000.0,266.0590266757964,5.666181828142513,0.9999999999999999
"(6, 7, 8)",3,1,1,17782.794100389227,280.4953792526742,5.66563684487194,1.0
"(6, 7, 8)",3,1,1,31622.776601683792,297.6063181122704,5.665274390654274,0.9999999999999999
"(6, 7, 8)",3,1,1,56234.13251903491,318.7160666824673,5.665023350304046,1.0
"(6, 7, 8)",3,1,1,100000.0,345.5237208217814,5.6648442796958,1.0
"(6, 7, 8)",3,1,1,177827.94100389228,380.2289108097179,5.664714010061486,1.0
"(6, 7, 8)",3,1,1,316227.7660168379,425.70512143904,5.664618060907976,0.9999999999999998
"(6, 7, 8)",3,1,1,562341.3251903491,485.73289576564855,5.6645468575737254,0.9999999999999999
"(6, 7, 8)",3,1,1,1000000.0,565.3110258819573,5.6644937825318795,1.0
"(6, 7, 8)",3,1,3,0.0,121.27000399551004,7.853704448787644,0.9999999999999999
"(6, 7, 8)",3,1,3,0.0001,121.2700040056901,7.853602646009103,1.0
"(6, 7, 8)",3,1,3,0.00017782794100389227,121.27000402770095,7.853523420787877,0.9999999999999998
"(6, 7, 8)",3,1,3,0.00031622776601683794,121.27000409729935,7.853382548716424,1.0
"(6, 7, 8)",3,1,3,0.0005623413251903491,121.27000431735294,7.853132078359788,1.0
"(6, 7, 8)",3,1,3,0.001,121.27000501302263,7.85268679710225,1.0
"(6, 7, 8)",3,1,3,0.0017782794100389228,121.27000721179682,7.851895357736099,1.0
"(6, 7, 8)",3,1,3,0.0031622776601683794,121.27001415860356,7.850489205645805,1.0
"(6, 7, 8)",3,1,3,0.005623413251903491,121.27003609081501,7.847992614548093,1.0
"(6, 7, 8)",3,1,3,0.01,121.2701052474659,7.843565398444989,0.9999999999999999
"(6, 7, 8)",3,1,3,0.01778279410038923,121.27032282689052,7.835731626704987,1.0
"(6, 7, 8)",3,1,3,0.03162277660168379,121.27100467791776,7.821923264170921,1.0
"(6, 7, 8)",3,1,3,0.05623413251903491,121.27312666742888,7.797747997537345,1.0
"(6, 7, 8)",3,1,3,0.1,121.27965065987824,7.755921845029719,1.0
"(6, 7, 8)",3,1,3,0.1778279410038923,121.29929071319953,7.685028492376319,1.0
"(6, 7, 8)",3,1,3,0.31622776601683794,121.35634342929633,7.568982658351352,1.0
"(6, 7, 8)",3,1,3,0.5623413251903491,121.51266907543186,7.389581081743056,1.0
"(6, 7, 8)",3,1,3,1.0,121.90394442146169,7.1357936051139745,1.0
"(6, 7, 8)",3,1,3,1.7782794100389228,122.76528217024547,6.819445175548,1.0
"(6, 7, 8)",3,1,3,3.1622776601683795,124.38117030365208,6.482991935387186,1.0
"(6, 7, 8)",3,1,3,5.623413251903491,126.95162076389252,6.179752325169441,1.0
"(6, 7, 8)",3,1,3,10.0,130.54497013535172,5.940201880467994,1.0
"(6, 7, 8)",3,1,3,17.78279410038923,135.23725975869147,5.763949639821928,1.0
"(6, 7, 8)",3,1,3,31.622776601683793,141.19936999411254,5.637884138298035,1.0000000000000002
"(6, 7, 8)",3,1,3,56.23413251903491,148.55702207560526,5.55023641713884,1.0
"(6, 7, 8)",3,1,3,100.0,157.20041560279014,5.492174618497284,0.9999999999999999
"(6, 7, 8)",3,1,3,177.82794100389228,166.74229596762808,5.456017987285293,1.0
"(6, 7, 8)",3,1,3,316.22776601683796,176.62392529936827,5.434898697285918,1.0
"(6, 7, 8)",3,1,3,562.341325190349,186.26988447803672,5.423274763573284,1.0
"(6, 7, 8)",3,1,3,1000.0,195.21132242576675,5.417201754588196,0.9999999999999998
"(6, 7, 8)",3,1,3,1778.2794100389228,203.1457721837037,5.414165532483678,1.0
"(6, 7, 8)",3,1,3,3162.2776601683795,209.93884375181491,5.4127015167876875,1.0
"(6, 7, 8)",3,1,3,5623.413251903491,215.590502245004,5.412015750138501,0.9999999999999999
"(6, 7, 8)",3,1,3,10000.0,220.1894464074739,5.411701661405273,1.0
"(6, 7, 8)",3,1,3,17782.794100389227,223.87135770032623,5.411560165354022,1.0
"(6, 7, 8)",3,1,3,31622.776601683792,226.78793690956306,5.411497112536361,1.0
"(6, 7, 8)",3,1,3,56234.13251903491,229.08750520426878,5.411469154313473,0.9999999999999999
"(6, 7, 8)",3,1,3,100000.0,230.9049969040371,5.411456731827305,1.0000000000000002
"(6, 7, 8)",3,1,3,177827.94100389228,232.3584298503737,5.411451149733684,1.0
"(6, 7, 8)",3,1,3,316227.7660168379,233.5494413429905,5.411448581002061,1.0
"(6, 7, 8)",3,1,3,562341.3251903491,234.56587920424454,5.411447350491532,0.9999999999999998
"(6, 7, 8)",3,1,3,1000000.0,235.4856062860992,5.411446725555734,1.0
"(4, 5, 6, 7)",4,-1,0.1,0.0,1722.078816751695,10.00974343465496,0.9999999999999999
"(4, 5, 6, 7)",4,-1,0.1,0.0001,1722.0788167519102,10.009741265608618,0.9999999999999998
"(4, 5, 6, 7)",4,-1,0.1,0.00017782794100389227,1722.0788167523813,10.009739577489377,1.0
"(4, 5, 6, 7)",4,-1,0.1,0.00031622776601683794,1722.0788167538635,10.0097365755519,0.9999999999999999
"(4, 5, 6, 7)",4,-1,0.1,0.0005623413251903491,1722.0788167585526,10.009731237300667,1.0
"(4, 5, 6, 7)",4,-1,0.1,0.001,1722.0788167733824,10.009721744500764,1.0
"(4, 5, 6, 7)",4,-1,0.1,0.0017782794100389228,1722.07881682028,10.009704863973749,0.9999999999999998
"(4, 5, 6, 7)",4,-1,0.1,0.0031622776601683794,1722.0788169685802,10.00967484670358,1.0
"(4, 5, 6, 7)",4,-1,0.1,0.005623413251903491,1722.0788174375173,10.00962147084628,1.0
"(4, 5, 6, 7)",4,-1,0.1,0.01,1722.0788189202697,10.009526563890686,0.9999999999999999
"(4, 5, 6, 7)",4,-1,0.1,0.01778279410038923,1722.0788236082342,10.009357825156469,1.0
"(4, 5, 6, 7)",4,-1,0.1,0.03162277660168379,1722.078838427719,10.009057862801923,1.0
"(4, 5, 6, 7)",4,-1,0.1,0.05623413251903491,1722.0788852619428,10.008524769080076,1.0
"(4, 5, 6, 7)",4,-1,0.1,0.1,1722.079033201209,10.007577800143375,1.0
"(4, 5, 6, 7)",4,-1,0.1,0.1778279410038923,1722.0795001083131,10.005897045299163,1.0
"(4, 5, 6, 7)",4,-1,0.1,0.31622776601683794,1722.0809714564323,10.002918338151144,0.9999999999999999
"(4, 5, 6, 7)",4,-1,0.1,0.5623413251903491,1722.0855955565671,9.997653223555098,1.0
"(4, 5, 6, 7)",4,-1,0.1,1.0,1722.1000588022102,9.988389898817156,1.0
"(4, 5, 6, 7)",4,-1,0.1,1.7782794100389228,1722.144918653001,9.972225086007706,0.9999999999999999
"(4, 5, 6, 7)",4,-1,0.1,3.1622776601683795,1722.2820352896185,9.944416979867293,1.0
"(4, 5, 6, 7)",4,-1,0.1,5.623413251903491,1722.690723390611,9.897739893791849,1.0
"(4, 5, 6, 7)",4,-1,0.1,10.0,1723.8585417061443,9.82255414933956,1.0
"(4, 5, 6, 7)",4,-1,0.1,17.78279410038923,1726.976984460318,9.709220715494544,1.0000000000000002
"(4, 5, 6, 7)",4,-1,0.1,31.622776601683793,1734.501222279638,9.554588100746585,1.0
"(4, 5, 6, 7)",4,-1,0.1,56.23413251903491,1750.3594689598135,9.370023230734642,1.0
"(4, 5, 6, 7)",4,-1,0.1,100.0,1779.1706813777143,9.180161215078435,1.0
"(4, 5, 6, 7)",4,-1,0.1,177.82794100389228,1825.919956515549,9.006256056463874,0.9999999999999999
"(4, 5, 6, 7)",4,-1,0.1,316.22776601683796,1899.429629556826,8.852541248436845,1.0
"(4, 5, 6, 7)",4,-1,0.1,562.341325190349,2017.9026770175321,8.713409439878129,1.0
"(4, 5, 6, 7)",4,-1,0.1,1000.0,2209.6497880556567,8.586667266540665,1.0
"(4, 5, 6, 7)",4,-1,0.1,1778.2794100389228,2508.306571930468,8.475383218109407,1.0
"(4, 5, 6, 7)",4,-1,0.1,3162.2776601683795,2949.396435418516,8.382728874476651,0.9999999999999999
"(4, 5, 6, 7)",4,-1,0.1,5623.413251903491,3572.581658202256,8.308985140343907,1.0
"(4, 5, 6, 7)",4,-1,0.1,10000.0,4428.522977234766,8.251970469805652,1.0000000000000002
"(4, 5, 6, 7)",4,-1,0.1,17782.794100389227,5586.775832717847,8.208563425617406,0.9999999999999998
"(4, 5, 6, 7)",4,-1,0.1,31622.776601683792,7142.801674304771,8.17576315515174,0.9999999999999998
"(4, 5, 6, 7)",4,-1,0.1,56234.13251903491,9225.780733261554,8.151068812233342,1.0
"(4, 5, 6, 7)",4,-1,0.1,100000.0,12009.137750721227,8.132511788293778,1.0
"(4, 5, 6, 7)",4,-1,0.1,177827.94100389228,15724.870452531508,8.118580279982584,1.0
"(4, 5, 6, 7)",4,-1,0.1,316227.7660168379,20682.830624105405,8.108126711277354,0.9999999999999999
"(4, 5, 6, 7)",4,-1,0.1,562341.3251903491,27296.531686403534,8.100285000715026,1.0
"(4, 5, 6, 7)",4,-1,0.1,1000000.0,36117.6134328135,8.09440344908999,1.0
"(4, 5, 6, 7)",4,-1,1,0.0,52.80024621681371,3.1050943426726656,0.9999999999999999
"(4, 5, 6, 7)",4,-1,1,0.0001,52.80024621757787,3.1050867003240854,0.9999999999999998
"(4, 5, 6, 7)",4,-1,1,0.00017782794100389227,52.80024621923035,3.1050807526258795,1.0
"(4, 5, 6, 7)",4,-1,1,0.00031622776601683794,52.80024622445565,3.105070176354954,1.0
"(4, 5, 6, 7)",4,-1,1,0.0005623413251903491,52.80024624097819,3.1050513700497264,1.0
"(4, 5, 6, 7)",4,-1,1,0.001,52.800246293220795,3.105017931166991,1.0
"(4, 5, 6, 7)",4,-1,1,0.0017782794100389228,52.800246458390404,3.1049584800811765,1.0
"(4, 5, 6, 7)",4,-1,1,0.0031622776601683794,52.800246980500845,3.104852799236604,0.9999999999999998
"(4, 5, 6, 7)",4,-1,1,0.005623413251903491,52.800248630425536,3.104664994912674,1.0
"(4, 5, 6, 7)",4,-1,1,0.01,52.800253841580385,3.104331423410497,0.9999999999999999
"(4, 5, 6, 7)",4,-1,1,0.01778279410038923,52.80027028500074,3.103739492418595,1.0
"(4, 5, 6, 7)",4,-1,1,0.03162277660168379,52.80032208386436,3.102690815669043,1.0
"(4, 5, 6, 7)",4,-1,1,0.05623413251903491,52.800484772128534,3.100838338894077,1.0
"(4, 5, 6, 7)",4,-1,1,0.1,52.8009930650467,3.09758264974035,1.0
"(4, 5, 6, 7)",4,-1,1,0.1778279410038923,52.80256661770874,3.091911887177568,0.9999999999999999
"(4, 5, 6, 7)",4,-1,1,0.31622776601683794,52.80736105351538,3.082186726533729,1.0
"(4, 5, 6, 7)",4,-1,1,0.5623413251903491,52.821579682918355,3.065942825970824,1.0
"(4, 5, 6, 7)",4,-1,1,1.0,52.861915805736864,3.0399639345681386,0.9999999999999999
"(4, 5, 6, 7)",4,-1,1,1.7782794100389228,52.968694157829916,3.0011415825702676,0.9999999999999999
"(4, 5, 6, 7)",4,-1,1,3.1622776601683795,53.22458798608717,2.9485409483750153,1.0
"(4, 5, 6, 7)",4,-1,1,5.623413251903491,53.7640180691174,2.8857721329624617,1.0
"(4, 5, 6, 7)",4,-1,1,10.0,54.74745499256302,2.820961787080258,0.9999999999999999
"(4, 5, 6, 7)",4,-1,1,17.78279410038923,56.29894701377252,2.763076475601,1.0
"(4, 5, 6, 7)",4,-1,1,31.622776601683793,58.448627861630825,2.717712660944492,1.0
"(4, 5, 6, 7)",4,-1,1,56.23413251903491,61.1210947798971,2.685849681635716,1.0
"(4, 5, 6, 7)",4,-1,1,100.0,64.17043022569432,2.6653313121686875,1.0
"(4, 5, 6, 7)",4,-1,1,177.82794100389228,67.43421087023694,2.6529496835726594,0.9999999999999999
"(4, 5, 6, 7)",4,-1,1,316.22776601683796,70.77935401595711,2.6458020112767757,0.9999999999999999
"(4, 5, 6, 7)",4,-1,1,562.341325190349,74.1311612565975,2.6417722346563175,1.0
"(4, 5, 6, 7)",4,-1,1,1000.0,77.48659367906988,2.639504747691375,0.9999999999999999
"(4, 5, 6, 7)",4,-1,1,1778.2794100389228,80.91568700460054,2.6382035447964434,1.0
"(4, 5, 6, 7)",4,-1,1,3162.2776601683795,84.55773477746988,2.6374280560798904,1.0
"(4, 5, 6, 7)",4,-1,1,5623.413251903491,88.61878041053009,2.6369429691782504,1.0
"(4, 5, 6, 7)",4,-1,1,10000.0,93.37491893257406,2.636624206142975,1.0000000000000002
"(4, 5, 6, 7)",4,-1,1,17782.794100389227,99.18392850676736,2.6364056597619694,1.0
"(4, 5, 6, 7)",4,-1,1,31622.776601683792,106.5067167615835,2.6362509324870276,1.0
"(4, 5, 6, 7)",4,-1,1,56234.13251903491,115.94001506049175,2.636138939630119,1.0
"(4, 5, 6, 7)",4,-1,1,100000.0,128.26241292028237,2.6360567163202124,1.0
"(4, 5, 6, 7)",4,-1,1,177827.94100389228,144.49694953130057,2.6359958182887415,1.0
"(4, 5, 6, 7)",4,-1,1,316227.7660168379,165.99500370941092,2.635950478042588,0.9999999999999998
"(4, 5, 6, 7)",4,-1,1,562341.3251903491,194.54814191083594,2.635916617430606,1.0
"(4, 5, 6, 7)",4,-1,1,1000000.0,232.5368854691102,2.6358912850243215,1.0
"(4, 5, 6, 7)",4,-1,3,0.0,43.52142760889171,3.6157649953026922,1.0
"(4, 5, 6, 7)",4,-1,3,0.0001,43.521427612680434,3.615727107244366,1.0
"(4, 5, 6, 7)",4,-1,3,0.00017782794100389227,43.52142762087243,3.6156976214960266,1.0
"(4, 5, 6, 7)",4,-1,3,0.00031622776601683794,43.52142764677577,3.615645191374518,1.0
"(4, 5, 6, 7)",4,-1,3,0.0005623413251903491,43.521427728678376,3.6155519679132655,1.0
"(4, 5, 6, 7)",4,-1,3,0.001,43.52142798761675,3.6153862283130236,1.0
"(4, 5, 6, 7)",4,-1,3,0.0017782794100389228,43.521428806111366,3.615091616350994,1.0
"(4, 5, 6, 7)",4,-1,3,0.0031622776601683794,43.52143139250664,3.61456809109065,1.0
"(4, 5, 6, 7)",4,-1,3,0.005623413251903491,43.52143956067147,3.613638307719932,1.0
"(4, 5, 6, 7)",4,-1,3,0.01,43.521465330470726,3.611988648954236,1.0
"(4, 5, 6, 7)",4,-1,3,0.01778279410038923,43.52154648477818,3.60906691670592,0.9999999999999999
"(4, 5, 6, 7)",4,-1,3,0.03162277660168379,43.52180123835024,3.603908337620619,1.0
"(4, 5, 6, 7)",4,-1,3,0.05623413251903491,43.522596431053074,3.5948504905965963,1.0
"(4, 5, 6, 7)",4,-1,3,0.1,43.52505404360008,3.5790991988502943,1.0
"(4, 5, 6, 7)",4,-1,3,0.1778279410038923,43.53251964147495,3.5521652067900926,1.0
"(4, 5, 6, 7)",4,-1,3,0.31622776601683794,43.55454013018822,3.507414561854742,1.0
"(4, 5, 6, 7)",4,-1,3,0.5623413251903491,43.616396300568475,3.43652779180978,1.0000000000000002
"(4, 5, 6, 7)",4,-1,3,1.0,43.777244965193574,3.332420274755868,0.9999999999999999
"(4, 5, 6, 7)",4,-1,3,1.7782794100389228,44.15071152433377,3.195645583588747,1.0
"(4, 5, 6, 7)",4,-1,3,3.1622776601683795,44.89754455054216,3.0406319323535516,1.0
"(4, 5, 6, 7)",4,-1,3,5.623413251903491,46.15670947419753,2.892430144582167,0.9999999999999999
"(4, 5, 6, 7)",4,-1,3,10.0,47.959072181313594,2.7722626153454604,1.0
"(4, 5, 6, 7)",4,-1,3,17.78279410038923,50.22504361549687,2.686858811077902,1.0
"(4, 5, 6, 7)",4,-1,3,31.622776601683793,52.83419867490639,2.6313718653550415,1.0
"(4, 5, 6, 7)",4,-1,3,56.23413251903491,55.66600086155618,2.597423533293538,1.0
"(4, 5, 6, 7)",4,-1,3,100.0,58.59446124700664,2.577637069477223,1.0
"(4, 5, 6, 7)",4,-1,3,177.82794100389228,61.48477733709449,2.5666308080235956,0.9999999999999999
"(4, 5, 6, 7)",4,-1,3,316.22776601683796,64.21012208411064,2.5607823957464606,0.9999999999999999
"(4, 5, 6, 7)",4,-1,3,562.341325190349,66.67323514370412,2.5578043543360245,1.0
"(4, 5, 6, 7)",4,-1,3,1000.0,68.81783115159263,2.556343848064461,1.0
"(4, 5, 6, 7)",4,-1,3,1778.2794100389228,70.6272467315507,2.555649967809504,0.9999999999999999
"(4, 5, 6, 7)",4,-1,3,3162.2776601683795,72.11513559284008,2.555328757849286,1.0
"(4, 5, 6, 7)",4,-1,3,5623.413251903491,73.31393282166137,2.5551831003605305,1.0
"(4, 5, 6, 7)",4,-1,3,10000.0,74.26478471220253,2.5551180908183997,1.0
"(4, 5, 6, 7)",4,-1,3,17782.794100389227,75.01037975202695,2.555089411966603,0.9999999999999999
"(4, 5, 6, 7)",4,-1,3,31622.776601683792,75.59065907762293,2.5550768571805276,1.0000000000000002
"(4, 5, 6, 7)",4,-1,3,56234.13251903491,76.04075489625154,2.5550713806784375,1.0
"(4, 5, 6, 7)",4,-1,3,100000.0,76.39040851037201,2.55506898873002,1.0
"(4, 5, 6, 7)",4,-1,3,177827.94100389228,76.66424258581075,2.555067935842197,1.0
"(4, 5, 6, 7)",4,-1,3,316227.7660168379,76.88247527203407,2.555067464446757,1.0
"(4, 5, 6, 7)",4,-1,3,562341.3251903491,77.06178532526582,2.5550672469520825,1.0
"(4, 5, 6, 7)",4,-1,3,1000000.0,77.21616729205475,2.555067141773611,1.0
"(4, 5, 6, 7)",4,0,0.1,0.0,4473.863284643779,31.01131886210415,1.0
"(4, 5, 6, 7)",4,0,0.1,0.0001,4473.863284644589,31.011310776075934,0.9999999999999998
"(4, 5, 6, 7)",4,0,0.1,0.00017782794100389227,4473.863284646334,31.01130448290517,0.9999999999999998
"(4, 5, 6, 7)",4,0,0.1,0.00031622776601683794,4473.863284651862,31.011293291926805,1.0
"(4, 5, 6, 7)",4,0,0.1,0.0005623413251903491,4473.863284669347,31.01127339135937,1.0
"(4, 5, 6, 7)",4,0,0.1,0.001,4473.8632847246345,31.011238002966223,1.0
"(4, 5, 6, 7)",4,0,0.1,0.0017782794100389228,4473.863284899462,31.011175073704567,1.0
"(4, 5, 6, 7)",4,0,0.1,0.0031622776601683794,4473.863285452314,31.011063171656616,1.0
"(4, 5, 6, 7)",4,0,0.1,0.005623413251903491,4473.863287200483,31.010864190445165,1.0
"(4, 5, 6, 7)",4,0,0.1,0.01,4473.863292728083,31.01051038386926,1.0
"(4, 5, 6, 7)",4,0,0.1,0.01778279410038923,4473.863310204551,31.009881335844963,0.9999999999999998
"(4, 5, 6, 7)",4,0,0.1,0.03162277660168379,4473.863365451002,31.008763088624868,1.0
"(4, 5, 6, 7)",4,0,0.1,0.05623413251903491,4473.863540048627,31.006775720602977,0.9999999999999998
"(4, 5, 6, 7)",4,0,0.1,0.1,4473.864091573501,31.003245377170607,1.0
"(4, 5, 6, 7)",4,0,0.1,0.1778279410038923,4473.8658322734955,30.99697928017951,1.0
"(4, 5, 6, 7)",4,0,0.1,0.31622776601683794,4473.871317945048,30.985873707846277,1.0
"(4, 5, 6, 7)",4,0,0.1,0.5623413251903491,4473.888559582646,30.96624205060678,1.0
"(4, 5, 6, 7)",4,0,0.1,1.0,4473.942495964302,30.931697528984824,0.9999999999999998
"(4, 5, 6, 7)",4,0,0.1,1.7782794100389228,4474.1098307651855,30.871400953840297,1.0
"(4, 5, 6, 7)",4,0,0.1,3.1622776601683795,4474.621524415494,30.76762891829425,1.0
"(4, 5, 6, 7)",4,0,0.1,5.623413251903491,4476.147779705664,30.593319399503137,1.0
"(4, 5, 6, 7)",4,0,0.1,10.0,4480.51393537798,30.312237711190786,1.0
"(4, 5, 6, 7)",4,0,0.1,17.78279410038923,4492.191046947384,29.887890932927213,1.0
"(4, 5, 6, 7)",4,0,0.1,31.622776601683793,4520.411153605859,29.307969951375455,1.0
"(4, 5, 6, 7)",4,0,0.1,56.23413251903491,4579.894163389812,28.615633533564065,1.0
"(4, 5, 6, 7)",4,0,0.1,100.0,4687.331689838137,27.90726954532084,1.0
"(4, 5, 6, 7)",4,0,0.1,177.82794100389228,4858.157200890882,27.270897515031155,1.0
"(4, 5, 6, 7)",4,0,0.1,316.22776601683796,5115.991850964644,26.73046500089255,1.0
"(4, 5, 6, 7)",4,0,0.1,562.341325190349,5510.208229679775,26.26633115752512,1.0
"(4, 5, 6, 7)",4,0,0.1,1000.0,6117.938656202058,25.86378100362973,1.0
"(4, 5, 6, 7)",4,0,0.1,1778.2794100389228,7029.508589096257,25.52359624933479,1.0
"(4, 5, 6, 7)",4,0,0.1,3162.2776601683795,8342.370131823001,25.247563939729236,0.9999999999999998
"(4, 5, 6, 7)",4,0,0.1,5623.413251903491,10171.615212974304,25.031003242487404,1.0
"(4, 5, 6, 7)",4,0,0.1,10000.0,12667.757319608061,24.864700218293308,1.0
"(4, 5, 6, 7)",4,0,0.1,17782.794100389227,16035.885716290924,24.73846393235486,1.0
"(4, 5, 6, 7)",4,0,0.1,31622.776601683792,20554.946168984643,24.643200433275325,0.9999999999999998
"(4, 5, 6, 7)",4,0,0.1,56234.13251903491,26600.80759254713,24.57152352094727,1.0
"(4, 5, 6, 7)",4,0,0.1,100000.0,34677.20008637096,24.517676563802745,1.0
"(4, 5, 6, 7)",4,0,0.1,177827.94100389228,45457.49717451555,24.47725744232848,1.0
"(4, 5, 6, 7)",4,0,0.1,316227.7660168379,59840.758648114504,24.44693105507009,1.0
"(4, 5, 6, 7)",4,0,0.1,562341.3251903491,79026.64632579779,24.42418269469928,1.0
"(4, 5, 6, 7)",4,0,0.1,1000000.0,104615.39290295719,24.407120971727032,1.0
"(4, 5, 6, 7)",4,0,1,0.0,109.63985282198236,7.400632624405142,1.0
"(4, 5, 6, 7)",4,0,1,0.0001,109.6398528235624,7.400616823091057,1.0
"(4, 5, 6, 7)",4,0,1,0.00017782794100389227,109.63985282697891,7.400604525668979,1.0
"(4, 5, 6, 7)",4,0,1,0.00031622776601683794,109.63985283778247,7.400582658312975,0.9999999999999999
"(4, 5, 6, 7)",4,0,1,0.0005623413251903491,109.63985287194393,7.400543774878652,1.0
"(4, 5, 6, 7)",4,0,1,0.001,109.639852979958,7.400474638230402,1.0
"(4, 5, 6, 7)",4,0,1,0.0017782794100389228,109.63985332144803,7.400351722286485,1.0
"(4, 5, 6, 7)",4,0,1,0.0031622776601683794,109.6398544008797,7.400133232951369,0.9999999999999998
"(4, 5, 6, 7)",4,0,1,0.005623413251903491,109.6398578117933,7.399744980829245,1.0
"(4, 5, 6, 7)",4,0,1,0.01,109.63986858372773,7.399055453532764,1.0
"(4, 5, 6, 7)",4,0,1,0.01778279410038923,109.63990256725587,7.397832099120927,1.0
"(4, 5, 6, 7)",4,0,1,0.03162277660168379,109.64000958313336,7.395665501354908,1.0
"(4, 5, 6, 7)",4,0,1,0.05623413251903491,109.64034549126201,7.39184049247859,1.0
"(4, 5, 6, 7)",4,0,1,0.1,109.64139384955384,7.385125184183301,0.9999999999999998
"(4, 5, 6, 7)",4,0,1,0.1778279410038923,109.64463310191908,7.3734502732369585,1.0
"(4, 5, 6, 7)",4,0,1,0.31622776601683794,109.65446926113782,7.353494380730156,0.9999999999999998
"(4, 5, 6, 7)",4,0,1,0.5623413251903491,109.68346535288842,7.320356489161572,1.0
"(4, 5, 6, 7)",4,0,1,1.0,109.76486325322675,7.267898991730137,1.0
"(4, 5, 6, 7)",4,0,1,1.7782794100389228,109.97649602168156,7.1908726500198155,1.0
"(4, 5, 6, 7)",4,0,1,3.1622776601683795,110.46895618367728,7.089472334620125,1.0
"(4, 5, 6, 7)",4,0,1,5.623413251903491,111.46238448494991,6.973593687402507,1.0
"(4, 5, 6, 7)",4,0,1,10.0,113.17339342716738,6.860503872871067,1.0
"(4, 5, 6, 7)",4,0,1,17.78279410038923,115.7125118818157,6.765496155784897,1.0
"(4, 5, 6, 7)",4,0,1,31.622776601683793,119.03963098232164,6.695111251444389,0.9999999999999998
"(4, 5, 6, 7)",4,0,1,56.23413251903491,122.99121650882167,6.647907136597091,1.0
"(4, 5, 6, 7)",4,0,1,100.0,127.35867300608614,6.618486752059178,1.0
"(4, 5, 6, 7)",4,0,1,177.82794100389228,131.98566333566083,6.600936452041301,1.0
"(4, 5, 6, 7)",4,0,1,316.22776601683796,136.82912851108208,6.590606458839676,1.0
"(4, 5, 6, 7)",4,0,1,562.341325190349,141.9740825748743,6.58444346459951,1.0
"(4, 5, 6, 7)",4,0,1,1000.0,147.62844597120394,6.5806419740334725,1.0
"(4, 5, 6, 7)",4,0,1,1778.2794100389228,154.11811027760467,6.578193668965903,1.0
"(4, 5, 6, 7)",4,0,1,3162.2776601683795,161.89203083260477,6.576547589139315,1.0
"(4, 5, 6, 7)",4,0,1,5623.413251903491,171.54182329432123,6.575400275986459,1.0
"(4, 5, 6, 7)",4,0,1,10000.0,183.8382150138931,6.574579000716682,1.0
"(4, 5, 6, 7)",4,0,1,17782.794100389227,199.7866676631993,6.57398040377241,1.0
"(4, 5, 6, 7)",4,0,1,31622.776601683792,220.70569436858415,6.57353906257224,1.0
"(4, 5, 6, 7)",4,0,1,56234.13251903491,248.33340250668934,6.573211368745848,1.0
"(4, 5, 6, 7)",4,0,1,100000.0,284.9704074021436,6.572967037232823,1.0
"(4, 5, 6, 7)",4,0,1,177827.94100389228,333.6704550323741,6.572784415253922,1.0
"(4, 5, 6, 7)",4,0,1,316227.7660168379,398.49436090225316,6.572647724047436,1.0
"(4, 5, 6, 7)",4,0,1,562341.3251903491,484.84808529055573,6.5725453285700155,1.0
"(4, 5, 6, 7)",4,0,1,1000000.0,599.9329066843729,6.57246858865436,1.0
"(4, 5, 6, 7)",4,0,3,0.0,79.26033216784667,8.81588785674641,1.0
"(4, 5, 6, 7)",4,0,3,0.0001,79.26033217819263,8.815784396377648,1.0
"(4, 5, 6, 7)",4,0,3,0.00017782794100389227,79.26033220056223,8.815703880457537,1.0
"(4, 5, 6, 7)",4,0,3,0.00031622776601683794,79.26033227129513,8.815560711796172,1.0
"(4, 5, 6, 7)",4,0,3,0.0005623413251903491,79.26033249494063,8.815306153141474,1.0
"(4, 5, 6, 7)",4,0,3,0.001,79.26033320199126,8.81485358809699,0.9999999999999999
"(4, 5, 6, 7)",4,0,3,0.0017782794100389228,79.26033543687807,8.814049153003419,1.0
"(4, 5, 6, 7)",4,0,3,0.0031622776601683794,79.26034249857308,8.812619754797314,1.0
"(4, 5, 6, 7)",4,0,3,0.005623413251903491,79.26036479795918,8.810081396814105,1.0
"(4, 5, 6, 7)",4,0,3,0.01,79.26043513731362,8.805578560111176,1.0
"(4, 5, 6, 7)",4,0,3,0.01778279410038923,79.26065657681619,8.797606100712239,1.0
"(4, 5, 6, 7)",4,0,3,0.03162277660168379,79.2613512957776,8.783538054464886,1.0
"(4, 5, 6, 7)",4,0,3,0.05623413251903491,79.26351756229718,8.758861153626855,1.0
"(4, 5, 6, 7)",4,0,3,0.1,79.27020045577294,8.716024741772806,1.0
"(4, 5, 6, 7)",4,0,3,0.1778279410038923,79.29043746482843,8.643001380512274,1.0
"(4, 5, 6, 7)",4,0,3,0.31622776601683794,79.34980779177656,8.522309830557353,1.0
"(4, 5, 6, 7)",4,0,3,0.5623413251903491,79.51509304733233,8.332796522029255,1.0
"(4, 5, 6, 7)",4,0,3,1.0,79.93877556570412,8.0583485842632,1.0
"(4, 5, 6, 7)",4,0,3,1.7782794100389228,80.90122023106841,7.705436533108075,1.0
"(4, 5, 6, 7)",4,0,3,3.1622776601683795,82.76543177973176,7.317802824041159,1.0
"(4, 5, 6, 7)",4,0,3,5.623413251903491,85.76898963018988,6.963381172685485,0.9999999999999998
"(4, 5, 6, 7)",4,0,3,10.0,89.80180165779024,6.6935367673972745,1.0
"(4, 5, 6, 7)",4,0,3,17.78279410038923,94.44981520852458,6.517524216449285,1.0
"(4, 5, 6, 7)",4,0,3,31.622776601683793,99.25211540705672,6.414825198814407,1.0
"(4, 5, 6, 7)",4,0,3,56.23413251903491,103.87171430332235,6.35911789045839,1.0
"(4, 5, 6, 7)",4,0,3,100.0,108.10481981602213,6.330355230208942,0.9999999999999998
"(4, 5, 6, 7)",4,0,3,177.82794100389228,111.84069292259612,6.316057433673916,1.0
"(4, 5, 6, 7)",4,0,3,316.22776601683796,115.03494562417255,6.309173285955889,1.0
"(4, 5, 6, 7)",4,0,3,562.341325190349,117.69350277073542,6.305947510416696,1.0
"(4, 5, 6, 7)",4,0,3,1000.0,119.85739034341722,6.304469646098034,1.0
"(4, 5, 6, 7)",4,0,3,1778.2794100389228,121.5875709006748,6.303804660106797,1.0
"(4, 5, 6, 7)",4,0,3,3162.2776601683795,122.9523151829298,6.3035095326843305,1.0
"(4, 5, 6, 7)",4,0,3,5623.413251903491,124.01851764292334,6.303379828198905,1.0
"(4, 5, 6, 7)",4,0,3,10000.0,124.84679651316485,6.30332315661779,1.0
"(4, 5, 6, 7)",4,0,3,17782.794100389227,125.48945528418054,6.303298431182107,0.9999999999999998
"(4, 5, 6, 7)",4,0,3,31622.776601683792,125.9902795088072,6.3032875996012,1.0
"(4, 5, 6, 7)",4,0,3,56234.13251903491,126.38535427605817,6.303282798460055,1.0
"(4, 5, 6, 7)",4,0,3,100000.0,126.70435906892511,6.3032806214383585,1.0
"(4, 5, 6, 7)",4,0,3,177827.94100389228,126.97201014894871,6.303279596336939,1.0
"(4, 5, 6, 7)",4,0,3,316227.7660168379,127.20955546917087,6.30327908620095,1.0
"(4, 5, 6, 7)",4,0,3,562341.3251903491,127.43605716901911,6.3032788133008495,1.0
"(4, 5, 6, 7)",4,0,3,1000000.0,127.66960129342493,6.3032786549651165,1.0
"(4, 5, 6, 7)",4,1,0.1,0.0,1222.2578582751376,9.382443165117438,1.0
"(4, 5, 6, 7)",4,1,0.1,0.0001,1222.2578582751914,9.38244262466909,0.9999999999999999
"(4, 5, 6, 7)",4,1,0.1,0.00017782794100389227,1222.2578582753083,9.382442204050456,0.9999999999999999
"(4, 5, 6, 7)",4,1,0.1,0.00031622776601683794,1222.257858275678,9.382441456075302,0.9999999999999999
"(4, 5, 6, 7)",4,1,0.1,0.0005623413251903491,1222.257858276846,9.38244012597363,1.0
"(4, 5, 6, 7)",4,1,0.1,0.001,1222.2578582805418,9.38243776070385,1.0000000000000002
"(4, 5, 6, 7)",4,1,0.1,0.0017782794100389228,1222.2578582922263,9.382433554664878,0.9999999999999999
"(4, 5, 6, 7)",4,1,0.1,0.0031622776601683794,1222.2578583291756,9.382426075378907,1.0
"(4, 5, 6, 7)",4,1,0.1,0.005623413251903491,1222.2578584460168,9.382412775834965,1.0
"(4, 5, 6, 7)",4,1,0.1,0.01,1222.2578588154738,9.382389127794672,1.0
"(4, 5, 6, 7)",4,1,0.1,0.01778279410038923,1222.2578599835983,9.382347082131718,1.0
"(4, 5, 6, 7)",4,1,0.1,0.03162277660168379,1222.2578636763997,9.382272335826876,1.0
"(4, 5, 6, 7)",4,1,0.1,0.05623413251903491,1222.257875347637,9.38213948752091,1.0
"(4, 5, 6, 7)",4,1,0.1,0.1,1222.2579122191728,9.38190347191097,1.0
"(4, 5, 6, 7)",4,1,0.1,0.1778279410038923,1222.2580286142745,9.381484482373708,0.9999999999999998
"(4, 5, 6, 7)",4,1,0.1,0.31622776601683794,1222.2583955518862,9.380741643492735,1.0
"(4, 5, 6, 7)",4,1,0.1,0.5623413251903491,1222.2595495755531,9.37942769859081,1.0
"(4, 5, 6, 7)",4,1,0.1,1.0,1222.2631638234152,9.377113046078941,0.9999999999999999
"(4, 5, 6, 7)",4,1,0.1,1.7782794100389228,1222.274400863311,9.373064464831472,1.0
"(4, 5, 6, 7)",4,1,0.1,3.1622776601683795,1222.30890343791,9.36606903565909,1.0000000000000002
"(4, 5, 6, 7)",4,1,0.1,5.623413251903491,1222.4126530115473,9.354225986253073,1.0000000000000002
"(4, 5, 6, 7)",4,1,0.1,10.0,1222.7144433391936,9.334817853131762,1.0
"(4, 5, 6, 7)",4,1,0.1,17.78279410038923,1223.5505705381163,9.304501036460294,1.0
"(4, 5, 6, 7)",4,1,0.1,31.622776601683793,1225.7261935600425,9.26000057545516,0.9999999999999999
"(4, 5, 6, 7)",4,1,0.1,56.23413251903491,1231.0201598757617,9.198920793401376,1.0
"(4, 5, 6, 7)",4,1,0.1,100.0,1243.15738248898,9.11996713827889,1.0
"(4, 5, 6, 7)",4,1,0.1,177.82794100389228,1269.4559696727092,9.023488576571273,0.9999999999999999
"(4, 5, 6, 7)",4,1,0.1,316.22776601683796,1322.4453400856985,8.913734523304086,1.0
"(4, 5, 6, 7)",4,1,0.1,562.341325190349,1419.6611482301394,8.79995967407485,1.0
"(4, 5, 6, 7)",4,1,0.1,1000.0,1581.1930268213857,8.693160240915441,1.0
"(4, 5, 6, 7)",4,1,0.1,1778.2794100389228,1827.3705695670521,8.601294053256899,1.0
"(4, 5, 6, 7)",4,1,0.1,3162.2776601683795,2179.869116484296,8.527146672196611,1.0
"(4, 5, 6, 7)",4,1,0.1,5623.413251903491,2666.522306861031,8.469510105467505,0.9999999999999999
"(4, 5, 6, 7)",4,1,0.1,10000.0,3326.363793438657,8.425538618707636,1.0
"(4, 5, 6, 7)",4,1,0.1,17782.794100389227,4213.515666130739,8.39228428260708,1.0
"(4, 5, 6, 7)",4,1,0.1,31622.776601683792,5401.491242001513,8.367239583941906,1.0
"(4, 5, 6, 7)",4,1,0.1,56234.13251903491,6989.124274026428,8.348416632006595,1.0
"(4, 5, 6, 7)",4,1,0.1,100000.0,9108.705496244536,8.334284654753022,0.9999999999999999
"(4, 5, 6, 7)",4,1,0.1,177827.94100389228,11936.962177697345,8.323680406136834,1.0
"(4, 5, 6, 7)",4,1,0.1,316227.7660168379,15709.770026058019,8.315725583307982,1.0
"(4, 5, 6, 7)",4,1,0.1,562341.3251903491,20741.80930610145,8.30975917084862,0.9999999999999999
"(4, 5, 6, 7)",4,1,0.1,1000000.0,27452.785548665233,8.305284510255339,1.0
"(4, 5, 6, 7)",4,1,1,0.0,60.603905789531616,3.1276222738906276,1.0
"(4, 5, 6, 7)",4,1,1,0.0001,60.60390579013531,3.1276162374450616,1.0
"(4, 5, 6, 7)",4,1,1,0.00017782794100389227,60.603905791440475,3.127611539557391,1.0
"(4, 5, 6, 7)",4,1,1,0.00031622776601683794,60.603905795567705,3.1276031857325965,1.0
"(4, 5, 6, 7)",4,1,1,0.0005623413251903491,60.60390580861831,3.127588331348213,1.0
"(4, 5, 6, 7)",4,1,1,0.001,60.603905849882466,3.1275619194229516,1.0
"(4, 5, 6, 7)",4,1,1,0.0017782794100389228,60.603905980341246,3.127514962138027,0.9999999999999999
"(4, 5, 6, 7)",4,1,1,0.0031622776601683794,60.60390639271989,3.127431492146306,1.0
"(4, 5, 6, 7)",4,1,1,0.005623413251903491,60.603907695830216,3.127283164016128,1.0
"(4, 5, 6, 7)",4,1,1,0.01,60.603911811320145,3.1270197261719286,1.0
"(4, 5, 6, 7)",4,1,1,0.01778279410038923,60.6039247958846,3.126552303984299,1.0
"(4, 5, 6, 7)",4,1,1,0.03162277660168379,60.603965690176416,3.1257243818740834,1.0
"(4, 5, 6, 7)",4,1,1,0.05623413251903491,60.60409408116975,3.124262404532271,0.9999999999999999
"(4, 5, 6, 7)",4,1,1,0.1,60.60449495078208,3.1216946777544945,1.0000000000000002
"(4, 5, 6, 7)",4,1,1,0.1778279410038923,60.6057345009191,3.1172272901854536,1.0000000000000002
"(4, 5, 6, 7)",4,1,1,0.31622776601683794,60.609503665930475,3.1095809259358123,1.0
"(4, 5, 6, 7)",4,1,1,0.5623413251903491,60.62064367214281,3.096851673331489,1.0
"(4, 5, 6, 7)",4,1,1,1.0,60.65207159050887,3.0766038594257465,1.0
"(4, 5, 6, 7)",4,1,1,1.7782794100389228,60.7345724225752,3.0465944745141176,1.0
"(4, 5, 6, 7)",4,1,1,3.1622776601683795,60.93008472338712,3.006382534853659,1.0
"(4, 5, 6, 7)",4,1,1,5.623413251903491,61.33745527184914,2.9589563559913596,1.0
"(4, 5, 6, 7)",4,1,1,10.0,62.075343530364556,2.910323314131561,1.0000000000000002
"(4, 5, 6, 7)",4,1,1,17.78279410038923,63.24534641996144,2.8666953289222135,1.0
"(4, 5, 6, 7)",4,1,1,31.622776601683793,64.89543685396453,2.8319118637003506,1.0
"(4, 5, 6, 7)",4,1,1,56.23413251903491,66.99796449893597,2.8068747968699435,1.0
"(4, 5, 6, 7)",4,1,1,100.0,69.4546647612056,2.790361200957887,1.0
"(4, 5, 6, 7)",4,1,1,177.82794100389228,72.13240334872941,2.78021010830209,1.0
"(4, 5, 6, 7)",4,1,1,316.22776601683796,74.91013865383258,2.774277505810832,1.0
"(4, 5, 6, 7)",4,1,1,562.341325190349,77.71402327889804,2.7709073881881285,1.0
"(4, 5, 6, 7)",4,1,1,1000.0,80.53336136629075,2.7690024838707323,1.0
"(4, 5, 6, 7)",4,1,1,1778.2794100389228,83.4224047150973,2.7679063204596606,1.0
"(4, 5, 6, 7)",4,1,1,3162.2776601683795,86.49630808394285,2.7672518505015726,1.0
"(4, 5, 6, 7)",4,1,1,5623.413251903491,89.9280977761227,2.7668419479349367,0.9999999999999999
"(4, 5, 6, 7)",4,1,1,10000.0,93.95084267207926,2.7665723475511492,1.0
"(4, 5, 6, 7)",4,1,1,17782.794100389227,98.8671555304767,2.7663873906490632,1.0
"(4, 5, 6, 7)",4,1,1,31622.776601683792,105.0671916768026,2.7662563886975824,1.0
"(4, 5, 6, 7)",4,1,1,56234.13251903491,113.05626682945469,2.7661615426270156,1.0
"(4, 5, 6, 7)",4,1,1,100000.0,123.49383250985677,2.7660918965222874,0.9999999999999999
"(4, 5, 6, 7)",4,1,1,177827.94100389228,137.24647466129323,2.766040308489832,0.9999999999999999
"(4, 5, 6, 7)",4,1,1,316227.7660168379,155.45899119949556,2.766001897506269,1.0000000000000002
"(4, 5, 6, 7)",4,1,1,562341.3251903491,179.649084801365,2.765973210699167,1.0
"(4, 5, 6, 7)",4,1,1,1000000.0,211.8333687111626,2.7659517485060987,0.9999999999999999
"(4, 5, 6, 7)",4,1,3,0.0,53.757110434471265,3.427691606056717,0.9999999999999999
"(4, 5, 6, 7)",4,1,3,0.0001,53.75711043737047,3.42766261424497,1.0
"(4, 5, 6, 7)",4,1,3,0.00017782794100389227,53.75711044363885,3.427640051986091,1.0
"(4, 5, 6, 7)",4,1,3,0.00031622776601683794,53.757110463459725,3.427599933165966,1.0
"(4, 5, 6, 7)",4,1,3,0.0005623413251903491,53.75711052612962,3.4275286007494525,1.0
"(4, 5, 6, 7)",4,1,3,0.001,53.75711072425836,3.4274017835703465,0.9999999999999998
"(4, 5, 6, 7)",4,1,3,0.0017782794100389228,53.75711135051006,3.4271763676645466,1.0
"(4, 5, 6, 7)",4,1,3,0.0031622776601683794,53.75711332928258,3.426775832634394,1.0000000000000002
"(4, 5, 6, 7)",4,1,3,0.005623413251903491,53.757119577676164,3.426064571631764,1.0
"(4, 5, 6, 7)",4,1,3,0.01,53.75713928617598,3.42480291097387,1.0
"(4, 5, 6, 7)",4,1,3,0.01778279410038923,53.75720132654977,3.422569268257437,1.0
"(4, 5, 6, 7)",4,1,3,0.03162277660168379,53.75739593658308,3.4186283853654853,0.9999999999999998
"(4, 5, 6, 7)",4,1,3,0.05623413251903491,53.75800261326418,3.4117173607875393,1.0
"(4, 5, 6, 7)",4,1,3,0.1,53.75987337620438,3.3997257279204685,1.0
"(4, 5, 6, 7)",4,1,3,0.1778279410038923,53.76553417634858,3.3792983914416697,1.0
"(4, 5, 6, 7)",4,1,3,0.31622776601683794,53.7821216245202,3.345576167436196,1.0000000000000002
"(4, 5, 6, 7)",4,1,3,0.5623413251903491,53.82821861484302,3.2927170981921927,0.9999999999999999
"(4, 5, 6, 7)",4,1,3,1.0,53.9461274847231,3.216331886597592,1.0
"(4, 5, 6, 7)",4,1,3,1.7782794100389228,54.21366367705342,3.118231430436395,0.9999999999999999
"(4, 5, 6, 7)",4,1,3,3.1622776601683795,54.73407721557711,3.0100661725174773,1.0
"(4, 5, 6, 7)",4,1,3,5.623413251903491,55.5894162465101,2.9092900434557314,1.0
"(4, 5, 6, 7)",4,1,3,10.0,56.79969392664608,2.82859394181578,0.9999999999999998
"(4, 5, 6, 7)",4,1,3,17.78279410038923,58.34149641358406,2.7705570542830493,1.0
"(4, 5, 6, 7)",4,1,3,31.622776601683793,60.18309664933188,2.7314761494224857,1.0
"(4, 5, 6, 7)",4,1,3,56.23413251903491,62.275142407640104,2.7064500812705763,0.9999999999999998
"(4, 5, 6, 7)",4,1,3,100.0,64.52725400577302,2.691258906355319,0.9999999999999999
"(4, 5, 6, 7)",4,1,3,177.82794100389228,66.81563594555851,2.6825546226748638,1.0
"(4, 5, 6, 7)",4,1,3,316.22776601683796,69.01458267321736,2.6778391454068178,1.0
"(4, 5, 6, 7)",4,1,3,562.341325190349,71.02513470447285,2.675409301340483,1.0
"(4, 5, 6, 7)",4,1,3,1000.0,72.78784818102659,2.674209162585406,1.0
"(4, 5, 6, 7)",4,1,3,1778.2794100389228,74.28117476447598,2.6736365818268073,1.0
"(4, 5, 6, 7)",4,1,3,3162.2776601683795,75.51219232962507,2.673370850462639,1.0
"(4, 5, 6, 7)",4,1,3,5623.413251903491,76.50564195142641,2.6732501511814064,1.0
"(4, 5, 6, 7)",4,1,3,10000.0,77.29463333312255,2.6731962111911125,1.0000000000000002
"(4, 5, 6, 7)",4,1,3,17782.794100389227,77.91415079304147,2.6731723835345393,0.9999999999999999
"(4, 5, 6, 7)",4,1,3,31622.776601683792,78.39720713654606,2.673161933361411,0.9999999999999998
"(4, 5, 6, 7)",4,1,3,56234.13251903491,78.77299488003628,2.673157361764569,1.0
"(4, 5, 6, 7)",4,1,3,100000.0,79.06634783952674,2.673155355544637,1.0
"(4, 5, 6, 7)",4,1,3,177827.94100389228,79.2979463971814,2.673154465440009,0.9999999999999999
"(4, 5, 6, 7)",4,1,3,316227.7660168379,79.48492523590971,2.6731540618473137,1.0
"(4, 5, 6, 7)",4,1,3,562341.3251903491,79.64160362839593,2.6731538719845287,1.0
"(4, 5, 6, 7)",4,1,3,1000000.0,79.78021664693054,2.67315377759952,0.9999999999999999
"(4, 5, 6, 8)",4,-1,0.1,0.0,1722.078816751695,10.009743434654963,1.0
"(4, 5, 6, 8)",4,-1,0.1,0.0001,1722.0788167519113,10.009741265608632,1.0
"(4, 5, 6, 8)",4,-1,0.1,0.00017782794100389227,1722.0788167523806,10.009739577489379,1.0
"(4, 5, 6, 8)",4,-1,0.1,0.00031622776601683794,1722.0788167538642,10.009736575551903,1.0
"(4, 5, 6, 8)",4,-1,0.1,0.0005623413251903491,1722.0788167585526,10.009731237300668,1.0
"(4, 5, 6, 8)",4,-1,0.1,0.001,1722.0788167733824,10.009721744500759,0.9999999999999999
"(4, 5, 6, 8)",4,-1,0.1,0.0017782794100389228,1722.07881682028,10.009704863973747,0.9999999999999998
"(4, 5, 6, 8)",4,-1,0.1,0.0031622776601683794,1722.0788169685802,10.009674846703586,1.0
"(4, 5, 6, 8)",4,-1,0.1,0.005623413251903491,1722.0788174375161,10.009621470846273,0.9999999999999998
"(4, 5, 6, 8)",4,-1,0.1,0.01,1722.0788189202697,10.009526563890688,0.9999999999999999
"(4, 5, 6, 8)",4,-1,0.1,0.01778279410038923,1722.078823608234,10.009357825156462,1.0
"(4, 5, 6, 8)",4,-1,0.1,0.03162277660168379,1722.0788384277198,10.009057862801921,1.0000000000000002
"(4, 5, 6, 8)",4,-1,0.1,0.05623413251903491,1722.0788852619426,10.008524769080074,0.9999999999999999
"(4, 5, 6, 8)",4,-1,0.1,0.1,1722.079033201208,10.007577800143373,1.0
"(4, 5, 6, 8)",4,-1,0.1,0.1778279410038923,1722.079500108311,10.00589704529916,0.9999999999999999
"(4, 5, 6, 8)",4,-1,0.1,0.31622776601683794,1722.0809714564346,10.002918338151153,1.0
"(4, 5, 6, 8)",4,-1,0.1,0.5623413251903491,1722.0855955565671,9.997653223555094,1.0
"(4, 5, 6, 8)",4,-1,0.1,1.0,1722.1000588022089,9.988389898817152,0.9999999999999998
"(4, 5, 6, 8)",4,-1,0.1,1.7782794100389228,1722.144918653002,9.972225086007711,1.0
"(4, 5, 6, 8)",4,-1,0.1,3.1622776601683795,1722.2820352896185,9.94441697986729,1.0
"(4, 5, 6, 8)",4,-1,0.1,5.623413251903491,1722.6907233906104,9.897739893791847,1.0
"(4, 5, 6, 8)",4,-1,0.1,10.0,1723.8585417061436,9.822554149339553,1.0
"(4, 5, 6, 8)",4,-1,0.1,17.78279410038923,1726.9769844603177,9.70922071549455,1.0
"(4, 5, 6, 8)",4,-1,0.1,31.622776601683793,1734.5012222796381,9.554588100746585,1.0
"(4, 5, 6, 8)",4,-1,0.1,56.23413251903491,1750.3594689598153,9.370023230734645,1.0
"(4, 5, 6, 8)",4,-1,0.1,100.0,1779.1706813777143,9.18016121507843,1.0
"(4, 5, 6, 8)",4,-1,0.1,177.82794100389228,1825.9199565155475,9.006256056463874,1.0
"(4, 5, 6, 8)",4,-1,0.1,316.22776601683796,1899.4296295568276,8.852541248436845,1.0
"(4, 5, 6, 8)",4,-1,0.1,562.341325190349,2017.9026770175306,8.713409439878129,1.0
"(4, 5, 6, 8)",4,-1,0.1,1000.0,2209.6497880556562,8.58666726654067,1.0
"(4, 5, 6, 8)",4,-1,0.1,1778.2794100389228,2508.3065719304705,8.475383218109407,1.0
"(4, 5, 6, 8)",4,-1,0.1,3162.2776601683795,2949.396435418518,8.382728874476653,0.9999999999999998
"(4, 5, 6, 8)",4,-1,0.1,5623.413251903491,3572.5816582022585,8.308985140343909,1.0
"(4, 5, 6, 8)",4,-1,0.1,10000.0,4428.5229772347575,8.251970469805642,0.9999999999999998
"(4, 5, 6, 8)",4,-1,0.1,17782.794100389227,5586.775832720538,8.208563425617331,0.9999999999999999
"(4, 5, 6, 8)",4,-1,0.1,31622.776601683792,7142.801674606826,8.175763155146967,1.0
"(4, 5, 6, 8)",4,-1,0.1,56234.13251903491,9225.780734723794,8.151068812220345,1.0
"(4, 5, 6, 8)",4,-1,0.1,100000.0,12009.137750291457,8.132511788295934,1.0
"(4, 5, 6, 8)",4,-1,0.1,177827.94100389228,15724.870473066907,8.11858027992484,1.0
"(4, 5, 6, 8)",4,-1,0.1,316227.7660168379,20682.830624015733,8.108126711277539,1.0
"(4, 5, 6, 8)",4,-1,0.1,562341.3251903491,27296.531626998458,8.100285000767942,0.9999999999999998
"(4, 5, 6, 8)",4,-1,0.1,1000000.0,36117.61342368664,8.094403449092962,1.0
"(4, 5, 6, 8)",4,-1,1,0.0,52.8002462168137,3.105094342672667,1.0
"(4, 5, 6, 8)",4,-1,1,0.0001,52.800246217577914,3.1050867003240876,1.0
"(4, 5, 6, 8)",4,-1,1,0.00017782794100389227,52.800246219230345,3.105080752625877,1.0
"(4, 5, 6, 8)",4,-1,1,0.00031622776601683794,52.80024622445563,3.1050701763549498,1.0
"(4, 5, 6, 8)",4,-1,1,0.0005623413251903491,52.80024624097818,3.105051370049727,1.0
"(4, 5, 6, 8)",4,-1,1,0.001,52.80024629322074,3.1050179311669885,1.0
"(4, 5, 6, 8)",4,-1,1,0.0017782794100389228,52.80024645839042,3.104958480081178,1.0
"(4, 5, 6, 8)",4,-1,1,0.0031622776601683794,52.800246980500795,3.1048527992366064,1.0
"(4, 5, 6, 8)",4,-1,1,0.005623413251903491,52.800248630425514,3.104664994912677,1.0
"(4, 5, 6, 8)",4,-1,1,0.01,52.800253841580414,3.1043314234104997,1.0
"(4, 5, 6, 8)",4,-1,1,0.01778279410038923,52.80027028500074,3.103739492418593,1.0000000000000002
"(4, 5, 6, 8)",4,-1,1,0.03162277660168379,52.80032208386431,3.10269081566904,1.0
"(4, 5, 6, 8)",4,-1,1,0.05623413251903491,52.80048477212847,3.1008383388940772,1.0
"(4, 5, 6, 8)",4,-1,1,0.1,52.8009930650467,3.097582649740349,1.0
"(4, 5, 6, 8)",4,-1,1,0.1778279410038923,52.80256661770876,3.091911887177568,1.0
"(4, 5, 6, 8)",4,-1,1,0.31622776601683794,52.80736105351549,3.0821867265337337,1.0
"(4, 5, 6, 8)",4,-1,1,0.5623413251903491,52.821579682918404,3.0659428259708283,1.0
"(4, 5, 6, 8)",4,-1,1,1.0,52.86191580573685,3.0399639345681364,1.0
"(4, 5, 6, 8)",4,-1,1,1.7782794100389228,52.96869415782987,3.0011415825702703,0.9999999999999999
"(4, 5, 6, 8)",4,-1,1,3.1622776601683795,53.22458798608717,2.948540948375017,1.0
"(4, 5, 6, 8)",4,-1,1,5.623413251903491,53.76401806911743,2.8857721329624617,1.0
"(4, 5, 6, 8)",4,-1,1,10.0,54.747454992563014,2.82096178708026,1.0
"(4, 5, 6, 8)",4,-1,1,17.78279410038923,56.29894701377246,2.7630764756009967,0.9999999999999999
"(4, 5, 6, 8)",4,-1,1,31.622776601683793,58.448627861630825,2.7177126609444904,1.0000000000000002
"(4, 5, 6, 8)",4,-1,1,56.23413251903491,61.121094779897064,2.6858496816357156,0.9999999999999999
"(4, 5, 6, 8)",4,-1,1,100.0,64.17043022569436,2.6653313121686875,1.0
"(4, 5, 6, 8)",4,-1,1,177.82794100389228,67.43421087023701,2.6529496835726603,0.9999999999999999
"(4, 5, 6, 8)",4,-1,1,316.22776601683796,70.77935401595717,2.6458020112767793,1.0
"(4, 5, 6, 8)",4,-1,1,562.341325190349,74.13116125659758,2.6417722346563193,1.0
"(4, 5, 6, 8)",4,-1,1,1000.0,77.48659367897781,2.639504747691425,0.9999999999999999
"(4, 5, 6, 8)",4,-1,1,1778.2794100389228,80.91568700428037,2.6382035447965313,1.0
"(4, 5, 6, 8)",4,-1,1,3162.2776601683795,84.55773478294151,2.637428056079025,1.0
"(4, 5, 6, 8)",4,-1,1,5623.413251903491,88.61878038372392,2.6369429691806348,1.0
"(4, 5, 6, 8)",4,-1,1,10000.0,93.37491891069709,2.6366242061440754,1.0
"(4, 5, 6, 8)",4,-1,1,17782.794100389227,99.18392857752175,2.636405659759979,1.0
"(4, 5, 6, 8)",4,-1,1,31622.776601683792,106.50671667663272,2.6362509324883514,1.0
"(4, 5, 6, 8)",4,-1,1,56234.13251903491,115.94001508698693,2.6361389396298867,1.0
"(4, 5, 6, 8)",4,-1,1,100000.0,128.26241295502552,2.6360567163198794,1.0
"(4, 5, 6, 8)",4,-1,1,177827.94100389228,144.4969493759449,2.6359958182884258,1.0
"(4, 5, 6, 8)",4,-1,1,316227.7660168379,165.99500440770828,2.6359504780438807,1.0
"(4, 5, 6, 8)",4,-1,1,562341.3251903491,194.54814040182154,2.6359166174347046,1.0
"(4, 5, 6, 8)",4,-1,1,1000000.0,232.53688902262542,2.6358912850201666,0.9999999999999998
"(4, 5, 6, 8)",4,-1,3,0.0,43.52142760889169,3.6157649953026914,1.0
"(4, 5, 6, 8)",4,-1,3,0.0001,43.52142761268049,3.615727107244369,1.0
"(4, 5, 6, 8)",4,-1,3,0.00017782794100389227,43.52142762087244,3.615697621496026,1.0
"(4, 5, 6, 8)",4,-1,3,0.00031622776601683794,43.52142764677571,3.6156451913745125,1.0
"(4, 5, 6, 8)",4,-1,3,0.0005623413251903491,43.52142772867836,3.615551967913267,1.0
"(4, 5, 6, 8)",4,-1,3,0.001,43.521427987616754,3.6153862283130267,1.0
"(4, 5, 6, 8)",4,-1,3,0.0017782794100389228,43.5214288061114,3.615091616350996,1.0
"(4, 5, 6, 8)",4,-1,3,0.0031622776601683794,43.521431392506656,3.61456809109065,1.0
"(4, 5, 6, 8)",4,-1,3,0.005623413251903491,43.521439560671475,3.6136383077199317,1.0
"(4, 5, 6, 8)",4,-1,3,0.01,43.52146533047068,3.6119886489542337,1.0
"(4, 5, 6, 8)",4,-1,3,0.01778279410038923,43.52154648477823,3.6090669167059244,0.9999999999999999
"(4, 5, 6, 8)",4,-1,3,0.03162277660168379,43.52180123835023,3.60390833762062,1.0
"(4, 5, 6, 8)",4,-1,3,0.05623413251903491,43.52259643105305,3.5948504905965972,1.0
"(4, 5, 6, 8)",4,-1,3,0.1,43.52505404360011,3.579099198850298,1.0
"(4, 5, 6, 8)",4,-1,3,0.1778279410038923,43.53251964147491,3.552165206790091,1.0
"(4, 5, 6, 8)",4,-1,3,0.31622776601683794,43.554540130188236,3.5074145618547394,0.9999999999999999
"(4, 5, 6, 8)",4,-1,3,0.5623413251903491,43.616396300568475,3.4365277918097816,1.0
"(4, 5, 6, 8)",4,-1,3,1.0,43.777244965193596,3.3324202747558713,1.0
"(4, 5, 6, 8)",4,-1,3,1.7782794100389228,44.15071152433376,3.195645583588748,1.0
"(4, 5, 6, 8)",4,-1,3,3.1622776601683795,44.89754455054212,3.040631932353549,0.9999999999999999
"(4, 5, 6, 8)",4,-1,3,5.623413251903491,46.15670947419753,2.8924301445821694,0.9999999999999998
"(4, 5, 6, 8)",4,-1,3,10.0,47.959072181313566,2.772262615345459,1.0
"(4, 5, 6, 8)",4,-1,3,17.78279410038923,50.225043615496816,2.686858811077902,0.9999999999999998
"(4, 5, 6, 8)",4,-1,3,31.622776601683793,52.83419867490636,2.6313718653550406,1.0
"(4, 5, 6, 8)",4,-1,3,56.23413251903491,55.6660008615563,2.597423533293532,1.0
"(4, 5, 6, 8)",4,-1,3,100.0,58.59446124700666,2.5776370694772237,1.0
"(4, 5, 6, 8)",4,-1,3,177.82794100389228,61.484777337088616,2.566630808023615,1.0
"(4, 5, 6, 8)",4,-1,3,316.22776601683796,64.21012208413525,2.560782395746422,1.0
"(4, 5, 6, 8)",4,-1,3,562.341325190349,66.67323514363932,2.5578043543360782,1.0
"(4, 5, 6, 8)",4,-1,3,1000.0,68.81783115079749,2.5563438480648593,1.0
"(4, 5, 6, 8)",4,-1,3,1778.2794100389228,70.62724673442224,2.555649967808697,1.0
"(4, 5, 6, 8)",4,-1,3,3162.2776601683795,72.11513559281704,2.555328757849294,0.9999999999999998
"(4, 5, 6, 8)",4,-1,3,5623.413251903491,73.31393282158236,2.5551831003605505,1.0
"(4, 5, 6, 8)",4,-1,3,10000.0,74.26478470822697,2.5551180908185964,1.0000000000000002
"(4, 5, 6, 8)",4,-1,3,17782.794100389227,75.0103797528871,2.555089411965959,1.0
"(4, 5, 6, 8)",4,-1,3,31622.776601683792,75.59065908454441,2.555076857179426,1.0
"(4, 5, 6, 8)",4,-1,3,56234.13251903491,76.0407545286222,2.5550713806818046,1.0
"(4, 5, 6, 8)",4,-1,3,100000.0,76.39040825865267,2.5550689887320353,1.0
"(4, 5, 6, 8)",4,-1,3,177827.94100389228,76.66424260634281,2.555067935842188,0.9999999999999999
"(4, 5, 6, 8)",4,-1,3,316227.7660168379,76.88247563616795,2.555067464451739,1.0
"(4, 5, 6, 8)",4,-1,3,562341.3251903491,77.06179106127834,2.5550672469671603,1.0
"(4, 5, 6, 8)",4,-1,3,1000000.0,77.21616112767735,2.555067141752605,0.9999999999999999
"(4, 5, 6, 8)",4,0,0.1,0.0,4473.863284643779,31.011318862104154,1.0
"(4, 5, 6, 8)",4,0,0.1,0.0001,4473.863284644589,31.011310776075945,1.0
"(4, 5, 6, 8)",4,0,0.1,0.00017782794100389227,4473.863284646335,31.011304482905192,1.0
"(4, 5, 6, 8)",4,0,0.1,0.00031622776601683794,4473.863284651862,31.011293291926805,1.0
"(4, 5, 6, 8)",4,0,0.1,0.0005623413251903491,4473.863284669349,31.01127339135937,1.0
"(4, 5, 6, 8)",4,0,0.1,0.001,4473.86328472463,31.01123800296621,1.0
"(4, 5, 6, 8)",4,0,0.1,0.0017782794100389228,4473.863284899464,31.011175073704592,1.0
"(4, 5, 6, 8)",4,0,0.1,0.0031622776601683794,4473.863285452314,31.011063171656613,1.0
"(4, 5, 6, 8)",4,0,0.1,0.005623413251903491,4473.863287200479,31.01086419044514,1.0
"(4, 5, 6, 8)",4,0,0.1,0.01,4473.863292728087,31.010510383869253,0.9999999999999998
"(4, 5, 6, 8)",4,0,0.1,0.01778279410038923,4473.863310204554,31.00988133584499,1.0
"(4, 5, 6, 8)",4,0,0.1,0.03162277660168379,4473.863365451001,31.00876308862485,1.0
"(4, 5, 6, 8)",4,0,0.1,0.05623413251903491,4473.863540048629,31.00677572060298,0.9999999999999998
"(4, 5, 6, 8)",4,0,0.1,0.1,4473.8640915734995,31.003245377170597,0.9999999999999998
"(4, 5, 6, 8)",4,0,0.1,0.1778279410038923,4473.8658322735,30.996979280179517,1.0
"(4, 5, 6, 8)",4,0,0.1,0.31622776601683794,4473.871317945051,30.985873707846284,1.0
"(4, 5, 6, 8)",4,0,0.1,0.5623413251903491,4473.888559582643,30.966242050606777,1.0
"(4, 5, 6, 8)",4,0,0.1,1.0,4473.942495964307,30.93169752898485,1.0
"(4, 5, 6, 8)",4,0,0.1,1.7782794100389228,4474.109830765185,30.871400953840297,1.0
"(4, 5, 6, 8)",4,0,0.1,3.1622776601683795,4474.621524415489,30.76762891829422,1.0
"(4, 5, 6, 8)",4,0,0.1,5.623413251903491,4476.147779705664,30.59331939950313,1.0
"(4, 5, 6, 8)",4,0,0.1,10.0,4480.513935377973,30.312237711190768,0.9999999999999998
"(4, 5, 6, 8)",4,0,0.1,17.78279410038923,4492.191046947385,29.887890932927213,1.0
"(4, 5, 6, 8)",4,0,0.1,31.622776601683793,4520.411153605858,29.307969951375462,1.0
"(4, 5, 6, 8)",4,0,0.1,56.23413251903491,4579.894163389816,28.61563353356409,1.0
"(4, 5, 6, 8)",4,0,0.1,100.0,4687.331689838141,27.90726954532087,1.0
"(4, 5, 6, 8)",4,0,0.1,177.82794100389228,4858.157200890883,27.270897515031177,1.0
"(4, 5, 6, 8)",4,0,0.1,316.22776601683796,5115.991850964648,26.73046500089255,0.9999999999999998
"(4, 5, 6, 8)",4,0,0.1,562.341325190349,5510.208229679769,26.26633115752509,0.9999999999999998
"(4, 5, 6, 8)",4,0,0.1,1000.0,6117.938656202052,25.863781003629708,1.0
"(4, 5, 6, 8)",4,0,0.1,1778.2794100389228,7029.508589096262,25.5235962493348,1.0
"(4, 5, 6, 8)",4,0,0.1,3162.2776601683795,8342.37013182301,25.247563939729247,1.0
"(4, 5, 6, 8)",4,0,0.1,5623.413251903491,10171.615212974319,25.031003242487422,1.0
"(4, 5, 6, 8)",4,0,0.1,10000.0,12667.757319608072,24.86470021829333,1.0
"(4, 5, 6, 8)",4,0,0.1,17782.794100389227,16035.885718284182,24.738463932298817,1.0
"(4, 5, 6, 8)",4,0,0.1,31622.776601683792,20554.946169603027,24.643200433265513,0.9999999999999998
"(4, 5, 6, 8)",4,0,0.1,56234.13251903491,26600.807592155434,24.571523520950795,1.0
"(4, 5, 6, 8)",4,0,0.1,100000.0,34677.2000858124,24.517676563804997,0.9999999999999998
"(4, 5, 6, 8)",4,0,0.1,177827.94100389228,45457.497429712115,24.47725744161403,1.0
"(4, 5, 6, 8)",4,0,0.1,316227.7660168379,59840.758636801176,24.446931055086907,1.0
"(4, 5, 6, 8)",4,0,0.1,562341.3251903491,79026.64632497625,24.42418269469973,1.0
"(4, 5, 6, 8)",4,0,0.1,1000000.0,104615.39274150787,24.40712097179515,1.0
"(4, 5, 6, 8)",4,0,1,0.0,109.6398528219823,7.400632624405134,1.0
"(4, 5, 6, 8)",4,0,1,0.0001,109.63985282356231,7.400616823091058,1.0
"(4, 5, 6, 8)",4,0,1,0.00017782794100389227,109.63985282697881,7.400604525668973,1.0
"(4, 5, 6, 8)",4,0,1,0.00031622776601683794,109.63985283778246,7.400582658312974,1.0
"(4, 5, 6, 8)",4,0,1,0.0005623413251903491,109.63985287194399,7.4005437748786544,1.0
"(4, 5, 6, 8)",4,0,1,0.001,109.63985297995788,7.400474638230404,1.0
"(4, 5, 6, 8)",4,0,1,0.0017782794100389228,109.63985332144787,7.400351722286475,1.0
"(4, 5, 6, 8)",4,0,1,0.0031622776601683794,109.63985440087968,7.400133232951359,1.0
"(4, 5, 6, 8)",4,0,1,0.005623413251903491,109.63985781179335,7.399744980829242,1.0
"(4, 5, 6, 8)",4,0,1,0.01,109.63986858372763,7.399055453532756,1.0
"(4, 5, 6, 8)",4,0,1,0.01778279410038923,109.63990256725617,7.397832099120939,1.0
"(4, 5, 6, 8)",4,0,1,0.03162277660168379,109.64000958313322,7.395665501354891,1.0
"(4, 5, 6, 8)",4,0,1,0.05623413251903491,109.64034549126193,7.391840492478579,1.0
"(4, 5, 6, 8)",4,0,1,0.1,109.64139384955392,7.385125184183305,0.9999999999999998
"(4, 5, 6, 8)",4,0,1,0.1778279410038923,109.64463310191917,7.373450273236958,1.0
"(4, 5, 6, 8)",4,0,1,0.31622776601683794,109.65446926113803,7.3534943807301705,1.0
"(4, 5, 6, 8)",4,0,1,0.5623413251903491,109.68346535288849,7.320356489161576,1.0
"(4, 5, 6, 8)",4,0,1,1.0,109.76486325322698,7.267898991730139,1.0
"(4, 5, 6, 8)",4,0,1,1.7782794100389228,109.97649602168144,7.190872650019814,1.0
"(4, 5, 6, 8)",4,0,1,3.1622776601683795,110.46895618367715,7.08947233462012,1.0
"(4, 5, 6, 8)",4,0,1,5.623413251903491,111.46238448494974,6.973593687402497,1.0
"(4, 5, 6, 8)",4,0,1,10.0,113.1733934271673,6.860503872871069,1.0
"(4, 5, 6, 8)",4,0,1,17.78279410038923,115.71251188181574,6.765496155784897,1.0
"(4, 5, 6, 8)",4,0,1,31.622776601683793,119.0396309823217,6.6951112514443905,1.0
"(4, 5, 6, 8)",4,0,1,56.23413251903491,122.99121650882167,6.6479071365970945,1.0
"(4, 5, 6, 8)",4,0,1,100.0,127.3586730060862,6.618486752059181,1.0
"(4, 5, 6, 8)",4,0,1,177.82794100389228,131.98566333566086,6.600936452041296,1.0
"(4, 5, 6, 8)",4,0,1,316.22776601683796,136.82912851108222,6.590606458839684,1.0
"(4, 5, 6, 8)",4,0,1,562.341325190349,141.97408257487098,6.584443464599515,1.0
"(4, 5, 6, 8)",4,0,1,1000.0,147.62844596160465,6.580641974038273,1.0
"(4, 5, 6, 8)",4,0,1,1778.2794100389228,154.11811027406785,6.578193668966896,1.0
"(4, 5, 6, 8)",4,0,1,3162.2776601683795,161.8920307994192,6.576547589144563,1.0
"(4, 5, 6, 8)",4,0,1,5623.413251903491,171.5418229285752,6.575400276018992,1.0
"(4, 5, 6, 8)",4,0,1,10000.0,183.8382149828896,6.574579000718316,1.0
"(4, 5, 6, 8)",4,0,1,17782.794100389227,199.786668221155,6.573980403756822,1.0
"(4, 5, 6, 8)",4,0,1,31622.776601683792,220.70569401716682,6.573539062577379,1.0
"(4, 5, 6, 8)",4,0,1,56234.13251903491,248.33340476877967,6.573211368725249,0.9999999999999998
"(4, 5, 6, 8)",4,0,1,100000.0,284.97040813698874,6.572967037229674,1.0
"(4, 5, 6, 8)",4,0,1,177827.94100389228,333.6704557428654,6.572784415254931,1.0
"(4, 5, 6, 8)",4,0,1,316227.7660168379,398.49436228038684,6.572647724042171,1.0
"(4, 5, 6, 8)",4,0,1,562341.3251903491,484.84808582959704,6.572545328571157,1.0
"(4, 5, 6, 8)",4,0,1,1000000.0,599.9328670883299,6.572468588604852,1.0
"(4, 5, 6, 8)",4,0,3,0.0,79.26033216784683,8.815887856746425,1.0
"(4, 5, 6, 8)",4,0,3,0.0001,79.2603321781927,8.81578439637765,1.0
"(4, 5, 6, 8)",4,0,3,0.00017782794100389227,79.26033220056212,8.81570388045753,1.0
"(4, 5, 6, 8)",4,0,3,0.00031622776601683794,79.26033227129511,8.815560711796168,1.0
"(4, 5, 6, 8)",4,0,3,0.0005623413251903491,79.26033249494073,8.815306153141474,1.0
"(4, 5, 6, 8)",4,0,3,0.001,79.26033320199122,8.814853588097,1.0
"(4, 5, 6, 8)",4,0,3,0.0017782794100389228,79.26033543687812,8.81404915300342,1.0
"(4, 5, 6, 8)",4,0,3,0.0031622776601683794,79.26034249857314,8.812619754797323,1.0
"(4, 5, 6, 8)",4,0,3,0.005623413251903491,79.26036479795918,8.810081396814104,0.9999999999999999
"(4, 5, 6, 8)",4,0,3,0.01,79.26043513731368,8.805578560111178,1.0
"(4, 5, 6, 8)",4,0,3,0.01778279410038923,79.26065657681616,8.79760610071224,1.0
"(4, 5, 6, 8)",4,0,3,0.03162277660168379,79.26135129577754,8.783538054464874,0.9999999999999998
"(4, 5, 6, 8)",4,0,3,0.05623413251903491,79.26351756229728,8.758861153626862,1.0
"(4, 5, 6, 8)",4,0,3,0.1,79.27020045577295,8.716024741772811,0.9999999999999998
"(4, 5, 6, 8)",4,0,3,0.1778279410038923,79.29043746482847,8.64300138051228,1.0
"(4, 5, 6, 8)",4,0,3,0.31622776601683794,79.34980779177663,8.522309830557361,1.0000000000000004
"(4, 5, 6, 8)",4,0,3,0.5623413251903491,79.51509304733237,8.332796522029245,1.0
"(4, 5, 6, 8)",4,0,3,1.0,79.9387755657041,8.0583485842632,1.0
"(4, 5, 6, 8)",4,0,3,1.7782794100389228,80.90122023106842,7.705436533108067,1.0
"(4, 5, 6, 8)",4,0,3,3.1622776601683795,82.76543177973181,7.317802824041168,1.0
"(4, 5, 6, 8)",4,0,3,5.623413251903491,85.76898963019005,6.963381172685498,1.0
"(4, 5, 6, 8)",4,0,3,10.0,89.80180165779018,6.693536767397281,1.0
"(4, 5, 6, 8)",4,0,3,17.78279410038923,94.4498152085246,6.517524216449297,1.0
"(4, 5, 6, 8)",4,0,3,31.622776601683793,99.25211540705668,6.414825198814404,1.0
"(4, 5, 6, 8)",4,0,3,56.23413251903491,103.87171430332222,6.359117890458385,0.9999999999999998
"(4, 5, 6, 8)",4,0,3,100.0,108.1048198160292,6.330355230208908,1.0
"(4, 5, 6, 8)",4,0,3,177.82794100389228,111.84069292254934,6.31605743367405,1.0
"(4, 5, 6, 8)",4,0,3,316.22776601683796,115.03494562417886,6.309173285955879,1.0
"(4, 5, 6, 8)",4,0,3,562.341325190349,117.693502770789,6.305947510416652,1.0
"(4, 5, 6, 8)",4,0,3,1000.0,119.85739034398712,6.304469646097747,1.0
"(4, 5, 6, 8)",4,0,3,1778.2794100389228,121.58757088755918,6.303804660110505,1.0
"(4, 5, 6, 8)",4,0,3,3162.2776601683795,122.9523151592991,6.303509532688066,1.0
"(4, 5, 6, 8)",4,0,3,5623.413251903491,124.01851760009134,6.303379828202718,1.0
"(4, 5, 6, 8)",4,0,3,10000.0,124.84679647928247,6.303323156618675,1.0
"(4, 5, 6, 8)",4,0,3,17782.794100389227,125.48945528071849,6.303298431182326,1.0
"(4, 5, 6, 8)",4,0,3,31622.776601683792,125.99027971696043,6.303287599588783,1.0
"(4, 5, 6, 8)",4,0,3,56234.13251903491,126.38535427821563,6.303282798459997,1.0
"(4, 5, 6, 8)",4,0,3,100000.0,126.7043584871569,6.3032806214419965,1.0
"(4, 5, 6, 8)",4,0,3,177827.94100389228,126.97202001293425,6.303279596403198,1.0
"(4, 5, 6, 8)",4,0,3,316227.7660168379,127.20955265988026,6.303279086176734,1.0
"(4, 5, 6, 8)",4,0,3,562341.3251903491,127.4360563841132,6.303278813294198,1.0
"(4, 5, 6, 8)",4,0,3,1000000.0,127.66953938260191,6.303278654824793,1.0
"(4, 5, 6, 8)",4,1,0.1,0.0,1222.2578582751369,9.382443165117442,1.0
"(4, 5, 6, 8)",4,1,0.1,0.0001,1222.257858275191,9.382442624669094,0.9999999999999999
"(4, 5, 6, 8)",4,1,0.1,0.00017782794100389227,1222.2578582753083,9.38244220405046,1.0
"(4, 5, 6, 8)",4,1,0.1,0.00031622776601683794,1222.2578582756782,9.382441456075304,1.0
"(4, 5, 6, 8)",4,1,0.1,0.0005623413251903491,1222.2578582768458,9.382440125973629,1.0
"(4, 5, 6, 8)",4,1,0.1,0.001,1222.2578582805406,9.382437760703844,0.9999999999999999
"(4, 5, 6, 8)",4,1,0.1,0.0017782794100389228,1222.2578582922258,9.382433554664875,1.0
"(4, 5, 6, 8)",4,1,0.1,0.0031622776601683794,1222.2578583291756,9.382426075378905,1.0
"(4, 5, 6, 8)",4,1,0.1,0.005623413251903491,1222.2578584460186,9.382412775834977,1.0
"(4, 5, 6, 8)",4,1,0.1,0.01,1222.2578588154731,9.382389127794667,0.9999999999999999
"(4, 5, 6, 8)",4,1,0.1,0.01778279410038923,1222.2578599835992,9.38234708213172,1.0
"(4, 5, 6, 8)",4,1,0.1,0.03162277660168379,1222.2578636763988,9.382272335826876,0.9999999999999999
"(4, 5, 6, 8)",4,1,0.1,0.05623413251903491,1222.2578753476366,9.382139487520911,1.0
"(4, 5, 6, 8)",4,1,0.1,0.1,1222.2579122191726,9.381903471910976,1.0
"(4, 5, 6, 8)",4,1,0.1,0.1778279410038923,1222.2580286142743,9.381484482373708,1.0
"(4, 5, 6, 8)",4,1,0.1,0.31622776601683794,1222.2583955518867,9.380741643492737,1.0
"(4, 5, 6, 8)",4,1,0.1,0.5623413251903491,1222.259549575554,9.379427698590815,1.0
"(4, 5, 6, 8)",4,1,0.1,1.0,1222.2631638234163,9.377113046078945,0.9999999999999998
"(4, 5, 6, 8)",4,1,0.1,1.7782794100389228,1222.2744008633103,9.373064464831474,0.9999999999999999
"(4, 5, 6, 8)",4,1,0.1,3.1622776601683795,1222.3089034379102,9.36606903565909,1.0
"(4, 5, 6, 8)",4,1,0.1,5.623413251903491,1222.4126530115482,9.354225986253073,1.0
"(4, 5, 6, 8)",4,1,0.1,10.0,1222.7144433391938,9.334817853131756,1.0
"(4, 5, 6, 8)",4,1,0.1,17.78279410038923,1223.5505705381177,9.304501036460302,0.9999999999999999
"(4, 5, 6, 8)",4,1,0.1,31.622776601683793,1225.7261935600418,9.26000057545516,0.9999999999999999
"(4, 5, 6, 8)",4,1,0.1,56.23413251903491,1231.0201598757624,9.19892079340138,1.0
"(4, 5, 6, 8)",4,1,0.1,100.0,1243.15738248898,9.119967138278898,1.0
"(4, 5, 6, 8)",4,1,0.1,177.82794100389228,1269.45596967271,9.023488576571276,1.0
"(4, 5, 6, 8)",4,1,0.1,316.22776601683796,1322.4453400856999,8.913734523304084,1.0
"(4, 5, 6, 8)",4,1,0.1,562.341325190349,1419.661148230141,8.79995967407485,1.0
"(4, 5, 6, 8)",4,1,0.1,1000.0,1581.1930268213848,8.693160240915443,0.9999999999999998
"(4, 5, 6, 8)",4,1,0.1,1778.2794100389228,1827.3705695670528,8.601294053256897,1.0
"(4, 5, 6, 8)",4,1,0.1,3162.2776601683795,2179.869116484296,8.52714667219661,1.0
"(4, 5, 6, 8)",4,1,0.1,5623.413251903491,2666.5223068610344,8.469510105467515,1.0
"(4, 5, 6, 8)",4,1,0.1,10000.0,3326.3637934386593,8.425538618707645,1.0
"(4, 5, 6, 8)",4,1,0.1,17782.794100389227,4213.515666130727,8.392284282607086,1.0
"(4, 5, 6, 8)",4,1,0.1,31622.776601683792,5401.491243476892,8.367239583918584,1.0
"(4, 5, 6, 8)",4,1,0.1,56234.13251903491,6989.124275212795,8.348416631996054,1.0
"(4, 5, 6, 8)",4,1,0.1,100000.0,9108.705493454476,8.33428465476697,1.0
"(4, 5, 6, 8)",4,1,0.1,177827.94100389228,11936.962241774727,8.323680405956862,1.0
"(4, 5, 6, 8)",4,1,0.1,316227.7660168379,15709.770034306413,8.315725583295,0.9999999999999999
"(4, 5, 6, 8)",4,1,0.1,562341.3251903491,20741.80929065759,8.309759170861343,0.9999999999999999
"(4, 5, 6, 8)",4,1,0.1,1000000.0,27452.78513557108,8.305284510454358,1.0
"(4, 5, 6, 8)",4,1,1,0.0,60.60390578953161,3.1276222738906276,1.0000000000000002
"(4, 5, 6, 8)",4,1,1,0.0001,60.60390579013525,3.1276162374450602,0.9999999999999999
"(4, 5, 6, 8)",4,1,1,0.00017782794100389227,60.603905791440454,3.127611539557389,1.0
"(4, 5, 6, 8)",4,1,1,0.00031622776601683794,60.60390579556771,3.1276031857325997,1.0
"(4, 5, 6, 8)",4,1,1,0.0005623413251903491,60.60390580861822,3.1275883313482145,1.0
"(4, 5, 6, 8)",4,1,1,0.001,60.60390584988247,3.1275619194229494,1.0
"(4, 5, 6, 8)",4,1,1,0.0017782794100389228,60.603905980341246,3.127514962138028,0.9999999999999999
"(4, 5, 6, 8)",4,1,1,0.0031622776601683794,60.603906392719864,3.1274314921463073,1.0
"(4, 5, 6, 8)",4,1,1,0.005623413251903491,60.60390769583026,3.1272831640161276,1.0000000000000002
"(4, 5, 6, 8)",4,1,1,0.01,60.60391181132008,3.127019726171927,1.0
"(4, 5, 6, 8)",4,1,1,0.01778279410038923,60.60392479588456,3.1265523039843006,1.0
"(4, 5, 6, 8)",4,1,1,0.03162277660168379,60.60396569017632,3.1257243818740803,1.0
"(4, 5, 6, 8)",4,1,1,0.05623413251903491,60.60409408116968,3.1242624045322707,1.0
"(4, 5, 6, 8)",4,1,1,0.1,60.60449495078206,3.121694677754495,1.0
"(4, 5, 6, 8)",4,1,1,0.1778279410038923,60.60573450091908,3.117227290185455,1.0
"(4, 5, 6, 8)",4,1,1,0.31622776601683794,60.60950366593043,3.1095809259358136,1.0
"(4, 5, 6, 8)",4,1,1,0.5623413251903491,60.62064367214281,3.0968516733314906,1.0
"(4, 5, 6, 8)",4,1,1,1.0,60.652071590508854,3.076603859425746,1.0
"(4, 5, 6, 8)",4,1,1,1.7782794100389228,60.73457242257527,3.04659447451412,1.0
"(4, 5, 6, 8)",4,1,1,3.1622776601683795,60.93008472338716,3.006382534853658,1.0
"(4, 5, 6, 8)",4,1,1,5.623413251903491,61.33745527184913,2.95895635599136,1.0
"(4, 5, 6, 8)",4,1,1,10.0,62.07534353036454,2.910323314131558,1.0
"(4, 5, 6, 8)",4,1,1,17.78279410038923,63.24534641996145,2.866695328922218,1.0
"(4, 5, 6, 8)",4,1,1,31.622776601683793,64.89543685396445,2.8319118637003493,1.0
"(4, 5, 6, 8)",4,1,1,56.23413251903491,66.99796449893597,2.806874796869944,1.0
"(4, 5, 6, 8)",4,1,1,100.0,69.45466476120563,2.7903612009578884,1.0
"(4, 5, 6, 8)",4,1,1,177.82794100389228,72.13240334872943,2.780210108302094,1.0
"(4, 5, 6, 8)",4,1,1,316.22776601683796,74.91013865383255,2.7742775058108338,1.0
"(4, 5, 6, 8)",4,1,1,562.341325190349,77.71402327889797,2.770907388188125,1.0
"(4, 5, 6, 8)",4,1,1,1000.0,80.53336136625745,2.7690024838707483,1.0
"(4, 5, 6, 8)",4,1,1,1778.2794100389228,83.4224047132797,2.767906320460171,1.0
"(4, 5, 6, 8)",4,1,1,3162.2776601683795,86.49630809906915,2.7672518504991794,1.0
"(4, 5, 6, 8)",4,1,1,5623.413251903491,89.92809780986465,2.766841947931937,1.0
"(4, 5, 6, 8)",4,1,1,10000.0,93.95084269135792,2.7665723475501878,1.0
"(4, 5, 6, 8)",4,1,1,17782.794100389227,98.86715564155729,2.766387390645979,1.0
"(4, 5, 6, 8)",4,1,1,31622.776601683792,105.06719164246417,2.766256388698122,0.9999999999999999
"(4, 5, 6, 8)",4,1,1,56234.13251903491,113.0562671788507,2.7661615426242863,1.0
"(4, 5, 6, 8)",4,1,1,100000.0,123.49383245125802,2.7660918965226218,1.0000000000000002
"(4, 5, 6, 8)",4,1,1,177827.94100389228,137.24647465940433,2.7660403084897123,1.0
"(4, 5, 6, 8)",4,1,1,316227.7660168379,155.4589880054136,2.7660018975112033,1.0
"(4, 5, 6, 8)",4,1,1,562341.3251903491,179.64908800764476,2.7659732106947454,1.0
"(4, 5, 6, 8)",4,1,1,1000000.0,211.833377703444,2.765951748497471,1.0
"(4, 5, 6, 8)",4,1,3,0.0,53.757110434471336,3.4276916060567215,1.0
"(4, 5, 6, 8)",4,1,3,0.0001,53.75711043737042,3.4276626142449675,1.0
"(4, 5, 6, 8)",4,1,3,0.00017782794100389227,53.757110443638865,3.4276400519860903,1.0
"(4, 5, 6, 8)",4,1,3,0.00031622776601683794,53.75711046345968,3.427599933165965,1.0
"(4, 5, 6, 8)",4,1,3,0.0005623413251903491,53.75711052612961,3.4275286007494543,1.0
"(4, 5, 6, 8)",4,1,3,0.001,53.75711072425843,3.4274017835703474,1.0
"(4, 5, 6, 8)",4,1,3,0.0017782794100389228,53.75711135051007,3.427176367664548,1.0
"(4, 5, 6, 8)",4,1,3,0.0031622776601683794,53.75711332928254,3.42677583263439,1.0
"(4, 5, 6, 8)",4,1,3,0.005623413251903491,53.757119577676164,3.426064571631764,1.0
"(4, 5, 6, 8)",4,1,3,0.01,53.75713928617598,3.4248029109738733,1.0
"(4, 5, 6, 8)",4,1,3,0.01778279410038923,53.75720132654976,3.422569268257439,0.9999999999999999
"(4, 5, 6, 8)",4,1,3,0.03162277660168379,53.757395936583116,3.4186283853654866,1.0
"(4, 5, 6, 8)",4,1,3,0.05623413251903491,53.758002613264246,3.411717360787542,0.9999999999999999
"(4, 5, 6, 8)",4,1,3,0.1,53.759873376204375,3.3997257279204707,0.9999999999999999
"(4, 5, 6, 8)",4,1,3,0.1778279410038923,53.76553417634867,3.379298391441671,1.0
"(4, 5, 6, 8)",4,1,3,0.31622776601683794,53.78212162452019,3.3455761674361972,1.0000000000000002
"(4, 5, 6, 8)",4,1,3,0.5623413251903491,53.828218614843074,3.2927170981921945,1.0
"(4, 5, 6, 8)",4,1,3,1.0,53.946127484723064,3.216331886597591,0.9999999999999998
"(4, 5, 6, 8)",4,1,3,1.7782794100389228,54.2136636770534,3.118231430436396,0.9999999999999998
"(4, 5, 6, 8)",4,1,3,3.1622776601683795,54.73407721557721,3.010066172517479,1.0
"(4, 5, 6, 8)",4,1,3,5.623413251903491,55.589416246510105,2.9092900434557305,0.9999999999999999
"(4, 5, 6, 8)",4,1,3,10.0,56.79969392664604,2.8285939418157806,0.9999999999999998
"(4, 5, 6, 8)",4,1,3,17.78279410038923,58.34149641358412,2.7705570542830533,1.0000000000000002
"(4, 5, 6, 8)",4,1,3,31.622776601683793,60.18309664933184,2.7314761494224857,1.0
"(4, 5, 6, 8)",4,1,3,56.23413251903491,62.2751424076401,2.7064500812705763,1.0
"(4, 5, 6, 8)",4,1,3,100.0,64.52725400577305,2.69125890635532,1.0
"(4, 5, 6, 8)",4,1,3,177.82794100389228,66.81563594555776,2.6825546226748673,1.0
"(4, 5, 6, 8)",4,1,3,316.22776601683796,69.01458267324001,2.677839145406783,1.0
"(4, 5, 6, 8)",4,1,3,562.341325190349,71.0251347043828,2.6754093013405638,1.0
"(4, 5, 6, 8)",4,1,3,1000.0,72.7878481808551,2.6742091625854902,1.0
"(4, 5, 6, 8)",4,1,3,1778.2794100389228,74.28117476630199,2.6736365818262926,0.9999999999999999
"(4, 5, 6, 8)",4,1,3,3162.2776601683795,75.5121923294878,2.6733708504626654,1.0
"(4, 5, 6, 8)",4,1,3,5623.413251903491,76.50564194953941,2.673250151181559,1.0
"(4, 5, 6, 8)",4,1,3,10000.0,77.29463334101372,2.6731962111906107,1.0
"(4, 5, 6, 8)",4,1,3,17782.794100389227,77.91415079066572,2.6731723835334664,0.9999999999999998
"(4, 5, 6, 8)",4,1,3,31622.776601683792,78.39720709261027,2.673161933361596,1.0
"(4, 5, 6, 8)",4,1,3,56234.13251903491,78.77299484094618,2.6731573617641367,1.0
"(4, 5, 6, 8)",4,1,3,100000.0,79.0663471574923,2.6731553555436802,1.0
"(4, 5, 6, 8)",4,1,3,177827.94100389228,79.29794830946862,2.6731544654542914,1.0
"(4, 5, 6, 8)",4,1,3,316227.7660168379,79.48492445818813,2.673154061844836,1.0
"(4, 5, 6, 8)",4,1,3,562341.3251903491,79.64160342704469,2.6731538719785863,0.9999999999999999
"(4, 5, 6, 8)",4,1,3,1000000.0,79.78021004877549,2.6731537775841527,1.0
"(4, 5, 7, 8)",4,-1,0.1,0.0,6567.412154244659,52.05368229841765,1.0
"(4, 5, 7, 8)",4,-1,0.1,0.0001,6567.412154245098,52.05367785302939,1.0
"(4, 5, 7, 8)",4,-1,0.1,0.00017782794100389227,6567.412154246057,52.05367439328339,1.0
"(4, 5, 7, 8)",4,-1,0.1,0.00031622776601683794,6567.412154249092,52.05366824090398,0.9999999999999999
"(4, 5, 7, 8)",4,-1,0.1,0.0005623413251903491,6567.412154258702,52.05365730030268,0.9999999999999998
"(4, 5, 7, 8)",4,-1,0.1,0.001,6567.412154289094,52.053637845009305,1.0
"(4, 5, 7, 8)",4,-1,0.1,0.0017782794100389228,6567.412154385201,52.053603248544626,0.9999999999999999
"(4, 5, 7, 8)",4,-1,0.1,0.0031622776601683794,6567.412154689129,52.05354172789227,1.0
"(4, 5, 7, 8)",4,-1,0.1,0.005623413251903491,6567.412155650208,52.05343233181623,0.9999999999999999
"(4, 5, 7, 8)",4,-1,0.1,0.01,6567.412158689221,52.0532378103092,1.0
"(4, 5, 7, 8)",4,-1,0.1,0.01778279410038923,6567.412168298135,52.05289194503576,1.0
"(4, 5, 7, 8)",4,-1,0.1,0.03162277660168379,6567.412198676596,52.05227705267355,1.0
"(4, 5, 7, 8)",4,-1,0.1,0.05623413251903491,6567.412294698481,52.05118408489511,0.9999999999999999
"(4, 5, 7, 8)",4,-1,0.1,0.1,6567.412598102465,52.04924200719335,1.0
"(4, 5, 7, 8)",4,-1,0.1,0.1778279410038923,6567.413556179802,52.04579326044783,1.0
"(4, 5, 7, 8)",4,-1,0.1,0.31622776601683794,6567.416578207866,52.03967557695343,1.0
"(4, 5, 7, 8)",4,-1,0.1,0.5623413251903491,6567.426091817651,52.02884421224249,0.9999999999999998
"(4, 5, 7, 8)",4,-1,0.1,1.0,6567.455938327839,52.00973167790222,1.0000000000000002
"(4, 5, 7, 8)",4,-1,0.1,1.7782794100389228,6567.549011099858,51.97620435867503,1.0
"(4, 5, 7, 8)",4,-1,0.1,3.1622776601683795,6567.836244111174,51.91798459697209,0.9999999999999998
"(4, 5, 7, 8)",4,-1,0.1,5.623413251903491,6568.707271370308,51.81860395355926,1.0
"(4, 5, 7, 8)",4,-1,0.1,10.0,6571.274644312017,51.65361654587319,1.0
"(4, 5, 7, 8)",4,-1,0.1,17.78279410038923,6578.5223933133375,51.39108202492992,1.0
"(4, 5, 7, 8)",4,-1,0.1,31.622776601683793,6597.805456377746,50.997078436623916,1.0
"(4, 5, 7, 8)",4,-1,0.1,56.23413251903491,6645.593399741292,50.44607188892309,1.0
"(4, 5, 7, 8)",4,-1,0.1,100.0,6755.522467131479,49.73077846867302,1.0
"(4, 5, 7, 8)",4,-1,0.1,177.82794100389228,6989.782955731307,48.870360780673245,1.0
"(4, 5, 7, 8)",4,-1,0.1,316.22776601683796,7447.529124668559,47.92068747668529,0.9999999999999999
"(4, 5, 7, 8)",4,-1,0.1,562.341325190349,8256.818884252314,46.97178051141036,0.9999999999999999
"(4, 5, 7, 8)",4,-1,0.1,1000.0,9547.967574246448,46.11639637991149,1.0
"(4, 5, 7, 8)",4,-1,0.1,1778.2794100389228,11436.646840632677,45.41027137913373,1.0
"(4, 5, 7, 8)",4,-1,0.1,3162.2776601683795,14051.029602573517,44.859591836951,1.0
"(4, 5, 7, 8)",4,-1,0.1,5623.413251903491,17582.503980512367,44.44101821649142,1.0000000000000002
"(4, 5, 7, 8)",4,-1,0.1,10000.0,22315.32357626791,44.12550291245379,1.0
"(4, 5, 7, 8)",4,-1,0.1,17782.794100389227,28642.019669632828,43.88830518273997,1.0
"(4, 5, 7, 8)",4,-1,0.1,31622.776601683792,37089.771397526994,43.71019384946872,1.0
"(4, 5, 7, 8)",4,-1,0.1,56234.13251903491,48362.97060399638,43.57653222934054,0.9999999999999999
"(4, 5, 7, 8)",4,-1,0.1,100000.0,63401.80942179639,43.47626038970403,1.0000000000000002
"(4, 5, 7, 8)",4,-1,0.1,177827.94100389228,83460.65445708689,43.40105070429352,1.0
"(4, 5, 7, 8)",4,-1,0.1,316227.7660168379,110212.64375990222,43.34464456824529,1.0
"(4, 5, 7, 8)",4,-1,0.1,562341.3251903491,145889.18777400334,43.30234305318091,1.0000000000000002
"(4, 5, 7, 8)",4,-1,0.1,1000000.0,193465.9221855173,43.270620068681765,1.0
"(4, 5, 7, 8)",4,-1,1,0.0,98.01102352449226,7.044049442886627,1.0000000000000002
"(4, 5, 7, 8)",4,-1,1,0.0001,98.01102352613665,7.044032998479555,1.0
"(4, 5, 7, 8)",4,-1,1,0.00017782794100389227,98.01102352969224,7.0440202006108645,0.9999999999999999
"(4, 5, 7, 8)",4,-1,1,0.00031622776601683794,98.01102354093534,7.0439974434489825,1.0
"(4, 5, 7, 8)",4,-1,1,0.0005623413251903491,98.01102357648664,7.043956978096115,1.0
"(4, 5, 7, 8)",4,-1,1,0.001,98.01102368889373,7.0438850296348665,0.9999999999999998
"(4, 5, 7, 8)",4,-1,1,0.0017782794100389228,98.0110240442636,7.043757117548146,0.9999999999999999
"(4, 5, 7, 8)",4,-1,1,0.0031622776601683794,98.01102516752327,7.043529756461945,1.0000000000000002
"(4, 5, 7, 8)",4,-1,1,0.005623413251903491,98.01102871666805,7.043125768271044,0.9999999999999998
"(4, 5, 7, 8)",4,-1,1,0.01,98.0110399236852,7.042408385261384,0.9999999999999999
"(4, 5, 7, 8)",4,-1,1,0.01778279410038923,98.0110752716278,7.041135896901117,1.0
"(4, 5, 7, 8)",4,-1,1,0.03162277660168379,98.01118653831065,7.038883185165435,0.9999999999999999
"(4, 5, 7, 8)",4,-1,1,0.05623413251903491,98.01153553426896,7.034908975330199,1.0
"(4, 5, 7, 8)",4,-1,1,0.1,98.01262333260765,7.027940507528768,1.0
"(4, 5, 7, 8)",4,-1,1,0.1778279410038923,98.01597679449584,7.01585235789487,1.0
"(4, 5, 7, 8)",4,-1,1,0.31622776601683794,98.0261191293493,6.99527049622209,1.0
"(4, 5, 7, 8)",4,-1,1,0.5623413251903491,98.05581102254897,6.961323702908022,1.0
"(4, 5, 7, 8)",4,-1,1,1.0,98.13818045599051,6.908203502312445,1.0
"(4, 5, 7, 8)",4,-1,1,1.7782794100389228,98.34816258281582,6.8316906073476495,1.0
"(4, 5, 7, 8)",4,-1,1,3.1622776601683795,98.82168111883165,6.73401453865183,0.9999999999999999
"(4, 5, 7, 8)",4,-1,1,5.623413251903491,99.7333084650641,6.627399782819613,0.9999999999999999
"(4, 5, 7, 8)",4,-1,1,10.0,101.20988734587164,6.529492615591901,0.9999999999999999
"(4, 5, 7, 8)",4,-1,1,17.78279410038923,103.26598323243414,6.452344516543003,1.0
"(4, 5, 7, 8)",4,-1,1,31.622776601683793,105.85765430869894,6.39747064988439,1.0
"(4, 5, 7, 8)",4,-1,1,56.23413251903491,108.96554542159889,6.3604065705570605,0.9999999999999999
"(4, 5, 7, 8)",4,-1,1,100.0,112.58977465625806,6.336071682074583,1.0
"(4, 5, 7, 8)",4,-1,1,177.82794100389228,116.7123566177163,6.32048771524163,1.0
"(4, 5, 7, 8)",4,-1,1,316.22776601683796,121.3130502087961,6.310701592427484,1.0
"(4, 5, 7, 8)",4,-1,1,562.341325190349,126.42351936808328,6.304589870489913,1.0
"(4, 5, 7, 8)",4,-1,1,1000.0,132.17552216243692,6.300725476591947,1.0
"(4, 5, 7, 8)",4,-1,1,1778.2794100389228,138.82869681538656,6.298215732199553,1.0
"(4, 5, 7, 8)",4,-1,1,3162.2776601683795,146.78654003289614,6.2965303811274715,1.0
"(4, 5, 7, 8)",4,-1,1,5623.413251903491,156.61464395965697,6.295361555030145,1.0
"(4, 5, 7, 8)",4,-1,1,10000.0,169.071753238612,6.29452934947319,0.9999999999999999
"(4, 5, 7, 8)",4,-1,1,17782.794100389227,185.16010477922669,6.293925396844633,1.0
"(4, 5, 7, 8)",4,-1,1,31622.776601683792,206.19989197415947,6.293481456308939,1.0
"(4, 5, 7, 8)",4,-1,1,56234.13251903491,233.9334196935914,6.293152483199637,1.0
"(4, 5, 7, 8)",4,-1,1,100000.0,270.6667119427904,6.2929074986043885,1.0
"(4, 5, 7, 8)",4,-1,1,177827.94100389228,319.4595854055667,6.292724523656975,0.9999999999999999
"(4, 5, 7, 8)",4,-1,1,316227.7660168379,384.3794928467689,6.292587627898156,1.0
"(4, 5, 7, 8)",4,-1,1,562341.3251903491,470.8399034241458,6.2924851054099715,1.0000000000000002
"(4, 5, 7, 8)",4,-1,1,1000000.0,586.0505531944304,6.2924082812077256,1.0
"(4, 5, 7, 8)",4,-1,3,0.0,69.84040497234406,8.412915489335049,1.0
"(4, 5, 7, 8)",4,-1,3,0.0001,69.8404049823136,8.412815794069816,1.0
"(4, 5, 7, 8)",4,-1,3,0.00017782794100389227,69.84040500386902,8.412738208371287,1.0
"(4, 5, 7, 8)",4,-1,3,0.00031622776601683794,69.84040507202761,8.412600250288643,1.0
"(4, 5, 7, 8)",4,-1,3,0.0005623413251903491,69.840405287533,8.41235495694812,1.0
"(4, 5, 7, 8)",4,-1,3,0.001,69.84040596884498,8.411918866479622,1.0
"(4, 5, 7, 8)",4,-1,3,0.0017782794100389228,69.84040812235472,8.411143722277554,0.9999999999999999
"(4, 5, 7, 8)",4,-1,3,0.0031622776601683794,69.84041492680065,8.409766394036671,1.0
"(4, 5, 7, 8)",4,-1,3,0.005623413251903491,69.84043641319016,8.407320575864407,1.0
"(4, 5, 7, 8)",4,-1,3,0.01,69.8405041844218,8.402982126244321,0.9999999999999998
"(4, 5, 7, 8)",4,-1,3,0.01778279410038923,69.84071751857618,8.395301439900246,0.9999999999999999
"(4, 5, 7, 8)",4,-1,3,0.03162277660168379,69.841386695166,8.381750492649918,1.0
"(4, 5, 7, 8)",4,-1,3,0.05623413251903491,69.84347269283396,8.357987558042934,1.0
"(4, 5, 7, 8)",4,-1,3,0.1,69.84990460704857,8.316758644061828,1.0
"(4, 5, 7, 8)",4,-1,3,0.1778279410038923,69.86936415273846,8.246537054252915,1.0
"(4, 5, 7, 8)",4,-1,3,0.31622776601683794,69.92636752825491,8.1306471556681,1.0
"(4, 5, 7, 8)",4,-1,3,0.5623413251903491,70.08467406526529,7.949110169296288,1.0
"(4, 5, 7, 8)",4,-1,3,1.0,70.48891626200819,7.6871983654179,1.0
"(4, 5, 7, 8)",4,-1,3,1.7782794100389228,71.4019091400621,7.352309487090271,1.0
"(4, 5, 7, 8)",4,-1,3,3.1622776601683795,73.15481263063477,6.98763201147517,1.0
"(4, 5, 7, 8)",4,-1,3,5.623413251903491,75.93896533317692,6.658815536290239,1.0
"(4, 5, 7, 8)",4,-1,3,10.0,79.59059378704214,6.414138000245316,1.0
"(4, 5, 7, 8)",4,-1,3,17.78279410038923,83.66111674725722,6.259722949247713,0.9999999999999999
"(4, 5, 7, 8)",4,-1,3,31.622776601683793,87.72687122935565,6.1726574751455505,1.0
"(4, 5, 7, 8)",4,-1,3,56.23413251903491,91.58137280682162,6.126178599417283,1.0
"(4, 5, 7, 8)",4,-1,3,100.0,95.18199579208891,6.1017558445642175,0.9999999999999999
"(4, 5, 7, 8)",4,-1,3,177.82794100389228,98.51943335448368,6.089018779722671,1.0
"(4, 5, 7, 8)",4,-1,3,316.22776601683796,101.55780918600819,6.08249057368363,0.9999999999999999
"(4, 5, 7, 8)",4,-1,3,562.341325190349,104.24781184815956,6.0792356578400115,0.9999999999999998
"(4, 5, 7, 8)",4,-1,3,1000.0,106.55662612095774,6.077662371534132,1.0
"(4, 5, 7, 8)",4,-1,3,1778.2794100389228,108.48199454554671,6.076923645983803,1.0
"(4, 5, 7, 8)",4,-1,3,3162.2776601683795,110.04922960255973,6.076585154121961,1.0
"(4, 5, 7, 8)",4,-1,3,5623.413251903491,111.30081772219472,6.076433023240264,1.0
"(4, 5, 7, 8)",4,-1,3,10000.0,112.28607529045729,6.076365639338702,1.0
"(4, 5, 7, 8)",4,-1,3,17782.794100389227,113.05383772745859,6.076336099897954,0.9999999999999999
"(4, 5, 7, 8)",4,-1,3,31622.776601683792,113.64838160392051,6.076323233648835,1.0
"(4, 5, 7, 8)",4,-1,3,56234.13251903491,114.10775605147286,6.076317643192093,1.0
"(4, 5, 7, 8)",4,-1,3,100000.0,114.46360487534109,6.076315208383716,0.9999999999999999
"(4, 5, 7, 8)",4,-1,3,177827.94100389228,114.74176943075518,6.076314138568075,1.0
"(4, 5, 7, 8)",4,-1,3,316227.7660168379,114.9632286293232,6.076313659884729,1.0
"(4, 5, 7, 8)",4,-1,3,562341.3251903491,115.1451380583792,6.076313438899627,1.0
"(4, 5, 7, 8)",4,-1,3,1000000.0,115.30149682975569,6.076313331571208,0.9999999999999998
"(4, 5, 7, 8)",4,0,0.1,0.0,4473.8632846437795,31.011318862104144,1.0
"(4, 5, 7, 8)",4,0,0.1,0.0001,4473.863284644587,31.011310776075934,1.0
"(4, 5, 7, 8)",4,0,0.1,0.00017782794100389227,4473.863284646337,31.011304482905174,1.0
"(4, 5, 7, 8)",4,0,0.1,0.00031622776601683794,4473.863284651862,31.011293291926787,0.9999999999999998
"(4, 5, 7, 8)",4,0,0.1,0.0005623413251903491,4473.863284669349,31.01127339135937,1.0
"(4, 5, 7, 8)",4,0,0.1,0.001,4473.863284724634,31.011238002966234,1.0
"(4, 5, 7, 8)",4,0,0.1,0.0017782794100389228,4473.863284899463,31.01117507370458,1.0
"(4, 5, 7, 8)",4,0,0.1,0.0031622776601683794,4473.863285452312,31.0110631716566,1.0
"(4, 5, 7, 8)",4,0,0.1,0.005623413251903491,4473.863287200477,31.01086419044513,0.9999999999999998
"(4, 5, 7, 8)",4,0,0.1,0.01,4473.863292728083,31.010510383869242,1.0
"(4, 5, 7, 8)",4,0,0.1,0.01778279410038923,4473.863310204554,31.009881335844995,1.0
"(4, 5, 7, 8)",4,0,0.1,0.03162277660168379,4473.863365451002,31.008763088624864,1.0
"(4, 5, 7, 8)",4,0,0.1,0.05623413251903491,4473.863540048632,31.006775720602995,1.0
"(4, 5, 7, 8)",4,0,0.1,0.1,4473.8640915735,31.003245377170607,1.0
"(4, 5, 7, 8)",4,0,0.1,0.1778279410038923,4473.8658322734955,30.9969792801795,1.0
"(4, 5, 7, 8)",4,0,0.1,0.31622776601683794,4473.871317945048,30.985873707846263,0.9999999999999999
"(4, 5, 7, 8)",4,0,0.1,0.5623413251903491,4473.888559582644,30.966242050606773,1.0
"(4, 5, 7, 8)",4,0,0.1,1.0,4473.942495964307,30.931697528984838,1.0
"(4, 5, 7, 8)",4,0,0.1,1.7782794100389228,4474.109830765183,30.8714009538403,1.0
"(4, 5, 7, 8)",4,0,0.1,3.1622776601683795,4474.621524415492,30.767628918294232,1.0
"(4, 5, 7, 8)",4,0,0.1,5.623413251903491,4476.147779705664,30.59331939950313,1.0
"(4, 5, 7, 8)",4,0,0.1,10.0,4480.51393537798,30.312237711190804,1.0
"(4, 5, 7, 8)",4,0,0.1,17.78279410038923,4492.191046947384,29.887890932927213,1.0
"(4, 5, 7, 8)",4,0,0.1,31.622776601683793,4520.411153605858,29.30796995137546,1.0
"(4, 5, 7, 8)",4,0,0.1,56.23413251903491,4579.894163389816,28.61563353356407,0.9999999999999998
"(4, 5, 7, 8)",4,0,0.1,100.0,4687.331689838141,27.907269545320855,1.0
"(4, 5, 7, 8)",4,0,0.1,177.82794100389228,4858.157200890886,27.27089751503117,1.0
"(4, 5, 7, 8)",4,0,0.1,316.22776601683796,5115.9918509646395,26.730465000892547,0.9999999999999998
"(4, 5, 7, 8)",4,0,0.1,562.341325190349,5510.20822967977,26.26633115752509,1.0
"(4, 5, 7, 8)",4,0,0.1,1000.0,6117.938656202055,25.86378100362971,1.0
"(4, 5, 7, 8)",4,0,0.1,1778.2794100389228,7029.508589096258,25.523596249334805,1.0
"(4, 5, 7, 8)",4,0,0.1,3162.2776601683795,8342.370131823001,25.247563939729254,1.0
"(4, 5, 7, 8)",4,0,0.1,5623.413251903491,10171.615212974308,25.03100324248739,1.0
"(4, 5, 7, 8)",4,0,0.1,10000.0,12667.757319608143,24.864700218293315,1.0
"(4, 5, 7, 8)",4,0,0.1,17782.794100389227,16035.885718358459,24.738463932296725,1.0
"(4, 5, 7, 8)",4,0,0.1,31622.776601683792,20554.946090243167,24.64320043452035,1.0
"(4, 5, 7, 8)",4,0,0.1,56234.13251903491,26600.807592310695,24.571523520949384,1.0
"(4, 5, 7, 8)",4,0,0.1,100000.0,34677.20008575091,24.51767656380529,1.0
"(4, 5, 7, 8)",4,0,0.1,177827.94100389228,45457.49732191378,24.47725744191551,1.0
"(4, 5, 7, 8)",4,0,0.1,316227.7660168379,59840.75864373665,24.446931055074522,1.0
"(4, 5, 7, 8)",4,0,0.1,562341.3251903491,79026.646045385,24.424182694884113,1.0
"(4, 5, 7, 8)",4,0,0.1,1000000.0,104615.39290838163,24.407120971724503,0.9999999999999998
"(4, 5, 7, 8)",4,0,1,0.0,109.63985282198236,7.4006326244051355,1.0
"(4, 5, 7, 8)",4,0,1,0.0001,109.63985282356226,7.40061682309106,1.0
"(4, 5, 7, 8)",4,0,1,0.00017782794100389227,109.63985282697884,7.400604525668985,1.0
"(4, 5, 7, 8)",4,0,1,0.00031622776601683794,109.63985283778251,7.4005826583129775,1.0
"(4, 5, 7, 8)",4,0,1,0.0005623413251903491,109.63985287194402,7.400543774878654,1.0
"(4, 5, 7, 8)",4,0,1,0.001,109.63985297995805,7.400474638230411,1.0
"(4, 5, 7, 8)",4,0,1,0.0017782794100389228,109.63985332144779,7.400351722286482,1.0
"(4, 5, 7, 8)",4,0,1,0.0031622776601683794,109.63985440087961,7.400133232951364,1.0
"(4, 5, 7, 8)",4,0,1,0.005623413251903491,109.63985781179326,7.3997449808292455,1.0
"(4, 5, 7, 8)",4,0,1,0.01,109.63986858372772,7.399055453532764,1.0
"(4, 5, 7, 8)",4,0,1,0.01778279410038923,109.63990256725607,7.397832099120931,1.0
"(4, 5, 7, 8)",4,0,1,0.03162277660168379,109.64000958313325,7.3956655013549,1.0
"(4, 5, 7, 8)",4,0,1,0.05623413251903491,109.64034549126215,7.391840492478599,1.0
"(4, 5, 7, 8)",4,0,1,0.1,109.64139384955392,7.3851251841833045,1.0
"(4, 5, 7, 8)",4,0,1,0.1778279410038923,109.6446331019191,7.3734502732369664,1.0
"(4, 5, 7, 8)",4,0,1,0.31622776601683794,109.65446926113796,7.35349438073017,1.0
"(4, 5, 7, 8)",4,0,1,0.5623413251903491,109.68346535288829,7.320356489161574,1.0
"(4, 5, 7, 8)",4,0,1,1.0,109.76486325322698,7.267898991730141,0.9999999999999998
"(4, 5, 7, 8)",4,0,1,1.7782794100389228,109.9764960216814,7.190872650019817,1.0
"(4, 5, 7, 8)",4,0,1,3.1622776601683795,110.46895618367726,7.089472334620125,1.0
"(4, 5, 7, 8)",4,0,1,5.623413251903491,111.46238448494984,6.973593687402504,1.0
"(4, 5, 7, 8)",4,0,1,10.0,113.17339342716737,6.860503872871078,1.0
"(4, 5, 7, 8)",4,0,1,17.78279410038923,115.71251188181567,6.765496155784895,1.0
"(4, 5, 7, 8)",4,0,1,31.622776601683793,119.03963098232167,6.695111251444393,1.0
"(4, 5, 7, 8)",4,0,1,56.23413251903491,122.99121650882154,6.647907136597086,1.0
"(4, 5, 7, 8)",4,0,1,100.0,127.35867300608626,6.618486752059184,1.0
"(4, 5, 7, 8)",4,0,1,177.82794100389228,131.98566333566077,6.600936452041296,1.0
"(4, 5, 7, 8)",4,0,1,316.22776601683796,136.82912851108213,6.590606458839681,1.0
"(4, 5, 7, 8)",4,0,1,562.341325190349,141.974082574875,6.584443464599512,1.0
"(4, 5, 7, 8)",4,0,1,1000.0,147.62844596146613,6.580641974038345,1.0
"(4, 5, 7, 8)",4,0,1,1778.2794100389228,154.11811027130616,6.578193668967675,1.0
"(4, 5, 7, 8)",4,0,1,3162.2776601683795,161.89203082699976,6.5765475891402,1.0
"(4, 5, 7, 8)",4,0,1,5623.413251903491,171.54182337489547,6.575400275979299,1.0
"(4, 5, 7, 8)",4,0,1,10000.0,183.8382146733597,6.574579000733828,1.0
"(4, 5, 7, 8)",4,0,1,17782.794100389227,199.78666819909972,6.5739804037574086,1.0
"(4, 5, 7, 8)",4,0,1,31622.776601683792,220.70569452775035,6.5735390625693055,1.0
"(4, 5, 7, 8)",4,0,1,56234.13251903491,248.3334048787973,6.573211368724602,0.9999999999999998
"(4, 5, 7, 8)",4,0,1,100000.0,284.9704074008158,6.572967037232762,1.0
"(4, 5, 7, 8)",4,0,1,177827.94100389228,333.67045654558785,6.572784415248666,1.0
"(4, 5, 7, 8)",4,0,1,316227.7660168379,398.49435923771546,6.572647724049067,1.0
"(4, 5, 7, 8)",4,0,1,562341.3251903491,484.8480975120868,6.57254532864227,1.0
"(4, 5, 7, 8)",4,0,1,1000000.0,599.9328993621555,6.572468588652059,1.0
"(4, 5, 7, 8)",4,0,3,0.0,79.26033216784683,8.815887856746414,1.0
"(4, 5, 7, 8)",4,0,3,0.0001,79.26033217819264,8.815784396377657,1.0
"(4, 5, 7, 8)",4,0,3,0.00017782794100389227,79.2603322005622,8.81570388045754,1.0
"(4, 5, 7, 8)",4,0,3,0.00031622776601683794,79.26033227129523,8.815560711796179,1.0
"(4, 5, 7, 8)",4,0,3,0.0005623413251903491,79.26033249494063,8.815306153141472,1.0
"(4, 5, 7, 8)",4,0,3,0.001,79.26033320199117,8.814853588096993,1.0
"(4, 5, 7, 8)",4,0,3,0.0017782794100389228,79.26033543687808,8.814049153003417,1.0
"(4, 5, 7, 8)",4,0,3,0.0031622776601683794,79.2603424985731,8.812619754797323,1.0
"(4, 5, 7, 8)",4,0,3,0.005623413251903491,79.26036479795916,8.810081396814104,1.0
"(4, 5, 7, 8)",4,0,3,0.01,79.26043513731368,8.805578560111181,1.0
"(4, 5, 7, 8)",4,0,3,0.01778279410038923,79.26065657681619,8.797606100712239,1.0
"(4, 5, 7, 8)",4,0,3,0.03162277660168379,79.26135129577754,8.783538054464877,1.0
"(4, 5, 7, 8)",4,0,3,0.05623413251903491,79.26351756229724,8.758861153626862,1.0
"(4, 5, 7, 8)",4,0,3,0.1,79.27020045577294,8.716024741772795,0.9999999999999999
"(4, 5, 7, 8)",4,0,3,0.1778279410038923,79.2904374648283,8.643001380512269,1.0
"(4, 5, 7, 8)",4,0,3,0.31622776601683794,79.34980779177654,8.522309830557356,0.9999999999999998
"(4, 5, 7, 8)",4,0,3,0.5623413251903491,79.51509304733233,8.332796522029245,1.0
"(4, 5, 7, 8)",4,0,3,1.0,79.9387755657041,8.058348584263204,1.0
"(4, 5, 7, 8)",4,0,3,1.7782794100389228,80.90122023106836,7.705436533108068,1.0
"(4, 5, 7, 8)",4,0,3,3.1622776601683795,82.76543177973177,7.317802824041164,1.0
"(4, 5, 7, 8)",4,0,3,5.623413251903491,85.76898963018984,6.9633811726854855,1.0
"(4, 5, 7, 8)",4,0,3,10.0,89.80180165779016,6.693536767397272,1.0
"(4, 5, 7, 8)",4,0,3,17.78279410038923,94.44981520852463,6.5175242164492975,1.0
"(4, 5, 7, 8)",4,0,3,31.622776601683793,99.25211540705669,6.414825198814406,1.0
"(4, 5, 7, 8)",4,0,3,56.23413251903491,103.87171430332211,6.3591178904583865,1.0
"(4, 5, 7, 8)",4,0,3,100.0,108.10481981602915,6.330355230208909,1.0
"(4, 5, 7, 8)",4,0,3,177.82794100389228,111.84069292254986,6.316057433674052,1.0
"(4, 5, 7, 8)",4,0,3,316.22776601683796,115.03494562415894,6.309173285955917,0.9999999999999998
"(4, 5, 7, 8)",4,0,3,562.341325190349,117.69350277085003,6.305947510416587,1.0
"(4, 5, 7, 8)",4,0,3,1000.0,119.85739034319882,6.304469646098139,0.9999999999999998
"(4, 5, 7, 8)",4,0,3,1778.2794100389228,121.58757089951084,6.303804660107117,1.0
"(4, 5, 7, 8)",4,0,3,3162.2776601683795,122.95231516072268,6.303509532687835,1.0
"(4, 5, 7, 8)",4,0,3,5623.413251903491,124.0185176049746,6.3033798282023685,1.0
"(4, 5, 7, 8)",4,0,3,10000.0,124.84679648532622,6.303323156618456,1.0
"(4, 5, 7, 8)",4,0,3,17782.794100389227,125.48945527853748,6.30329843118252,0.9999999999999998
"(4, 5, 7, 8)",4,0,3,31622.776601683792,125.99027969466474,6.303287599592527,1.0
"(4, 5, 7, 8)",4,0,3,56234.13251903491,126.3853549677591,6.30328279846069,0.9999999999999998
"(4, 5, 7, 8)",4,0,3,100000.0,126.70435705507332,6.303280621398337,0.9999999999999998
"(4, 5, 7, 8)",4,0,3,177827.94100389228,126.97201980168735,6.303279596404609,0.9999999999999998
"(4, 5, 7, 8)",4,0,3,316227.7660168379,127.20955520348207,6.303279086163365,1.0
"(4, 5, 7, 8)",4,0,3,562341.3251903491,127.43601823175138,6.303278813239498,1.0
"(4, 5, 7, 8)",4,0,3,1000000.0,127.66961527252461,6.303278654977925,0.9999999999999998
"(4, 5, 7, 8)",4,1,0.1,0.0,2216.383567023339,13.046365578570962,0.9999999999999999
"(4, 5, 7, 8)",4,1,0.1,0.0001,2216.3835670237945,13.04636102155299,1.0
"(4, 5, 7, 8)",4,1,0.1,0.00017782794100389227,2216.38356702478,13.046357474932254,1.0
"(4, 5, 7, 8)",4,1,0.1,0.00031622776601683794,2216.383567027895,13.046351168075164,0.9999999999999999
"(4, 5, 7, 8)",4,1,0.1,0.0005623413251903491,2216.3835670377466,13.04633995280227,0.9999999999999999
"(4, 5, 7, 8)",4,1,0.1,0.001,2216.383567068903,13.046320009170124,1.0
"(4, 5, 7, 8)",4,1,0.1,0.0017782794100389228,2216.383567167432,13.046284544631042,1.0
"(4, 5, 7, 8)",4,1,0.1,0.0031622776601683794,2216.3835674789925,13.046221481338051,1.0
"(4, 5, 7, 8)",4,1,0.1,0.005623413251903491,2216.383568464172,13.04610934529845,1.0
"(4, 5, 7, 8)",4,1,0.1,0.01,2216.3835715791815,13.045909961748965,1.0
"(4, 5, 7, 8)",4,1,0.1,0.01778279410038923,2216.3835814274175,13.04555548321451,0.9999999999999999
"(4, 5, 7, 8)",4,1,0.1,0.03162277660168379,2216.3836125573234,13.044925377764235,1.0
"(4, 5, 7, 8)",4,1,0.1,0.05623413251903491,2216.3837109257615,13.043805684468154,1.0
"(4, 5, 7, 8)",4,1,0.1,0.1,2216.384021584047,13.041817115544937,1.0
"(4, 5, 7, 8)",4,1,0.1,0.1778279410038923,2216.385001671464,13.038288955040851,1.0
"(4, 5, 7, 8)",4,1,0.1,0.31622776601683794,2216.3880881024706,13.032040307529726,0.9999999999999999
"(4, 5, 7, 8)",4,1,0.1,0.5623413251903491,2216.3977764239135,13.021008176459148,0.9999999999999999
"(4, 5, 7, 8)",4,1,0.1,1.0,2216.4280154346984,13.001638505821743,1.0000000000000002
"(4, 5, 7, 8)",4,1,0.1,1.7782794100389228,2216.521456944497,12.967960456450612,1.0
"(4, 5, 7, 8)",4,1,0.1,3.1622776601683795,2216.805208973974,12.910391962093648,1.0
"(4, 5, 7, 8)",4,1,0.1,5.623413251903491,2217.641477827755,12.814817568420827,0.9999999999999999
"(4, 5, 7, 8)",4,1,0.1,10.0,2219.9859547152664,12.663710490080508,1.0
"(4, 5, 7, 8)",4,1,0.1,17.78279410038923,2226.0540582571302,12.442782319216308,1.0
"(4, 5, 7, 8)",4,1,0.1,31.622776601683793,2240.00118178701,12.155361403000068,1.0000000000000002
"(4, 5, 7, 8)",4,1,0.1,56.23413251903491,2267.393657673284,11.835306773888828,0.9999999999999998
"(4, 5, 7, 8)",4,1,0.1,100.0,2312.694588929451,11.535279368204105,1.0000000000000002
"(4, 5, 7, 8)",4,1,0.1,177.82794100389228,2378.5158729051304,11.289098611695763,1.0
"(4, 5, 7, 8)",4,1,0.1,316.22776601683796,2471.9922905391827,11.09281743844567,0.9999999999999999
"(4, 5, 7, 8)",4,1,0.1,562.341325190349,2613.6719457677655,10.926124076136414,1.0
"(4, 5, 7, 8)",4,1,0.1,1000.0,2838.46474812304,10.77749300153396,0.9999999999999999
"(4, 5, 7, 8)",4,1,0.1,1778.2794100389228,3188.858558411678,10.646964115863414,1.0
"(4, 5, 7, 8)",4,1,0.1,3162.2776601683795,3709.7740177580367,10.53757808443019,1.0
"(4, 5, 7, 8)",4,1,0.1,5623.413251903491,4450.06869520966,10.449996328090707,1.0
"(4, 5, 7, 8)",4,1,0.1,10000.0,5470.463883887448,10.38203564860389,1.0000000000000002
"(4, 5, 7, 8)",4,1,0.1,17782.794100389227,6853.814967300488,10.33019602471921,1.0
"(4, 5, 7, 8)",4,1,0.1,31622.776601683792,8714.028907950382,10.290984913362825,1.0
"(4, 5, 7, 8)",4,1,0.1,56234.13251903491,11205.476721020874,10.261448572445769,1.0
"(4, 5, 7, 8)",4,1,0.1,100000.0,14535.557324401063,10.239246679238354,1.0000000000000002
"(4, 5, 7, 8)",4,1,0.1,177827.94100389228,18981.820094996212,10.222576258366031,1.0
"(4, 5, 7, 8)",4,1,0.1,316227.7660168379,24915.024615343078,10.210066478339074,0.9999999999999999
"(4, 5, 7, 8)",4,1,0.1,562341.3251903491,32830.01634575633,10.200681868179036,1.0
"(4, 5, 7, 8)",4,1,0.1,1000000.0,43386.96366660513,10.193642903338425,0.9999999999999999
"(4, 5, 7, 8)",4,1,1,0.0,77.38395909664513,4.889840229200395,1.0
"(4, 5, 7, 8)",4,1,1,0.0001,77.38395909805517,4.889826129058134,1.0
"(4, 5, 7, 8)",4,1,1,0.00017782794100389227,77.38395910110391,4.889815155539549,1.0
"(4, 5, 7, 8)",4,1,1,0.00031622776601683794,77.38395911074458,4.889795642274361,1.0000000000000002
"(4, 5, 7, 8)",4,1,1,0.0005623413251903491,77.38395914122886,4.889760944503683,1.0
"(4, 5, 7, 8)",4,1,1,0.001,77.38395923761718,4.889699249340515,1.0
"(4, 5, 7, 8)",4,1,1,0.0017782794100389228,77.38395954235908,4.88958956076365,0.9999999999999999
"(4, 5, 7, 8)",4,1,1,0.0031622776601683794,77.38396050567425,4.889394575455483,0.9999999999999999
"(4, 5, 7, 8)",4,1,1,0.005623413251903491,77.38396354990346,4.88904806342843,0.9999999999999999
"(4, 5, 7, 8)",4,1,1,0.01,77.38397316514363,4.8884325829331745,0.9999999999999999
"(4, 5, 7, 8)",4,1,1,0.01778279410038923,77.38400350693848,4.887340341048256,1.0
"(4, 5, 7, 8)",4,1,1,0.03162277660168379,77.38409909639321,4.885405126973164,1.0
"(4, 5, 7, 8)",4,1,1,0.05623413251903491,77.38439937032005,4.881986041149253,1.0
"(4, 5, 7, 8)",4,1,1,0.1,77.38533779813012,4.875975376787927,1.0
"(4, 5, 7, 8)",4,1,1,0.1778279410038923,77.38824439599743,4.865500892905653,1.0
"(4, 5, 7, 8)",4,1,1,0.31622776601683794,77.39710795594706,4.847522681239663,1.0000000000000002
"(4, 5, 7, 8)",4,1,1,0.5623413251903491,77.42343042755117,4.817453224193636,0.9999999999999999
"(4, 5, 7, 8)",4,1,1,1.0,77.49826064528753,4.769263608088416,0.9999999999999999
"(4, 5, 7, 8)",4,1,1,1.7782794100389228,77.69692280100166,4.697045021003898,1.0
"(4, 5, 7, 8)",4,1,1,3.1622776601683795,78.17455690066066,4.598878907801638,1.0
"(4, 5, 7, 8)",4,1,1,5.623413251903491,79.18381086756602,4.4814489860415625,1.0000000000000002
"(4, 5, 7, 8)",4,1,1,10.0,81.02248375338623,4.360259578364613,1.0
"(4, 5, 7, 8)",4,1,1,17.78279410038923,83.90236423721501,4.252753249870063,1.0
"(4, 5, 7, 8)",4,1,1,31.622776601683793,87.82197600085541,4.1699437270350295,1.0
"(4, 5, 7, 8)",4,1,1,56.23413251903491,92.54521773130789,4.113527460395209,1.0
"(4, 5, 7, 8)",4,1,1,100.0,97.69877951095097,4.078765061518863,0.9999999999999999
"(4, 5, 7, 8)",4,1,1,177.82794100389228,102.90582577296196,4.0589509209480985,0.9999999999999999
"(4, 5, 7, 8)",4,1,1,316.22776601683796,107.878711544689,4.048285880234571,1.0
"(4, 5, 7, 8)",4,1,1,562.341325190349,112.45458492796226,4.042759971392235,0.9999999999999999
"(4, 5, 7, 8)",4,1,1,1000.0,116.59028917251342,4.039950363336443,1.0
"(4, 5, 7, 8)",4,1,1,1778.2794100389228,120.33790291220386,4.038519569723615,0.9999999999999999
"(4, 5, 7, 8)",4,1,1,3162.2776601683795,123.81786205231424,4.0377736910267386,0.9999999999999999
"(4, 5, 7, 8)",4,1,1,5623.413251903491,127.19904084155625,4.037367209269963,1.0
"(4, 5, 7, 8)",4,1,1,10000.0,130.68895211160455,4.037132005153586,1.0
"(4, 5, 7, 8)",4,1,1,17782.794100389227,134.53393914081332,4.036986727019191,1.0
"(4, 5, 7, 8)",4,1,1,31622.776601683792,139.02827741145387,4.036891478460917,0.9999999999999999
"(4, 5, 7, 8)",4,1,1,56234.13251903491,144.53141970017407,4.036826017543108,1.0
"(4, 5, 7, 8)",4,1,1,100000.0,151.49347053791448,4.036779506262032,1.0
"(4, 5, 7, 8)",4,1,1,177827.94100389228,160.49001923556662,4.036745734650553,0.9999999999999999
"(4, 5, 7, 8)",4,1,1,316227.7660168379,172.2685089374298,4.0367208826125935,1.0
"(4, 5, 7, 8)",4,1,1,562341.3251903491,187.80960810147698,4.036702447739618,1.0
"(4, 5, 7, 8)",4,1,1,1000000.0,208.40823757697166,4.036688709026084,1.0
"(4, 5, 7, 8)",4,1,3,0.0,64.59829224911319,6.095013554016287,1.0
"(4, 5, 7, 8)",4,1,3,0.0001,64.59829225752682,6.094929416343025,0.9999999999999998
"(4, 5, 7, 8)",4,1,3,0.00017782794100389227,64.59829227571848,6.094863938202153,1.0
"(4, 5, 7, 8)",4,1,3,0.00031622776601683794,64.59829233324048,6.094747509450549,1.0
"(4, 5, 7, 8)",4,1,3,0.0005623413251903491,64.59829251511337,6.094540497198367,1.0
"(4, 5, 7, 8)",4,1,3,0.001,64.59829309009108,6.0941724683072085,1.0
"(4, 5, 7, 8)",4,1,3,0.0017782794100389228,64.59829490745857,6.093518315842788,1.0
"(4, 5, 7, 8)",4,1,3,0.0031622776601683794,64.5983006495828,6.092356015866918,1.0000000000000002
"(4, 5, 7, 8)",4,1,3,0.005623413251903491,64.59831878028709,6.090292170885226,0.9999999999999998
"(4, 5, 7, 8)",4,1,3,0.01,64.59837596052228,6.08663169059902,0.9999999999999999
"(4, 5, 7, 8)",4,1,3,0.01778279410038923,64.598555918619,6.080152567369925,1.0
"(4, 5, 7, 8)",4,1,3,0.03162277660168379,64.59912019805546,6.068725566012111,1.0
"(4, 5, 7, 8)",4,1,3,0.05623413251903491,64.60087809192463,6.048699539675929,0.9999999999999998
"(4, 5, 7, 8)",4,1,3,0.1,64.60629245726147,6.013991003461058,0.9999999999999999
"(4, 5, 7, 8)",4,1,3,0.1778279410038923,64.62264378455012,5.954979638345265,1.0
"(4, 5, 7, 8)",4,1,3,0.31622776601683794,64.67040486373375,5.8578641957730095,1.0
"(4, 5, 7, 8)",4,1,3,0.5623413251903491,64.80250038247048,5.706351778427604,1.0
"(4, 5, 7, 8)",4,1,3,1.0,65.13823459734458,5.488781170861038,1.0
"(4, 5, 7, 8)",4,1,3,1.7782794100389228,65.89482922939986,5.211266528861239,0.9999999999999999
"(4, 5, 7, 8)",4,1,3,3.1622776601683795,67.35925452409404,4.906842488826954,1.0
"(4, 5, 7, 8)",4,1,3,5.623413251903491,69.76150110577693,4.623794389823765,1.0
"(4, 5, 7, 8)",4,1,3,10.0,73.14884110505496,4.397863815359572,1.0
"(4, 5, 7, 8)",4,1,3,17.78279410038923,77.39747305445268,4.237748232367433,1.0
"(4, 5, 7, 8)",4,1,3,31.622776601683793,82.29946759208228,4.133504539624609,1.0
"(4, 5, 7, 8)",4,1,3,56.23413251903491,87.59781766833714,4.0699581747511395,1.0
"(4, 5, 7, 8)",4,1,3,100.0,92.99418049388433,4.033461161251557,1.0
"(4, 5, 7, 8)",4,1,3,177.82794100389228,98.1906661607661,4.013646662672473,1.0
"(4, 5, 7, 8)",4,1,3,316.22776601683796,102.94795969608737,4.00342294580699,1.0
"(4, 5, 7, 8)",4,1,3,562.341325190349,107.1191787917478,3.998372579436854,1.0
"(4, 5, 7, 8)",4,1,3,1000.0,110.64942946745306,3.9959653498363825,1.0
"(4, 5, 7, 8)",4,1,3,1778.2794100389228,113.55416956318125,3.994850202797001,0.9999999999999999
"(4, 5, 7, 8)",4,1,3,3162.2776601683795,115.89211812566478,3.9943450098863726,1.0
"(4, 5, 7, 8)",4,1,3,5623.413251903491,117.74211995131027,3.9941200530910286,1.0
"(4, 5, 7, 8)",4,1,3,10000.0,119.1871029101615,3.994021192965936,1.0
"(4, 5, 7, 8)",4,1,3,17782.794100389227,120.30469087320951,3.9939781784988364,1.0000000000000002
"(4, 5, 7, 8)",4,1,3,31622.776601683792,121.16274206281,3.993959601510713,0.9999999999999999
"(4, 5, 7, 8)",4,1,3,56234.13251903491,121.81802207582083,3.993951621876184,0.9999999999999999
"(4, 5, 7, 8)",4,1,3,100000.0,122.31662314533654,3.9939482069728482,1.0
"(4, 5, 7, 8)",4,1,3,177827.94100389228,122.6952113769346,3.993946748673447,1.0
"(4, 5, 7, 8)",4,1,3,316227.7660168379,122.98254474189844,3.9939461262019256,1.0
"(4, 5, 7, 8)",4,1,3,562341.3251903491,123.20095517349014,3.9939458600374413,1.0
"(4, 5, 7, 8)",4,1,3,1000000.0,123.36757565631888,3.9939457455749054,1.0
"(4, 6, 7, 8)",4,-1,0.1,0.0,1772.505809580324,11.437813275117003,1.0
"(4, 6, 7, 8)",4,-1,0.1,0.0001,1772.5058095805634,11.43781088437185,1.0
"(4, 6, 7, 8)",4,-1,0.1,0.00017782794100389227,1772.5058095810798,11.437809023708336,0.9999999999999998
"(4, 6, 7, 8)",4,-1,0.1,0.00031622776601683794,1772.5058095827144,11.437805714937495,1.0
"(4, 6, 7, 8)",4,-1,0.1,0.0005623413251903491,1772.5058095878828,11.437799831046227,1.0
"(4, 6, 7, 8)",4,-1,0.1,0.001,1772.5058096042294,11.437789367931403,0.9999999999999999
"(4, 6, 7, 8)",4,-1,0.1,0.0017782794100389228,1772.5058096559187,11.437770761867517,1.0
"(4, 6, 7, 8)",4,-1,0.1,0.0031622776601683794,1772.5058098193801,11.437737675965836,1.0
"(4, 6, 7, 8)",4,-1,0.1,0.005623413251903491,1772.5058103362612,11.437678842766344,1.0
"(4, 6, 7, 8)",4,-1,0.1,0.01,1772.505811970656,11.437574229683818,1.0
"(4, 6, 7, 8)",4,-1,0.1,0.01778279410038923,1772.5058171382884,11.437388226168046,0.9999999999999999
"(4, 6, 7, 8)",4,-1,0.1,0.03162277660168379,1772.5058334753535,11.437057547750113,1.0
"(4, 6, 7, 8)",4,-1,0.1,0.05623413251903491,1772.5058851127137,11.436469786634717,0.9999999999999999
"(4, 6, 7, 8)",4,-1,0.1,0.1,1772.50604826392,11.435425459826849,1.0
"(4, 6, 7, 8)",4,-1,0.1,0.1778279410038923,1772.5065634045827,11.43357112238814,1.0
"(4, 6, 7, 8)",4,-1,0.1,0.31622776601683794,1772.508188000551,11.430282316255619,1.0000000000000002
"(4, 6, 7, 8)",4,-1,0.1,0.5623413251903491,1772.5133006986198,11.424461334474149,1.0
"(4, 6, 7, 8)",4,-1,0.1,1.0,1772.5293308236019,11.414195906243298,1.0
"(4, 6, 7, 8)",4,-1,0.1,1.7782794100389228,1772.5792621837693,11.39620806284718,1.0
"(4, 6, 7, 8)",4,-1,0.1,3.1622776601683795,1772.7330154936676,11.365039331460036,1.0
"(4, 6, 7, 8)",4,-1,0.1,5.623413251903491,1773.1971690678702,11.312066424990194,1.0
"(4, 6, 7, 8)",4,-1,0.1,10.0,1774.5521079704704,11.224940264956322,1.0
"(4, 6, 7, 8)",4,-1,0.1,17.78279410038923,1778.2959897639134,11.089138374697944,1.0
"(4, 6, 7, 8)",4,-1,0.1,31.622776601683793,1787.7962062843617,10.894432063673056,1.0
"(4, 6, 7, 8)",4,-1,0.1,56.23413251903491,1809.1465362606616,10.64674940636441,1.0
"(4, 6, 7, 8)",4,-1,0.1,100.0,1850.374351028574,10.375724987589681,1.0
"(4, 6, 7, 8)",4,-1,0.1,177.82794100389228,1918.7370720035985,10.121312154702398,1.0
"(4, 6, 7, 8)",4,-1,0.1,316.22776601683796,2021.1308713992707,9.906369009642624,1.0
"(4, 6, 7, 8)",4,-1,0.1,562.341325190349,2171.383884981525,9.72910606204959,1.0
"(4, 6, 7, 8)",4,-1,0.1,1000.0,2396.3780011207464,9.579964348121408,1.0000000000000002
"(4, 6, 7, 8)",4,-1,0.1,1778.2794100389228,2732.883855180524,9.454419767313906,0.9999999999999999
"(4, 6, 7, 8)",4,-1,0.1,3162.2776601683795,3221.888266461364,9.351656546132757,1.0
"(4, 6, 7, 8)",4,-1,0.1,5623.413251903491,3909.6206691312796,9.270268453445532,1.0
"(4, 6, 7, 8)",4,-1,0.1,10000.0,4853.795075908338,9.207377031892305,1.0
"(4, 6, 7, 8)",4,-1,0.1,17782.794100389227,6131.709984000609,9.159485922683553,1.0
"(4, 6, 7, 8)",4,-1,0.1,31622.776601683792,7848.7148195270065,9.1232924408004,1.0
"(4, 6, 7, 8)",4,-1,0.1,56234.13251903491,10147.322789799644,9.096041802268584,1.0
"(4, 6, 7, 8)",4,-1,0.1,100000.0,13218.893980227425,9.075563231817942,1.0
"(4, 6, 7, 8)",4,-1,0.1,177827.94100389228,17319.44052083911,9.060188934904483,1.0
"(4, 6, 7, 8)",4,-1,0.1,316227.7660168379,22790.89891160946,9.04865268682212,1.0
"(4, 6, 7, 8)",4,-1,0.1,562341.3251903491,30089.607238714307,9.039998777601623,1.0
"(4, 6, 7, 8)",4,-1,0.1,1000000.0,39824.33679890468,9.033508036102132,1.0
"(4, 6, 7, 8)",4,-1,1,0.0,59.907343216770805,3.661354333219616,1.0000000000000002
"(4, 6, 7, 8)",4,-1,1,0.0001,59.90734321806752,3.66134136591882,1.0
"(4, 6, 7, 8)",4,-1,1,0.00017782794100389227,59.90734322087133,3.6613312741061104,1.0
"(4, 6, 7, 8)",4,-1,1,0.00031622776601683794,59.90734322973726,3.6613133288436415,1.0
"(4, 6, 7, 8)",4,-1,1,0.0005623413251903491,59.90734325777148,3.661281419683458,1.0
"(4, 6, 7, 8)",4,-1,1,0.001,59.907343346410784,3.6612246842819407,1.0000000000000002
"(4, 6, 7, 8)",4,-1,1,0.0017782794100389228,59.907343626640696,3.6611238181794543,1.0
"(4, 6, 7, 8)",4,-1,1,0.0031622776601683794,59.907344512400336,3.660944530009957,1.0
"(4, 6, 7, 8)",4,-1,1,0.005623413251903491,59.907347311141564,3.660625958115658,1.0
"(4, 6, 7, 8)",4,-1,1,0.01,59.90735614875722,3.66006024562153,1.0
"(4, 6, 7, 8)",4,-1,1,0.01778279410038923,59.907384024093474,3.6590567646730223,1.0
"(4, 6, 7, 8)",4,-1,1,0.03162277660168379,59.90747177285471,3.6572802029886375,1.0
"(4, 6, 7, 8)",4,-1,1,0.05623413251903491,59.90774702652188,3.6541457532561723,1.0
"(4, 6, 7, 8)",4,-1,1,0.1,59.90860511352103,3.6486488766154332,1.0
"(4, 6, 7, 8)",4,-1,1,0.1778279410038923,59.911251269797795,3.6391105236646113,1.0
"(4, 6, 7, 8)",4,-1,1,0.31622776601683794,59.91925975910734,3.6228595627925273,1.0
"(4, 6, 7, 8)",4,-1,1,0.5623413251903491,59.94273940459902,3.5960177928025554,0.9999999999999998
"(4, 6, 7, 8)",4,-1,1,1.0,60.008096753826784,3.553878091083007,0.9999999999999999
"(4, 6, 7, 8)",4,-1,1,1.7782794100389228,60.176026417998884,3.492719873105993,1.0
"(4, 6, 7, 8)",4,-1,1,3.1622776601683795,60.56135541404409,3.4133247219954486,1.0
"(4, 6, 7, 8)",4,-1,1,5.623413251903491,61.329011530425205,3.3237366176977727,1.0
"(4, 6, 7, 8)",4,-1,1,10.0,62.64326311534977,3.236863325785452,0.9999999999999999
"(4, 6, 7, 8)",4,-1,1,17.78279410038923,64.60125521067633,3.163631950186407,1.0
"(4, 6, 7, 8)",4,-1,1,31.622776601683793,67.20504100377772,3.1086014207045,0.9999999999999999
"(4, 6, 7, 8)",4,-1,1,56.23413251903491,70.3710250136863,3.0708288819892635,1.0
"(4, 6, 7, 8)",4,-1,1,100.0,73.95672890491777,3.0466992592376685,0.9999999999999999
"(4, 6, 7, 8)",4,-1,1,177.82794100389228,77.80516829042291,3.0321043884159558,1.0
"(4, 6, 7, 8)",4,-1,1,316.22776601683796,81.79036100817368,3.0235945634605708,1.0
"(4, 6, 7, 8)",4,-1,1,562.341325190349,85.84851264059532,3.0187198974921863,1.0
"(4, 6, 7, 8)",4,-1,1,1000.0,89.99568430125383,3.015920365023906,1.0
"(4, 6, 7, 8)",4,-1,1,1778.2794100389228,94.33427439374874,3.0142759356079667,1.0
"(4, 6, 7, 8)",4,-1,1,3162.2776601683795,99.05339786121876,3.01327221994431,1.0
"(4, 6, 7, 8)",4,-1,1,5623.413251903491,104.43019801712933,3.0126305743785267,1.0000000000000002
"(4, 6, 7, 8)",4,-1,1,10000.0,110.83777528935374,3.0122014390806116,1.0
"(4, 6, 7, 8)",4,-1,1,17782.794100389227,118.76336713661713,3.011903411913767,1.0
"(4, 6, 7, 8)",4,-1,1,31622.776601683792,128.8392218384118,3.0116905825112643,1.0
"(4, 6, 7, 8)",4,-1,1,56234.13251903491,141.88852593716797,3.0115356910316278,1.0
"(4, 6, 7, 8)",4,-1,1,100000.0,158.98958170713678,3.0114215949102023,0.9999999999999999
"(4, 6, 7, 8)",4,-1,1,177827.94100389228,181.56290682307448,3.011336925069452,0.9999999999999999
"(4, 6, 7, 8)",4,-1,1,316227.7660168379,211.487968069359,3.011273814543671,0.9999999999999998
"(4, 6, 7, 8)",4,-1,1,562341.3251903491,251.25884668709102,3.011226652188239,1.0
"(4, 6, 7, 8)",4,-1,1,1000000.0,304.1914838259571,3.0111913551179104,1.0
"(4, 6, 7, 8)",4,-1,3,0.0,48.534223070621174,4.481131718884429,0.9999999999999999
"(4, 6, 7, 8)",4,-1,3,0.0001,48.534223077541185,4.481062517977316,1.0
"(4, 6, 7, 8)",4,-1,3,0.00017782794100389227,48.53422309250335,4.481008664102784,1.0
"(4, 6, 7, 8)",4,-1,3,0.00031622776601683794,48.534223139813356,4.480912905009795,1.0
"(4, 6, 7, 8)",4,-1,3,0.0005623413251903491,48.53422328939783,4.48074264433338,1.0
"(4, 6, 7, 8)",4,-1,3,0.001,48.53422376229487,4.480439954672586,1.0
"(4, 6, 7, 8)",4,-1,3,0.0017782794100389228,48.534225256993174,4.479901945132922,1.0
"(4, 6, 7, 8)",4,-1,3,0.0031622776601683794,48.53422997952381,4.478946026560606,1.0
"(4, 6, 7, 8)",4,-1,3,0.005623413251903491,48.534244890348546,4.4772487018568174,1.0
"(4, 6, 7, 8)",4,-1,3,0.01,48.534291912863864,4.474238472694377,1.0
"(4, 6, 7, 8)",4,-1,3,0.01778279410038923,48.53443988606645,4.4689108834951075,0.9999999999999999
"(4, 6, 7, 8)",4,-1,3,0.03162277660168379,48.53490378118209,4.459516616871559,1.0000000000000002
"(4, 6, 7, 8)",4,-1,3,0.05623413251903491,48.53634843594975,4.443058685916334,0.9999999999999998
"(4, 6, 7, 8)",4,-1,3,0.1,48.54079517546021,4.414551999300241,0.9999999999999999
"(4, 6, 7, 8)",4,-1,3,0.1778279410038923,48.55420874935267,4.366139565119649,1.0
"(4, 6, 7, 8)",4,-1,3,0.31622776601683794,48.59330582246425,4.286631073284459,1.0
"(4, 6, 7, 8)",4,-1,3,0.5623413251903491,48.70101329102249,4.163062018238679,1.0
"(4, 6, 7, 8)",4,-1,3,1.0,48.97274244897114,3.9868894125333605,1.0
"(4, 6, 7, 8)",4,-1,3,1.7782794100389228,49.576679239193375,3.765179459086303,1.0
"(4, 6, 7, 8)",4,-1,3,3.1622776601683795,50.71695342878662,3.527781551012394,1.0
"(4, 6, 7, 8)",4,-1,3,5.623413251903491,52.51311999950686,3.3156468773005687,1.0
"(4, 6, 7, 8)",4,-1,3,10.0,54.906163551044095,3.155550738284444,0.9999999999999999
"(4, 6, 7, 8)",4,-1,3,17.78279410038923,57.722221259659364,3.049105921533839,1.0
"(4, 6, 7, 8)",4,-1,3,31.622776601683793,60.802829911799236,2.9834609375119863,0.9999999999999999
"(4, 6, 7, 8)",4,-1,3,56.23413251903491,64.04119546221412,2.944596282704126,1.0
"(4, 6, 7, 8)",4,-1,3,100.0,67.33994701968726,2.922298789255083,1.0
"(4, 6, 7, 8)",4,-1,3,177.82794100389228,70.58270652663941,2.909950241450842,1.0
"(4, 6, 7, 8)",4,-1,3,316.22776601683796,73.64618409522325,2.903377355254418,1.0
"(4, 6, 7, 8)",4,-1,3,562.341325190349,76.42740358850834,2.90001552916124,0.9999999999999998
"(4, 6, 7, 8)",4,-1,3,1000.0,78.86198278757881,2.8983579700842306,1.0
"(4, 6, 7, 8)",4,-1,3,1778.2794100389228,80.92718289407236,2.8975662000451017,0.9999999999999999
"(4, 6, 7, 8)",4,-1,3,3162.2776601683795,82.6342393798962,2.8971977643887716,1.0
"(4, 6, 7, 8)",4,-1,3,5623.413251903491,84.01664000171229,2.8970298394319256,1.0
"(4, 6, 7, 8)",4,-1,3,10000.0,85.11907620491013,2.896954486741053,1.0
"(4, 6, 7, 8)",4,-1,3,17782.794100389227,85.98920177081352,2.8969210297001124,1.0
"(4, 6, 7, 8)",4,-1,3,31622.776601683792,86.6725093545865,2.8969062533431877,0.9999999999999999
"(4, 6, 7, 8)",4,-1,3,56234.13251903491,87.20976219075831,2.896899721543808,0.9999999999999999
"(4, 6, 7, 8)",4,-1,3,100000.0,87.63619131020141,2.896896808053943,1.0
"(4, 6, 7, 8)",4,-1,3,177827.94100389228,87.98177593446069,2.8968954819744073,1.0
"(4, 6, 7, 8)",4,-1,3,316227.7660168379,88.27209200838928,2.8968948567313615,0.9999999999999999
"(4, 6, 7, 8)",4,-1,3,562341.3251903491,88.52948346579753,2.896894545870833,0.9999999999999999
"(4, 6, 7, 8)",4,-1,3,1000000.0,88.77417302122653,2.896894379989477,0.9999999999999999
"(4, 6, 7, 8)",4,0,0.1,0.0,5827.994068197088,43.989422477025485,0.9999999999999998
"(4, 6, 7, 8)",4,0,0.1,0.0001,5827.994068198116,43.98941215871854,1.0
"(4, 6, 7, 8)",4,0,0.1,0.00017782794100389227,5827.994068200345,43.98940412821079,1.0
"(4, 6, 7, 8)",4,0,0.1,0.00031622776601683794,5827.994068207396,43.98938984776033,1.0
"(4, 6, 7, 8)",4,0,0.1,0.0005623413251903491,5827.9940682297,43.98936445324349,1.0
"(4, 6, 7, 8)",4,0,0.1,0.001,5827.994068300232,43.98931929505784,0.9999999999999998
"(4, 6, 7, 8)",4,0,0.1,0.0017782794100389228,5827.994068523311,43.98923899232689,1.0
"(4, 6, 7, 8)",4,0,0.1,0.0031622776601683794,5827.994069228758,43.9890961952431,1.0
"(4, 6, 7, 8)",4,0,0.1,0.005623413251903491,5827.99407145955,43.98884227354218,1.0
"(4, 6, 7, 8)",4,0,0.1,0.01,5827.994078513444,43.98839076589742,1.0
"(4, 6, 7, 8)",4,0,0.1,0.01778279410038923,5827.994100816799,43.98758797325074,1.0
"(4, 6, 7, 8)",4,0,0.1,0.03162277660168379,5827.994171328306,43.986160744335216,1.0
"(4, 6, 7, 8)",4,0,0.1,0.05623413251903491,5827.994394203125,43.98362387266069,1.0
"(4, 6, 7, 8)",4,0,0.1,0.1,5827.9950984189145,43.979116208152874,1.0
"(4, 6, 7, 8)",4,0,0.1,0.1778279410038923,5827.997322104793,43.97111169412905,1.0
"(4, 6, 7, 8)",4,0,0.1,0.31622776601683794,5828.00433584342,43.95691329487341,1.0
"(4, 6, 7, 8)",4,0,0.1,0.5623413251903491,5828.026413537917,43.931777416769215,0.9999999999999998
"(4, 6, 7, 8)",4,0,0.1,1.0,5828.0956625912795,43.88743248597329,1.0
"(4, 6, 7, 8)",4,0,0.1,1.7782794100389228,5828.311511216966,43.8096757893362,0.9999999999999998
"(4, 6, 7, 8)",4,0,0.1,3.1622776601683795,5828.976943619145,43.67478883849457,1.0
"(4, 6, 7, 8)",4,0,0.1,5.623413251903491,5830.989533692937,43.44512007104463,1.0
"(4, 6, 7, 8)",4,0,0.1,10.0,5836.881216290209,43.0663271107623,1.0
"(4, 6, 7, 8)",4,0,0.1,17.78279410038923,5853.222017662982,42.47371004104796,1.0
"(4, 6, 7, 8)",4,0,0.1,31.622776601683793,5894.852733633606,41.62064055260678,1.0
"(4, 6, 7, 8)",4,0,0.1,56.23413251903491,5988.631510210679,40.53276903821413,1.0
"(4, 6, 7, 8)",4,0,0.1,100.0,6169.294593590172,39.34480455250126,1.0
"(4, 6, 7, 8)",4,0,0.1,177.82794100389228,6465.641802693156,38.24110453922126,1.0
"(4, 6, 7, 8)",4,0,0.1,316.22776601683796,6899.9249245820965,37.328290259027575,1.0
"(4, 6, 7, 8)",4,0,0.1,562.341325190349,7518.328120087826,36.597610452772884,1.0
"(4, 6, 7, 8)",4,0,0.1,1000.0,8416.056623751758,36.00168613650357,1.0
"(4, 6, 7, 8)",4,0,0.1,1778.2794100389228,9722.884869463312,35.51356122246937,0.9999999999999998
"(4, 6, 7, 8)",4,0,0.1,3162.2776601683795,11583.334633804803,35.12227319519528,1.0
"(4, 6, 7, 8)",4,0,0.1,5623.413251903491,14165.919424842821,34.8165008679311,0.9999999999999998
"(4, 6, 7, 8)",4,0,0.1,10000.0,17687.16699528434,34.58189804803284,1.0
"(4, 6, 7, 8)",4,0,0.1,17782.794100389227,22437.878628002127,34.40384255236202,0.9999999999999998
"(4, 6, 7, 8)",4,0,0.1,31622.776601683792,28811.74896284114,34.269478815723225,1.0
"(4, 6, 7, 8)",4,0,0.1,56234.13251903491,37338.95317918506,34.168384201950246,1.0
"(4, 6, 7, 8)",4,0,0.1,100000.0,48729.97952765568,34.09243787257154,1.0
"(4, 6, 7, 8)",4,0,0.1,177827.94100389228,63934.56797600932,34.035430503411895,1.0
"(4, 6, 7, 8)",4,0,0.1,316227.7660168379,84220.75989807265,33.99265805432794,0.9999999999999998
"(4, 6, 7, 8)",4,0,0.1,562341.3251903491,111280.5540348058,33.960573703865705,1.0
"(4, 6, 7, 8)",4,0,0.1,1000000.0,147370.8995030081,33.93650979932179,1.0
"(4, 6, 7, 8)",4,0,1,0.0,145.7124050394022,10.738023424522247,1.0
"(4, 6, 7, 8)",4,0,1,0.0001,145.7124050425303,10.737992143709201,0.9999999999999998
"(4, 6, 7, 8)",4,0,1,0.00017782794100389227,145.71240504929366,10.737967799397394,1.0
"(4, 6, 7, 8)",4,0,1,0.00031622776601683794,145.71240507068057,10.737924510353558,1.0
"(4, 6, 7, 8)",4,0,1,0.0005623413251903491,145.71240513830685,10.737847536486951,0.9999999999999998
"(4, 6, 7, 8)",4,0,1,0.001,145.71240535212894,10.737710674885514,0.9999999999999998
"(4, 6, 7, 8)",4,0,1,0.0017782794100389228,145.71240602811972,10.737467358176941,1.0
"(4, 6, 7, 8)",4,0,1,0.0031622776601683794,145.7124081648062,10.737034867335455,1.0
"(4, 6, 7, 8)",4,0,1,0.005623413251903491,145.71241491607194,10.736266391496574,1.0
"(4, 6, 7, 8)",4,0,1,0.01,145.71243623439256,10.734901764356932,1.0
"(4, 6, 7, 8)",4,0,1,0.01778279410038923,145.71250347468978,10.73248118576156,0.9999999999999999
"(4, 6, 7, 8)",4,0,1,0.03162277660168379,145.71271513292413,10.72819594325364,0.9999999999999998
"(4, 6, 7, 8)",4,0,1,0.05623413251903491,145.71337902679548,10.720635825071394,1.0
"(4, 6, 7, 8)",4,0,1,0.1,145.71544841433084,10.707379295748835,1.0
"(4, 6, 7, 8)",4,0,1,0.1778279410038923,145.72182833763267,10.684381819061938,1.0
"(4, 6, 7, 8)",4,0,1,0.31622776601683794,145.74112651034437,10.645220306848655,1.0
"(4, 6, 7, 8)",4,0,1,0.5623413251903491,145.79763738299275,10.580612412644907,0.9999999999999998
"(4, 6, 7, 8)",4,0,1,1.0,145.95449789052964,10.479456601666287,0.9999999999999998
"(4, 6, 7, 8)",4,0,1,1.7782794100389228,146.3549123784183,10.333567208884444,1.0
"(4, 6, 7, 8)",4,0,1,3.1622776601683795,147.26062530462843,10.146777052353032,1.0
"(4, 6, 7, 8)",4,0,1,5.623413251903491,149.0155034414041,9.94162718164827,1.0
"(4, 6, 7, 8)",4,0,1,10.0,151.88824984524538,9.751255787824366,1.0
"(4, 6, 7, 8)",4,0,1,17.78279410038923,155.9293120944928,9.59967553499453,1.0
"(4, 6, 7, 8)",4,0,1,31.622776601683793,160.9983320555511,9.49225767160357,1.0
"(4, 6, 7, 8)",4,0,1,56.23413251903491,166.8703977033278,9.422061056627927,1.0
"(4, 6, 7, 8)",4,0,1,100.0,173.32219649559767,9.378604923796901,0.9999999999999998
"(4, 6, 7, 8)",4,0,1,177.82794100389228,180.22618871098064,9.352439092442742,1.0
"(4, 6, 7, 8)",4,0,1,316.22776601683796,187.6219448134573,9.33668702295342,1.0
"(4, 6, 7, 8)",4,0,1,562.341325190349,195.7340578120801,9.32698585969583,1.0
"(4, 6, 7, 8)",4,0,1,1000.0,204.96911239783068,9.320787369416394,1.0
"(4, 6, 7, 8)",4,0,1,1778.2794100389228,215.91990511504883,9.316661966637406,1.0
"(4, 6, 7, 8)",4,0,1,3162.2776601683795,229.38743080438078,9.313813403916463,1.0
"(4, 6, 7, 8)",4,0,1,5623.413251903491,246.42588100594142,9.311789138961284,1.0
"(4, 6, 7, 8)",4,0,1,10000.0,268.41487384809415,9.310321208814173,0.9999999999999998
"(4, 6, 7, 8)",4,0,1,17782.794100389227,297.16398668234933,9.309242484844924,1.0
"(4, 6, 7, 8)",4,0,1,31622.776601683792,335.0569348844369,9.308443177814588,1.0
"(4, 6, 7, 8)",4,0,1,56234.13251903491,385.2462146056738,9.307847942325582,1.0
"(4, 6, 7, 8)",4,0,1,100000.0,451.91354710558954,9.30740336615688,1.0
"(4, 6, 7, 8)",4,0,1,177827.94100389228,540.6171114978308,9.307070745079562,1.0
"(4, 6, 7, 8)",4,0,1,316227.7660168379,658.7542097286185,9.306821639979947,1.0
"(4, 6, 7, 8)",4,0,1,562341.3251903491,816.1772519915961,9.306634975174992,1.0
"(4, 6, 7, 8)",4,0,1,1000000.0,1026.014335887262,9.30649505391134,1.0
"(4, 6, 7, 8)",4,0,3,0.0,99.386546905303,13.156809475757761,1.0
"(4, 6, 7, 8)",4,0,3,0.0001,99.3865469248589,13.156613913146494,1.0
"(4, 6, 7, 8)",4,0,3,0.00017782794100389227,99.38654696714188,13.156461721301623,1.0
"(4, 6, 7, 8)",4,0,3,0.00031622776601683794,99.38654710084107,13.15619110439382,0.9999999999999998
"(4, 6, 7, 8)",4,0,3,0.0005623413251903491,99.38654752356994,13.155709943743314,1.0
"(4, 6, 7, 8)",4,0,3,0.001,99.38654885999252,13.154854532727986,1.0
"(4, 6, 7, 8)",4,0,3,0.0017782794100389228,99.3865530840861,13.153334090581598,1.0
"(4, 6, 7, 8)",4,0,3,0.0031622776601683794,99.38656643034957,13.150632586864157,1.0
"(4, 6, 7, 8)",4,0,3,0.005623413251903491,99.3866085704189,13.14583571595199,1.0
"(4, 6, 7, 8)",4,0,3,0.01,99.38674146729917,13.137328105229448,1.0
"(4, 6, 7, 8)",4,0,3,0.01778279410038923,99.38715970113667,13.122270176003026,1.0
"(4, 6, 7, 8)",4,0,3,0.03162277660168379,99.3884710063837,13.095715310666206,1.0
"(4, 6, 7, 8)",4,0,3,0.05623413251903491,99.39255544181495,13.049184744938685,1.0
"(4, 6, 7, 8)",4,0,3,0.1,99.40513180648311,12.968563077239041,0.9999999999999998
"(4, 6, 7, 8)",4,0,3,0.1778279410038923,99.44308993154179,12.831568609680478,0.9999999999999998
"(4, 6, 7, 8)",4,0,3,0.31622776601683794,99.55383060076866,12.606376216155248,1.0
"(4, 6, 7, 8)",4,0,3,0.5623413251903491,99.85933459495295,12.255908701209515,1.0
"(4, 6, 7, 8)",4,0,3,1.0,100.63144884510395,11.755360376172632,0.9999999999999998
"(4, 6, 7, 8)",4,0,3,1.7782794100389228,102.34974873945816,11.124575221853329,0.9999999999999998
"(4, 6, 7, 8)",4,0,3,3.1622776601683795,105.58715845110318,10.450398782247671,1.0
"(4, 6, 7, 8)",4,0,3,5.623413251903491,110.62431642543525,9.854912472995284,1.0
"(4, 6, 7, 8)",4,0,3,10.0,117.11321449909028,9.41980157003599,1.0
"(4, 6, 7, 8)",4,0,3,17.78279410038923,124.25928494394239,9.148590504538728,1.0
"(4, 6, 7, 8)",4,0,3,31.622776601683793,131.31953022790822,8.997296800033462,1.0
"(4, 6, 7, 8)",4,0,3,56.23413251903491,137.85404822522923,8.918368573194272,1.0
"(4, 6, 7, 8)",4,0,3,100.0,143.66750891015815,8.878821014172512,1.0
"(4, 6, 7, 8)",4,0,3,177.82794100389228,148.6927069108594,8.859573295326031,1.0
"(4, 6, 7, 8)",4,0,3,316.22776601683796,152.93034765944273,8.850435690510412,0.9999999999999998
"(4, 6, 7, 8)",4,0,3,562.341325190349,156.42621082892413,8.846192583518986,1.0
"(4, 6, 7, 8)",4,0,3,1000.0,159.25666148742906,8.844259135038165,1.0
"(4, 6, 7, 8)",4,0,3,1778.2794100389228,161.51442583846085,8.843391333658207,1.0
"(4, 6, 7, 8)",4,0,3,3162.2776601683795,163.29614674225041,8.843006071558932,1.0
"(4, 6, 7, 8)",4,0,3,5623.413251903491,164.6936536742428,8.842836112844717,1.0
"(4, 6, 7, 8)",4,0,3,10000.0,165.7891832819655,8.84276119949367,1.0
"(4, 6, 7, 8)",4,0,3,17782.794100389227,166.65373615103312,8.842727971739894,0.9999999999999998
"(4, 6, 7, 8)",4,0,3,31622.776601683792,167.34749055351995,8.842712993836034,1.0
"(4, 6, 7, 8)",4,0,3,56234.13251903491,167.92139624139818,8.842706038733624,1.0
"(4, 6, 7, 8)",4,0,3,100000.0,168.41932708462863,8.842702654151836,1.0
"(4, 6, 7, 8)",4,0,3,177827.94100389228,168.88052388663405,8.842700897103496,1.0
"(4, 6, 7, 8)",4,0,3,316227.7660168379,169.34210608894637,8.8426999117951,0.9999999999999998
"(4, 6, 7, 8)",4,0,3,562341.3251903491,169.84147817410556,8.842699313446891,1.0
"(4, 6, 7, 8)",4,0,3,1000000.0,170.41891521045213,8.842698924093556,1.0
"(4, 6, 7, 8)",4,1,0.1,0.0,1337.822931080237,10.386096329860022,1.0
"(4, 6, 7, 8)",4,1,0.1,0.0001,1337.822931080282,10.38609587317216,0.9999999999999999
"(4, 6, 7, 8)",4,1,0.1,0.00017782794100389227,1337.8229310803817,10.386095517742355,1.0
"(4, 6, 7, 8)",4,1,0.1,0.00031622776601683794,1337.8229310806933,10.386094885690646,1.0
"(4, 6, 7, 8)",4,1,0.1,0.0005623413251903491,1337.8229310816807,10.386093761731715,1.0
"(4, 6, 7, 8)",4,1,0.1,0.001,1337.8229310848023,10.386091763036392,1.0
"(4, 6, 7, 8)",4,1,0.1,0.0017782794100389228,1337.8229310946763,10.386088208853668,1.0
"(4, 6, 7, 8)",4,1,0.1,0.0031622776601683794,1337.8229311258995,10.386081888701021,0.9999999999999999
"(4, 6, 7, 8)",4,1,0.1,0.005623413251903491,1337.8229312246337,10.386070650264346,1.0000000000000002
"(4, 6, 7, 8)",4,1,0.1,0.01,1337.8229315368337,10.386050666956463,1.0
"(4, 6, 7, 8)",4,1,0.1,0.01778279410038923,1337.822932523944,10.386015136655637,1.0
"(4, 6, 7, 8)",4,1,0.1,0.03162277660168379,1337.8229356445809,10.385951971566303,1.0
"(4, 6, 7, 8)",4,1,0.1,0.05623413251903491,1337.82294550788,10.385839702353351,1.0000000000000002
"(4, 6, 7, 8)",4,1,0.1,0.1,1337.8229766700906,10.385640233025923,1.0
"(4, 6, 7, 8)",4,1,0.1,0.1778279410038923,1337.823075054891,10.385286078074017,1.0000000000000002
"(4, 6, 7, 8)",4,1,0.1,0.31622776601683794,1337.8233852863043,10.38465804519199,1.0
"(4, 6, 7, 8)",4,1,0.1,0.5623413251903491,1337.8243613705606,10.38354672471424,1.0
"(4, 6, 7, 8)",4,1,0.1,1.0,1337.8274205964985,10.38158760654093,1.0
"(4, 6, 7, 8)",4,1,0.1,1.7782794100389228,1337.836944706204,10.378156443968441,1.0
"(4, 6, 7, 8)",4,1,0.1,3.1622776601683795,1337.8662587890867,10.372213837421453,0.9999999999999999
"(4, 6, 7, 8)",4,1,0.1,5.623413251903491,1337.9547996265285,10.362109545982456,1.0
"(4, 6, 7, 8)",4,1,0.1,10.0,1338.2144776775278,10.345417864566206,1.0
"(4, 6, 7, 8)",4,1,0.1,17.78279410038923,1338.9448346690037,10.3189598131588,1.0
"(4, 6, 7, 8)",4,1,0.1,31.622776601683793,1340.8953257512128,10.279124078773796,1.0
"(4, 6, 7, 8)",4,1,0.1,56.23413251903491,1345.8317146122447,10.222289829511395,1.0
"(4, 6, 7, 8)",4,1,0.1,100.0,1357.6947044840433,10.145292479752719,1.0
"(4, 6, 7, 8)",4,1,0.1,177.82794100389228,1384.4987410507736,10.047129089834097,1.0
"(4, 6, 7, 8)",4,1,0.1,316.22776601683796,1440.0490384688565,9.93218978338506,1.0
"(4, 6, 7, 8)",4,1,0.1,562.341325190349,1543.5842437075326,9.811085597621657,1.0
"(4, 6, 7, 8)",4,1,0.1,1000.0,1716.9975673540532,9.69646015052525,1.0000000000000002
"(4, 6, 7, 8)",4,1,0.1,1778.2794100389228,1982.138061910329,9.597525091487421,1.0
"(4, 6, 7, 8)",4,1,0.1,3162.2776601683795,2361.9866554109935,9.517623941925214,1.0
"(4, 6, 7, 8)",4,1,0.1,5623.413251903491,2886.1725800548156,9.455540608823625,1.0000000000000002
"(4, 6, 7, 8)",4,1,0.1,10000.0,3596.560690311097,9.408199772196086,1.0
"(4, 6, 7, 8)",4,1,0.1,17782.794100389227,4551.347849115341,9.372409702391165,1.0
"(4, 6, 7, 8)",4,1,0.1,31622.776601683792,5829.618881864139,9.345461193383095,1.0000000000000002
"(4, 6, 7, 8)",4,1,0.1,56234.13251903491,7537.701818478834,9.325210091150307,1.0
"(4, 6, 7, 8)",4,1,0.1,100000.0,9817.913843368397,9.31000708929288,1.0
"(4, 6, 7, 8)",4,1,0.1,177827.94100389228,12860.369721665917,9.298599703237759,0.9999999999999999
"(4, 6, 7, 8)",4,1,0.1,316227.7660168379,16918.805434743008,9.290042634305081,1.0000000000000002
"(4, 6, 7, 8)",4,1,0.1,562341.3251903491,22331.722762074845,9.283624614557972,1.0
"(4, 6, 7, 8)",4,1,0.1,1000000.0,29550.592054185698,9.278811302016267,1.0
"(4, 6, 7, 8)",4,1,1,0.0,73.18191542901872,3.784050679709413,1.0
"(4, 6, 7, 8)",4,1,1,0.0001,73.1819154299326,3.784041541423421,1.0
"(4, 6, 7, 8)",4,1,1,0.00017782794100389227,73.18191543190848,3.784034429544855,1.0
"(4, 6, 7, 8)",4,1,1,0.00031622776601683794,73.18191543815642,3.7840217832026393,1.0
"(4, 6, 7, 8)",4,1,1,0.0005623413251903491,73.18191545791282,3.7839992962592506,0.9999999999999999
"(4, 6, 7, 8)",4,1,1,0.001,73.18191552037855,3.783959313839515,1.0
"(4, 6, 7, 8)",4,1,1,0.0017782794100389228,73.1819157178616,3.7838882317830302,1.0000000000000002
"(4, 6, 7, 8)",4,1,1,0.0031622776601683794,73.18191634207123,3.7837618844641656,0.9999999999999999
"(4, 6, 7, 8)",4,1,1,0.005623413251903491,73.18191831438817,3.7835373819291163,1.0
"(4, 6, 7, 8)",4,1,1,0.01,73.18192454237787,3.7831387165526964,0.9999999999999999
"(4, 6, 7, 8)",4,1,1,0.01778279410038923,73.1819441864296,3.782431552564587,1.0
"(4, 6, 7, 8)",4,1,1,0.03162277660168379,73.18200602353043,3.7811795980794614,1.0
"(4, 6, 7, 8)",4,1,1,0.05623413251903491,73.1821999947831,3.778970750530411,0.9999999999999999
"(4, 6, 7, 8)",4,1,1,0.1,73.18280468405933,3.7750971305022,1.0
"(4, 6, 7, 8)",4,1,1,0.1778279410038923,73.18466943777523,3.7683754360477066,1.0
"(4, 6, 7, 8)",4,1,1,0.31622776601683794,73.1903135877007,3.7569223220601384,1.0
"(4, 6, 7, 8)",4,1,1,0.5623413251903491,73.20686785656217,3.7379981504750006,1.0
"(4, 6, 7, 8)",4,1,1,1.0,73.25300792465426,3.708251740357059,1.0
"(4, 6, 7, 8)",4,1,1,1.7782794100389228,73.37201086713152,3.6649236098221225,1.0
"(4, 6, 7, 8)",4,1,1,3.1622776601683795,73.64773491355523,3.608149174334049,0.9999999999999999
"(4, 6, 7, 8)",4,1,1,5.623413251903491,74.20877457371917,3.5427620731955174,1.0
"(4, 6, 7, 8)",4,1,1,10.0,75.2060719112647,3.4769843634384303,1.0
"(4, 6, 7, 8)",4,1,1,17.78279410038923,76.77169192004675,3.4185881343440467,0.9999999999999999
"(4, 6, 7, 8)",4,1,1,31.622776601683793,78.97485586158429,3.3721470440107892,1.0
"(4, 6, 7, 8)",4,1,1,56.23413251903491,81.78776969797559,3.3386555801612654,1.0
"(4, 6, 7, 8)",4,1,1,100.0,85.08540923871642,3.3164928053422473,1.0
"(4, 6, 7, 8)",4,1,1,177.82794100389228,88.68930124758906,3.3028319645066295,1.0
"(4, 6, 7, 8)",4,1,1,316.22776601683796,92.42995201712174,3.29484249214973,1.0
"(4, 6, 7, 8)",4,1,1,562.341325190349,96.19600710401205,3.290314938133276,1.0
"(4, 6, 7, 8)",4,1,1,1000.0,99.95813012756672,3.287771995619051,0.9999999999999999
"(4, 6, 7, 8)",4,1,1,1778.2794100389228,103.77293991490245,3.2863237326615504,1.0
"(4, 6, 7, 8)",4,1,1,3162.2776601683795,107.77780996749958,3.2854704702216777,0.9999999999999999
"(4, 6, 7, 8)",4,1,1,5623.413251903491,112.1858441838785,3.2849436127863263,1.0
"(4, 6, 7, 8)",4,1,1,10000.0,117.28695924962064,3.2846015500870287,1.0
"(4, 6, 7, 8)",4,1,1,17782.794100389227,123.45818138028365,3.28436928548671,1.0
"(4, 6, 7, 8)",4,1,1,31622.776601683792,131.1847854994641,3.2842059820218985,0.9999999999999999
"(4, 6, 7, 8)",4,1,1,56234.13251903491,141.09366929898064,3.284088322728666,0.9999999999999999
"(4, 6, 7, 8)",4,1,1,100000.0,154.00101249850027,3.284002187139045,0.9999999999999999
"(4, 6, 7, 8)",4,1,1,177827.94100389228,170.97741529718104,3.283938502093019,1.0
"(4, 6, 7, 8)",4,1,1,316227.7660168379,193.43540823523364,3.2838911353255726,1.0
"(4, 6, 7, 8)",4,1,1,562341.3251903491,223.24613061539804,3.2838557822178145,1.0
"(4, 6, 7, 8)",4,1,1,1000000.0,262.89449448857,3.2838293421398808,1.0
"(4, 6, 7, 8)",4,1,3,0.0,64.63134281932153,4.3331085623899614,1.0
"(4, 6, 7, 8)",4,1,3,0.0001,64.63134282489793,4.333052797234491,0.9999999999999999
"(4, 6, 7, 8)",4,1,3,0.00017782794100389227,64.63134283695491,4.333009399813445,0.9999999999999999
"(4, 6, 7, 8)",4,1,3,0.00031622776601683794,64.63134287507873,4.332932234533632,1.0
"(4, 6, 7, 8)",4,1,3,0.0005623413251903491,64.6313429956152,4.332795036692888,1.0
"(4, 6, 7, 8)",4,1,3,0.001,64.63134337666574,4.332551135162198,1.0
"(4, 6, 7, 8)",4,1,3,0.0017782794100389228,64.63134458098138,4.33211764574142,1.0
"(4, 6, 7, 8)",4,1,3,0.0031622776601683794,64.63134838558818,4.33134752480501,1.0
"(4, 6, 7, 8)",4,1,3,0.005623413251903491,64.63136039563288,4.329980383955556,1.0
"(4, 6, 7, 8)",4,1,3,0.01,64.63139825605435,4.32755662926388,1.0
"(4, 6, 7, 8)",4,1,3,0.01778279410038923,64.63151731803474,4.323269785922882,1.0
"(4, 6, 7, 8)",4,1,3,0.03162277660168379,64.63189013695434,4.315719371345932,1.0000000000000002
"(4, 6, 7, 8)",4,1,3,0.05623413251903491,64.63304875803124,4.302518429528754,0.9999999999999999
"(4, 6, 7, 8)",4,1,3,0.1,64.63660217799124,4.279733758876218,0.9999999999999998
"(4, 6, 7, 8)",4,1,3,0.1778279410038923,64.64725445674387,4.241273581864324,1.0
"(4, 6, 7, 8)",4,1,3,0.31622776601683794,64.67797963796433,4.1787527724020785,1.0
"(4, 6, 7, 8)",4,1,3,0.5623413251903491,64.76120646461887,4.08317818743595,1.0
"(4, 6, 7, 8)",4,1,3,1.0,64.9659043896677,3.950278164433699,1.0
"(4, 6, 7, 8)",4,1,3,1.7782794100389228,65.40556504677234,3.7885856794599664,1.0
"(4, 6, 7, 8)",4,1,3,3.1622776601683795,66.20479086636519,3.6218980483956793,1.0
"(4, 6, 7, 8)",4,1,3,5.623413251903491,67.42919421985528,3.477170725855976,1.0
"(4, 6, 7, 8)",4,1,3,10.0,69.06555303759917,3.367822550365661,1.0
"(4, 6, 7, 8)",4,1,3,17.78279410038923,71.08552470283,3.2917201942775716,1.0
"(4, 6, 7, 8)",4,1,3,31.622776601683793,73.48206264582579,3.2408682027885436,1.0
"(4, 6, 7, 8)",4,1,3,56.23413251903491,76.22396123651575,3.2080846807924215,1.0
"(4, 6, 7, 8)",4,1,3,100.0,79.20937589403657,3.1879584566595436,0.9999999999999999
"(4, 6, 7, 8)",4,1,3,177.82794100389228,82.27720497742536,3.1762953637798055,1.0
"(4, 6, 7, 8)",4,1,3,316.22776601683796,85.2545955919062,3.1699133812689917,1.0
"(4, 6, 7, 8)",4,1,3,562.341325190349,88.00015789561525,3.1665964810483502,1.0000000000000002
"(4, 6, 7, 8)",4,1,3,1000.0,90.42467918398995,3.1649462707436222,1.0
"(4, 6, 7, 8)",4,1,3,1778.2794100389228,92.49120023208522,3.16415412207195,0.9999999999999999
"(4, 6, 7, 8)",4,1,3,3162.2776601683795,94.20356149193535,3.1637845703090295,1.0
"(4, 6, 7, 8)",4,1,3,5623.413251903491,95.59173761599816,3.1636159481079544,1.0
"(4, 6, 7, 8)",4,1,3,10000.0,96.6989099834821,3.163540270629665,1.0
"(4, 6, 7, 8)",4,1,3,17782.794100389227,97.57215599158103,3.1635066917787884,1.0
"(4, 6, 7, 8)",4,1,3,31622.776601683792,98.2567658576337,3.163491885642734,1.0
"(4, 6, 7, 8)",4,1,3,56234.13251903491,98.79339385506731,3.163485360198465,1.0
"(4, 6, 7, 8)",4,1,3,100000.0,99.2171154111187,3.1634824642615005,1.0
"(4, 6, 7, 8)",4,1,3,177827.94100389228,99.55763786240571,3.163481156966335,1.0
"(4, 6, 7, 8)",4,1,3,316227.7660168379,99.84009529690775,3.1634805482184136,1.0
"(4, 6, 7, 8)",4,1,3,562341.3251903491,100.08612421502818,3.1634802506850357,1.0
"(4, 6, 7, 8)",4,1,3,1000000.0,100.31502853555047,3.163480095288166,1.0
"(5, 6, 7, 8)",4,-1,0.1,0.0,2011.5952197330369,12.988853962576602,1.0
"(5, 6, 7, 8)",4,-1,0.1,0.0001,2011.5952197332522,12.988851826583657,1.0
"(5, 6, 7, 8)",4,-1,0.1,0.00017782794100389227,2011.595219733714,12.988850164187745,1.0
"(5, 6, 7, 8)",4,-1,0.1,0.00031622776601683794,2011.5952197351717,12.988847207990503,1.0
"(5, 6, 7, 8)",4,-1,0.1,0.0005623413251903491,2011.5952197397903,12.988841951068595,1.0
"(5, 6, 7, 8)",4,-1,0.1,0.001,2011.5952197543945,12.98883260286458,1.0000000000000002
"(5, 6, 7, 8)",4,-1,0.1,0.0017782794100389228,2011.595219800576,12.98881597937344,0.9999999999999998
"(5, 6, 7, 8)",4,-1,0.1,0.0031622776601683794,2011.5952199466142,12.9887864188812,0.9999999999999999
"(5, 6, 7, 8)",4,-1,0.1,0.005623413251903491,2011.5952204084233,12.988733854342472,1.0
"(5, 6, 7, 8)",4,-1,0.1,0.01,2011.5952218686778,12.988640387102151,1.0000000000000002
"(5, 6, 7, 8)",4,-1,0.1,0.01778279410038923,2011.5952264857829,12.988474198987294,1.0
"(5, 6, 7, 8)",4,-1,0.1,0.03162277660168379,2011.5952410827406,12.988178742019224,0.9999999999999999
"(5, 6, 7, 8)",4,-1,0.1,0.05623413251903491,2011.5952872219468,12.987653564341537,1.0
"(5, 6, 7, 8)",4,-1,0.1,0.1,2011.5954330118907,12.98672037005012,1.0
"(5, 6, 7, 8)",4,-1,0.1,0.1778279410038923,2011.5958933938132,12.985063157957242,1.0
"(5, 6, 7, 8)",4,-1,0.1,0.31622776601683794,2011.5973456240772,12.98212332427027,0.9999999999999998
"(5, 6, 7, 8)",4,-1,0.1,0.5623413251903491,2011.601917694723,12.97691798522082,1.0
"(5, 6, 7, 8)",4,-1,0.1,1.0,2011.6162627985482,12.967731989601855,1.0
"(5, 6, 7, 8)",4,-1,0.1,1.7782794100389228,2011.6610002717225,12.951616392100656,1.0
"(5, 6, 7, 8)",4,-1,0.1,3.1622776601683795,2011.7990511730864,12.923634241959677,1.0
"(5, 6, 7, 8)",4,-1,0.1,5.623413251903491,2012.2172910924232,12.875911105289031,1.0
"(5, 6, 7, 8)",4,-1,0.1,10.0,2013.4453439179763,12.796970124885874,1.0
"(5, 6, 7, 8)",4,-1,0.1,17.78279410038923,2016.8697084035384,12.67282136955889,0.9999999999999998
"(5, 6, 7, 8)",4,-1,0.1,31.622776601683793,2025.6777152763657,12.492437295137833,1.0
"(5, 6, 7, 8)",4,-1,0.1,56.23413251903491,2045.861839328954,12.258537691868861,1.0000000000000002
"(5, 6, 7, 8)",4,-1,0.1,100.0,2085.9512057674756,11.995418681885218,1.0
"(5, 6, 7, 8)",4,-1,0.1,177.82794100389228,2155.2175321118903,11.73823980641837,0.9999999999999999
"(5, 6, 7, 8)",4,-1,0.1,316.22776601683796,2264.772517260008,11.5089048360839,0.9999999999999999
"(5, 6, 7, 8)",4,-1,0.1,562.341325190349,2434.445030424252,11.309181566532683,1.0
"(5, 6, 7, 8)",4,-1,0.1,1000.0,2697.162920058687,11.135209557244718,1.0
"(5, 6, 7, 8)",4,-1,0.1,1778.2794100389228,3094.0029055849545,10.987166958458939,1.0
"(5, 6, 7, 8)",4,-1,0.1,3162.2776601683795,3669.0527721227313,10.866289559018163,1.0
"(5, 6, 7, 8)",4,-1,0.1,5623.413251903491,4473.214069388765,10.771098737203106,0.9999999999999999
"(5, 6, 7, 8)",4,-1,0.1,10000.0,5572.645970644834,10.69785468379478,1.0
"(5, 6, 7, 8)",4,-1,0.1,17782.794100389227,7057.403792466531,10.642207870779483,1.0
"(5, 6, 7, 8)",4,-1,0.1,31622.776601683792,9050.187724536145,10.600199642042186,1.0
"(5, 6, 7, 8)",4,-1,0.1,56234.13251903491,11716.59205396309,10.56858811900197,1.0
"(5, 6, 7, 8)",4,-1,0.1,100000.0,15278.696803888304,10.544838881102478,1.0
"(5, 6, 7, 8)",4,-1,0.1,177827.94100389228,20033.452552834053,10.527011652844795,1.0
"(5, 6, 7, 8)",4,-1,0.1,316227.7660168379,26377.377282163572,10.513635824205002,1.0
"(5, 6, 7, 8)",4,-1,0.1,562341.3251903491,34839.59085539224,10.503602356576499,1.0000000000000002
"(5, 6, 7, 8)",4,-1,0.1,1000000.0,46125.91721877489,10.49607706131175,1.0
"(5, 6, 7, 8)",4,-1,1,0.0,67.50422804973543,4.16739567610985,0.9999999999999999
"(5, 6, 7, 8)",4,-1,1,0.0001,67.50422805140192,4.167379010925577,1.0
"(5, 6, 7, 8)",4,-1,1,0.00017782794100389227,67.50422805500527,4.167366041209281,1.0
"(5, 6, 7, 8)",4,-1,1,0.00031622776601683794,67.50422806639955,4.16734297840967,1.0
"(5, 6, 7, 8)",4,-1,1,0.0005623413251903491,67.50422810242856,4.167301969406351,1.0
"(5, 6, 7, 8)",4,-1,1,0.001,67.50422821634676,4.167229053736452,1.0
"(5, 6, 7, 8)",4,-1,1,0.0017782794100389228,67.50422857649947,4.167099420272089,0.9999999999999999
"(5, 6, 7, 8)",4,-1,1,0.0031622776601683794,67.50422971490632,4.166868993639443,0.9999999999999999
"(5, 6, 7, 8)",4,-1,1,0.005623413251903491,67.50423331207699,4.166459539981505,0.9999999999999999
"(5, 6, 7, 8)",4,-1,1,0.01,67.50424467167561,4.165732393479161,1.0
"(5, 6, 7, 8)",4,-1,1,0.01778279410038923,67.50428050610053,4.164442403304717,1.0
"(5, 6, 7, 8)",4,-1,1,0.03162277660168379,67.50439333334425,4.162158130913911,0.9999999999999999
"(5, 6, 7, 8)",4,-1,1,0.05623413251903491,67.50474738690312,4.158126435480101,1.0
"(5, 6, 7, 8)",4,-1,1,0.1,67.50585184905566,4.15105155479842,0.9999999999999999
"(5, 6, 7, 8)",4,-1,1,0.1778279410038923,67.50926158733608,4.138761578272063,1.0
"(5, 6, 7, 8)",4,-1,1,0.31622776601683794,67.51960025800945,4.117784387644495,1.0
"(5, 6, 7, 8)",4,-1,1,0.5623413251903491,67.55000068706538,4.083036462076813,0.9999999999999998
"(5, 6, 7, 8)",4,-1,1,1.0,67.63497610405243,4.028259818470413,1.0
"(5, 6, 7, 8)",4,-1,1,1.7782794100389228,67.8543550029082,3.9483815536565645,1.0
"(5, 6, 7, 8)",4,-1,1,3.1622776601683795,68.35911346319376,3.8443813162504323,1.0
"(5, 6, 7, 8)",4,-1,1,5.623413251903491,69.35994029292661,3.7275249741200867,0.9999999999999999
"(5, 6, 7, 8)",4,-1,1,10.0,71.0423912872284,3.616176409576468,1.0
"(5, 6, 7, 8)",4,-1,1,17.78279410038923,73.46919373120751,3.5252478498957838,1.0
"(5, 6, 7, 8)",4,-1,1,31.622776601683793,76.57496363352674,3.4594882835042178,0.9999999999999999
"(5, 6, 7, 8)",4,-1,1,56.23413251903491,80.22472314361134,3.415881204765815,1.0
"(5, 6, 7, 8)",4,-1,1,100.0,84.25570367665824,3.3887281477090627,1.0
"(5, 6, 7, 8)",4,-1,1,177.82794100389228,88.50991136417936,3.372584169996772,1.0
"(5, 6, 7, 8)",4,-1,1,316.22776601683796,92.87152943675657,3.3632674891080354,0.9999999999999998
"(5, 6, 7, 8)",4,-1,1,562.341325190349,97.29700822190084,3.357951467596529,1.0
"(5, 6, 7, 8)",4,-1,1,1000.0,101.8318263397492,3.354891083845962,1.0
"(5, 6, 7, 8)",4,-1,1,1778.2794100389228,106.61539663078598,3.3530789044880858,0.9999999999999999
"(5, 6, 7, 8)",4,-1,1,3162.2776601683795,111.88084671752794,3.351959677126616,1.0
"(5, 6, 7, 8)",4,-1,1,5623.413251903491,117.95761945994862,3.351234932419142,1.0
"(5, 6, 7, 8)",4,-1,1,10000.0,125.28267918094643,3.3507445920561656,0.9999999999999999
"(5, 6, 7, 8)",4,-1,1,17782.794100389227,134.42379758530208,3.3504009811497686,1.0
"(5, 6, 7, 8)",4,-1,1,31622.776601683792,146.11733735056075,3.3501540416692936,1.0
"(5, 6, 7, 8)",4,-1,1,56234.13251903491,161.32318397090265,3.3499735803747903,1.0
"(5, 6, 7, 8)",4,-1,1,100000.0,181.3006287469687,3.349840305814333,1.0
"(5, 6, 7, 8)",4,-1,1,177827.94100389228,207.71078026550273,3.349741250023494,1.0
"(5, 6, 7, 8)",4,-1,1,316227.7660168379,242.753529057595,3.3496673488516926,1.0
"(5, 6, 7, 8)",4,-1,1,562341.3251903491,289.35007440619125,3.3496120932559554,0.9999999999999999
"(5, 6, 7, 8)",4,-1,1,1000000.0,351.3856885927594,3.349570726409201,1.0
"(5, 6, 7, 8)",4,-1,3,0.0,53.40191865536222,5.1795714214136055,1.0
"(5, 6, 7, 8)",4,-1,3,0.0001,53.40191866355109,5.1794895314442675,1.0
"(5, 6, 7, 8)",4,-1,3,0.00017782794100389227,53.40191868125681,5.179425802386849,1.0
"(5, 6, 7, 8)",4,-1,3,0.00031622776601683794,53.40191873724243,5.179312483439025,1.0
"(5, 6, 7, 8)",4,-1,3,0.0005623413251903491,53.40191891425852,5.17911099953162,0.9999999999999999
"(5, 6, 7, 8)",4,-1,3,0.001,53.401919473886245,5.178752796034842,0.9999999999999998
"(5, 6, 7, 8)",4,-1,3,0.0017782794100389228,53.40192124276274,5.178116098340879,0.9999999999999999
"(5, 6, 7, 8)",4,-1,3,0.0031622776601683794,53.40192683182492,5.176984782492787,1.0
"(5, 6, 7, 8)",4,-1,3,0.005623413251903491,53.4019444800765,5.174975861485256,1.0
"(5, 6, 7, 8)",4,-1,3,0.01,53.40200014345777,5.171412502528165,1.0
"(5, 6, 7, 8)",4,-1,3,0.01778279410038923,53.40217535384095,5.165104368491312,1.0
"(5, 6, 7, 8)",4,-1,3,0.03162277660168379,53.40272489066044,5.153976083947406,1.0
"(5, 6, 7, 8)",4,-1,3,0.05623413251903491,53.404437643387965,5.134464826687548,1.0
"(5, 6, 7, 8)",4,-1,3,0.1,53.40971715037449,5.100622336099128,1.0
"(5, 6, 7, 8)",4,-1,3,0.1778279410038923,53.42568244082076,5.043008535287612,0.9999999999999999
"(5, 6, 7, 8)",4,-1,3,0.31622776601683794,53.47241566815161,4.947994426094272,1.0
"(5, 6, 7, 8)",4,-1,3,0.5623413251903491,53.60207427367498,4.799302026440244,0.9999999999999998
"(5, 6, 7, 8)",4,-1,3,1.0,53.93286349863668,4.584974003880616,0.9999999999999999
"(5, 6, 7, 8)",4,-1,3,1.7782794100389228,54.6800800400053,4.310906910050993,1.0
"(5, 6, 7, 8)",4,-1,3,3.1622776601683795,56.11950896134779,4.011526957208451,0.9999999999999998
"(5, 6, 7, 8)",4,-1,3,5.623413251903491,58.42874782885112,3.738989201069007,0.9999999999999999
"(5, 6, 7, 8)",4,-1,3,10.0,61.52346008261046,3.53191611000689,0.9999999999999999
"(5, 6, 7, 8)",4,-1,3,17.78279410038923,65.10884327834945,3.396218050474445,1.0
"(5, 6, 7, 8)",4,-1,3,31.622776601683793,68.89719335310942,3.3153350998945337,1.0
"(5, 6, 7, 8)",4,-1,3,56.23413251903491,72.7191085936048,3.269378938595233,1.0
"(5, 6, 7, 8)",4,-1,3,100.0,76.47249754775737,3.243968647921431,1.0
"(5, 6, 7, 8)",4,-1,3,177.82794100389228,80.05717692040666,3.2303015445809575,0.9999999999999999
"(5, 6, 7, 8)",4,-1,3,316.22776601683796,83.36849730319248,3.223190156403373,1.0
"(5, 6, 7, 8)",4,-1,3,562.341325190349,86.3214976780564,3.219617965128581,0.9999999999999998
"(5, 6, 7, 8)",4,-1,3,1000.0,88.86926287105433,3.2178822684481783,1.0
"(5, 6, 7, 8)",4,-1,3,1778.2794100389228,91.00515062972461,3.2170629866705416,1.0
"(5, 6, 7, 8)",4,-1,3,3162.2776601683795,92.75396506863999,3.2166853875388886,1.0
"(5, 6, 7, 8)",4,-1,3,5623.413251903491,94.15963827662243,3.2165145827494057,1.0
"(5, 6, 7, 8)",4,-1,3,10000.0,95.27429574849135,3.216438377364537,1.0
"(5, 6, 7, 8)",4,-1,3,17782.794100389227,96.15056075970334,3.216404679192179,1.0
"(5, 6, 7, 8)",4,-1,3,31622.776601683792,96.83710110604275,3.2163898319332946,1.0
"(5, 6, 7, 8)",4,-1,3,56234.13251903491,97.37666181734708,3.2163832722562318,1.0
"(5, 6, 7, 8)",4,-1,3,100000.0,97.8057297878093,3.2163803411800287,1.0
"(5, 6, 7, 8)",4,-1,3,177827.94100389228,98.15514576818087,3.2163790007686854,0.9999999999999999
"(5, 6, 7, 8)",4,-1,3,316227.7660168379,98.45119119820376,3.2163783634757546,1.0
"(5, 6, 7, 8)",4,-1,3,562341.3251903491,98.71689871795947,3.216378042747225,0.9999999999999999
"(5, 6, 7, 8)",4,-1,3,1000000.0,98.97329588274974,3.216377869011312,1.0
"(5, 6, 7, 8)",4,0,0.1,0.0,18646.252841474146,100.34416333236516,1.0
"(5, 6, 7, 8)",4,0,0.1,0.0001,18646.252841475613,100.34414863044437,1.0
"(5, 6, 7, 8)",4,0,0.1,0.00017782794100389227,18646.252841478774,100.34413718826532,1.0
"(5, 6, 7, 8)",4,0,0.1,0.00031622776601683794,18646.2528414888,100.34411684092277,1.0
"(5, 6, 7, 8)",4,0,0.1,0.0005623413251903491,18646.252841520538,100.34408065781764,0.9999999999999998
"(5, 6, 7, 8)",4,0,0.1,0.001,18646.25284162098,100.34401631463741,1.0
"(5, 6, 7, 8)",4,0,0.1,0.0017782794100389228,18646.25284193873,100.34390189603576,1.0
"(5, 6, 7, 8)",4,0,0.1,0.0031622776601683794,18646.252842943708,100.34369843269717,1.0
"(5, 6, 7, 8)",4,0,0.1,0.005623413251903491,18646.252846121915,100.34333663354074,0.9999999999999998
"(5, 6, 7, 8)",4,0,0.1,0.01,18646.2528561721,100.34269330259141,1.0
"(5, 6, 7, 8)",4,0,0.1,0.01778279410038923,18646.25288795027,100.34154943546662,0.9999999999999998
"(5, 6, 7, 8)",4,0,0.1,0.03162277660168379,18646.252988418746,100.33951581030308,1.0
"(5, 6, 7, 8)",4,0,0.1,0.05623413251903491,18646.253305991726,100.3359010058891,1.0
"(5, 6, 7, 8)",4,0,0.1,0.1,18646.25430946704,100.3294777686871,1.0
"(5, 6, 7, 8)",4,0,0.1,0.1778279410038923,18646.257478339783,100.31807091310782,1.0000000000000002
"(5, 6, 7, 8)",4,0,0.1,0.31622776601683794,18646.267474511158,100.297835071102,1.0
"(5, 6, 7, 8)",4,0,0.1,0.5623413251903491,18646.29894701103,100.26200342839302,1.0
"(5, 6, 7, 8)",4,0,0.1,1.0,18646.397701747843,100.19876534675198,1.0
"(5, 6, 7, 8)",4,0,0.1,1.7782794100389228,18646.70573064829,100.08780629920768,1.0
"(5, 6, 7, 8)",4,0,0.1,3.1622776601683795,18647.65651672519,99.895090485905,0.9999999999999998
"(5, 6, 7, 8)",4,0,0.1,5.623413251903491,18650.538620217038,99.56624003645229,1.0
"(5, 6, 7, 8)",4,0,0.1,10.0,18659.010749858346,99.02167803810262,1.0
"(5, 6, 7, 8)",4,0,0.1,17.78279410038923,18682.692785835905,98.16323233554846,0.9999999999999998
"(5, 6, 7, 8)",4,0,0.1,31.622776601683793,18743.948085711414,96.90921512424211,1.0
"(5, 6, 7, 8)",4,0,0.1,56.23413251903491,18886.172209817785,95.26253299617282,1.0
"(5, 6, 7, 8)",4,0,0.1,100.0,19177.278991062827,93.35572172482944,1.0
"(5, 6, 7, 8)",4,0,0.1,177.82794100389228,19712.1848596798,91.3772639363178,1.0
"(5, 6, 7, 8)",4,0,0.1,316.22776601683796,20645.687130444883,89.43345990521726,0.9999999999999998
"(5, 6, 7, 8)",4,0,0.1,562.341325190349,22253.972250596536,87.54903134914926,1.0
"(5, 6, 7, 8)",4,0,0.1,1000.0,24928.11221299433,85.78227993120042,1.0
"(5, 6, 7, 8)",4,0,0.1,1778.2794100389228,29068.7013797811,84.23813512626742,1.0
"(5, 6, 7, 8)",4,0,0.1,3162.2776601683795,35046.876934556414,82.98088724362466,1.0
"(5, 6, 7, 8)",4,0,0.1,5623.413251903491,43316.40007262286,82.00152277119908,1.0
"(5, 6, 7, 8)",4,0,0.1,10000.0,54534.71182946633,81.25395813940118,1.0
"(5, 6, 7, 8)",4,0,0.1,17782.794100389227,69625.6629683114,80.68829775355029,1.0
"(5, 6, 7, 8)",4,0,0.1,31622.776601683792,89843.54399803141,80.26207636269788,1.0
"(5, 6, 7, 8)",4,0,0.1,56234.13251903491,116872.49414050067,79.94162580278112,1.0
"(5, 6, 7, 8)",4,0,0.1,100000.0,152965.81498779933,79.70098109861468,1.0
"(5, 6, 7, 8)",4,0,0.1,177827.94100389228,201133.47450940654,79.52038225205686,1.0
"(5, 6, 7, 8)",4,0,0.1,316227.7660168379,265392.9102022697,79.3848937518488,1.0
"(5, 6, 7, 8)",4,0,0.1,562341.3251903491,351103.9450142166,79.28326725991182,1.0
"(5, 6, 7, 8)",4,0,0.1,1000000.0,465415.6057658018,79.20704781023302,1.0
"(5, 6, 7, 8)",4,0,1,0.0,195.5096951560896,17.245200665206188,1.0
"(5, 6, 7, 8)",4,0,1,0.0001,195.50969515712362,17.245190326869643,1.0
"(5, 6, 7, 8)",4,0,1,0.00017782794100389227,195.50969515935907,17.245182280971342,1.0
"(5, 6, 7, 8)",4,0,1,0.00031622776601683794,195.50969516642786,17.245167973583342,1.0
"(5, 6, 7, 8)",4,0,1,0.0005623413251903491,195.5096951887791,17.24514253252728,1.0
"(5, 6, 7, 8)",4,0,1,0.001,195.50969525945365,17.24509729589261,1.0
"(5, 6, 7, 8)",4,0,1,0.0017782794100389228,195.50969548290394,17.245016867285198,1.0
"(5, 6, 7, 8)",4,0,1,0.0031622776601683794,195.50969618927962,17.24487388942928,1.0
"(5, 6, 7, 8)",4,0,1,0.005623413251903491,195.50969842170736,17.244619782346856,1.0
"(5, 6, 7, 8)",4,0,1,0.01,195.5097054737993,17.24416837468818,0.9999999999999999
"(5, 6, 7, 8)",4,0,1,0.01778279410038923,195.50972773260185,17.24336711467815,0.9999999999999998
"(5, 6, 7, 8)",4,0,1,0.03162277660168379,195.50979788677247,17.241946874177877,0.9999999999999998
"(5, 6, 7, 8)",4,0,1,0.05623413251903491,195.51001842694615,17.239435791343496,0.9999999999999998
"(5, 6, 7, 8)",4,0,1,0.1,195.51070859613867,17.23501558066043,0.9999999999999998
"(5, 6, 7, 8)",4,0,1,0.1778279410038923,195.51285144149176,17.227294523327185,1.0
"(5, 6, 7, 8)",4,0,1,0.31622776601683794,195.51941465227767,17.213985617248532,1.0
"(5, 6, 7, 8)",4,0,1,0.5623413251903491,195.53906198267293,17.191552151561776,0.9999999999999998
"(5, 6, 7, 8)",4,0,1,1.0,195.59573910812512,17.155084773434723,1.0
"(5, 6, 7, 8)",4,0,1,1.7782794100389228,195.75025787134226,17.099002485768775,1.0
"(5, 6, 7, 8)",4,0,1,3.1622776601683795,196.13938946278566,17.019244100731328,1.0
"(5, 6, 7, 8)",4,0,1,5.623413251903491,197.02515130363494,16.916618503867788,0.9999999999999998
"(5, 6, 7, 8)",4,0,1,10.0,198.81832786831453,16.799100295566927,0.9999999999999998
"(5, 6, 7, 8)",4,0,1,17.78279410038923,202.01922631298703,16.68041136660561,1.0
"(5, 6, 7, 8)",4,0,1,31.622776601683793,207.06197512255468,16.574647722914673,1.0000000000000002
"(5, 6, 7, 8)",4,0,1,56.23413251903491,214.1693546728133,16.49041351798686,1.0
"(5, 6, 7, 8)",4,0,1,100.0,223.37178369045716,16.42887793841908,1.0
"(5, 6, 7, 8)",4,0,1,177.82794100389228,234.69661331445428,16.38622316600908,1.0
"(5, 6, 7, 8)",4,0,1,316.22776601683796,248.3728824218981,16.357247744000286,0.9999999999999998
"(5, 6, 7, 8)",4,0,1,562.341325190349,264.94492514115063,16.337513743032957,1.0
"(5, 6, 7, 8)",4,0,1,1000.0,285.3297603778981,16.32387504746104,1.0
"(5, 6, 7, 8)",4,0,1,1778.2794100389228,310.8799262742514,16.31427073256938,1.0
"(5, 6, 7, 8)",4,0,1,3162.2776601683795,343.47753213234574,16.307385512722306,1.0
"(5, 6, 7, 8)",4,0,1,5623.413251903491,385.67082121263246,16.302376939773467,0.9999999999999998
"(5, 6, 7, 8)",4,0,1,10000.0,440.86675394839,16.29869401121084,1.0
"(5, 6, 7, 8)",4,0,1,17782.794100389227,513.5978216852506,16.295965762305283,1.0
"(5, 6, 7, 8)",4,0,1,31622.776601683792,609.8865263855499,16.293934986293273,1.0
"(5, 6, 7, 8)",4,0,1,56234.13251903491,737.7379099432509,16.29241882638964,1.0
"(5, 6, 7, 8)",4,0,1,100000.0,907.8006020650797,16.29128480550318,1.0
"(5, 6, 7, 8)",4,0,1,177827.94100389228,1134.2506350026272,16.29043568484414,1.0
"(5, 6, 7, 8)",4,0,1,316227.7660168379,1435.9707209889493,16.289799482796827,1.0
"(5, 6, 7, 8)",4,0,1,562341.3251903491,1838.1229527438543,16.289322632691274,1.0
"(5, 6, 7, 8)",4,0,1,1000000.0,2374.2434410721235,16.288965143534348,1.0
"(5, 6, 7, 8)",4,0,3,0.0,120.69493139477694,18.85560541310395,1.0
"(5, 6, 7, 8)",4,0,3,0.0001,120.69493141013427,18.855451835828266,1.0
"(5, 6, 7, 8)",4,0,3,0.00017782794100389227,120.69493144333975,18.855332318090266,1.0
"(5, 6, 7, 8)",4,0,3,0.00031622776601683794,120.6949315483352,18.855119800089316,1.0
"(5, 6, 7, 8)",4,0,3,0.0005623413251903491,120.69493188030842,18.854741940401492,1.0
"(5, 6, 7, 8)",4,0,3,0.001,120.69493292981184,18.854070179538464,1.0
"(5, 6, 7, 8)",4,0,3,0.0017782794100389228,120.6949362470178,18.852876167525274,1.0
"(5, 6, 7, 8)",4,0,3,0.0031622776601683794,120.6949467278692,18.85075467024281,1.0
"(5, 6, 7, 8)",4,0,3,0.005623413251903491,120.69497982029948,18.846987705112767,1.0
"(5, 6, 7, 8)",4,0,3,0.01,120.6950841822362,18.84030680040868,1.0
"(5, 6, 7, 8)",4,0,3,0.01778279410038923,120.69541260697817,18.828482306739954,0.9999999999999998
"(5, 6, 7, 8)",4,0,3,0.03162277660168379,120.69644228636709,18.807630514932605,1.0
"(5, 6, 7, 8)",4,0,3,0.05623413251903491,120.69964928484433,18.771095705557094,0.9999999999999998
"(5, 6, 7, 8)",4,0,3,0.1,120.70952276144712,18.707800668885792,1.0
"(5, 6, 7, 8)",4,0,3,0.1778279410038923,120.73931761121192,18.60026719217122,1.0
"(5, 6, 7, 8)",4,0,3,0.31622776601683794,120.82622287531721,18.423542527531836,1.0
"(5, 6, 7, 8)",4,0,3,0.5623413251903491,121.06594708596408,18.14853690548156,1.0
"(5, 6, 7, 8)",4,0,3,1.0,121.67223458881332,17.755517631595257,1.0
"(5, 6, 7, 8)",4,0,3,1.7782794100389228,123.02631079432086,17.25857829800031,1.0
"(5, 6, 7, 8)",4,0,3,3.1622776601683795,125.60668846941637,16.721668511180773,1.0
"(5, 6, 7, 8)",4,0,3,5.623413251903491,129.73337767104078,16.23470392902062,0.9999999999999998
"(5, 6, 7, 8)",4,0,3,10.0,135.3259898257187,15.860819206204134,1.0
"(5, 6, 7, 8)",4,0,3,17.78279410038923,141.93959537352754,15.610748770696496,1.0
"(5, 6, 7, 8)",4,0,3,31.622776601683793,148.99954661413526,15.460005092411329,0.9999999999999998
"(5, 6, 7, 8)",4,0,3,56.23413251903491,156.0027248348113,15.375670400501882,1.0
"(5, 6, 7, 8)",4,0,3,100.0,162.60239495734373,15.330887454299205,1.0
"(5, 6, 7, 8)",4,0,3,177.82794100389228,168.60318701281957,15.30795648063302,1.0
"(5, 6, 7, 8)",4,0,3,316.22776601683796,173.91651385159338,15.296525874361489,1.0
"(5, 6, 7, 8)",4,0,3,562.341325190349,178.51838908006587,15.29095315465093,1.0
"(5, 6, 7, 8)",4,0,3,1000.0,182.425420177997,15.288290149695202,1.0
"(5, 6, 7, 8)",4,0,3,1778.2794100389228,185.68363636831853,15.287040330042625,1.0
"(5, 6, 7, 8)",4,0,3,3162.2776601683795,188.36089630358805,15.286462473300661,0.9999999999999998
"(5, 6, 7, 8)",4,0,3,5623.413251903491,190.53885799270248,15.286198034721844,1.0
"(5, 6, 7, 8)",4,0,3,10000.0,192.30499435452236,15.286077453659765,0.9999999999999998
"(5, 6, 7, 8)",4,0,3,17782.794100389227,193.7462665100617,15.28602214992273,1.0
"(5, 6, 7, 8)",4,0,3,31622.776601683792,194.94536047942017,15.285996308569834,1.0
"(5, 6, 7, 8)",4,0,3,56234.13251903491,195.97949092253603,15.28598380216058,1.0
"(5, 6, 7, 8)",4,0,3,100000.0,196.92131271036928,15.285977415697216,1.0
"(5, 6, 7, 8)",4,0,3,177827.94100389228,197.84132829461382,15.285973919162277,0.9999999999999998
"(5, 6, 7, 8)",4,0,3,316227.7660168379,198.81137850570082,15.285971852257425,1.0
"(5, 6, 7, 8)",4,0,3,562341.3251903491,199.9090807074406,15.285970539224264,1.0
"(5, 6, 7, 8)",4,0,3,1000000.0,201.22131203705604,15.285969654305854,1.0
"(5, 6, 7, 8)",4,1,0.1,0.0,1872.787382551858,12.990415953935486,1.0
"(5, 6, 7, 8)",4,1,0.1,0.0001,1872.7873825519005,12.990415527910072,1.0
"(5, 6, 7, 8)",4,1,0.1,0.00017782794100389227,1872.787382551993,12.990415196343818,1.0
"(5, 6, 7, 8)",4,1,0.1,0.00031622776601683794,1872.787382552284,12.990414606727557,1.0000000000000002
"(5, 6, 7, 8)",4,1,0.1,0.0005623413251903491,1872.787382553204,12.990413558228713,1.0
"(5, 6, 7, 8)",4,1,0.1,0.001,1872.787382556117,12.990411693716307,1.0
"(5, 6, 7, 8)",4,1,0.1,0.0017782794100389228,1872.787382565328,12.990408378128667,1.0
"(5, 6, 7, 8)",4,1,0.1,0.0031622776601683794,1872.7873825944519,12.990402482202395,1.0000000000000002
"(5, 6, 7, 8)",4,1,0.1,0.005623413251903491,1872.7873826865555,12.990391997961657,1.0
"(5, 6, 7, 8)",4,1,0.1,0.01,1872.7873829778057,12.99037335520181,1.0
"(5, 6, 7, 8)",4,1,0.1,0.01778279410038923,1872.787383898733,12.990340206800386,1.0
"(5, 6, 7, 8)",4,1,0.1,0.03162277660168379,1872.787386810411,12.990281271169945,1.0
"(5, 6, 7, 8)",4,1,0.1,0.05623413251903491,1872.7873960147185,12.990176503460686,1.0
"(5, 6, 7, 8)",4,1,0.1,0.1,1872.7874251030084,12.989990311887732,1.0
"(5, 6, 7, 8)",4,1,0.1,0.1778279410038923,1872.7875169852427,12.989659573182552,1.0
"(5, 6, 7, 8)",4,1,0.1,0.31622776601683794,1872.787806964631,12.989072567762825,0.9999999999999999
"(5, 6, 7, 8)",4,1,0.1,0.5623413251903491,1872.7887207311537,12.988032291355553,1.0
"(5, 6, 7, 8)",4,1,0.1,1.0,1872.791592365438,12.986193592591922,1.0
"(5, 6, 7, 8)",4,1,0.1,1.7782794100389228,1872.800574379095,12.982958598716893,0.9999999999999999
"(5, 6, 7, 8)",4,1,0.1,3.1622776601683795,1872.828441490188,12.977311905740173,0.9999999999999999
"(5, 6, 7, 8)",4,1,0.1,5.623413251903491,1872.913729865214,12.96758603609311,1.0
"(5, 6, 7, 8)",4,1,0.1,10.0,1873.1690902319212,12.951190562583651,1.0
"(5, 6, 7, 8)",4,1,0.1,17.78279410038923,1873.908809541009,12.924435001276805,0.9999999999999999
"(5, 6, 7, 8)",4,1,0.1,31.622776601683793,1875.9573977815448,12.882670020648856,1.0
"(5, 6, 7, 8)",4,1,0.1,56.23413251903491,1881.332415196394,12.820883252224847,1.0000000000000002
"(5, 6, 7, 8)",4,1,0.1,100.0,1894.6202638165898,12.734736241425882,0.9999999999999999
"(5, 6, 7, 8)",4,1,0.1,177.82794100389228,1925.2987977843302,12.622493368132812,1.0
"(5, 6, 7, 8)",4,1,0.1,316.22776601683796,1990.3235610241097,12.488107871728847,1.0
"(5, 6, 7, 8)",4,1,0.1,562.341325190349,2114.8285564771013,12.342675066636398,1.0
"(5, 6, 7, 8)",4,1,0.1,1000.0,2329.3755582399867,12.20104723088801,1.0
"(5, 6, 7, 8)",4,1,0.1,1778.2794100389228,2665.315985460322,12.075814100349094,1.0000000000000002
"(5, 6, 7, 8)",4,1,0.1,3162.2776601683795,3153.806033369823,11.973111679388508,1.0
"(5, 6, 7, 8)",4,1,0.1,5623.413251903491,3832.494483038975,11.892744881566546,1.0
"(5, 6, 7, 8)",4,1,0.1,10000.0,4754.448924636109,11.831308717632322,1.0000000000000002
"(5, 6, 7, 8)",4,1,0.1,17782.794100389227,5994.407713744846,11.784829646398943,1.0
"(5, 6, 7, 8)",4,1,0.1,31622.776601683792,7654.640021724778,11.749828616392533,1.0
"(5, 6, 7, 8)",4,1,0.1,56234.13251903491,9873.008637894656,11.723527455121175,1.0000000000000002
"(5, 6, 7, 8)",4,1,0.1,100000.0,12834.216601137972,11.703783939976477,1.0
"(5, 6, 7, 8)",4,1,0.1,177827.94100389228,16785.08400960371,11.688970517828201,0.9999999999999999
"(5, 6, 7, 8)",4,1,0.1,316227.7660168379,22055.066380807217,11.67785892604449,0.9999999999999999
"(5, 6, 7, 8)",4,1,0.1,562341.3251903491,29083.693689682572,11.669525172469658,1.0
"(5, 6, 7, 8)",4,1,0.1,1000000.0,38457.1966734364,11.6632752308649,1.0
"(5, 6, 7, 8)",4,1,1,0.0,88.97398877386595,5.241670252406352,1.0
"(5, 6, 7, 8)",4,1,1,0.0001,88.97398877552168,5.241653695733356,1.0
"(5, 6, 7, 8)",4,1,1,0.00017782794100389227,88.97398877910157,5.241640810430296,0.9999999999999998
"(5, 6, 7, 8)",4,1,1,0.00031622776601683794,88.97398879042163,5.241617897657941,1.0
"(5, 6, 7, 8)",4,1,1,0.0005623413251903491,88.97398882621661,5.241577155182372,1.0
"(5, 6, 7, 8)",4,1,1,0.001,88.97398893939585,5.241504712643019,1.0
"(5, 6, 7, 8)",4,1,1,0.0017782794100389228,88.97398929721896,5.241375917912702,0.9999999999999999
"(5, 6, 7, 8)",4,1,1,0.0031622776601683794,88.97399042830085,5.241146974491331,1.0
"(5, 6, 7, 8)",4,1,1,0.005623413251903491,88.97399400254312,5.240740132211162,1.0000000000000002
"(5, 6, 7, 8)",4,1,1,0.01,88.97400529095925,5.240017546861682,1.0
"(5, 6, 7, 8)",4,1,1,0.01778279410038923,88.97404090769682,5.23873540759785,1.0
"(5, 6, 7, 8)",4,1,1,0.03162277660168379,88.97415308791065,5.236464280148781,1.0
"(5, 6, 7, 8)",4,1,1,0.05623413251903491,88.97450532472287,5.2324534142450325,1.0
"(5, 6, 7, 8)",4,1,1,0.1,88.97560529980352,5.225407716982736,1.0
"(5, 6, 7, 8)",4,1,1,0.1778279410038923,88.97900761741764,5.213145837967904,0.9999999999999999
"(5, 6, 7, 8)",4,1,1,0.31622776601683794,88.98935802525102,5.192148879887868,0.9999999999999998
"(5, 6, 7, 8)",4,1,1,0.5623413251903491,89.0199680490243,5.157173044713011,1.0
"(5, 6, 7, 8)",4,1,1,1.0,89.10636727610427,5.101510041352934,1.0
"(5, 6, 7, 8)",4,1,1,1.7782794100389228,89.33303571914259,5.019054037263334,0.9999999999999999
"(5, 6, 7, 8)",4,1,1,3.1622776601683795,89.86794999281749,4.908999777459936,1.0
"(5, 6, 7, 8)",4,1,1,5.623413251903491,90.96908033647664,4.7807010560490575,1.0
"(5, 6, 7, 8)",4,1,1,10.0,92.91671619430393,4.652154173270584,1.0
"(5, 6, 7, 8)",4,1,1,17.78279410038923,95.9049380195686,4.54054168785945,0.9999999999999998
"(5, 6, 7, 8)",4,1,1,31.622776601683793,99.99152559693667,4.454290881934332,1.0
"(5, 6, 7, 8)",4,1,1,56.23413251903491,105.11234870396275,4.393288083563037,1.0
"(5, 6, 7, 8)",4,1,1,100.0,111.09728940201472,4.353071816259827,0.9999999999999999
"(5, 6, 7, 8)",4,1,1,177.82794100389228,117.69239685504047,4.328086196473784,1.0
"(5, 6, 7, 8)",4,1,1,316.22776601683796,124.61809132509262,4.313301673671342,1.0000000000000002
"(5, 6, 7, 8)",4,1,1,562.341325190349,131.6446711017974,4.304855867459514,1.0
"(5, 6, 7, 8)",4,1,1,1000.0,138.6513353613476,4.300118108760739,1.0
"(5, 6, 7, 8)",4,1,1,1778.2794100389228,145.6558557567176,4.2974563006972195,1.0
"(5, 6, 7, 8)",4,1,1,3162.2776601683795,152.82035086734368,4.29592762008477,1.0
"(5, 6, 7, 8)",4,1,1,5623.413251903491,160.4463555744559,4.295014612879726,0.9999999999999999
"(5, 6, 7, 8)",4,1,1,10000.0,168.97223682129734,4.294441993577789,0.9999999999999999
"(5, 6, 7, 8)",4,1,1,17782.794100389227,178.98217076628308,4.294064770791603,1.0
"(5, 6, 7, 8)",4,1,1,31622.776601683792,191.23204156243153,4.293805628355947,1.0
"(5, 6, 7, 8)",4,1,1,56234.13251903491,206.69558817716123,4.293621899783308,1.0
"(5, 6, 7, 8)",4,1,1,100000.0,226.63399895175635,4.293488791881898,1.0
"(5, 6, 7, 8)",4,1,1,177827.94100389228,252.69351707744354,4.29339100966585,0.9999999999999999
"(5, 6, 7, 8)",4,1,1,316227.7660168379,287.0379577674304,4.293318562714966,1.0
"(5, 6, 7, 8)",4,1,1,562341.3251903491,332.52616802093917,4.2932646129387795,1.0
"(5, 6, 7, 8)",4,1,1,1000000.0,392.94845176175687,4.293224317574039,1.0
"(5, 6, 7, 8)",4,1,3,0.0,76.42960175447058,6.031063186707437,1.0
"(5, 6, 7, 8)",4,1,3,0.0001,76.42960176233952,6.03098449694386,1.0
"(5, 6, 7, 8)",4,1,3,0.00017782794100389227,76.42960177935306,6.030923258740097,1.0
"(5, 6, 7, 8)",4,1,3,0.00031622776601683794,76.42960183315006,6.030814369656901,0.9999999999999998
"(5, 6, 7, 8)",4,1,3,0.0005623413251903491,76.429602003244,6.030620764648102,1.0
"(5, 6, 7, 8)",4,1,3,0.001,76.42960254097467,6.030276576335453,1.0
"(5, 6, 7, 8)",4,1,3,0.0017782794100389228,76.4296042405683,6.029664815131774,1.0
"(5, 6, 7, 8)",4,1,3,0.0031622776601683794,76.42960961032206,6.028577886129287,0.9999999999999999
"(5, 6, 7, 8)",4,1,3,0.005623413251903491,76.42962656384655,6.026648031916024,1.0
"(5, 6, 7, 8)",4,1,3,0.01,76.4296800235571,6.023225697144568,1.0
"(5, 6, 7, 8)",4,1,3,0.01778279410038923,76.42984822804819,6.017169652236528,0.9999999999999999
"(5, 6, 7, 8)",4,1,3,0.03162277660168379,76.43037540746404,6.006493660483525,1.0
"(5, 6, 7, 8)",4,1,3,0.05623413251903491,76.4320163849328,5.987798668152061,1.0
"(5, 6, 7, 8)",4,1,3,0.1,76.43706349398609,5.955441764059765,0.9999999999999999
"(5, 6, 7, 8)",4,1,3,0.1778279410038923,76.45226898203389,5.900558087082314,0.9999999999999999
"(5, 6, 7, 8)",4,1,3,0.31622776601683794,76.49650650027944,5.810586936966019,1.0
"(5, 6, 7, 8)",4,1,3,0.5623413251903491,76.618094309326,5.671078143758464,1.0
"(5, 6, 7, 8)",4,1,3,1.0,76.92434257810541,5.4725188335529635,0.9999999999999999
"(5, 6, 7, 8)",4,1,3,1.7782794100389228,77.60653697198002,5.222144797997894,1.0
"(5, 6, 7, 8)",4,1,3,3.1622776601683795,78.91027646019384,4.950959377995981,1.0
"(5, 6, 7, 8)",4,1,3,5.623413251903491,81.0244442187905,4.701732063148177,1.0
"(5, 6, 7, 8)",4,1,3,10.0,83.98437079678692,4.504274784116639,1.0
"(5, 6, 7, 8)",4,1,3,17.78279410038923,87.71011621515443,4.363942743873897,1.0
"(5, 6, 7, 8)",4,1,3,31.622776601683793,92.11260138569916,4.270483749895084,0.9999999999999998
"(5, 6, 7, 8)",4,1,3,56.23413251903491,97.1127491735559,4.210690275354259,1.0
"(5, 6, 7, 8)",4,1,3,100.0,102.57839807753629,4.17386244310261,1.0
"(5, 6, 7, 8)",4,1,3,177.82794100389228,108.28905638688813,4.1521743500332216,1.0
"(5, 6, 7, 8)",4,1,3,316.22776601683796,113.96886320357972,4.140015291580784,1.0
"(5, 6, 7, 8)",4,1,3,562.341325190349,119.35113437483963,4.133521467150002,1.0
"(5, 6, 7, 8)",4,1,3,1000.0,124.23139990513363,4.130203790248452,1.0
"(5, 6, 7, 8)",4,1,3,1778.2794100389228,128.49059957369005,4.128572831586581,0.9999999999999999
"(5, 6, 7, 8)",4,1,3,3162.2776601683795,132.09114241924277,4.127796448958477,1.0
"(5, 6, 7, 8)",4,1,3,5623.413251903491,135.05750192814784,4.127436366713707,1.0
"(5, 6, 7, 8)",4,1,3,10000.0,137.4527702944801,4.12727272637906,0.9999999999999999
"(5, 6, 7, 8)",4,1,3,17782.794100389227,139.3583228704365,4.127199475701259,0.9999999999999998
"(5, 6, 7, 8)",4,1,3,31622.776601683792,140.85935733348967,4.127167016806131,0.9999999999999998
"(5, 6, 7, 8)",4,1,3,56234.13251903491,142.0362463739163,4.127152704204511,1.0
"(5, 6, 7, 8)",4,1,3,100000.0,142.9604017995129,4.127146385383494,1.0
"(5, 6, 7, 8)",4,1,3,177827.94100389228,143.69317120592567,4.127143569802079,1.0
"(5, 6, 7, 8)",4,1,3,316227.7660168379,144.28649305770347,4.127142289232042,1.0
"(5, 6, 7, 8)",4,1,3,562341.3251903491,144.78448708749008,4.127141685748588,1.0
"(5, 6, 7, 8)",4,1,3,1000000.0,145.22544203054022,4.127141385778358,1.0000000000000002
"(4, 5, 6, 7, 8)",5,-1,0.1,0.0,1684.2495614073382,10.474780621729067,1.0
"(4, 5, 6, 7, 8)",5,-1,0.1,0.0001,1684.2495614076279,10.474777715939256,1.0
"(4, 5, 6, 7, 8)",5,-1,0.1,0.00017782794100389227,1684.2495614082552,10.474775454427858,1.0
"(4, 5, 6, 7, 8)",5,-1,0.1,0.00031622776601683794,1684.2495614102418,10.47477143283911,1.0
"(4, 5, 6, 7, 8)",5,-1,0.1,0.0005623413251903491,1684.2495614165266,10.47476428136363,1.0
"(4, 5, 6, 7, 8)",5,-1,0.1,0.001,1684.2495614363925,10.474751564146274,0.9999999999999999
"(4, 5, 6, 7, 8)",5,-1,0.1,0.0017782794100389228,1684.2495614992192,10.474728949710089,1.0
"(4, 5, 6, 7, 8)",5,-1,0.1,0.0031622776601683794,1684.2495616978943,10.47468873596631,1.0
"(4, 5, 6, 7, 8)",5,-1,0.1,0.005623413251903491,1684.2495623261361,10.474617227990079,1.0
"(4, 5, 6, 7, 8)",5,-1,0.1,0.01,1684.2495643126454,10.474490077251206,1.0
"(4, 5, 6, 7, 8)",5,-1,0.1,0.01778279410038923,1684.2495705936135,10.474264000664958,1.0
"(4, 5, 6, 7, 8)",5,-1,0.1,0.03162277660168379,1684.2495904505186,10.473862077506892,1.0
"(4, 5, 6, 7, 8)",5,-1,0.1,0.05623413251903491,1684.2496532139266,10.473147675101314,1.0
"(4, 5, 6, 7, 8)",5,-1,0.1,0.1,1684.249851522552,10.471878308268444,1.0
"(4, 5, 6, 7, 8)",5,-1,0.1,0.1778279410038923,1684.2504776934454,10.46962430338324,1.0
"(4, 5, 6, 7, 8)",5,-1,0.1,0.31622776601683794,1684.252452571606,10.465626406725848,1.0
"(4, 5, 6, 7, 8)",5,-1,0.1,0.5623413251903491,1684.2586683325035,10.458549596923124,1.0
"(4, 5, 6, 7, 8)",5,-1,0.1,1.0,1684.2781608234397,10.446067070307194,1.0
"(4, 5, 6, 7, 8)",5,-1,0.1,1.7782794100389228,1684.3388978243158,10.424186913780883,1.0
"(4, 5, 6, 7, 8)",5,-1,0.1,3.1622776601683795,1684.526034206105,10.38625206301942,0.9999999999999998
"(4, 5, 6, 7, 8)",5,-1,0.1,5.623413251903491,1685.0915051800193,10.321719469269262,1.0
"(4, 5, 6, 7, 8)",5,-1,0.1,10.0,1686.7446058272385,10.215429087131092,1.0
"(4, 5, 6, 7, 8)",5,-1,0.1,17.78279410038923,1691.3210314818048,10.04944389178921,0.9999999999999998
"(4, 5, 6, 7, 8)",5,-1,0.1,31.622776601683793,1702.9525227446213,9.811068800996939,1.0
"(4, 5, 6, 7, 8)",5,-1,0.1,56.23413251903491,1729.0593662533506,9.508150310053745,0.9999999999999999
"(4, 5, 6, 7, 8)",5,-1,0.1,100.0,1778.9430393852024,9.17994515443311,1.0
"(4, 5, 6, 7, 8)",5,-1,0.1,177.82794100389228,1859.099983321778,8.88099004830379,1.0
"(4, 5, 6, 7, 8)",5,-1,0.1,316.22776601683796,1971.8289742570355,8.643465714363241,1.0
"(4, 5, 6, 7, 8)",5,-1,0.1,562.341325190349,2124.0547881314233,8.463169948794295,1.0
"(4, 5, 6, 7, 8)",5,-1,0.1,1000.0,2337.660898704608,8.321259187097882,1.0
"(4, 5, 6, 7, 8)",5,-1,0.1,1778.2794100389228,2648.6213467920966,8.205180757192275,1.0
"(4, 5, 6, 7, 8)",5,-1,0.1,3162.2776601683795,3099.499127476921,8.110447227520897,1.0
"(4, 5, 6, 7, 8)",5,-1,0.1,5623.413251903491,3737.2604728668575,8.034996178089132,0.9999999999999998
"(4, 5, 6, 7, 8)",5,-1,0.1,10000.0,4617.704673733912,7.976362560219068,1.0
"(4, 5, 6, 7, 8)",5,-1,0.1,17782.794100389227,5813.38401878829,7.931558512050933,1.0
"(4, 5, 6, 7, 8)",5,-1,0.1,31622.776601683792,7422.693655541348,7.89763717232329,1.0
"(4, 5, 6, 7, 8)",5,-1,0.1,56234.13251903491,9579.034429676964,7.8720739243188085,1.0
"(4, 5, 6, 7, 8)",5,-1,0.1,100000.0,12461.82738661726,7.852854271115298,0.9999999999999998
"(4, 5, 6, 7, 8)",5,-1,0.1,177827.94100389228,16311.30022119188,7.838421457810984,1.0
"(4, 5, 6, 7, 8)",5,-1,0.1,316227.7660168379,21448.426360459565,7.82759018294602,1.0
"(4, 5, 6, 7, 8)",5,-1,0.1,562341.3251903491,28301.646086452347,7.819464504360216,1.0
"(4, 5, 6, 7, 8)",5,-1,0.1,1000000.0,37442.568341296705,7.813369706640348,1.0
"(4, 5, 6, 7, 8)",5,-1,1,0.0,50.258910930983134,3.193876381334214,1.0
"(4, 5, 6, 7, 8)",5,-1,1,0.0001,50.25891093209016,3.193865311527091,1.0
"(4, 5, 6, 7, 8)",5,-1,1,0.00017782794100389227,50.258910934483616,3.193856696433818,1.0
"(4, 5, 6, 7, 8)",5,-1,1,0.00031622776601683794,50.25891094205217,3.193841377059666,1.0
"(4, 5, 6, 7, 8)",5,-1,1,0.0005623413251903491,50.2589109659843,3.1938141370469424,0.9999999999999998
"(4, 5, 6, 7, 8)",5,-1,1,0.001,50.2589110416535,3.1937657033799915,0.9999999999999999
"(4, 5, 6, 7, 8)",5,-1,1,0.0017782794100389228,50.25891128088052,3.19367959592659,0.9999999999999999
"(4, 5, 6, 7, 8)",5,-1,1,0.0031622776601683794,50.258912037044084,3.1935265396286776,1.0
"(4, 5, 6, 7, 8)",5,-1,1,0.005623413251903491,50.25891442634026,3.193254573853422,1.0
"(4, 5, 6, 7, 8)",5,-1,1,0.01,50.25892197127546,3.192771609138822,1.0000000000000002
"(4, 5, 6, 7, 8)",5,-1,1,0.01778279410038923,50.25894577055918,3.1919148642108763,0.9999999999999998
"(4, 5, 6, 7, 8)",5,-1,1,0.03162277660168379,50.25902069546053,3.1903979428559137,1.0
"(4, 5, 6, 7, 8)",5,-1,1,0.05623413251903491,50.25925576235506,3.1877211460095167,0.9999999999999999
"(4, 5, 6, 7, 8)",5,-1,1,0.1,50.259988786585424,3.1830254980294246,1.0
"(4, 5, 6, 7, 8)",5,-1,1,0.1778279410038923,50.26225044351739,3.1748733577093198,1.0
"(4, 5, 6, 7, 8)",5,-1,1,0.31622776601683794,50.26910132923776,3.1609721352625377,1.0
"(4, 5, 6, 7, 8)",5,-1,1,0.5623413251903491,50.289216838691985,3.137978168110458,1.0
"(4, 5, 6, 7, 8)",5,-1,1,1.0,50.3453425840274,3.10179543602774,1.0
"(4, 5, 6, 7, 8)",5,-1,1,1.7782794100389228,50.490060134260524,3.0491009374096993,1.0
"(4, 5, 6, 7, 8)",5,-1,1,3.1622776601683795,50.82367359603564,2.980378090035278,1.0
"(4, 5, 6, 7, 8)",5,-1,1,5.623413251903491,51.49176385785822,2.902428990461497,1.0
"(4, 5, 6, 7, 8)",5,-1,1,10.0,52.64088764001081,2.8264857183152468,1.0
"(4, 5, 6, 7, 8)",5,-1,1,17.78279410038923,54.35836243625644,2.7622575009166406,0.9999999999999998
"(4, 5, 6, 7, 8)",5,-1,1,31.622776601683793,56.646148353485906,2.7139080078036004,1.0
"(4, 5, 6, 7, 8)",5,-1,1,56.23413251903491,59.42852150604764,2.680711134388325,1.0
"(4, 5, 6, 7, 8)",5,-1,1,100.0,62.57282809889392,2.659548018421615,1.0
"(4, 5, 6, 7, 8)",5,-1,1,177.82794100389228,65.92866983965371,2.646816820243021,1.0
"(4, 5, 6, 7, 8)",5,-1,1,316.22776601683796,69.37225116238812,2.6394597180000297,1.0
"(4, 5, 6, 7, 8)",5,-1,1,562.341325190349,72.83404564560354,2.6352984447309376,1.0000000000000002
"(4, 5, 6, 7, 8)",5,-1,1,1000.0,76.31191596834276,2.6329485796289434,1.0
"(4, 5, 6, 7, 8)",5,-1,1,1778.2794100389228,79.87517129547794,2.631596584532572,1.0
"(4, 5, 6, 7, 8)",5,-1,1,3162.2776601683795,83.66349679127154,2.630789959066478,1.0
"(4, 5, 6, 7, 8)",5,-1,1,5623.413251903491,87.88609922104335,2.630285553521924,1.0
"(4, 5, 6, 7, 8)",5,-1,1,10000.0,92.82575724707493,2.6299544696346104,1.0
"(4, 5, 6, 7, 8)",5,-1,1,17782.794100389227,98.85082211370228,2.629727780735063,1.0
"(4, 5, 6, 7, 8)",5,-1,1,31622.776601683792,106.43709875024535,2.6295674781639575,1.0
"(4, 5, 6, 7, 8)",5,-1,1,56234.13251903491,116.20131620916031,2.62945155258222,1.0
"(4, 5, 6, 7, 8)",5,-1,1,100000.0,128.94844769447874,2.6293664932473986,0.9999999999999998
"(4, 5, 6, 7, 8)",5,-1,1,177827.94100389228,145.7362328621986,2.629303519030681,1.0
"(4, 5, 6, 7, 8)",5,-1,1,316227.7660168379,167.96177213990285,2.6292566441558103,1.0
"(4, 5, 6, 7, 8)",5,-1,1,562341.3251903491,197.47704880916766,2.629221642407781,1.0
"(4, 5, 6, 7, 8)",5,-1,1,1000000.0,236.74272256352154,2.6291954584596415,0.9999999999999999
"(4, 5, 6, 7, 8)",5,-1,3,0.0,40.15956566610025,4.045477272625245,1.0
"(4, 5, 6, 7, 8)",5,-1,3,0.0001,40.1595656727986,4.0454102887388945,1.0
"(4, 5, 6, 7, 8)",5,-1,3,0.00017782794100389227,40.159565687281265,4.045358160332671,1.0
"(4, 5, 6, 7, 8)",5,-1,3,0.00031622776601683794,40.15956573307541,4.045265469618621,0.9999999999999999
"(4, 5, 6, 7, 8)",5,-1,3,0.0005623413251903491,40.15956587786599,4.045100665421863,1.0
"(4, 5, 6, 7, 8)",5,-1,3,0.001,40.159566335603124,4.044807679046422,1.0
"(4, 5, 6, 7, 8)",5,-1,3,0.0017782794100389228,40.1595677823604,4.044286925095973,0.9999999999999999
"(4, 5, 6, 7, 8)",5,-1,3,0.0031622776601683794,40.15957235328158,4.043361693130703,0.9999999999999999
"(4, 5, 6, 7, 8)",5,-1,3,0.005623413251903491,40.1595867846387,4.041718941867598,1.0
"(4, 5, 6, 7, 8)",5,-1,3,0.01,40.159632290754786,4.03880577140495,1.0
"(4, 5, 6, 7, 8)",5,-1,3,0.01778279410038923,40.15977546778414,4.033650811541417,0.9999999999999998
"(4, 5, 6, 7, 8)",5,-1,3,0.03162277660168379,40.160224192641515,4.0245635974380045,1.0
"(4, 5, 6, 7, 8)",5,-1,3,0.05623413251903491,40.16162087123179,4.008651740897896,1.0
"(4, 5, 6, 7, 8)",5,-1,3,0.1,40.16591602276061,3.9811153888466593,0.9999999999999999
"(4, 5, 6, 7, 8)",5,-1,3,0.1778279410038923,40.17885223692706,3.934421684041167,0.9999999999999998
"(4, 5, 6, 7, 8)",5,-1,3,0.31622776601683794,40.216461433303905,3.8579278279911624,1.0
"(4, 5, 6, 7, 8)",5,-1,3,0.5623413251903491,40.31965528822233,3.73951063080281,1.0
"(4, 5, 6, 7, 8)",5,-1,3,1.0,40.57850323412686,3.571637460628934,0.9999999999999999
"(4, 5, 6, 7, 8)",5,-1,3,1.7782794100389228,41.14966884726938,3.361881394528821,0.9999999999999999
"(4, 5, 6, 7, 8)",5,-1,3,3.1622776601683795,42.22001301235926,3.1389657752236935,1.0
"(4, 5, 6, 7, 8)",5,-1,3,5.623413251903491,43.895691620010375,2.941011762649596,0.9999999999999999
"(4, 5, 6, 7, 8)",5,-1,3,10.0,46.118898359607364,2.7922532221524468,1.0
"(4, 5, 6, 7, 8)",5,-1,3,17.78279410038923,48.726687783142395,2.693665536862418,1.0
"(4, 5, 6, 7, 8)",5,-1,3,31.622776601683793,51.56938173559633,2.633079154658113,1.0
"(4, 5, 6, 7, 8)",5,-1,3,56.23413251903491,54.54598263129384,2.597349468343318,1.0
"(4, 5, 6, 7, 8)",5,-1,3,100.0,57.56790234255127,2.5769204423745546,1.0
"(4, 5, 6, 7, 8)",5,-1,3,177.82794100389228,60.532365122141066,2.565630923361768,1.0000000000000002
"(4, 5, 6, 7, 8)",5,-1,3,316.22776601683796,63.33094300936236,2.559626359850522,0.9999999999999999
"(4, 5, 6, 7, 8)",5,-1,3,562.341325190349,65.87241385344264,2.5565544256091894,0.9999999999999999
"(4, 5, 6, 7, 8)",5,-1,3,1000.0,68.09892957724999,2.555038590821259,1.0
"(4, 5, 6, 7, 8)",5,-1,3,1778.2794100389228,69.98929526499562,2.5543138769982177,1.0
"(4, 5, 6, 7, 8)",5,-1,3,3162.2776601683795,71.5527040482999,2.55397644932419,1.0
"(4, 5, 6, 7, 8)",5,-1,3,5623.413251903491,72.8185659360778,2.553822675833359,1.0
"(4, 5, 6, 7, 8)",5,-1,3,10000.0,73.82665426328956,2.553753764653875,1.0
"(4, 5, 6, 7, 8)",5,-1,3,17782.794100389227,74.61959723812333,2.55372326845589,1.0
"(4, 5, 6, 7, 8)",5,-1,3,31622.776601683792,75.23810551356992,2.5537098876831967,0.9999999999999999
"(4, 5, 6, 7, 8)",5,-1,3,56234.13251903491,75.71848891701715,2.5537040428964843,1.0
"(4, 5, 6, 7, 8)",5,-1,3,100000.0,76.0917808091796,2.5537014892042706,0.9999999999999998
"(4, 5, 6, 7, 8)",5,-1,3,177827.94100389228,76.38383586057074,2.553700366204635,1.0
"(4, 5, 6, 7, 8)",5,-1,3,316227.7660168379,76.61595112863853,2.5536998647452234,1.0
"(4, 5, 6, 7, 8)",5,-1,3,562341.3251903491,76.80569542004496,2.5536996344858367,1.0
"(4, 5, 6, 7, 8)",5,-1,3,1000000.0,76.96781821194968,2.553699524006793,1.0
"(4, 5, 6, 7, 8)",5,0,0.1,0.0,4465.396599650238,30.499545513331647,1.0
"(4, 5, 6, 7, 8)",5,0,0.1,0.0001,4465.396599651366,30.499534232496664,1.0
"(4, 5, 6, 7, 8)",5,0,0.1,0.00017782794100389227,4465.3965996538045,30.49952545287715,1.0
"(4, 5, 6, 7, 8)",5,0,0.1,0.00031622776601683794,4465.396599661517,30.499509840305077,0.9999999999999998
"(4, 5, 6, 7, 8)",5,0,0.1,0.0005623413251903491,4465.396599685905,30.499482076931137,0.9999999999999998
"(4, 5, 6, 7, 8)",5,0,0.1,0.001,4465.396599763039,30.49943270634218,1.0
"(4, 5, 6, 7, 8)",5,0,0.1,0.0017782794100389228,4465.396600006948,30.499344913054003,1.0
"(4, 5, 6, 7, 8)",5,0,0.1,0.0031622776601683794,4465.396600778239,30.499188796529864,1.0
"(4, 5, 6, 7, 8)",5,0,0.1,0.005623413251903491,4465.396603217167,30.49891119187173,1.0
"(4, 5, 6, 7, 8)",5,0,0.1,0.01,4465.396610929033,30.498417577941602,0.9999999999999998
"(4, 5, 6, 7, 8)",5,0,0.1,0.01778279410038923,4465.396635312097,30.49753993583668,1.0
"(4, 5, 6, 7, 8)",5,0,0.1,0.03162277660168379,4465.396712395532,30.495979689900526,0.9999999999999998
"(4, 5, 6, 7, 8)",5,0,0.1,0.05623413251903491,4465.3969560275345,30.49320654923464,1.0
"(4, 5, 6, 7, 8)",5,0,0.1,0.1,4465.397725744418,30.488279592590956,0.9999999999999999
"(4, 5, 6, 7, 8)",5,0,0.1,0.1778279410038923,4465.400155788067,30.4795321723001,1.0
"(4, 5, 6, 7, 8)",5,0,0.1,0.31622776601683794,4465.407817757125,30.46402121195946,1.0
"(4, 5, 6, 7, 8)",5,0,0.1,0.5623413251903491,4465.431921225966,30.43657797900603,1.0
"(4, 5, 6, 7, 8)",5,0,0.1,1.0,4465.507442999489,30.388213169964843,0.9999999999999998
"(4, 5, 6, 7, 8)",5,0,0.1,1.7782794100389228,4465.742399162184,30.303563947617295,0.9999999999999998
"(4, 5, 6, 7, 8)",5,0,0.1,3.1622776601683795,4466.464360651864,30.157190393459793,1.0
"(4, 5, 6, 7, 8)",5,0,0.1,5.623413251903491,4468.635673251769,29.909328577197144,1.0
"(4, 5, 6, 7, 8)",5,0,0.1,10.0,4474.932650366,29.504260956128235,1.0
"(4, 5, 6, 7, 8)",5,0,0.1,17.78279410038923,4492.136727476895,28.879805056978658,0.9999999999999998
"(4, 5, 6, 7, 8)",5,0,0.1,31.622776601683793,4534.973026640621,28.000905185267086,1.0
"(4, 5, 6, 7, 8)",5,0,0.1,56.23413251903491,4628.313988190191,26.916108963233473,0.9999999999999998
"(4, 5, 6, 7, 8)",5,0,0.1,100.0,4799.887252498695,25.784937951028645,1.0
"(4, 5, 6, 7, 8)",5,0,0.1,177.82794100389228,5063.184760340075,24.80063612883082,1.0
"(4, 5, 6, 7, 8)",5,0,0.1,316.22776601683796,5415.762349618567,24.056016730788336,1.0
"(4, 5, 6, 7, 8)",5,0,0.1,562.341325190349,5871.758350102419,23.514980259595237,1.0
"(4, 5, 6, 7, 8)",5,0,0.1,1000.0,6493.777802054672,23.101328755733576,1.0
"(4, 5, 6, 7, 8)",5,0,0.1,1778.2794100389228,7385.95764789458,22.768117671110673,0.9999999999999998
"(4, 5, 6, 7, 8)",5,0,0.1,3162.2776601683795,8669.190740028707,22.498418635681954,1.0
"(4, 5, 6, 7, 8)",5,0,0.1,5623.413251903491,10475.703979881308,22.28466063122872,1.0
"(4, 5, 6, 7, 8)",5,0,0.1,10000.0,12963.366619967775,22.118980137859662,1.0
"(4, 5, 6, 7, 8)",5,0,0.1,17782.794100389227,16338.018913611992,21.99252240746365,1.0
"(4, 5, 6, 7, 8)",5,0,0.1,31622.776601683792,20878.198953308925,21.896822491327143,1.0
"(4, 5, 6, 7, 8)",5,0,0.1,56234.13251903491,26960.741406952548,21.824714123527276,1.0
"(4, 5, 6, 7, 8)",5,0,0.1,100000.0,35092.00394740873,21.770502699098078,1.0
"(4, 5, 6, 7, 8)",5,0,0.1,177827.94100389228,45949.708456456,21.729793909138074,1.0
"(4, 5, 6, 7, 8)",5,0,0.1,316227.7660168379,60439.25206405497,21.699243673530166,0.9999999999999998
"(4, 5, 6, 7, 8)",5,0,0.1,562341.3251903491,79769.1003950746,21.676324743093982,0.9999999999999998
"(4, 5, 6, 7, 8)",5,0,0.1,1000000.0,105551.4844823013,21.659134001158026,0.9999999999999998
"(4, 5, 6, 7, 8)",5,0,1,0.0,101.67772618579453,7.371383737592945,1.0
"(4, 5, 6, 7, 8)",5,0,1,0.0001,101.67772618781862,7.371363496855928,0.9999999999999998
"(4, 5, 6, 7, 8)",5,0,1,0.00017782794100389227,101.67772619219505,7.371347744474936,1.0
"(4, 5, 6, 7, 8)",5,0,1,0.00031622776601683794,101.67772620603385,7.371319733565829,1.0
"(4, 5, 6, 7, 8)",5,0,1,0.0005623413251903491,101.67772624979271,7.3712699262184485,0.9999999999999998
"(4, 5, 6, 7, 8)",5,0,1,0.001,101.6777263881509,7.371181367091525,1.0
"(4, 5, 6, 7, 8)",5,0,1,0.0017782794100389228,101.67772682556782,7.37102392295734,1.0
"(4, 5, 6, 7, 8)",5,0,1,0.0031622776601683794,101.67772820818132,7.3707440657325956,1.0
"(4, 5, 6, 7, 8)",5,0,1,0.005623413251903491,101.6777325769033,7.3702467882246605,1.0
"(4, 5, 6, 7, 8)",5,0,1,0.01,101.6777463724386,7.369363711189106,1.0
"(4, 5, 6, 7, 8)",5,0,1,0.01778279410038923,101.67778988797708,7.367797204669361,1.0
"(4, 5, 6, 7, 8)",5,0,1,0.03162277660168379,101.67792688205118,7.365023635630497,1.0
"(4, 5, 6, 7, 8)",5,0,1,0.05623413251903491,101.67835667325932,7.3601294316751416,1.0
"(4, 5, 6, 7, 8)",5,0,1,0.1,101.67969685818898,7.35154437504719,1.0
"(4, 5, 6, 7, 8)",5,0,1,0.1778279410038923,101.68383142436888,7.336641240206223,1.0
"(4, 5, 6, 7, 8)",5,0,1,0.31622776601683794,101.69635269645144,7.311233772767786,1.0
"(4, 5, 6, 7, 8)",5,0,1,0.5623413251903491,101.7330962336572,7.269230738946396,1.0
"(4, 5, 6, 7, 8)",5,0,1,1.0,101.83546619280959,7.203229075687234,1.0
"(4, 5, 6, 7, 8)",5,0,1,1.7782794100389228,102.09845788562131,7.107445143557376,1.0
"(4, 5, 6, 7, 8)",5,0,1,3.1622776601683795,102.6996466603988,6.983535010436803,1.0
"(4, 5, 6, 7, 8)",5,0,1,5.623413251903491,103.88359635353095,6.845255856939758,1.0
"(4, 5, 6, 7, 8)",5,0,1,10.0,105.8657661982714,6.714060067579027,1.0
"(4, 5, 6, 7, 8)",5,0,1,17.78279410038923,108.72949408568186,6.606783808032169,1.0
"(4, 5, 6, 7, 8)",5,0,1,31.622776601683793,112.41643442603626,6.52874317450793,1.0
"(4, 5, 6, 7, 8)",5,0,1,56.23413251903491,116.76890757255579,6.47674570620289,1.0
"(4, 5, 6, 7, 8)",5,0,1,100.0,121.57614657235474,6.4443616563396695,1.0
"(4, 5, 6, 7, 8)",5,0,1,177.82794100389228,126.65350298378951,6.425097869413749,1.0
"(4, 5, 6, 7, 8)",5,0,1,316.22776601683796,131.92009572366294,6.413858725556994,1.0
"(4, 5, 6, 7, 8)",5,0,1,562.341325190349,137.42559742643127,6.407257802488332,1.0
"(4, 5, 6, 7, 8)",5,0,1,1000.0,143.3472288214185,6.403272193590986,1.0
"(4, 5, 6, 7, 8)",5,0,1,1778.2794100389228,149.98496898931438,6.4007652275052624,1.0
"(4, 5, 6, 7, 8)",5,0,1,3162.2776601683795,157.7647864994271,6.399116323652555,1.0
"(4, 5, 6, 7, 8)",5,0,1,5623.413251903491,167.25450327678766,6.397987227798134,1.0
"(4, 5, 6, 7, 8)",5,0,1,10000.0,179.19561597828076,6.397189285000812,1.0
"(4, 5, 6, 7, 8)",5,0,1,17782.794100389227,194.5539536414872,6.396612652086922,1.0
"(4, 5, 6, 7, 8)",5,0,1,31622.776601683792,214.59268473784152,6.3961897993280585,1.0
"(4, 5, 6, 7, 8)",5,0,1,56234.13251903491,240.9728178788962,6.395876865972389,1.0
"(4, 5, 6, 7, 8)",5,0,1,100000.0,275.88874847832,6.395643996117793,1.0
"(4, 5, 6, 7, 8)",5,0,1,177827.94100389228,322.2493981971611,6.395470139714332,0.9999999999999998
"(4, 5, 6, 7, 8)",5,0,1,316227.7660168379,383.9197302042474,6.395340095343708,1.0
"(4, 5, 6, 7, 8)",5,0,1,562341.3251903491,466.04237363095393,6.395242716026629,1.0
"(4, 5, 6, 7, 8)",5,0,1,1000000.0,575.4654937286649,6.395169751028346,0.9999999999999998
"(4, 5, 6, 7, 8)",5,0,3,0.0,71.17813756258882,9.423135692762184,1.0
"(4, 5, 6, 7, 8)",5,0,3,0.0001,71.17813757794411,9.422982137741988,1.0
"(4, 5, 6, 7, 8)",5,0,3,0.00017782794100389227,71.17813761114444,9.42286263784809,1.0
"(4, 5, 6, 7, 8)",5,0,3,0.00031622776601683794,71.17813771612339,9.422650152705307,1.0000000000000002
"(4, 5, 6, 7, 8)",5,0,3,0.0005623413251903491,71.17813804804157,9.422272355008165,1.0
"(4, 5, 6, 7, 8)",5,0,3,0.001,71.17813909735358,9.421600715631266,0.9999999999999998
"(4, 5, 6, 7, 8)",5,0,3,0.0017782794100389228,71.17814241385383,9.420406955188911,1.0000000000000002
"(4, 5, 6, 7, 8)",5,0,3,0.0031622776601683794,71.17815289190649,9.418286017420481,1.0
"(4, 5, 6, 7, 8)",5,0,3,0.005623413251903491,71.17818597230207,9.414520400689334,1.0
"(4, 5, 6, 7, 8)",5,0,3,0.01,71.17829027838339,9.407843004593783,1.0
"(4, 5, 6, 7, 8)",5,0,3,0.01778279410038923,71.17861842750982,9.39602822460312,0.9999999999999998
"(4, 5, 6, 7, 8)",5,0,3,0.03162277660168379,71.1796466896232,9.375204482052988,1.0
"(4, 5, 6, 7, 8)",5,0,3,0.05623413251903491,71.18284624403992,9.338752472443147,1.0
"(4, 5, 6, 7, 8)",5,0,3,0.1,71.1926805342462,9.275702602729243,1.0
"(4, 5, 6, 7, 8)",5,0,3,0.1778279410038923,71.22227272487956,9.168882969493648,1.0
"(4, 5, 6, 7, 8)",5,0,3,0.31622776601683794,71.30817332767316,8.994153094886158,1.0
"(4, 5, 6, 7, 8)",5,0,3,0.5623413251903491,71.54327774683907,8.724326733625091,1.0
"(4, 5, 6, 7, 8)",5,0,3,1.0,72.13067007344071,8.343293590489177,0.9999999999999998
"(4, 5, 6, 7, 8)",5,0,3,1.7782794100389228,73.41901107321358,7.869998031013543,1.0
"(4, 5, 6, 7, 8)",5,0,3,3.1622776601683795,75.81113735769806,7.371529516797393,1.0
"(4, 5, 6, 7, 8)",5,0,3,5.623413251903491,79.49871225705265,6.935483352231294,0.9999999999999999
"(4, 5, 6, 7, 8)",5,0,3,10.0,84.2558250836515,6.616613876802066,1.0
"(4, 5, 6, 7, 8)",5,0,3,17.78279410038923,89.57028150061272,6.415114499625104,1.0
"(4, 5, 6, 7, 8)",5,0,3,31.622776601683793,94.95686287713508,6.299851035135555,1.0
"(4, 5, 6, 7, 8)",5,0,3,56.23413251903491,100.10913911520684,6.237722625045239,1.0
"(4, 5, 6, 7, 8)",5,0,3,100.0,104.86037878043179,6.205456604075108,1.0
"(4, 5, 6, 7, 8)",5,0,3,177.82794100389228,109.11452124227942,6.1891884959297,1.0
"(4, 5, 6, 7, 8)",5,0,3,316.22776601683796,112.81869532983055,6.181212541797067,1.0
"(4, 5, 6, 7, 8)",5,0,3,562.341325190349,115.95961458380052,6.177404759008053,1.0
"(4, 5, 6, 7, 8)",5,0,3,1000.0,118.560089602031,6.175630056094667,1.0
"(4, 5, 6, 7, 8)",5,0,3,1778.2794100389228,120.6697477275325,6.174819721731441,1.0
"(4, 5, 6, 7, 8)",5,0,3,3162.2776601683795,122.35323242199216,6.174455839971309,1.0
"(4, 5, 6, 7, 8)",5,0,3,5623.413251903491,123.67975394599401,6.174294520766935,1.0
"(4, 5, 6, 7, 8)",5,0,3,10000.0,124.7157918963203,6.174223646297848,0.9999999999999998
"(4, 5, 6, 7, 8)",5,0,3,17782.794100389227,125.52101146756833,6.174192666011328,1.0
"(4, 5, 6, 7, 8)",5,0,3,31622.776601683792,126.14666470235815,6.174179131023671,1.0
"(4, 5, 6, 7, 8)",5,0,3,56234.13251903491,126.63560324804664,6.174173185490815,1.0
"(4, 5, 6, 7, 8)",5,0,3,100000.0,127.02318474183761,6.174170537518767,1.0
"(4, 5, 6, 7, 8)",5,0,3,177827.94100389228,127.33861006178626,6.174169327488406,1.0
"(4, 5, 6, 7, 8)",5,0,3,316227.7660168379,127.60636329256687,6.174168751060396,1.0
"(4, 5, 6, 7, 8)",5,0,3,562341.3251903491,127.84763559345798,6.174168459530122,1.0
"(4, 5, 6, 7, 8)",5,0,3,1000000.0,128.08154352234212,6.1741683005236245,0.9999999999999998
"(4, 5, 6, 7, 8)",5,1,0.1,0.0,1187.314298692881,8.976820004719155,0.9999999999999999
"(4, 5, 6, 7, 8)",5,1,0.1,0.0001,1187.3142986929483,8.976819337671316,0.9999999999999999
"(4, 5, 6, 7, 8)",5,1,0.1,0.00017782794100389227,1187.3142986930918,8.976818818523034,1.0
"(4, 5, 6, 7, 8)",5,1,0.1,0.00031622776601683794,1187.3142986935472,8.976817895334932,1.0
"(4, 5, 6, 7, 8)",5,1,0.1,0.0005623413251903491,1187.3142986949892,8.976816253656665,1.0
"(4, 5, 6, 7, 8)",5,1,0.1,0.001,1187.3142986995506,8.97681333431968,1.0
"(4, 5, 6, 7, 8)",5,1,0.1,0.0017782794100389228,1187.3142987139715,8.976808143004018,0.9999999999999999
"(4, 5, 6, 7, 8)",5,1,0.1,0.0031622776601683794,1187.3142987595788,8.976798911651239,1.0
"(4, 5, 6, 7, 8)",5,1,0.1,0.005623413251903491,1187.3142989037945,8.976782496539162,1.0000000000000002
"(4, 5, 6, 7, 8)",5,1,0.1,0.01,1187.3142993598042,8.976753308452375,0.9999999999999999
"(4, 5, 6, 7, 8)",5,1,0.1,0.01778279410038923,1187.3143008016095,8.976701412000672,1.0
"(4, 5, 6, 7, 8)",5,1,0.1,0.03162277660168379,1187.314305359713,8.97660915128207,1.0
"(4, 5, 6, 7, 8)",5,1,0.1,0.05623413251903491,1187.3143197664053,8.976445167067817,0.9999999999999999
"(4, 5, 6, 7, 8)",5,1,0.1,0.1,1187.3143652833407,8.976153813493308,1.0
"(4, 5, 6, 7, 8)",5,1,0.1,0.1778279410038923,1187.3145089902328,8.97563651355475,1.0
"(4, 5, 6, 7, 8)",5,1,0.1,0.31622776601683794,1187.31496214178,8.974719154161802,1.0
"(4, 5, 6, 7, 8)",5,1,0.1,0.5623413251903491,1187.3163879376434,8.973095817332355,0.9999999999999999
"(4, 5, 6, 7, 8)",5,1,0.1,1.0,1187.3208567983966,8.970233978450484,1.0
"(4, 5, 6, 7, 8)",5,1,0.1,1.7782794100389228,1187.3347696372132,8.965221726456877,1.0
"(4, 5, 6, 7, 8)",5,1,0.1,3.1622776601683795,1187.377586475873,8.956541717320484,0.9999999999999999
"(4, 5, 6, 7, 8)",5,1,0.1,5.623413251903491,1187.506827045488,8.941792023794333,1.0
"(4, 5, 6, 7, 8)",5,1,0.1,10.0,1187.8849744101328,8.917481132774109,1.0
"(4, 5, 6, 7, 8)",5,1,0.1,17.78279410038923,1188.9408451122013,8.879211561190147,1.0
"(4, 5, 6, 7, 8)",5,1,0.1,31.622776601683793,1191.7073142087968,8.822638823311813,1.0
"(4, 5, 6, 7, 8)",5,1,0.1,56.23413251903491,1198.421994469377,8.745129646603807,1.0
"(4, 5, 6, 7, 8)",5,1,0.1,100.0,1213.4330015697303,8.647303487120315,0.9999999999999999
"(4, 5, 6, 7, 8)",5,1,0.1,177.82794100389228,1244.2769913559875,8.533807646535001,1.0
"(4, 5, 6, 7, 8)",5,1,0.1,316.22776601683796,1302.4263901141264,8.412985027814884,1.0
"(4, 5, 6, 7, 8)",5,1,0.1,562.341325190349,1403.1587306816364,8.294820586288916,1.0
"(4, 5, 6, 7, 8)",5,1,0.1,1000.0,1564.573765021174,8.187965162736722,1.0
"(4, 5, 6, 7, 8)",5,1,0.1,1778.2794100389228,1806.463338169976,8.097656337834096,0.9999999999999997
"(4, 5, 6, 7, 8)",5,1,0.1,3162.2776601683795,2151.005287526865,8.02517552878769,1.0
"(4, 5, 6, 7, 8)",5,1,0.1,5623.413251903491,2626.4340530448662,7.9688694637334905,0.9999999999999999
"(4, 5, 6, 7, 8)",5,1,0.1,10000.0,3271.454107474178,7.925887025997779,1.0
"(4, 5, 6, 7, 8)",5,1,0.1,17782.794100389227,4139.149240382588,7.89336268543765,1.0
"(4, 5, 6, 7, 8)",5,1,0.1,31622.776601683792,5301.453051477078,7.868859486072937,0.9999999999999999
"(4, 5, 6, 7, 8)",5,1,0.1,56234.13251903491,6855.0695734747915,7.850439957884221,1.0
"(4, 5, 6, 7, 8)",5,1,0.1,100000.0,8929.45732408834,7.836609354462964,1.0
"(4, 5, 6, 7, 8)",5,1,0.1,177827.94100389228,11697.576403694242,7.8262306084460755,1.0
"(4, 5, 6, 7, 8)",5,1,0.1,316227.7660168379,15390.287657084662,7.818444676728469,1.0
"(4, 5, 6, 7, 8)",5,1,0.1,562341.3251903491,20315.59183343434,7.812604824863196,0.9999999999999999
"(4, 5, 6, 7, 8)",5,1,0.1,1000000.0,26884.294245141566,7.808225034761468,1.0
"(4, 5, 6, 7, 8)",5,1,1,0.0,56.475186427679965,3.0269545905784154,1.0
"(4, 5, 6, 7, 8)",5,1,1,0.0001,56.4751864284505,3.0269468853073933,1.0
"(4, 5, 6, 7, 8)",5,1,1,0.00017782794100389227,56.4751864301166,3.026940888670791,0.9999999999999999
"(4, 5, 6, 7, 8)",5,1,1,0.00031622776601683794,56.47518643538478,3.026930225444866,1.0000000000000002
"(4, 5, 6, 7, 8)",5,1,1,0.0005623413251903491,56.475186452043005,3.0269112647342586,1.0
"(4, 5, 6, 7, 8)",5,1,1,0.001,56.475186504713506,3.026877551986608,1.0
"(4, 5, 6, 7, 8)",5,1,1,0.0017782794100389228,56.47518667122956,3.026817616139794,1.0
"(4, 5, 6, 7, 8)",5,1,1,0.0031622776601683794,56.475187197561944,3.0267110803552737,1.0
"(4, 5, 6, 7, 8)",5,1,1,0.005623413251903491,56.475188860635235,3.026521778128759,1.0
"(4, 5, 6, 7, 8)",5,1,1,0.01,56.47519411223584,3.0261856136411516,0.9999999999999999
"(4, 5, 6, 7, 8)",5,1,1,0.01778279410038923,56.47521067721451,3.025589294101762,1.0
"(4, 5, 6, 7, 8)",5,1,1,0.03162277660168379,56.47526282512888,3.0245335108804805,1.0
"(4, 5, 6, 7, 8)",5,1,1,0.05623413251903491,56.47542642149102,3.0226705693062583,1.0
"(4, 5, 6, 7, 8)",5,1,1,0.1,56.4759365157831,3.019402956740692,1.0
"(4, 5, 6, 7, 8)",5,1,1,0.1778279410038923,56.477510036138696,3.013731138996471,1.0
"(4, 5, 6, 7, 8)",5,1,1,0.31622776601683794,56.48227485293805,3.004062600623889,1.0
"(4, 5, 6, 7, 8)",5,1,1,0.5623413251903491,56.49625764207536,2.98807843552524,0.9999999999999999
"(4, 5, 6, 7, 8)",5,1,1,1.0,56.53524035191778,2.9629462502846113,1.0
"(4, 5, 6, 7, 8)",5,1,1,1.7782794100389228,56.635654129741724,2.9263818655916687,0.9999999999999998
"(4, 5, 6, 7, 8)",5,1,1,3.1622776601683795,56.866978100938404,2.8787296643822384,1.0
"(4, 5, 6, 7, 8)",5,1,1,5.623413251903491,57.33078208111727,2.824622753971739,1.0
"(4, 5, 6, 7, 8)",5,1,1,10.0,58.133249379313575,2.7716121781070835,1.0000000000000002
"(4, 5, 6, 7, 8)",5,1,1,17.78279410038923,59.348052732741735,2.7262171909775716,0.9999999999999999
"(4, 5, 6, 7, 8)",5,1,1,31.622776601683793,60.99499676203657,2.6914416505416137,1.0000000000000002
"(4, 5, 6, 7, 8)",5,1,1,56.23413251903491,63.0314146637643,2.667161608162802,1.0
"(4, 5, 6, 7, 8)",5,1,1,100.0,65.35757874997974,2.6515104387478483,1.0
"(4, 5, 6, 7, 8)",5,1,1,177.82794100389228,67.84774681952841,2.6420630240891496,1.0
"(4, 5, 6, 7, 8)",5,1,1,316.22776601683796,70.3926717296518,2.6366241097319736,1.0
"(4, 5, 6, 7, 8)",5,1,1,562.341325190349,72.92979805733643,2.6335729728879547,1.0
"(4, 5, 6, 7, 8)",5,1,1,1000.0,75.45496728647014,2.6318660802230904,1.0
"(4, 5, 6, 7, 8)",5,1,1,1778.2794100389228,78.02175419064382,2.6308918609182936,1.0
"(4, 5, 6, 7, 8)",5,1,1,3162.2776601683795,80.73648787359231,2.630313724470888,1.0
"(4, 5, 6, 7, 8)",5,1,1,5623.413251903491,83.75497763765411,2.6299531318354257,1.0
"(4, 5, 6, 7, 8)",5,1,1,10000.0,87.28433974948938,2.62971657586399,1.0
"(4, 5, 6, 7, 8)",5,1,1,17782.794100389227,91.59150036587022,2.6295545278508516,1.0
"(4, 5, 6, 7, 8)",5,1,1,31622.776601683792,97.0192011782439,2.6294398417860534,1.0
"(4, 5, 6, 7, 8)",5,1,1,56234.13251903491,104.01039723041298,2.629356841451097,1.0
"(4, 5, 6, 7, 8)",5,1,1,100000.0,113.1425260180045,2.6292959056756047,1.0
"(4, 5, 6, 7, 8)",5,1,1,177827.94100389228,125.17400999630574,2.629250773797245,0.9999999999999999
"(4, 5, 6, 7, 8)",5,1,1,316227.7660168379,141.10649298038928,2.629217171427474,1.0
"(4, 5, 6, 7, 8)",5,1,1,562341.3251903491,162.26776777103032,2.629192076473101,1.0
"(4, 5, 6, 7, 8)",5,1,1,1000000.0,190.42198719586597,2.629173301723827,1.0
"(4, 5, 6, 7, 8)",5,1,3,0.0,49.2362406311223,3.616754002142091,1.0
"(4, 5, 6, 7, 8)",5,1,3,0.0001,49.23624063645884,3.6167006360523115,0.9999999999999999
"(4, 5, 6, 7, 8)",5,1,3,0.00017782794100389227,49.23624064799713,3.616659105713949,1.0
"(4, 5, 6, 7, 8)",5,1,3,0.00031622776601683794,49.23624068448054,3.6165852604970223,1.0
"(4, 5, 6, 7, 8)",5,1,3,0.0005623413251903491,49.2362407998304,3.616453966238879,0.9999999999999999
"(4, 5, 6, 7, 8)",5,1,3,0.001,49.23624116448132,3.6162205616089267,1.0
"(4, 5, 6, 7, 8)",5,1,3,0.0017782794100389228,49.236242316948704,3.6158057344388275,1.0
"(4, 5, 6, 7, 8)",5,1,3,0.0031622776601683794,49.236245957663876,3.615068786996,1.0
"(4, 5, 6, 7, 8)",5,1,3,0.005623413251903491,49.23625744981471,3.613760596080012,1.0
"(4, 5, 6, 7, 8)",5,1,3,0.01,49.236293674636656,3.611441538319276,1.0
"(4, 5, 6, 7, 8)",5,1,3,0.01778279410038923,49.236407576396985,3.6073404545705006,1.0
"(4, 5, 6, 7, 8)",5,1,3,0.03162277660168379,49.23676414522888,3.600119032443663,1.0000000000000002
"(4, 5, 6, 7, 8)",5,1,3,0.05623413251903491,49.237871765614344,3.5874988455251433,1.0
"(4, 5, 6, 7, 8)",5,1,3,0.1,49.241266118888745,3.5657331358136974,0.9999999999999999
"(4, 5, 6, 7, 8)",5,1,3,0.1778279410038923,49.25142809463114,3.529040417545123,0.9999999999999999
"(4, 5, 6, 7, 8)",5,1,3,0.31622776601683794,49.280675519694086,3.469519277946595,1.0
"(4, 5, 6, 7, 8)",5,1,3,0.5623413251903491,49.35963268899625,3.3788307607313923,1.0
"(4, 5, 6, 7, 8)",5,1,3,1.0,49.55288570192958,3.253328025295881,1.0000000000000002
"(4, 5, 6, 7, 8)",5,1,3,1.7782794100389228,49.96524828512306,3.1016208699203043,0.9999999999999999
"(4, 5, 6, 7, 8)",5,1,3,3.1622776601683795,50.708075740118005,2.9466144652764084,1.0
"(4, 5, 6, 7, 8)",5,1,3,5.623413251903491,51.828993324921434,2.8139922747320383,0.9999999999999999
"(4, 5, 6, 7, 8)",5,1,3,10.0,53.28535667447479,2.7165007198603512,1.0
"(4, 5, 6, 7, 8)",5,1,3,17.78279410038923,55.00337420512782,2.6516113535216776,1.0
"(4, 5, 6, 7, 8)",5,1,3,31.622776601683793,56.93245607143067,2.6105691435565435,0.9999999999999999
"(4, 5, 6, 7, 8)",5,1,3,56.23413251903491,59.027962918581004,2.5854570231431846,0.9999999999999999
"(4, 5, 6, 7, 8)",5,1,3,100.0,61.215141450274665,2.5706857128775247,0.9999999999999999
"(4, 5, 6, 7, 8)",5,1,3,177.82794100389228,63.389652060646824,2.5624072281181776,1.0
"(4, 5, 6, 7, 8)",5,1,3,316.22776601683796,65.44569033849572,2.557995240730894,1.0
"(4, 5, 6, 7, 8)",5,1,3,562.341325190349,67.30221457470485,2.5557503627994516,1.0
"(4, 5, 6, 7, 8)",5,1,3,1000.0,68.91384735209782,2.5546526268616834,1.0
"(4, 5, 6, 7, 8)",5,1,3,1778.2794100389228,70.26842339224862,2.5541330727045906,1.0
"(4, 5, 6, 7, 8)",5,1,3,3162.2776601683795,71.37799121209959,2.553893493266182,1.0000000000000002
"(4, 5, 6, 7, 8)",5,1,3,5623.413251903491,72.2688137345548,2.5537852386664186,1.0
"(4, 5, 6, 7, 8)",5,1,3,10000.0,72.97322805308207,2.5537370715984244,0.9999999999999999
"(4, 5, 6, 7, 8)",5,1,3,17782.794100389227,73.52415993793389,2.5537158779804594,1.0
"(4, 5, 6, 7, 8)",5,1,3,31622.776601683792,73.95200651928215,2.5537066202992014,1.0
"(4, 5, 6, 7, 8)",5,1,3,56234.13251903491,74.28323929702039,2.5537025896796206,0.9999999999999999
"(4, 5, 6, 7, 8)",5,1,3,100000.0,74.54009700116654,2.5537008323825696,1.0
"(4, 5, 6, 7, 8)",5,1,3,177827.94100389228,74.74087796611124,2.55370006029615,1.0
"(4, 5, 6, 7, 8)",5,1,3,316227.7660168379,74.90052294982601,2.55369971537476,1.0
"(4, 5, 6, 7, 8)",5,1,3,562341.3251903491,75.03129362252812,2.55369955665899,1.0
"(4, 5, 6, 7, 8)",5,1,3,1000000.0,75.1434249042434,2.55369948020353,1.0
