k,q,T,lam,D,D_T,D_max,ratio_DT_over_Dmax
4,-2.0,0.1,0.0,109.115907481459,1299.9352087391503,1633.1367688478479,0.7959744912584596
4,-2.0,0.1,0.0001,109.11589333273186,1299.9346583268748,1633.1363379576223,0.7959743642423357
4,-2.0,0.1,0.00017782794100389227,109.11588232108208,1299.9342299529594,1633.1360026049788,0.7959742653884694
4,-2.0,0.1,0.00031622776601683794,109.11586273931525,1299.9334681852918,1633.1354062548946,0.7959740895987912
4,-2.0,0.1,0.0005623413251903491,109.11582791752856,1299.9321135520277,1633.1343457794283,0.7959737769960519
4,-2.0,0.1,0.001,109.11576599487222,1299.9297046435213,1633.1324599629065,0.7959732211023757
4,-2.0,0.1,0.0017782794100389228,109.11565587975225,1299.9254209563637,1633.1291064707168,0.7959722325723378
4,-2.0,0.1,0.0031622776601683794,109.11546006640748,1299.9178034432744,1633.1231430772448,0.79597047470277
4,-2.0,0.1,0.005623413251903491,109.1151118622279,1299.9042576282736,1633.1125386633248,0.7959673487610495
4,-2.0,0.1,0.01,109.11449267896452,1299.880170180244,1633.0936815772548,0.7959617900944969
4,-2.0,0.1,0.01778279410038923,109.1133916647078,1299.8373384840327,1633.0601500691484,0.7959519056471949
4,-2.0,0.1,0.03162277660168379,109.11143396427677,1299.7611797178722,1633.0005269264602,0.7959343296503449
4,-2.0,0.1,0.05623413251903491,109.10795329159296,1299.625773310277,1632.8945169116464,0.7959030787661087
4,-2.0,0.1,0.1,109.10176578728705,1299.3850624110523,1632.7060539363795,0.7958475190793189
4,-2.0,0.1,0.1778279410038923,109.09076932547936,1298.957262496899,1632.3710798754018,0.7957487598935211
4,-2.0,0.1,0.31622776601683794,109.07123554643196,1298.1973085339907,1631.7759260511527,0.7955732694718619
4,-2.0,0.1,0.5623413251903491,109.03656530155554,1296.8484030820384,1630.7367481782169,0.7952530686089077
4,-2.0,0.1,1.0,108.9751206849175,1294.4575645807172,1628.8977737096218,0.7946831197594084
4,-2.0,0.1,1.7782794100389228,108.86651066865349,1290.2307795731517,1625.643517371744,0.793673868708393
4,-2.0,0.1,3.1622776601683795,108.67542019296239,1282.7918703697148,1619.9064687317718,0.7918925537559062
4,-2.0,0.1,5.623413251903491,108.34194851679719,1269.803468346484,1610.0348800398456,0.7886807199574822
4,-2.0,0.1,10.0,107.7682511816449,1247.438494469555,1593.2857296394652,0.7829345805738374
4,-2.0,0.1,17.78279410038923,106.80521986013777,1209.8397071519041,1565.9936591577894,0.7725699909938146
4,-2.0,0.1,31.622776601683793,105.25399892737538,1149.1343507336844,1524.3256202434393,0.7538640927324729
4,-2.0,0.1,56.23413251903491,102.9163091961328,1057.3508157495492,1467.752495332085,0.7203876805607605
4,-2.0,0.1,100.0,99.7302984658223,931.842682840166,1404.3586658832671,0.663536107604026
4,-2.0,0.1,177.82794100389228,95.94251144373392,782.6935377468099,1351.3883750070474,0.5791773499181745
4,-2.0,0.1,316.22776601683796,92.09863767857448,633.4999163724959,1322.2694685872027,0.4791004643322573
4,-2.0,0.1,562.341325190349,88.72525756550164,508.48584416843596,1314.678214296924,0.38677589591029227
4,-2.0,0.1,1000.0,86.03495195603952,417.5801713308915,1318.0613480779057,0.3168139115374544
4,-2.0,0.1,1778.2794100389228,83.9749354472701,356.24795825552843,1325.2016818845843,0.26882546492765097
4,-2.0,0.1,3162.2776601683795,82.41468778763367,315.3301208656885,1333.663353827676,0.23643906834560338
4,-2.0,0.1,5623.413251903491,81.23681155318351,287.51261991005157,1342.7210074272102,0.21412685011978397
4,-2.0,0.1,10000.0,80.3495815309075,268.178235553664,1351.7617769077372,0.1983916398103393
4,-2.0,0.1,17782.794100389227,79.68240316739553,254.49481351902233,1360.544509054217,0.18705364787803558
4,-2.0,0.1,31622.776601683792,79.1812591176116,244.6741887140724,1368.6043956483436,0.17877641595485586
4,-2.0,0.1,56234.13251903491,78.8050894915979,237.54993456749514,1376.1189396595657,0.1726231125241703
4,-2.0,0.1,100000.0,78.52284418026196,232.3393975958551,1382.5801142529756,0.1680476922824764
4,-2.0,0.1,177827.94100389228,78.31112223831225,228.5050164168672,1388.504538659093,0.1645691533983311
4,-2.0,0.1,316227.7660168379,78.15232414341186,225.66978051094634,1393.3141962785232,0.16196618186601394
4,-2.0,0.1,562341.3251903491,78.0332298846873,223.56648513017404,1397.7071042095013,0.15995231365488133
4,-2.0,0.1,1000000.0,77.94391612938276,222.00169458913996,1401.2735543400745,0.1584285194718393
4,-2.0,1.0,0.0,9.03491875204555,5.963626853612772,18.76524421124425,0.31780171824459014
4,-2.0,1.0,0.0001,9.03491529075837,5.963635826480284,18.765269907946788,0.3178017612181949
4,-2.0,1.0,0.00017782794100389227,9.034912596960256,5.963642809766973,18.76528990691516,0.31780179466181985
4,-2.0,1.0,0.00031622776601683794,9.034907806743139,5.9636552277588475,18.765325470146518,0.3178018541296467
4,-2.0,1.0,0.0005623413251903491,9.03489928874207,5.963677309649612,18.76538870985479,0.3178019598665569
4,-2.0,1.0,0.001,9.034884142441939,5.963716574991334,18.765501162491326,0.31780214785372596
4,-2.0,1.0,0.0017782794100389228,9.034857211521363,5.963786392056499,18.765701118152815,0.31780248201264855
4,-2.0,1.0,0.0031622776601683794,9.034809331673396,5.963910522013968,18.766056642872766,0.31780307581449324
4,-2.0,1.0,0.005623413251903491,9.0347242222319,5.964131182969195,18.766688699777724,0.3178041304132591
4,-2.0,1.0,0.01,9.034572982262736,5.9645233371074555,18.767812150881017,0.3178060015283914
4,-2.0,1.0,0.01778279410038923,9.034304377631576,5.96521993007423,18.769808309742146,0.3178093154514575
4,-2.0,1.0,0.03162277660168379,9.033827803201968,5.966456247127501,18.77335282649877,0.3178151661170396
4,-2.0,1.0,0.05623413251903491,9.032983719392067,5.9686471373169745,18.779639542544967,0.3178254366275296
4,-2.0,1.0,0.1,9.031493363782454,5.972519175305186,18.790767446235755,0.31784328087683433
4,-2.0,1.0,0.1778279410038923,9.028876330682943,5.979329706965009,18.810394391999715,0.31787370229239265
4,-2.0,1.0,0.31622776601683794,9.024324996240676,5.99120780253096,18.84479502496519,0.31792374470478096
4,-2.0,1.0,0.5623413251903491,9.016541476706978,6.011617382794545,18.904433773557663,0.31800039370675137
4,-2.0,1.0,1.0,9.003607778767622,6.045781606722637,19.00683255953718,0.3180846460232011
4,-2.0,1.0,1.7782794100389228,8.983122289675226,6.100433478161834,19.18144017637693,0.3180383444656505
4,-2.0,1.0,3.1622776601683795,8.953064278838077,6.181306369506738,19.460427722110744,0.31763466136376844
4,-2.0,1.0,5.623413251903491,8.913705110722953,6.286048729156362,19.881841982852652,0.3161703394774913
4,-2.0,1.0,10.0,8.869480732613647,6.393017387078314,20.46026318531834,0.3124601736142743
4,-2.0,1.0,17.78279410038923,8.827925749740078,6.456177185843363,21.164178233009103,0.3050521080839258
4,-2.0,1.0,31.622776601683793,8.795070839079969,6.422497196111568,21.911326585249896,0.2931131153161223
4,-2.0,1.0,56.23413251903491,8.77221297079724,6.267150840462556,22.601559318652484,0.2772884274090964
4,-2.0,1.0,100.0,8.757284053820028,6.011824185605228,23.159993727528082,0.25957797123492066
4,-2.0,1.0,177.82794100389228,8.747639937566596,5.707374730320923,23.555457645825314,0.24229521736048415
4,-2.0,1.0,316.22776601683796,8.741310935123842,5.4033940694338956,23.804457166815094,0.2269908543416216
4,-2.0,1.0,562.341325190349,8.7370484436074,5.131253521047565,23.947161619565904,0.21427397545332058
4,-2.0,1.0,1000.0,8.73409582614778,4.903653966948704,24.0231189864222,0.20412228610782118
4,-2.0,1.0,1778.2794100389228,8.731998239032587,4.72116952848695,24.061605502642234,0.19621174189596421
4,-2.0,1.0,3162.2776601683795,8.730478636064193,4.5785962116432986,24.079338146423275,0.19014626497628215
4,-2.0,1.0,5623.413251903491,8.729362759557299,4.468947781287802,24.08635389314312,0.1855385751248975
4,-2.0,1.0,10000.0,8.728536240692891,4.3854244701568215,24.088061574326524,0.18205800647864848
4,-2.0,1.0,17782.794100389227,8.727920835933274,4.3221712620342565,24.087477279460625,0.17943644375410658
4,-2.0,1.0,31622.776601683792,8.727461214550146,4.274439385993235,24.085738036613566,0.1774676524130384
4,-2.0,1.0,56234.13251903491,8.727117336388236,4.238499748461557,24.083892620907367,0.175988982145772
4,-2.0,1.0,100000.0,8.72685979682418,4.211475563149734,24.08230502412759,0.1748784245914309
4,-2.0,1.0,177827.94100389228,8.726666809148771,4.191173005023327,24.080738284381056,0.17404669888139404
4,-2.0,1.0,316227.7660168379,8.72652214745579,4.175926087321818,24.079451176675178,0.1734228100417369
4,-2.0,1.0,562341.3251903491,8.72641369069307,4.164489667943834,24.07856494557619,0.17295423034373777
4,-2.0,1.0,1000000.0,8.726332368794186,4.1558878208913175,24.07777586359083,0.1726026458770902
4,-2.0,3.0,0.0,8.807809729768783,4.906631948843615,14.937347934745665,0.32848079660984075
4,-2.0,3.0,0.0001,8.807800228082797,4.906646245629635,14.937392543173296,0.3284807727619153
4,-2.0,3.0,0.00017782794100389227,8.80779283333586,4.9066573723249025,14.937427260060819,0.32848075420886935
4,-2.0,3.0,0.00031622776601683794,8.807779683883314,4.906677158266751,14.937488994540162,0.3284807212283271
4,-2.0,3.0,0.0005623413251903491,8.807756301980293,4.906712341836184,14.937598769164584,0.32848066263267306
4,-2.0,3.0,0.001,8.807714727159086,4.906774903741698,14.937793960710044,0.3284805585515294
4,-2.0,3.0,0.0017782794100389228,8.80764081048204,4.906886142657568,14.938141004871511,0.3284803739004319
4,-2.0,3.0,0.0031622776601683794,8.807509413301574,4.9070839134327535,14.938757955524862,0.3284800468714969
4,-2.0,3.0,0.005623413251903491,8.807275901944115,4.907435468900427,14.939854461736944,0.32847946956036655
4,-2.0,3.0,0.01,8.806861125786552,4.908060202289359,14.941802446415315,0.3284784563235108
4,-2.0,3.0,0.01778279410038923,8.806125027918243,4.9091697934582506,14.945260475676326,0.32847669677273345
4,-2.0,3.0,0.03162277660168379,8.804820732802314,4.911138668493428,14.951390773953722,0.32847370139297977
4,-2.0,3.0,0.05623413251903491,8.8025160630069,4.914626377354606,14.962232113828845,0.3284687966317714
4,-2.0,3.0,0.1,8.798463702709181,4.9207861332609015,14.98132216031387,0.32846140551574704
4,-2.0,3.0,0.1778279410038923,8.791399614444963,4.931607752396962,15.015043025845797,0.3284444635894851
4,-2.0,3.0,0.31622776601683794,8.779269506649024,4.950443686030864,15.07507966204664,0.32838590554809555
4,-2.0,3.0,0.5623413251903491,8.758972137169135,4.982702568016068,15.178289449231533,0.3282782677641148
4,-2.0,3.0,1.0,8.726449164220071,5.036432510246126,15.351837922419515,0.3280670715583195
4,-2.0,3.0,1.7782794100389228,8.677849530476232,5.1218237393237045,15.634308115194374,0.3276015607205543
4,-2.0,3.0,3.1622776601683795,8.61251118555291,5.247505059757093,16.070630682727465,0.3265276368647469
4,-2.0,3.0,5.623413251903491,8.536675531357037,5.411254548944786,16.693992923126753,0.3241438147160343
4,-2.0,3.0,10.0,8.463393459058208,5.587296136205163,17.493130398778117,0.31939944474405974
4,-2.0,3.0,17.78279410038923,8.40548014515782,5.72295144188362,18.40675883780649,0.3109157615586828
4,-2.0,3.0,31.622776601683793,8.367666489924359,5.7597656853977455,19.32464998664873,0.29805278177752914
4,-2.0,3.0,56.23413251903491,8.346470098824799,5.669993379493899,20.142180979133098,0.2814984824815098
4,-2.0,3.0,100.0,8.335714891544836,5.473584710834357,20.790609974140438,0.26327196352788373
4,-2.0,3.0,177.82794100389228,8.330548593760534,5.220034516516916,21.25069050817997,0.24564070115780862
4,-2.0,3.0,316.22776601683796,8.328144113202148,4.958258209542737,21.549275920074994,0.23008931845007818
4,-2.0,3.0,562.341325190349,8.327051639934735,4.719895126828949,21.727859039613616,0.21722780501400393
4,-2.0,3.0,1000.0,8.326565274272044,4.518628441599146,21.832584631855052,0.20696717854496238
4,-2.0,3.0,1778.2794100389228,8.32635193487776,4.356317682717895,21.891907394051298,0.19899214829958764
4,-2.0,3.0,3162.2776601683795,8.32625902016937,4.229034696151815,21.925328676402454,0.19288352565055925
4,-2.0,3.0,5623.413251903491,8.326218460932525,4.1309042609782765,21.944171939336623,0.18824607610612598
4,-2.0,3.0,10000.0,8.326200511553955,4.056028861309713,21.954609916197718,0.18474611376799036
4,-2.0,3.0,17782.794100389227,8.326192341772723,3.9992580685334382,21.96051716454706,0.18211128811619332
4,-2.0,3.0,31622.776601683792,8.326188449306246,3.9563822417107697,21.963949378111,0.18013073029815171
4,-2.0,3.0,56234.13251903491,8.326186471298213,3.9240789823900286,21.965824550696457,0.17864473848151582
4,-2.0,3.0,100000.0,8.326185383798142,3.8997787212066624,21.966932128313402,0.17752951110456602
4,-2.0,3.0,177827.94100389228,8.326184734790978,3.8815175161294495,21.96747749387725,0.17669382008978052
4,-2.0,3.0,316227.7660168379,8.32618431802119,3.8677999496506255,21.967664585178536,0.1760678716963026
4,-2.0,3.0,562341.3251903491,8.326184034790431,3.8575007250674687,21.967897276617876,0.1755971760289185
4,-2.0,3.0,1000000.0,8.326183832610308,3.8495553479042712,21.968080138933715,0.17523403609047106
4,-1.0,0.1,0.0,80.68142015871446,1074.7799254711188,1271.6267563593988,0.8452007793137019
4,-1.0,0.1,0.0001,80.68141647347683,1074.779736140097,1271.6265755884178,0.845200750576297
4,-1.0,0.1,0.00017782794100389227,80.68141360533552,1074.7795887879427,1271.6264348981729,0.8452007282107241
4,-1.0,0.1,0.00031622776601683794,80.68140850498405,1074.7793267548918,1271.626184711836,0.8452006884385196
4,-1.0,0.1,0.0005623413251903491,80.68139943514753,1074.7788607875887,1271.6257398112116,0.8452006177125297
4,-1.0,0.1,0.001,80.68138330648627,1074.7780321696764,1271.624948655408,0.8452004919423186
4,-1.0,0.1,0.0017782794100389228,80.6813546253553,1074.7765586624703,1271.6235417650405,0.845200268289039
4,-1.0,0.1,0.0031622776601683794,80.68130362271904,1074.7739383766911,1271.6210399387971,0.8451998705749787
4,-1.0,0.1,0.005623413251903491,80.68121292713671,1074.769278845276,1271.6165910495201,0.8451991633407538
4,-1.0,0.1,0.01,80.68105164933598,1074.7609931141214,1271.6086798612548,0.8451979057200117
4,-1.0,0.1,0.01778279410038923,80.6807648658965,1074.7462594571966,1271.5946121267643,0.8451956694434751
4,-1.0,0.1,0.03162277660168379,80.68025492766326,1074.7200610744155,1271.56959756238,0.8451916931127259
4,-1.0,0.1,0.05623413251903491,80.67934825049079,1074.673479909712,1271.5251203634589,0.8451846233305419
4,-1.0,0.1,0.1,80.67773635349943,1074.5906673335862,1271.4460454513892,0.845172055218501
4,-1.0,0.1,0.1778279410038923,80.67487130398229,1074.4434721771709,1271.3054849775917,0.8451497180444472
4,-1.0,0.1,0.31622776601683794,80.66978072180937,1074.1819352387195,1271.0557086861718,0.8451100356168093
4,-1.0,0.1,0.5623413251903491,80.66074174320663,1073.7175351100782,1270.61210341558,0.8450395932982048
4,-1.0,0.1,1.0,80.64471046483561,1072.8938636065914,1269.8250366421123,0.844914718679449
4,-1.0,0.1,1.7782794100389228,80.61633617090021,1071.4359453092545,1268.4310365257957,0.8446938891087794
4,-1.0,0.1,3.1622776601683795,80.56629762479928,1068.8646610232329,1265.969747646191,0.8443050578503678
4,-1.0,0.1,5.623413251903491,80.47861637673661,1064.3584517356644,1261.647800853146,0.8436256544940106
4,-1.0,0.1,10.0,80.32668265296145,1056.5486115157,1254.135031526302,0.842452036627877
4,-1.0,0.1,17.78279410038923,80.06844016937173,1043.2717163277175,1241.4229369915702,0.840383792856247
4,-1.0,0.1,31.622776601683793,79.64354558450367,1021.4296913702093,1220.5022821667724,0.836892897534655
4,-1.0,0.1,56.23413251903491,78.98037353059445,987.3918192182765,1187.9355783200187,0.8311829675264447
4,-1.0,0.1,100.0,78.02519457345932,938.6722780494501,1141.2014306597273,0.8225298819567767
4,-1.0,0.1,177.82794100389228,76.7937214636763,877.0520318158082,1081.3798212104136,0.8110490085103524
4,-1.0,0.1,316.22776601683796,75.40287427618341,810.7342703328186,1014.472970976128,0.7991679359901807
4,-1.0,0.1,562.341325190349,74.02547232455325,751.2147634370308,949.0445753867136,0.7915484508521934
4,-1.0,0.1,1000.0,72.80016556879552,705.9327802411519,892.8878282194986,0.7906175422380296
4,-1.0,0.1,1778.2794100389228,71.7886623199621,674.9368572211632,850.558326022369,0.793522133135186
4,-1.0,0.1,3162.2776601683795,70.99113779145104,654.3532969903432,821.0592415678473,0.7969623431079443
4,-1.0,0.1,5623.413251903491,70.3777648518267,640.4865612253751,800.6610904792394,0.7999471547218673
4,-1.0,0.1,10000.0,69.91182728764181,630.929615840425,786.371440611314,0.8023302770888389
4,-1.0,0.1,17782.794100389227,69.56005564767838,624.2151606676671,776.2271748470511,0.8041655598963838
4,-1.0,0.1,31622.776601683792,69.295310792851,619.4260068397533,768.9793551871398,0.8055170826907427
4,-1.0,0.1,56234.13251903491,69.09639180952416,615.9695823212377,763.7533595218124,0.8065032705151013
4,-1.0,0.1,100000.0,68.9470639985291,613.4522007795731,759.988691627196,0.8071859588675239
4,-1.0,0.1,177827.94100389228,68.83501787764364,611.6059205552713,757.2746439400547,0.8076408281322114
4,-1.0,0.1,316227.7660168379,68.75096763445936,610.2447100993417,755.2958023998947,0.8079545896592245
4,-1.0,0.1,562341.3251903491,68.68792727877735,609.2374441144651,753.878035921563,0.8081379415301775
4,-1.0,0.1,1000000.0,68.64064863910365,608.4875848424527,752.8325452838011,0.8082641865769319
4,-1.0,1.0,0.0,11.186426301719456,7.5612449316808235,18.87680097501669,0.40055753841384867
4,-1.0,1.0,0.0001,11.186423515158133,7.561266675562481,18.87680650369055,0.4005585729813038
4,-1.0,1.0,0.00017782794100389227,11.18642134646967,7.561283598242748,18.876810807864334,0.40055937812824904
4,-1.0,1.0,0.00031622776601683794,11.186417490010758,7.561313691200379,18.87681845909517,0.400560809947145
4,-1.0,1.0,0.0005623413251903491,11.186410632386853,7.561367203950677,18.87683206343629,0.400563356104479
4,-1.0,1.0,0.001,11.186398438366604,7.561462361610746,18.8768562566701,0.4005678836982678
4,-1.0,1.0,0.0017782794100389228,11.186376756366553,7.56163156915265,18.876899258998098,0.40057593492470583
4,-1.0,1.0,0.0031622776601683794,11.186338207221109,7.5619324378288155,18.87697568839122,0.4005902514606288
4,-1.0,1.0,0.005623413251903491,11.186269679804795,7.562467372784914,18.877111467282898,0.4006157078582652
4,-1.0,1.0,0.01,11.18614789391448,7.563418340698157,18.877352489615575,0.4006609690028721
4,-1.0,1.0,0.01778279410038923,11.185931561448596,7.565108492384268,18.87777972827711,0.40074143258767125
4,-1.0,1.0,0.03162277660168379,11.18554760923076,7.568111101939008,18.87853518716952,0.4008844450539017
4,-1.0,1.0,0.05623413251903491,11.184867188648328,7.5734412682863015,18.880091448959774,0.40113371742717757
4,-1.0,1.0,0.1,11.183664600390598,7.582890478473978,18.88291649127987,0.4015741149930815
4,-1.0,1.0,0.1778279410038923,11.181549133711401,7.599601856185377,18.887855238764615,0.4023538808465814
4,-1.0,1.0,0.31622776601683794,11.177858571401451,7.629032668291086,18.89637525285055,0.4037299517080787
4,-1.0,1.0,0.5623413251903491,11.171512504587607,7.680484722044495,18.91114625795951,0.40613533507054644
4,-1.0,1.0,1.0,11.160867164951815,7.769304573685101,18.937631291867653,0.4102574632457575
4,-1.0,1.0,1.7782794100389228,11.143733445769042,7.919402378899615,18.983850847987203,0.4171652233424118
4,-1.0,1.0,3.1622776601683795,11.11792165924563,8.164460595271072,19.06220588157389,0.42830618061696035
4,-1.0,1.0,5.623413251903491,11.082697233586767,8.54406124530595,19.189362461561284,0.4452498754151309
4,-1.0,1.0,10.0,11.040651401867416,9.090369088027954,19.371368262408595,0.4692683017992285
4,-1.0,1.0,17.78279410038923,10.997813294927578,9.807602236358663,19.59232395332373,0.5005839154009526
4,-1.0,1.0,31.622776601683793,10.960518096116946,10.659138265248602,19.805621536978016,0.5381875163749593
4,-1.0,1.0,56.23413251903491,10.931873697011088,11.576869760561513,19.96029680564881,0.5799948704813463
4,-1.0,1.0,100.0,10.911463944221937,12.486517844392903,20.031974325919343,0.6233293654054166
4,-1.0,1.0,177.82794100389228,10.897315984623752,13.329447463510872,20.03409924191623,0.6653379971095686
4,-1.0,1.0,316.22776601683796,10.887476290756368,14.070994511113089,19.999283873336218,0.7035749179935916
4,-1.0,1.0,562.341325190349,10.880520697331933,14.698161631006158,19.957772302661645,0.7364630384647667
4,-1.0,1.0,1000.0,10.875515803177672,15.213084687315273,19.922983298413598,0.7635947116678375
4,-1.0,1.0,1778.2794100389228,10.871862335463469,15.626509434850416,19.896510417787823,0.7853894530610779
4,-1.0,1.0,3162.2776601683795,10.869168147546896,15.952897991829374,19.876782501503,0.8025895534462422
4,-1.0,1.0,5623.413251903491,10.867168137979847,16.207319951601814,19.861918149218887,0.8159997352641997
4,-1.0,1.0,10000.0,10.865677299448697,16.403751876591798,19.851056126832745,0.8263415191506505
4,-1.0,1.0,17782.794100389227,10.864563228761948,16.554319777238934,19.843115405937663,0.8342601168506725
4,-1.0,1.0,31622.776601683792,10.863729478595829,16.669106429248483,19.837059063438453,0.8403012954662821
4,-1.0,1.0,56234.13251903491,10.863104977446175,16.75625506555279,19.832630368776876,0.8448831422751004
4,-1.0,1.0,100000.0,10.862636976565943,16.82221830199194,19.829301795873103,0.8483515191388633
4,-1.0,1.0,177827.94100389228,10.862286156637369,16.872029390350153,19.82671564857293,0.8509744977133696
4,-1.0,1.0,316227.7660168379,10.862023133982794,16.909592135315933,19.824864909726095,0.8529486688718909
4,-1.0,1.0,562341.3251903491,10.86182591742355,16.93786222306367,19.82345099902383,0.8544355987208153
4,-1.0,1.0,1000000.0,10.861678034353615,16.959129521366567,19.822398710660316,0.8555538494060304
4,-1.0,3.0,0.0,10.554221471707681,5.65104474495354,13.703470274687257,0.41238055993685213
4,-1.0,3.0,0.0001,10.554212417972906,5.651071204811431,13.703500483549389,0.41238158174222417
4,-1.0,3.0,0.00017782794100389227,10.55420537184687,5.6510917977438995,13.70352399202859,0.41238237704631076
4,-1.0,3.0,0.00031622776601683794,10.554192842317443,5.651128417232116,13.703565795375573,0.4123837913150426
4,-1.0,3.0,0.0005623413251903491,10.554170562740548,5.651193535334266,13.703640121561122,0.4123863064998879
4,-1.0,3.0,0.001,10.554130947940731,5.651309328519499,13.70377225907483,0.4123907798290447
4,-1.0,3.0,0.0017782794100389228,10.55406051602594,5.651515225362505,13.704007132473532,0.41239873642290087
4,-1.0,3.0,0.0031622776601683794,10.553935313502857,5.651881317545537,13.704424471711398,0.41241289112228835
4,-1.0,3.0,0.005623413251903491,10.553712810950339,5.652532173894537,13.705165578339322,0.4124380797579144
4,-1.0,3.0,0.01,10.55331758933023,5.653689079540034,13.706480241628126,0.4124829263146014
4,-1.0,3.0,0.01778279410038923,10.552616194860969,5.655744805614091,13.708808186620244,0.4125628376020376
4,-1.0,3.0,0.03162277660168379,10.551373391466365,5.659395489863271,13.712918363841204,0.41270540228593505
4,-1.0,3.0,0.05623413251903491,10.549177378177186,5.665871766897985,13.720395320846457,0.4129525159008639
4,-1.0,3.0,0.1,10.545316074271108,5.677339213771706,13.733896474701865,0.4133815355481591
4,-1.0,3.0,0.1778279410038923,10.538585033728394,5.6975778720857555,13.757723790595016,0.41413666670504784
4,-1.0,3.0,0.31622776601683794,10.527026749640372,5.73309213069722,13.798775543125016,0.4154783236222454
4,-1.0,3.0,0.5623413251903491,10.507685673311155,5.79479673733206,13.869301839643512,0.4178145954519803
4,-1.0,3.0,1.0,10.476691718689656,5.900224050376195,13.987690716374097,0.4218154497417754
4,-1.0,3.0,1.7782794100389228,10.430360086458718,6.075491547701264,14.178345998470691,0.42850495737348915
4,-1.0,3.0,3.1622776601683795,10.367998386255108,6.354773652556309,14.468875246813234,0.43920301641663173
4,-1.0,3.0,5.623413251903491,10.295372850776326,6.773530657843701,14.87264440920469,0.4554355279046111
4,-1.0,3.0,10.0,10.224597563271876,7.353586132068315,15.368342917001355,0.47848920158681196
4,-1.0,3.0,17.78279410038923,10.167698085680843,8.086237167487043,15.896997957045397,0.5086644150887181
4,-1.0,3.0,31.622776601683793,10.129552053940545,8.927032518389733,16.37525831619571,0.5451536913808915
4,-1.0,3.0,56.23413251903491,10.107559622931493,9.809216330637494,16.740132236144802,0.5859700623784633
4,-1.0,3.0,100.0,10.09621800987209,10.666379208711742,16.972346139084227,0.6284563796485986
4,-1.0,3.0,177.82794100389228,10.090787653019005,11.449271123671593,17.09371178442617,0.6697943236706996
4,-1.0,3.0,316.22776601683796,10.08830205740734,12.130841370135135,17.146167756142948,0.7074957823032512
4,-1.0,3.0,562.341325190349,10.087192043587624,12.702928213148452,17.167148946448222,0.7399556124767362
4,-1.0,3.0,1000.0,10.086701713113342,13.170036234228094,17.176303613197547,0.7667561386204651
4,-1.0,3.0,1778.2794100389228,10.086485243051026,13.54355079014796,17.180851577865184,0.7882933350985167
4,-1.0,3.0,3162.2776601683795,10.086388776886166,13.837549130972052,17.183276832162033,0.8052916371033629
4,-1.0,3.0,5623.413251903491,10.086344860989167,14.066215410917888,17.18437741429318,0.8185466992373115
4,-1.0,3.0,10000.0,10.086324121011824,14.242471691963402,17.18513139066926,0.828767110834917
4,-1.0,3.0,17782.794100389227,10.086313775993574,14.37740873673462,17.18559021400408,0.8365967393438052
4,-1.0,3.0,31622.776601683792,10.086308235794961,14.480184860487196,17.185643937070783,0.8425744716642418
4,-1.0,3.0,56234.13251903491,10.08630502329361,14.558161061043949,17.185840870440195,0.8471020516711592
4,-1.0,3.0,100000.0,10.086303013678142,14.617153876597332,17.18594303660982,0.8505296360787181
4,-1.0,3.0,177827.94100389228,10.086301675740804,14.661685068192625,17.185965630720275,0.8531196549110138
4,-1.0,3.0,316227.7660168379,10.086300743838663,14.695242072917322,17.18590289634489,0.855075358074013
4,-1.0,3.0,562341.3251903491,10.086300075115975,14.720509223329211,17.185914592484803,0.8565450005067705
4,-1.0,3.0,1000000.0,10.086299585754352,14.739517188750456,17.185940055979753,0.8576497497803108
4,0.0,0.1,0.0,46.05424098168828,633.4086065344247,740.0354588886061,0.8559165630869705
4,0.0,0.1,0.0001,46.05423967811184,633.4085348610868,740.0353828797612,0.8559165541467105
4,0.0,0.1,0.00017782794100389227,46.05423866356615,633.4084790793404,740.035323723693,0.8559165471888153
4,0.0,0.1,0.00031622776601683794,46.054236859422325,633.4083798839097,740.0352185277654,0.8559165348157614
4,0.0,0.1,0.0005623413251903491,46.05423365115469,633.4082034869593,740.0350314602351,0.8559165128130759
4,0.0,0.1,0.001,46.054227945971874,633.4078898046874,740.0346988026123,0.8559164736863708
4,0.0,0.1,0.0017782794100389228,46.054217800605784,633.4073319925426,740.0341072466738,0.8559164041089399
4,0.0,0.1,0.0031622776601683794,46.05419975944663,633.4063400546922,740.0330553021311,0.8559162803830341
4,0.0,0.1,0.005623413251903491,46.05416767765632,633.4045761373671,740.0311846734284,0.8559160603710032
4,0.0,0.1,0.01,46.054110628634135,633.4014394795971,740.027858244551,0.8559156691507714
4,0.0,0.1,0.01778279410038923,46.05400918384844,633.3958618789409,740.0219431511747,0.855914973523357
4,0.0,0.1,0.03162277660168379,46.05382880032119,633.3859441473779,740.0114251787732,0.8559137367296235
4,0.0,0.1,0.05623413251903491,46.05350807115523,633.3683101816312,739.9927235500496,0.8559115380798648
4,0.0,0.1,0.1,46.05293786148389,633.3369600683253,739.9594739896692,0.8559076305267599
4,0.0,0.1,0.1778279410038923,46.05192430047264,633.2812361082896,739.9003696150319,0.8559006889505733
4,0.0,0.1,0.31622776601683794,46.05012326778417,633.182223274423,739.7953370384188,0.8558883674628255
4,0.0,0.1,0.5623413251903491,46.046924828183585,633.0064031706953,739.6087855890819,0.8558665276893916
4,0.0,0.1,1.0,46.041250665452246,632.694541747465,739.277757228282,0.855827915233888
4,0.0,0.1,1.7782794100389228,46.03120306120761,632.1424690558011,738.691338170869,0.8557599587144181
4,0.0,0.1,3.1622776601683795,46.01346919700705,631.1685777480576,737.6555524809244,0.8556413296494226
4,0.0,0.1,5.623413251903491,45.98234888277917,629.4611561956094,735.8355487704772,0.8554372743303705
4,0.0,0.1,10.0,45.928284048143844,626.5000129413244,732.689094576286,0.8550693842435709
4,0.0,0.1,17.78279410038923,45.83597399688322,621.4605171458496,727.2964863148967,0.8544802963296273
4,0.0,0.1,31.622776601683793,45.68290893725043,613.1560815585036,718.3045812745975,0.8536157189342816
4,0.0,0.1,56.23413251903491,45.44086929256711,600.1859666149862,704.016290556399,0.8525171571536314
4,0.0,0.1,100.0,45.08484825869562,581.5854433714753,682.8075394603566,0.8517560363072731
4,0.0,0.1,177.82794100389228,44.61109299045803,558.0924306853451,654.1782408791265,0.853119831584959
4,0.0,0.1,316.22776601683796,44.052775893843325,533.1235447349327,619.84985021418,0.8600849779196037
4,0.0,0.1,562.341325190349,43.47265914316785,511.57931464949615,584.0645947379495,0.8758950966357153
4,0.0,0.1,1000.0,42.934183019012025,496.6103328982606,552.6296790722243,0.8986313108119507
4,0.0,0.1,1778.2794100389228,42.476871470177116,487.95081041368417,529.670817169016,0.9212340846371018
4,0.0,0.1,3162.2776601683795,42.1110030753769,483.5098932523886,514.4996733549851,0.939767153008055
4,0.0,0.1,5623.413251903491,41.82781357757923,481.40877374841114,504.51875434432776,0.9541940108332537
4,0.0,0.1,10000.0,41.6121132951709,480.5183266340401,497.7930769774486,0.9652973270574611
4,0.0,0.1,17782.794100389227,41.44907415782474,480.23195342039077,493.17266468353733,0.973760282777533
4,0.0,0.1,31622.776601683792,41.32630579011981,480.2305593616568,489.9267753630902,0.9802088465276317
4,0.0,0.1,56234.13251903491,41.23404006135194,480.3492726838006,487.6071086738732,0.9851154015990221
4,0.0,0.1,100000.0,41.16476854986615,480.5055451087115,485.9575755651054,0.9887808509826111
4,0.0,0.1,177827.94100389228,41.11278870982313,480.6606474442139,484.74906130543434,0.9915659169092349
4,0.0,0.1,316227.7660168379,41.07379549531154,480.7984181106653,483.8413589120185,0.9937108708354414
4,0.0,0.1,562341.3251903491,41.044548937715206,480.9134272439124,483.17747793444977,0.9953142462264258
4,0.0,0.1,1000000.0,41.02261462089987,481.0064485452746,482.68474133887105,0.9965230042513025
4,0.0,1.0,0.0,11.495530543752709,10.136793192785907,20.474603398384765,0.4950910645519803
4,0.0,1.0,0.0001,11.495525054802208,10.13683284878989,20.474623847614126,0.4950925069117262
4,0.0,1.0,0.00017782794100389227,11.495520782930381,10.136863712038146,20.47463976253572,0.49509362946577806
4,0.0,1.0,0.00031622776601683794,11.495513186490303,10.136918595068966,20.474668063090217,0.49509562566940163
4,0.0,1.0,0.0005623413251903491,11.495499678345071,10.137016191015872,20.474718387416395,0.49509917544194426
4,0.0,1.0,0.001,11.495475658504349,10.137189739398796,20.474807871909707,0.495105487817859
4,0.0,1.0,0.0017782794100389228,11.495432948992887,10.137498342748714,20.47496698066612,0.4951167126335901
4,0.0,1.0,0.0031622776601683794,11.495357013701259,10.13804708094206,20.4752498582972,0.4951366723778373
4,0.0,1.0,0.005623413251903491,11.495222024274328,10.139022749167577,20.475752697150913,0.495172162856722
4,0.0,1.0,0.01,11.494982116732677,10.14075731227282,20.4766462637798,0.4952352637067497
4,0.0,1.0,0.01778279410038923,11.494555940605906,10.143840435687375,20.47823331224507,0.4953474394503461
4,0.0,1.0,0.03162277660168379,11.493799489249405,10.149318623500859,20.481049333743417,0.49554680808172347
4,0.0,1.0,0.05623413251903491,11.49245874510877,10.15904627839238,20.486037488796427,0.4959009903183201
4,0.0,1.0,0.1,11.490088462965465,10.176300380010241,20.494846489194863,0.496529719574885
4,0.0,1.0,0.1778279410038923,11.485916964641751,10.206843641343633,20.510776419593302,0.4976332164390108
4,0.0,1.0,0.31622776601683794,11.478633536499084,10.260723019189378,20.54045954209292,0.4995371694660677
4,0.0,1.0,0.5623413251903491,11.466091342288042,10.355190378688782,20.591525599957293,0.502886021165438
4,0.0,1.0,1.0,11.44499970800181,10.519089600170485,20.68197588748041,0.5086114429974794
4,0.0,1.0,1.7782794100389228,11.410909126238684,10.798460691527135,20.839732108504435,0.5181669627663024
4,0.0,1.0,3.1622776601683795,11.359196801003327,11.261161623080856,21.111911746720295,0.5334032160697271
4,0.0,1.0,5.623413251903491,11.287875067870408,11.994473015700507,21.561292053433412,0.556296579350425
4,0.0,1.0,10.0,11.201482209735,13.086675278885561,22.255384738270713,0.588022873241167
4,0.0,1.0,17.78279410038923,11.111970251390098,14.590315223475686,23.229708559544612,0.628088604128476
4,0.0,1.0,31.622776601683793,11.033097364188041,16.485035262797524,24.452691880028485,0.67416034781273
4,0.0,1.0,56.23413251903491,10.972868444708867,18.669094026057998,25.836230714120425,0.7225935637683661
4,0.0,1.0,100.0,10.931577847951843,20.988127555347592,27.26224377723894,0.769860607470264
4,0.0,1.0,177.82794100389228,10.905126117590632,23.28086578865994,28.624716889393,0.8133133989977297
4,0.0,1.0,316.22776601683796,10.88868756477158,25.41643354584508,29.86150339806256,0.8511438023409806
4,0.0,1.0,562.341325190349,10.878463699711622,27.311484249250842,30.92917033878333,0.8830331997300256
4,0.0,1.0,1000.0,10.871957250572756,28.929327838042035,31.818214927848008,0.9092065002277184
4,0.0,1.0,1778.2794100389228,10.86767175263818,30.26915813552049,32.54578242638746,0.9300485617140631
4,0.0,1.0,3162.2776601683795,10.864746381670285,31.352827592734283,33.12708018297344,0.9464410210486622
4,0.0,1.0,5623.413251903491,10.862687573300024,32.213480424800004,33.58355332547884,0.959204051834521
4,0.0,1.0,10000.0,10.861205139940536,32.88753817219164,33.934294064625334,0.9691534501810992
4,0.0,1.0,17782.794100389227,10.86012091912411,33.40986937578766,34.21081057933544,0.9765880670470996
4,0.0,1.0,31622.776601683792,10.85931994862099,33.81137073647875,34.417061703670186,0.9824014329751211
4,0.0,1.0,56234.13251903491,10.858724565534441,34.11811397883496,34.575981951807435,0.9867576292233534
4,0.0,1.0,100000.0,10.858280362757043,34.351379662939365,34.69705574672574,0.9900373078825574
4,0.0,1.0,177827.94100389228,10.857948232476474,34.528162260996154,34.78853086352027,0.9925156769756799
4,0.0,1.0,316227.7660168379,10.85769958594784,34.66178335910946,34.85720869088115,0.9943935461526838
4,0.0,1.0,562341.3251903491,10.857513303732677,34.762582914102346,34.9001173341317,0.9960591989215221
4,0.0,1.0,1000000.0,10.85737368537283,34.838552760438915,34.93677293411019,0.9971886306197624
4,0.0,3.0,0.0,10.806943237679512,7.445140774322765,14.609851393866306,0.5095972966192168
4,0.0,3.0,0.0001,10.806931310304803,7.445183451169644,14.609896734350682,0.5095986362220195
4,0.0,3.0,0.00017782794100389227,10.806922027720725,7.445216665384089,14.60993202125597,0.5095996788042583
4,0.0,3.0,0.00031622776601683794,10.806905521223252,7.445275728891694,14.609994769816227,0.5096015327995457
4,0.0,3.0,0.0005623413251903491,10.80687616973701,7.445380758268136,14.61010634980977,0.5096048296982505
4,0.0,3.0,0.001,10.80682397990001,7.445567523385474,14.610304756051855,0.5096106924327766
4,0.0,3.0,0.0017782794100389228,10.806731188564973,7.445899623521146,14.61065753299995,0.509621117783623
4,0.0,3.0,0.0031622776601683794,10.806566232678819,7.4464901257724705,14.611284727399246,0.5096396562451985
4,0.0,3.0,0.005623413251903491,10.806273062617162,7.4475399996108695,14.61239960675668,0.5096726205165628
4,0.0,3.0,0.01,10.80575225366619,7.449406323434821,14.614380759695448,0.5097312329496239
4,0.0,3.0,0.01778279410038923,10.804827780105041,7.452723130556873,14.617899337916132,0.5098354392977577
4,0.0,3.0,0.03162277660168379,10.803189069374184,7.4586149077029695,14.624142268518,0.5100206747686967
4,0.0,3.0,0.05623413251903491,10.800291509020372,7.46907186116057,14.635208594555966,0.5103495322874271
4,0.0,3.0,0.1,10.79519046550436,7.487603525748404,14.654733266413318,0.5109341391363967
4,0.0,3.0,0.1778279410038923,10.786279193723175,7.520358646528689,14.68900896104039,0.51197181964249
4,0.0,3.0,0.31622776601683794,10.770919180981531,7.5779877422505315,14.74864063107059,0.5138092338005833
4,0.0,3.0,0.5623413251903491,10.745046369039095,7.678575275872985,14.853600790277905,0.5169504273266067
4,0.0,3.0,1.0,10.703111231751237,7.851791239836181,15.030611791978323,0.5223866698510966
4,0.0,3.0,1.7782794100389228,10.639208740257024,8.143559542209925,15.326171240032318,0.5313498991149699
4,0.0,3.0,3.1622776601683795,10.550449631815802,8.618417373713163,15.792775255447419,0.54571899076069
4,0.0,3.0,5.623413251903491,10.441858890816542,9.353763126805374,16.48625751118812,0.567367282747925
4,0.0,3.0,10.0,10.328026093946647,10.420108702252938,17.44030368191806,0.5974728933795119
4,0.0,3.0,17.78279410038923,10.226853896048455,11.849924285024292,18.637906045356125,0.6357969750564793
4,0.0,3.0,31.622776601683793,10.149900445726242,13.611529448145456,20.00883180842638,0.6802760690113449
4,0.0,3.0,56.23413251903491,10.098666390082103,15.607398996925069,21.459676289168673,0.727289581940366
4,0.0,3.0,100.0,10.068013492327175,17.700183609750717,22.88453207164715,0.7734562172534174
4,0.0,3.0,177.82794100389228,10.051133348757315,19.750667563673478,24.20420887590571,0.8160013683956616
4,0.0,3.0,316.22776601683796,10.042407299409122,21.64814798338957,25.371600878036364,0.8532432812361437
4,0.0,3.0,562.341325190349,10.03810625866176,23.32385768531228,26.36405884740421,0.8846838728555158
4,0.0,3.0,1000.0,10.036059566876595,24.749344389426362,27.187095770246515,0.9103342482249236
4,0.0,3.0,1778.2794100389228,10.035109530099728,25.926717452748274,27.85213159789664,0.9308701332829488
4,0.0,3.0,3162.2776601683795,10.034675365530212,26.877073995337227,28.37810532824636,0.9471060060019204
4,0.0,3.0,5623.413251903491,10.034478198455147,27.63070567678008,28.788753278243284,0.9597743052548795
4,0.0,3.0,10000.0,10.03438826911607,28.220270331101776,29.107732099042682,0.9695111331614155
4,0.0,3.0,17782.794100389227,10.034346522210596,28.676733498311126,29.355771457332303,0.9768686726557966
4,0.0,3.0,31622.776601683792,10.034326467187324,29.027378502199355,29.543219040908753,0.9825394606459401
4,0.0,3.0,56234.13251903491,10.034316308745542,29.295137106192925,29.681774258191144,0.9869739204727116
4,0.0,3.0,100000.0,10.034310793312311,29.498683925595635,29.793574800285672,0.9901021989920051
4,0.0,3.0,177827.94100389228,10.03430755783769,29.652892992478556,29.874945981331983,0.992567250531861
4,0.0,3.0,316227.7660168379,10.034305515822542,29.76944799328369,29.935115648746898,0.994465775331984
4,0.0,3.0,562341.3251903491,10.034304148019032,29.85734031913684,29.978669339820506,0.9959528216776952
4,0.0,3.0,1000000.0,10.034303190823486,29.92356892998138,30.007299753307464,0.9972096515176493
4,1.0,0.1,0.0,25.409246836595237,348.3865556930685,407.8970380833815,0.8541041566030003
4,1.0,0.1,0.0001,25.40924610961981,348.3865154403701,407.89699603234317,0.8541041459710718
4,1.0,0.1,0.00017782794100389227,25.409245543830433,348.3864841126011,407.89696330491165,0.8541041376965948
4,1.0,0.1,0.00031622776601683794,25.409244537699834,348.3864284031293,407.8969051064436,0.8541041229822898
4,1.0,0.1,0.0005623413251903491,25.409242748520857,348.38632933625803,407.8968016134296,0.8541040968162075
4,1.0,0.1,0.001,25.409239566868298,348.3861531681252,407.8966175743304,0.8541040502858284
4,1.0,0.1,0.0017782794100389228,25.40923390902526,348.38583989341095,407.8962903026433,0.8541039675426371
4,1.0,0.1,0.0031622776601683794,25.409223847876305,348.38528280793633,407.8957083261092,0.8541038204045168
4,1.0,0.1,0.005623413251903491,25.409205956584863,348.3842921685286,407.89467342169644,0.8541035587595334
4,1.0,0.1,0.01,25.409174141637234,348.3825305798507,407.89283311201604,0.8541030935058804
4,1.0,0.1,0.01778279410038923,25.409117568197974,348.3793981252276,407.8895606522425,0.8541022662314423
4,1.0,0.1,0.03162277660168379,25.409016972489653,348.3738281954573,407.88374169966,0.8541007953486363
4,1.0,0.1,0.05623413251903491,25.408838109476033,348.36392472616683,407.873395225897,0.8540981804739399
4,1.0,0.1,0.1,25.408520117765374,348.3463180865602,407.8550002558262,0.8540935329174846
4,1.0,0.1,0.1778279410038923,25.40795488208249,348.3150227720245,407.82230134816035,0.8540852759169388
4,1.0,0.1,0.31622776601683794,25.406950501003134,348.259415854624,407.7641930146229,0.8540706168433359
4,1.0,0.1,0.5623413251903491,25.405166848696453,348.16067296570367,407.6609847635544,0.8540446252604692
4,1.0,0.1,1.0,25.402002639598646,347.98552749409987,407.4778446524565,0.8539986457199938
4,1.0,0.1,1.7782794100389228,25.396399769614487,347.6754762559156,407.15340736669225,0.8539176388195878
4,1.0,0.1,3.1622776601683795,25.386511412528506,347.128526205641,406.5803469206795,0.8537759604828191
4,1.0,0.1,5.623413251903491,25.369160730440935,346.16961566279963,405.57337630739215,0.8535314098143137
4,1.0,0.1,10.0,25.339023536445215,344.50659449968595,403.8199650580789,0.8531192717282756
4,1.0,0.1,17.78279410038923,25.287584904200237,341.6763142914277,400.8145514810184,0.8524548647970148
4,1.0,0.1,31.622776601683793,25.202341000791627,337.0122332877368,395.83090300755305,0.8514045536290685
4,1.0,0.1,56.23413251903491,25.067677223112803,329.7270127929269,387.90298769429586,0.8500244217061378
4,1.0,0.1,100.0,24.86990519539061,319.2761818089053,376.14461253151654,0.8488123215699485
4,1.0,0.1,177.82794100389228,24.6073346219457,306.0658270294434,360.3055299892411,0.8494619192732976
4,1.0,0.1,316.22776601683796,24.298819773704487,291.99654108968707,341.33030706193836,0.8554662010622482
4,1.0,0.1,562.341325190349,23.979278169571963,279.7973590956857,321.4656994490483,0.8703801356574685
4,1.0,0.1,1000.0,23.683432919999618,271.22977188448647,303.7746312251183,0.8928651177704375
4,1.0,0.1,1778.2794100389228,23.43254097585801,266.16474049206136,290.570385649253,0.9160078027130691
4,1.0,0.1,3162.2776601683795,23.231915990432064,263.46070058407855,281.6690884766537,0.935355391707868
4,1.0,0.1,5623.413251903491,23.076634638576735,262.08636752542463,275.7095327731841,0.9505887043123507
4,1.0,0.1,10000.0,22.958349756973238,261.418373317587,271.6305980032742,0.9624039973377222
4,1.0,0.1,17782.794100389227,22.86893505595223,261.11843513041066,268.7806369629323,0.9714927313250681
4,1.0,0.1,31622.776601683792,22.8016013762234,261.0055710620447,266.7558876772957,0.9784435250321172
4,1.0,0.1,56234.13251903491,22.750994981653683,260.98365253003635,265.2991816266043,0.9837333493827287
4,1.0,0.1,100000.0,22.712999528225797,261.0023412632606,264.2289231869354,0.9877886876093724
4,1.0,0.1,177827.94100389228,22.68448809463051,261.036128178964,263.44614758991395,0.9908519466577989
4,1.0,0.1,316227.7660168379,22.663099742085954,261.0725710633933,262.88640610398005,0.9931003087323225
4,1.0,0.1,562341.3251903491,22.647057488032942,261.10633591919463,262.4736090377274,0.9947908167851792
4,1.0,0.1,1000000.0,22.635026097810783,261.1350467168637,262.147707618378,0.9961370598632567
4,1.0,1.0,0.0,8.034451015815065,8.7188117627574,16.84247404739467,0.5176681132607176
4,1.0,1.0,0.0001,8.034445532479538,8.718845645505713,16.84250088448163,0.5176693001417085
4,1.0,1.0,0.00017782794100389227,8.034441264984379,8.718872015572586,16.84252177092426,0.5176702238630458
4,1.0,1.0,0.00031622776601683794,8.034433676341603,8.718918908524639,16.8425589121935,0.5176718664889103
4,1.0,1.0,0.0005623413251903491,8.034420182107699,8.719002296046872,16.842624957653538,0.517674787508988
4,1.0,1.0,0.001,8.034396187149182,8.719150578411758,16.842742398311266,0.5176799818113933
4,1.0,1.0,0.0017782794100389228,8.034353522340425,8.719414253401071,16.842951219668887,0.5176892184558903
4,1.0,1.0,0.0031622776601683794,8.034277667981515,8.719883101724268,16.843322496171684,0.5177056429161294
4,1.0,1.0,0.005623413251903491,8.034142827022123,8.720716720222969,16.843982520194675,0.5177348474309731
4,1.0,1.0,0.01,8.033903197854967,8.722198732284125,16.845155565738406,0.5177867724786304
4,1.0,1.0,0.01778279410038923,8.033477562049065,8.724832917077894,16.847239478546864,0.5178790821005438
4,1.0,1.0,0.03162277660168379,8.03272221414757,8.729513296397434,16.85093866114669,0.5180431471467596
4,1.0,1.0,0.05623413251903491,8.031383879797474,8.737823897444668,16.85749604992715,0.5183346252353077
4,1.0,1.0,0.1,8.02901927902252,8.752563354636255,16.869164202596277,0.5188498522819036
4,1.0,1.0,0.1778279410038923,8.024862192977524,8.778651462192123,16.889662011650334,0.519764780144013
4,1.0,1.0,0.31622776601683794,8.017617447504987,8.824660288601265,16.925176455123943,0.5213925132183588
4,1.0,1.0,0.5623413251903491,8.0051822902046,8.905293178978537,16.98997013342013,0.5241500196319577
4,1.0,1.0,1.0,7.984386654136875,9.045086908890699,17.10111906644203,0.5289178371162918
4,1.0,1.0,1.7782794100389228,7.9510852513608725,9.283081393016339,17.29173610919147,0.5368507438696044
4,1.0,1.0,3.1622776601683795,7.901316134475302,9.67651197237101,17.606220856094364,0.5496075535722649
4,1.0,1.0,5.623413251903491,7.8341968361105945,10.29836309755424,18.102177194439747,0.5689019053861366
4,1.0,1.0,10.0,7.75539483433582,11.221388400546607,18.82807258520329,0.5959924123813573
4,1.0,1.0,17.78279410038923,7.676950588204291,12.487312834975466,19.79312020200955,0.6308915778578285
4,1.0,1.0,31.622776601683793,7.611076968046426,14.076566203851558,20.949208132372057,0.671937865856588
4,1.0,1.0,56.23413251903491,7.563531897838739,15.902186667958972,22.197787005895115,0.7163861273079065
4,1.0,1.0,100.0,7.533025124627223,17.834327763449267,23.435306263999767,0.7610025472910306
4,1.0,1.0,177.82794100389228,7.5149533112739535,19.73857169154259,24.577492599455425,0.8031157617754687
4,1.0,1.0,316.22776601683796,7.504706948253904,21.5069458621228,25.575098161600657,0.8409330719369077
4,1.0,1.0,562.341325190349,7.49896130335343,23.071773419907103,26.4127248178809,0.873509779054979
4,1.0,1.0,1000.0,7.495682374818112,24.40436274685374,27.09393252961308,0.900731657177499
4,1.0,1.0,1778.2794100389228,7.493736042534235,25.505585010277976,27.635140680050956,0.9229402992939982
4,1.0,1.0,3162.2776601683795,7.492520346125437,26.39466858838935,28.06027034542576,0.9406419918078969
4,1.0,1.0,5623.413251903491,7.491721065899626,27.09975191920682,28.390633832840923,0.9545314161975182
4,1.0,1.0,10000.0,7.491172283970663,27.65132627327301,28.64117489825388,0.9654396641025639
4,1.0,1.0,17782.794100389227,7.490783154752622,28.078354074345523,28.8362730011846,0.9737164741501808
4,1.0,1.0,31622.776601683792,7.49050114314406,28.406367150692898,28.98256900750361,0.9801190206202378
4,1.0,1.0,56234.13251903491,7.490293907706699,28.656826715471183,29.09157607436578,0.9850558334212192
4,1.0,1.0,100000.0,7.490140328731841,28.847215193545832,29.177221710479103,0.9886895839429857
4,1.0,1.0,177827.94100389228,7.490025942400706,28.99145248228408,29.24037348901968,0.9914870784113248
4,1.0,1.0,316227.7660168379,7.4899404976366455,29.100452584201964,29.281975918683862,0.9938008509061688
4,1.0,1.0,562341.3251903491,7.4898765644867105,29.18266947660852,29.32381010120545,0.9951868251734748
4,1.0,1.0,1000000.0,7.48982868099947,29.244575276687684,29.347573697510033,0.9964903939969971
4,1.0,3.0,0.0,7.965634147809255,7.413843409070781,14.056392198195349,0.527435724938197
4,1.0,3.0,0.0001,7.965622791462213,7.41388119273535,14.056433292172112,0.5274368709780786
4,1.0,3.0,0.00017782794100389227,7.965613953287336,7.413910598722098,14.056465270819238,0.5274377630422589
4,1.0,3.0,0.00031622776601683794,7.965598237053094,7.413962890211191,14.056522129498408,0.5274393496420121
4,1.0,3.0,0.0005623413251903491,7.965570290810398,7.41405587728181,14.056623214204357,0.5274421718716792
4,1.0,3.0,0.001,7.965520599682725,7.4142212285588736,14.056802894764298,0.5274471929403257
4,1.0,3.0,0.0017782794100389228,7.9654322510986315,7.414515251256315,14.057122163301635,0.5274561297200001
4,1.0,3.0,0.0031622776601683794,7.965275193602361,7.415038048622348,14.057695050112414,0.5274718239504742
4,1.0,3.0,0.005623413251903491,7.9649960625650085,7.41596754777479,14.058747521257532,0.5274984515200571
4,1.0,3.0,0.01,7.96450019832058,7.417619886100009,14.060617878403242,0.5275457985024461
4,1.0,3.0,0.01778279410038923,7.963620018360866,7.420556402018716,14.063940009870718,0.5276299811297992
4,1.0,3.0,0.03162277660168379,7.962059868804916,7.425772656350444,14.06983542926747,0.5277796384813193
4,1.0,3.0,0.05623413251903491,7.959301366053495,7.435030678048392,14.080280537492738,0.5280456350461565
4,1.0,3.0,0.1,7.954445578531698,7.451437654655821,14.098733760615987,0.5285182188113225
4,1.0,3.0,0.1778279410038923,7.945964118695223,7.480437493635742,14.131171056916573,0.5293572247838868
4,1.0,3.0,0.31622776601683794,7.931348935585546,7.531460146684421,14.188019237027545,0.5308323889940183
4,1.0,3.0,0.5623413251903491,7.906741703556099,7.620518862657868,14.286100001167966,0.5334219179506547
4,1.0,3.0,1.0,7.866885262749314,7.773890906912494,14.453324851077179,0.537861771392561
4,1.0,3.0,1.7782794100389228,7.80620904994862,8.032270047320203,14.731031371741187,0.5452618927096073
4,1.0,3.0,3.1622776601683795,7.722031596836625,8.452917097898395,15.171133713455497,0.557171089356452
4,1.0,3.0,5.623413251903491,7.61918104550836,9.104710384308593,15.822429773410674,0.5754306079846792
4,1.0,3.0,10.0,7.511536467896935,10.050835400137155,16.715171758616766,0.6013001568443885
4,1.0,3.0,17.78279410038923,7.416126669161926,11.32110476222985,17.827527049160402,0.6350350629681432
4,1.0,3.0,31.622776601683793,7.343943442938994,12.888184560465906,19.091153331019843,0.6750867449964283
4,1.0,3.0,56.23413251903491,7.296312023890015,14.665301232188467,20.40514287265539,0.7187061283379302
4,1.0,3.0,100.0,7.26815967875778,16.529252106707986,21.66974281617013,0.7627802621807642
4,1.0,3.0,177.82794100389228,7.252875056654756,18.35486154886714,22.816987415840153,0.8044384306459631
4,1.0,3.0,316.22776601683796,7.245090453186788,20.042787301717034,23.804965722439345,0.8419582508713316
4,1.0,3.0,562.341325190349,7.241309817038258,21.531728969857323,24.628730181470708,0.8742525014974829
4,1.0,3.0,1000.0,7.239537193423992,22.79678151475139,25.291042604851686,0.9013776881771647
4,1.0,3.0,1778.2794100389228,7.238727259875201,23.840417092237157,25.819631071565095,0.9233446065188892
4,1.0,3.0,3162.2776601683795,7.238364024500199,24.68194134804206,26.232071695010507,0.940907055874535
4,1.0,3.0,5623.413251903491,7.238203197185695,25.348676823083153,26.54940169456016,0.9547739385884907
4,1.0,3.0,10000.0,7.2381325320082155,25.869882263000793,26.79247381717884,0.9655652717821637
4,1.0,3.0,17782.794100389227,7.238101557019857,26.273183536040754,26.97613155267318,0.9739418524387063
4,1.0,3.0,31622.776601683792,7.238087926634899,26.582846767708002,27.119126712740407,0.9802250289726158
4,1.0,3.0,56234.13251903491,7.238081854196122,26.819225197233315,27.223835940733526,0.9851376292311983
4,1.0,3.0,100000.0,7.238079082874028,26.99887064853339,27.30325167211025,0.9888518398016388
4,1.0,3.0,177827.94100389228,7.2380777667664296,27.134942953366572,27.366746237781648,0.9915297462693955
4,1.0,3.0,316227.7660168379,7.238077104503935,27.237759208612022,27.41031447074145,0.9937047324898947
4,1.0,3.0,562341.3251903491,7.238076745716977,27.315305748725375,27.446799765283437,0.9952091312035444
4,1.0,3.0,1000000.0,7.238076534983343,27.37369672341732,27.4717754749266,0.9964298357199813
4,2.0,0.1,0.0,14.984851470175819,203.63722358499612,239.69212696431276,0.8495782742806368
4,2.0,0.1,0.0001,14.984851018579615,203.6371979530116,239.69210122151412,0.8495782585877455
4,2.0,0.1,0.00017782794100389227,14.984850667111976,203.63717800421165,239.692081186438,0.8495782463744306
4,2.0,0.1,0.00031622776601683794,14.984850042104975,203.63714252970655,239.69204555850675,0.8495782246557718
4,2.0,0.1,0.0005623413251903491,14.984848930669417,203.63707944621234,239.69198220216813,0.8495781860340021
4,2.0,0.1,0.001,14.984846954231275,203.6369672664147,239.6918695371414,0.8495781173539563
4,2.0,0.1,0.0017782794100389228,14.984843439587639,203.63676778031336,239.69166918802583,0.8495779952225655
4,2.0,0.1,0.0031622776601683794,14.984837189618531,203.6364130411549,239.6913129137752,0.8495777780415829
4,2.0,0.1,0.005623413251903491,14.984826075583072,203.63578222487703,239.69067936635108,0.8495773918418974
4,2.0,0.1,0.01,14.98480631221583,203.63466048594896,239.68955276654236,0.8495767050985703
4,2.0,0.1,0.01778279410038923,14.984771168986292,203.63266581137117,239.68754943488176,0.8495754839643601
4,2.0,0.1,0.03162277660168379,14.984708679435734,203.62911900930604,239.68398719668303,0.8495733127228453
4,2.0,0.1,0.05623413251903491,14.984597571145011,203.62281271060303,239.67765331733236,0.8495694525221638
4,2.0,0.1,0.1,14.984400038845289,203.61160121486023,239.66639236172165,0.8495625907680667
4,2.0,0.1,0.1778279410038923,14.984048926994442,203.59167309938326,239.6463749852892,0.8495503973798093
4,2.0,0.1,0.31622776601683794,14.983425044130684,203.55626395530942,239.6108029811284,0.849528741704277
4,2.0,0.1,0.5623413251903491,14.98231715958627,203.49338694100274,239.54762332909377,0.8494903189310327
4,2.0,0.1,1.0,14.980351928876715,203.38185889571736,239.4355160860727,0.8494222670900891
4,2.0,0.1,1.7782794100389228,14.976872602869447,203.18442708514704,239.2369255316141,0.8493021160242971
4,2.0,0.1,3.1622776601683795,14.970733630206972,202.83614677268758,238.8861827775403,0.8490911630564089
4,2.0,0.1,5.623413251903491,14.959966787753848,202.22554782798852,238.26996348660074,0.8487244672757958
4,2.0,0.1,10.0,14.941280492586998,201.16660439660217,237.19725915930772,0.8480983511765351
4,2.0,0.1,17.78279410038923,14.909431422697471,199.3643832362749,235.36621784705895,0.847039074085908
4,2.0,0.1,31.622776601683793,14.856779208596212,196.3942363662311,232.32969030298682,0.8453256065124891
4,2.0,0.1,56.23413251903491,14.77393977827182,191.75346769952026,227.5322963065254,0.8427527468065242
4,2.0,0.1,100.0,14.653070764718551,185.08933236868884,220.4657681680259,0.8395377382470768
4,2.0,0.1,177.82794100389228,14.49415460162692,176.64042135613377,211.03914831446485,0.837003099978994
4,2.0,0.1,316.22776601683796,14.309812519606227,167.57195743441642,199.84375385640195,0.8385148607387826
4,2.0,0.1,562.341325190349,14.121523362265634,159.5634147424929,188.08018635014707,0.8483797142003849
4,2.0,0.1,1000.0,13.949182259711867,153.71560694923548,177.20271960855493,0.8674562517369765
4,2.0,0.1,1778.2794100389228,13.803986514760705,149.99606532514943,168.44993581315916,0.8904489313164338
4,2.0,0.1,3162.2776601683795,13.68815854643359,147.75910936708829,162.08107653060938,0.9116370185213055
4,2.0,0.1,5623.413251903491,13.59853881871847,146.40740803861897,157.53279253646542,0.9293773422110119
4,2.0,0.1,10000.0,13.53025279537193,145.57068054216785,154.2282291722082,0.9438653437408434
4,2.0,0.1,17782.794100389227,13.478616525287032,145.03928146770556,151.7888863928177,0.9555329439097097
4,2.0,0.1,31622.776601683792,13.439721964466647,144.69343099910523,149.97394574920594,0.9647904526101417
4,2.0,0.1,56234.13251903491,13.41048473703811,144.4631250659902,148.62273641905287,0.9720122812075379
4,2.0,0.1,100000.0,13.38853096404889,144.3065502417661,147.62061142191732,0.9775501459570627
4,2.0,0.1,177827.94100389228,13.372055984444685,144.19809849796167,146.87912738378958,0.9817466992514022
4,2.0,0.1,316227.7660168379,13.359696510758432,144.1217815211017,146.32955843621423,0.984912297018412
4,2.0,0.1,562341.3251903491,13.350426127768007,144.06735923541163,145.92104766893308,0.9872966342886523
4,2.0,0.1,1000000.0,13.343473422613341,144.02811637305115,145.61702886322564,0.9890884156710344
4,2.0,1.0,0.0,6.817810561029915,10.019895498599627,17.52671664157164,0.5716926737340767
4,2.0,1.0,0.0001,6.817801924977244,10.019934288757911,17.526757991312934,0.5716935381731322
4,2.0,1.0,0.00017782794100389227,6.817795203833885,10.019964478118316,17.526790170887203,0.5716942110005935
4,2.0,1.0,0.00031622776601683794,6.817783252020297,10.020018162748372,17.52684739610436,0.5716954074111179
4,2.0,1.0,0.0005623413251903491,6.817761999169628,10.020113627477837,17.526949155218734,0.5716975349639957
4,2.0,1.0,0.001,6.817724208234771,10.020283385562148,17.527130104483472,0.5717013182322953
4,2.0,1.0,0.0017782794100389228,6.817657013525315,10.020585247442074,17.527451858115082,0.5717080456736566
4,2.0,1.0,0.0031622776601683794,6.817537548265596,10.021121993433987,17.528023951795927,0.5717200079708483
4,2.0,1.0,0.005623413251903491,6.817325186915496,10.0220763235822,17.529041069762563,0.5717412768728228
4,2.0,1.0,0.01,6.816947805867344,10.023772901837853,17.530849046462063,0.5717790892655465
4,2.0,1.0,0.01778279410038923,6.816277527752089,10.02678835195711,17.534061811043852,0.5718462989358076
4,2.0,1.0,0.03162277660168379,6.815088143664396,10.032145801597323,17.539767649615523,0.5719657182469706
4,2.0,1.0,0.05623413251903491,6.812981138754455,10.041657503698742,17.549890926259433,0.572177772835823
4,2.0,1.0,0.1,6.809259559474017,10.058523673146977,17.567819109774423,0.5725539186335652
4,2.0,1.0,0.1778279410038923,6.802720338765087,10.08836491539632,17.59946616968728,0.5732199384985993
4,2.0,1.0,0.31622776601683794,6.791334871727498,10.140958474893624,17.654997723175153,0.5743959095266216
4,2.0,1.0,0.5623413251903491,6.771824580369118,10.233026548292772,17.751936141140543,0.5764456601766094
4,2.0,1.0,1.0,6.739289656464707,10.392332050800594,17.919229581886903,0.57995417734395
4,2.0,1.0,1.7782794100389228,6.687439712528134,10.662645211593713,18.20409538542697,0.5857278258456908
4,2.0,1.0,3.1622776601683795,6.610562588040557,11.107083795422035,18.6680692100243,0.5949776417937106
4,2.0,1.0,5.623413251903491,6.508190072546839,11.80366348237598,19.385642804098676,0.6088868758007008
4,2.0,1.0,10.0,6.390331008285615,12.825035321330995,20.4121650271867,0.6283035290107393
4,2.0,1.0,17.78279410038923,6.276440025826925,14.202922470867897,21.738422976018565,0.6533556958817254
4,2.0,1.0,31.622776601683793,6.184936116960207,15.89713163918566,23.275812916639673,0.6829893201204131
4,2.0,1.0,56.23413251903491,6.122942852104775,17.79553545969226,24.86284516939274,0.7157481510442477
4,2.0,1.0,100.0,6.0863831867754845,19.74862801057502,26.33623240885963,0.7498653453533274
4,2.0,1.0,177.82794100389228,6.066837950163645,21.615645896115097,27.5821033246367,0.783683740202935
4,2.0,1.0,316.22776601683796,6.056947308674335,23.29656171994854,28.55348452021968,0.8158920745190122
4,2.0,1.0,562.341325190349,6.052003628908635,24.740628277240262,29.260333337379254,0.8455347378300303
4,2.0,1.0,1000.0,6.049465038565704,25.937888689938692,29.744970415169902,0.8720092280444964
4,2.0,1.0,1778.2794100389228,6.0480833460038985,26.904621652073832,30.057869512586397,0.8950940997600586
4,2.0,1.0,3162.2776601683795,6.047272887626291,27.67016914129907,30.24871827056547,0.9147550945398059
4,2.0,1.0,5623.413251903491,6.046760960776486,28.26781140545396,30.353855101448,0.9312758234819889
4,2.0,1.0,10000.0,6.046417400026924,28.729518757741037,30.40696426309732,0.9448335094933474
4,2.0,1.0,17782.794100389227,6.0461766719920975,29.083478616939875,30.427659492762512,0.9558237176887574
4,2.0,1.0,31622.776601683792,6.046003229971254,29.35330251763655,30.43405231696214,0.9644887973487761
4,2.0,1.0,56234.13251903491,6.045876131219387,29.558130545022692,30.43362494981111,0.9712326610375129
4,2.0,1.0,100000.0,6.045782062936706,29.71313540508327,30.4326119075893,0.9763583715820788
4,2.0,1.0,177827.94100389228,6.045712042829953,29.83016875020703,30.431283050067677,0.9802468302479507
4,2.0,1.0,316227.7660168379,6.045659753772398,29.9183841984223,30.43036739295578,0.9831752542477683
4,2.0,1.0,562341.3251903491,6.045620634278138,29.984782911363524,30.429628037759148,0.9853811842246764
4,2.0,1.0,1000000.0,6.0455913371060115,30.034719066541975,30.42910515557233,0.9870391821575426
4,2.0,3.0,0.0,6.8616502459104565,8.699246488566395,15.03777149388866,0.5784930627587845
4,2.0,3.0,0.0001,6.8616357613654815,8.699290803810236,15.037826441134367,0.5784938959006904
4,2.0,3.0,0.00017782794100389227,6.861624488628543,8.69932529312395,15.037869202240888,0.578494544415083
4,2.0,3.0,0.00031622776601683794,6.861604443171209,8.699386624043445,15.037945243064025,0.5784956976124033
4,2.0,3.0,0.0005623413251903491,6.861568798703384,8.699495685287824,15.03808045448586,0.5784977485402909
4,2.0,3.0,0.001,6.861505419065471,8.699689619484952,15.038320875900837,0.5785013959521472
4,2.0,3.0,0.0017782794100389228,6.861392731915894,8.700034466009432,15.038748329648616,0.5785078834557976
4,2.0,3.0,0.0031622776601683794,6.861192404494298,8.700647627825074,15.039508209306824,0.5785194240886743
4,2.0,3.0,0.005623413251903491,6.860836361713891,8.701737774334461,15.040858686359519,0.5785399594390196
4,2.0,3.0,0.01,6.860203835176914,8.70367564355848,15.043257673938633,0.5785765179464402
4,2.0,3.0,0.01778279410038923,6.85908097327008,8.70711945530299,15.047515748396426,0.5786416575926085
4,2.0,3.0,0.03162277660168379,6.857090344853995,8.713236378738141,15.05506247312392,0.5787579024858174
4,2.0,3.0,0.05623413251903491,6.853569718631698,8.72409149231624,15.068402826872713,0.5789659058462292
4,2.0,3.0,0.1,6.84736927169748,8.743324262962128,15.091874246997055,0.5793398566584169
4,2.0,3.0,0.1778279410038923,6.836529599813626,8.777304571620451,15.135839649195482,0.5799020586272525
4,2.0,3.0,0.31622776601683794,6.817821963161949,8.837046084005134,15.211689016605023,0.5809378612959184
4,2.0,3.0,0.5623413251903491,6.786240322452643,8.941190543117603,15.340342958093698,0.5828546706904068
4,2.0,3.0,1.0,6.7348562206791955,9.12015224496319,15.562312258045578,0.5860409490400857
4,2.0,3.0,1.7782794100389228,6.656054280141309,9.420549878327881,15.93124671153009,0.5913253400005316
4,2.0,3.0,3.1622776601683795,6.545503075250329,9.906771848279629,16.51188027343906,0.5999784206415074
4,2.0,3.0,5.623413251903491,6.408374213475082,10.653553001492035,17.37957854844361,0.6129925977086533
4,2.0,3.0,10.0,6.262458283993231,11.723993665246574,18.565275470388432,0.6315011960876269
4,2.0,3.0,17.78279410038923,6.131623484842719,13.137199676558799,20.036423474866442,0.6556659023022754
4,2.0,3.0,31.622776601683793,6.03291148900681,14.844142180057641,21.680318899396376,0.6846828337230285
4,2.0,3.0,56.23413251903491,5.969380694308965,16.731636444053326,23.33724647447118,0.7169498964822697
4,2.0,3.0,100.0,5.933638979838431,18.65541290468668,24.848973368473384,0.7507518571513843
4,2.0,3.0,177.82794100389228,5.915534298541889,20.482391615100113,26.11515577220441,0.7843105280995676
4,2.0,3.0,316.22776601683796,5.9070317983347245,22.119618666289426,27.096546391111108,0.8163261231529366
4,2.0,3.0,562.341325190349,5.903235618797498,23.521416102552255,27.809249587214676,0.8458126864870976
4,2.0,3.0,1000.0,5.9015928977444085,24.680749071991315,28.295562220479695,0.8722480535879913
4,2.0,3.0,1778.2794100389228,5.900894507732971,25.615129538901133,28.612996921587158,0.8952270749232747
4,2.0,3.0,3162.2776601683795,5.900600162227608,26.35403505007727,28.80593233940492,0.9148822103572886
4,2.0,3.0,5623.413251903491,5.900476462794623,26.930280298116934,28.914524432861175,0.9313755223831675
4,2.0,3.0,10000.0,5.900424420772783,27.37511052599387,28.971876016092224,0.944885671566058
4,2.0,3.0,17782.794100389227,5.900402428780988,27.71593219244524,28.9960623732618,0.9558515854898626
4,2.0,3.0,31622.776601683792,5.900393058296666,27.975627092022403,29.005537017876893,0.9644926441037885
4,2.0,3.0,56234.13251903491,5.900389010269723,28.17269983006265,29.007687580076364,0.9712149495643625
4,2.0,3.0,100000.0,5.900387222057528,28.32179930940596,29.0084793562357,0.9763282991018924
4,2.0,3.0,177827.94100389228,5.900386404172848,28.434352493540676,29.008545981481195,0.9802060576111923
4,2.0,3.0,316227.7660168379,5.900386010218744,28.519178015417673,29.00885363803314,0.9831197871958145
4,2.0,3.0,562341.3251903491,5.900385807031956,28.58303158691675,29.008935915825877,0.9853181678174975
4,2.0,3.0,1000000.0,5.900385693170785,28.631067694299166,29.00893092343968,0.9869742449269236
5,-2.0,0.1,0.0,265.7294192379516,3748.898914870162,4113.707261810452,0.9113188363384571
5,-2.0,0.1,0.0001,265.7293948089068,3748.8978772361806,4113.70637270175,0.9113187810665312
5,-2.0,0.1,0.00017782794100389227,265.729375796295,3748.8970696674905,4113.7056807271065,0.9113187380495497
5,-2.0,0.1,0.00031622776601683794,265.72934198658254,3748.8956335856624,4113.704450203594,0.9113186615533654
5,-2.0,0.1,0.0005623413251903491,265.72928186353874,3748.8930798338406,4113.702261991282,0.9113185255218612
5,-2.0,0.1,0.001,265.7291749481953,3748.8885385588346,4113.69837074572,0.9113182836201105
5,-2.0,0.1,0.0017782794100389228,265.72898482356084,3748.880462932356,4113.691451047035,0.9113178534520799
5,-2.0,0.1,0.0031622776601683794,265.72864673111275,3748.8661023048326,4113.67914596268,0.9113170884958568
5,-2.0,0.1,0.005623413251903491,265.72804551546716,3748.840565389969,4113.657264316382,0.9113157281986061
5,-2.0,0.1,0.01,265.7269764088109,3748.7951545477817,4113.618353368494,0.9113133092373599
5,-2.0,0.1,0.01778279410038923,265.7250753103879,3748.714404315696,4113.549161149519,0.9113090077348508
5,-2.0,0.1,0.03162277660168379,265.72169485365345,3748.570817116703,4113.4261253822915,0.9113013587349451
5,-2.0,0.1,0.05623413251903491,265.71568417620176,3748.3155082869357,4113.207356590922,0.9112877575405258
5,-2.0,0.1,0.1,265.70499778587686,3747.861590579293,4112.818397839962,0.9112635735503559
5,-2.0,0.1,0.1778279410038923,265.6860015847868,3747.054691176667,4112.126952163656,0.9112205763017844
5,-2.0,0.1,0.31622776601683794,265.6522437410145,3745.620724808916,4110.898100629987,0.9111441425013446
5,-2.0,0.1,0.5623413251903491,265.5922845800011,3743.0736571546126,4108.715171447738,0.9110083081849919
5,-2.0,0.1,1.0,265.48588668931586,3738.553488364633,4104.840609373202,0.910767029498741
5,-2.0,0.1,1.7782794100389228,265.29739395641974,3730.544432021795,4097.973538344603,0.910338828963929
5,-2.0,0.1,3.1622776601683795,264.9644372963145,3716.3933479751236,4085.834149624282,0.9095800788480044
5,-2.0,0.1,5.623413251903491,264.37932491372715,3691.5136746381118,4064.666969114265,0.9081958504075262
5,-2.0,0.1,10.0,263.36038341397324,3648.1514757660543,4028.026962867064,0.9056919204854025
5,-2.0,0.1,17.78279410038923,261.61380875182533,3573.718083850268,3966.0675238167096,0.9010734341736907
5,-2.0,0.1,31.622776601683793,258.7002656009945,3449.2512034807314,3865.481138408318,0.8923213126583831
5,-2.0,0.1,56.23413251903491,254.0562388782188,3250.069159649194,3713.588592063981,0.8751828801377357
5,-2.0,0.1,100.0,247.17481250654433,2953.132660680007,3512.7474190502035,0.8406902940600528
5,-2.0,0.1,177.82794100389228,238.0320436493253,2555.467821771028,3301.614656257792,0.7740054754504626
5,-2.0,0.1,316.22776601683796,227.53730896962253,2095.847782728251,3145.4223323546667,0.6663168125850041
5,-2.0,0.1,562.341325190349,217.33348776416238,1650.693216708004,3075.9216493715526,0.5366499556467117
5,-2.0,0.1,1000.0,208.76858018634854,1289.33241235726,3069.202272124058,0.42008714253458784
5,-2.0,0.1,1778.2794100389228,202.1913472131771,1033.3061006868077,3086.8929162409577,0.33473985937455486
5,-2.0,0.1,3162.2776601683795,197.28182857687727,863.7059617136937,3108.598730836813,0.2778441466715745
5,-2.0,0.1,5623.413251903491,193.61574690302967,751.9708630399487,3129.772958724058,0.2402637101659001
5,-2.0,0.1,10000.0,190.8679537292876,676.7190700835991,3150.35442577614,0.21480728153845058
5,-2.0,0.1,17782.794100389227,188.80568212857395,624.7981268171111,3170.2089855824534,0.19708420790508824
5,-2.0,0.1,31622.776601683792,187.25778998516026,588.2613904843508,3188.80532258802,0.18447704734979575
5,-2.0,0.1,56234.13251903491,186.0962478215494,562.1537531095062,3205.736169608895,0.1753587080680098
5,-2.0,0.1,100000.0,185.22482637388268,543.2776131208913,3220.9478781649564,0.16867010385477219
5,-2.0,0.1,177827.94100389228,184.5711720720461,529.5071091382785,3235.168602554401,0.16367218348997145
5,-2.0,0.1,316227.7660168379,184.08091939771862,519.3921294866846,3247.1202973124286,0.15995469275239793
5,-2.0,0.1,562341.3251903491,183.71324558262862,511.9254098393541,3257.274099213076,0.1571637492721383
5,-2.0,0.1,1000000.0,183.43751285868495,506.3908730327851,3266.3643929774153,0.1550319597291442
5,-2.0,1.0,0.0,20.978462412170042,16.024407028423678,38.900170652944404,0.41193667686932806
5,-2.0,1.0,0.0001,20.978452823150178,16.024437743827033,38.90022226649504,0.41193691989850045
5,-2.0,1.0,0.00017782794100389227,20.978445360351373,16.024461648559114,38.90026243575147,0.41193710903687264
5,-2.0,1.0,0.00031622776601683794,20.978432089708775,16.024504156909583,38.90033386681437,0.4119374453641897
5,-2.0,1.0,0.0005623413251903491,20.9784084917435,16.024579745653185,38.90046088772304,0.411938043405304
5,-2.0,1.0,0.001,20.97836653095643,16.024714154134276,38.900686755390076,0.4119391067540445
5,-2.0,1.0,0.0017782794100389228,20.978291922402633,16.024953140166186,38.90108837642816,0.4119409972569403
5,-2.0,1.0,0.0031622776601683794,20.978159277422513,16.02537802988106,38.901802460881136,0.41194435774527044
5,-2.0,1.0,0.005623413251903491,20.977923492013257,16.026133304653506,38.90307195493343,0.4119503293523631
5,-2.0,1.0,0.01,20.977504498027265,16.027475452916406,38.90532837149578,0.4119609350131853
5,-2.0,1.0,0.01778279410038923,20.97676035169461,16.029859194208818,38.909337440684304,0.41197975212622634
5,-2.0,1.0,0.03162277660168379,20.975440022597677,16.03408876867152,38.91645573581215,0.41201307944177573
5,-2.0,1.0,0.05623413251903491,20.97310145890555,16.041580566167248,38.929079554022884,0.41207192026993433
5,-2.0,1.0,0.1,20.96897215810765,16.054810165392333,38.95141984596506,0.4121752231082132
5,-2.0,1.0,0.1778279410038923,20.961720441110135,16.078045567564516,38.99080834269199,0.4123547638780361
5,-2.0,1.0,0.31622776601683794,20.94910613837419,16.118463983870804,39.06192178598854,0.4126387859814024
5,-2.0,1.0,0.5623413251903491,20.92752350231287,16.187589223588542,39.186793570698335,0.4130878734536909
5,-2.0,1.0,1.0,20.891620751648276,16.302333499801136,39.4028678622441,0.4137346945606988
5,-2.0,1.0,1.7782794100389228,20.834602489889868,16.48311125094141,39.77360047288879,0.4144234128910942
5,-2.0,1.0,3.1622776601683795,20.750388296806378,16.74308234407658,40.38684334146278,0.4145677393629685
5,-2.0,1.0,5.623413251903491,20.638390209807092,17.060690712952,41.34240566723564,0.4126680689622473
5,-2.0,1.0,10.0,20.508294834990007,17.33967047863924,42.700556241254056,0.40607598600523515
5,-2.0,1.0,17.78279410038923,20.378346097723085,17.396980539885224,44.43441179510763,0.3915204418616989
5,-2.0,1.0,31.622776601683793,20.265728305180648,17.036907783193847,46.38071403022607,0.3673274148408104
5,-2.0,1.0,56.23413251903491,20.178462960593407,16.18693031649212,48.32248676874725,0.3349771793400558
5,-2.0,1.0,100.0,20.11581943742823,14.96142161353755,50.050757470877485,0.29892497875267915
5,-2.0,1.0,177.82794100389228,20.073050633346206,13.583837393897207,51.40193436857535,0.2642670467709423
5,-2.0,1.0,316.22776601683796,20.04474154672911,12.259894922358436,52.326823637270444,0.23429465177064884
5,-2.0,1.0,562.341325190349,20.0261890928084,11.110248833309745,52.89045056694734,0.21006152744429138
5,-2.0,1.0,1000.0,20.013891813919628,10.17398618885088,53.198653296373436,0.1912451830720392
5,-2.0,1.0,1778.2794100389228,20.005532948639964,9.440686169777054,53.35591831993575,0.17693793804031788
5,-2.0,1.0,3162.2776601683795,19.999687599558925,8.879248185413003,53.42794984244559,0.16619107062122238
5,-2.0,1.0,5623.413251903491,19.995499853314637,8.4547633819635,53.46158230432715,0.15814652349485692
5,-2.0,1.0,10000.0,19.992446671543554,8.13591460800057,53.46982568960772,0.15215898879546655
5,-2.0,1.0,17782.794100389227,19.990195060406815,7.8971513914395155,53.47040244271621,0.14769201335074808
5,-2.0,1.0,31622.776601683792,19.98852287847648,7.718576283554392,53.465715230114604,0.14436496828544992
5,-2.0,1.0,56234.13251903491,19.987275850928317,7.585049568801152,53.4599004462568,0.14188297219944127
5,-2.0,1.0,100000.0,19.98634364777006,7.485190184064215,53.453571436690545,0.1400316196445272
5,-2.0,1.0,177827.94100389228,19.98564583300685,7.410476962452047,53.44801782530355,0.13864830285518565
5,-2.0,1.0,316227.7660168379,19.985123066877453,7.35454670124798,53.44469798957972,0.13761040810225775
5,-2.0,1.0,562341.3251903491,19.984731266031034,7.312687444020451,53.44064148795642,0.13683756856976473
5,-2.0,1.0,1000000.0,19.984437545891716,7.281301185438448,53.438168428927554,0.1362565634172611
5,-2.0,3.0,0.0,20.58556490381124,11.41783173357929,27.588017843745025,0.41386923113680785
5,-2.0,3.0,0.0001,20.58552059875557,11.417899808316106,27.588152259494727,0.41386968220702514
5,-2.0,3.0,0.00017782794100389227,20.585486118500985,11.417952788219225,27.588256868705557,0.4138700332738694
5,-2.0,3.0,0.00031622776601683794,20.58542480612863,11.418046998555306,27.588442886171364,0.4138706575672153
5,-2.0,3.0,0.0005623413251903491,20.585315785573258,11.418214522208288,27.58877365267284,0.4138717677689191
5,-2.0,3.0,0.001,20.585121948098866,11.418512398726984,27.589361774182574,0.41387374206721006
5,-2.0,3.0,0.0017782794100389228,20.584777350595743,11.419042019954336,27.590407380916826,0.4138772531445994
5,-2.0,3.0,0.0031622776601683794,20.58416487499606,11.419983561188765,27.59226601438335,0.41388349747120207
5,-2.0,3.0,0.005623413251903491,20.583076717429513,11.421657020910695,27.595568821005788,0.4138946036950872
5,-2.0,3.0,0.01,20.58114481022666,11.424630171793632,27.601434676957236,0.41391436008691834
5,-2.0,3.0,0.01778279410038923,20.577719238234987,11.42990865509454,27.611842302673892,0.4139495123071771
5,-2.0,3.0,0.03162277660168379,20.571658727605243,11.439268143661577,27.630275993150764,0.4140120839363763
5,-2.0,3.0,0.05623413251903491,20.560978783968554,11.455826677416654,27.662824456437303,0.4141235359193705
5,-2.0,3.0,0.1,20.542288874896357,11.485005777608569,27.719986574450903,0.41432219841672385
5,-2.0,3.0,0.1778279410038923,20.509976638421954,11.53606772715089,27.822669924097283,0.41462835014117294
5,-2.0,3.0,0.31622776601683794,20.455271581110555,11.624344553179375,28.00210780232666,0.4151239126439447
5,-2.0,3.0,0.5623413251903491,20.365868871568907,11.773801172172318,28.30604409057796,0.41594654252981195
5,-2.0,3.0,1.0,20.227907315778925,12.018078020350755,28.811732707033016,0.4171244451888557
5,-2.0,3.0,1.7782794100389228,20.032949108128566,12.394987469510909,29.623156711850505,0.41842223602565604
5,-2.0,3.0,3.1622776601683795,19.78966230534563,12.926065197388589,30.836245186916926,0.4191841490115277
5,-2.0,3.0,5.623413251903491,19.530392604104765,13.57700999682638,32.51626720834076,0.41754516008355774
5,-2.0,3.0,10.0,19.298766593831974,14.217683988574198,34.61534808397167,0.4107335264716743
5,-2.0,3.0,17.78279410038923,19.124177426079086,14.630903725107878,36.976488510296214,0.3956812643535326
5,-2.0,3.0,31.622776601683793,19.009163793420004,14.606405718319278,39.385982337844354,0.3708528987046386
5,-2.0,3.0,56.23413251903491,18.939235425566974,14.070305096842022,41.633613271815584,0.33795541609565505
5,-2.0,3.0,100.0,18.89828184754634,13.132316525973087,43.559803923615696,0.3014778613099651
5,-2.0,3.0,177.82794100389228,18.875059991887515,12.006315038476139,45.04537933570952,0.2665382158067029
5,-2.0,3.0,316.22776601683796,18.862524507918682,10.89113127811823,46.078277278906405,0.23636151178559672
5,-2.0,3.0,562.341325190349,18.856146604883683,9.907091517558086,46.72611426641384,0.21202472478391346
5,-2.0,3.0,1000.0,18.853074732812853,9.098105003606111,47.10998180052201,0.19312478281418693
5,-2.0,3.0,1778.2794100389228,18.851656527857234,8.460737835198444,47.3294195526762,0.17876276352347614
5,-2.0,3.0,3162.2776601683795,18.851019828299865,7.970858278961847,47.451579663713964,0.16797877616405532
5,-2.0,3.0,5623.413251903491,18.850738037712052,7.599506087595858,47.52103850759383,0.1599187712697285
5,-2.0,3.0,10000.0,18.85061348585778,7.320060346601005,47.55841055586516,0.15391726218441198
5,-2.0,3.0,17782.794100389227,18.850557751293845,7.11053501145279,47.580706911629186,0.14944155883726282
5,-2.0,3.0,31622.776601683792,18.850532098803818,6.953683144682009,47.59293468102993,0.1461074672382764
5,-2.0,3.0,56234.13251903491,18.850519727631667,6.836322868928064,47.59904306361873,0.1436231156956442
5,-2.0,3.0,100000.0,18.85051335749914,6.74850892199175,47.60366369149285,0.14176448614810633
5,-2.0,3.0,177827.94100389228,18.85050980834116,6.682783599756941,47.605800495499246,0.1403775071566908
5,-2.0,3.0,316227.7660168379,18.85050766488537,6.633573861903918,47.60696362862575,0.13934041065192393
5,-2.0,3.0,562341.3251903491,18.850506275150305,6.596712600420812,47.607597615718525,0.13856428240022733
5,-2.0,3.0,1000000.0,18.850505324268592,6.569113197556627,47.60777856499762,0.13798403108828095
5,-1.0,0.1,0.0,192.80059896479142,2974.6057019336226,3177.5207410058533,0.9361404517510726
5,-1.0,0.1,0.0001,192.80059277309724,2974.605347732948,3177.5204016423195,0.9361404402613768
5,-1.0,0.1,0.00017782794100389227,192.80058795423136,2974.605072065998,3177.5201375227994,0.9361404313191877
5,-1.0,0.1,0.00031622776601683794,192.80057938494636,2974.6045818533908,3177.519667844727,0.9361404154174847
5,-1.0,0.1,0.0005623413251903491,192.80056414637735,2974.6037101191764,3177.518832626579,0.9361403871398395
5,-1.0,0.1,0.001,192.80053704798894,2974.6021599346122,3177.517347377557,0.9361403368543643
5,-1.0,0.1,0.0017782794100389228,192.80048885962597,2974.5994032810995,3177.5147061968332,0.936140247433
5,-1.0,0.1,0.0031622776601683794,192.80040316770476,2974.594501205433,3177.51000946175,0.9361400884176319
5,-1.0,0.1,0.005623413251903491,192.8002507849564,2974.58578402274,3177.5016574247456,0.9361398056464078
5,-1.0,0.1,0.01,192.79997981037724,2974.5702826814118,3177.4868053915966,0.9361393028081584
5,-1.0,0.1,0.01778279410038923,192.79949795617034,2974.5427177405904,3177.4603950297255,0.9361384086465578
5,-1.0,0.1,0.03162277660168379,192.7986411299969,2974.4937020254047,3177.413432249528,0.936136818657413
5,-1.0,0.1,0.05623413251903491,192.79711759670678,2974.4065461399473,3177.329926332112,0.9361339914654636
5,-1.0,0.1,0.1,192.79440878110572,2974.2515831316637,3177.181451697942,0.9361289647282093
5,-1.0,0.1,0.1778279410038923,192.7895931798298,2973.976093081799,3176.9174925550383,0.9361200283139793
5,-1.0,0.1,0.31622776601683794,192.78103421363807,2973.4864396623393,3176.448321447652,0.9361041448668009
5,-1.0,0.1,0.5623413251903491,192.76582825294867,2972.6164726082143,3175.614705466152,0.9360759249198214
5,-1.0,0.1,1.0,192.73883285167705,2971.0718698344363,3174.134517273955,0.9360258217367815
5,-1.0,0.1,1.7782794100389228,192.6909694356315,2968.3328311620803,3171.509308428833,0.9359369758976346
5,-1.0,0.1,3.1622776601683795,192.6063010217668,2963.486255501768,3166.8629025595596,0.9357797753437902
5,-1.0,0.1,5.623413251903491,192.4571322465771,2954.9434477705586,3158.685803089748,0.935497745575108
5,-1.0,0.1,10.0,192.19619595814504,2939.987265760255,3144.372156192225,0.9349997772911601
5,-1.0,0.1,17.78279410038923,191.74540251309884,2914.1120197351997,3119.6847379612273,0.9341046498306194
5,-1.0,0.1,31.622776601683793,190.98315365025888,2870.2561435969046,3077.8964469079083,0.9325382426300919
5,-1.0,0.1,56.23413251903491,189.7399726506373,2798.4687242127816,3009.7287971076294,0.9298076048918859
5,-1.0,0.1,100.0,187.82730367791973,2687.478898651917,2905.101170970638,0.9250896063471654
5,-1.0,0.1,177.82794100389228,185.1330123221363,2530.4300337365016,2758.58128382996,0.9172939904178943
5,-1.0,0.1,316.22776601683796,181.76748525080257,2334.665421431174,2578.5227030651126,0.9054275219899893
5,-1.0,0.1,562.341325190349,178.1147903150313,2127.0190860244475,2389.5639286730984,0.8901285546294467
5,-1.0,0.1,1000.0,174.64760292138052,1942.1948361521904,2219.2771712121234,0.875147485562339
5,-1.0,0.1,1778.2794100389228,171.67374050888264,1800.8319422660732,2083.3335372388206,0.8643992476849552
5,-1.0,0.1,3162.2776601683795,169.27902280482593,1701.975036154291,1984.2826233150972,0.8577281361819512
5,-1.0,0.1,5623.413251903491,167.41698157615025,1634.28079275339,1915.0781301487273,0.8533755187452691
5,-1.0,0.1,10000.0,165.99495665562833,1587.2569804856757,1866.5467589833363,0.8503708641889137
5,-1.0,0.1,17782.794100389227,164.91857343156894,1553.9746938424219,1832.0021682181912,0.8482384577927768
5,-1.0,0.1,31622.776601683792,164.1074234874311,1530.0700523519974,1807.131474794357,0.8466844132224038
5,-1.0,0.1,56234.13251903491,163.49754316243917,1512.7124339229717,1789.119022124186,0.8455068752927114
5,-1.0,0.1,100000.0,163.03954313681228,1500.0062913034635,1775.9805283209328,0.8446073970876337
5,-1.0,0.1,177827.94100389228,162.69582216954714,1490.64828790999,1766.3698454731773,0.843904967994216
5,-1.0,0.1,316227.7660168379,162.43795610405223,1483.7246122225176,1759.3099923138236,0.8433559854174082
5,-1.0,0.1,562341.3251903491,162.2445371195367,1478.5868610368786,1754.1195404778696,0.8429225186295295
5,-1.0,0.1,1000000.0,162.09947340163578,1474.7587069873246,1750.3892095232422,0.8425318774611323
5,-1.0,1.0,0.0,25.664951926458528,18.925338631082212,42.125850081188844,0.4492571329624814
5,-1.0,1.0,0.0001,25.66494592480133,18.92539176231911,42.125845520157334,0.4492584428545952
5,-1.0,1.0,0.00017782794100389227,25.66494125390546,18.92543311287707,42.12584196076573,0.4492594624103522
5,-1.0,1.0,0.00031622776601683794,25.664932947900212,18.925506644874908,42.12583561167936,0.4492612756535522
5,-1.0,1.0,0.0005623413251903491,25.664918177984866,18.92563740262918,42.12582430501762,0.44926450021714925
5,-1.0,1.0,0.001,25.664891914474957,18.925869917964757,42.12580427634676,0.44927023336600014
5,-1.0,1.0,0.0017782794100389228,25.66484521544266,18.926283368364476,42.12576861046946,0.44928042840886595
5,-1.0,1.0,0.0031622776601683794,25.664762186774706,18.927018513854268,42.125705243429316,0.4492985554658807
5,-1.0,1.0,0.005623413251903491,25.664614586839658,18.928325539721016,42.12559263246601,0.4493307834234013
5,-1.0,1.0,0.01,25.664352265339307,18.930648949157312,42.125392558308945,0.4493880721219148
5,-1.0,1.0,0.01778279410038923,25.66388626581141,18.934777941956767,42.12503746190889,0.44948987782095945
5,-1.0,1.0,0.03162277660168379,25.663059107299052,18.942111988928186,42.12440808142866,0.4496706980976944
5,-1.0,1.0,0.05623413251903491,25.66159297206158,18.955127311148726,42.12329496560968,0.44999156230831605
5,-1.0,1.0,0.1,25.65900079360487,18.97818830918463,42.12133251782238,0.4505600173298074
5,-1.0,1.0,0.1778279410038923,25.654438074794808,19.018934357706296,42.11788361725163,0.4515643409469909
5,-1.0,1.0,0.31622776601683794,25.64646931611731,19.09057429119518,42.11180729692392,0.45333068126453124
5,-1.0,1.0,0.5623413251903491,25.63273963255271,19.215455774510847,42.10086460080442,0.4564147543455366
5,-1.0,1.0,1.0,25.609627161216757,19.42996144776613,42.08843444351415,0.4616460960039414
5,-1.0,1.0,1.7782794100389228,25.572193716337626,19.78942162801473,42.07649973316398,0.4703200540328464
5,-1.0,1.0,3.1622776601683795,25.515179249019027,20.368306367116197,42.08149083412537,0.48402055068350425
5,-1.0,1.0,5.623413251903491,25.43593147234279,21.24610378113165,42.137353494092174,0.5042106829065675
5,-1.0,1.0,10.0,25.338621015980095,22.47059793655367,42.29226241135953,0.5313169987926245
5,-1.0,1.0,17.78279410038923,25.235586552728048,24.01126235540061,42.558581804001946,0.5641931976488639
5,-1.0,1.0,31.622776601683793,25.14166437508727,25.74568763431045,42.87388168018713,0.6004981733717859
5,-1.0,1.0,56.23413251903491,25.065739103887346,27.50670627771596,43.125079139484555,0.6378354968056467
5,-1.0,1.0,100.0,25.008516183065904,29.151531975770826,43.23583244514615,0.67424472543129
5,-1.0,1.0,177.82794100389228,24.96647446500954,30.596562933430167,43.210377925763275,0.7080836688352039
5,-1.0,1.0,316.22776601683796,24.935631365291123,31.812741444711563,43.10419575874528,0.7380428026721082
5,-1.0,1.0,562.341325190349,24.912869532492888,32.80619715949349,42.979857134931116,0.7632923733669379
5,-1.0,1.0,1000.0,24.895972444976053,33.60072915494813,42.87373932280707,0.7837135198765813
5,-1.0,1.0,1778.2794100389228,24.88337757799443,34.22644197924912,42.79111287523547,0.7998493070054509
5,-1.0,1.0,3162.2776601683795,24.873965855373196,34.713547185245226,42.72848688895412,0.8124216351367952
5,-1.0,1.0,5623.413251903491,24.86692235818826,35.08942654193179,42.681409903712954,0.8221243539304751
5,-1.0,1.0,10000.0,24.861646647204406,35.377522861245204,42.64603428979212,0.8295618443873285
5,-1.0,1.0,17782.794100389227,24.857693077033694,35.59718972450474,42.619473915258055,0.8352329687429743
5,-1.0,1.0,31622.776601683792,24.854729458923508,35.764011049566165,42.599546478615274,0.8395397135863757
5,-1.0,1.0,56234.13251903491,24.852507546448887,35.890321072223706,42.58459489303621,0.8428005752402448
5,-1.0,1.0,100000.0,24.85084155425267,35.98571646686043,42.573389164068175,0.8452631367491005
5,-1.0,1.0,177827.94100389228,24.849592323401527,36.0576624893169,42.56496607030815,0.847120667963353
5,-1.0,1.0,316227.7660168379,24.84865556688173,36.11182277049423,42.558669239931206,0.8485186077343757
5,-1.0,1.0,562341.3251903491,24.84795310927989,36.15266380702875,42.553935722275476,0.84957274088526
5,-1.0,1.0,1000000.0,24.84742634240386,36.18324254371034,42.55050557223166,0.8503598736867518
5,-1.0,3.0,0.0,24.04027153232826,11.836045790364519,26.638514958009903,0.44432078173357603
5,-1.0,3.0,0.0001,24.04023318409667,11.83613632273026,26.63860605399842,0.4443226608305832
5,-1.0,3.0,0.00017782794100389227,24.040203339761163,11.83620678095373,26.63867696161226,0.4443241230790227
5,-1.0,3.0,0.00031622776601683794,24.04015027101482,11.836332072645732,26.638803031717874,0.44432672363516607
5,-1.0,3.0,0.0005623413251903491,24.04005590887628,11.836554867693126,26.639027168239117,0.4443313486239273
5,-1.0,3.0,0.001,24.03988813483139,11.836951032380835,26.639425666105282,0.44433957326045503
5,-1.0,3.0,0.0017782794100389228,24.039589874857413,11.837655438023834,26.64013401197366,0.4443542000465646
5,-1.0,3.0,0.0031622776601683794,24.039059767047537,11.83890779664127,26.641392674446,0.44438021470240036
5,-1.0,3.0,0.005623413251903491,24.038117977272364,11.841133982356899,26.643628009402534,0.444426486444645
5,-1.0,3.0,0.01,24.03644602093938,11.845090052818247,26.647593760565204,0.4445088047817421
5,-1.0,3.0,0.01778279410038923,24.033481667634522,11.85211649890676,26.655546297743175,0.44463978965271606
5,-1.0,3.0,0.03162277660168379,24.02823804073396,11.864584529696035,26.66806323773001,0.4448986198934014
5,-1.0,3.0,0.05623413251903491,24.019000432594588,11.886671451008322,26.690269002502955,0.44535600034205786
5,-1.0,3.0,0.1,24.002843330196672,11.925683105717651,26.733171130253698,0.44610057847650775
5,-1.0,3.0,0.1778279410038923,23.974936655378922,11.994234167083443,26.804219175415238,0.4474756040677553
5,-1.0,3.0,0.31622776601683794,23.92777002153034,12.113620275152572,26.928348912884918,0.44984637990026705
5,-1.0,3.0,0.5623413251903491,23.850915506773056,12.318404141104539,27.139056207901195,0.45389950360610515
5,-1.0,3.0,1.0,23.732927014952462,12.660983942911697,27.48701488987562,0.4606169128818407
5,-1.0,3.0,1.7782794100389228,23.567644860422647,13.211976774654303,28.03491317314898,0.47126868890424634
5,-1.0,3.0,3.1622776601683795,23.364315008157728,14.048569155867265,28.83847994080086,0.4871466590716962
5,-1.0,3.0,5.623413251903491,23.152373588479506,15.22467172266303,29.906065099871668,0.5090830796970466
5,-1.0,3.0,10.0,22.96918362076488,16.731925679362735,31.159422313558498,0.5369780450673541
5,-1.0,3.0,17.78279410038923,22.83790340458796,18.48045500504774,32.44421283472957,0.5696071314532104
5,-1.0,3.0,31.622776601683793,22.75835922517328,20.32254749452625,33.577969564514135,0.6052345558143433
5,-1.0,3.0,56.23413251903491,22.7162842794945,22.106039156522233,34.44121317124289,0.6418484461220993
5,-1.0,3.0,100.0,22.69612746282872,23.719594879835643,35.00261987527553,0.6776519861757614
5,-1.0,3.0,177.82794100389228,22.68706388010897,25.107193194541065,35.3120071310596,0.7110100850783239
5,-1.0,3.0,316.22776601683796,22.683119343804126,26.257937375367224,35.45485431173822,0.7406020384259167
5,-1.0,3.0,562.341325190349,22.681416898155412,27.188126219055732,35.514582457339486,0.7655482435057321
5,-1.0,3.0,1000.0,22.680674184374194,27.926397764647007,35.540036206164196,0.7857729126286975
5,-1.0,3.0,1778.2794100389228,22.68034113764113,28.50453482179173,35.55419306998245,0.8017207637277928
5,-1.0,3.0,3162.2776601683795,22.680184983714113,28.952718714153164,35.561305996046,0.814163538239354
5,-1.0,3.0,5623.413251903491,22.680107059905957,29.29748165844759,35.565192222346624,0.8237684046605306
5,-1.0,3.0,10000.0,22.68006506284849,29.561109000657133,35.56733058480805,0.8311309427670018
5,-1.0,3.0,17782.794100389227,22.680040481977148,29.761766652053115,35.5682944970361,0.8367498940533445
5,-1.0,3.0,31622.776601683792,22.68002496013791,29.913951155775617,35.56895029038095,0.8410130440049947
5,-1.0,3.0,56234.13251903491,22.680014547712464,30.02906210909918,35.56917693295793,0.8442439409182574
5,-1.0,3.0,100000.0,22.68000725693596,30.11594646712559,35.56971940840131,0.8466737148343211
5,-1.0,3.0,177827.94100389228,22.680002007570963,30.18141556288386,35.569710581819,0.8485145104978925
5,-1.0,3.0,316227.7660168379,22.6799981626866,30.23076193107999,35.56983637848393,0.8498988190276432
5,-1.0,3.0,562341.3251903491,22.67999531793637,30.26778434715605,35.569780199491404,0.8509410004054181
5,-1.0,3.0,1000000.0,22.679993198666022,30.29566042528106,35.56974233201575,0.8517256083132327
5,0.0,0.1,0.0,109.53061609774718,1734.3271650341794,1842.5775513685137,0.9412505670364133
5,0.0,0.1,0.0001,109.53061392946074,1734.3270276341896,1842.5774147741413,0.9412505622439636
5,0.0,0.1,0.00017782794100389227,109.53061224192855,1734.3269206986602,1842.5773084656064,0.9412505585141006
5,0.0,0.1,0.00031622776601683794,109.53060924102651,1734.326730537512,1842.5771194194192,0.9412505518813693
5,0.0,0.1,0.0005623413251903491,109.53060390458872,1734.3263923781378,1842.576783242743,0.9412505400865326
5,0.0,0.1,0.001,109.53059441492579,1734.3257910371922,1842.5761854275236,0.9412505191120688
5,0.0,0.1,0.0017782794100389228,109.53057753969928,1734.324721687851,1842.57512234769,0.9412504818137817
5,0.0,0.1,0.0031622776601683794,109.53054753097585,1734.3228200950139,1842.5732319031492,0.9412504154875158
5,0.0,0.1,0.005623413251903491,109.53049416753811,1734.319438560334,1842.5698701912272,0.9412502975424977
5,0.0,0.1,0.01,109.53039927388112,1734.3134253376306,1842.563892212519,0.9412500878084054
5,0.0,0.1,0.01778279410038923,109.53023053101603,1734.3027324346006,1842.5532619629132,0.9412497148587222
5,0.0,0.1,0.03162277660168379,109.52993047350763,1734.2837183731112,1842.534359252692,0.9412490517010028
5,0.0,0.1,0.05623413251903491,109.52939693312291,1734.2499089295175,1842.5007476203107,0.9412478725826272
5,0.0,0.1,0.1,109.5284482937449,1734.189795367763,1842.44098518209,0.9412457762908328
5,0.0,0.1,0.1778279410038923,109.52676180467749,1734.0829253496215,1842.334737536488,0.941242050111036
5,0.0,0.1,0.31622776601683794,109.52376419959484,1733.8929712767188,1842.1458838227768,0.9412354290196527
5,0.0,0.1,0.5623413251903491,109.51843818082132,1733.5554663399125,1841.8103154426467,0.9412236709746535
5,0.0,0.1,1.0,109.50898142655481,1732.9561926446167,1841.214421794897,0.9412028127366364
5,0.0,0.1,1.7782794100389228,109.49221004738709,1731.8933678310425,1840.1574070984436,0.9411658813263635
5,0.0,0.1,3.1622776601683795,109.46252849563294,1730.0123364476995,1838.2860783082506,0.9411007116149224
5,0.0,0.1,5.623413251903491,109.41019283834947,1726.6954271687846,1834.9844591229412,0.9409864037726429
5,0.0,0.1,10.0,109.3185115430315,1720.8843763330403,1829.1945350429562,0.9407880590965289
5,0.0,0.1,17.78279410038923,109.15972063882205,1710.818792465082,1819.148143114441,0.940450506431051
5,0.0,0.1,31.622776601683793,108.8900299958573,1693.7240188775038,1802.033569743152,0.939895930528594
5,0.0,0.1,56.23413251903491,108.44682476354578,1665.64908128354,1773.902568323363,0.9389743895899869
5,0.0,0.1,100.0,107.75619273159737,1622.0243007501192,1729.8730943683934,0.9376550835033066
5,0.0,0.1,177.82794100389228,106.76314852665605,1559.8818783270417,1666.2941869812364,0.9361383425054264
5,0.0,0.1,316.22776601683796,105.48368799650424,1481.9018996008467,1584.173642993418,0.9354415825279602
5,0.0,0.1,562.341325190349,104.03549113009774,1399.0611475778242,1491.8008176968654,0.9378337449484587
5,0.0,0.1,1000.0,102.59301109431946,1326.296497081727,1402.926773154729,0.9453782780831209
5,0.0,0.1,1778.2794100389228,101.30074438630157,1272.804844197099,1330.9447802552138,0.9563167932128889
5,0.0,0.1,3162.2776601683795,100.2287609173031,1237.9215381761132,1280.6217178188772,0.9666566800729494
5,0.0,0.1,5623.413251903491,99.38195070786786,1216.044943766073,1247.4362017165727,0.9748353800320186
5,0.0,0.1,10000.0,98.73049491276672,1202.1361193891878,1225.3715546231826,0.9810380491155272
5,0.0,0.1,17782.794100389227,98.23572811222904,1193.0542375584266,1210.3150758300271,0.9857385579868423
5,0.0,0.1,31622.776601683792,97.86228230897846,1186.97478552729,1199.8374537997422,0.9892796576471939
5,0.0,0.1,56234.13251903491,97.58127770080112,1182.8166332583294,1192.370928203392,0.9919871453428855
5,0.0,0.1,100000.0,97.37016788076731,1179.9197075398147,1187.0886519592134,0.9939609022396374
5,0.0,0.1,177827.94100389228,97.21170061864676,1177.870505236802,1183.15014256185,0.9955376438415363
5,0.0,0.1,316227.7660168379,97.09280229229225,1176.4022506924591,1180.4206096334265,0.996595824481398
5,0.0,0.1,562341.3251903491,97.0036143034506,1175.3403234278815,1178.135081641768,0.9976278117361619
5,0.0,0.1,1000000.0,96.93672139733816,1174.568902919587,1176.8121888073906,0.9980937604919974
5,0.0,1.0,0.0,27.044622136033293,24.633285321529943,45.15645902282484,0.5455096757936394
5,0.0,1.0,0.0001,27.044606959227256,24.633393820846493,45.15647505149695,0.5455118849014299
5,0.0,1.0,0.00017782794100389227,27.04459514761829,24.6334782629596,45.15648752579706,0.5455136041944572
5,0.0,1.0,0.00031622776601683794,27.04457414368189,24.633628423171384,45.15650970753423,0.545516661555916
5,0.0,1.0,0.0005623413251903491,27.044536794093773,24.633895445368434,45.156549149522604,0.5455220983295369
5,0.0,1.0,0.001,27.044470380136225,24.634370270848557,45.15661927784536,0.5455317662129463
5,0.0,1.0,0.0017782794100389228,27.044352290355704,24.63521459707117,45.15674395222752,0.5455489577178858
5,0.0,1.0,0.0031622776601683794,27.044142334175348,24.636715899085598,45.15696555261889,0.5455795268257742
5,0.0,1.0,0.005623413251903491,27.043769101267255,24.63938517222204,45.1573592865799,0.5456338803129371
5,0.0,1.0,0.01,27.043105792850092,24.644130427542283,45.15805840198013,0.5457305141015909
5,0.0,1.0,0.01778279410038923,27.041927520950345,24.65256421025522,45.15929829763548,0.5459022867843369
5,0.0,1.0,0.03162277660168379,27.039836249244626,24.667547285414184,45.16150042798068,0.546207434466259
5,0.0,1.0,0.05623413251903491,27.03613005876278,24.694145501163415,45.16537312583168,0.5467495072467354
5,0.0,1.0,0.1,27.02957920213905,24.74130017000211,45.17213883700042,0.5477115055206674
5,0.0,1.0,0.1778279410038923,27.018054121209378,24.82470158010143,45.18386732716475,0.5494151574134227
5,0.0,1.0,0.31622776601683794,26.99794298543297,24.97160199811528,45.20785900854778,0.5523730286230479
5,0.0,1.0,0.5623413251903491,26.963344760469326,25.22848662335282,45.25281333452442,0.5575009544015559
5,0.0,1.0,1.0,26.905252516168037,25.672170929600547,45.34308881757287,0.5661760501779316
5,0.0,1.0,1.7782794100389228,26.81157206098142,26.42277766511594,45.52796872270311,0.5803636403382935
5,0.0,1.0,3.1622776601683795,26.669886569850423,27.651105140493023,45.90931492245332,0.6022983611757061
5,0.0,1.0,5.623413251903491,26.475071699220244,29.563087620777036,46.664374757728254,0.6335258486642636
5,0.0,1.0,10.0,26.239627714055906,32.34124350402264,48.02378073310406,0.6734422615279219
5,0.0,1.0,17.78279410038923,25.995956955735178,36.050919172119976,50.146780881165895,0.7189079446106572
5,0.0,1.0,31.622776601683793,25.781221247484016,40.57221069959087,53.000908433970295,0.7655002885495185
5,0.0,1.0,56.23413251903491,25.616569805263723,45.62097400327145,56.363061720373025,0.80941262966879
5,0.0,1.0,100.0,25.502139937514087,50.841698865148075,59.928530132302214,0.8483721985656341
5,0.0,1.0,177.82794100389228,25.426892761292823,55.90249630681699,63.446194387087935,0.8811008579293736
5,0.0,1.0,316.22776601683796,25.378402195708958,60.553168975857005,66.69471799669535,0.907915511073266
5,0.0,1.0,562.341325190349,25.346982812944244,64.64434410201721,69.54777841193344,0.92949545734052
5,0.0,1.0,1000.0,25.326180291982737,68.11849199537077,71.98753090086748,0.9462540407056789
5,0.0,1.0,1778.2794100389228,25.31201109413346,70.98663233484142,74.01930058662899,0.959028682684751
5,0.0,1.0,3162.2776601683795,25.30208964606511,73.30231742191435,75.6427239121967,0.9690597275026874
5,0.0,1.0,5623.413251903491,25.294982953217726,75.13969308448473,76.93454575251522,0.9766703936381946
5,0.0,1.0,10000.0,25.289807067046222,76.57801877606688,77.95190650367711,0.9823751876094856
5,0.0,1.0,17782.794100389227,25.28599477066639,77.69233447200251,78.72537197679918,0.9868779596862228
5,0.0,1.0,31622.776601683792,25.283166552545406,78.548807664101,79.31477556852315,0.9903426833281475
5,0.0,1.0,56234.13251903491,25.281059079680197,79.20312936009994,79.80222315726557,0.9924927680775885
5,0.0,1.0,100000.0,25.27948450510739,79.70075247367728,80.14981813038528,0.9943971718566164
5,0.0,1.0,177827.94100389228,25.278306239729616,80.07784369639737,80.41755939895869,0.9957756029267693
5,0.0,1.0,316227.7660168379,25.277423732428343,80.36289980239144,80.61395283208374,0.9968857372592157
5,0.0,1.0,562341.3251903491,25.276762398442557,80.57799272738293,80.76574638724074,0.9976753305917883
5,0.0,1.0,1000000.0,25.276266656183598,80.73988245344482,80.88325271703896,0.9982274419143886
5,0.0,3.0,0.0,25.272379935435577,15.168541534072409,27.892157582042177,0.5438281886030351
5,0.0,3.0,0.0001,25.27232940041365,15.168683511766574,27.892282872938253,0.5438308359651546
5,0.0,3.0,0.00017782794100389227,25.272290071586824,15.168794008494418,27.89238036250755,0.5438328967033609
5,0.0,3.0,0.00031622776601683794,25.272220137277813,15.168990499106252,27.89255370686457,0.5438365614896369
5,0.0,3.0,0.0005623413251903491,25.272095785078147,15.169339903423944,27.89286189338183,0.5438430793300271
5,0.0,3.0,0.001,25.271874685453355,15.169961207488583,27.89340959819959,0.5438546748500672
5,0.0,3.0,0.0017782794100389228,25.271481613911646,15.171065950825696,27.8943826693844,0.5438753074638488
5,0.0,3.0,0.0031622776601683794,25.270782955893694,15.173030148927744,27.8961101192213,0.5439120394951784
5,0.0,3.0,0.005623413251903491,25.269541598710536,15.176521954032156,27.899172809846213,0.5439774884177224
5,0.0,3.0,0.01,25.267337439345074,15.182727922200499,27.904590526802288,0.5440942739373842
5,0.0,3.0,0.01778279410038923,25.263428294381978,15.193753018140049,27.914137940914188,0.5443031430990505
5,0.0,3.0,0.03162277660168379,25.256509648152658,15.213324517282496,27.930862868757035,0.5446779280958001
5,0.0,3.0,0.05623413251903491,25.244309354846028,15.248020552980668,27.959936481019298,0.5453524747215303
5,0.0,3.0,0.1,25.222933649888954,15.309382988643756,28.012652339388275,0.5465167240560582
5,0.0,3.0,0.1778279410038923,25.185901206837762,15.417455694989018,28.10582691364494,0.5485501544700713
5,0.0,3.0,0.31622776601683794,25.12297639314424,15.60642725289108,28.26840144733794,0.5520802894342917
5,0.0,3.0,0.5623413251903491,25.019490763701338,15.93283128167562,28.54901433919237,0.5580869129973034
5,0.0,3.0,1.0,24.85807443757742,16.485365432482805,29.020614459760136,0.5680570773351937
5,0.0,3.0,1.7782794100389228,24.625858947223644,17.391627726580243,29.787529298742804,0.5838560006826167
5,0.0,3.0,3.1622776601683795,24.32758759149703,18.811225356766446,30.976580042145052,0.6072725049431833
5,0.0,3.0,5.623413251903491,23.995138278671373,20.90301010234221,32.69892995504952,0.6392567013990093
5,0.0,3.0,10.0,23.678093213943747,23.767537055235184,35.00558798083683,0.6789640861980747
5,0.0,3.0,17.78279410038923,23.418115515109434,27.390860489960687,37.8585946953986,0.7235044171697641
5,0.0,3.0,31.622776601683793,23.23132430435598,31.625009996486067,41.12802124119091,0.7689407134621079
5,0.0,3.0,56.23413251903491,23.110934936072507,36.218637455786975,44.6068451754689,0.8119524551291304
5,0.0,3.0,100.0,23.039807797126272,40.88034469259595,48.08723569918005,0.8501288148133874
5,0.0,3.0,177.82794100389228,23.000597480822915,45.34379079913052,51.38247142618502,0.8824758626931842
5,0.0,3.0,316.22776601683796,22.980138977931787,49.41120955882033,54.36302868827057,0.9089120078676072
5,0.0,3.0,562.341325190349,22.96991526649934,52.96823330060887,56.952065524265,0.9300493812299261
5,0.0,3.0,1000.0,22.964970412937745,55.97596599570087,59.120177894933626,0.9468166028725329
5,0.0,3.0,1778.2794100389228,22.96263248997633,58.451321479782294,60.92212394812218,0.9594432644790277
5,0.0,3.0,3162.2776601683795,22.961540725635118,60.445270715342915,62.35146161101,0.9694282885049403
5,0.0,3.0,5623.413251903491,22.96103118602022,62.02464708826066,63.479963302671315,0.9770744005085237
5,0.0,3.0,10000.0,22.960790067808613,63.259419559545236,64.36984688341475,0.9827492626185566
5,0.0,3.0,17782.794100389227,22.960672337042855,64.21511309442415,65.05625044540349,0.9870706143495738
5,0.0,3.0,31622.776601683792,22.96061187242884,64.94914078124063,65.59390684650742,0.9901703359920979
5,0.0,3.0,56234.13251903491,22.960578665885524,65.50961136263462,65.99975887497008,0.992573495408309
5,0.0,3.0,100000.0,22.960559014597386,65.93568171773109,66.30616079703023,0.9944125994500991
5,0.0,3.0,177827.94100389228,22.96054653371157,66.25848866733371,66.5299136325644,0.9959202567625484
5,0.0,3.0,316227.7660168379,22.960538139898343,66.50241301427076,66.7024696760075,0.9970007608007849
5,0.0,3.0,562341.3251903491,22.96053225648801,66.68640755817177,66.83001871680993,0.9978510980335542
5,0.0,3.0,1000000.0,22.96052801459085,66.82525754087769,66.93790613516227,0.9983171180458331
5,1.0,0.1,0.0,60.48116955854485,955.863610518442,1016.3420824582628,0.9404939803402222
5,1.0,0.1,0.0001,60.48116834754036,955.8635333581674,1016.3420060202491,0.9404939751541896
5,1.0,0.1,0.00017782794100389227,60.481167405040914,955.8634733059471,1016.3419465301483,0.9404939711180097
5,1.0,0.1,0.00031622776601683794,60.48116572901441,955.8633665163728,1016.3418407401747,0.9404939639405606
5,1.0,0.1,0.0005623413251903491,60.48116274857355,955.8631766148328,1016.3416526161924,0.940493951177067
5,1.0,0.1,0.001,60.48115744852511,955.862838917342,1016.341318079661,0.9404939284800593
5,1.0,0.1,0.0017782794100389228,60.4811480235838,955.8622383984656,1016.3407231817313,0.9404938881186092
5,1.0,0.1,0.0031622776601683794,60.48113126348601,955.8611705132101,1016.3396652917243,0.9404938163451932
5,1.0,0.1,0.005623413251903491,60.4811014596064,955.8592715309761,1016.3377840826732,0.9404936887136555
5,1.0,0.1,0.01,60.48104846079412,955.8558946609603,1016.3344388146949,0.9404934617543139
5,1.0,0.1,0.01778279410038923,60.480954216669076,955.8498898037957,1016.3284901432309,0.9404930581736305
5,1.0,0.1,0.03162277660168379,60.480786632413455,955.8392119998357,1016.3179122166212,0.9404923405463951
5,1.0,0.1,0.05623413251903491,60.48048864649368,955.8202254931894,1016.2991032043163,0.9404910645690412
5,1.0,0.1,0.1,60.479958825559386,955.7864672769566,1016.265660257482,0.9404887960445281
5,1.0,0.1,0.1778279410038923,60.4790169128817,955.7264518512554,1016.2062043146994,0.9404847636172131
5,1.0,0.1,0.31622776601683794,60.477342741126996,955.6197785884326,1016.1005223218148,0.9404775980282126
5,1.0,0.1,0.5623413251903491,60.474368161575356,955.4302446309605,1015.912739601812,0.9404648720178884
5,1.0,0.1,1.0,60.46908662609451,955.0937082677904,1015.5792810936019,0.940442293426192
5,1.0,0.1,1.7782794100389228,60.459720104217936,954.4968540550277,1014.9877857533673,0.9404023057741127
5,1.0,0.1,3.1622776601683795,60.44314405290428,953.4405175653563,1013.9406197428638,0.9403317107535841
5,1.0,0.1,5.623413251903491,60.41391832349595,951.5778331234904,1012.0931225024377,0.9402077851993293
5,1.0,0.1,10.0,60.362726447048395,948.3145135659496,1008.8533501022088,0.9399924314766602
5,1.0,0.1,17.78279410038923,60.27407978935302,942.6619798089304,1003.2321984917735,0.9396249255417615
5,1.0,0.1,31.622776601683793,60.12357288556725,933.0620481835988,993.6920108210112,0.9389851563893338
5,1.0,0.1,56.23413251903491,59.87637617816377,917.2957296054882,977.9672922635899,0.9379615625818404
5,1.0,0.1,100.0,59.49155671003047,892.7953552836269,953.4053323473898,0.9364279021656671
5,1.0,0.1,177.82794100389228,58.93911983017436,857.8877808747735,917.9938142769638,0.9345245768899528
5,1.0,0.1,316.22776601683796,58.229084610521035,814.0570925796036,872.2928187254952,0.9332383290384304
5,1.0,0.1,562.341325190349,57.428070727707706,767.4223430559302,820.8994969982919,0.9348554187962027
5,1.0,0.1,1000.0,56.63318221369533,726.3174935722245,771.2110339183217,0.9417882546130015
5,1.0,0.1,1778.2794100389228,55.92331180647981,695.8949534805072,730.416805706311,0.952736777198847
5,1.0,0.1,3162.2776601683795,55.33554653756729,675.836413117803,701.3935863497433,0.9635622940823465
5,1.0,0.1,5623.413251903491,54.871579776563365,663.0741513314179,681.9650192290984,0.9722993594025761
5,1.0,0.1,10000.0,54.51470195802575,654.8304296359192,668.8577722438888,0.9790279141693898
5,1.0,0.1,17782.794100389227,54.24365344303412,649.3618696969793,659.8136481886701,0.984159499397469
5,1.0,0.1,31622.776601683792,54.039056521930995,645.6461301375537,653.4564557118389,0.9880476724867963
5,1.0,0.1,56234.13251903491,53.88509721292743,643.0701094246922,648.9073865864775,0.9910044525883858
5,1.0,0.1,100000.0,53.76942857629139,641.2541293159073,645.6251869804289,0.9932297287146357
5,1.0,0.1,177827.94100389228,53.68260136023016,639.9565195408578,643.2298081189862,0.994911167771126
5,1.0,0.1,316227.7660168379,53.61745387900411,639.0192016155554,641.4716500024892,0.9961768405713264
5,1.0,0.1,562341.3251903491,53.56858510251454,638.3362483971498,640.1610771217556,0.9971494225596931
5,1.0,0.1,1000000.0,53.531932359832396,637.8355569927446,639.1733460736934,0.9979070011458291
5,1.0,1.0,0.0,19.247791000513192,20.873578985752076,35.565031787928255,0.586912985491472
5,1.0,1.0,0.0001,19.24777312766694,20.873680528119063,35.56508399149702,0.5869149791157414
5,1.0,1.0,0.00017782794100389227,19.24775921785771,20.873759555780644,35.5651246241614,0.5869165306284325
5,1.0,1.0,0.00031622776601683794,19.247734482891566,20.87390008758555,35.565196858028386,0.5869192899707945
5,1.0,1.0,0.0005623413251903491,19.247690498985296,20.874149987786865,35.56532532864064,0.5869241963879065
5,1.0,1.0,0.001,19.247612288922138,20.874594365579814,35.56555376606307,0.5869329211878747
5,1.0,1.0,0.0017782794100389228,19.247473227320743,20.87538454732633,35.56596006991219,0.5869484334541084
5,1.0,1.0,0.0031622776601683794,19.247225993033044,20.876789565394134,35.56668253518337,0.5869760145535738
5,1.0,1.0,0.005623413251903491,19.24678651869249,20.879287618967936,35.56796737375769,0.5870250441798602
5,1.0,1.0,0.01,19.246005570724673,20.88372839872853,35.57025237426493,0.5871121795536627
5,1.0,1.0,0.01778279410038923,19.24461859587378,20.89162074113558,35.57431640366069,0.58726696260524
5,1.0,1.0,0.03162277660168379,19.24215774560442,20.905640992670225,35.581545325512565,0.587541682111275
5,1.0,1.0,0.05623413251903491,19.237799223164867,20.930527072709545,35.59440629455253,0.5880285486293618
5,1.0,1.0,0.1,19.230103604291692,20.974637230151355,35.6174009345482,0.5888873606666329
5,1.0,1.0,0.1778279410038923,19.21659014349479,21.052625312677005,35.65817058894372,0.5904011609391046
5,1.0,1.0,0.31622776601683794,19.193087615904073,21.189902556794806,35.73058988961898,0.5930465358186329
5,1.0,1.0,0.5623413251903491,19.152888166154728,21.4296907528189,35.8598255972092,0.5975960673519469
5,1.0,1.0,1.0,19.086055275987174,21.843054978812052,36.09035275107991,0.6052325154444065
5,1.0,1.0,1.7782794100389228,18.980036119891604,22.540148572767205,36.498883664036384,0.6175572047694378
5,1.0,1.0,3.1622776601683795,18.823817476302118,23.67518408826175,37.20877702586745,0.6362795550039934
5,1.0,1.0,5.623413251903491,18.617154185453035,25.42900127936797,38.38364195558584,0.6624957920562141
5,1.0,1.0,10.0,18.380037073937626,27.952970720258026,40.18531560246651,0.6956016221642494
5,1.0,1.0,17.78279410038923,18.149597988818037,31.286724181774105,42.65868406522895,0.733419815152617
5,1.0,1.0,31.622776601683793,17.960324514654047,35.306185134426855,45.681929134498176,0.7728698372276983
5,1.0,1.0,56.23413251903491,17.826014227688734,39.74968799647877,49.011794130826466,0.8110229119622822
5,1.0,1.0,100.0,17.740472927597285,44.30082615259873,52.36361523263699,0.8460230630712274
5,1.0,1.0,177.82794100389228,17.689513726353592,48.67110788137821,55.52141019191326,0.8766187262381027
5,1.0,1.0,316.22776601683796,17.660042811714987,52.65011192035622,58.33444871603354,0.9025560895698505
5,1.0,1.0,562.341325190349,17.642961019206155,56.11970151647485,60.7405316516377,0.9239250956566452
5,1.0,1.0,1000.0,17.632783868761976,59.04250779344317,62.736463385534016,0.9411194799204666
5,1.0,1.0,1778.2794100389228,17.626451835842555,61.438690464308515,64.34813750066755,0.9547858391965292
5,1.0,1.0,3162.2776601683795,17.62231864748362,63.361983765168674,65.6281291133242,0.965469907815863
5,1.0,1.0,5623.413251903491,17.619501660956182,64.8806827306648,66.62171935211944,0.973866831441971
5,1.0,1.0,10000.0,17.617516096560372,66.06496111181325,67.39828842939902,0.9802171932157824
5,1.0,1.0,17782.794100389227,17.616083210018996,66.979666857768,68.00200532840134,0.9849660540789029
5,1.0,1.0,31622.776601683792,17.615033186715564,67.68105590679279,68.44648568432375,0.9888171062417853
5,1.0,1.0,56234.13251903491,17.61425638204193,68.2159119743786,68.79130829075969,0.991635624751472
5,1.0,1.0,100000.0,17.61367841820909,68.62209966757315,69.0667107970335,0.9935625842851136
5,1.0,1.0,177827.94100389228,17.6132469566243,68.92960099281899,69.24891268465645,0.9953889284400532
5,1.0,1.0,316227.7660168379,17.612924236540483,69.16184841312845,69.411184752953,0.9964078362772226
5,1.0,1.0,562341.3251903491,17.612682581766382,69.33697456293596,69.50080122911334,0.997642808956442
5,1.0,1.0,1000000.0,17.612501512909425,69.46894412506616,69.59680661824652,0.9981628109191603
5,1.0,3.0,0.0,19.299905922836086,15.725904196146669,26.732168493749118,0.5882764131096927
5,1.0,3.0,0.0001,19.29985245671074,15.726038658408571,26.732296695837213,0.5882786218236703
5,1.0,3.0,0.00017782794100389227,19.299810846758888,15.72614330609842,26.732396470263364,0.5882803408064031
5,1.0,3.0,0.00031622776601683794,19.29973685617149,15.726329395635831,26.732573891397287,0.5882833976079148
5,1.0,3.0,0.0005623413251903491,19.299605291405562,15.72666030440986,26.732889377805638,0.5882888333599493
5,1.0,3.0,0.001,19.29937136781428,15.72724871972511,26.733450344063208,0.5882984993449495
5,1.0,3.0,0.0017782794100389228,19.298955497972837,15.728294982404176,26.734447719459833,0.5883156872156237
5,1.0,3.0,0.0031622776601683794,19.298216318103158,15.730155200504695,26.736220764663994,0.5883462490440872
5,1.0,3.0,0.005623413251903491,19.29690296458222,15.73346214737233,26.73937194290343,0.5884005870058574
5,1.0,3.0,0.01,19.29457097388525,15.739339535318058,26.744969959924703,0.5884971850371212
5,1.0,3.0,0.01778279410038923,19.29043513366394,15.749780795762971,26.75490694422523,0.5886688684283539
5,1.0,3.0,0.03162277660168379,19.283115321423743,15.768315562406578,26.772521438576362,0.5889738700399771
5,1.0,3.0,0.05623413251903491,19.27020777054034,15.801172697248631,26.803668307747568,0.5895153049883595
5,1.0,3.0,0.1,19.247593329668486,15.859279839463087,26.858504394017462,0.5904751659588173
5,1.0,3.0,0.1778279410038923,19.208415827891397,15.961610063683002,26.955937374280328,0.5921370806756872
5,1.0,3.0,0.31622776601683794,19.141847628070373,16.140514041206668,27.125877644808778,0.5950227400032368
5,1.0,3.0,0.5623413251903491,19.032367451595196,16.449457448239183,27.416257063638678,0.5999891746731388
5,1.0,3.0,1.0,18.861567446558375,16.97226488249398,27.910352872847415,0.6080992583581932
5,1.0,3.0,1.7782794100389228,18.615694702704328,17.829443564093136,28.71181640121925,0.6209792969885392
5,1.0,3.0,3.1622776601683795,18.299413328426773,19.171735311545735,29.950741535404017,0.6401088697214161
5,1.0,3.0,5.623413251903491,17.946037330419724,21.149460963245392,31.739400047644477,0.666347219276282
5,1.0,3.0,10.0,17.60826125303391,23.85828801834431,34.13650805160583,0.6989082768007955
5,1.0,3.0,17.78279410038923,17.331434024533458,27.284944547063407,37.07184845595917,0.7360017286291385
5,1.0,3.0,31.622776601683793,17.133879111377986,31.286352554944788,40.37953878080507,0.7748070805062577
5,1.0,3.0,56.23413251903491,17.008464104423506,35.61776616670037,43.842578727913484,0.8124012592357717
5,1.0,3.0,100.0,16.93606639928297,39.99561720073084,47.2208645909644,0.8469903621456331
5,1.0,3.0,177.82794100389228,16.89729741678722,44.163778449371684,50.336339170345724,0.8773736663668534
5,1.0,3.0,316.22776601683796,16.87770758054662,47.93713561441155,53.07858793344701,0.9031350961053805
5,1.0,3.0,562.341325190349,16.86823593854863,51.214371801985024,55.40887384319933,0.9242990923604717
5,1.0,3.0,1000.0,16.86380488338428,53.96732515504508,57.31704773795868,0.9415580056002218
5,1.0,3.0,1778.2794100389228,16.861781270177797,56.21961136574592,58.870056967717176,0.954978035719845
5,1.0,3.0,3162.2776601683795,16.860872529166045,58.024665501372915,60.09132955717918,0.9656079492493214
5,1.0,3.0,5623.413251903491,16.86046867232156,59.44839603362168,61.03194680239053,0.9740537398569953
5,1.0,3.0,10000.0,16.860289911418548,60.55768864216423,61.77931043066261,0.9802260371638584
5,1.0,3.0,17782.794100389227,16.86021051385825,61.41394350708832,62.34472151670214,0.9850704600651001
5,1.0,3.0,31622.776601683792,16.86017478336084,62.07019835826654,62.77706413833279,0.9887400631143146
5,1.0,3.0,56234.13251903491,16.860158276367553,62.5704662256448,63.10435715752061,0.9915395551761487
5,1.0,3.0,100000.0,16.86015031609699,62.95029258074057,63.341632643595034,0.9938217559838343
5,1.0,3.0,177827.94100389228,16.860146235119537,63.237768088342506,63.54105319752776,0.9952269423636646
5,1.0,3.0,316227.7660168379,16.860143978805564,63.45486336542371,63.66722435367387,0.9966645163126558
5,1.0,3.0,562341.3251903491,16.86014262886241,63.61854073809127,63.78792407542327,0.9973445861456203
5,1.0,3.0,1000000.0,16.86014175930773,63.74189708253594,63.84789174673809,0.9983398877973514
5,2.0,0.1,0.0,35.73345252071577,561.0103272136197,597.895497601665,0.9383083322486913
5,2.0,0.1,0.0001,35.73345176098299,561.0102780465774,597.8954498879999,0.9383083248947085
5,2.0,0.1,0.00017782794100389227,35.73345116969886,561.0102397809001,597.895412753455,0.9383083191712582
5,2.0,0.1,0.00031622776601683794,35.73345011823107,561.0101717338695,597.8953467178918,0.9383083089933696
5,2.0,0.1,0.0005623413251903491,35.733448248429156,561.0100507273378,597.8952292883015,0.9383082908942598
5,2.0,0.1,0.001,35.73344492340423,561.0098355442393,597.8950204659759,0.9383082587090461
5,2.0,0.1,0.0017782794100389228,35.733439010597436,561.009452889599,597.8946491224748,0.9383082014749389
5,2.0,0.1,0.0031622776601683794,35.73342849602742,561.0087724259885,597.8939887729499,0.938308099697305
5,2.0,0.1,0.005623413251903491,35.73340979835017,561.0075623818611,597.8928144963991,0.9383079187101352
5,2.0,0.1,0.01,35.73337654918122,561.0054106178782,597.8907263343632,0.938307596870373
5,2.0,0.1,0.01778279410038923,35.73331742453023,561.0015842832992,597.8870130929612,0.9383070245683243
5,2.0,0.1,0.03162277660168379,35.73321228963482,560.9947803170154,597.8804102099447,0.938306006915368
5,2.0,0.1,0.05623413251903491,35.733025347028054,560.9826819937667,597.8686693803915,0.9383041974337742
5,2.0,0.1,0.1,35.732692963364684,560.9611710509063,597.8477938812972,0.9383009802697126
5,2.0,0.1,0.1778279410038923,35.73210205838281,560.9229288781928,597.8106808203426,0.9382952611493479
5,2.0,0.1,0.31622776601683794,35.73105178898007,560.8549561447902,597.7447131671572,0.9382850969489864
5,2.0,0.1,0.5623413251903491,35.72918577419742,560.7341844172039,597.6274982021645,0.938267041098433
5,2.0,0.1,1.0,35.72587271064338,560.5197430141652,597.4193538568999,0.9382349925483444
5,2.0,0.1,1.7782794100389228,35.71999764783743,560.1394292175717,597.0501502453931,0.938178189867885
5,2.0,0.1,3.1622776601683795,35.70960198013918,559.4663422728613,596.3965448440517,0.9380777724310139
5,2.0,0.1,5.623413251903491,35.69127777226036,558.2794817403462,595.2434679294331,0.9379010637148747
5,2.0,0.1,10.0,35.65919560724532,556.2002360309981,593.2216404855402,0.9375926265531365
5,2.0,0.1,17.78279410038923,35.60368482241333,552.5988729622218,589.7143077189864,0.9370620073636553
5,2.0,0.1,31.622776601683793,35.509568975643106,546.4829730324421,583.770781325248,0.9361259427747363
5,2.0,0.1,56.23413251903491,35.355364871178956,536.4393250806603,573.997642214407,0.9345671229783249
5,2.0,0.1,100.0,35.11629455932088,520.8312481238657,558.7927288866413,0.9320651848165395
5,2.0,0.1,177.82794100389228,34.77538910008463,498.58229659408374,537.003246722841,0.9284530394122791
5,2.0,0.1,316.22776601683796,34.34172428783408,470.59361755464647,509.1657729456514,0.9242444063593369
5,2.0,0.1,562.341325190349,33.859374176008316,440.6556659033515,478.12380538302455,0.9216350680350305
5,2.0,0.1,1000.0,33.38839817436289,413.93802927918205,447.90458976463856,0.9241656342407543
5,2.0,0.1,1778.2794100389228,32.97366976584667,393.6807145714338,421.9702465536481,0.9329584675382612
5,2.0,0.1,3162.2776601683795,32.63322929429645,379.80838554717775,402.15188887647474,0.9444401382976967
5,2.0,0.1,5623.413251903491,32.36545905842266,370.5572476670588,387.9816253387361,0.9550896832898605
5,2.0,0.1,10000.0,32.1596927646268,364.28618945523795,377.87915960361994,0.9640282619379156
5,2.0,0.1,17782.794100389227,32.00342493374083,359.93528889373783,370.54266107968914,0.9713734117549556
5,2.0,0.1,31622.776601683792,31.885452738718687,356.85891482047384,365.1329013580278,0.9773397946151092
5,2.0,0.1,56234.13251903491,31.79666608489086,354.6520749737135,361.10437466973616,0.9821317598217306
5,2.0,0.1,100000.0,31.729954269067097,353.0516327360637,358.08441594751434,0.9859452604265573
5,2.0,0.1,177827.94100389228,31.679873255415032,351.88123560011564,355.8145673922094,0.9889455571734416
5,2.0,0.1,316227.7660168379,31.64229526907543,351.0200814783656,354.110844467965,0.9912717640877586
5,2.0,0.1,562341.3251903491,31.614106352437894,350.3834505700282,352.8356268850907,0.9930500886865908
5,2.0,0.1,1000000.0,31.592963681089227,349.91125791762704,351.8841190250324,0.9943934352227329
5,2.0,1.0,0.0,16.829433736377936,23.106600429948504,35.195680151237625,0.6565180820674091
5,2.0,1.0,0.0001,16.82940342161343,23.10672217428902,35.19577735414619,0.6565197279714853
5,2.0,1.0,0.00017782794100389227,16.829379828709396,23.106816924559393,35.19585300460174,0.6565210089250644
5,2.0,1.0,0.00031622776601683794,16.82933787491532,23.106985415184376,35.19598753112864,0.6565232867737466
5,2.0,1.0,0.0005623413251903491,16.829263272450532,23.107285032807003,35.19622675562951,0.6565273372410887
5,2.0,1.0,0.001,16.82913061823647,23.107817818357912,35.19665216105953,0.6565345394958806
5,2.0,1.0,0.0017782794100389228,16.82889475300556,23.108765202073773,35.19740862751963,0.6565473454771847
5,2.0,1.0,0.0031622776601683794,16.828475416809642,23.11044973209206,35.19875379088856,0.6565701123792161
5,2.0,1.0,0.005623413251903491,16.82773002991466,23.11344471880965,35.201145682169496,0.6566105810163261
5,2.0,1.0,0.01,16.826405503284924,23.1187688141311,35.205398594586974,0.6566824901021214
5,2.0,1.0,0.01778279410038923,16.82405321761123,23.128230768236754,35.21295972917326,0.6568101899447965
5,2.0,1.0,0.03162277660168379,16.81987994962141,23.145038534163575,35.22640003028817,0.6570367257018355
5,2.0,1.0,0.05623413251903491,16.812489404491522,23.17486995015797,35.25028300120074,0.6574378409775762
5,2.0,1.0,0.1,16.799443164517356,23.227737684832974,35.2926971438765,0.658145723182937
5,2.0,1.0,0.1778279410038923,16.776542912963446,23.321184566550166,35.36822528282566,0.6593823800900358
5,2.0,1.0,0.31622776601683794,16.736741937849946,23.485595788592068,35.50241476548106,0.6615210808541134
5,2.0,1.0,0.5623413251903491,16.668745059945138,23.772544317604,35.73596415320753,0.6652274502987003
5,2.0,1.0,1.0,16.555923871689526,24.266503934535624,36.146826515742404,0.6713315185211972
5,2.0,1.0,1.7782794100389228,16.377543841058667,25.097503119329115,36.8532469779101,0.6810119915450761
5,2.0,1.0,3.1622776601683795,16.116089843385865,26.44519804406333,38.030902112107775,0.6953607875539732
5,2.0,1.0,5.623413251903491,15.773026076097823,28.514615695407105,39.891306168207,0.7148077722792889
5,2.0,1.0,10.0,15.384295711422952,31.465143808632433,42.597777058981215,0.7386569436490911
5,2.0,1.0,17.78279410038923,15.013885359929715,35.311065061308405,46.157790153269914,0.7650077038795778
5,2.0,1.0,31.622776601683793,14.719419119744796,39.863307601462466,50.33019612361583,0.7920356102637536
5,2.0,1.0,56.23413251903491,14.521559247343033,44.76833425276003,54.712056106820306,0.8182535521120597
5,2.0,1.0,100.0,14.405894955519779,49.620744612634894,58.88185921013595,0.8427170146844337
5,2.0,1.0,177.82794100389228,14.344803065573007,54.080582884443906,62.513984720449145,0.8650957561941086
5,2.0,1.0,316.22776601683796,14.314338697995195,57.94118046296574,65.44124680897745,0.8853923677844288
5,2.0,1.0,562.341325190349,14.299272016756346,61.132951419534386,67.65776206246102,0.9035615361190489
5,2.0,1.0,1000.0,14.291508847289201,63.685448832101265,69.25173896636801,0.919622377468817
5,2.0,1.0,1778.2794100389228,14.287185979503393,65.68050874844516,70.34598498898153,0.9336781446550627
5,2.0,1.0,3162.2776601683795,14.28455383963543,67.21642608003451,71.0753626005586,0.945706411063828
5,2.0,1.0,5623.413251903491,14.282822651700517,68.38741128735772,71.5387208597382,0.9559495957642425
5,2.0,1.0,10000.0,14.281620248127608,69.27470852216499,71.82110608332519,0.964545275058756
5,2.0,1.0,17782.794100389227,14.280756415349927,69.94447717363747,71.98722232505943,0.9716235036518298
5,2.0,1.0,31622.776601683792,14.280123659171998,70.44884432985528,72.07828566609027,0.977393450452144
5,2.0,1.0,56234.13251903491,14.279655171704293,70.8280998958958,72.12189184178224,0.9820610370464948
5,2.0,1.0,100000.0,14.279306281562834,71.11299914596665,72.13930634876957,0.9857732593401847
5,2.0,1.0,177827.94100389228,14.279045637025142,71.32691471453398,72.14549606792168,0.9886537428113732
5,2.0,1.0,316227.7660168379,14.27885058460712,71.48744641093423,72.14439782249895,0.9908939372786636
5,2.0,1.0,562341.3251903491,14.27870448111119,71.60788888620426,72.1425670156101,0.9925885901829617
5,2.0,1.0,1000000.0,14.278594986402577,71.69826399861115,72.14015808568932,0.9938745062555411
5,2.0,3.0,0.0,17.237451942612115,18.0839115823713,27.468605404912406,0.6583483695585516
5,2.0,3.0,0.0001,17.237384975197724,18.084070791706296,27.46877559152407,0.6583500866811998
5,2.0,3.0,0.00017782794100389227,17.237332857744185,18.084194699255313,27.46890804139183,0.6583514230709477
5,2.0,3.0,0.00031622776601683794,17.23724018247384,18.084415037603545,27.46914356805578,0.658353799520497
5,2.0,3.0,0.0005623413251903491,17.237075392989368,18.084806848435047,27.469562380640518,0.6583580254332889
5,2.0,3.0,0.001,17.23678239247266,18.08550355862532,27.470307084360837,0.6583655400387426
5,2.0,3.0,0.0017782794100389228,17.236261486027324,18.086742380881496,27.471631179392066,0.6583789023219461
5,2.0,3.0,0.0031622776601683794,17.235335580759795,18.088944963745984,27.473985169916794,0.6584026617133377
5,2.0,3.0,0.005623413251903491,17.233690363833748,18.09286054129789,27.47816926217076,0.6584449047050001
5,2.0,3.0,0.01,17.230768816272995,18.099819645921684,27.485603554354164,0.658519999756541
5,2.0,3.0,0.01778279410038923,17.225586437038423,18.112182610849928,27.49880425931701,0.6586534614396278
5,2.0,3.0,0.03162277660168379,17.216411434391006,18.134128747054362,27.522217222196485,0.6588905465228764
5,2.0,3.0,0.05623413251903491,17.200223182925495,18.173033514294946,27.563658530905784,0.6593113716714496
5,2.0,3.0,0.1,17.171831939467605,18.241836370146,27.636747838973168,0.6600572714428243
5,2.0,3.0,0.1778279410038923,17.122558103455386,18.36300423186664,27.76484610501902,0.6613760494983323
5,2.0,3.0,0.31622776601683794,17.038570087738805,18.57484739839923,27.988692575978558,0.6636554154137656
5,2.0,3.0,0.5623413251903491,16.899681313333826,18.940686655102148,28.373137722174377,0.6675569984739294
5,2.0,3.0,1.0,16.680966063728807,19.55980589029489,29.025425929356338,0.6738852321375269
5,2.0,3.0,1.7782794100389228,16.3612254235183,20.574911798656416,30.091652495394722,0.6837415061138711
5,2.0,3.0,3.1622776601683795,15.939916337451553,22.164214317403687,31.743901078216325,0.6982196127310097
5,2.0,3.0,5.623413251903491,15.452811781054912,24.50378751654994,34.15657265880058,0.7173959683052814
5,2.0,3.0,10.0,14.967055464270427,27.699376647008975,37.39556499565597,0.7407128799959743
5,2.0,3.0,17.78279410038923,14.551633872562888,31.714972803746534,41.36854171436391,0.766644689163276
5,2.0,3.0,31.622776601683793,14.246311766676511,36.34246903948192,45.8199386193999,0.7931583964212192
5,2.0,3.0,56.23413251903491,14.052031413180952,41.24056066695434,50.355869347313,0.8189822001187422
5,2.0,3.0,100.0,13.943586980798697,46.03030879995779,54.588418069643524,0.8432248163196933
5,2.0,3.0,177.82794100389228,13.889445621097112,50.39886862929885,58.23043443949801,0.8655073436153695
5,2.0,3.0,316.22776601683796,13.864686377451198,54.1606811024127,61.14671292933661,0.8857496749662207
5,2.0,3.0,562.341325190349,13.854055741700499,57.25937170008867,63.35550040018333,0.9037790142672913
5,2.0,3.0,1000.0,13.849673260953393,59.73091092045768,64.93616546966766,0.9198404385050823
5,2.0,3.0,1778.2794100389228,13.847906525416393,61.658987435666255,66.03095926691341,0.9337890607711063
5,2.0,3.0,3162.2776601683795,13.847200277853014,63.14123935235488,66.7573140097473,0.945832532194683
5,2.0,3.0,5623.413251903491,13.846917449183548,64.27012394212724,67.22625078073145,0.9560271946706346
5,2.0,3.0,10000.0,13.846803081557567,65.12485225152466,67.51363847597203,0.9646177234945271
5,2.0,3.0,17782.794100389227,13.846756043143591,65.76965988122043,67.68646137214688,0.971681168551748
5,2.0,3.0,31622.776601683792,13.84673619629389,66.25501764609983,67.78653273430085,0.9774067941459107
5,2.0,3.0,56234.13251903491,13.846727504788191,66.6198515236631,67.83745104312642,0.9820512194851004
5,2.0,3.0,100000.0,13.84672349182162,66.89385902822157,67.86004429941968,0.985762088999898
5,2.0,3.0,177827.94100389228,13.846721503514292,67.0995477637339,67.8685546716648,0.988669172171837
5,2.0,3.0,316227.7660168379,13.846720431324126,67.25391311747453,67.87271439715828,0.9908829153927331
5,2.0,3.0,562341.3251903491,13.846719800109632,67.36974867898469,67.87302783776563,0.9925849903147991
5,2.0,3.0,1000000.0,13.846719398126085,67.45658442722355,67.87372681523975,0.9938541405107795
6,-2.0,0.1,0.0,3.762424261005103,56.16956714376536,62.42411604088868,0.8998055672422098
6,-2.0,0.1,0.0001,3.7624242186658914,56.16956525232481,62.424113505397294,0.899805573489935
6,-2.0,0.1,0.00017782794100389227,3.762424185714169,56.16956378025704,62.424111532077745,0.8998055783524177
6,-2.0,0.1,0.00031622776601683794,3.762424127116827,56.16956116251095,62.424108022965896,0.8998055869992746
6,-2.0,0.1,0.0005623413251903491,3.7624240229144563,56.16955650743265,62.42410178278992,0.899805602375818
6,-2.0,0.1,0.001,3.76242383761379,56.16954822942078,62.42409068603108,0.8998056297196508
6,-2.0,0.1,0.0017782794100389228,3.7624235080982564,56.169533508860034,62.424070952948725,0.8998056783447692
6,-2.0,0.1,0.0031622776601683794,3.7624229221301912,56.16950733177175,62.4240358621914,0.8998057648142571
6,-2.0,0.1,0.005623413251903491,3.7624218801235343,56.16946078216958,62.423973461578576,0.8998059185825683
6,-2.0,0.1,0.01,3.762420027170755,56.169378005788396,62.423862497619396,0.8998061920300187
6,-2.0,0.1,0.01778279410038923,3.762416732185862,56.16923081200306,62.42366517827911,0.8998066783100019
6,-2.0,0.1,0.03162277660168379,3.7624108730441335,56.168969078504134,62.4233143070153,0.8998075430959889
6,-2.0,0.1,0.05623413251903491,3.7624004546816536,56.16850370069149,62.42269041569857,0.8998090810671912
6,-2.0,0.1,0.1,3.7623819305419883,56.16767631063715,62.42158113912355,0.8998118164525845
6,-2.0,0.1,0.1778279410038923,3.76234899772748,56.16620555439704,62.419609093404446,0.8998166821318948
6,-2.0,0.1,0.31622776601683794,3.7622904601538654,56.16359195423747,62.41610400849506,0.8998253390918696
6,-2.0,0.1,0.5623413251903491,3.7621864466635024,56.158949976793814,62.409876558422965,0.8998407475493474
6,-2.0,0.1,1.0,3.7620017425252326,56.15071333777937,62.39881999280154,0.8998681921269831
6,-2.0,0.1,1.7782794100389228,3.761674109114877,56.13612329556348,62.37921373376019,0.8999171348192564
6,-2.0,0.1,3.1622776601683795,3.761094068988072,56.110357186147816,62.34452246373183,0.9000046029511147
6,-2.0,0.1,5.623413251903491,3.760070675411554,56.06509743264231,62.283376437081984,0.9001614979765699
6,-2.0,0.1,10.0,3.758275850051739,55.98634588588,62.176331719998984,0.9004446601643439
6,-2.0,0.1,17.78279410038923,3.7551606969902185,55.85158537961392,61.99114369197795,0.9009607187944408
6,-2.0,0.1,31.622776601683793,3.749849094174983,55.62760269713198,61.67729372810243,0.9019138054655924
6,-2.0,0.1,56.23413251903491,3.7410545393987267,55.27358956363078,61.16656451586868,0.9036569243526983
6,-2.0,0.1,100.0,3.727152057463375,54.75993567832761,60.37789996368914,0.9069533009803233
6,-2.0,0.1,177.82794100389228,3.7066179120139098,54.114438826486314,59.27535643708055,0.9129331661451511
6,-2.0,0.1,316.22776601683796,3.678919664257188,53.48105691501858,57.9539506920375,0.9228198643300867
6,-2.0,0.1,562.341325190349,3.6454562784459217,53.11315652809596,56.72466236235171,0.9363327046146914
6,-2.0,0.1,1000.0,3.609733781823905,53.22669573755496,55.98712553967009,0.9506952754672285
6,-2.0,0.1,1778.2794100389228,3.57612858095253,53.82388638018513,55.892023825496786,0.9629976282167079
6,-2.0,0.1,3162.2776601683795,3.547737168437557,54.70838575842707,56.26048370617266,0.9724122893103513
6,-2.0,0.1,5623.413251903491,3.5253485280728727,55.66081691408926,56.82970628642542,0.9794317189245202
6,-2.0,0.1,10000.0,3.5082587398585554,56.54760766458367,57.42958012399504,0.9846425403510332
6,-2.0,0.1,17782.794100389227,3.495372957867824,57.31374419447638,57.97937593746077,0.9885195083213317
6,-2.0,0.1,31622.776601683792,3.485697457618404,57.94747021892003,58.448110156300054,0.9914344546634404
6,-2.0,0.1,56234.13251903491,3.4784418014184713,58.457219567299454,58.83520422666414,0.9935755358661034
6,-2.0,0.1,100000.0,3.4730024367206944,58.85948972849653,59.14202032815196,0.9952228449740507
6,-2.0,0.1,177827.94100389228,3.4689246833605063,59.17268201862487,59.37497547807844,0.9965929508547207
6,-2.0,0.1,316227.7660168379,3.465867466540899,59.41415665917056,59.57540788671658,0.9972933256646326
6,-2.0,0.1,562341.3251903491,3.463575210416721,59.59901185257438,59.71074931423692,0.9981286876660264
6,-2.0,0.1,1000000.0,3.461856415552169,59.7397844924478,59.817856210749866,0.9986948425896941
6,-2.0,1.0,0.0,2.0413306369492066,5.933883180969185,9.633384823445688,0.6159707402664251
6,-2.0,1.0,0.0001,2.041328746981651,5.933887490499431,9.633378586461353,0.6159715864212845
6,-2.0,1.0,0.00017782794100389227,2.0413272760777907,5.9338908445234635,9.633373732280916,0.6159722449715944
6,-2.0,1.0,0.00031622776601683794,2.0413246604404027,5.933896808925532,9.633365099527635,0.6159734161032157
6,-2.0,1.0,0.0005623413251903491,2.0413200092349024,5.9339074153308395,9.633349747031998,0.615975498777988
6,-2.0,1.0,0.001,2.0413117384986412,5.933926276583757,9.633322441898992,0.6159792026450656
6,-2.0,1.0,0.0017782794100389228,2.041297032104644,5.9339598174796135,9.63327387376457,0.615985790006476
6,-2.0,1.0,0.0031622776601683794,2.0412708840929357,5.9340194635695624,9.63318746750835,0.6159975069087297
6,-2.0,1.0,0.005623413251903491,2.041224398475256,5.934125534159884,9.633033691003504,0.6160183514879524
6,-2.0,1.0,0.01,2.041141774678595,5.934314167337302,9.632759848065568,0.6160554463037942
6,-2.0,1.0,0.01778279410038923,2.0409949747931124,5.934649641469578,9.632271658025376,0.6161214978322348
6,-2.0,1.0,0.03162277660168379,2.040734328541581,5.93524630779236,9.631399654580571,0.616239230086318
6,-2.0,1.0,0.05623413251903491,2.0402721028425908,5.936307659535001,9.629836773675223,0.6164494579765771
6,-2.0,1.0,0.1,2.03945414718661,5.938196012584776,9.627019097429846,0.6168260343609492
6,-2.0,1.0,0.1778279410038923,2.0380121389428987,5.941557028601986,9.622213794658634,0.617483372890778
6,-2.0,1.0,0.31622776601683794,2.035486759225956,5.9475428873147855,9.61385410519884,0.6186429315687826
6,-2.0,1.0,0.5623413251903491,2.031114877437479,5.9582135834903385,9.599287105530076,0.6206933408688086
6,-2.0,1.0,1.0,2.0236949692213866,5.97725920238961,9.574280278266595,0.6243037626502178
6,-2.0,1.0,1.7782794100389228,2.0115127792143626,6.011286420145646,9.536292296651004,0.6303588683262903
6,-2.0,1.0,3.1622776601683795,1.992546939494109,6.072009383780837,9.481696762269417,0.6403926993260559
6,-2.0,1.0,5.623413251903491,1.965279121668043,6.179517256122928,9.413403021900308,0.6564594378617663
6,-2.0,1.0,10.0,1.9300880340256161,6.365616183652625,9.355791880737417,0.680393093903548
6,-2.0,1.0,17.78279410038923,1.890153758262555,6.673461247149456,9.358501062014719,0.7130908254353265
6,-2.0,1.0,31.622776601683793,1.850472894068931,7.147941608027731,9.494059356363243,0.7528857088129469
6,-2.0,1.0,56.23413251903491,1.8155870152954514,7.816937646885265,9.820769115466382,0.7959598230015047
6,-2.0,1.0,100.0,1.7880761664377547,8.674577534290309,10.35538916418566,0.837687256051325
6,-2.0,1.0,177.82794100389228,1.7684061330044514,9.678804178133683,11.068958529038552,0.8744096522488627
6,-2.0,1.0,316.22776601683796,1.7555227109023284,10.763710559624176,11.90005541159683,0.9045092806151757
6,-2.0,1.0,562.341325190349,1.7476950642747069,11.857605521138384,12.776786837985432,0.9280584916612744
6,-2.0,1.0,1000.0,1.7432186505210379,12.898233953286729,13.63264018620951,0.9461288332346883
6,-2.0,1.0,1778.2794100389228,1.7407704029369375,13.841327852874596,14.419506687775138,0.9599030086521113
6,-2.0,1.0,3162.2776601683795,1.7394672897575298,14.662521730661418,15.116755437876906,0.9699516401464464
6,-2.0,1.0,5623.413251903491,1.7387790603473445,15.35465060873949,15.7071444468055,0.9775583754730351
6,-2.0,1.0,10000.0,1.7384106659368241,15.92291295758268,16.193501051783496,0.9832903278089444
6,-2.0,1.0,17782.794100389227,1.7382065534954299,16.379867550788024,16.586849702926205,0.9875213102038498
6,-2.0,1.0,31622.776601683792,1.7380875177266841,16.741360177756082,16.898220705990404,0.9907173346257269
6,-2.0,1.0,56234.13251903491,1.738013876763139,17.02372156009564,17.142661657152264,0.9930617485525068
6,-2.0,1.0,100000.0,1.7379656809959159,17.24212155281563,17.33137230575335,0.9948503354862387
6,-2.0,1.0,177827.94100389228,1.7379326507074246,17.409783057549486,17.475739563680023,0.9962258246130187
6,-2.0,1.0,316227.7660168379,1.7379092427532288,17.537758736578805,17.58690425866077,0.997205561515594
6,-2.0,1.0,562341.3251903491,1.737892279425527,17.635017630482125,17.67361524153426,0.9978160885294465
6,-2.0,1.0,1000000.0,1.7378798128150865,17.70868890415971,17.73444871830571,0.9985474702622468
6,-2.0,3.0,0.0,1.961458624224583,5.622739748042194,9.133489069380941,0.6156179424237596
6,-2.0,3.0,0.0001,1.9614567691470572,5.62274329126587,9.133482582812446,0.6156187675714027
6,-2.0,3.0,0.00017782794100389227,1.9614553253974396,5.622746048890571,9.133477533775082,0.6156194098138387
6,-2.0,3.0,0.00031622776601683794,1.9614527580479575,5.6227509527307635,9.13346855320123,0.6156205520366106
6,-2.0,3.0,0.0005623413251903491,1.9614481927120873,5.622759673169531,9.13345257822231,0.6156225835755001
6,-2.0,3.0,0.001,1.96144007467678,5.622775180674683,9.133424153424944,0.6156261973847122
6,-2.0,3.0,0.0017782794100389228,1.9614256398301664,5.622802757757741,9.133373551296854,0.6156326275475019
6,-2.0,3.0,0.0031622776601683794,1.9613999747131976,5.622851798799714,9.133283395548828,0.6156440740183373
6,-2.0,3.0,0.005623413251903491,1.9613543478413165,5.622939011529359,9.133122542321376,0.6156644658465483
6,-2.0,3.0,0.01,1.9612732512101045,5.62309411293785,9.132834816551597,0.6157008449060107
6,-2.0,3.0,0.01778279410038923,1.9611291672873807,5.623369966999179,9.132317780982715,0.6157659098010556
6,-2.0,3.0,0.03162277660168379,1.9608733515069483,5.6238606399723,9.13138119390729,0.6158828024532252
6,-2.0,3.0,0.05623413251903491,1.9604197179587965,5.624733593929916,9.129661361010724,0.6160944389406372
6,-2.0,3.0,0.1,1.9596170481005177,5.6262872019953045,9.12642980885408,0.6164828218518611
6,-2.0,3.0,0.1778279410038923,1.9582022403790684,5.629053833321511,9.12014416647189,0.6172110583531597
6,-2.0,3.0,0.31622776601683794,1.955725274036118,5.633985528219732,9.112141591349635,0.6182943352820816
6,-2.0,3.0,0.5623413251903491,1.9514395494825263,5.642790633849878,9.095494681710365,0.6203940336743485
6,-2.0,3.0,1.0,1.9441727115594474,5.658547658407162,9.069933892310711,0.6238797024975401
6,-2.0,3.0,1.7782794100389228,1.932260801618231,5.686820345553791,9.027485496696482,0.6299451101455468
6,-2.0,3.0,3.1622776601683795,1.9137644398482938,5.737611821574629,8.964766315044598,0.640018001578671
6,-2.0,3.0,5.623413251903491,1.8872846463023398,5.828411502534967,8.883907149506545,0.6560639822601821
6,-2.0,3.0,10.0,1.8533419660855854,5.987628837124017,8.806358999442947,0.6799210476773396
6,-2.0,3.0,17.78279410038923,1.8152243020740928,6.255142890798326,8.779534506775871,0.7124686264369404
6,-2.0,3.0,31.622776601683793,1.7778903050647659,6.67448893176301,8.873285723329614,0.7522003843755944
6,-2.0,3.0,56.23413251903491,1.7456029088616056,7.275446201204304,9.148012296823428,0.7953035003823337
6,-2.0,3.0,100.0,1.7205206833147348,8.056597773934712,9.625705261064683,0.8369877900295885
6,-2.0,3.0,177.82794100389228,1.702801731793549,8.98092266343853,10.278562167028225,0.873752818487367
6,-2.0,3.0,316.22776601683796,1.691323674463644,9.986792616071547,11.048151188859293,0.9039333772099357
6,-2.0,3.0,562.341325190349,1.684446711714764,11.005769258608904,11.864057882285401,0.9276564028772959
6,-2.0,3.0,1000.0,1.680597478587275,11.977934765931023,12.661379338075571,0.9460213177493799
6,-2.0,3.0,1778.2794100389228,1.6785634523208104,12.860503064818664,13.401558311011016,0.959627437822077
6,-2.0,3.0,3162.2776601683795,1.677538543753316,13.629766945330289,14.051840832534085,0.9699630893749827
6,-2.0,3.0,5623.413251903491,1.677041627372427,14.278500069871054,14.60705683770447,0.9775069836802902
6,-2.0,3.0,10000.0,1.6768079567812841,14.811305070829864,15.065156179294565,0.9831497858074918
6,-2.0,3.0,17782.794100389227,1.6767006411029368,15.23982370983928,15.433986668622305,0.9874197792863354
6,-2.0,3.0,31622.776601683792,1.6766522087863396,15.57885365111639,15.726602263307838,0.9906051790642557
6,-2.0,3.0,56234.13251903491,1.6766306058852638,15.843682915160851,15.955848275059628,0.9929702665777976
6,-2.0,3.0,100000.0,1.6766210263365227,16.04852720184621,16.131220977188182,0.9948736815732105
6,-2.0,3.0,177827.94100389228,1.6766167743442273,16.20578464964974,16.26906903970474,0.9961101406662819
6,-2.0,3.0,316227.7660168379,1.6766148685554387,16.32581863685938,16.370877862933032,0.9972475986656969
6,-2.0,3.0,562341.3251903491,1.6766139955611143,16.41704300854678,16.453121353801677,0.9978072036011234
6,-2.0,3.0,1000000.0,1.6766135804457778,16.486142599715773,16.509227396728626,0.9986017033712051
6,-1.0,0.1,0.0,13.588046782684138,206.01227136450092,224.92739510868137,0.9159056470865145
6,-1.0,0.1,0.0001,13.588046522471096,206.0122558028856,224.92737912437977,0.9159056429896223
6,-1.0,0.1,0.00017782794100389227,13.588046319952745,206.01224369160926,224.92736668413423,0.915905639801103
6,-1.0,0.1,0.00031622776601683794,13.58804595981874,206.01222215438898,224.92734456191366,0.9159056341310334
6,-1.0,0.1,0.0005623413251903491,13.588045319400456,206.01218385523106,224.9273052224584,0.9159056240480904
6,-1.0,0.1,0.001,13.588044180559683,206.01211574874554,224.92723526602376,0.9159056061178759
6,-1.0,0.1,0.0017782794100389228,13.588042155388582,206.01199463676454,224.92711086428145,0.915905574233201
6,-1.0,0.1,0.0031622776601683794,13.58803855408746,206.01177926701666,224.92688964431838,0.9159055175341082
6,-1.0,0.1,0.005623413251903491,13.588032150027741,206.01139628320487,224.92649625687307,0.9159054167097034
6,-1.0,0.1,0.01,13.588020762009732,206.01071524292183,224.92579671501898,0.9159052374234221
6,-1.0,0.1,0.01778279410038923,13.588000511531048,206.0095042007754,224.924552768734,0.9159049186266164
6,-1.0,0.1,0.03162277660168379,13.587964502416627,206.007350748881,224.922340794048,0.9159043517936413
6,-1.0,0.1,0.05623413251903491,13.587900474141325,206.0035216873145,224.91840763086628,0.9159033440491243
6,-1.0,0.1,0.1,13.587786632920338,205.9967137398061,224.91141446125312,0.9159015527657642
6,-1.0,0.1,0.1778279410038923,13.58758425130081,205.98461108085849,224.8989821084971,0.9158983697911366
6,-1.0,0.1,0.31622776601683794,13.587224549465862,205.96310109851626,224.8768848364585,0.9158927172452729
6,-1.0,0.1,0.5623413251903491,13.58658549680368,205.92488801459234,224.83762422405837,0.9158826896755552
6,-1.0,0.1,1.0,13.58545096879664,205.85705338043928,224.76791681798682,0.9158649343497666
6,-1.0,0.1,1.7782794100389228,13.583439403720751,205.73679916309968,224.64430091510678,0.9158336014980756
6,-1.0,0.1,3.1622776601683795,13.579880948901213,205.52413126953547,224.42555671386765,0.9157786407167939
6,-1.0,0.1,5.623413251903491,13.573611380129684,205.14963223608888,224.04137806416892,0.9156774253429687
6,-1.0,0.1,10.0,13.562643134397652,204.49509568227762,223.36471256621874,0.9155210477646641
6,-1.0,0.1,17.78279410038923,13.543690012865461,203.3660782276407,222.19607143880194,0.9152550578899527
6,-1.0,0.1,31.622776601683793,13.511623647563953,201.46246941415333,220.21387706016486,0.9148491098910699
6,-1.0,0.1,56.23413251903491,13.45924777279108,198.37442699041276,216.97138292461335,0.9142884389474436
6,-1.0,0.1,100.0,13.37835832508745,193.6726330743131,211.94843001331756,0.9137724354086694
6,-1.0,0.1,177.82794100389228,13.263349952719016,187.18749721388738,204.79269574431876,0.9140340505483103
6,-1.0,0.1,316.22776601683796,13.116766757254114,179.43571195413094,195.69713836263273,0.9169051395203905
6,-1.0,0.1,562.341325190349,12.951848929059121,171.75853381987363,185.71652964891473,0.9248424690283208
6,-1.0,0.1,1000.0,12.787521444346533,165.65218251983705,176.6113995952603,0.9379472836943795
6,-1.0,0.1,1778.2794100389228,12.639945547734955,161.75656847819448,169.8900555534169,0.952124996082157
6,-1.0,0.1,3162.2776601683795,12.517508937153536,159.689261223386,165.66619784788884,0.96392180962594
6,-1.0,0.1,5623.413251903491,12.420954233802743,158.73159955758794,163.14933067159504,0.9729221621944647
6,-1.0,0.1,10000.0,12.346802074160692,158.35017652075683,161.63637292363438,0.9796692022752198
6,-1.0,0.1,17782.794100389227,12.290552776244613,158.2488211951924,160.70179975928525,0.9847358363890936
6,-1.0,0.1,31622.776601683792,12.248128471558006,158.27487063555225,160.10823499727783,0.9885492188346418
6,-1.0,0.1,56234.13251903491,12.216220386325137,158.35124236626953,159.72235554465271,0.9914156463964754
6,-1.0,0.1,100000.0,12.192255395461324,158.44030034367304,159.4681170608578,0.9935547196760811
6,-1.0,0.1,177827.94100389228,12.174269216499681,158.5249210468424,159.2953095779341,0.9951637714058693
6,-1.0,0.1,316227.7660168379,12.16077539970655,158.59839135782556,159.15835913645375,0.996481694196482
6,-1.0,0.1,562341.3251903491,12.150653969078123,158.65914885119813,159.08256720080053,0.9973383736693918
6,-1.0,0.1,1000000.0,12.143062928203532,158.70788781633934,159.02993611698727,0.9979749202665149
6,-1.0,1.0,0.0,4.393786824577576,5.132681443407007,9.577627598764563,0.5359032172089341
6,-1.0,1.0,0.0001,4.393783525303645,5.13270132956484,9.577634800323272,0.5359048905677211
6,-1.0,1.0,0.00017782794100389227,4.3937809575844575,5.132716806453087,9.57764040133785,0.5359061931095392
6,-1.0,1.0,0.00031622776601683794,4.393776391544424,5.132744328467991,9.577650355617276,0.5359085096959763
6,-1.0,1.0,0.0005623413251903491,4.39376827210922,5.1327932696147345,9.577668058658551,0.535912629063659
6,-1.0,1.0,0.001,4.393753834306186,5.132880298479844,9.577699541033995,0.5359199541068194
6,-1.0,1.0,0.0017782794100389228,4.393728162455588,5.133035053261991,9.577755483191135,0.535932981612489
6,-1.0,1.0,0.0031622776601683794,4.393682518943722,5.133310228824397,9.57785490468896,0.5359561488357188
6,-1.0,1.0,0.005623413251903491,4.393601377983269,5.133799499318115,9.57803144828472,0.5359973525914347
6,-1.0,1.0,0.01,4.393457168710398,5.134669342300685,9.5783445876118,0.5360706430359203
6,-1.0,1.0,0.01778279410038923,4.393200983402271,5.136215481525979,9.578898957858893,0.5362010293794813
6,-1.0,1.0,0.03162277660168379,4.392746231820793,5.138962786891948,9.579885801686045,0.5364325727126621
6,-1.0,1.0,0.05623413251903491,4.391940131556349,5.143841441956584,9.582005337893655,0.5368230616209737
6,-1.0,1.0,0.1,4.390514747564172,5.152495571406085,9.585747794995267,0.5375162878890065
6,-1.0,1.0,0.1778279410038923,4.3880052824394955,5.167817594574955,9.592319523853485,0.5387453557738564
6,-1.0,1.0,0.31622776601683794,4.3836209524686485,5.19485392343043,9.60374728559141,0.5409194733002103
6,-1.0,1.0,0.5623413251903491,4.37606252135832,5.2422813773808565,9.623279122241735,0.544750007849681
6,-1.0,1.0,1.0,4.363326654069527,5.324643139544485,9.659320946563247,0.5512440438620041
6,-1.0,1.0,1.7782794100389228,4.342670673764538,5.465265109908184,9.72275991394066,0.5621104663987427
6,-1.0,1.0,3.1622776601683795,4.31115256489493,5.698866887406814,9.83464165171715,0.5794686872410627
6,-1.0,1.0,5.623413251903491,4.267251624895319,6.071077029409499,10.026861802479509,0.6054812711099901
6,-1.0,1.0,10.0,4.213210511717918,6.630580476856072,10.341121704625868,0.6411858081014588
6,-1.0,1.0,17.78279410038923,4.155802741873594,7.412359689404953,10.817391255124797,0.6852261801932428
6,-1.0,1.0,31.622776601683793,4.103435056529127,8.419016999397286,11.471940853681353,0.7338790451221353
6,-1.0,1.0,56.23413251903491,4.061846198044143,9.612429334561027,12.28789642994831,0.7822680952236397
6,-1.0,1.0,100.0,4.032413553902254,10.921440367740997,13.21495671650077,0.8264454134839512
6,-1.0,1.0,177.82794100389228,4.013361654423897,12.260669285588548,14.186287493125928,0.8642620059356296
6,-1.0,1.0,316.22776601683796,4.001775982507208,13.550609790257964,15.136695400914258,0.8952158599584098
6,-1.0,1.0,562.341325190349,3.9949784956913503,14.73130780627077,16.01474367458593,0.9198591064337879
6,-1.0,1.0,1000.0,3.9910292138709575,15.767278676558279,16.789283392598662,0.939127555825824
6,-1.0,1.0,1778.2794100389228,3.988701845719271,16.645471557864425,17.449869765521672,0.9539023374692104
6,-1.0,1.0,3162.2776601683795,3.9872839361116195,17.369600736931044,17.99586253176968,0.9651996788854637
6,-1.0,1.0,5623.413251903491,3.986381418461967,17.95374787421961,18.437273635231392,0.9737745519984135
6,-1.0,1.0,10000.0,3.9857806758720056,18.41695112770598,18.788266914044144,0.9802368260980683
6,-1.0,1.0,17782.794100389227,3.985365157818868,18.779390164003082,19.062652207611116,0.9851404704590405
6,-1.0,1.0,31622.776601683792,3.985069308881011,19.060090568105657,19.270020465740533,0.9891058809196336
6,-1.0,1.0,56234.13251903491,3.9848544286688914,19.275786471459956,19.43876530421549,0.9916157826793561
6,-1.0,1.0,100000.0,3.9846963437583813,19.440543258698078,19.562962333295143,0.9937423038233472
6,-1.0,1.0,177827.94100389228,3.9845791202679837,19.565822389528797,19.652136135600053,0.9956079204074464
6,-1.0,1.0,316227.7660168379,3.9844917849805266,19.660756257103184,19.72754398395697,0.9966144935777054
6,-1.0,1.0,562341.3251903491,3.9844265367162577,19.732509947069936,19.777965628129714,0.9977017008769028
6,-1.0,1.0,1000000.0,3.9843777113360934,19.786636700380566,19.82609647575554,0.9980097052678408
6,-1.0,3.0,0.0,4.074351993503649,4.354873311940121,8.023126447776589,0.54279006323613
6,-1.0,3.0,0.0001,4.074349336843571,4.3548910597005,8.023136362558073,0.5427916045430392
6,-1.0,3.0,0.00017782794100389227,4.074347269250544,4.354904872328992,8.023144078899099,0.5427928041056135
6,-1.0,3.0,0.00031622776601683794,4.074343592559428,4.354929434849454,8.0231578004277,0.5427949372524244
6,-1.0,3.0,0.0005623413251903491,4.074337054587146,4.3549731132653475,8.023182200248275,0.5427987305499038
6,-1.0,3.0,0.001,4.0743254289154995,4.355050783768741,8.023225587128548,0.5428054759865453
6,-1.0,3.0,0.0017782794100389228,4.0743047573409825,4.355188897541105,8.023302732213251,0.5428174709219421
6,-1.0,3.0,0.0031622776601683794,4.074268004201806,4.355434483180074,8.023439889555503,0.5428388002070973
6,-1.0,3.0,0.005623413251903491,4.074202668017732,4.355871142241741,8.023683704571738,0.5428767262797075
6,-1.0,3.0,0.01,4.0740865489134,4.356647451801057,8.02411699433649,0.5429441588247064
6,-1.0,3.0,0.01778279410038923,4.073880267944883,4.358027339588234,8.024886615553525,0.5430640392029557
6,-1.0,3.0,0.03162277660168379,4.073514109243039,4.360479247064821,8.026252411302762,0.5432771141017555
6,-1.0,3.0,0.05623413251903491,4.072865075933908,4.364833371061885,8.028672336418785,0.5436556865401775
6,-1.0,3.0,0.1,4.07171750423298,4.372557160957123,8.032947856132328,0.5443278406966287
6,-1.0,3.0,0.1778279410038923,4.0696973810797665,4.3862323970446,8.040476712132653,0.545518947953174
6,-1.0,3.0,0.31622776601683794,4.066168679527468,4.410364105461109,8.053627867972315,0.5476245212421913
6,-1.0,3.0,0.5623413251903491,4.060087179823065,4.4527002477823245,8.077057223860995,0.55127754135854
6,-1.0,3.0,1.0,4.0498442477371075,4.526234138319278,8.118164846923895,0.5575440045460942
6,-1.0,3.0,1.7782794100389228,4.033238654713487,4.651830219638837,8.190316952801734,0.5679670574955643
6,-1.0,3.0,3.1622776601683795,4.007901784400817,4.860625255735095,8.313413984209353,0.584672586372753
6,-1.0,3.0,5.623413251903491,3.9725677249113707,5.193773479395938,8.51643357519359,0.6098531073528484
6,-1.0,3.0,10.0,3.928928160160675,5.695713268508731,8.835268135733186,0.6446565266619471
6,-1.0,3.0,17.78279410038923,3.8823633871126533,6.399213887412405,9.302956654147055,0.6878688276548914
6,-1.0,3.0,31.622776601683793,3.839838320638674,7.3078718192285725,9.931419927342253,0.7358335336429815
6,-1.0,3.0,56.23413251903491,3.806341288708331,8.387549722315919,10.703031523068525,0.7836611248166477
6,-1.0,3.0,100.0,3.7831434738130283,9.57324396596512,11.570078047604314,0.8274139488581361
6,-1.0,3.0,177.82794100389228,3.7686951533165156,10.786783827558812,12.471511581551713,0.8649139085525922
6,-1.0,3.0,316.22776601683796,3.760429356024044,11.955527953817038,13.347107175249365,0.8957392637100535
6,-1.0,3.0,562.341325190349,3.7560080219750227,13.0248871474073,14.154911904040356,0.9201673055760592
6,-1.0,3.0,1000.0,3.7537647129751783,13.962709734920413,14.865303842622465,0.9392818258370143
6,-1.0,3.0,1778.2794100389228,3.7526722717270307,14.757305752422534,15.4653281002147,0.9542187308795383
6,-1.0,3.0,3162.2776601683795,3.7521566580453025,15.412202930368379,15.966195204823034,0.9653021732887679
6,-1.0,3.0,5623.413251903491,3.7519187931952427,15.940291724036287,16.36473070600577,0.9740637967349065
6,-1.0,3.0,10000.0,3.751810701931054,16.358905019330987,16.68650015610609,0.98036765446856
6,-1.0,3.0,17782.794100389227,3.751761932192943,16.68636717934012,16.93730648019488,0.9851842262435182
6,-1.0,3.0,31622.776601683792,3.751739883835611,16.939925270160668,17.130598144852353,0.9888694560995828
6,-1.0,3.0,56234.13251903491,3.7517297798550584,17.134732945786894,17.27833977981327,0.9916886207901667
6,-1.0,3.0,100000.0,3.7517250156780495,17.28351517406183,17.39060978991736,0.9938418136483276
6,-1.0,3.0,177827.94100389228,3.7517226622462934,17.396635875042538,17.478348343239542,0.9953249319333649
6,-1.0,3.0,316227.7660168379,3.75172142229669,17.482349066208936,17.544329721292705,0.9964671973185418
6,-1.0,3.0,562341.3251903491,3.7517207172216076,17.54713059529193,17.59249473890647,0.9974213922307325
6,-1.0,3.0,1000000.0,3.7517202843414648,17.596003417209882,17.626141882619837,0.9982901269256392
6,0.0,0.1,0.0,12844.650908364,149823.71474868624,186244.3882000719,0.8044468678848945
6,0.0,0.1,0.0001,12844.647879280683,149823.62018795052,186244.32692982923,0.8044466248059151
6,0.0,0.1,0.00017782794100389227,12844.645521809645,149823.54659334593,186244.2792444885,0.8044464356226911
6,0.0,0.1,0.00031622776601683794,12844.641329571805,149823.4157217161,186244.1944467022,0.8044460992022563
6,0.0,0.1,0.0005623413251903491,12844.633874615081,149823.18299583218,186244.04365279234,0.8044455009532644
6,0.0,0.1,0.001,12844.620617661969,149822.76914556904,186243.77549979297,0.8044444371013924
6,0.0,0.1,0.0017782794100389228,12844.597043230862,149822.03320855362,186243.29865112185,0.8044425452816214
6,0.0,0.1,0.0031622776601683794,12844.555121734553,149820.72452078384,186242.45068818147,0.8044391811167846
6,0.0,0.1,0.005623413251903491,12844.480574957925,149818.39735213117,186240.94279600043,0.8044331987528393
6,0.0,0.1,0.01,12844.34801425113,149814.25913472823,186238.26141464972,0.804422560631484
6,0.0,0.1,0.01778279410038923,12844.11229784478,149806.9006664978,186233.49339795223,0.8044036436903622
6,0.0,0.1,0.03162277660168379,12843.693171117211,149793.81664068086,186225.01525467748,0.8043700060157113
6,0.0,0.1,0.05623413251903491,12842.947982336,149770.55397129653,186209.94103185245,0.8043101949410815
6,0.0,0.1,0.1,12841.623257276862,149729.2003047742,186183.1420746641,0.8042038534548366
6,0.0,0.1,0.1778279410038923,12839.268881132823,149655.70573060986,186135.50886888645,0.8040148096407929
6,0.0,0.1,0.31622776601683794,12835.086423090648,149525.1501924968,186050.8758365749,0.8036788298907988
6,0.0,0.1,0.5623413251903491,12827.662353537718,149293.4225883669,185900.60230852076,0.8030819735624064
6,0.0,0.1,1.0,12814.502853455178,148882.72195238725,185634.091627967,0.8020225199300466
6,0.0,0.1,1.7782794100389228,12791.235360901146,148156.70456570864,185164.90162308974,0.8001338443032109
6,0.0,0.1,3.1622776601683795,12750.277609690791,146879.16054468157,184350.77977557873,0.7967373977125911
6,0.0,0.1,5.623413251903491,12678.740424582616,144649.23387798242,182951.06952896115,0.790644374205664
6,0.0,0.1,10.0,12555.489211569498,140811.7373691319,180608.1934519366,0.7796530970041772
6,0.0,0.1,17.78279410038923,12348.103273483666,134368.01593974358,176881.18575439806,0.7596512617589267
6,0.0,0.1,31.622776601683793,12012.864940961008,123990.56812082833,171412.1960127681,0.7233474105401028
6,0.0,0.1,56.23413251903491,11505.407530822124,108388.28746596543,164447.39644169,0.659106132485338
6,0.0,0.1,100.0,10811.580193561189,87321.83306312039,157377.0120930091,0.5548576116791033
6,0.0,0.1,177.82794100389228,9990.483342577423,62975.44651995574,152350.7679525574,0.41335824798445736
6,0.0,0.1,316.22776601683796,9178.297090570464,39976.015328532216,150592.62121585303,0.26545799525749875
6,0.0,0.1,562.341325190349,8508.302126933253,22638.192495312738,151369.00428635778,0.14955632827237286
6,0.0,0.1,1000.0,8022.738791423745,12023.50744899804,152996.9479583942,0.07858658365046405
6,0.0,0.1,1778.2794100389228,7684.184241604113,6399.900061649563,154508.2340159103,0.04142109384921545
6,0.0,0.1,3162.2776601683795,7441.653340040358,3590.9037430021017,155861.9855545083,0.023038996521356932
6,0.0,0.1,5623.413251903491,7262.154641265245,2179.9141194055965,157299.31050050314,0.013858383183431843
6,0.0,0.1,10000.0,7127.4395653450765,1450.9953376998892,158879.74330962042,0.009132664161423209
6,0.0,0.1,17782.794100389227,7026.0641036890665,1064.176945971462,160546.06552596713,0.006628483497774284
6,0.0,0.1,31622.776601683792,6949.820441297938,854.4103172014396,162178.495520538,0.005268332983723101
6,0.0,0.1,56234.13251903491,6892.533787774622,738.630920791923,163758.06103719166,0.004510501138775514
6,0.0,0.1,100000.0,6849.523026584042,673.7491065662208,165221.92028070855,0.004077843335929853
6,0.0,0.1,177827.94100389228,6817.246347851251,636.8733368736432,166538.8849258677,0.0038241719773561464
6,0.0,0.1,316227.7660168379,6793.032062325105,615.6191141279087,167684.83306055923,0.0036712867997165752
6,0.0,0.1,562341.3251903491,6774.869379232925,603.1934298216224,168634.95310105657,0.0035769181817256555
6,0.0,0.1,1000000.0,6761.247136141029,595.8051735028108,169439.08585070504,0.0035163384558612554
6,0.0,1.0,0.0,110.94467661422456,46.52266447402664,174.00273465737905,0.2673674328488706
6,0.0,1.0,0.0001,110.94464308286898,46.52251260863601,174.00260815590175,0.26736675445090496
6,0.0,1.0,0.00017782794100389227,110.9446169864851,46.52239441650644,174.00250970328426,0.2673662264747687
6,0.0,1.0,0.00031622776601683794,110.9445705806454,46.52218424127549,174.0023346289055,0.26736528760084327
6,0.0,1.0,0.0005623413251903491,110.94448806069389,46.52181050173741,174.0020233037325,0.2673636180685692
6,0.0,1.0,0.001,110.94434132537981,46.52114592239955,174.0014696995232,0.2673606493251765
6,0.0,1.0,0.0017782794100389228,110.94408041496817,46.51996422210663,174.00048529641438,0.2673553705488732
6,0.0,1.0,0.0031622776601683794,110.94361652548298,46.51786316855175,173.99873494190862,0.2673459849238688
6,0.0,1.0,0.005623413251903491,110.9427918599602,46.51412798221799,173.9956229209556,0.2673292994465089
6,0.0,1.0,0.01,110.94132619452931,46.507489170971574,173.99009076965197,0.26729964313050175
6,0.0,1.0,0.01778279410038923,110.93872242231254,46.49569422798602,173.98025903558795,0.2672469536815395
6,0.0,1.0,0.03162277660168379,110.93410035963967,46.47475334260432,173.96279433853826,0.26715340782674873
6,0.0,1.0,0.05623413251903491,110.92590677135534,46.43762111892815,173.9317967600959,0.26698753180236245
6,0.0,1.0,0.1,110.91141703019156,46.37192414084421,173.87686182655113,0.26669404803901964
6,0.0,1.0,0.1778279410038923,110.88590214153552,46.25614122397825,173.77976018245445,0.26617680433793384
6,0.0,1.0,0.31622776601683794,110.84130741752581,46.053478602273934,173.6103030537324,0.26526927142118045
6,0.0,1.0,0.5623413251903491,110.7643648017766,45.702921264269875,173.31820860841884,0.2636937089946929
6,0.0,1.0,1.0,110.63447927352092,45.10861599119703,172.81023542609412,0.2610297699090206
6,0.0,1.0,1.7782794100389228,110.42291177635656,44.13381976592531,171.96087854183617,0.2566503505923183
6,0.0,1.0,3.1622776601683795,110.0967743393572,42.614999680527326,170.5875854477145,0.24981301874155973
6,0.0,1.0,5.623413251903491,109.63182376058838,40.41616232823945,168.4901250765025,0.2398725878438787
6,0.0,1.0,10.0,109.03154554127083,37.51696904608789,165.54231242861044,0.2266306933598439
6,0.0,1.0,17.78279410038923,108.33846010296074,34.07200251761706,161.86868258748945,0.21049162798493318
6,0.0,1.0,31.622776601683793,107.62458517717391,30.383137832434866,157.94642737715952,0.1923635648933237
6,0.0,1.0,56.23413251903491,106.96400288247281,26.810365207008537,154.34118197020027,0.1737084352003019
6,0.0,1.0,100.0,106.40470163991527,23.666442128108834,151.33022367779972,0.1563893950127077
6,0.0,1.0,177.82794100389228,105.95994697909505,21.131948873984147,148.9366768694048,0.14188545976833972
6,0.0,1.0,316.22776601683796,105.61934628080016,19.236525222652705,147.082499212526,0.13078731545659283
6,0.0,1.0,562.341325190349,105.36344006870252,17.902846964307496,145.68166455247865,0.12289018675962743
6,0.0,1.0,1000.0,105.17262454896203,17.007963124339977,144.63147472935177,0.11759517184047873
6,0.0,1.0,1778.2794100389228,105.03056975818464,16.428564568595185,143.8496079577745,0.11420653001305094
6,0.0,1.0,3162.2776601683795,104.92471569866495,16.06294895020782,143.26899072414625,0.11211741542268437
6,0.0,1.0,5623.413251903491,104.84570904130076,15.836193944002416,142.83831079550234,0.11086797271548987
6,0.0,1.0,10000.0,104.78665196140862,15.696985669975533,142.5180226461181,0.11014035543386824
6,0.0,1.0,17782.794100389227,104.74245665936073,15.611869280633215,142.280108572453,0.10972629580671998
6,0.0,1.0,31622.776601683792,104.70935721096234,15.5597576264882,142.103611226431,0.10949586356179886
6,0.0,1.0,56234.13251903491,104.6845552769322,15.527658244519998,141.97078155297825,0.10937221077934017
6,0.0,1.0,100000.0,104.66596493004977,15.50768340359521,141.87313980378588,0.10930669064660672
6,0.0,1.0,177827.94100389228,104.65202782816955,15.495081871619037,141.79928047146925,0.10927475668493768
6,0.0,1.0,316227.7660168379,104.64157803819107,15.487002456249437,141.74403222561332,0.10926034918774462
6,0.0,1.0,562341.3251903491,104.63374243285932,15.481725196360737,141.7019351223298,0.10925556650299466
6,0.0,1.0,1000000.0,104.62786675964583,15.478216995432398,141.67084036951738,0.10925478351833628
6,0.0,3.0,0.0,80.48500731198548,17.9193109419767,64.99865795371272,0.27568739888041255
6,0.0,3.0,0.0001,80.48494022618083,17.919360762158504,64.99885835310307,0.2756873153804097
6,0.0,3.0,0.00017782794100389227,80.48488801716601,17.919399534482228,64.99901432624134,0.27568725034108443
6,0.0,3.0,0.00031622776601683794,80.4847951803238,17.91946847883397,64.99929168215787,0.27568713466077377
6,0.0,3.0,0.0005623413251903491,80.48463010747162,17.919591069539145,64.99978481170828,0.27568692914059195
6,0.0,3.0,0.001,80.48433661554309,17.91980903333801,65.00066146112759,0.27568656426757454
6,0.0,3.0,0.0017782794100389228,80.48381487472298,17.92019651775867,65.00221956885558,0.27568591713666263
6,0.0,3.0,0.0031622776601683794,80.48288761048106,17.920885206304686,65.0049877346324,0.2756847717510923
6,0.0,3.0,0.005623413251903491,80.48124037087052,17.92210872727906,65.00990215213201,0.2756827519189136
6,0.0,3.0,0.01,80.47831646867641,17.924280827450442,65.01861563815268,0.2756792135840638
6,0.0,3.0,0.01778279410038923,80.47313381091774,17.928131877784825,65.03403010455337,0.2756730875967901
6,0.0,3.0,0.03162277660168379,80.46397056322498,17.93494376013017,65.06119466620194,0.2756626872922614
6,0.0,3.0,0.05623413251903491,80.44784134312232,17.946943127217228,65.10878175664665,0.27564550653545455
6,0.0,3.0,0.1,80.41967228728392,17.96792575763413,65.19051444264167,0.2756217819609835
6,0.0,3.0,0.1778279410038923,80.37114609816435,18.004142177650778,65.3337108011833,0.27557201262360703
6,0.0,3.0,0.31622776601683794,80.28950753960639,18.06522737327988,65.58922924471392,0.27542978597718193
6,0.0,3.0,0.5623413251903491,80.15755127409481,18.164139421142025,66.01759505800412,0.27514088335363807
6,0.0,3.0,1.0,79.95774146504533,18.313113717146003,66.7188572806025,0.2744818251326715
6,0.0,3.0,1.7782794100389228,79.68410463541626,18.509839993741053,67.80834149713344,0.27297290547245645
6,0.0,3.0,3.1622776601683795,79.35881378565756,18.709443672364124,69.36736243313442,0.26971536780569966
6,0.0,3.0,5.623413251903491,79.03427153021418,18.795543517123612,71.36829746660587,0.263359841614805
6,0.0,3.0,10.0,78.7639086171407,18.595180634869703,73.61404791775668,0.25260369672436256
6,0.0,3.0,17.78279410038923,78.56827725263372,17.971325092903257,75.78924763275614,0.23712235777804505
6,0.0,3.0,31.622776601683793,78.43640935585147,16.933000274837273,77.60614373491121,0.21819149180607905
6,0.0,3.0,56.23413251903491,78.34932631844677,15.648544066731517,78.91670104689995,0.19829191868311422
6,0.0,3.0,100.0,78.2929421338788,14.347278848275685,79.73881598857027,0.1799284159214531
6,0.0,3.0,177.82794100389228,78.25790865428054,13.20839261340529,80.20254075571752,0.16468795737576034
6,0.0,3.0,316.22776601683796,78.23725400722067,12.314979773003744,80.44993773829259,0.15307631204221622
6,0.0,3.0,562.341325190349,78.22564443014365,11.669518830841826,80.5765071272311,0.14482532498480657
6,0.0,3.0,1000.0,78.21932874906491,11.231216205372707,80.6416259652764,0.1392731864088253
6,0.0,3.0,1778.2794100389228,78.21593454781825,10.947150264268663,80.6741355214697,0.13569591038698287
6,0.0,3.0,3162.2776601683795,78.21409057099042,10.769395505608207,80.68933107013517,0.13346740346933164
6,0.0,3.0,5623.413251903491,78.21305506934368,10.661061680634706,80.69731740027413,0.13211172346354216
6,0.0,3.0,10000.0,78.21244371630443,10.596331597203669,80.70166925223275,0.13130250830481432
6,0.0,3.0,17782.794100389227,78.21206147643042,10.558224502936358,80.70262803403244,0.1308287568836536
6,0.0,3.0,31622.776601683792,78.21180921681841,10.53603720275885,80.70392777248017,0.13055172769858187
6,0.0,3.0,56234.13251903491,78.21163529392686,10.523223881188503,80.7041257902627,0.1303926382715142
6,0.0,3.0,100000.0,78.2115115475421,10.515868567366018,80.70376002471272,0.13030208956987752
6,0.0,3.0,177827.94100389228,78.21142164294625,10.511664396393773,80.70369867906528,0.13025009470997792
6,0.0,3.0,316227.7660168379,78.21135546215525,10.509266775602063,80.70347006249709,0.13022075466474545
6,0.0,3.0,562341.3251903491,78.21130635563676,10.507902270032618,80.70332392143251,0.13020408279914747
6,0.0,3.0,1000000.0,78.21126973473015,10.507130140088382,80.70298626831983,0.1301950600087395
6,1.0,0.1,0.0,15.498006664137076,241.16063985295082,260.373354758828,0.9262109023264956
6,1.0,0.1,0.0001,15.49800645886341,241.16062757708013,260.37334123670024,0.9262109032807848
6,1.0,0.1,0.00017782794100389227,15.498006299103205,241.16061802303227,260.3733307127165,0.9262109040234899
6,1.0,0.1,0.00031622776601683794,15.498006015005116,241.16060103327757,260.3733119981432,0.9262109053442364
6,1.0,0.1,0.0005623413251903491,15.49800550979973,241.1605708207755,260.37327871843064,0.9262109076929054
6,1.0,0.1,0.001,15.498004611404786,241.16051709460172,260.3732195378946,0.9262109118695416
6,1.0,0.1,0.0017782794100389228,15.498003013811863,241.1604215547607,260.3731142986561,0.9262109192969215
6,1.0,0.1,0.0031622776601683794,15.498000172858934,241.16025165919362,260.3729271548045,0.9262109325053293
6,1.0,0.1,0.005623413251903491,15.497995120894123,241.15994954045635,260.37259436365764,0.9262109559949795
6,1.0,0.1,0.01,15.497986137225983,241.15941229857532,260.3720025772232,0.9262109977705852
6,1.0,0.1,0.01778279410038923,15.497970162186638,241.15845696291353,260.37095024471193,0.9262110720733577
6,1.0,0.1,0.03162277660168379,15.497941755471489,241.1567582056612,260.36907899554666,0.9262112042489727
6,1.0,0.1,0.05623413251903491,15.497891244721641,241.15373764569654,260.36575168282184,0.9262114394349015
6,1.0,0.1,0.1,15.497801436174893,241.148367210665,260.3598357115984,0.9262118581062018
6,1.0,0.1,0.1778279410038923,15.497641774729194,241.13882012579518,260.3493183716632,0.9262126040274707
6,1.0,0.1,0.31622776601683794,15.497357988730965,241.1218523778139,260.33062479913735,0.9262139349293065
6,1.0,0.1,0.5623413251903491,15.496853769618642,241.0917094212865,260.29741145609955,0.92621631568529
6,1.0,0.1,1.0,15.495958489557996,241.03820289888742,260.23844055507516,0.9262205936400686
6,1.0,0.1,1.7782794100389228,15.494370724618337,240.94335613881148,260.13386286586166,0.9262283406103657
6,1.0,0.1,3.1622776601683795,15.491560726507016,240.77564382164337,259.9488033188141,0.92624255525556
6,1.0,0.1,5.623413251903491,15.486605959035339,240.48038197795077,259.6225604410348,0.9262692023737606
6,1.0,0.1,10.0,15.477925843871914,239.9645627036929,259.051244059036,0.9263208272761919
6,1.0,0.1,17.78279410038923,15.462889951806599,239.0755468854606,258.06241743272125,0.9264252782867515
6,1.0,0.1,31.622776601683793,15.437342540273606,237.57889904214275,256.3847516967717,0.9266498786290116
6,1.0,0.1,56.23413251903491,15.39530829214023,235.15825568785522,253.63399388918432,0.9271559071478354
6,1.0,0.1,100.0,15.329592749047517,231.49479099529458,249.3668565199699,0.9283302289081705
6,1.0,0.1,177.82794100389228,15.234325927786895,226.50597422831308,243.29356450788973,0.930998625822541
6,1.0,0.1,316.22776601683796,15.109415729967695,220.70896375340877,235.69680361256718,0.9364105086304222
6,1.0,0.1,562.341325190349,14.963771323635196,215.32942407028608,227.77976191590983,0.9453404563210489
6,1.0,0.1,1000.0,14.813302650394348,211.68024556808504,221.33927935685233,0.9563609594427449
6,1.0,0.1,1778.2794100389228,14.674407392311714,210.21661024285171,217.46460009004886,0.9666704840962811
6,1.0,0.1,3162.2776601683795,14.557433096830021,210.40100391109752,215.81054963424202,0.9749338216676031
6,1.0,0.1,5623.413251903491,14.464661595461958,211.41377080024267,215.47056881234116,0.981172379901073
6,1.0,0.1,10000.0,14.39332186916272,212.68513662197896,215.73161991512316,0.9858783645422826
6,1.0,0.1,17782.794100389227,14.339211769710595,213.92945761988366,216.2260732850893,0.9893786367651527
6,1.0,0.1,31622.776601683792,14.298417212143116,215.02817626501192,216.7414600730036,0.9920952649879973
6,1.0,0.1,56234.13251903491,14.267746092073677,215.94646850843804,217.23492324650246,0.9940688416079289
6,1.0,0.1,100000.0,14.244716229250086,216.68880683136499,217.6677402840724,0.9955026250034579
6,1.0,0.1,177827.94100389228,14.227434881050957,217.27602947962785,217.99704183847254,0.9966925589780299
6,1.0,0.1,316227.7660168379,14.21447125929919,217.73369228890505,218.28030271399126,0.997495832568079
6,1.0,0.1,562341.3251903491,14.204748149401766,218.08669931426934,218.49136554948646,0.9981479074278317
6,1.0,0.1,1000000.0,14.197456128094284,218.35699090056428,218.62652209653166,0.9987671614889965
6,1.0,1.0,0.0,8.910228563951124,18.08625065907277,27.19655480830085,0.6650199183888005
6,1.0,1.0,0.0001,8.910216376127796,18.08631508972119,27.196592334958023,0.6650213698454184
6,1.0,1.0,0.00017782794100389227,8.910206890753015,18.086365234404223,27.196621540755398,0.6650224994785093
6,1.0,1.0,0.00031622776601683794,8.910190023446726,18.08645440487109,27.196673475898873,0.6650245082693268
6,1.0,1.0,0.0005623413251903491,8.910160029739602,18.086612972376212,27.196765828169212,0.6650280804213453
6,1.0,1.0,0.001,8.91010669595132,18.086894941799994,27.196930047059432,0.665034432581319
6,1.0,1.0,0.0017782794100389228,8.910011864335168,18.087396337222614,27.197222044880654,0.6650457281032205
6,1.0,1.0,0.0031622776601683794,8.909843261246781,18.088287879340903,27.197741206115232,0.6650658134534302
6,1.0,1.0,0.005623413251903491,8.909543545385247,18.08987304046266,27.19866412750817,0.6651015268859081
6,1.0,1.0,0.01,8.90901090663826,18.092691110081454,27.200304415735236,0.665165022918454
6,1.0,1.0,0.01778279410038923,8.908064799142961,18.097699930013803,27.20321838819572,0.6652778973339026
6,1.0,1.0,0.03162277660168379,8.90638574036327,18.106599133109114,27.208391035145308,0.665478495575893
6,1.0,1.0,0.05623413251903491,8.90341056052187,18.122399559032182,27.217560423557085,0.665834824172818
6,1.0,1.0,0.1,8.898153291133502,18.150418956890082,27.233774949988963,0.6664672448171728
6,1.0,1.0,0.1778279410038923,8.888908650463948,18.2000002262662,27.26232365369645,0.6675880037759913
6,1.0,1.0,0.31622776601683794,8.872790749144205,18.287406566448105,27.316876165826216,0.6694545326279254
6,1.0,1.0,0.5623413251903491,8.845102777859006,18.440491215891324,27.409413484918726,0.6727794896464201
6,1.0,1.0,1.0,8.79872410947696,18.70563430704049,27.573107295771525,0.6784013896725051
6,1.0,1.0,1.7782794100389228,8.724205724628911,19.156459683188622,27.8564445975388,0.6876850208257069
6,1.0,1.0,3.1622776601683795,8.612054684336892,19.90093594877869,28.33965415409788,0.7022293158754388
6,1.0,1.0,5.623413251903491,8.458622717339589,21.078483023772367,29.13652584258815,0.7234384475915266
6,1.0,1.0,10.0,8.273485104217553,22.836292175005095,30.39189414993517,0.7513941731418478
6,1.0,1.0,17.78279410038923,8.080385067273433,25.283926429259612,32.22604626034039,0.7845804671476491
6,1.0,1.0,31.622776601683793,7.906732436410806,28.445684534053047,34.69595467798641,0.819855939923193
6,1.0,1.0,56.23413251903491,7.770324762133063,32.23727865396259,37.761496482701986,0.8537076561234812
6,1.0,1.0,100.0,7.674856120431882,36.47724329892794,41.27093898295486,0.8838481555748768
6,1.0,1.0,177.82794100389228,7.614123125298236,40.92520113443582,45.00621916244958,0.9093232423438333
6,1.0,1.0,316.22776601683796,7.578379654095677,45.331135949818524,48.738776279199904,0.93008358868387
6,1.0,1.0,562.341325190349,7.558622119208295,49.47958773311537,52.28110206536699,0.9464143979071274
6,1.0,1.0,1000.0,7.548226827513427,53.21743094791258,55.4777247364765,0.9592576335943752
6,1.0,1.0,1778.2794100389228,7.542954048679345,56.461684504776485,58.248035121459196,0.9693320021360755
6,1.0,1.0,3162.2776601683795,7.540341455051558,59.19125292825228,60.60529662062205,0.9766679849581231
6,1.0,1.0,5623.413251903491,7.539058143962078,61.43020755723792,62.51397342287326,0.9826636221264604
6,1.0,1.0,10000.0,7.538422406716435,63.22970280615739,64.07987668287554,0.9867325918723976
6,1.0,1.0,17782.794100389227,7.538098496207902,64.65289106725191,65.29760911128326,0.9901264678323429
6,1.0,1.0,31622.776601683792,7.53792534919975,65.7643919243578,66.25729821638163,0.9925607245497076
6,1.0,1.0,56234.13251903491,7.537826740767188,66.62405329740578,66.98673103130801,0.9945858272478959
6,1.0,1.0,100000.0,7.537766577654572,67.28397819369461,67.55163659973539,0.9960377213711824
6,1.0,1.0,177827.94100389228,7.537727476507346,67.78769071044164,67.98121199282456,0.9971533122651102
6,1.0,1.0,316227.7660168379,7.537700757339744,68.17050335558442,68.33100631263908,0.9976510962487468
6,1.0,1.0,562341.3251903491,7.537681839652568,68.46048042053552,68.58205023207923,0.9982273814922079
6,1.0,1.0,1000000.0,7.537668132033863,68.67958021366702,68.76514754350524,0.9987556584564284
6,1.0,3.0,0.0,8.81542521127266,17.698298438216415,26.60718653659362,0.6651698560415413
6,1.0,3.0,0.0001,8.815413482712163,17.69836181888458,26.607224000212398,0.6651713015511614
6,1.0,3.0,0.00017782794100389227,8.815404354767026,17.698411146398634,26.607253156954535,0.665172426555902
6,1.0,3.0,0.00031622776601683794,8.81538812305931,17.698498863730034,26.607305004877347,0.6651744271163783
6,1.0,3.0,0.0005623413251903491,8.815359259588705,17.69865484721558,26.607397202087146,0.6651779846330574
6,1.0,3.0,0.001,8.815307935564874,17.698932221724345,26.60756114536939,0.6651843107689166
6,1.0,3.0,0.0017782794100389228,8.815216677517851,17.699425446716955,26.60785265350343,0.6651955600177487
6,1.0,3.0,0.0031622776601683794,8.81505442811564,17.700302461465164,26.608370945267556,0.6652155630975695
6,1.0,3.0,0.005623413251903491,8.81476600734743,17.701861794990513,26.60929232469693,0.6652511302813136
6,1.0,3.0,0.01,8.814253443257341,17.704633955282265,26.61092988417787,0.6653143664028425
6,1.0,3.0,0.01778279410038923,8.813342998790084,17.709561196766224,26.61383904612251,0.6654267791307774
6,1.0,3.0,0.03162277660168379,8.811727247257494,17.718315523696514,26.61900327097976,0.6656265579640676
6,1.0,3.0,0.05623413251903491,8.80886429320128,17.733858928250594,26.62815809921369,0.6659814344715891
6,1.0,3.0,0.1,8.803805482637253,17.76142318623691,26.644348040777658,0.6666112887826741
6,1.0,3.0,0.1778279410038923,8.794910268530863,17.810201094430276,26.673956763785732,0.6677000061202222
6,1.0,3.0,0.31622776601683794,8.77940283652069,17.89619752226255,26.7282194044406,0.6695619057694989
6,1.0,3.0,0.5623413251903491,8.752766674049749,18.046832400766238,26.820116666270184,0.6728841870946258
6,1.0,3.0,1.0,8.708155837985428,18.307791874282625,26.98416160311858,0.6784643578537856
6,1.0,3.0,1.7782794100389228,8.63648130715307,18.751677564188782,27.266917059549932,0.6877080207944234
6,1.0,3.0,3.1622776601683795,8.528573189619182,19.485168076377388,27.74947946136613,0.702181390591682
6,1.0,3.0,5.623413251903491,8.380748826887784,20.646481091927928,28.543340836228534,0.7233379305663636
6,1.0,3.0,10.0,8.20184786132318,22.38229866334426,29.793713619625564,0.7512423241056029
6,1.0,3.0,17.78279410038923,8.01442997845653,24.802568116782766,31.619083374937986,0.7844176829123976
6,1.0,3.0,31.622776601683793,7.845174155102607,27.93214864424399,34.07513770091503,0.8197222529050534
6,1.0,3.0,56.23413251903491,7.7119167835332325,31.68698702538287,37.121221488690324,0.8536084146648273
6,1.0,3.0,100.0,7.618661518410895,35.88616776345764,40.60649158552687,0.883754453099522
6,1.0,3.0,177.82794100389228,7.559466573209314,40.29074732457739,44.31120472900902,0.9092677026269255
6,1.0,3.0,316.22776601683796,7.524782646050193,44.652786887315976,48.00135819848618,0.9302400715970615
6,1.0,3.0,562.341325190349,7.505754634239784,48.75898479228632,51.521710283967856,0.9463774498856025
6,1.0,3.0,1000.0,7.49586566661446,52.457984711230694,54.67975760052277,0.959367543186204
6,1.0,3.0,1778.2794100389228,7.490949088800663,55.66794315315455,57.43349300736363,0.9692592290358744
6,1.0,3.0,3162.2776601683795,7.488590950638799,58.36824942238316,59.753508274877504,0.9768171126267282
6,1.0,3.0,5623.413251903491,7.487491993969944,60.582930130029176,61.669474020314375,0.9823811714377962
6,1.0,3.0,10000.0,7.4869913458493205,62.362741885038666,63.1951249825975,0.9868283653559028
6,1.0,3.0,17782.794100389227,7.486767246610792,63.77025544619575,64.39485042869465,0.9903005445568892
6,1.0,3.0,31622.776601683792,7.486668261875633,64.8694485151181,65.35320712381476,0.992597783184838
6,1.0,3.0,56234.13251903491,7.486624958260046,65.71955265005245,66.09280819958595,0.9943525542384831
6,1.0,3.0,100000.0,7.486606131202079,66.37211942489725,66.6362596062181,0.996036089317111
6,1.0,3.0,177827.94100389228,7.486597967728117,66.87020432448749,67.08268920554174,0.9968324930981345
6,1.0,3.0,316227.7660168379,7.486594423027326,67.24872067754497,67.39770317055698,0.9977895019265717
6,1.0,3.0,562341.3251903491,7.486592872351327,67.5354489982959,67.651193565978,0.9982890979215434
6,1.0,3.0,1000000.0,7.486592183626432,67.7520930476995,67.83654667770207,0.9987550423165876
6,2.0,0.1,0.0,4.063835535605945,62.410344768698764,68.21738096094865,0.9148745362186487
6,2.0,0.1,0.0001,4.063835500079834,62.410343574951646,68.21737900561342,0.9148745449428081
6,2.0,0.1,0.00017782794100389227,4.063835472430605,62.41034264588506,68.21737748381828,0.9148745517326476
6,2.0,0.1,0.00031622776601683794,4.063835423262571,62.4103409937465,68.21737477764269,0.9148745638068828
6,2.0,0.1,0.0005623413251903491,4.06383533582813,62.410338055786795,68.21736996531068,0.9148745852782535
6,2.0,0.1,0.001,4.063835180345451,62.41033283128702,68.21736140765354,0.9148746234603702
6,2.0,0.1,0.0017782794100389228,4.06383490385442,62.410323540710735,68.21734618979217,0.9148746913589204
6,2.0,0.1,0.0031622776601683794,4.063834412178036,62.410307019607366,68.2173191283231,0.9148748121017156
6,2.0,0.1,0.005623413251903491,4.063833537846152,62.41027764090373,68.21727100591508,0.9148750268167745
6,2.0,0.1,0.01,4.063831983059053,62.41022539873311,68.21718543223541,0.9148754086421415
6,2.0,0.1,0.01778279410038923,4.063829218274184,62.41013250189914,68.21703326277313,0.9148760876406673
6,2.0,0.1,0.03162277660168379,4.063824301907086,62.40996731910294,68.21676267702314,0.9148772951098124
6,2.0,0.1,0.05623413251903491,4.063815559842695,62.40967362135385,68.21628154445142,0.9148794423906874
6,2.0,0.1,0.1,4.063800015938178,62.409151481957714,68.21542609698562,0.9148832610563363
6,2.0,0.1,0.1778279410038923,4.0637723806295885,62.408223406120165,68.21390531708373,0.9148900523437767
6,2.0,0.1,0.31622776601683794,4.063723256597854,62.40657439913949,68.21120235093392,0.9149021311495038
6,2.0,0.1,0.5623413251903491,4.06363596121346,62.403646334733686,68.20640016137418,0.9149236169492693
6,2.0,0.1,1.0,4.0634809177652755,62.39845308359303,68.19787453805425,0.9149618445773533
6,2.0,0.1,1.7782794100389228,4.063205812817138,62.38926108048787,68.18275775224552,0.915029886400175
6,2.0,0.1,3.1622776601683795,4.062718503522671,62.37305033637139,68.15601465367043,0.9151510787905555
6,2.0,0.1,5.623413251903491,4.0618578919728066,62.344645521976695,68.10889201120654,0.9153671962791379
6,2.0,0.1,10.0,4.060345997587769,62.29544134199956,68.02644112461775,0.9157533499052294
6,2.0,0.1,17.78279410038923,4.057714156356512,62.21192415120352,67.88393545177038,0.9164454555732605
6,2.0,0.1,31.622776601683793,4.053203857718204,62.075192423333604,67.64374004974142,0.9176783007220917
6,2.0,0.1,56.23413251903491,4.045672576999177,61.86527512646696,67.25640393507922,0.9198421489525939
6,2.0,0.1,100.0,4.033605418228658,61.57839253120152,66.66978739422844,0.9236326518799177
6,2.0,0.1,177.82794100389228,4.0154251008314255,61.265472181027185,65.88421196715706,0.9298961063929505
6,2.0,0.1,316.22776601683796,3.99026681149684,61.076979178417574,65.02947028138597,0.9392200015490553
6,2.0,0.1,562.341325190349,3.95903830715954,61.24588693772813,64.41702378419986,0.9507717578338424
6,2.0,0.1,1000.0,3.924966364932846,61.946326150063825,64.38093786277545,0.9621842769998027
6,2.0,0.1,1778.2794100389228,3.8925266730183723,63.133257883312254,64.9739125953386,0.9716708654519537
6,2.0,0.1,3162.2776601683795,3.865043707055409,64.57066603200316,65.96310373194999,0.9788906582442636
6,2.0,0.1,5623.413251903491,3.8434251258535306,66.01385359903672,67.06818671339836,0.9842796836171058
6,2.0,0.1,10000.0,3.8269872735525357,67.3187168938476,68.1205431560066,0.9882293031586271
6,2.0,0.1,17782.794100389227,3.814635221047947,68.43032649956493,69.03349322601711,0.9912626944072291
6,2.0,0.1,31622.776601683792,3.80538341505997,69.34303353562183,69.80380130728723,0.9933991020111207
6,2.0,0.1,56234.13251903491,3.7984569122080547,70.07412676852331,70.42223540370267,0.9950568363360834
6,2.0,0.1,100000.0,3.793269715619027,70.64964742768882,70.90123141807702,0.9964516273503812
6,2.0,0.1,177827.94100389228,3.7893834859543993,71.09704586315304,71.29300814931705,0.9972513112961431
6,2.0,0.1,316227.7660168379,3.786470971850943,71.4416633963961,71.5859040981675,0.9979850683791937
6,2.0,0.1,562341.3251903491,3.7842877009127163,71.70531259076193,71.80353738594407,0.9986320340367888
6,2.0,0.1,1000000.0,3.782650840149514,71.9060124553839,71.99012931743272,0.9988315500632328
6,2.0,1.0,0.0,2.880134444665518,10.654280751070962,15.492805852999055,0.6876921360896378
6,2.0,1.0,0.0001,2.8801311653173243,10.65429026693136,15.492800407710693,0.6876929920060657
6,2.0,1.0,0.00017782794100389227,2.880128613101369,10.65429767292304,15.49279616980139,0.6876936581461282
6,2.0,1.0,0.00031622776601683794,2.8801240746198045,10.654310842831814,15.492788633714742,0.6876948427248507
6,2.0,1.0,0.0005623413251903491,2.880116004157624,10.654334262565776,15.49277523276347,0.6876969492227859
6,2.0,1.0,0.001,2.8801016533359816,10.654375909258297,15.49275140312813,0.6877006951203696
6,2.0,1.0,0.0017782794100389228,2.8800761358263727,10.654449968276836,15.492709030541103,0.6877073562327605
6,2.0,1.0,0.0031622776601683794,2.88003076571299,10.654581664521556,15.492633690241904,0.6877192011086137
6,2.0,1.0,0.005623413251903491,2.879950107572179,10.654815852866,15.492499745750237,0.6877402632063127
6,2.0,1.0,0.01,2.8798067462756,10.65523229132665,15.492261654920146,0.6877777130715246
6,2.0,1.0,0.01778279410038923,2.8795520354105464,10.65597279139934,15.491838578472068,0.6878442953961065
6,2.0,1.0,0.03162277660168379,2.8790998002262196,10.657289468324747,15.491087226334923,0.6879626531446613
6,2.0,1.0,0.05623413251903491,2.8782978429106567,10.65963044573468,15.489754251113881,0.6881729866675023
6,2.0,1.0,0.1,2.8768787875043818,10.663791947709786,15.487393714136276,0.6885465782390682
6,2.0,1.0,0.1778279410038923,2.874377351608139,10.671187735731385,15.484262843428274,0.6891634328114223
6,2.0,1.0,0.31622776601683794,2.869997429865581,10.684324839465678,15.477789997305633,0.6903004137751966
6,2.0,1.0,0.5623413251903491,2.8624173753168534,10.707637936348291,15.464767453260036,0.6923891981376724
6,2.0,1.0,1.0,2.849558871991031,10.748932306937304,15.44798321638298,0.6958146028756548
6,2.0,1.0,1.7782794100389228,2.8284618431880326,10.821802882870326,15.422725498484558,0.7016790180136241
6,2.0,1.0,3.1622776601683795,2.7956414177251525,10.949410788015385,15.392553709256681,0.7113446537094552
6,2.0,1.0,5.623413251903491,2.748470824661126,11.169449242786197,15.37533693600165,0.7264523235671483
6,2.0,1.0,10.0,2.687540540053774,11.538048982993768,15.41581950259418,0.7484551165802208
6,2.0,1.0,17.78279410038923,2.618217312124618,12.126572715080322,15.597217293455495,0.7774830911773322
6,2.0,1.0,31.622776601683793,2.549109167494246,13.004340535848376,16.026707140166213,0.8114168694863609
6,2.0,1.0,56.23413251903491,2.4882651986261473,14.21012121440181,16.781621243237783,0.8467668891125659
6,2.0,1.0,100.0,2.4403647615868334,15.72949522469539,17.88426202262382,0.879516035092607
6,2.0,1.0,177.82794100389228,2.4062447323987777,17.493406745168002,19.27140875044781,0.9077388670281568
6,2.0,1.0,316.22776601683796,2.3839998772831406,19.39628538182723,20.85496767170357,0.9300558834308092
6,2.0,1.0,562.341325190349,2.3705660118868392,21.321690648228074,22.502639654167268,0.9475195344151328
6,2.0,1.0,1000.0,2.362960074505852,23.16510360533633,24.10878232138457,0.9608574707976357
6,2.0,1.0,1778.2794100389228,2.3588747378987756,24.84854523389354,25.594177805729313,0.9708671019832932
6,2.0,1.0,3162.2776601683795,2.3567680926172945,26.325772485296156,26.913093363837568,0.978177132200991
6,2.0,1.0,5623.413251903491,2.3557120277431314,27.57976588479613,28.038296190815547,0.9836462849632919
6,2.0,1.0,10000.0,2.3551900981281397,28.615787300973437,28.970088186314875,0.9877701136750835
6,2.0,1.0,17782.794100389227,2.3549316010317383,29.453251821524805,29.724927146713586,0.9908603535393755
6,2.0,1.0,31622.776601683792,2.3548008424469766,30.118594189924135,30.325558233339553,0.9931752602269368
6,2.0,1.0,56234.13251903491,2.3547319070713923,30.640064215825035,30.791305331226344,0.9950881875979473
6,2.0,1.0,100000.0,2.354693366151223,31.04448812280078,31.158123663986164,0.9963529401702474
6,2.0,1.0,177827.94100389228,2.3546703078985907,31.35560202235232,31.440311605595884,0.9973057015367338
6,2.0,1.0,316227.7660168379,2.3546555797551827,31.593454628397595,31.656973699094085,0.997993520438806
6,2.0,1.0,562341.3251903491,2.3546456486662577,31.77443603503573,31.824415318441794,0.9984295301922765
6,2.0,1.0,1000000.0,2.354638681612928,31.911654321577355,31.945848020411486,0.9989296355879399
6,2.0,3.0,0.0,2.838806216064388,10.455887653870455,15.215733024129129,0.6871760721149284
6,2.0,3.0,0.0001,2.8388029116300424,10.455896446080553,15.21573059311875,0.6871767597416051
6,2.0,3.0,0.00017782794100389227,2.8388003398909154,10.45590328887167,15.215728695484627,0.6871772951613243
6,2.0,3.0,0.00031622776601683794,2.8387957666935306,10.455915457255754,15.215725322627643,0.6871782472115562
6,2.0,3.0,0.0005623413251903491,2.838787634502742,10.455937096009476,15.2157193099447,0.6871799408901871
6,2.0,3.0,0.001,2.838773173928782,10.455975575654639,15.21570856584833,0.6871829550628411
6,2.0,3.0,0.0017782794100389228,2.8387474613070336,10.456044002882853,15.21568930538494,0.687188322068484
6,2.0,3.0,0.0031622776601683794,2.838701744413606,10.456165684562245,15.215654597280091,0.6871978867364248
6,2.0,3.0,0.005623413251903491,2.8386204701819215,10.456382065259472,15.215591576438205,0.6872149539983374
6,2.0,3.0,0.01,2.838476015138649,10.45676684006274,15.215476727795808,0.6872454295802771
6,2.0,3.0,0.01778279410038923,2.83821936507709,10.457451043791327,15.2152635739775,0.6873000255924973
6,2.0,3.0,0.03162277660168379,2.837763699703981,10.458667643261634,15.214851616997858,0.6873985962227414
6,2.0,3.0,0.05623413251903491,2.836955699870854,10.460830759985575,15.214001010792908,0.6875792076367417
6,2.0,3.0,0.1,2.8355260783277356,10.46467630848337,15.212113608981682,0.6879173123125188
6,2.0,3.0,0.1778279410038923,2.8330064078476176,10.471511297137813,15.207646796153435,0.6885688126177705
6,2.0,3.0,0.31622776601683794,2.828595752219611,10.4836544908252,15.198536845718108,0.6897805096139085
6,2.0,3.0,0.5623413251903491,2.8209660658659894,10.50521079679588,15.186297159673657,0.6917559090501578
6,2.0,3.0,1.0,2.808033527072448,10.543415135162205,15.164905833951945,0.6952509465345366
6,2.0,3.0,1.7782794100389228,2.7868421465675413,10.610899556822563,15.134121628762792,0.7011242421004648
6,2.0,3.0,3.1622776601683795,2.753940552285602,10.729274686984704,15.096671306762092,0.7107046625688177
6,2.0,3.0,5.623413251903491,2.7067931317557927,10.933960001140742,15.064376014652758,0.7258156587770738
6,2.0,3.0,10.0,2.646151068207856,11.278323640148425,15.082285004333341,0.7477861369751343
6,2.0,3.0,17.78279410038923,2.5775607400399756,11.831523484845286,15.232271908886451,0.7767405647441744
6,2.0,3.0,31.622776601683793,2.50969093792305,12.662893631722591,15.61927054419992,0.8107224723388152
6,2.0,3.0,56.23413251903491,2.4504080536461896,13.81412913557553,16.32470045969269,0.8462102670541485
6,2.0,3.0,100.0,2.4040473327583936,15.275188756789907,17.374870973411618,0.8791540829376628
6,2.0,3.0,177.82794100389228,2.3711794054877022,16.980747292148955,18.719010952615204,0.9071391290455226
6,2.0,3.0,316.22776601683796,2.3498276016704214,18.827581492881276,20.248878556471517,0.9298086034924637
6,2.0,3.0,562.341325190349,2.3369852123243766,20.70066186845319,21.853752277714474,0.947236044656864
6,2.0,3.0,1000.0,2.329759074073019,22.49645428067438,23.413961778647504,0.9608136586773688
6,2.0,3.0,1778.2794100389228,2.3259172448217034,24.1376836961936,24.86519995342962,0.9707415883001708
6,2.0,3.0,3162.2776601683795,2.3239694121333883,25.57847685252826,26.146131006416773,0.9782891719715932
6,2.0,3.0,5623.413251903491,2.3230197194199635,26.801809505831528,27.24719329056938,0.9836539573089899
6,2.0,3.0,10000.0,2.322571111967332,27.812607345794422,28.158118219109113,0.9877296177739529
6,2.0,3.0,17782.794100389227,2.3223644640722334,28.62972025893389,28.888516191876096,0.9910415636710693
6,2.0,3.0,31622.776601683792,2.322271110855476,29.278903940006447,29.475187507315724,0.9933407186210246
6,2.0,3.0,56234.13251903491,2.322229547935681,29.78770916870236,29.940201659916944,0.9949067647256786
6,2.0,3.0,100000.0,2.3222112284566645,30.18230871376195,30.297581468943772,0.99619531495278
6,2.0,3.0,177827.94100389228,2.322203198994994,30.48586318982344,30.57417712445772,0.9971114861317516
6,2.0,3.0,316227.7660168379,2.3221996817031223,30.71793253286405,30.784478329520354,0.9978383328135696
6,2.0,3.0,562341.3251903491,2.3221981319647296,30.894513005318878,30.944378845355317,0.9983885331715449
6,2.0,3.0,1000000.0,2.322197438838163,31.02839908974704,31.066109196370554,0.998786133584185
7,-2.0,0.1,0.0,114.09532596171574,1895.5537293264463,2018.2036071216253,0.9392281941413716
7,-2.0,0.1,0.0001,114.09532578427887,1895.5537624603323,2018.2036249284417,0.9392282022719793
7,-2.0,0.1,0.00017782794100389227,114.09532564618345,1895.553788247785,2018.2036387871613,0.9392282085998602
7,-2.0,0.1,0.00031622776601683794,114.09532540061113,1895.5538341050753,2018.203663431832,0.9392282198526
7,-2.0,0.1,0.0005623413251903491,114.09532496391526,1895.5539156521206,2018.2037072569208,0.9392282398631098
7,-2.0,0.1,0.001,114.09532418734851,1895.5540606654565,2018.2037851901046,0.9392282754473701
7,-2.0,0.1,0.0017782794100389228,114.09532280639739,1895.5543185394192,2018.2039237768674,0.9392283387260878
7,-2.0,0.1,0.0031622776601683794,114.09532035068612,1895.5547771104723,2018.2041702222155,0.939228451253156
7,-2.0,0.1,0.005623413251903491,114.09531598376253,1895.5555925750527,2018.2046084688702,0.9392286513571751
7,-2.0,0.1,0.01,114.09530821820711,1895.5570426898362,2018.2053877874591,0.9392290071962986
7,-2.0,0.1,0.01778279410038923,114.09529440905312,1895.5596213703457,2018.206773613409,0.9392296399721842
7,-2.0,0.1,0.03162277660168379,114.09526985306725,1895.5642068938819,2018.2092379351222,0.9392307652071192
7,-2.0,0.1,0.05623413251903491,114.09522618739666,1895.5723609484933,2018.2136199851705,0.9392327661342518
7,-2.0,0.1,0.1,114.09514854311516,1895.586860226907,2018.221411854176,0.9392363241679205
7,-2.0,0.1,0.1778279410038923,114.09501048721948,1895.612641121144,2018.2352659498329,0.9392426507962244
7,-2.0,0.1,0.31622776601683794,114.09476504005454,1895.6584776689915,2018.259896003013,0.9392538995711985
7,-2.0,0.1,0.5623413251903491,114.0943287395986,1895.7399591433648,2018.3036748943007,0.9392738975430174
7,-2.0,0.1,1.0,114.09355342266937,1895.8847652578372,2018.381462111287,0.9393094421679267
7,-2.0,0.1,1.7782794100389228,114.09217642027832,1896.1419846367392,2018.5195879116534,0.939372595635039
7,-2.0,0.1,3.1622776601683795,114.0897331741892,1896.5984898838979,2018.7645789574585,0.9394847272698581
7,-2.0,0.1,5.623413251903491,114.08540554885093,1897.407445140023,2019.198245661641,0.939683584421048
7,-2.0,0.1,10.0,114.07776359440281,1898.8371052765933,2019.9631865008039,0.9400355006300694
7,-2.0,0.1,17.78279410038923,114.0643415847457,1901.3518174579863,2021.3041251885545,0.9406559823255797
7,-2.0,0.1,31.622776601683793,114.04098949212087,1905.738939732321,2023.744810061015,0.9416893524608292
7,-2.0,0.1,56.23413251903491,114.00102130118513,1913.2861780075202,2027.9547494902874,0.9434560502340654
7,-2.0,0.1,100.0,113.93449829780475,1925.9712620411535,2035.3745203813055,0.9462490773837257
7,-2.0,0.1,177.82794100389228,113.82878072613863,1946.515596642996,2048.0386290432616,0.9504291418332808
7,-2.0,0.1,316.22776601683796,113.6726195050629,1977.9792684210424,2068.834069889884,0.9560840558500288
7,-2.0,0.1,562.341325190349,113.46547230407518,2022.5234393413805,2100.708870962289,0.9627814055047554
7,-2.0,0.1,1000.0,113.22702004492749,2079.50876539446,2144.6256752141007,0.969637167654845
7,-2.0,0.1,1778.2794100389228,112.99280292014004,2144.416064556535,2197.49345609621,0.9758463938118087
7,-2.0,0.1,3162.2776601683795,112.79294017772561,2210.4326023162494,2252.9839317115166,0.9811133453743976
7,-2.0,0.1,5623.413251903491,112.63733546315191,2271.7043470155445,2305.3433413367884,0.9854082497309326
7,-2.0,0.1,10000.0,112.52105889631223,2325.0562642493915,2351.5768413304863,0.9887222154024574
7,-2.0,0.1,17782.794100389227,112.43512921698364,2369.5817361793047,2390.154220951658,0.9913928211861734
7,-2.0,0.1,31622.776601683792,112.37159230474474,2405.679188448109,2421.569956624605,0.993437824031049
7,-2.0,0.1,56234.13251903491,112.32444716682224,2434.3491938897646,2446.4347468831083,0.9950599324144078
7,-2.0,0.1,100000.0,112.28934385062267,2456.7841211257255,2465.9942710739942,0.9962651373296754
7,-2.0,0.1,177827.94100389228,112.26313845124186,2474.1507599601578,2480.9427459719104,0.9972623366569905
7,-2.0,0.1,316227.7660168379,112.24354115703534,2487.4858951888755,2492.8086170926463,0.9978647691333887
7,-2.0,0.1,562341.3251903491,112.2288693157242,2497.66297978195,2501.200860071379,0.998585527317735
7,-2.0,0.1,1000000.0,112.21787745650977,2505.3987994790446,2508.4061017116755,0.9988011103024431
7,-2.0,1.0,0.0,47.08096946216004,5.771190809035625,93.9678267255678,0.061416667918588096
7,-2.0,1.0,0.0001,47.08080026111815,5.771161157889626,93.96764109042181,0.06141647370222093
7,-2.0,1.0,0.00017782794100389227,47.080668577686545,5.771138085258058,93.96749661619384,0.06141632259109787
7,-2.0,1.0,0.00031622776601683794,47.080434412629934,5.771097064851832,93.96723970451222,0.06141605396731377
7,-2.0,1.0,0.0005623413251903491,47.08001801715818,5.771024148134094,93.96678285597048,0.06141557657645628
7,-2.0,1.0,0.001,47.07927759844476,5.770894573614996,93.96597049023299,0.061414728582139574
7,-2.0,1.0,0.0017782794100389228,47.07796108132792,5.7706644440897765,93.96452599906263,0.06141322358341214
7,-2.0,1.0,0.0031622776601683794,47.075620433662074,5.770256126792951,93.96195767616443,0.061410556671029286
7,-2.0,1.0,0.005623413251903491,47.071459649408325,5.76953292355467,93.95739170057237,0.06140584385251217
7,-2.0,1.0,0.01,47.06406548262095,5.768256023736078,93.94927597563914,0.0613975569671423
7,-2.0,1.0,0.01778279410038923,47.05093196744652,5.766014242720884,93.93485612443713,0.06138311677491202
7,-2.0,1.0,0.03162277660168379,47.02762542119845,5.762118821237746,93.90925200845464,0.06135837202407898
7,-2.0,1.0,0.05623413251903491,46.98633260832019,5.755477997607549,93.86384167238589,0.06131730701685921
7,-2.0,1.0,0.1,46.91338169149369,5.744564546347202,93.78346893032477,0.06125348754816323
7,-2.0,1.0,0.1778279410038923,46.785149255992806,5.727936792039332,93.64172778758312,0.06116863632666606
7,-2.0,1.0,0.31622776601683794,46.561728790272355,5.7068664750911555,93.39332862908877,0.061105718779506754
7,-2.0,1.0,0.5623413251903491,46.178400073867806,5.694722679357839,92.96282197823419,0.06125806594695641
7,-2.0,1.0,1.0,45.53776343254678,5.745281815111841,92.2327328169058,0.06229113720957383
7,-2.0,1.0,1.7782794100389228,44.51281931296457,6.025431890218663,91.04893454154276,0.06617795057743865
7,-2.0,1.0,3.1622776601683795,42.982865337222634,6.962915543078574,89.21746863010348,0.07804430735360685
7,-2.0,1.0,5.623413251903491,40.92275684097938,9.436051850763272,86.61740543167278,0.10893944241041487
7,-2.0,1.0,10.0,38.511185532396034,14.770454238018745,83.32019276780811,0.17727340452968215
7,-2.0,1.0,17.78279410038923,36.12941835524066,24.196832086571387,79.5940689963465,0.3040029538844416
7,-2.0,1.0,31.622776601683793,34.1670497790263,37.97330577105775,75.80419380888327,0.5009393789846991
7,-2.0,1.0,56.23413251903491,32.79965116407816,55.09428308643029,72.18757855955212,0.7632100173713336
7,-2.0,1.0,100.0,31.965818322287497,73.8952633794015,80.02620245701458,0.9233883541967862
7,-2.0,1.0,177.82794100389228,31.502045494056787,92.78872362147285,99.21673695277323,0.9352124094308797
7,-2.0,1.0,316.22776601683796,31.25770892848864,110.59258490072793,116.81183551572099,0.9467583863609775
7,-2.0,1.0,562.341325190349,31.13175102085958,126.56421491235533,132.31305651377116,0.9565512145748255
7,-2.0,1.0,1000.0,31.06630421397268,140.34104043515111,145.41848040971547,0.9650839428368477
7,-2.0,1.0,1778.2794100389228,31.031083558194453,151.8552304646893,156.1541226082595,0.9724701975729789
7,-2.0,1.0,3162.2776601683795,31.011032688591897,161.23902816617624,164.74525182167073,0.9787173007007824
7,-2.0,1.0,5623.413251903491,30.998837755445273,168.73674816953502,171.5641881691591,0.9835196375782324
7,-2.0,1.0,10000.0,30.990938470990535,174.63631029410192,176.8520956774914,0.9874709690326192
7,-2.0,1.0,17782.794100389227,30.985554172259196,179.2240875667147,180.9016137797449,0.9907268587715715
7,-2.0,1.0,31622.776601683792,30.98174808295819,182.75996749531586,184.1220915184185,0.9926020608832462
7,-2.0,1.0,56234.13251903491,30.97899278575803,185.46672160713229,186.4697343164319,0.9946210428572954
7,-2.0,1.0,100000.0,30.97696865395206,187.52816697345068,188.30971226438066,0.9958496814554487
7,-2.0,1.0,177827.94100389228,30.975468608265277,189.09212349539544,189.6424333471479,0.9970981713214727
7,-2.0,1.0,316227.7660168379,30.974351283132965,190.27523396162618,190.68729755936735,0.9978390611067689
7,-2.0,1.0,562341.3251903491,30.973516594475896,191.16828829113786,191.4601290994086,0.9984757097488469
7,-2.0,1.0,1000000.0,30.972892009532888,191.84162841751274,192.10069299618783,0.9986514125762147
7,-2.0,3.0,0.0,44.78438427592112,3.971635023693608,50.61989093783384,0.07845996801081936
7,-2.0,3.0,0.0001,44.78416630848178,3.9716057488762373,50.62004709740089,0.07845914764232136
7,-2.0,3.0,0.00017782794100389227,44.78399667341877,3.9715829674083443,50.62016862559206,0.07845850923144554
7,-2.0,3.0,0.00031622776601683794,44.783695024627534,3.9715424610420667,50.62038473306111,0.07845737407934356
7,-2.0,3.0,0.0005623413251903491,44.783158639618485,3.9714704466356046,50.62076900878393,0.07845535586285657
7,-2.0,3.0,0.001,44.7822048946642,3.971342439384158,50.621452275032105,0.07845176819122855
7,-2.0,3.0,0.0017782794100389228,44.78050917777102,3.971114979001282,50.62266706076695,0.0784453923424144
7,-2.0,3.0,0.0031622776601683794,44.77749469322586,3.970711035563627,50.62482649194207,0.07843406705197582
7,-2.0,3.0,0.005623413251903491,44.77213717447781,3.969994433075584,50.62866403244656,0.07841396783709957
7,-2.0,3.0,0.01,44.76261972473253,3.968725555022569,50.63548024835655,0.07837835319338914
7,-2.0,3.0,0.01778279410038923,44.74572567922347,3.966486323142025,50.64757613838091,0.07831542248546436
7,-2.0,3.0,0.03162277660168379,44.7157797678946,3.962558586948013,50.66900630251115,0.07820478189941588
7,-2.0,3.0,0.05623413251903491,44.66282987824413,3.9557448955387975,50.70686364665668,0.07801202068232467
7,-2.0,3.0,0.1,44.56961179256421,3.944165301200572,50.773400526878,0.07768172429405516
7,-2.0,3.0,0.1778279410038923,44.40674353536703,3.925252476685337,50.889305643768104,0.0771331506105158
7,-2.0,3.0,0.31622776601683794,44.1258735692892,3.8968206323054813,51.0901455385439,0.07627342986066864
7,-2.0,3.0,0.5623413251903491,43.651993174836385,3.8620985524980447,51.42422476095951,0.07510270831404134
7,-2.0,3.0,1.0,42.88024531779394,3.847095218093531,51.951276275538106,0.07405198666707218
7,-2.0,3.0,1.7782794100389228,41.689692726042324,3.950553139771639,52.74413251632031,0.07490033395751161
7,-2.0,3.0,3.1622776601683795,39.99078198374784,4.460099163711741,53.79296549327895,0.08291231247083782
7,-2.0,3.0,5.623413251903491,37.80923988846762,6.038091380675203,54.981045620290516,0.10982132683280348
7,-2.0,3.0,10.0,35.36301976104042,9.812616885047682,56.04064636135819,0.17509821035564987
7,-2.0,3.0,17.78279410038923,33.0317741863341,17.01069406360829,56.66387182094968,0.30020352504960884
7,-2.0,3.0,31.622776601683793,31.167267766852156,28.133933493444573,56.647775941875224,0.49664674430134825
7,-2.0,3.0,56.23413251903491,29.902653445789102,42.49335320501424,56.001629913215574,0.7587877936921693
7,-2.0,3.0,100.0,29.154029458674398,58.6308801067572,63.56063091441208,0.9224401844863205
7,-2.0,3.0,177.82794100389228,28.75389535787076,75.04190104983881,80.31709351606027,0.9343204262593663
7,-2.0,3.0,316.22776601683796,28.555096997756685,90.57693297657511,95.77305486693274,0.9457454719641435
7,-2.0,3.0,562.341325190349,28.461283331672153,104.5190639032851,109.33236787232063,0.9559754895763664
7,-2.0,3.0,1000.0,28.418577465508108,116.52685556015447,120.77284286513115,0.9648431948420868
7,-2.0,3.0,1778.2794100389228,28.399612554698557,126.540169831405,130.08803242853483,0.9727272176318073
7,-2.0,3.0,3162.2776601683795,28.391328576219003,134.6821003293297,137.62459445774977,0.9786194165366031
7,-2.0,3.0,5623.413251903491,28.387747449817425,141.1741157117084,143.51833166100118,0.9836660869579368
7,-2.0,3.0,10000.0,28.38620801191353,146.27341363677863,148.16930341629754,0.9872045711506641
7,-2.0,3.0,17782.794100389227,28.385547228464418,150.2332343258302,151.66281088355004,0.990573980863262
7,-2.0,3.0,31622.776601683792,28.38526279020893,153.28169119518407,154.4054073666899,0.9927223003995115
7,-2.0,3.0,56234.13251903491,28.38513932612817,155.61326327769632,156.45466516102948,0.9946220722631239
7,-2.0,3.0,100000.0,28.385084856329815,157.38776264651534,158.05487851358802,0.9957792136924434
7,-2.0,3.0,177827.94100389228,28.385060151996516,158.7333254712624,159.2017377106295,0.9970577441797872
7,-2.0,3.0,316227.7660168379,28.38504845045042,159.7508377414532,160.0782161098097,0.997954884953666
7,-2.0,3.0,562341.3251903491,28.385042556788832,160.51864755208877,160.78441311892357,0.9983470688378342
7,-2.0,3.0,1000000.0,28.385039350560668,161.09709353663533,161.24074020428407,0.9991091167935179
7,-1.0,0.1,0.0,471.09005145297886,7809.698232506081,8314.384688067441,0.939299602496662
7,-1.0,0.1,0.0001,471.09005041662436,7809.698347298918,8314.384732871984,0.9392996112415001
7,-1.0,0.1,0.00017782794100389227,471.0900496100508,7809.69843663994,8314.38476774259,0.9392996180474247
7,-1.0,0.1,0.00031622776601683794,471.09004817573833,7809.698595513261,8314.384829752307,0.9392996301502584
7,-1.0,0.1,0.0005623413251903491,471.0900456251306,7809.698878034339,8314.384940022856,0.9392996516724749
7,-1.0,0.1,0.001,471.090041089441,7809.699380435544,8314.38513611461,0.9392996899449729
7,-1.0,0.1,0.0017782794100389228,471.09003302372656,7809.70027384474,8314.385484820235,0.939299758004135
7,-1.0,0.1,0.0031622776601683794,471.09001868066434,7809.701862573953,8314.386104915406,0.9392998790321889
7,-1.0,0.1,0.005623413251903491,471.08999317478776,7809.704687772195,8314.387207615184,0.9393000942533988
7,-1.0,0.1,0.01,471.08994781852147,7809.709711744469,8314.389168515054,0.9393004769753014
7,-1.0,0.1,0.01778279410038923,471.08986716338,7809.718645708947,8314.392655516258,0.9393011575568926
7,-1.0,0.1,0.03162277660168379,471.0897237390797,7809.734532598,8314.39885629433,0.9393023678056678
7,-1.0,0.1,0.05623413251903491,471.08946870032844,7809.762783305962,8314.409882743557,0.9393045199172845
7,-1.0,0.1,0.1,471.08901520093275,7809.813018998457,8314.429490007558,0.9393083468185569
7,-1.0,0.1,0.1778279410038923,471.08820884956947,7809.902345899023,8314.464354533671,0.9393151516297592
7,-1.0,0.1,0.31622776601683794,471.08677523907386,7810.061174492361,8314.526344967047,0.9393272509407526
7,-1.0,0.1,0.5623413251903491,471.0842268511246,7810.343554156365,8314.636554604456,0.9393487620130762
7,-1.0,0.1,1.0,471.07969817689235,7810.845508252645,8314.832453798637,0.9393869992755242
7,-1.0,0.1,1.7782794100389228,471.07165462848934,7811.737503943041,8315.180550694939,0.9394549470474429
7,-1.0,0.1,3.1622776601683795,471.0573815505084,7813.321766177493,8315.798721477919,0.9395756232047037
7,-1.0,0.1,5.623413251903491,471.032096369871,7816.132854848583,8316.895337795933,0.9397897337156995
7,-1.0,0.1,10.0,470.9874345249139,7821.112302610383,8318.837015283609,0.9401689548961242
7,-1.0,0.1,17.78279410038923,470.908956347689,7829.9059949995735,8322.37286783043,0.9408261465027055
7,-1.0,0.1,31.622776601683793,470.77231069848534,7845.3523081343865,8329.015449333789,0.9419303344865222
7,-1.0,0.1,56.23413251903491,470.5381363559249,7872.227024768031,8340.87613748433,0.9438129634115814
7,-1.0,0.1,100.0,470.14760548047775,7918.210375364129,8362.965966858685,0.9468184381884295
7,-1.0,0.1,177.82794100389228,469.52522577863573,7994.650886681853,8403.669612606416,0.9513285570733301
7,-1.0,0.1,316.22776601683796,468.60253956648484,8115.768464375712,8477.031124431429,0.95738335099248
7,-1.0,0.1,562.341325190349,467.37343843334173,8293.902462481932,8599.618159157177,0.9644500847575764
7,-1.0,0.1,1000.0,465.95191100167654,8530.112611169314,8780.339608486158,0.97150144430917
7,-1.0,0.1,1778.2794100389228,464.54791893120216,8806.91521786734,9007.439171114771,0.9777379619847475
7,-1.0,0.1,3162.2776601683795,463.34193381430396,9094.079749244509,9252.49500817276,0.9828786442156064
7,-1.0,0.1,5623.413251903491,462.3962404633813,9364.163600957838,9488.771269309873,0.9868678815396192
7,-1.0,0.1,10000.0,461.6848993399537,9601.53701330236,9698.120910600814,0.9900409679164879
7,-1.0,0.1,17782.794100389227,461.1565025328704,9801.023396324961,9875.545585530415,0.9924538661120006
7,-1.0,0.1,31622.776601683792,460.76440253292964,9963.618625489156,10020.33295750195,0.9943400750999662
7,-1.0,0.1,56234.13251903491,460.4727855021127,10093.299054799762,10137.185879356888,0.9956707092994619
7,-1.0,0.1,100000.0,460.255343528277,10195.103294568391,10225.971930960033,0.9969813493915248
7,-1.0,0.1,177827.94100389228,460.09287987591637,10274.102173468695,10299.475801836166,0.9975364155559308
7,-1.0,0.1,316227.7660168379,459.97132321726224,10334.88084771231,10353.122332113024,0.9982380692688105
7,-1.0,0.1,562341.3251903491,459.88029052353005,10381.351204523844,10393.408991622884,0.9988398621560299
7,-1.0,0.1,1000000.0,459.8120788563218,10416.720847979956,10424.62482105117,0.9992417978385896
7,-1.0,1.0,0.0,74.60369817897299,8.23980488883814,141.42933543769786,0.058260931958263505
7,-1.0,1.0,0.0001,74.60352806060156,8.23972276869236,141.42911449900419,0.05826044232745568
7,-1.0,1.0,0.00017782794100389227,74.60339566392615,8.239658861146973,141.42894255778404,0.058260061286822325
7,-1.0,1.0,0.00031622776601683794,74.6031602320302,8.23954522621454,141.42863677786008,0.058259383770744216
7,-1.0,1.0,0.0005623413251903491,74.60274158852837,8.239343184880717,141.4280930335837,0.058258179178900416
7,-1.0,1.0,0.001,74.60199718725133,8.238984004312794,141.42712616667887,0.05825603777455495
7,-1.0,1.0,0.0017782794100389228,74.60067363564043,8.238345614063215,141.42540688544145,0.05825223201045132
7,-1.0,1.0,0.0031622776601683794,74.59832062917039,8.237211430974874,141.4223498746594,0.058245471371925275
7,-1.0,1.0,0.005623413251903491,74.59413834291976,8.23519786468063,141.41691476276634,0.058233471423807893
7,-1.0,1.0,0.01,74.58670744023878,8.231627693300243,141.40725311261335,0.05821220278386125
7,-1.0,1.0,0.01778279410038923,74.573513328656,8.225312103644415,141.39008303213245,0.05817460409705766
7,-1.0,1.0,0.03162277660168379,74.55011389818192,8.214185731675963,141.359584709904,0.058108445554173
7,-1.0,1.0,0.05623413251903491,74.50870246813024,8.194728247920187,141.30546060334035,0.057993004749644264
7,-1.0,1.0,0.1,74.4356852036552,8.16115351278012,141.20956246238984,0.0577946236109455
7,-1.0,1.0,0.1778279410038923,74.30777753435765,8.104626317136862,141.04013635863876,0.05746326206412839
7,-1.0,1.0,0.31622776601683794,74.0862568420545,8.013792617255879,140.74234996318236,0.056939454395583525
7,-1.0,1.0,0.5623413251903491,73.71008289200019,7.880983332615476,140.22460837958863,0.056202569746400144
7,-1.0,1.0,1.0,73.09212567784157,7.725951455828417,139.33600480009076,0.05544834923976078
7,-1.0,1.0,1.7782794100389228,72.1301811519328,7.66158482626745,137.8521380803559,0.055578280706835376
7,-1.0,1.0,3.1622776601683795,70.75082953370423,8.028150646028813,135.45713543599618,0.05926709301941597
7,-1.0,1.0,5.623413251903491,68.98611421449138,9.559237426104035,131.78635863286655,0.07253586429786998
7,-1.0,1.0,10.0,67.02154471429414,13.380596688190384,126.57416842996494,0.10571348683672399
7,-1.0,1.0,17.78279410038923,65.13164933447541,20.608012457379246,119.9909396954715,0.17174640443420913
7,-1.0,1.0,31.622776601683793,63.54334684594174,31.716071419078535,112.81953734808742,0.28112215458944356
7,-1.0,1.0,56.23413251903491,62.3548632963573,46.22352553646086,106.15597827393103,0.4354302629775876
7,-1.0,1.0,100.0,61.54349021453955,62.922240742939316,100.70652849163442,0.624807961165757
7,-1.0,1.0,177.82794100389228,61.02189309365659,80.36825383342567,96.62601382648731,0.8317455170793248
7,-1.0,1.0,316.22776601683796,60.69529956348387,97.28809675449612,102.96471524794615,0.9448683126080587
7,-1.0,1.0,562.341325190349,60.49023983783144,112.77762185618491,117.9326911798914,0.9562880379296772
7,-1.0,1.0,1000.0,60.35847946050763,126.33195886220327,130.7383088780729,0.9662964126300654
7,-1.0,1.0,1778.2794100389228,60.27097217356161,137.78032270415278,141.50708498436288,0.9736637760531784
7,-1.0,1.0,3162.2776601683795,60.21086112131451,147.1857617722843,150.1581968571133,0.9802046431893593
7,-1.0,1.0,5623.413251903491,60.16837370423573,154.7480579718787,157.1852542024142,0.9844947527495358
7,-1.0,1.0,10000.0,60.13769687420998,160.72790447825457,162.582525394112,0.9885927413701953
7,-1.0,1.0,17782.794100389227,60.11522320941277,165.39623143302055,166.84111603450503,0.9913397570345569
7,-1.0,1.0,31622.776601683792,60.098604583804516,169.0051544861968,170.06092087052488,0.9937918342501986
7,-1.0,1.0,56234.13251903491,60.086244602573345,171.77437785604596,172.57236742879482,0.9953759133942569
7,-1.0,1.0,100000.0,60.07702014175921,173.88722108679963,174.54051841133574,0.9962570448943179
7,-1.0,1.0,177827.94100389228,60.070121779265016,175.49246151124953,175.99033043083378,0.9971710438956195
7,-1.0,1.0,316227.7660168379,60.06495685022522,176.70812879539682,177.07684364585893,0.997917769241474
7,-1.0,1.0,562341.3251903491,60.0610871412496,177.626611729879,177.84968634474103,0.9987457126326912
7,-1.0,1.0,1000000.0,60.058186703644225,178.31968617901683,178.49703841668006,0.9990064135560097
7,-1.0,3.0,0.0,58.61123168726138,4.338812228349999,56.66877274049665,0.07656442902370103
7,-1.0,3.0,0.0001,58.61108870987991,4.338771477946069,56.668934423612185,0.07656349148040867
7,-1.0,3.0,0.00017782794100389227,58.61097743679633,4.3387397644978085,56.66906025886324,0.07656276184356198
7,-1.0,3.0,0.00031622776601683794,58.610779569233486,4.338683372915137,56.66928401080244,0.07656146444497315
7,-1.0,3.0,0.0005623413251903491,58.610427727777854,4.338583104907382,56.669681838956244,0.0765591576327666
7,-1.0,3.0,0.001,58.609802126051214,4.338404838263708,56.670389228309205,0.07655505630613342
7,-1.0,3.0,0.0017782794100389228,58.60868985485828,4.338087950167537,56.67164679176706,0.0765477658714825
7,-1.0,3.0,0.0031622776601683794,58.60671263223232,4.337524813377253,56.673882037437835,0.0765348103472417
7,-1.0,3.0,0.005623413251903491,58.60319880955189,4.3365245962371475,56.677853562903294,0.07651180000005299
7,-1.0,3.0,0.01,58.596957296627366,4.334749714964795,56.68490534822916,0.07647097032861525
7,-1.0,3.0,0.01778279410038923,58.58588035921245,4.331605434138775,56.69741157467657,0.0763986452614964
7,-1.0,3.0,0.03162277660168379,58.56625236860841,4.326051753413082,56.71954499245231,0.07627091779365915
7,-1.0,3.0,0.05623413251903491,58.5315673793288,4.316294658034285,56.75856876954721,0.07604657325943912
7,-1.0,3.0,0.1,58.47056960125953,4.299317509356239,56.82689651710213,0.07565638408675641
7,-1.0,3.0,0.1778279410038923,58.36419531415737,4.2702961448158625,56.945082243955625,0.07498972653198914
7,-1.0,3.0,0.31622776601683794,58.181348449613445,4.222310981262186,57.144923307156866,0.07388777054729867
7,-1.0,3.0,0.5623413251903491,57.87457348506817,4.148027951764999,57.48500030721234,0.07215844010780266
7,-1.0,3.0,1.0,57.37959925706586,4.04861405026044,58.02691400987402,0.06977131421415099
7,-1.0,3.0,1.7782794100389228,56.62713431161534,3.9632254456951954,58.837896028082106,0.06735838147243793
7,-1.0,3.0,3.1622776601683795,55.57568520299018,4.042329488138943,59.922416846874654,0.06745938666774214
7,-1.0,3.0,5.623413251903491,54.259778062722205,4.672733074851563,61.15493774222368,0.0764081077892314
7,-1.0,3.0,10.0,52.81965344502781,6.565028350825056,62.24708613184297,0.10546723965391636
7,-1.0,3.0,17.78279410038923,51.465784669595436,10.590736375952583,62.854619792143026,0.16849575116316987
7,-1.0,3.0,31.622776601683793,50.377837845163135,17.31608285497754,62.78605415952373,0.2757950485466356
7,-1.0,3.0,56.23413251903491,49.621667566810714,26.609721171562203,62.14366508872344,0.4281968424870195
7,-1.0,3.0,100.0,49.15609640330236,37.69477121405626,61.233702575210906,0.6155886322202595
7,-1.0,3.0,177.82794100389228,48.89522943533904,49.520990610037614,60.35504446690918,0.8204946421204024
7,-1.0,3.0,316.22776601683796,48.75901838830396,61.12238433041788,64.79084354768669,0.9433799744470253
7,-1.0,3.0,562.341325190349,48.6915027537276,71.80325704453551,75.14711501963647,0.955502510319562
7,-1.0,3.0,1000.0,48.659288107972145,81.17176519482966,84.0228666866356,0.9660675527480018
7,-1.0,3.0,1778.2794100389228,48.64433181494248,89.08941931340085,91.50223264451716,0.9736310988116541
7,-1.0,3.0,3162.2776601683795,48.63751540385396,95.5925504307429,97.56239612532364,0.979809375611784
7,-1.0,3.0,5623.413251903491,48.634440876348926,100.81812343015886,102.43188895157465,0.9842454772831661
7,-1.0,3.0,10000.0,48.63305657170121,104.94733462913928,106.13925938513428,0.9887701802057048
7,-1.0,3.0,17782.794100389227,48.63242788926264,108.16878141092862,109.1527753927382,0.990985167548245
7,-1.0,3.0,31622.776601683792,48.63213600957268,110.65772105547778,111.42068550717373,0.9931523985135882
7,-1.0,3.0,56234.13251903491,48.631995116255595,112.56664033875592,113.09129677057322,0.995360770927566
7,-1.0,3.0,100000.0,48.63192308296138,114.02257737357655,114.381191082658,0.9968647493028614
7,-1.0,3.0,177827.94100389228,48.63188348003125,115.12835006461519,115.3749949758278,0.997862232529117
7,-1.0,3.0,316227.7660168379,48.63185993389405,115.96555135106897,116.1278206033887,0.9986026668590128
7,-1.0,3.0,562341.3251903491,48.63184489057745,116.59813572269476,116.7906450149986,0.9983516719829819
7,-1.0,3.0,1000000.0,48.63183470922845,117.07516058924483,117.19909284921272,0.9989425493239326
7,0.0,0.1,0.0,12844.650908363985,149823.71474868644,186244.38820007409,0.8044468678848862
7,0.0,0.1,0.0001,12844.647879280688,149823.62018795067,186244.3269298294,0.8044466248059151
7,0.0,0.1,0.00017782794100389227,12844.645521809656,149823.54659334602,186244.27924448854,0.8044464356226915
7,0.0,0.1,0.00031622776601683794,12844.641329571792,149823.4157217166,186244.19444670677,0.8044460992022392
7,0.0,0.1,0.0005623413251903491,12844.633874615089,149823.18299583168,186244.04365278772,0.8044455009532817
7,0.0,0.1,0.001,12844.620617661965,149822.76914556933,186243.77549979516,0.8044444371013845
7,0.0,0.1,0.0017782794100389228,12844.597043230866,149822.03320855365,186243.29865112194,0.8044425452816212
7,0.0,0.1,0.0031622776601683794,12844.55512173456,149820.7245207837,186242.45068818043,0.8044391811167884
7,0.0,0.1,0.005623413251903491,12844.480574957926,149818.39735213053,186240.94279599565,0.8044331987528565
7,0.0,0.1,0.01,12844.348014251136,149814.25913472808,186238.26141464844,0.8044225606314888
7,0.0,0.1,0.01778279410038923,12844.112297844777,149806.900666498,186233.49339795337,0.8044036436903584
7,0.0,0.1,0.03162277660168379,12843.69317111721,149793.81664068086,186225.0152546775,0.8043700060157112
7,0.0,0.1,0.05623413251903491,12842.947982335998,149770.55397129667,186209.94103185355,0.8043101949410775
7,0.0,0.1,0.1,12841.623257276857,149729.20030477486,186183.14207466852,0.8042038534548211
7,0.0,0.1,0.1778279410038923,12839.268881132819,149655.70573060992,186135.50886888755,0.8040148096407884
7,0.0,0.1,0.31622776601683794,12835.086423090645,149525.15019249718,186050.87583657703,0.8036788298907916
7,0.0,0.1,0.5623413251903491,12827.66235353772,149293.422588367,185900.6023085218,0.8030819735624024
7,0.0,0.1,1.0,12814.502853455182,148882.72195238734,185634.09162796717,0.8020225199300463
7,0.0,0.1,1.7782794100389228,12791.235360901132,148156.7045657088,185164.90162309085,0.8001338443032069
7,0.0,0.1,3.1622776601683795,12750.277609690798,146879.1605446815,184350.77977557902,0.7967373977125896
7,0.0,0.1,5.623413251903491,12678.740424582615,144649.2338779824,182951.069528697,0.7906443742068054
7,0.0,0.1,10.0,12555.489211569507,140811.73736913185,180608.19345193479,0.7796530970041846
7,0.0,0.1,17.78279410038923,12348.103273483663,134368.01593974355,176881.18575439762,0.7596512617589284
7,0.0,0.1,31.622776601683793,12012.864940961003,123990.56812082829,171412.19601276817,0.7233474105401022
7,0.0,0.1,56.23413251903491,11505.407530822124,108388.28746596548,164447.39644169013,0.6591061324853378
7,0.0,0.1,100.0,10811.5801935612,87321.83306312046,157377.0120930092,0.5548576116791034
7,0.0,0.1,177.82794100389228,9990.48334257743,62975.44651995573,152350.76795255748,0.4133582479844571
7,0.0,0.1,316.22776601683796,9178.297090570466,39976.01532853225,150592.62121585317,0.26545799525749875
7,0.0,0.1,562.341325190349,8508.302126933248,22638.192495312713,151369.00428635773,0.14955632827237275
7,0.0,0.1,1000.0,8022.738791423746,12023.507448998034,152996.94795839416,0.07858658365046403
7,0.0,0.1,1778.2794100389228,7684.184241604097,6399.900061649552,154508.23401591007,0.04142109384921544
7,0.0,0.1,3162.2776601683795,7441.6533400403505,3590.9037430021,155861.98555450674,0.023038996521357154
7,0.0,0.1,5623.413251903491,7262.1546412652415,2179.9141194055946,157299.3105005031,0.013858383183431832
7,0.0,0.1,10000.0,7127.4395653450665,1450.9953376998865,158879.74330962013,0.009132664161423209
7,0.0,0.1,17782.794100389227,7026.06410368907,1064.1769459714835,160546.06552596728,0.006628483497774412
7,0.0,0.1,31622.776601683792,6949.820441297936,854.4103172014325,162178.49552053807,0.005268332983723055
7,0.0,0.1,56234.13251903491,6892.533787773278,738.6309207915286,163758.0610363481,0.00451050113879634
7,0.0,0.1,100000.0,6849.523026584041,673.7491065662373,165221.92028038466,0.004077843335937947
7,0.0,0.1,177827.94100389228,6817.246347851267,636.8733368736432,166538.88492592645,0.0038241719773547973
7,0.0,0.1,316227.7660168379,6793.032062325121,615.6191141278683,167684.83306053843,0.0036712867997167904
7,0.0,0.1,562341.3251903491,6774.869379232937,603.1934298219271,168634.95310103125,0.003576918181727999
7,0.0,0.1,1000000.0,6761.247136140977,595.8051735017815,169439.085850664,0.003516338455856032
7,0.0,1.0,0.0,110.94467661422458,46.52266447402669,174.00273465737922,0.2673674328488706
7,0.0,1.0,0.0001,110.94464308286899,46.522512608636006,174.00260815590173,0.26736675445090496
7,0.0,1.0,0.00017782794100389227,110.94461698648523,46.522394416506465,174.0025097032845,0.2673662264747685
7,0.0,1.0,0.00031622776601683794,110.94457058064546,46.522184241275504,174.00233462890563,0.26736528760084316
7,0.0,1.0,0.0005623413251903491,110.944488060694,46.52181050173742,174.00202330373264,0.267363618068569
7,0.0,1.0,0.001,110.94434132537977,46.521145922399604,174.0014696995234,0.2673606493251765
7,0.0,1.0,0.0017782794100389228,110.94408041496835,46.519964222106694,174.0004852964146,0.2673553705488732
7,0.0,1.0,0.0031622776601683794,110.94361652548295,46.51786316855175,173.99873494190862,0.2673459849238688
7,0.0,1.0,0.005623413251903491,110.94279185996015,46.51412798221794,173.9956229209556,0.26732929944650863
7,0.0,1.0,0.01,110.94132619452935,46.50748917097166,173.99009076965217,0.2672996431305019
7,0.0,1.0,0.01778279410038923,110.9387224223126,46.49569422798599,173.98025903558806,0.26724695368153917
7,0.0,1.0,0.03162277660168379,110.93410035963959,46.474753342604274,173.96279433853823,0.26715340782674846
7,0.0,1.0,0.05623413251903491,110.92590677135534,46.43762111892818,173.93179676009595,0.26698753180236257
7,0.0,1.0,0.1,110.91141703019154,46.371924140844236,173.87686182655094,0.2666940480390201
7,0.0,1.0,0.1778279410038923,110.88590214153558,46.25614122397827,173.77976018245454,0.26617680433793384
7,0.0,1.0,0.31622776601683794,110.84130741752571,46.053478602273906,173.61030310981448,0.2652692713354892
7,0.0,1.0,0.5623413251903491,110.76436480177655,45.7029212642698,173.31820859877706,0.26369370900936184
7,0.0,1.0,1.0,110.63447927352087,45.10861599119701,172.81023542609395,0.26102976990902077
7,0.0,1.0,1.7782794100389228,110.42291177635657,44.13381976592532,171.96087854183617,0.2566503505923183
7,0.0,1.0,3.1622776601683795,110.09677433935715,42.614999680527305,170.58758544856056,0.24981301874032064
7,0.0,1.0,5.623413251903491,109.6318237605884,40.41616232823942,168.49012507264547,0.2398725878493696
7,0.0,1.0,10.0,109.0315455412709,37.51696904608791,165.54231242241264,0.22663069336832894
7,0.0,1.0,17.78279410038923,108.33846010296054,34.07200251761705,161.86868258748945,0.21049162798493312
7,0.0,1.0,31.622776601683793,107.62458517717396,30.38313783243489,157.9464273771595,0.1923635648933239
7,0.0,1.0,56.23413251903491,106.96400288247261,26.810365207008466,154.3411819702001,0.17370843520030163
7,0.0,1.0,100.0,106.40470163991525,23.666442128108805,151.33022367779967,0.15638939501270757
7,0.0,1.0,177.82794100389228,105.95994697909484,21.13194887398411,148.93667686940347,0.14188545976834074
7,0.0,1.0,316.22776601683796,105.61934628080009,19.2365252226527,147.0824992125468,0.1307873154565743
7,0.0,1.0,562.341325190349,105.36344006870252,17.902846964307464,145.68166455249025,0.12289018675961742
7,0.0,1.0,1000.0,105.1726245489618,17.007963124339945,144.63147472935154,0.11759517184047868
7,0.0,1.0,1778.2794100389228,105.03056975859063,16.42856456911615,143.84960796475954,0.1142065300111269
7,0.0,1.0,3162.2776601683795,104.92471569291752,16.062948947024655,143.26899068103012,0.11211741543420749
7,0.0,1.0,5623.413251903491,104.84570903646224,15.836193946882933,142.8383651514805,0.11086793054575081
7,0.0,1.0,10000.0,104.78665194859782,15.696985609635727,142.51802002338968,0.11014035703737379
7,0.0,1.0,17782.794100389227,104.74245665823021,15.611869301313542,142.2802938640067,0.10972615305557046
7,0.0,1.0,31622.776601683792,104.70935721198767,15.55975741296145,142.1031631580678,0.10949620731280715
7,0.0,1.0,56234.13251903491,104.68455527693382,15.527658244580339,141.97078210070703,0.10937221035780298
7,0.0,1.0,100000.0,104.66596493010287,15.507683396353256,141.8731397591876,0.10930669062992235
7,0.0,1.0,177827.94100389228,104.65202782816796,15.49508187025977,141.79928096796428,0.10927475629273795
7,0.0,1.0,316227.7660168379,104.64157803819059,15.487002455943317,141.74403222864015,0.10926034918325178
7,0.0,1.0,562341.3251903491,104.63374243285932,15.48172519633934,141.70193510947828,0.10925556651275248
7,0.0,1.0,1000000.0,104.62786675964614,15.478216995424695,141.6708403704509,0.109254783517562
7,0.0,3.0,0.0,80.48500731198543,17.919310941976697,64.99865795408833,0.2756873988788194
7,0.0,3.0,0.0001,80.48494022618087,17.919360762158522,64.9988583856164,0.2756873152425074
7,0.0,3.0,0.00017782794100389227,80.48488801716609,17.91939953448224,64.99901431560681,0.2756872503861899
7,0.0,3.0,0.00031622776601683794,80.48479518032376,17.919468478833956,64.99929169268272,0.2756871346161336
7,0.0,3.0,0.0005623413251903491,80.48463010747159,17.91959106953916,64.99978481141204,0.2756869291418486
7,0.0,3.0,0.001,80.48433661554303,17.91980903333801,65.00066145086012,0.2756865643111219
7,0.0,3.0,0.0017782794100389228,80.48381487472304,17.920196517758654,65.00221956928995,0.27568591713482016
7,0.0,3.0,0.0031622776601683794,80.48288761048103,17.92088520630468,65.00498772418156,0.27568477179541395
7,0.0,3.0,0.005623413251903491,80.48124037087052,17.92210872727907,65.0099021425286,0.27568275195963826
7,0.0,3.0,0.01,80.47831646867637,17.924280827450456,65.01861563869298,0.2756792135817731
7,0.0,3.0,0.01778279410038923,80.4731338109178,17.928131877784818,65.0340300974878,0.27567308762674025
7,0.0,3.0,0.03162277660168379,80.46397056322498,17.934943760130178,65.06119467063498,0.27566268727347887
7,0.0,3.0,0.05623413251903491,80.44784134312239,17.94694312721725,65.10878175562311,0.27564550653978814
7,0.0,3.0,0.1,80.41967228728406,17.967925757634156,65.1905144343014,0.2756217819962461
7,0.0,3.0,0.1778279410038923,80.37114609816429,18.004142177650756,65.33371080165463,0.2755720126216187
7,0.0,3.0,0.31622776601683794,80.28950753960638,18.065227373279892,65.58922921562036,0.27542978609935515
7,0.0,3.0,0.5623413251903491,80.15755127409491,18.164139421142046,66.01759505800419,0.2751408833536381
7,0.0,3.0,1.0,79.95774146504532,18.313113717145995,66.71885728050549,0.2744818251330705
7,0.0,3.0,1.7782794100389228,79.6841046354163,18.509839993741053,67.80834149526626,0.27297290547997305
7,0.0,3.0,3.1622776601683795,79.35881378565755,18.70944367236414,69.36736243795734,0.2697153677869474
7,0.0,3.0,5.623413251903491,79.03427153021418,18.795543517123605,71.36829745975193,0.263359841640097
7,0.0,3.0,10.0,78.76390861714066,18.59518063486972,73.61404791759428,0.2526036967249201
7,0.0,3.0,17.78279410038923,78.56827725263372,17.97132509290326,75.78924763275623,0.23712235777804483
7,0.0,3.0,31.622776601683793,78.43640935585165,16.933000274837312,77.6061437353168,0.2181914918049392
7,0.0,3.0,56.23413251903491,78.34932631844674,15.648544066731521,78.9167010467773,0.1982919186834224
7,0.0,3.0,100.0,78.29294213387884,14.347278848275709,79.73881598854453,0.17992841592151146
7,0.0,3.0,177.82794100389228,78.25790865427605,13.208392613405005,80.2025407785945,0.1646879573287812
7,0.0,3.0,316.22776601683796,78.23725400722151,12.314979773020392,80.44993771581932,0.15307631208518424
7,0.0,3.0,562.341325190349,78.22564443018243,11.66951883079058,80.57650723793834,0.14482532478518934
7,0.0,3.0,1000.0,78.21932874906301,11.23121620418298,80.64162594589462,0.1392731864275456
7,0.0,3.0,1778.2794100389228,78.21593454769565,10.947150252154424,80.67413549735451,0.1356959102773826
7,0.0,3.0,3162.2776601683795,78.21409057134353,10.76939553529905,80.68931333652947,0.13346743317028026
7,0.0,3.0,5623.413251903491,78.21305506922143,10.661061686148523,80.69689256539348,0.13211241904400758
7,0.0,3.0,10000.0,78.21244371628278,10.596331588918227,80.70167484261103,0.13130249910654013
7,0.0,3.0,17782.794100389227,78.21206147559,10.558224430986899,80.7028964650617,0.13082832083428156
7,0.0,3.0,31622.776601683792,78.21180921579116,10.536036973314827,80.70394092985302,0.13055170357136134
7,0.0,3.0,56234.13251903491,78.2116352939267,10.523223881275483,80.70412582749285,0.13039263821243965
7,0.0,3.0,100000.0,78.21151154754197,10.515868567383347,80.70375988983737,0.13030208978785832
7,0.0,3.0,177827.94100389228,78.21142164294572,10.511664396814812,80.7036989868808,0.13025009421840242
7,0.0,3.0,316227.7660168379,78.21135546215584,10.509266775648765,80.70347015485454,0.13022075451629886
7,0.0,3.0,562341.3251903491,78.21130635563692,10.507902270201317,80.7033239181729,0.13020408280649678
7,0.0,3.0,1000000.0,78.21126973472867,10.50713014010959,80.70298626625909,0.13019506001232684
7,1.0,0.1,0.0,252.12113958533294,3837.1691243456235,4161.894394758972,0.9219765713367759
7,1.0,0.1,0.0001,252.12113352065825,3837.1687545554,4161.894031510518,0.921976562955097
7,1.0,0.1,0.00017782794100389227,252.1211288006493,3837.16846675549,4161.893748801911,0.9219765564318166
7,1.0,0.1,0.00031622776601683794,252.1211204071596,3837.167954967132,4161.893246067279,0.9219765448316122
7,1.0,0.1,0.0005623413251903491,252.12110548120424,3837.1670448652903,4161.892352065414,0.9219765242032334
7,1.0,0.1,0.001,252.12107893873056,3837.1654264526487,4161.890762282768,0.9219764875202996
7,1.0,0.1,0.0017782794100389228,252.1210317389417,3837.1625484714937,4161.887935212899,0.9219764222880754
7,1.0,0.1,0.0031622776601683794,252.12094780498822,3837.157430644296,4161.882907917639,0.921976306287815
7,1.0,0.1,0.005623413251903491,252.12079854841912,3837.148329804269,4161.873968060752,0.9219761000096331
7,1.0,0.1,0.01,252.12053313312776,3837.1321462420697,4161.858070746396,0.9219757331979153
7,1.0,0.1,0.01778279410038923,252.12006116510332,3837.1033682138095,4161.829801667115,0.9219750809311739
7,1.0,0.1,0.03162277660168379,252.1192219200038,3837.0521955807053,4161.7795338356655,0.9219739211039663
7,1.0,0.1,0.05623413251903491,252.11772965292204,3836.961205011095,4161.690151459943,0.921971858876872
7,1.0,0.1,0.1,252.11507644415784,3836.7994257668856,4161.531229516463,0.9219681925137665
7,1.0,0.1,0.1778279410038923,252.11035974878433,3836.5118237233905,4161.248700595065,0.9219616753919955
7,1.0,0.1,0.31622776601683794,252.10197673239756,3836.0006607931264,4160.746533952414,0.9219500946502497
7,1.0,0.1,0.5623413251903491,252.0870838717485,3835.0925353692564,4159.854327056481,0.9219295277781934
7,1.0,0.1,1.0,252.0606459136446,3833.480365021459,4158.270213927351,0.9218930391252429
7,1.0,0.1,1.7782794100389228,252.01377584766317,3830.6220805112903,4155.461034970846,0.9218284200655884
7,1.0,0.1,3.1622776601683795,251.93088018775188,3825.5662984094047,4150.490105052267,0.9217143521803987
7,1.0,0.1,5.623413251903491,251.78488259878083,3816.660318942016,4141.727316997591,0.9215141477997588
7,1.0,0.1,10.0,251.52963841091022,3801.0855322391362,4126.3834570894205,0.9211663365188711
7,1.0,0.1,17.78279410038923,251.08910085478593,3774.1920666063465,4099.9233259241455,0.9205518656268097
7,1.0,0.1,31.622776601683793,250.34534819869015,3728.762371768776,4055.1965130346057,0.9195022632771129
7,1.0,0.1,56.23413251903491,249.13514456126927,3654.818367844809,3982.204169587032,0.917787790931831
7,1.0,0.1,100.0,247.27870591304065,3541.552147135729,3869.771339865277,0.9151838276984668
7,1.0,0.1,177.82794100389228,244.67011273004385,3383.6078949722496,3711.0385223512085,0.9117684644320242
7,1.0,0.1,316.22776601683796,241.40877275645354,3190.9664959027505,3511.3127553700015,0.9087673808101168
7,1.0,0.1,562.341325190349,237.83967003041192,2992.792921312141,3291.3149485400636,0.9093000724952383
7,1.0,0.1,1000.0,234.39476079371997,2823.4059198405935,3079.0900742436206,0.9169611319455031
7,1.0,0.1,1778.2794100389228,231.38281323101276,2700.067605111823,2900.3307097226384,0.9309516311572735
7,1.0,0.1,3162.2776601683795,228.92270313654893,2618.2041302861567,2768.3753177976096,0.9457547585596443
7,1.0,0.1,5623.413251903491,226.99473133496494,2564.8001556679314,2676.9443659583676,0.9581073810436521
7,1.0,0.1,10000.0,225.51659649813527,2529.232685783522,2613.252223982438,0.967848668632959
7,1.0,0.1,17782.794100389227,224.39554114286105,2504.940117891987,2567.991441338918,0.9754472221238959
7,1.0,0.1,31622.776601683792,223.54986498593203,2487.998255119844,2535.370214999607,0.9813155650407567
7,1.0,0.1,56234.13251903491,222.9136813164283,2475.985656684024,2511.549087990894,0.9858400413207457
7,1.0,0.1,100000.0,222.43578892653446,2467.355592318172,2494.1012946921355,0.9892764169479071
7,1.0,0.1,177827.94100389228,222.0770820711327,2461.0940838971337,2481.182216357719,0.9919038060452997
7,1.0,0.1,316227.7660168379,221.80794957633404,2456.514892223681,2471.571856018729,0.9939079400995842
7,1.0,0.1,562341.3251903491,221.6060700341067,2453.1456360466627,2464.4532795733585,0.9954117030254056
7,1.0,0.1,1000000.0,221.45465660196592,2450.650533795775,2459.142592641856,0.9965467399607121
7,1.0,1.0,0.0,64.13658093170427,65.21726084973031,106.61754849714713,0.611693494823466
7,1.0,1.0,0.0001,64.13653421321199,65.21752786113844,106.61765747901576,0.6116953739484887
7,1.0,1.0,0.00017782794100389227,64.13649785375638,65.2177356689876,106.6177423072141,0.6116968363583024
7,1.0,1.0,0.00031622776601683794,64.13643319775419,65.21810520585339,106.61789314614951,0.6116994369458587
7,1.0,1.0,0.0005623413251903491,64.13631822533036,65.21876233441297,106.61816136598134,0.6117040614735486
7,1.0,1.0,0.001,64.1361137849269,65.21993085705628,106.61863834292113,0.611712284744129
7,1.0,1.0,0.0017782794100389228,64.13575027289326,65.222008704422,106.61948650004238,0.6117269070170964
7,1.0,1.0,0.0031622776601683794,64.1351039737894,65.22570334225041,106.62099469672792,0.611752905961701
7,1.0,1.0,0.005623413251903491,64.13395507440194,65.23227231717193,106.6236764065424,0.6117991286330219
7,1.0,1.0,0.01,64.13191327741468,65.24395023897775,106.62844444105818,0.6118812909724397
7,1.0,1.0,0.01778279410038923,64.12828639362566,65.26470562667919,106.63692077900042,0.6120272898908715
7,1.0,1.0,0.03162277660168379,64.12184940585949,65.30157907547553,106.65214664707607,0.6122856513293239
7,1.0,1.0,0.05623413251903491,64.11044240079804,65.36703862049774,106.67972980511875,0.612740946568851
7,1.0,1.0,0.1,64.09028235767906,65.48309221469904,106.72841471555206,0.6135488134928428
7,1.0,1.0,0.1778279410038923,64.0548216855014,65.68836454968634,106.81384769342321,0.61497985484265
7,1.0,1.0,0.31622776601683794,63.99296633279787,66.04995666355636,106.97237560418775,0.6174487225370233
7,1.0,1.0,0.5623413251903491,63.8866251909678,66.68236323603048,107.25940320744222,0.621692469303276
7,1.0,1.0,1.0,63.708292233804166,67.77486762550997,107.78515462613244,0.6287959400401324
7,1.0,1.0,1.7782794100389228,63.42135852747905,69.62357212150336,108.75525609783996,0.6401858137216614
7,1.0,1.0,3.1622776601683795,62.98918992902414,72.64920313071691,110.52514876933532,0.6573092544062975
7,1.0,1.0,5.623413251903491,62.399416248752665,77.35633666083329,113.61859333585153,0.6808422318006648
7,1.0,1.0,10.0,61.69582075522516,84.18078711223335,118.550773919386,0.7100821388941408
7,1.0,1.0,17.78279410038923,60.98252253788797,93.2430251303176,125.5137974889621,0.742890638286341
7,1.0,1.0,31.622776601683793,60.37251356565806,104.16874040853357,134.08676005942067,0.7768756614178096
7,1.0,1.0,56.23413251903491,59.92296972738445,116.15376563812335,143.41540332515584,0.809911368967641
7,1.0,1.0,100.0,59.62468938220268,128.23781870240794,152.51353839040348,0.8408290834754967
7,1.0,1.0,177.82794100389228,59.43719382429779,139.58889487049208,160.67220217640988,0.8687806165576208
7,1.0,1.0,316.22776601683796,59.32037657442429,149.66092035396667,167.5379283322809,0.8932957560340699
7,1.0,1.0,562.341325190349,59.24588876847992,158.2108608948249,173.03439305090424,0.9143318741741795
7,1.0,1.0,1000.0,59.19653663397955,165.22993292161712,177.26798135785052,0.9320912420617449
7,1.0,1.0,1778.2794100389228,59.16254839906329,170.8514563580533,180.49446300961426,0.9465745015621486
7,1.0,1.0,3162.2776601683795,59.13840590851952,175.27325999796562,182.8771217989579,0.9584209236989665
7,1.0,1.0,5623.413251903491,59.12088534193038,178.7063364530134,184.64576751984697,0.9678333755134941
7,1.0,1.0,10000.0,59.10799626145546,181.34684449885086,185.94128599004,0.9752909018202915
7,1.0,1.0,17782.794100389227,59.09843652463439,183.3640046692962,186.87385708731608,0.9812180661718781
7,1.0,1.0,31622.776601683792,59.0913123235902,184.8974271572929,187.5914389345625,0.9856389407076869
7,1.0,1.0,56234.13251903491,59.085988687982294,186.05899714920415,188.0842031532889,0.9892324503061312
7,1.0,1.0,100000.0,59.082004409226165,186.93652946097527,188.45404566162173,0.9919475530741789
7,1.0,1.0,177827.94100389228,59.079019931559536,187.5982724699071,188.75851397863562,0.9938533023794633
7,1.0,1.0,316227.7660168379,59.07678326907451,188.09667925045486,188.9734311309858,0.9953604489515606
7,1.0,1.0,562341.3251903491,59.07510658335076,188.47132037273312,189.12997140090835,0.996517468789867
7,1.0,1.0,1000000.0,59.07384946112532,188.75334017448148,189.25322670308395,0.9973586366937525
7,1.0,3.0,0.0,60.58419616736583,38.70747755885502,62.789634740573334,0.6164628559917879
7,1.0,3.0,0.0001,60.584032291913516,38.70784299250408,62.789994446892784,0.6164651443828814
7,1.0,3.0,0.00017782794100389227,60.58390475620154,38.70812739773921,62.790274392709215,0.6164669253656541
7,1.0,3.0,0.00031622776601683794,60.583677973267875,38.708633140513484,62.790772211069815,0.6164700922994745
7,1.0,3.0,0.0005623413251903491,60.583274725251165,38.709532463386786,62.79165744988699,0.6164757236147212
7,1.0,3.0,0.001,60.58255774954493,38.71113161875635,62.793231560954226,0.6164857367020351
7,1.0,3.0,0.0017782794100389228,60.581283120270676,38.7139750730128,62.79603050584748,0.6165035394937551
7,1.0,3.0,0.0031622776601683794,60.57901759160951,38.719030609848446,62.80100695610334,0.6165351876748135
7,1.0,3.0,0.005623413251903491,60.57499238131552,38.728017861453644,62.80985380364908,0.6165914345625121
7,1.0,3.0,0.01,60.56784558270241,38.74399052760055,62.8255775443804,0.6166913547309858
7,1.0,3.0,0.01778279410038923,60.55517171767947,38.77236541991871,62.85351217581379,0.616868717080832
7,1.0,3.0,0.03162277660168379,60.5327444986417,38.82273259145126,62.903104452599656,0.6171830934148242
7,1.0,3.0,0.05623413251903491,60.49320821323776,38.91201240072371,62.99103375457931,0.6177389079266363
7,1.0,3.0,0.1,60.423974025119485,39.06987823327806,63.146591551948035,0.6187171353680574
7,1.0,3.0,0.1778279410038923,60.304136668055705,39.34781695290402,63.420758593370245,0.6204248865136924
7,1.0,3.0,0.31622776601683794,60.1008216152954,39.83351824145098,63.900935859659825,0.6233636128418204
7,1.0,3.0,0.5623413251903491,59.767286252617296,40.67162109225225,64.73277553053306,0.6283002815639864
7,1.0,3.0,1.0,59.249050013492884,42.08813167474592,66.14076214027983,0.6363418006203193
7,1.0,3.0,1.7782794100389228,58.50758674665746,44.406108262892936,68.45471419543283,0.6486932095884147
7,1.0,3.0,3.1622776601683795,57.561713352641384,48.02562226423729,72.06043924030773,0.6664630797500563
7,1.0,3.0,5.623413251903491,56.51535979569036,53.337266866010246,77.32154307753359,0.6898112058178496
7,1.0,3.0,10.0,55.52573072353682,60.571076101916816,84.37578902601513,0.7178727073383725
7,1.0,3.0,17.78279410038923,54.72399810062315,69.64433874031369,92.95722000822724,0.7492084932633503
7,1.0,3.0,31.622776601683793,54.160633558921326,80.10450019258266,102.47130463934694,0.7817261668963287
7,1.0,3.0,56.23413251903491,53.81133673502792,91.22216601627314,112.12426735876105,0.8135809327020349
7,1.0,3.0,100.0,53.61653078400276,102.19513803543882,121.14373882039587,0.8435858017140309
7,1.0,3.0,177.82794100389228,53.516788023118984,112.35431563339165,129.0144269134093,0.8708662924093022
7,1.0,3.0,316.22776601683796,53.46894307402791,121.27841641070151,135.5096108992954,0.8949801833674375
7,1.0,3.0,562.341325190349,53.44703749431788,128.79975466947286,140.67329984762594,0.9155948912052662
7,1.0,3.0,1000.0,53.43730962843873,134.94233065204327,144.6393644526765,0.9329571597792389
7,1.0,3.0,1778.2794100389228,53.43306254305683,139.84307957120697,147.6081639689476,0.9473939368328288
7,1.0,3.0,3162.2776601683795,53.43121804686218,143.68701291913834,149.82524713412107,0.9590307085595001
7,1.0,3.0,5623.413251903491,53.43041205180871,146.66514135486028,151.451222622786,0.9683985300016612
7,1.0,3.0,10000.0,53.43005311136365,148.9521136632033,152.67555809904712,0.975612046340592
7,1.0,3.0,17782.794100389227,53.42988762874672,150.69714899625407,153.5379268942257,0.9814978751150608
7,1.0,3.0,31622.776601683792,53.4298071790309,152.02253297442985,154.19501348627858,0.98591082511211
7,1.0,3.0,56234.13251903491,53.429765193777804,153.0258384075407,154.69131913030023,0.98923352175078
7,1.0,3.0,100000.0,53.42974141824051,153.78346974807613,155.03108777744367,0.9919524654877054
7,1.0,3.0,177827.94100389228,53.4297268289686,154.3544723476948,155.2869972808493,0.9939948292549701
7,1.0,3.0,316227.7660168379,53.42971724522926,154.78458868658296,155.4993666461246,0.995403338451093
7,1.0,3.0,562341.3251903491,53.42971062774817,155.10818610416592,155.64957141855416,0.9965217680366597
7,1.0,3.0,1000000.0,53.429705893520634,155.3515502643097,155.73659237877334,0.9975276066556846
7,2.0,0.1,0.0,79.02152553067842,1239.124729183586,1336.1141786769633,0.9274093104906517
7,2.0,0.1,0.0001,79.02152466858976,1239.1246690590476,1336.114115184375,0.9274093095618982
7,2.0,0.1,0.00017782794100389227,79.0215239976442,1239.1246222653992,1336.1140657101487,0.927409308880227
7,2.0,0.1,0.00031622776601683794,79.02152280451624,1239.124539053268,1336.1139779197888,0.9274093075371275
7,2.0,0.1,0.0005623413251903491,79.02152068280307,1239.1243910789863,1336.1138216856943,0.9274093052309403
7,2.0,0.1,0.001,79.02151690981,1239.1241279398096,1336.1135437811974,0.9274093011834098
7,2.0,0.1,0.0017782794100389228,79.02151020039221,1239.1236600062514,1336.1130495941686,0.9274092939834868
7,2.0,0.1,0.0031622776601683794,79.0214982692298,1239.1228278940887,1336.1121708044218,0.9274092811743946
7,2.0,0.1,0.005623413251903491,79.02147705247017,1239.1213481802295,1336.110608029908,0.9274092584350565
7,2.0,0.1,0.01,79.02143932371546,1239.1187168800336,1336.107828831891,0.9274092181342494
7,2.0,0.1,0.01778279410038923,79.02137223325624,1239.1140378337564,1336.10288627077,0.9274091468302104
7,2.0,0.1,0.03162277660168379,79.02125293339279,1239.1057176269617,1336.0940956374718,0.927409021320287
7,2.0,0.1,0.05623413251903491,79.02104080298456,1239.0909233811624,1336.0784593270967,0.927408802028901
7,2.0,0.1,0.1,79.02066363301789,1239.0646195258014,1336.0506406996135,0.9274084243370999
7,2.0,0.1,0.1778279410038923,79.019993100159,1239.0178579805079,1336.0011329011293,0.9274077899095624
7,2.0,0.1,0.31622776601683794,79.01880127654029,1238.9347473203343,1335.9129827185284,0.9274067722578402
7,2.0,0.1,0.5623413251903491,79.01668368532906,1238.7870937092312,1335.7559333958366,0.927405271230886
7,2.0,0.1,1.0,79.0129237107749,1238.524967391741,1335.4760480317218,0.9274033549438261
7,2.0,0.1,1.7782794100389228,79.00625537045646,1238.0602300778426,1334.9780811273831,0.927401166790923
7,2.0,0.1,3.1622776601683795,78.99445359935244,1237.238187998012,1334.0991356228546,0.9273959895194589
7,2.0,0.1,5.623413251903491,78.97364318666698,1235.790110498125,1332.5659326684952,0.9273763347854959
7,2.0,0.1,10.0,78.93718380644317,1233.2577017967587,1329.845403635956,0.9273692253437016
7,2.0,0.1,17.78279410038923,78.87402235067394,1228.8850814113528,1325.1756121357241,0.9273375318391316
7,2.0,0.1,31.622776601683793,78.7666934334839,1221.5001604754102,1317.2226229131331,0.9273300801454307
7,2.0,0.1,56.23413251903491,78.59009204720343,1209.489283573861,1304.156457915765,0.9274111830928659
7,2.0,0.1,100.0,78.31407102848553,1191.1375389511848,1283.7898316452715,0.9278290804224971
7,2.0,0.1,177.82794100389228,77.91440295843334,1165.7393195479967,1254.588503688317,0.9291806166889655
7,2.0,0.1,316.22776601683796,77.39194241592774,1135.400710272346,1217.474049199004,0.9325871964329299
7,2.0,0.1,562.341325190349,76.78582163784513,1105.8069797135747,1177.3738896896198,0.9392147977776952
7,2.0,0.1,1000.0,76.16280698951404,1083.5088388813504,1142.1107711249413,0.9486897998642724
7,2.0,0.1,1778.2794100389228,75.58867199018783,1071.3020548152385,1117.3343954587906,0.9588016435986912
7,2.0,0.1,3162.2776601683795,75.1037296574031,1067.1976537259218,1102.8133353951323,0.9677047052967948
7,2.0,0.1,5623.413251903491,74.71709463238025,1067.601115708528,1095.0373100263291,0.9749449684804424
7,2.0,0.1,10000.0,74.41830426987718,1069.8980617532382,1090.954324927429,0.9806992257209378
7,2.0,0.1,17782.794100389227,74.19085564496973,1072.71946360263,1088.8209691840395,0.9852119806312364
7,2.0,0.1,31622.776601683792,74.01897174842095,1075.4424188975859,1087.6633950773867,0.9887640089432896
7,2.0,0.1,56234.13251903491,73.88955176756284,1077.8216412616284,1087.1294283423317,0.9914381978465104
7,2.0,0.1,100000.0,73.79228865896212,1079.79365417029,1086.8380644154422,0.9935184362088559
7,2.0,0.1,177827.94100389228,73.71926520973275,1081.3776336267513,1086.6181980515246,0.9951771795887733
7,2.0,0.1,316227.7660168379,73.6644697727241,1082.6242237073752,1086.636494348845,0.996307623881274
7,2.0,0.1,562341.3251903491,73.6233642119866,1083.5921345587612,1086.516436366245,0.9973085526278243
7,2.0,0.1,1000000.0,73.59253315765936,1084.335954163101,1086.6124358084787,0.9979049736867
7,2.0,1.0,0.0,56.71045236298133,83.9776427260873,108.74183328165921,0.7722662032795733
7,2.0,1.0,0.0001,56.710309098981895,83.97811576246366,108.74225944355186,0.7722675268307877
7,2.0,1.0,0.00017782794100389227,56.71019760129511,83.97848391435264,108.74259111315718,0.7722685569168102
7,2.0,1.0,0.00031622776601683794,56.709999331012206,83.97913858567733,108.74318090698301,0.7722703886831451
7,2.0,1.0,0.0005623413251903491,56.70964676293267,83.98030275650957,108.74422970178993,0.7722736460298569
7,2.0,1.0,0.001,56.70901983594843,83.98237292154396,108.7460946779765,0.7722794383580953
7,2.0,1.0,0.0017782794100389228,56.70790510339986,83.98605407636961,108.74941089266147,0.7722897382797417
7,2.0,1.0,0.0031622776601683794,56.70592317305338,83.9925996384564,108.7553073088918,0.772308052975261
7,2.0,1.0,0.005623413251903491,56.70239993438151,84.00423770707367,108.76579044482493,0.7723406170590708
7,2.0,1.0,0.01,56.696138383382404,84.0249278509481,108.78442499464246,0.7723985106791368
7,2.0,1.0,0.01778279410038923,56.68501544550974,84.06170303097436,108.81753906636996,0.7725014161522571
7,2.0,1.0,0.03162277660168379,56.66527314171963,84.12704374879716,108.87635136772384,0.7726842669870773
7,2.0,1.0,0.05623413251903491,56.6302835729313,84.24306165988064,108.98070343132599,0.7730089732166784
7,2.0,1.0,0.1,56.56843214124841,84.44881915326148,109.16553847318752,0.7735849640315127
7,2.0,1.0,0.1778279410038923,56.45959797802228,84.81297163176079,109.50030198013496,0.7745455500857629
7,2.0,1.0,0.31622776601683794,56.2696334698013,85.45509758256625,110.10442148733871,0.7761277560719306
7,2.0,1.0,0.5623413251903491,55.942695092328684,86.58015717022137,111.15644039951302,0.7789036501982182
7,2.0,1.0,1.0,55.39345360459831,88.52967812624875,112.98685904133986,0.7835395981213827
7,2.0,1.0,1.7782794100389228,54.50734018975232,91.84531599323623,116.17582791864359,0.7905716502193063
7,2.0,1.0,3.1622776601683795,53.16774613673794,97.31542896296344,121.51721764120683,0.8008365468858752
7,2.0,1.0,5.623413251903491,51.331999860332246,105.92832177633974,130.1314933256071,0.8140098839202002
7,2.0,1.0,10.0,49.13544887381398,118.62803188706685,142.93956555523187,0.8299173949932636
7,2.0,1.0,17.78279410038923,46.91119382683875,135.8775106016029,160.46991433438836,0.8467475736196902
7,2.0,1.0,31.622776601683793,45.02885558895889,157.29208225555837,181.96192172190746,0.8644230659200663
7,2.0,1.0,56.23413251903491,43.682662996744256,181.66009805180266,205.9394445927888,0.8821044380837555
7,2.0,1.0,100.0,42.84591603003976,207.31604001467161,230.60497564237494,0.8990093966410331
7,2.0,1.0,177.82794100389228,42.377768973953685,232.57658506956165,254.1900315349437,0.9149713057791141
7,2.0,1.0,316.22776601683796,42.133153101985954,256.0615252023833,275.46016038221234,0.9295773473996651
7,2.0,1.0,562.341325190349,42.00923965963242,276.8639440273442,293.79771781694717,0.9423624733526565
7,2.0,1.0,1000.0,41.946081649883176,294.572191414171,308.76640458755634,0.9540292824527149
7,2.0,1.0,1778.2794100389228,41.912563338025265,309.1778746990266,320.99344214723453,0.9631906266708453
7,2.0,1.0,3162.2776601683795,41.89357430811152,320.9346237068867,330.4146604898103,0.9713086678149504
7,2.0,1.0,5623.413251903491,41.88198562625177,330.22571389464224,337.768423969034,0.9776689899376643
7,2.0,1.0,10000.0,41.87441965592993,337.4684408032327,343.4342131646086,0.9826290680057653
7,2.0,1.0,17782.794100389227,41.86921847424413,343.0575988675886,347.70495669398036,0.9866341916129715
7,2.0,1.0,31622.776601683792,41.86551587023069,347.33873374367295,350.7873000887988,0.9901690672830719
7,2.0,1.0,56234.13251903491,41.862821942971365,350.6000434637686,353.291284787867,0.9923823727332691
7,2.0,1.0,100000.0,41.860836327246496,353.07437658244896,355.1590552299969,0.9941302956609175
7,2.0,1.0,177827.94100389228,41.85936177148729,354.9461524396953,356.4996353778265,0.9956423996437338
7,2.0,1.0,316227.7660168379,41.858262057979715,356.35891365424715,357.4193537997599,0.9970330645662047
7,2.0,1.0,562341.3251903491,41.85743992006214,357.4238658385672,358.19033280629833,0.997860168470416
7,2.0,1.0,1000000.0,41.85682446156322,358.2249188626252,358.77311458122085,0.9984720267592082
7,2.0,3.0,0.0,56.017678632584584,49.75888763302267,63.967704113941906,0.7778751531302435
7,2.0,3.0,0.0001,56.01742103913329,49.75948041743478,63.96836376097716,0.7778763984547894
7,2.0,3.0,0.00017782794100389227,56.017220565922486,49.75994176379423,63.96887714470422,0.7778773676335148
7,2.0,3.0,0.00031622776601683794,56.01686408253113,49.76076215452955,63.96979005095429,0.7778790912850155
7,2.0,3.0,0.0005623413251903491,56.01623019969777,49.76222100054845,63.971413377550704,0.7778821566260932
7,2.0,3.0,0.001,56.0151031187852,49.76481511644001,63.974299865530725,0.7778876083214977
7,2.0,3.0,0.0017782794100389228,56.01309929620226,49.7694278000769,63.979432102638675,0.7778973048750191
7,2.0,3.0,0.0031622776601683794,56.00953733734125,49.77762924150465,63.98855624777529,0.7779145547331408
7,2.0,3.0,0.005623413251903491,56.003207594440845,49.79220990663223,64.0047739743835,0.7779452502489965
7,2.0,3.0,0.01,55.99196548075204,49.818126431570114,64.03358961742542,0.7779999017580164
7,2.0,3.0,0.01778279410038923,55.97201780036761,49.86417545920726,64.08475645158099,0.778097292089765
7,2.0,3.0,0.03162277660168379,55.93668343701996,49.94594432914701,64.1755079604366,0.7782711180087278
7,2.0,3.0,0.05623413251903491,55.87428181751801,50.09097734243383,64.33614473809405,0.7785822036174089
7,2.0,3.0,0.1,55.76465946712032,50.34771193420882,64.61947827704121,0.7791414179847528
7,2.0,3.0,0.1778279410038923,55.57384757137125,50.800602917011,65.11611808462256,0.7801540449784241
7,2.0,3.0,0.31622776601683794,55.24691385545061,51.594733898745204,65.97728236368917,0.7820075645786306
7,2.0,3.0,0.5623413251903491,54.70131715955682,52.97307676337007,67.50064301024149,0.7847788465560656
7,2.0,3.0,1.0,53.82840632858288,55.32554577666922,70.08397338247144,0.7894179383172156
7,2.0,3.0,1.7782794100389228,52.51751156643681,59.235962603047255,74.37364579700939,0.796464419193891
7,2.0,3.0,3.1622776601683795,50.713487454290096,65.48788123114642,81.23087878833077,0.8061944202498778
7,2.0,3.0,5.623413251903491,48.488853561336605,74.96531151199576,91.57033884885732,0.8186636901686123
7,2.0,3.0,10.0,46.07550202269431,88.399017036431,106.05380773654863,0.8335298743447815
7,2.0,3.0,17.78279410038923,43.80731493713851,106.00945208724538,124.8170334411787,0.84931879219196
7,2.0,3.0,31.622776601683793,41.979470476432354,127.25426103410895,146.9210154831198,0.8661406308393613
7,2.0,3.0,56.23413251903491,40.71519636300212,150.89905379702947,170.88756380084112,0.8830312191289296
7,2.0,3.0,100.0,39.95317409430466,175.36955708408513,194.8995993342059,0.8997943437706537
7,2.0,3.0,177.82794100389228,39.542996842880655,199.14040030090166,217.49828106546857,0.915595283444833
7,2.0,3.0,316.22776601683796,39.34050111567653,221.00661015877972,237.66702568949307,0.9299001807996713
7,2.0,3.0,562.341325190349,39.24659149750622,240.21375726690235,254.8080762029764,0.9427242685806849
7,2.0,3.0,1000.0,39.20486833170183,256.4573212447607,268.76532297052216,0.9542053952878757
7,2.0,3.0,1778.2794100389228,39.186837208478906,269.78699782154393,279.92977651177927,0.9637667031473927
7,2.0,3.0,3162.2776601683795,39.179171314605625,280.47463307738343,288.7846899472813,0.9712240393650545
7,2.0,3.0,5623.413251903491,39.17593865300394,288.8954444133555,295.4945664300679,0.9776675351549176
7,2.0,3.0,10000.0,39.174578373178264,295.4446934950512,300.63519365765353,0.9827348884225677
7,2.0,3.0,17782.794100389227,39.17400440931631,300.48988857979697,304.5392286238086,0.9867033877300133
7,2.0,3.0,31622.776601683792,39.173760374091984,304.3492271093998,307.40578723555865,0.9900569206791912
7,2.0,3.0,56234.13251903491,39.17365516667306,307.2862611015977,309.64301075993626,0.9923888168747793
7,2.0,3.0,100000.0,39.17360876012036,309.51294114705973,311.3358348294956,0.9941449281499055
7,2.0,3.0,177827.94100389228,39.173587542083986,311.19631431775235,312.488106180126,0.9958661087035773
7,2.0,3.0,316227.7660168379,39.1735773200764,312.46643101793177,313.5128363532237,0.9966623206007649
7,2.0,3.0,562341.3251903491,39.17357203263656,313.4234867551125,314.09512244495517,0.9978616806125018
7,2.0,3.0,1000000.0,39.17356906559393,314.1433680245495,314.72461378371935,0.9981531607833848
8,-2.0,0.1,0.0,114.09532596171573,1895.553729326446,2018.2036071216241,0.939228194141372
8,-2.0,0.1,0.0001,114.09532578427893,1895.5537624603342,2018.2036249284436,0.9392282022719793
8,-2.0,0.1,0.00017782794100389227,114.09532564618337,1895.5537882477838,2018.20363878716,0.9392282085998603
8,-2.0,0.1,0.00031622776601683794,114.09532540061116,1895.553834105075,2018.2036634318324,0.9392282198525996
8,-2.0,0.1,0.0005623413251903491,114.09532496391522,1895.5539156521195,2018.2037072569203,0.9392282398631094
8,-2.0,0.1,0.001,114.09532418734847,1895.5540606654563,2018.2037851901055,0.9392282754473695
8,-2.0,0.1,0.0017782794100389228,114.09532280639745,1895.5543185394213,2018.2039237768688,0.9392283387260882
8,-2.0,0.1,0.0031622776601683794,114.09532035068615,1895.554777110472,2018.2041702222161,0.9392284512531556
8,-2.0,0.1,0.005623413251903491,114.0953159837625,1895.5555925750518,2018.204608468869,0.9392286513571753
8,-2.0,0.1,0.01,114.09530821820718,1895.5570426898369,2018.2053877874596,0.9392290071962988
8,-2.0,0.1,0.01778279410038923,114.09529440905311,1895.5596213703436,2018.206773613408,0.9392296399721838
8,-2.0,0.1,0.03162277660168379,114.09526985306725,1895.564206893882,2018.2092379351227,0.9392307652071191
8,-2.0,0.1,0.05623413251903491,114.0952261873966,1895.572360948493,2018.21361998517,0.9392327661342519
8,-2.0,0.1,0.1,114.09514854311517,1895.5868602269068,2018.221411854176,0.9392363241679204
8,-2.0,0.1,0.1778279410038923,114.09501048721951,1895.612641121144,2018.2352659498326,0.9392426507962245
8,-2.0,0.1,0.31622776601683794,114.09476504005458,1895.6584776689929,2018.2598960030143,0.9392538995711985
8,-2.0,0.1,0.5623413251903491,114.09432873959862,1895.7399591433657,2018.3036748943018,0.9392738975430173
8,-2.0,0.1,1.0,114.0935534226693,1895.8847652578359,2018.3814621112856,0.9393094421679267
8,-2.0,0.1,1.7782794100389228,114.09217642027825,1896.1419846367382,2018.5195879116525,0.9393725956350389
8,-2.0,0.1,3.1622776601683795,114.0897331741891,1896.598489883897,2018.764578957458,0.9394847272698579
8,-2.0,0.1,5.623413251903491,114.08540554885093,1897.407445140024,2019.198245661642,0.9396835844210483
8,-2.0,0.1,10.0,114.0777635944028,1898.8371052765942,2019.9631865008037,0.9400355006300699
8,-2.0,0.1,17.78279410038923,114.06434158474582,1901.3518174579883,2021.304125188557,0.9406559823255796
8,-2.0,0.1,31.622776601683793,114.04098949212084,1905.738939732321,2023.7448100610154,0.941689352460829
8,-2.0,0.1,56.23413251903491,114.00102130118503,1913.28617800752,2027.9547494902863,0.9434560502340659
8,-2.0,0.1,100.0,113.93449829780475,1925.971262041154,2035.3745203813069,0.9462490773837253
8,-2.0,0.1,177.82794100389228,113.82878072613865,1946.5155966429966,2048.038629043262,0.9504291418332809
8,-2.0,0.1,316.22776601683796,113.67261950506291,1977.9792684210422,2068.8340698898833,0.9560840558500291
8,-2.0,0.1,562.341325190349,113.46547230407518,2022.5234393413814,2100.708870962289,0.9627814055047559
8,-2.0,0.1,1000.0,113.22702004492746,2079.50876539446,2144.625675214101,0.9696371676548448
8,-2.0,0.1,1778.2794100389228,112.99280292014012,2144.416064556536,2197.4934560962115,0.9758463938118087
8,-2.0,0.1,3162.2776601683795,112.79294017772557,2210.43260231625,2252.9839317115,0.981113345374405
8,-2.0,0.1,5623.413251903491,112.6373354631518,2271.704347015543,2305.3433413367866,0.9854082497309328
8,-2.0,0.1,10000.0,112.5210588963124,2325.05626424939,2351.5768413304827,0.9887222154024583
8,-2.0,0.1,17782.794100389227,112.43512921698365,2369.581736179302,2390.154220951657,0.9913928211861727
8,-2.0,0.1,31622.776601683792,112.37159230474467,2405.6791884481067,2421.5699566246035,0.9934378240310485
8,-2.0,0.1,56234.13251903491,112.32444716680988,2434.349193888271,2446.434746881607,0.9950599324144079
8,-2.0,0.1,100000.0,112.2893438508608,2456.7841211577975,2465.9942708740423,0.9962651374234619
8,-2.0,0.1,177827.94100389228,112.26313845190631,2474.150744228452,2480.9427387424535,0.9972623332219895
8,-2.0,0.1,316227.7660168379,112.24354115704577,2487.4858948395895,2492.808617334633,0.9978647688964047
8,-2.0,0.1,562341.3251903491,112.22886931575019,2497.6629758979025,2501.200856450801,0.9985855272103502
8,-2.0,0.1,1000000.0,112.21787745655972,2505.3988055858736,2508.4057393923063,0.9988012570059096
8,-2.0,1.0,0.0,47.08096946216009,5.771190809035632,93.9678267255679,0.0614166679185881
8,-2.0,1.0,0.0001,47.08080026111813,5.771161157889626,93.96764109042184,0.06141647370222091
8,-2.0,1.0,0.00017782794100389227,47.08066857768648,5.771138085258051,93.96749661619377,0.06141632259109784
8,-2.0,1.0,0.00031622776601683794,47.080434412629984,5.77109706485183,93.96723970451234,0.06141605396731367
8,-2.0,1.0,0.0005623413251903491,47.08001801715813,5.77102414813409,93.96678285597044,0.06141557657645626
8,-2.0,1.0,0.001,47.07927759844476,5.770894573614996,93.96597049023298,0.06141472858213958
8,-2.0,1.0,0.0017782794100389228,47.077961081327906,5.770664444089777,93.96452599906252,0.061413223583412224
8,-2.0,1.0,0.0031622776601683794,47.07562043366212,5.770256126792958,93.96195767616462,0.061410556671029244
8,-2.0,1.0,0.005623413251903491,47.07145964940823,5.76953292355467,93.95739170057236,0.06140584385251218
8,-2.0,1.0,0.01,47.06406548262097,5.768256023736086,93.94927597563917,0.06139755696714237
8,-2.0,1.0,0.01778279410038923,47.05093196744647,5.766014242720883,93.934856124437,0.06138311677491209
8,-2.0,1.0,0.03162277660168379,47.02762542119844,5.762118821237741,93.90925200845464,0.06135837202407893
8,-2.0,1.0,0.05623413251903491,46.98633260832016,5.755477997607551,93.8638416723858,0.061317307016859286
8,-2.0,1.0,0.1,46.91338169149369,5.744564546347199,93.7834689303248,0.061253487548163184
8,-2.0,1.0,0.1778279410038923,46.785149255992785,5.72793679203933,93.64172778758312,0.06116863632666604
8,-2.0,1.0,0.31622776601683794,46.56172879027239,5.706866475091164,93.3933286290889,0.06110571877950677
8,-2.0,1.0,0.5623413251903491,46.17840007386782,5.694722679357842,92.96282197783378,0.06125806594722029
8,-2.0,1.0,1.0,45.537763432546754,5.745281815111829,92.23273281694642,0.06229113720954625
8,-2.0,1.0,1.7782794100389228,44.51281931296457,6.025431890218663,91.04893454154272,0.06617795057743868
8,-2.0,1.0,3.1622776601683795,42.982865337222556,6.962915543078567,89.21746863010337,0.07804430735360687
8,-2.0,1.0,5.623413251903491,40.922756840979375,9.436051850763265,86.61740543167278,0.10893944241041478
8,-2.0,1.0,10.0,38.511185532396055,14.77045423801875,83.32019276831298,0.17727340452860807
8,-2.0,1.0,17.78279410038923,36.12941835524066,24.196832086571384,79.59406899634656,0.3040029538844413
8,-2.0,1.0,31.622776601683793,34.16704977902631,37.97330577105775,75.80419380888327,0.5009393789846991
8,-2.0,1.0,56.23413251903491,32.79965116407815,55.094283086430245,72.18757855959265,0.7632100173709045
8,-2.0,1.0,100.0,31.96581832228751,73.89526337940154,80.0262024570146,0.9233883541967864
8,-2.0,1.0,177.82794100389228,31.50204549405678,92.78872362147284,99.21673695095582,0.9352124094480104
8,-2.0,1.0,316.22776601683796,31.257708928488647,110.59258490072793,116.81183551193062,0.9467583863916984
8,-2.0,1.0,562.341325190349,31.131751020859575,126.56421491235524,132.31305651081098,0.9565512145962253
8,-2.0,1.0,1000.0,31.066304213972696,140.34104043515097,145.41848040995106,0.9650839428352833
8,-2.0,1.0,1778.2794100389228,31.031083558194464,151.85523046468919,156.15412260832184,0.97247019757259
8,-2.0,1.0,3162.2776601683795,31.01103268865171,161.23902817089385,164.74525182648995,0.9787173007007882
8,-2.0,1.0,5623.413251903491,30.998837755433122,168.73674816811734,171.56418108191625,0.9835196781987442
8,-2.0,1.0,10000.0,30.990938471002263,174.63631029540178,176.8520472527998,0.9874712394240439
8,-2.0,1.0,17782.794100389227,30.985554172276434,179.22408778446072,180.90204347963137,0.990724506683864
8,-2.0,1.0,31622.776601683792,30.98174808294891,182.75996749845783,184.1221068573536,0.9926019782081297
8,-2.0,1.0,56234.13251903491,30.978992785993412,185.4667036733378,186.41640059397818,0.9949055076827235
8,-2.0,1.0,100000.0,30.97696865346625,187.52819252644605,188.32604676687268,0.9957634418917406
8,-2.0,1.0,177827.94100389228,30.975468608267725,189.0921251706474,189.65053831894613,0.9970555678183226
8,-2.0,1.0,316227.7660168379,30.97435128313567,190.27523273453616,190.6889425759871,0.997830446611837
8,-2.0,1.0,562341.3251903491,30.97351659478645,191.16829459831712,191.46830139137757,0.9984331255310653
8,-2.0,1.0,1000000.0,30.97289201281782,191.8412926190527,192.0823872782293,0.9987448372409732
8,-2.0,3.0,0.0,44.78438427592111,3.971635023693611,50.61989093776285,0.07845996801092946
8,-2.0,3.0,0.0001,44.784166308481794,3.971605748876239,50.62004709671869,0.07845914764337877
8,-2.0,3.0,0.00017782794100389227,44.7839966734188,3.971582967408346,50.62016862470353,0.07845850923282274
8,-2.0,3.0,0.00031622776601683794,44.783695024627555,3.9715424610420587,50.62038473407554,0.0784573740777711
8,-2.0,3.0,0.0005623413251903491,44.78315863961856,3.9714704466356077,50.62076900916628,0.07845535586226404
8,-2.0,3.0,0.001,44.78220489466426,3.971342439384166,50.62145227389722,0.07845176819298752
8,-2.0,3.0,0.0017782794100389228,44.780509177771,3.9711149790012827,50.622667059847956,0.07844539234383852
8,-2.0,3.0,0.0031622776601683794,44.77749469322593,3.9707110355636295,50.624826491544944,0.07843406705259116
8,-2.0,3.0,0.005623413251903491,44.77213717447779,3.969994433075589,50.62866403323502,0.07841396783587849
8,-2.0,3.0,0.01,44.76261972473253,3.968725555022567,50.6354802486629,0.07837835319291489
8,-2.0,3.0,0.01778279410038923,44.74572567922352,3.9664863231420275,50.647576138865354,0.07831542248471533
8,-2.0,3.0,0.03162277660168379,44.71577976789457,3.962558586948009,50.66900630307894,0.07820478189853945
8,-2.0,3.0,0.05623413251903491,44.662829878244104,3.955744895538798,50.706863647936814,0.0780120206803552
8,-2.0,3.0,0.1,44.569611792564174,3.944165301200562,50.773400527184975,0.0776817242935853
8,-2.0,3.0,0.1778279410038923,44.40674353536703,3.9252524766853405,50.889305644195865,0.07713315060986752
8,-2.0,3.0,0.31622776601683794,44.12587356928921,3.89682063230548,51.090145538543844,0.0762734298606687
8,-2.0,3.0,0.5623413251903491,43.65199317483638,3.8620985524980456,51.42422476095951,0.07510270831404137
8,-2.0,3.0,1.0,42.88024531779396,3.847095218093531,51.95127627649951,0.07405198666570179
8,-2.0,3.0,1.7782794100389228,41.68969272604234,3.950553139771638,52.744132516323724,0.07490033395750675
8,-2.0,3.0,3.1622776601683795,39.99078198374778,4.460099163711739,53.792965492725386,0.08291231247169101
8,-2.0,3.0,5.623413251903491,37.80923988846764,6.038091380675206,54.981045619081236,0.10982132683521899
8,-2.0,3.0,10.0,35.36301976104046,9.81261688504766,56.040646361358235,0.17509821035564938
8,-2.0,3.0,17.78279410038923,33.031774186334076,17.01069406360831,56.663871820494066,0.30020352505202297
8,-2.0,3.0,31.622776601683793,31.167267766852127,28.133933493444502,56.64777594105758,0.4966467443085155
8,-2.0,3.0,56.23413251903491,29.902653445789117,42.493353205014294,56.0016299145996,0.7587877936734176
8,-2.0,3.0,100.0,29.15402945867437,58.63088010675714,63.56063091441197,0.922440184486321
8,-2.0,3.0,177.82794100389228,28.75389535787078,75.04190104983884,80.31709351656637,0.9343204262534791
8,-2.0,3.0,316.22776601683796,28.555096997757367,90.57693297651814,95.77305448116785,0.9457454757729228
8,-2.0,3.0,562.341325190349,28.461283331672167,104.51906390328796,109.33236758747907,0.9559754920669774
8,-2.0,3.0,1000.0,28.41857746553459,116.5268555616654,120.77283673301136,0.9648432438435439
8,-2.0,3.0,1778.2794100389228,28.39961255469118,126.54016985238574,130.08815766669633,0.9727262813314567
8,-2.0,3.0,3162.2776601683795,28.3913285762483,134.68210025696467,137.6241735593375,0.9786224089396306
8,-2.0,3.0,5623.413251903491,28.387747449665472,141.17411615793912,143.52836223249253,0.9835973459326464
8,-2.0,3.0,10000.0,28.386208012045234,146.27341339093564,148.15594502541853,0.9872935801924121
8,-2.0,3.0,17782.794100389227,28.38554722861675,150.23323338382855,151.6817561752722,0.9904502503928696
8,-2.0,3.0,31622.776601683792,28.385262789901198,153.28169449889282,154.42805989637696,0.9925767027167642
8,-2.0,3.0,56234.13251903491,28.385139325240758,155.61326603937985,156.4857251306205,0.994424672982073
8,-2.0,3.0,100000.0,28.385084856313956,157.3877652884114,158.05128780519817,0.9958018531452615
8,-2.0,3.0,177827.94100389228,28.385060151989332,158.73332549498355,159.2017100293255,0.997057917692871
8,-2.0,3.0,316227.7660168379,28.385048449075473,159.75085642860944,160.1402991950477,0.9975681151565482
8,-2.0,3.0,562341.3251903491,28.385042556231973,160.5186223916565,160.7677873603193,0.9984501561366621
8,-2.0,3.0,1000000.0,28.38503935354165,161.0972243301953,161.3147104038637,0.9986517901986501
8,-1.0,0.1,0.0,471.090051452979,7809.698232506081,8314.384688067443,0.9392996024966619
8,-1.0,0.1,0.0001,471.0900504166244,7809.698347298916,8314.384732871982,0.9392996112415001
8,-1.0,0.1,0.00017782794100389227,471.0900496100508,7809.69843663994,8314.384767742595,0.9392996180474241
8,-1.0,0.1,0.00031622776601683794,471.09004817573833,7809.698595513261,8314.384829752309,0.9392996301502582
8,-1.0,0.1,0.0005623413251903491,471.09004562513076,7809.698878034341,8314.384940022863,0.9392996516724743
8,-1.0,0.1,0.001,471.09004108944083,7809.699380435542,8314.385136114613,0.9392996899449721
8,-1.0,0.1,0.0017782794100389228,471.09003302372656,7809.700273844744,8314.385484820235,0.9392997580041355
8,-1.0,0.1,0.0031622776601683794,471.09001868066406,7809.701862573947,8314.386104915402,0.9392998790321887
8,-1.0,0.1,0.005623413251903491,471.08999317478794,7809.704687772198,8314.387207615191,0.9393000942533982
8,-1.0,0.1,0.01,471.08994781852164,7809.709711744471,8314.389168515052,0.9393004769753017
8,-1.0,0.1,0.01778279410038923,471.08986716338,7809.718645708947,8314.392655516258,0.9393011575568926
8,-1.0,0.1,0.03162277660168379,471.0897237390795,7809.734532597995,8314.398856294329,0.9393023678056673
8,-1.0,0.1,0.05623413251903491,471.0894687003283,7809.762783305965,8314.40988274356,0.9393045199172846
8,-1.0,0.1,0.1,471.08901520093315,7809.813018998462,8314.429490007558,0.9393083468185576
8,-1.0,0.1,0.1778279410038923,471.0882088495694,7809.902345899027,8314.464354533668,0.93931515162976
8,-1.0,0.1,0.31622776601683794,471.08677523907414,7810.061174492362,8314.526344967051,0.9393272509407523
8,-1.0,0.1,0.5623413251903491,471.08422685112413,7810.343554156356,8314.636554604447,0.939348762013076
8,-1.0,0.1,1.0,471.0796981768926,7810.845508252651,8314.83245379864,0.9393869992755246
8,-1.0,0.1,1.7782794100389228,471.07165462848906,7811.737503943037,8315.180550694942,0.939454947047442
8,-1.0,0.1,3.1622776601683795,471.05738155050864,7813.321766177501,8315.798721477922,0.9395756232047041
8,-1.0,0.1,5.623413251903491,471.03209636987094,7816.132854848582,8316.895337795933,0.9397897337156994
8,-1.0,0.1,10.0,470.9874345249139,7821.112302610384,8318.837015283612,0.9401689548961238
8,-1.0,0.1,17.78279410038923,470.90895634768935,7829.905994999575,8322.372867830434,0.9408261465027052
8,-1.0,0.1,31.622776601683793,470.7723106984851,7845.35230813438,8329.01544933378,0.9419303344865224
8,-1.0,0.1,56.23413251903491,470.5381363559251,7872.227024768035,8340.876137484334,0.9438129634115815
8,-1.0,0.1,100.0,470.1476054804777,7918.210375364129,8362.965966858681,0.9468184381884298
8,-1.0,0.1,177.82794100389228,469.52522577863573,7994.650886681858,8403.669612606416,0.9513285570733306
8,-1.0,0.1,316.22776601683796,468.60253956648506,8115.768464375718,8477.031124431433,0.9573833509924803
8,-1.0,0.1,562.341325190349,467.37343843334196,8293.902462481936,8599.618159157179,0.9644500847575767
8,-1.0,0.1,1000.0,465.9519110016766,8530.112611169314,8780.339608485836,0.9715014443092055
8,-1.0,0.1,1778.2794100389228,464.54791893120205,8806.915217867341,9007.439171114773,0.9777379619847475
8,-1.0,0.1,3162.2776601683795,463.3419338143035,9094.079749244504,9252.495008172757,0.9828786442156062
8,-1.0,0.1,5623.413251903491,462.39624046338145,9364.163600957796,9488.771269309907,0.9868678815396112
8,-1.0,0.1,10000.0,461.68489933995363,9601.53701330237,9698.120910600852,0.990040967916485
8,-1.0,0.1,17782.794100389227,461.15650253287004,9801.023396324954,9875.54558553041,0.9924538661120004
8,-1.0,0.1,31622.776601683792,460.76440253292975,9963.61862548916,10020.332957387005,0.9943400751113729
8,-1.0,0.1,56234.13251903491,460.47278550213593,10093.299054798956,10137.185879356071,0.9956707092994626
8,-1.0,0.1,100000.0,460.25534352907226,10195.103294864974,10225.971931249904,0.9969813493922668
8,-1.0,0.1,177827.94100389228,460.0928798629269,10274.102218118673,10299.475559938486,0.9975364433196475
8,-1.0,0.1,316227.7660168379,459.9713232052485,10334.880845851707,10353.122328599005,0.9982380694279146
8,-1.0,0.1,562341.3251903491,459.88029052398923,10381.351203830396,10393.41526161758,0.9988392595231198
8,-1.0,0.1,1000000.0,459.8120787950954,10416.720648152,10424.607467405207,0.9992434420885519
8,-1.0,1.0,0.0,74.60369817897299,8.239804888838137,141.4293354376524,0.0582609319582822
8,-1.0,1.0,0.0001,74.60352806060155,8.239722768692362,141.42911449887063,0.058260442327510716
8,-1.0,1.0,0.00017782794100389227,74.60339566392604,8.239658861146966,141.42894253974075,0.05826006129425501
8,-1.0,1.0,0.00031622776601683794,74.60316023203018,8.23954522621455,141.42863677204286,0.058259383773140605
8,-1.0,1.0,0.0005623413251903491,74.60274158852839,8.239343184880715,141.42809302744462,0.05825817918142926
8,-1.0,1.0,0.001,74.60199718725126,8.238984004312787,141.42712615452754,0.058256037779560225
8,-1.0,1.0,0.0017782794100389228,74.60067363564049,8.238345614063217,141.42540687948525,0.05825223201290466
8,-1.0,1.0,0.0031622776601683794,74.59832062917032,8.237211430974867,141.4223498865812,0.058245471367015175
8,-1.0,1.0,0.005623413251903491,74.59413834291973,8.235197864680625,141.41691476862223,0.05823347142139648
8,-1.0,1.0,0.01,74.58670744023871,8.231627693300247,141.4072531182146,0.05821220278155544
8,-1.0,1.0,0.01778279410038923,74.57351332865602,8.225312103644407,141.39008303227234,0.058174604097000045
8,-1.0,1.0,0.03162277660168379,74.55011389818198,8.214185731675963,141.35958470482572,0.05810844555626052
8,-1.0,1.0,0.05623413251903491,74.50870246813012,8.194728247920175,141.30546059880425,0.05799300475150583
8,-1.0,1.0,0.1,74.43568520365524,8.161153512780103,141.20956245922127,0.057794623612242225
8,-1.0,1.0,0.1778279410038923,74.30777753435767,8.104626317136864,141.04013635863907,0.05746326206412828
8,-1.0,1.0,0.31622776601683794,74.08625684205448,8.013792617255863,140.74234995828837,0.05693945439756335
8,-1.0,1.0,0.5623413251903491,73.71008289200016,7.880983332615471,140.2246083795887,0.05620256974640008
8,-1.0,1.0,1.0,73.09212567784148,7.725951455828415,139.3360048000907,0.05544834923976079
8,-1.0,1.0,1.7782794100389228,72.13018115193277,7.661584826267455,137.852138064385,0.05557828071327445
8,-1.0,1.0,3.1622776601683795,70.75082953370423,8.028150646028813,135.45713543599618,0.05926709301941597
8,-1.0,1.0,5.623413251903491,68.98611421449135,9.559237426104035,131.78635863286658,0.07253586429786997
8,-1.0,1.0,10.0,67.02154471429425,13.380596688190398,126.57416842996514,0.10571348683672394
8,-1.0,1.0,17.78279410038923,65.13164933447536,20.608012457379246,119.99093969591642,0.17174640443357228
8,-1.0,1.0,31.622776601683793,63.54334684594168,31.716071419078553,112.81953734808742,0.28112215458944373
8,-1.0,1.0,56.23413251903491,62.354863296357344,46.223525536460855,106.15597827393108,0.4354302629775873
8,-1.0,1.0,100.0,61.54349021453954,62.92224074293936,100.70652849164536,0.6248079611656895
8,-1.0,1.0,177.82794100389228,61.02189309365658,80.36825383342554,96.62601382648731,0.8317455170793234
8,-1.0,1.0,316.22776601683796,60.69529956348386,97.28809675449612,102.96471524806446,0.9448683126069729
8,-1.0,1.0,562.341325190349,60.49023983783141,112.77762185618487,117.93269117916343,0.9562880379355799
8,-1.0,1.0,1000.0,60.358479460507624,126.3319588622032,130.73830887675368,0.9662964126398152
8,-1.0,1.0,1778.2794100389228,60.270972173553396,137.78032270418853,141.50708498439957,0.9736637760531786
8,-1.0,1.0,3162.2776601683795,60.21086112153957,147.18576182749058,150.1582867703378,0.9802040566206406
8,-1.0,1.0,5623.413251903491,60.168373704079414,154.74805808813448,157.18559552527077,0.9844926156942644
8,-1.0,1.0,10000.0,60.13769687484629,160.72790440166654,162.5823496716235,0.9885938093913486
8,-1.0,1.0,17782.794100389227,60.115223211878465,165.39623239051673,166.8398686715703,0.9913471744340953
8,-1.0,1.0,31622.776601683792,60.098604586025,169.00515594064782,170.0698248591086,0.993739812930702
8,-1.0,1.0,56234.13251903491,60.086244600361994,171.77438036024392,172.54566123778505,0.9955299897313661
8,-1.0,1.0,100000.0,60.07702014299943,173.8872883654107,174.50537705612098,0.9964580536076462
8,-1.0,1.0,177827.94100389228,60.070121778743584,175.49245867549624,175.99220306417828,0.9971604174504265
8,-1.0,1.0,316227.7660168379,60.06495685041683,176.70806397409595,177.0853455159593,0.9978694931488312
8,-1.0,1.0,562341.3251903491,60.06108713991939,177.62657522837026,177.82095575936796,0.9989068750071237
8,-1.0,1.0,1000000.0,60.05818670424064,178.31960208834266,178.48850648187855,0.9990536959669556
8,-1.0,3.0,0.0,58.61123168726138,4.338812228350003,56.66877274100024,0.0765644290230207
8,-1.0,3.0,0.0001,58.61108870987989,4.338771477946069,56.6689344423924,0.07656349145503535
8,-1.0,3.0,0.00017782794100389227,58.61097743679638,4.338739764497813,56.66906025972799,0.07656276184239373
8,-1.0,3.0,0.00031622776601683794,58.610779569233536,4.338683372915134,56.66928401673056,0.07656146443696409
8,-1.0,3.0,0.0005623413251903491,58.61042772777782,4.338583104907382,56.66968185163028,0.07655915761564434
8,-1.0,3.0,0.001,58.6098021260512,4.338404838263708,56.67038920892481,0.07655505633231946
8,-1.0,3.0,0.0017782794100389228,58.60868985485818,4.338087950167531,56.67164678558176,0.07654776587983703
8,-1.0,3.0,0.0031622776601683794,58.60671263223233,4.337524813377253,56.673882031368215,0.07653481035543837
8,-1.0,3.0,0.005623413251903491,58.60319880955191,4.336524596237148,56.67785355587837,0.07651180000953624
8,-1.0,3.0,0.01,58.596957296627316,4.33474971496479,56.68490533622602,0.07647097034480803
8,-1.0,3.0,0.01778279410038923,58.58588035921246,4.331605434138779,56.69741155682819,0.0763986452855468
8,-1.0,3.0,0.03162277660168379,58.56625236860846,4.326051753413084,56.719544992786986,0.07627091779320914
8,-1.0,3.0,0.05623413251903491,58.53156737932871,4.31629465803428,56.75856876500736,0.07604657326552162
8,-1.0,3.0,0.1,58.47056960125962,4.2993175093562375,56.82689651104666,0.07565638409481833
8,-1.0,3.0,0.1778279410038923,58.36419531415736,4.2702961448158625,56.94508224396288,0.07498972653197958
8,-1.0,3.0,0.31622776601683794,58.181348449613424,4.222310981262194,57.14492331252978,0.0738877705403517
8,-1.0,3.0,0.5623413251903491,57.87457348506815,4.148027951765006,57.48500030882627,0.07215844010577688
8,-1.0,3.0,1.0,57.37959925706592,4.048614050260443,58.026914002697474,0.06977131422278007
8,-1.0,3.0,1.7782794100389228,56.62713431161533,3.963225445695197,58.837896023932664,0.0673583814771883
8,-1.0,3.0,3.1622776601683795,55.575685202990215,4.042329488138947,59.92241684111381,0.06745938667422764
8,-1.0,3.0,5.623413251903491,54.25977806272214,4.672733074851555,61.15493773842813,0.07640810779397351
8,-1.0,3.0,10.0,52.819653445027875,6.565028350825067,62.247086124863195,0.10546723966574259
8,-1.0,3.0,17.78279410038923,51.465784669595386,10.590736375952556,62.85461979214299,0.16849575116316953
8,-1.0,3.0,31.622776601683793,50.377837845163164,17.316082854977505,62.78605415952369,0.2757950485466353
8,-1.0,3.0,56.23413251903491,49.621667566810665,26.609721171562178,62.14366508872334,0.4281968424870198
8,-1.0,3.0,100.0,49.1560964033024,37.69477121405636,61.233702574894274,0.6155886322234442
8,-1.0,3.0,177.82794100389228,48.8952294353383,49.52099061004553,60.35504446985218,0.8204946420805249
8,-1.0,3.0,316.22776601683796,48.75901838830667,61.12238433039937,64.79084371172458,0.9433799720582839
8,-1.0,3.0,562.341325190349,48.69150275373225,71.80325704447597,75.1471146189654,0.9555025154133393
8,-1.0,3.0,1000.0,48.65928810788948,81.17176519096213,84.0227883173428,0.9660684537674145
8,-1.0,3.0,1778.2794100389228,48.644331814907304,89.08941931508102,91.50227035234644,0.9736306975993678
8,-1.0,3.0,3162.2776601683795,48.63751540383491,95.59255036167691,97.56184092975478,0.9798149507091019
8,-1.0,3.0,5623.413251903491,48.63444087634961,100.81812343168748,102.4318460684424,0.9842458893528419
8,-1.0,3.0,10000.0,48.63305657178794,104.94733445514458,106.13841849372814,0.9887780121893004
8,-1.0,3.0,17782.794100389227,48.63242788925404,108.1687820715167,109.15020419143845,0.9910085177834351
8,-1.0,3.0,31622.776601683792,48.632136008388095,110.65772380067045,111.42039312120441,0.9931550293517245
8,-1.0,3.0,56234.13251903491,48.63199511594301,112.5666357737342,113.11981811671347,0.9951097663328232
8,-1.0,3.0,100000.0,48.63192308226359,114.02258138317197,114.44456166907513,0.9963127973950973
8,-1.0,3.0,177827.94100389228,48.63188348070003,115.12835323498513,115.43355528017764,0.9973560370340172
8,-1.0,3.0,316227.7660168379,48.63185993473076,115.96553774582348,116.209391817083,0.9979015975606915
8,-1.0,3.0,562341.3251903491,48.63184489037013,116.59817394550086,116.789168618274,0.9983646199811781
8,-1.0,3.0,1000000.0,48.631834711241694,117.07466039263176,117.12768238131686,0.999547314626166
8,0.0,0.1,0.0,12844.65090836399,149823.71474868647,186244.3882000741,0.8044468678848862
8,0.0,0.1,0.0001,12844.647879280694,149823.62018795038,186244.32692982716,0.8044466248059232
8,0.0,0.1,0.00017782794100389227,12844.645521809649,149823.54659334596,186244.27924448848,0.8044464356226914
8,0.0,0.1,0.00031622776601683794,12844.6413295718,149823.4157217167,186244.19444670685,0.8044460992022394
8,0.0,0.1,0.0005623413251903491,12844.633874615083,149823.18299583223,186244.04365279226,0.8044455009532651
8,0.0,0.1,0.001,12844.620617661967,149822.76914556895,186243.77549979277,0.8044444371013927
8,0.0,0.1,0.0017782794100389228,12844.597043230866,149822.03320855438,186243.29865112668,0.8044425452816045
8,0.0,0.1,0.0031622776601683794,12844.555121734553,149820.72452078387,186242.45068818136,0.8044391811167853
8,0.0,0.1,0.005623413251903491,12844.480574957932,149818.39735213097,186240.94279599815,0.8044331987528479
8,0.0,0.1,0.01,12844.348014251138,149814.2591347283,186238.2614146497,0.8044225606314844
8,0.0,0.1,0.01778279410038923,12844.112297844795,149806.9006664975,186233.493397949,0.8044036436903746
8,0.0,0.1,0.03162277660168379,12843.69317111721,149793.81664068086,186225.0152546775,0.8043700060157112
8,0.0,0.1,0.05623413251903491,12842.947982335996,149770.55397129653,186209.94103185236,0.8043101949410818
8,0.0,0.1,0.1,12841.623257276851,149729.2003047747,186183.14207466866,0.8042038534548197
8,0.0,0.1,0.1778279410038923,12839.268881132817,149655.70573060974,186135.50886888642,0.8040148096407924
8,0.0,0.1,0.31622776601683794,12835.086423090648,149525.15019249654,186050.87583657276,0.8036788298908066
8,0.0,0.1,0.5623413251903491,12827.662353537718,149293.42258836667,185900.60230851985,0.8030819735624091
8,0.0,0.1,1.0,12814.50285345519,148882.7219523874,185634.09162796722,0.8020225199300464
8,0.0,0.1,1.7782794100389228,12791.23536090115,148156.70456570847,185164.90162308837,0.8001338443032159
8,0.0,0.1,3.1622776601683795,12750.277609690796,146879.16054468162,184350.77977557888,0.7967373977125908
8,0.0,0.1,5.623413251903491,12678.740424582624,144649.2338779825,182951.06952897873,0.7906443742055885
8,0.0,0.1,10.0,12555.489211569498,140811.73736913188,180608.19345193612,0.779653097004179
8,0.0,0.1,17.78279410038923,12348.103273483663,134368.0159397436,176881.1857543977,0.7596512617589284
8,0.0,0.1,31.622776601683793,12012.864940960999,123990.56812082819,171412.19601276802,0.7233474105401022
8,0.0,0.1,56.23413251903491,11505.407530822125,108388.28746596548,164447.39644169013,0.6591061324853378
8,0.0,0.1,100.0,10811.580193561203,87321.8330631205,157377.01209300917,0.5548576116791039
8,0.0,0.1,177.82794100389228,9990.483342577423,62975.446519955716,152350.76795255748,0.413358247984457
8,0.0,0.1,316.22776601683796,9178.29709057047,39976.01532853225,150592.62121585326,0.2654579952574986
8,0.0,0.1,562.341325190349,8508.302126933253,22638.19249531272,151369.00428635778,0.14955632827237272
8,0.0,0.1,1000.0,8022.738791423747,12023.50744899804,152996.94795839427,0.078586583650464
8,0.0,0.1,1778.2794100389228,7684.184241604109,6399.900061649559,154508.2340159102,0.04142109384921545
8,0.0,0.1,3162.2776601683795,7441.653340040349,3590.9037430021003,155861.98555450144,0.023038996521357942
8,0.0,0.1,5623.413251903491,7262.154641265237,2179.9141194055937,157299.31050050302,0.013858383183431834
8,0.0,0.1,10000.0,7127.439565345074,1450.9953376998778,158879.74330962027,0.009132664161423146
8,0.0,0.1,17782.794100389227,7026.064103689071,1064.1769459715028,160546.06552596707,0.0066284834977745405
8,0.0,0.1,31622.776601683792,6949.820441297938,854.4103172014369,162178.49552053798,0.005268332983723085
8,0.0,0.1,56234.13251903491,6892.533787773785,738.6309207916859,163758.0610366692,0.004510501138788456
8,0.0,0.1,100000.0,6849.523026584039,673.7491065662178,165221.9202807526,0.004077843335928749
8,0.0,0.1,177827.94100389228,6817.246347851288,636.8733368736447,166538.88492598396,0.003824171977353486
8,0.0,0.1,316227.7660168379,6793.032062325103,615.619114127925,167684.83306056578,0.003671286799716529
8,0.0,0.1,562341.3251903491,6774.869379232941,603.1934298217228,168634.9531010407,0.003576918181726587
8,0.0,0.1,1000000.0,6761.247136140928,595.8051735003787,169439.08585060138,0.003516338455849053
8,0.0,1.0,0.0,110.94467661422458,46.52266447402671,174.00273465737925,0.2673674328488707
8,0.0,1.0,0.0001,110.94464308286892,46.52251260863602,174.00260815590164,0.26736675445090513
8,0.0,1.0,0.00017782794100389227,110.94461698648527,46.52239441650645,174.00250970328455,0.2673662264747683
8,0.0,1.0,0.00031622776601683794,110.94457058064548,46.52218424127551,174.00233462890552,0.2673652876008434
8,0.0,1.0,0.0005623413251903491,110.94448806069394,46.521810501737455,174.00202330373259,0.2673636180685693
8,0.0,1.0,0.001,110.94434132537978,46.521145922399626,174.00146969952343,0.2673606493251766
8,0.0,1.0,0.0017782794100389228,110.94408041496823,46.519964222106665,174.0004852964144,0.2673553705488734
8,0.0,1.0,0.0031622776601683794,110.94361652548295,46.51786316855175,173.99873494190857,0.2673459849238689
8,0.0,1.0,0.005623413251903491,110.94279185996015,46.514127982217914,173.99562292095553,0.2673292994465086
8,0.0,1.0,0.01,110.94132619452927,46.50748917097165,173.99009076965194,0.2672996431305022
8,0.0,1.0,0.01778279410038923,110.93872242231254,46.495694227985986,173.98025903558798,0.2672469536815393
8,0.0,1.0,0.03162277660168379,110.93410035963952,46.474753342604245,173.9627943385382,0.26715340782674835
8,0.0,1.0,0.05623413251903491,110.9259067713553,46.43762111892814,173.9317967600959,0.26698753180236245
8,0.0,1.0,0.1,110.91141703019161,46.37192414084421,173.8768618265511,0.2666940480390197
8,0.0,1.0,0.1778279410038923,110.88590214153544,46.256141223978204,173.77976018245442,0.26617680433793367
8,0.0,1.0,0.31622776601683794,110.84130741752575,46.053478602273906,173.61030305346404,0.26526927142159035
8,0.0,1.0,0.5623413251903491,110.76436480177648,45.70292126426982,173.3182086179821,0.2636937089801426
8,0.0,1.0,1.0,110.63447927352102,45.108615991197055,172.81023542609407,0.2610297699090208
8,0.0,1.0,1.7782794100389228,110.42291177635634,44.13381976592521,171.96087854183577,0.2566503505923183
8,0.0,1.0,3.1622776601683795,110.09677433935721,42.61499968052733,170.58758544770555,0.24981301874157288
8,0.0,1.0,5.623413251903491,109.63182376058849,40.416162328239466,168.49012507255168,0.23987258784950338
8,0.0,1.0,10.0,109.03154554127076,37.51696904608782,165.54231242476897,0.22663069336510255
8,0.0,1.0,17.78279410038923,108.33846010296064,34.07200251761705,161.86868258748945,0.21049162798493312
8,0.0,1.0,31.622776601683793,107.62458517717398,30.3831378324349,157.94642737715964,0.1923635648933238
8,0.0,1.0,56.23413251903491,106.96400288247285,26.81036520700853,154.3411819702003,0.17370843520030183
8,0.0,1.0,100.0,106.40470163991534,23.666442128108848,151.3302236777998,0.1563893950127077
8,0.0,1.0,177.82794100389228,105.95994697909491,21.13194887398414,148.9366768694105,0.14188545976833425
8,0.0,1.0,316.22776601683796,105.61934628080009,19.2365252226527,147.08249921245,0.1307873154566604
8,0.0,1.0,562.341325190349,105.36344006870254,17.902846964307486,145.6816645524855,0.12289018675962157
8,0.0,1.0,1000.0,105.17262454896198,17.007963124339977,144.63147472935174,0.11759517184047874
8,0.0,1.0,1778.2794100389228,105.03056975805363,16.428564568684518,143.84960795901793,0.11420653001268476
8,0.0,1.0,3162.2776601683795,104.92471569788756,16.062948945179667,143.2689906544421,0.11211741544213658
8,0.0,1.0,5623.413251903491,104.84570904692066,15.836193954242333,142.83843377103827,0.11086787733633956
8,0.0,1.0,10000.0,104.78665195705963,15.696985682203051,142.51802363783358,0.11014035475324994
8,0.0,1.0,17782.794100389227,104.74245665783684,15.611869205018772,142.28003122657321,0.10972635492437952
8,0.0,1.0,31622.776601683792,104.70935721194637,15.559757599916953,142.10370547082107,0.10949579075622291
8,0.0,1.0,56234.13251903491,104.68455527693294,15.527658244549945,141.9707818251995,0.10937221056983586
8,0.0,1.0,100000.0,104.66596493004779,15.507683403935232,141.87313980565014,0.10930669064756705
8,0.0,1.0,177827.94100389228,104.65202782817146,15.4950818731667,141.79927990299925,0.10927475713393209
8,0.0,1.0,316227.7660168379,104.64157803819091,15.487002456158692,141.74403222675886,0.10926034918622139
8,0.0,1.0,562341.3251903491,104.63374243285946,15.481725196355693,141.70193511758552,0.10925556650661701
8,0.0,1.0,1000000.0,104.62786675964597,15.478216995427422,141.67084036471817,0.10925478352200224
8,0.0,3.0,0.0,80.48500731198536,17.919310941976676,64.99865795423815,0.2756873988781836
8,0.0,3.0,0.0001,80.48494022618083,17.919360762158497,64.99885836356957,0.2756873153360168
8,0.0,3.0,0.00017782794100389227,80.48488801716606,17.91939953448224,64.99901434654802,0.27568725025495566
8,0.0,3.0,0.00031622776601683794,80.48479518032387,17.919468478834002,64.9992916929852,0.2756871346148514
8,0.0,3.0,0.0005623413251903491,80.4846301074716,17.91959106953913,64.99978479060493,0.2756869292300984
8,0.0,3.0,0.001,80.48433661554297,17.919809033338012,65.00066143995208,0.27568656435738603
8,0.0,3.0,0.0017782794100389228,80.483814874723,17.920196517758658,65.00221954940399,0.2756859172191601
8,0.0,3.0,0.0031622776601683794,80.48288761048107,17.920885206304682,65.00498773423617,0.2756847717527726
8,0.0,3.0,0.005623413251903491,80.48124037087052,17.922108727279063,65.00990215293538,0.2756827519155069
8,0.0,3.0,0.01,80.47831646867638,17.924280827450445,65.01861564707787,0.275679213546221
8,0.0,3.0,0.01778279410038923,80.47313381091769,17.928131877784814,65.0340300973067,0.27567308762750786
8,0.0,3.0,0.03162277660168379,80.463970563225,17.934943760130174,65.0611946663816,0.2756626872915003
8,0.0,3.0,0.05623413251903491,80.44784134312238,17.94694312721725,65.1087817571209,0.2756455065334471
8,0.0,3.0,0.1,80.41967228728404,17.967925757634152,65.19051443471979,0.2756217819944771
8,0.0,3.0,0.1778279410038923,80.37114609816437,18.004142177650767,65.33371078466818,0.27557201269326626
8,0.0,3.0,0.31622776601683794,80.28950753960636,18.065227373279882,65.58922923329119,0.2754297860251496
8,0.0,3.0,0.5623413251903491,80.1575512740948,18.16413942114203,66.01759505800418,0.2751408833536379
8,0.0,3.0,1.0,79.95774146504539,18.313113717146027,66.71885728547791,0.27448182511261443
8,0.0,3.0,1.7782794100389228,79.68410463541616,18.50983999374102,67.80834149913369,0.27297290546440367
8,0.0,3.0,3.1622776601683795,79.35881378565743,18.709443672364106,69.36736243308063,0.26971536780590855
8,0.0,3.0,5.623413251903491,79.03427153021418,18.795543517123612,71.36829746692116,0.2633598416136415
8,0.0,3.0,10.0,78.76390861714066,18.595180634869727,73.6140479180359,0.2526036967234048
8,0.0,3.0,17.78279410038923,78.56827725263388,17.971325092903292,75.7892476327563,0.23712235777804505
8,0.0,3.0,31.622776601683793,78.43640935585154,16.933000274837287,77.6061437344497,0.2181914918073768
8,0.0,3.0,56.23413251903491,78.34932631844684,15.64854406673155,78.91670104701667,0.1982919186828213
8,0.0,3.0,100.0,78.29294213387874,14.347278848275701,79.73881598852175,0.17992841592156278
8,0.0,3.0,177.82794100389228,78.25790865429049,13.208392613420228,80.20254081578862,0.16468795725259658
8,0.0,3.0,316.22776601683796,78.23725400722307,12.31497977300536,80.44993773867864,0.15307631204150177
8,0.0,3.0,562.341325190349,78.22564443016272,11.669518830849096,80.57650725009698,0.14482532476406207
8,0.0,3.0,1000.0,78.21932874843037,11.231216201182114,80.64162599235766,0.13927318631008864
8,0.0,3.0,1778.2794100389228,78.21593454783579,10.947150263933137,80.67413537169058,0.13569591063475606
8,0.0,3.0,3162.2776601683795,78.21409057107594,10.7693955019445,80.68932559970874,0.13346741247250396
8,0.0,3.0,5623.413251903491,78.21305506927456,10.661061678852015,80.69731673729832,0.13211172452682643
8,0.0,3.0,10000.0,78.21244371686038,10.596331668965624,80.7016731314408,0.13130250288252535
8,0.0,3.0,17782.794100389227,78.2120614756044,10.558224430781584,80.70291845479856,0.13082828518395168
8,0.0,3.0,31622.776601683792,78.21180921613947,10.536037001598798,80.7039689678426,0.13055165856585071
8,0.0,3.0,56234.13251903491,78.21163529392838,10.523223880079069,80.70412531306098,0.13039263902877604
8,0.0,3.0,100000.0,78.21151154754216,10.51586856733552,80.70376026170987,0.1303020891868505
8,0.0,3.0,177827.94100389228,78.21142164294605,10.51166439657736,80.70369881330176,0.13025009449560454
8,0.0,3.0,316227.7660168379,78.21135546215409,10.509266775530836,80.70346992270126,0.13022075488943333
8,0.0,3.0,562341.3251903491,78.21130635563722,10.507902270462148,80.70332391491469,0.13020408281498544
8,0.0,3.0,1000000.0,78.2112697347295,10.507130140090787,80.70298626745799,0.1301950600101597
8,1.0,0.1,0.0,252.12113958533286,3837.169124345623,4161.894394758972,0.9219765713367758
8,1.0,0.1,0.0001,252.12113352065808,3837.1687545553987,4161.894031510517,0.9219765629550969
8,1.0,0.1,0.00017782794100389227,252.1211288006492,3837.168466755486,4161.893748801908,0.9219765564318163
8,1.0,0.1,0.00031622776601683794,252.12112040715957,3837.167954967129,4161.893246067279,0.9219765448316114
8,1.0,0.1,0.0005623413251903491,252.12110548120424,3837.167044865287,4161.8923520654125,0.9219765242032331
8,1.0,0.1,0.001,252.12107893873056,3837.1654264526487,4161.890762282773,0.9219764875202986
8,1.0,0.1,0.0017782794100389228,252.1210317389416,3837.162548471495,4161.887935212894,0.9219764222880767
8,1.0,0.1,0.0031622776601683794,252.1209478049881,3837.1574306442944,4161.882907917637,0.9219763062878154
8,1.0,0.1,0.005623413251903491,252.12079854841903,3837.1483298042704,4161.87396806075,0.9219761000096341
8,1.0,0.1,0.01,252.12053313312776,3837.1321462420674,4161.858070746394,0.9219757331979151
8,1.0,0.1,0.01778279410038923,252.1200611651032,3837.1033682138104,4161.829801667115,0.921975080931174
8,1.0,0.1,0.03162277660168379,252.11922192000372,3837.0521955807026,4161.779533835665,0.9219739211039658
8,1.0,0.1,0.05623413251903491,252.117729652922,3836.9612050110936,4161.690151459941,0.9219718588768722
8,1.0,0.1,0.1,252.11507644415798,3836.7994257668875,4161.531229516467,0.921968192513766
8,1.0,0.1,0.1778279410038923,252.1103597487844,3836.511823723391,4161.248700595065,0.9219616753919956
8,1.0,0.1,0.31622776601683794,252.10197673239767,3836.0006607931286,4160.746533952412,0.9219500946502506
8,1.0,0.1,0.5623413251903491,252.08708387174843,3835.092535369256,4159.854327056481,0.9219295277781933
8,1.0,0.1,1.0,252.06064591364432,3833.480365021455,4158.270213927348,0.9218930391252425
8,1.0,0.1,1.7782794100389228,252.01377584766325,3830.6220805112903,4155.4610349708455,0.9218284200655886
8,1.0,0.1,3.1622776601683795,251.93088018775174,3825.5662984094033,4150.490105052266,0.9217143521803985
8,1.0,0.1,5.623413251903491,251.78488259878088,3816.660318942012,4141.72731699759,0.921514147799758
8,1.0,0.1,10.0,251.52963841091028,3801.085532239136,4126.3834570894205,0.921166336518871
8,1.0,0.1,17.78279410038923,251.089100854786,3774.192066606347,4099.923325924146,0.9205518656268096
8,1.0,0.1,31.622776601683793,250.34534819869032,3728.762371768778,4055.1965130346093,0.9195022632771125
8,1.0,0.1,56.23413251903491,249.13514456126927,3654.8183678448095,3982.2041695870325,0.917787790931831
8,1.0,0.1,100.0,247.2787059130406,3541.552147135728,3869.7713398652763,0.9151838276984667
8,1.0,0.1,177.82794100389228,244.67011273004377,3383.6078949722473,3711.038522351208,0.9117684644320238
8,1.0,0.1,316.22776601683796,241.40877275645354,3190.9664959027496,3511.31275537,0.9087673808101169
8,1.0,0.1,562.341325190349,237.83967003041207,2992.7929213121383,3291.3149485400645,0.9093000724952371
8,1.0,0.1,1000.0,234.39476079371997,2823.4059198405944,3079.09007424362,0.9169611319455035
8,1.0,0.1,1778.2794100389228,231.38281323101265,2700.0676051118207,2900.330709722636,0.9309516311572734
8,1.0,0.1,3162.2776601683795,228.92270313654916,2618.2041302860584,2768.3753177975996,0.9457547585596122
8,1.0,0.1,5623.413251903491,226.99473133496502,2564.800155667935,2676.944365958377,0.9581073810436501
8,1.0,0.1,10000.0,225.5165964981354,2529.232685783526,2613.2522239824416,0.9678486686329593
8,1.0,0.1,17782.794100389227,224.3955411428612,2504.9401178919893,2567.991441338919,0.9754472221238965
8,1.0,0.1,31622.776601683792,223.54986498593215,2487.998255119843,2535.370214999606,0.9813155650407567
8,1.0,0.1,56234.13251903491,222.9136813164284,2475.98565668403,2511.549087990898,0.9858400413207464
8,1.0,0.1,100000.0,222.43578892654344,2467.355592324664,2494.1012946981896,0.9892764169481087
8,1.0,0.1,177827.94100389228,222.0770820710912,2461.094083911402,2481.182216425816,0.991903806023827
8,1.0,0.1,316227.7660168379,221.80794957386507,2456.514914872502,2471.571861706623,0.9939079469760088
8,1.0,0.1,562341.3251903491,221.60607003414168,2453.145634162294,2464.453279237729,0.9954117023963495
8,1.0,0.1,1000000.0,221.4546566018822,2450.65054147655,2459.1425881138102,0.9965467449190193
8,1.0,1.0,0.0,64.13658093170424,65.21726084973025,106.61754849733569,0.6116934948223837
8,1.0,1.0,0.0001,64.1365342132119,65.21752786113841,106.61765748986659,0.6116953738862343
8,1.0,1.0,0.00017782794100389227,64.13649785375637,65.21773566898763,106.61774232145234,0.6116968362766138
8,1.0,1.0,0.00031622776601683794,64.1364331977542,65.21810520585348,106.61789314623562,0.6116994369453655
8,1.0,1.0,0.0005623413251903491,64.13631822533036,65.21876233441296,106.61816136581801,0.6117040614744855
8,1.0,1.0,0.001,64.13611378492689,65.21993085705623,106.61863834648915,0.6117122847236574
8,1.0,1.0,0.0017782794100389228,64.13575027289325,65.222008704422,106.6194864998425,0.6117269070182433
8,1.0,1.0,0.0031622776601683794,64.1351039737894,65.22570334225038,106.62099470072046,0.611752905938793
8,1.0,1.0,0.005623413251903491,64.133955074402,65.23227231717202,106.62367641897076,0.6117991285617096
8,1.0,1.0,0.01,64.1319132774147,65.24395023897777,106.62844444986159,0.6118812909219221
8,1.0,1.0,0.01778279410038923,64.12828639362574,65.26470562667923,106.63692076884568,0.6120272899491536
8,1.0,1.0,0.03162277660168379,64.12184940585954,65.30157907547559,106.65214664707611,0.6122856513293241
8,1.0,1.0,0.05623413251903491,64.11044240079801,65.36703862049774,106.67972980511875,0.612740946568851
8,1.0,1.0,0.1,64.09028235767907,65.48309221469903,106.72841471555206,0.6135488134928427
8,1.0,1.0,0.1778279410038923,64.05482168550142,65.68836454968636,106.8138476934232,0.6149798548426503
8,1.0,1.0,0.31622776601683794,63.99296633279791,66.04995666355637,106.97237560418769,0.6174487225370238
8,1.0,1.0,0.5623413251903491,63.886625190967756,66.68236323603045,107.25940319989486,0.6216924693470215
8,1.0,1.0,1.0,63.70829223380419,67.77486762551008,107.78515462613244,0.6287959400401334
8,1.0,1.0,1.7782794100389228,63.421358527479036,69.62357212150339,108.75525609783996,0.6401858137216617
8,1.0,1.0,3.1622776601683795,62.989189929024086,72.64920313071688,110.52514876933516,0.6573092544062982
8,1.0,1.0,5.623413251903491,62.39941624875264,77.35633666083332,113.61859333585153,0.680842231800665
8,1.0,1.0,10.0,61.695820755225185,84.18078711223332,118.55077391938599,0.7100821388941407
8,1.0,1.0,17.78279410038923,60.98252253788805,93.24302513031766,125.51379748896228,0.7428906382863404
8,1.0,1.0,31.622776601683793,60.37251356565809,104.16874040853358,134.0867600637583,0.7768756613926782
8,1.0,1.0,56.23413251903491,59.92296972738445,116.1537656381232,143.41540332521012,0.8099113689673335
8,1.0,1.0,100.0,59.62468938220277,128.237818702408,152.51353839038651,0.8408290834755906
8,1.0,1.0,177.82794100389228,59.437193824297744,139.58889487049203,160.67220217650697,0.8687806165570955
8,1.0,1.0,316.22776601683796,59.32037657442436,149.6609203539667,167.53792833223443,0.8932957560343178
8,1.0,1.0,562.341325190349,59.24588876847991,158.2108608948249,173.0343930507964,0.9143318741747493
8,1.0,1.0,1000.0,59.19653663397959,165.2299329216173,177.26798135802844,0.9320912420608103
8,1.0,1.0,1778.2794100389228,59.1625483990633,170.85145635805304,180.49446300986656,0.9465745015608241
8,1.0,1.0,3162.2776601683795,59.13840590851974,175.27325999796426,182.8771217960066,0.9584209237144261
8,1.0,1.0,5623.413251903491,59.12088534119802,178.70633388594095,184.64802836362418,0.9678215113893209
8,1.0,1.0,10000.0,59.10799625840065,181.34684431269486,185.9414925841681,0.9752898172020781
8,1.0,1.0,17782.794100389227,59.09843652701764,183.36400832995776,186.88711633566894,0.9811484703986587
8,1.0,1.0,31622.776601683792,59.09131232413575,184.89743443168655,187.5914360560669,0.9856389946096731
8,1.0,1.0,56234.13251903491,59.0859886869679,186.05897713898366,188.10490699927237,0.9891234636409745
8,1.0,1.0,100000.0,59.08200440748262,186.93657733802962,188.47065862473178,0.9918603707447284
8,1.0,1.0,177827.94100389228,59.07901993154686,187.5982737962017,188.7588331525907,0.9938516288906554
8,1.0,1.0,316227.7660168379,59.076783269086405,188.0967060314991,188.97471628839733,0.9953538215368543
8,1.0,1.0,562341.3251903491,59.07510658303408,188.47150706295903,189.13676058462397,0.9964826852294147
8,1.0,1.0,1000000.0,59.07384946115682,188.75333419212294,189.25334560714936,0.9973579784630897
8,1.0,3.0,0.0,60.58419616736589,38.70747755885507,62.789634740562114,0.6164628559918988
8,1.0,3.0,0.0001,60.584032291913566,38.7078429925041,62.78999444809174,0.6164651443711104
8,1.0,3.0,0.00017782794100389227,60.58390475620152,38.70812739773915,62.79027439635091,0.6164669253298993
8,1.0,3.0,0.00031622776601683794,60.58367797326783,38.708633140513484,62.79077221110782,0.6164700922991013
8,1.0,3.0,0.0005623413251903491,60.58327472525122,38.709532463386786,62.791657452291346,0.6164757235911158
8,1.0,3.0,0.001,60.582557749544854,38.71113161875631,62.79323155861129,0.6164857367250368
8,1.0,3.0,0.0017782794100389228,60.58128312027068,38.71397507301281,62.79603050583693,0.6165035394938589
8,1.0,3.0,0.0031622776601683794,60.57901759160947,38.71903060984844,62.80100695096908,0.6165351877252179
8,1.0,3.0,0.005623413251903491,60.57499238131549,38.72801786145363,62.80985380354199,0.6165914345635631
8,1.0,3.0,0.01,60.567845582702404,38.743990527600545,62.82557754590517,0.6166913547160187
8,1.0,3.0,0.01778279410038923,60.55517171767949,38.7723654199187,62.853512174183635,0.6168687170968309
8,1.0,3.0,0.03162277660168379,60.532744498641684,38.82273259145132,62.903104456527466,0.617183093376287
8,1.0,3.0,0.05623413251903491,60.49320821323772,38.912012400723704,62.99103375972642,0.6177389078761597
8,1.0,3.0,0.1,60.423974025119456,39.06987823327807,63.14659156257467,0.6187171352639366
8,1.0,3.0,0.1778279410038923,60.304136668055726,39.34781695290399,63.42075859837699,0.6204248864647126
8,1.0,3.0,0.31622776601683794,60.10082161529539,39.833518241450996,63.900935859392554,0.6233636128444279
8,1.0,3.0,0.5623413251903491,59.767286252617225,40.67162109225224,64.73277553304344,0.6283002815396204
8,1.0,3.0,1.0,59.249050013492884,42.08813167474592,66.14076213096527,0.636341800709935
8,1.0,3.0,1.7782794100389228,58.50758674665751,44.4061082628929,68.4547141954328,0.6486932095884145
8,1.0,3.0,3.1622776601683795,57.561713352641334,48.0256222642373,72.06043924030774,0.6664630797500561
8,1.0,3.0,5.623413251903491,56.515359795690365,53.33726686601027,77.32154307753544,0.6898112058178334
8,1.0,3.0,10.0,55.525730723536824,60.57107610191677,84.37578902601805,0.7178727073383471
8,1.0,3.0,17.78279410038923,54.72399810062308,69.64433874031369,92.95722000751066,0.7492084932691258
8,1.0,3.0,31.622776601683793,54.16063355892133,80.10450019258255,102.47130464773024,0.7817261668323736
8,1.0,3.0,56.23413251903491,53.81133673502794,91.22216601627304,112.12426736162978,0.8135809326812183
8,1.0,3.0,100.0,53.61653078400282,102.1951380354387,121.14373881955592,0.843585801719879
8,1.0,3.0,177.82794100389228,53.51678802311892,112.35431563339064,129.01442691361584,0.8708662924079003
8,1.0,3.0,316.22776601683796,53.46894307402721,121.2784164108672,135.5096100304373,0.8949801891070782
8,1.0,3.0,562.341325190349,53.447037494316746,128.79975467038568,140.6733006370972,0.9155948860733538
8,1.0,3.0,1000.0,53.437309628494525,134.9423306656344,144.63936008211763,0.9329571880643149
8,1.0,3.0,1778.2794100389228,53.43306254308983,139.84307959157223,147.60828252334332,0.9473931760533623
8,1.0,3.0,3162.2776601683795,53.431218046851896,143.68701323706057,149.82814591208873,0.9590121559761444
8,1.0,3.0,5623.413251903491,53.430412051844165,146.66514116097383,151.4502313181293,0.9684048672919875
8,1.0,3.0,10000.0,53.43005311196057,148.95211543039227,152.67582052972156,0.9756103809600657
8,1.0,3.0,17782.794100389227,53.429887629099916,150.697146194726,153.54500268086994,0.9814526266799906
8,1.0,3.0,31622.776601683792,53.42980717877175,152.02254153339283,154.2096809323218,0.9858171070343578
8,1.0,3.0,56234.13251903491,53.42976519400697,153.02579998002676,154.68370554316942,0.9892819637509914
8,1.0,3.0,100000.0,53.42974141844193,153.7834348410072,155.02036522220254,0.9920208523607698
8,1.0,3.0,177827.94100389228,53.42972682896819,154.35447212585657,155.2869152984495,0.9939953525974753
8,1.0,3.0,316227.7660168379,53.42971724531921,154.78450767518157,155.49602150400162,0.9954242312958359
8,1.0,3.0,562341.3251903491,53.42971062733182,155.108308717249,155.65056200028158,0.9965162137799952
8,1.0,3.0,1000000.0,53.429705893235194,155.35167650728624,155.7399212069017,0.9975070958261263
8,2.0,0.1,0.0,79.02152553067847,1239.1247291835869,1336.1141786772298,0.9274093104904674
8,2.0,0.1,0.0001,79.02152466858978,1239.1246690590478,1336.1141151679615,0.927409309573291
8,2.0,0.1,0.00017782794100389227,79.0215239976442,1239.124622265399,1336.114065744644,0.9274093088562834
8,2.0,0.1,0.00031622776601683794,79.02152280451622,1239.124539053268,1336.113977919253,0.9274093075374993
8,2.0,0.1,0.0005623413251903491,79.0215206828031,1239.1243910789867,1336.113821669776,0.9274093052419898
8,2.0,0.1,0.001,79.02151690981,1239.1241279398096,1336.1135437810988,0.9274093011834783
8,2.0,0.1,0.0017782794100389228,79.0215102003922,1239.1236600062514,1336.1130495782443,0.9274092939945401
8,2.0,0.1,0.0031622776601683794,79.0214982692298,1239.1228278940887,1336.1121708222818,0.9274092811619977
8,2.0,0.1,0.005623413251903491,79.02147705247023,1239.1213481802304,1336.1106080294464,0.9274092584353776
8,2.0,0.1,0.01,79.02143932371546,1239.1187168800338,1336.107828831102,0.9274092181347972
8,2.0,0.1,0.01778279410038923,79.02137223325626,1239.1140378337561,1336.1028862377125,0.9274091468531559
8,2.0,0.1,0.03162277660168379,79.02125293339282,1239.1057176269624,1336.0940956223349,0.9274090213307944
8,2.0,0.1,0.05623413251903491,79.02104080298454,1239.0909233811628,1336.0784593272,0.9274088020288295
8,2.0,0.1,0.1,79.0206636330179,1239.0646195258018,1336.0506407132157,0.9274084243276585
8,2.0,0.1,0.1778279410038923,79.01999310015894,1239.017857980507,1336.0011329095632,0.9274077899037072
8,2.0,0.1,0.31622776601683794,79.0188012765403,1238.934747320334,1335.9129827184245,0.9274067722579121
8,2.0,0.1,0.5623413251903491,79.01668368532907,1238.787093709231,1335.7559334182656,0.9274052712153136
8,2.0,0.1,1.0,79.01292371077491,1238.524967391741,1335.4760480571676,0.9274033549261556
8,2.0,0.1,1.7782794100389228,79.00625537045649,1238.0602300778435,1334.9780811251603,0.9274011667924679
8,2.0,0.1,3.1622776601683795,78.99445359935245,1237.238187998012,1334.0991354437012,0.927395989643997
8,2.0,0.1,5.623413251903491,78.97364318666696,1235.7901104981238,1332.5659326811654,0.9273763347766775
8,2.0,0.1,10.0,78.93718380644313,1233.257701796758,1329.8454036359553,0.9273692253437016
8,2.0,0.1,17.78279410038923,78.874022350674,1228.8850814113525,1325.1756121350081,0.9273375318396324
8,2.0,0.1,31.622776601683793,78.76669343348391,1221.5001604754104,1317.2226229131327,0.9273300801454312
8,2.0,0.1,56.23413251903491,78.59009204720346,1209.4892835738606,1304.1564579146584,0.9274111830936524
8,2.0,0.1,100.0,78.3140710284855,1191.137538951185,1283.789831645271,0.9278290804224977
8,2.0,0.1,177.82794100389228,77.9144029584334,1165.7393195479965,1254.588503688318,0.9291806166889645
8,2.0,0.1,316.22776601683796,77.39194241592772,1135.400710272345,1217.474049199003,0.9325871964329296
8,2.0,0.1,562.341325190349,76.78582163784515,1105.8069797135752,1177.3738896896202,0.9392147977776952
8,2.0,0.1,1000.0,76.16280698951405,1083.5088388813513,1142.1107711249424,0.9486897998642723
8,2.0,0.1,1778.2794100389228,75.58867199018783,1071.3020548152251,1117.3343955043078,0.9588016435596203
8,2.0,0.1,3162.2776601683795,75.10372965740311,1067.1976537259209,1102.8133353951305,0.9677047052967955
8,2.0,0.1,5623.413251903491,74.71709463238027,1067.601115708525,1095.0373100263296,0.9749449684804393
8,2.0,0.1,10000.0,74.41830426987715,1069.89806175324,1090.9543249274282,0.9806992257209404
8,2.0,0.1,17782.794100389227,74.1908556449697,1072.719463602631,1088.8209691840402,0.9852119806312368
8,2.0,0.1,31622.776601683792,74.01897174842095,1075.4424188975856,1087.6633950773864,0.9887640089432896
8,2.0,0.1,56234.13251903491,73.88955176760147,1077.8216412688532,1087.1294283496354,0.9914381978464953
8,2.0,0.1,100000.0,73.79228865905212,1079.7936541735676,1086.8380644154413,0.9935184362118725
8,2.0,0.1,177827.94100389228,73.71926520978167,1081.3776336310236,1086.618198030951,0.9951771796115474
8,2.0,0.1,316227.7660168379,73.66446977335383,1082.6242234978704,1086.636323778613,0.9963077800797316
8,2.0,0.1,562341.3251903491,73.62336421253315,1083.5921421119715,1086.5145296396674,0.9973103097584299
8,2.0,0.1,1000000.0,73.59253315766917,1084.3359577327813,1086.6124405395585,0.9979049726269958
8,2.0,1.0,0.0,56.71045236298138,83.9776427260873,108.74183328165918,0.7722662032795734
8,2.0,1.0,0.0001,56.710309098981824,83.9781157624636,108.7422594435518,0.7722675268307876
8,2.0,1.0,0.00017782794100389227,56.71019760129509,83.97848391435254,108.74259111315715,0.7722685569168094
8,2.0,1.0,0.00031622776601683794,56.70999933101232,83.97913858567743,108.74318090698313,0.7722703886831452
8,2.0,1.0,0.0005623413251903491,56.70964676293271,83.9803027565095,108.74422970178992,0.7722736460298564
8,2.0,1.0,0.001,56.7090198359484,83.98237292154388,108.74609467797632,0.772279438358096
8,2.0,1.0,0.0017782794100389228,56.707905103399895,83.9860540763696,108.74941089266147,0.7722897382797415
8,2.0,1.0,0.0031622776601683794,56.70592317305341,83.99259963845643,108.75530730889184,0.772308052975261
8,2.0,1.0,0.005623413251903491,56.70239993438141,84.00423770707361,108.76579044482475,0.7723406170590715
8,2.0,1.0,0.01,56.69613838338242,84.02492785094825,108.7844249946425,0.7723985106791378
8,2.0,1.0,0.01778279410038923,56.685015445509684,84.06170303097431,108.81753906636995,0.7725014161522569
8,2.0,1.0,0.03162277660168379,56.665273141719645,84.12704374879719,108.8763513677239,0.7726842669870772
8,2.0,1.0,0.05623413251903491,56.63028357293125,84.24306165988057,108.98070343132592,0.7730089732166782
8,2.0,1.0,0.1,56.56843214124835,84.44881915326141,109.16553847318754,0.7735849640315119
8,2.0,1.0,0.1778279410038923,56.45959797802228,84.81297163176077,109.50030198013498,0.7745455500857626
8,2.0,1.0,0.31622776601683794,56.26963346980132,85.45509758256618,110.10442148733863,0.7761277560719305
8,2.0,1.0,0.5623413251903491,55.94269509232866,86.5801571702214,111.15644039951303,0.7789036501982183
8,2.0,1.0,1.0,55.39345360459833,88.52967812624895,112.9868590413401,0.7835395981213829
8,2.0,1.0,1.7782794100389228,54.507340189752334,91.8453159932361,116.17582791258984,0.7905716502605008
8,2.0,1.0,3.1622776601683795,53.167746136737954,97.31542896296355,121.51721764120693,0.8008365468858756
8,2.0,1.0,5.623413251903491,51.33199986033224,105.92832177633976,130.13149332560505,0.8140098839202131
8,2.0,1.0,10.0,49.13544887381399,118.62803188706698,142.93956555523198,0.8299173949932638
8,2.0,1.0,17.78279410038923,46.91119382683877,135.87751060160295,160.4699143343883,0.8467475736196909
8,2.0,1.0,31.622776601683793,45.02885558895892,157.29208225555854,181.9619217307381,0.8644230658781167
8,2.0,1.0,56.23413251903491,43.68266299674424,181.66009805180238,205.93944459278865,0.8821044380837547
8,2.0,1.0,100.0,42.845916030039774,207.3160400146717,230.604975642375,0.8990093966410332
8,2.0,1.0,177.82794100389228,42.377768973953685,232.57658506956156,254.19003153652866,0.9149713057734087
8,2.0,1.0,316.22776601683796,42.133153101986004,256.0615252023836,275.460160376427,0.9295773474191898
8,2.0,1.0,562.341325190349,42.009239659632414,276.8639440273441,293.79771781682774,0.9423624733530392
8,2.0,1.0,1000.0,41.94608164988313,294.5721914141708,308.76640458995473,0.9540292824453035
8,2.0,1.0,1778.2794100389228,41.91256333802524,309.1778746990264,320.9934421477315,0.9631906266693535
8,2.0,1.0,3162.2776601683795,41.89357430807949,320.9346237070722,330.4146604838346,0.9713086678330781
8,2.0,1.0,5623.413251903491,41.881985626240244,330.2257138995604,337.7684239724561,0.9776689899423198
8,2.0,1.0,10000.0,41.8744196559548,337.4684408000648,343.4342184943694,0.9826290527471059
8,2.0,1.0,17782.794100389227,41.86921847481851,343.0575988134637,347.7049814135056,0.9866341213141406
8,2.0,1.0,31622.776601683792,41.86551587068887,347.33873368372196,350.7869394085191,0.9901700852072447
8,2.0,1.0,56234.13251903491,41.862821943785306,350.60004314180287,353.2910341336862,0.9923830759009156
8,2.0,1.0,100000.0,41.86083632724571,353.07437666009235,355.1589800888133,0.9941305062082348
8,2.0,1.0,177827.94100389228,41.85936177149037,354.9461522777458,356.49987539093826,0.9956417288744108
8,2.0,1.0,316227.7660168379,41.85826205806583,356.3589036797496,357.41079461091715,0.9970569133696349
8,2.0,1.0,562341.3251903491,41.85743992001861,357.4238406742096,358.195916470827,0.9978445432761368
8,2.0,1.0,1000000.0,41.85682446154002,358.22491136361896,358.76975329936596,0.9984813604526679
8,2.0,3.0,0.0,56.01767863258453,49.75888763302259,63.96770411056642,0.7778751531712896
8,2.0,3.0,0.0001,56.01742103913324,49.75948041743483,63.968363763533816,0.7778763984237004
8,2.0,3.0,0.00017782794100389227,56.01722056592244,49.7599417637942,63.96887714213013,0.777877367664816
8,2.0,3.0,0.00031622776601683794,56.016864082531114,49.76076215452959,63.96979005132283,0.7778790912805346
8,2.0,3.0,0.0005623413251903491,56.01623019969772,49.762221000548465,63.97141337915809,0.7778821566065478
8,2.0,3.0,0.001,56.015103118785184,49.76481511643999,63.974299867587945,0.777887608296483
8,2.0,3.0,0.0017782794100389228,56.01309929620225,49.769427800076905,63.97943211005852,0.7778973047848046
8,2.0,3.0,0.0031622776601683794,56.00953733734119,49.777629241504656,63.98855624425046,0.7779145547759926
8,2.0,3.0,0.005623413251903491,56.00320759444082,49.79220990663224,64.00477397499893,0.7779452502415164
8,2.0,3.0,0.01,55.991965480752,49.818126431570136,64.03358961615731,0.777999901773424
8,2.0,3.0,0.01778279410038923,55.97201780036753,49.864175459207225,64.08475645214997,0.7780972920828559
8,2.0,3.0,0.03162277660168379,55.93668343702,49.94594432914704,64.17550796127675,0.7782711179985397
8,2.0,3.0,0.05623413251903491,55.874281817517975,50.090977342433774,64.33614473486439,0.7785822036564927
8,2.0,3.0,0.1,55.76465946712026,50.34771193420883,64.61947827772104,0.779141417976556
8,2.0,3.0,0.1778279410038923,55.573847571371196,50.80060291701104,65.11611808391257,0.7801540449869311
8,2.0,3.0,0.31622776601683794,55.24691385545056,51.59473389874518,65.97728236379652,0.7820075645773579
8,2.0,3.0,0.5623413251903491,54.701317159556794,52.97307676337,67.50064300962565,0.7847788465632246
8,2.0,3.0,1.0,53.82840632858277,55.325545776669095,70.08397338225558,0.7894179383196452
8,2.0,3.0,1.7782794100389228,52.5175115664367,59.23596260304715,74.37364579700929,0.7964644191938907
8,2.0,3.0,3.1622776601683795,50.71348745429014,65.48788123114643,81.23087878664045,0.8061944202666539
8,2.0,3.0,5.623413251903491,48.48885356133659,74.96531151199567,91.57033884885729,0.8186636901686114
8,2.0,3.0,10.0,46.07550202269426,88.39901703643086,106.05380769449785,0.8335298746752784
8,2.0,3.0,17.78279410038923,43.807314937138536,106.00945208724555,124.81703344117884,0.8493187921919605
8,2.0,3.0,31.622776601683793,41.979470476432326,127.25426103410867,146.92101548434061,0.8661406308321623
8,2.0,3.0,56.23413251903491,40.71519636300216,150.89905379702958,170.8875638038726,0.8830312191132655
8,2.0,3.0,100.0,39.95317409430461,175.36955708408502,194.89959934511825,0.899794343720274
8,2.0,3.0,177.82794100389228,39.54299684288038,199.14040030091684,217.49828113679175,0.915595283144656
8,2.0,3.0,316.22776601683796,39.34050111567664,221.0066101587695,237.66702556903138,0.9299001812709488
8,2.0,3.0,562.341325190349,39.24659149750536,240.21375726691485,254.80807673641522,0.9427242666071477
8,2.0,3.0,1000.0,39.20486833178933,256.4573212428649,268.76585264553273,0.9542035147638298
8,2.0,3.0,1778.2794100389228,39.1868372084865,269.7869978248911,279.9296317831644,0.9637672014439335
8,2.0,3.0,3162.2776601683795,39.179171314523686,280.474633308277,288.78653809144987,0.9712178246323216
8,2.0,3.0,5623.413251903491,39.175938652971425,288.8954445838579,295.49497533728794,0.9776661828313761
8,2.0,3.0,10000.0,39.17457837321026,295.4446938679749,300.6285457084993,0.9827566213703776
8,2.0,3.0,17782.794100389227,39.17400440904521,300.4898926098203,304.5407366705607,0.9866985149342354
8,2.0,3.0,31622.776601683792,39.17376037395835,304.349229816046,307.4125450052518,0.9900351653210722
8,2.0,3.0,56234.13251903491,39.17365516671361,307.2862612273303,309.6284572981828,0.9924354625175912
8,2.0,3.0,100000.0,39.173608760083525,309.51294379629593,311.3026485674501,0.9942509169793767
8,2.0,3.0,177827.94100389228,39.173587542120664,311.19631403073316,312.4858583076834,0.9958732715652032
8,2.0,3.0,316227.7660168379,39.1735773200849,312.46643069020615,313.5126705840666,0.9966628465385104
8,2.0,3.0,562341.3251903491,39.173572033115235,313.4231609176532,314.2123416032754,0.9974883841875996
8,2.0,3.0,1000000.0,39.1735690655897,314.14337060416733,314.72444041630314,0.9981537188171112
