seed,t,hid,hyp_prob_prior,hyp_size_prior,cand_idx,r_retain,r_purity,dice,passes_gate,cand_size,prev_size,R_F,score,D_deform,bulk_delta,bulk_speed
500,2,0,1.0,46,0,0.8913043478260869,0.9318181818181818,0.9111111111111111,True,44,46,0.6805972950485368,0.8189055846860813,0.20146939126833666,"[0.09852954764891741, -0.1921484576924435]",0.21593772610057055
500,2,0,1.0,46,1,0.043478260869565216,0.05405405405405406,0.04819277108433735,False,37,46,,,,,
500,2,0,1.0,46,2,0.0,0.0,0.0,False,35,46,,,,,
500,2,0,1.0,46,3,0.043478260869565216,0.05714285714285714,0.04938271604938271,False,35,46,,,,,
500,2,0,1.0,46,4,0.0,0.0,0.0,False,31,46,,,,,
500,2,0,1.0,46,5,0.0,0.0,0.0,False,29,46,,,,,
500,2,0,1.0,46,6,0.0,0.0,0.0,False,29,46,,,,,
500,2,0,1.0,46,7,0.0,0.0,0.0,False,29,46,,,,,
500,2,0,1.0,46,8,0.0,0.0,0.0,False,27,46,,,,,
500,2,0,1.0,46,9,0.0,0.0,0.0,False,26,46,,,,,
500,2,0,1.0,46,10,0.0,0.0,0.0,False,24,46,,,,,
500,2,0,1.0,46,11,0.021739130434782608,0.043478260869565216,0.028985507246376812,False,23,46,,,,,
500,2,0,1.0,46,12,0.0,0.0,0.0,False,17,46,,,,,
500,2,0,1.0,46,13,0.0,0.0,0.0,False,14,46,,,,,
500,3,0,1.0,44,0,0.0,0.0,0.0,False,37,44,,,,,
500,3,0,1.0,44,1,0.5454545454545454,0.6666666666666666,0.6,True,36,44,0.6185525661610696,0.6074210264644279,0.2406052957756781,"[1.4019579553108255, -2.806339473237628]",3.137041177209977
500,3,0,1.0,44,2,0.0,0.0,0.0,False,36,44,,,,,
500,3,0,1.0,44,3,0.13636363636363635,0.1875,0.15789473684210525,False,32,44,,,,,
500,3,0,1.0,44,4,0.0,0.0,0.0,False,28,44,,,,,
500,3,0,1.0,44,5,0.0,0.0,0.0,False,26,44,,,,,
500,3,0,1.0,44,6,0.3181818181818182,0.5833333333333334,0.4117647058823529,True,24,44,0.5135658737669746,0.4524851730362016,0.30682766859850275,"[-2.855886293351368, -21.13082488800051]",21.322941799102065
500,3,0,1.0,44,7,0.0,0.0,0.0,False,24,44,,,,,
500,3,0,1.0,44,8,0.0,0.0,0.0,False,24,44,,,,,
500,3,0,1.0,44,9,0.0,0.0,0.0,False,24,44,,,,,
500,3,0,1.0,44,10,0.0,0.0,0.0,False,22,44,,,,,
500,3,0,1.0,44,11,0.0,0.0,0.0,False,21,44,,,,,
500,3,0,1.0,44,12,0.0,0.0,0.0,False,20,44,,,,,
500,3,0,1.0,44,13,0.0,0.0,0.0,False,18,44,,,,,
500,3,0,1.0,44,14,0.0,0.0,0.0,False,18,44,,,,,
500,4,1,0.6501601897796762,36,0,0.8611111111111112,0.6078431372549019,0.7126436781609196,True,51,36,0.500471488160602,0.6277748021607925,0.3150872038380357,"[0.22073858324720774, 0.15799606250751097]",0.27145584889970925
500,4,1,0.6501601897796762,36,1,0.0,0.0,0.0,False,36,36,,,,,
500,4,1,0.6501601897796762,36,2,0.05555555555555555,0.058823529411764705,0.05714285714285714,False,34,36,,,,,
500,4,1,0.6501601897796762,36,3,0.0,0.0,0.0,False,30,36,,,,,
500,4,1,0.6501601897796762,36,4,0.08333333333333333,0.10344827586206896,0.09230769230769231,False,29,36,,,,,
500,4,1,0.6501601897796762,36,5,0.0,0.0,0.0,False,29,36,,,,,
500,4,1,0.6501601897796762,36,6,0.0,0.0,0.0,False,26,36,,,,,
500,4,1,0.6501601897796762,36,7,0.0,0.0,0.0,False,26,36,,,,,
500,4,1,0.6501601897796762,36,8,0.0,0.0,0.0,False,25,36,,,,,
500,4,1,0.6501601897796762,36,9,0.0,0.0,0.0,False,24,36,,,,,
500,4,1,0.6501601897796762,36,10,0.0,0.0,0.0,False,23,36,,,,,
500,4,1,0.6501601897796762,36,11,0.0,0.0,0.0,False,19,36,,,,,
500,4,1,0.6501601897796762,36,12,0.0,0.0,0.0,False,18,36,,,,,
500,4,1,0.6501601897796762,36,13,0.0,0.0,0.0,False,17,36,,,,,
500,4,1,0.6501601897796762,36,14,0.0,0.0,0.0,False,13,36,,,,,
500,4,2,0.3498398102203238,24,0,0.0,0.0,0.0,False,51,24,,,,,
500,4,2,0.3498398102203238,24,1,0.0,0.0,0.0,False,36,24,,,,,
500,4,2,0.3498398102203238,24,2,0.0,0.0,0.0,False,34,24,,,,,
500,4,2,0.3498398102203238,24,3,0.0,0.0,0.0,False,30,24,,,,,
500,4,2,0.3498398102203238,24,4,1.0,0.8275862068965517,0.9056603773584906,True,29,24,0.7456426891938974,0.8416533020926533,0.16044075951249032,"[-0.00972631315520367, -0.031785771137744945]",0.0332405838458681
500,4,2,0.3498398102203238,24,5,0.0,0.0,0.0,False,29,24,,,,,
500,4,2,0.3498398102203238,24,6,0.0,0.0,0.0,False,26,24,,,,,
500,4,2,0.3498398102203238,24,7,0.0,0.0,0.0,False,26,24,,,,,
500,4,2,0.3498398102203238,24,8,0.0,0.0,0.0,False,25,24,,,,,
500,4,2,0.3498398102203238,24,9,0.0,0.0,0.0,False,24,24,,,,,
500,4,2,0.3498398102203238,24,10,0.0,0.0,0.0,False,23,24,,,,,
500,4,2,0.3498398102203238,24,11,0.0,0.0,0.0,False,19,24,,,,,
500,4,2,0.3498398102203238,24,12,0.0,0.0,0.0,False,18,24,,,,,
500,4,2,0.3498398102203238,24,13,0.0,0.0,0.0,False,17,24,,,,,
500,4,2,0.3498398102203238,24,14,0.0,0.0,0.0,False,13,24,,,,,
500,5,1,0.6501601897796762,51,0,0.7843137254901961,1.0,0.8791208791208791,True,40,51,0.6652188210146965,0.7935600558784062,0.2111696591565017,"[-0.007280860642268294, -0.07072797871974856]",0.07110174333638618
500,5,1,0.6501601897796762,51,1,0.0,0.0,0.0,False,37,51,,,,,
500,5,1,0.6501601897796762,51,2,0.0,0.0,0.0,False,33,51,,,,,
500,5,1,0.6501601897796762,51,3,0.0,0.0,0.0,False,29,51,,,,,
500,5,1,0.6501601897796762,51,4,0.0196078431372549,0.034482758620689655,0.025,False,29,51,,,,,
500,5,1,0.6501601897796762,51,5,0.0,0.0,0.0,False,28,51,,,,,
500,5,1,0.6501601897796762,51,6,0.0392156862745098,0.07142857142857142,0.05063291139240506,False,28,51,,,,,
500,5,1,0.6501601897796762,51,7,0.0,0.0,0.0,False,28,51,,,,,
500,5,1,0.6501601897796762,51,8,0.0,0.0,0.0,False,27,51,,,,,
500,5,1,0.6501601897796762,51,9,0.0,0.0,0.0,False,23,51,,,,,
500,5,1,0.6501601897796762,51,10,0.0,0.0,0.0,False,22,51,,,,,
500,5,1,0.6501601897796762,51,11,0.0,0.0,0.0,False,20,51,,,,,
500,5,1,0.6501601897796762,51,12,0.0,0.0,0.0,False,17,51,,,,,
500,5,1,0.6501601897796762,51,13,0.0,0.0,0.0,False,17,51,,,,,
500,5,1,0.6501601897796762,51,14,0.0,0.0,0.0,False,14,51,,,,,
500,5,2,0.3498398102203238,29,0,0.0,0.0,0.0,False,40,29,,,,,
500,5,2,0.3498398102203238,29,1,0.034482758620689655,0.02702702702702703,0.030303030303030304,False,37,29,,,,,
500,5,2,0.3498398102203238,29,2,0.0,0.0,0.0,False,33,29,,,,,
500,5,2,0.3498398102203238,29,3,0.0,0.0,0.0,False,29,29,,,,,
500,5,2,0.3498398102203238,29,4,0.9655172413793104,0.9655172413793104,0.9655172413793104,True,29,29,0.756019517464243,0.8817181518132835,0.15389537576177886,"[-0.0029125059332670844, -0.17303162616981282]",0.1730561364002478
500,5,2,0.3498398102203238,29,5,0.0,0.0,0.0,False,28,29,,,,,
500,5,2,0.3498398102203238,29,6,0.0,0.0,0.0,False,28,29,,,,,
500,5,2,0.3498398102203238,29,7,0.0,0.0,0.0,False,28,29,,,,,
500,5,2,0.3498398102203238,29,8,0.0,0.0,0.0,False,27,29,,,,,
500,5,2,0.3498398102203238,29,9,0.0,0.0,0.0,False,23,29,,,,,
500,5,2,0.3498398102203238,29,10,0.0,0.0,0.0,False,22,29,,,,,
500,5,2,0.3498398102203238,29,11,0.0,0.0,0.0,False,20,29,,,,,
500,5,2,0.3498398102203238,29,12,0.0,0.0,0.0,False,17,29,,,,,
500,5,2,0.3498398102203238,29,13,0.0,0.0,0.0,False,17,29,,,,,
500,5,2,0.3498398102203238,29,14,0.0,0.0,0.0,False,14,29,,,,,
500,6,1,0.6501601897796762,40,0,1.0,0.7017543859649122,0.8247422680412371,True,57,40,0.6909302875762302,0.7712174758552344,0.19495165775430456,"[-0.22110448842587616, -0.05842621123859004]",0.22869371867579735
500,6,1,0.6501601897796762,40,1,0.0,0.0,0.0,False,42,40,,,,,
500,6,1,0.6501601897796762,40,2,0.0,0.0,0.0,False,39,40,,,,,
500,6,1,0.6501601897796762,40,3,0.0,0.0,0.0,False,31,40,,,,,
500,6,1,0.6501601897796762,40,4,0.0,0.0,0.0,False,28,40,,,,,
500,6,1,0.6501601897796762,40,5,0.0,0.0,0.0,False,28,40,,,,,
500,6,1,0.6501601897796762,40,6,0.0,0.0,0.0,False,27,40,,,,,
500,6,1,0.6501601897796762,40,7,0.0,0.0,0.0,False,24,40,,,,,
500,6,1,0.6501601897796762,40,8,0.0,0.0,0.0,False,22,40,,,,,
500,6,1,0.6501601897796762,40,9,0.0,0.0,0.0,False,22,40,,,,,
500,6,1,0.6501601897796762,40,10,0.0,0.0,0.0,False,21,40,,,,,
500,6,1,0.6501601897796762,40,11,0.0,0.0,0.0,False,19,40,,,,,
500,6,1,0.6501601897796762,40,12,0.0,0.0,0.0,False,17,40,,,,,
500,6,1,0.6501601897796762,40,13,0.0,0.0,0.0,False,16,40,,,,,
500,6,2,0.3498398102203238,29,0,0.13793103448275862,0.07017543859649122,0.09302325581395349,False,57,29,,,,,
500,6,2,0.3498398102203238,29,1,0.0,0.0,0.0,False,42,29,,,,,
500,6,2,0.3498398102203238,29,2,0.0,0.0,0.0,False,39,29,,,,,
500,6,2,0.3498398102203238,29,3,0.0,0.0,0.0,False,31,29,,,,,
500,6,2,0.3498398102203238,29,4,0.0,0.0,0.0,False,28,29,,,,,
500,6,2,0.3498398102203238,29,5,0.0,0.0,0.0,False,28,29,,,,,
500,6,2,0.3498398102203238,29,6,0.8620689655172413,0.9259259259259259,0.8928571428571429,True,27,29,0.7086934632949404,0.8191916710322619,0.1837471934728112,"[-0.13934389740401798, -0.24196585202303567]",0.27922069280226186
500,6,2,0.3498398102203238,29,7,0.0,0.0,0.0,False,24,29,,,,,
500,6,2,0.3498398102203238,29,8,0.0,0.0,0.0,False,22,29,,,,,
500,6,2,0.3498398102203238,29,9,0.0,0.0,0.0,False,22,29,,,,,
500,6,2,0.3498398102203238,29,10,0.0,0.0,0.0,False,21,29,,,,,
500,6,2,0.3498398102203238,29,11,0.0,0.0,0.0,False,19,29,,,,,
500,6,2,0.3498398102203238,29,12,0.0,0.0,0.0,False,17,29,,,,,
500,6,2,0.3498398102203238,29,13,0.0,0.0,0.0,False,16,29,,,,,
500,7,1,0.6501601897796762,57,0,0.7894736842105263,0.9375,0.8571428571428571,True,48,57,0.6364716923312168,0.768874391218201,0.2293024627514284,"[-0.14473083618252147, 0.16538948650957863]",0.21977419591479333
500,7,1,0.6501601897796762,57,1,0.0,0.0,0.0,False,30,57,,,,,
500,7,1,0.6501601897796762,57,2,0.0,0.0,0.0,False,29,57,,,,,
500,7,1,0.6501601897796762,57,3,0.017543859649122806,0.034482758620689655,0.023255813953488372,False,29,57,,,,,
500,7,1,0.6501601897796762,57,4,0.0,0.0,0.0,False,27,57,,,,,
500,7,1,0.6501601897796762,57,5,0.0,0.0,0.0,False,26,57,,,,,
500,7,1,0.6501601897796762,57,6,0.07017543859649122,0.15384615384615385,0.0963855421686747,False,26,57,,,,,
500,7,1,0.6501601897796762,57,7,0.0,0.0,0.0,False,23,57,,,,,
500,7,1,0.6501601897796762,57,8,0.0,0.0,0.0,False,22,57,,,,,
500,7,1,0.6501601897796762,57,9,0.0,0.0,0.0,False,21,57,,,,,
500,7,1,0.6501601897796762,57,10,0.0,0.0,0.0,False,21,57,,,,,
500,7,1,0.6501601897796762,57,11,0.0,0.0,0.0,False,20,57,,,,,
500,7,1,0.6501601897796762,57,12,0.0,0.0,0.0,False,19,57,,,,,
500,7,1,0.6501601897796762,57,13,0.0,0.0,0.0,False,19,57,,,,,
500,7,1,0.6501601897796762,57,14,0.0,0.0,0.0,False,16,57,,,,,
500,7,1,0.6501601897796762,57,15,0.12280701754385964,0.5,0.19718309859154928,False,14,57,,,,,
500,7,2,0.3498398102203238,27,0,0.0,0.0,0.0,False,48,27,,,,,
500,7,2,0.3498398102203238,27,1,0.0,0.0,0.0,False,30,27,,,,,
500,7,2,0.3498398102203238,27,2,0.0,0.0,0.0,False,29,27,,,,,
500,7,2,0.3498398102203238,27,3,0.0,0.0,0.0,False,29,27,,,,,
500,7,2,0.3498398102203238,27,4,1.0,1.0,1.0,True,27,27,0.7961903769876562,0.9184761507950625,0.12855683451136035,"[-0.031111111111110645, 0.04148148148148323]",0.05185185185185297
500,7,2,0.3498398102203238,27,5,0.0,0.0,0.0,False,26,27,,,,,
500,7,2,0.3498398102203238,27,6,0.0,0.0,0.0,False,26,27,,,,,
500,7,2,0.3498398102203238,27,7,0.0,0.0,0.0,False,23,27,,,,,
500,7,2,0.3498398102203238,27,8,0.0,0.0,0.0,False,22,27,,,,,
500,7,2,0.3498398102203238,27,9,0.0,0.0,0.0,False,21,27,,,,,
500,7,2,0.3498398102203238,27,10,0.0,0.0,0.0,False,21,27,,,,,
500,7,2,0.3498398102203238,27,11,0.0,0.0,0.0,False,20,27,,,,,
500,7,2,0.3498398102203238,27,12,0.0,0.0,0.0,False,19,27,,,,,
500,7,2,0.3498398102203238,27,13,0.0,0.0,0.0,False,19,27,,,,,
500,7,2,0.3498398102203238,27,14,0.0,0.0,0.0,False,16,27,,,,,
500,7,2,0.3498398102203238,27,15,0.0,0.0,0.0,False,14,27,,,,,
500,8,1,0.6501601897796762,48,0,1.0,0.8421052631578947,0.9142857142857143,True,57,48,0.7114808011118439,0.8331637490161661,0.18198902660532618,"[0.07459669096522603, 0.03559174718966318]",0.08265251823734308
500,8,1,0.6501601897796762,48,1,0.0,0.0,0.0,False,32,48,,,,,
500,8,1,0.6501601897796762,48,2,0.0,0.0,0.0,False,29,48,,,,,
500,8,1,0.6501601897796762,48,3,0.0,0.0,0.0,False,28,48,,,,,
500,8,1,0.6501601897796762,48,4,0.0,0.0,0.0,False,27,48,,,,,
500,8,1,0.6501601897796762,48,5,0.0,0.0,0.0,False,27,48,,,,,
500,8,1,0.6501601897796762,48,6,0.0,0.0,0.0,False,24,48,,,,,
500,8,1,0.6501601897796762,48,7,0.0,0.0,0.0,False,22,48,,,,,
500,8,1,0.6501601897796762,48,8,0.0,0.0,0.0,False,21,48,,,,,
500,8,1,0.6501601897796762,48,9,0.0,0.0,0.0,False,20,48,,,,,
500,8,1,0.6501601897796762,48,10,0.0,0.0,0.0,False,19,48,,,,,
500,8,1,0.6501601897796762,48,11,0.0,0.0,0.0,False,18,48,,,,,
500,8,1,0.6501601897796762,48,12,0.0,0.0,0.0,False,18,48,,,,,
500,8,1,0.6501601897796762,48,13,0.0,0.0,0.0,False,17,48,,,,,
500,8,1,0.6501601897796762,48,14,0.0,0.0,0.0,False,17,48,,,,,
500,8,1,0.6501601897796762,48,15,0.0,0.0,0.0,False,14,48,,,,,
500,8,2,0.3498398102203238,27,0,0.2222222222222222,0.10526315789473684,0.14285714285714285,False,57,27,,,,,
500,8,2,0.3498398102203238,27,1,0.0,0.0,0.0,False,32,27,,,,,
500,8,2,0.3498398102203238,27,2,0.037037037037037035,0.034482758620689655,0.03571428571428571,False,29,27,,,,,
500,8,2,0.3498398102203238,27,3,0.0,0.0,0.0,False,28,27,,,,,
500,8,2,0.3498398102203238,27,4,0.0,0.0,0.0,False,27,27,,,,,
500,8,2,0.3498398102203238,27,5,0.1111111111111111,0.1111111111111111,0.1111111111111111,False,27,27,,,,,
500,8,2,0.3498398102203238,27,6,0.0,0.0,0.0,False,24,27,,,,,
500,8,2,0.3498398102203238,27,7,0.0,0.0,0.0,False,22,27,,,,,
500,8,2,0.3498398102203238,27,8,0.0,0.0,0.0,False,21,27,,,,,
500,8,2,0.3498398102203238,27,9,0.0,0.0,0.0,False,20,27,,,,,
500,8,2,0.3498398102203238,27,10,0.0,0.0,0.0,False,19,27,,,,,
500,8,2,0.3498398102203238,27,11,0.0,0.0,0.0,False,18,27,,,,,
500,8,2,0.3498398102203238,27,12,0.0,0.0,0.0,False,18,27,,,,,
500,8,2,0.3498398102203238,27,13,0.6296296296296297,1.0,0.7727272727272727,True,17,27,0.6752853553418243,0.7337505057730933,0.20481999927063305,"[-0.004357572662989639, 0.30331034492972186]",0.3033416453125091
500,8,2,0.3498398102203238,27,14,0.0,0.0,0.0,False,17,27,,,,,
500,8,2,0.3498398102203238,27,15,0.0,0.0,0.0,False,14,27,,,,,
500,9,1,0.6501601897796762,57,0,1.0,1.0,1.0,True,57,57,0.8024518474430402,0.9209807389772161,0.12460729175065456,"[-0.04421052631579059, -0.0392982456140345]",0.05915169266775207
500,9,1,0.6501601897796762,57,1,0.0,0.0,0.0,False,30,57,,,,,
500,9,1,0.6501601897796762,57,2,0.0,0.0,0.0,False,29,57,,,,,
500,9,1,0.6501601897796762,57,3,0.0,0.0,0.0,False,28,57,,,,,
500,9,1,0.6501601897796762,57,4,0.0,0.0,0.0,False,27,57,,,,,
500,9,1,0.6501601897796762,57,5,0.0,0.0,0.0,False,25,57,,,,,
500,9,1,0.6501601897796762,57,6,0.0,0.0,0.0,False,25,57,,,,,
500,9,1,0.6501601897796762,57,7,0.0,0.0,0.0,False,24,57,,,,,
500,9,1,0.6501601897796762,57,8,0.0,0.0,0.0,False,21,57,,,,,
500,9,1,0.6501601897796762,57,9,0.0,0.0,0.0,False,21,57,,,,,
500,9,1,0.6501601897796762,57,10,0.0,0.0,0.0,False,19,57,,,,,
500,9,1,0.6501601897796762,57,11,0.0,0.0,0.0,False,18,57,,,,,
500,9,1,0.6501601897796762,57,12,0.0,0.0,0.0,False,17,57,,,,,
500,9,1,0.6501601897796762,57,13,0.0,0.0,0.0,False,17,57,,,,,
500,9,1,0.6501601897796762,57,14,0.0,0.0,0.0,False,17,57,,,,,
500,9,1,0.6501601897796762,57,15,0.0,0.0,0.0,False,15,57,,,,,
500,9,2,0.3498398102203238,17,0,0.0,0.0,0.0,False,57,17,,,,,
500,9,2,0.3498398102203238,17,1,0.0,0.0,0.0,False,30,17,,,,,
500,9,2,0.3498398102203238,17,2,0.0,0.0,0.0,False,29,17,,,,,
500,9,2,0.3498398102203238,17,3,0.0,0.0,0.0,False,28,17,,,,,
500,9,2,0.3498398102203238,17,4,0.0,0.0,0.0,False,27,17,,,,,
500,9,2,0.3498398102203238,17,5,0.0,0.0,0.0,False,25,17,,,,,
500,9,2,0.3498398102203238,17,6,0.0,0.0,0.0,False,25,17,,,,,
500,9,2,0.3498398102203238,17,7,0.0,0.0,0.0,False,24,17,,,,,
500,9,2,0.3498398102203238,17,8,0.0,0.0,0.0,False,21,17,,,,,
500,9,2,0.3498398102203238,17,9,0.0,0.0,0.0,False,21,17,,,,,
500,9,2,0.3498398102203238,17,10,0.0,0.0,0.0,False,19,17,,,,,
500,9,2,0.3498398102203238,17,11,1.0,0.9444444444444444,0.9714285714285714,True,18,17,0.8377846657150834,0.9179710091431762,0.10232043794913448,"[0.15905165179078296, 0.08045963521166821]",0.17824472176132225
500,9,2,0.3498398102203238,17,12,0.0,0.0,0.0,False,17,17,,,,,
500,9,2,0.3498398102203238,17,13,0.0,0.0,0.0,False,17,17,,,,,
500,9,2,0.3498398102203238,17,14,0.0,0.0,0.0,False,17,17,,,,,
500,9,2,0.3498398102203238,17,15,0.0,0.0,0.0,False,15,17,,,,,
500,10,1,0.6501601897796762,57,0,0.8771929824561403,1.0,0.9345794392523364,True,50,57,0.6842599392230038,0.8344516392406034,0.1991591081028434,"[-0.15172752197586803, 0.11227754162203496]",0.18875244972615668
500,10,1,0.6501601897796762,57,1,0.0,0.0,0.0,False,36,57,,,,,
500,10,1,0.6501601897796762,57,2,0.12280701754385964,0.20588235294117646,0.15384615384615385,False,34,57,,,,,
500,10,1,0.6501601897796762,57,3,0.0,0.0,0.0,False,32,57,,,,,
500,10,1,0.6501601897796762,57,4,0.0,0.0,0.0,False,31,57,,,,,
500,10,1,0.6501601897796762,57,5,0.0,0.0,0.0,False,30,57,,,,,
500,10,1,0.6501601897796762,57,6,0.0,0.0,0.0,False,28,57,,,,,
500,10,1,0.6501601897796762,57,7,0.0,0.0,0.0,False,26,57,,,,,
500,10,1,0.6501601897796762,57,8,0.0,0.0,0.0,False,24,57,,,,,
500,10,1,0.6501601897796762,57,9,0.0,0.0,0.0,False,22,57,,,,,
500,10,1,0.6501601897796762,57,10,0.0,0.0,0.0,False,22,57,,,,,
500,10,1,0.6501601897796762,57,11,0.0,0.0,0.0,False,18,57,,,,,
500,10,1,0.6501601897796762,57,12,0.0,0.0,0.0,False,17,57,,,,,
500,10,1,0.6501601897796762,57,13,0.0,0.0,0.0,False,16,57,,,,,
500,10,1,0.6501601897796762,57,14,0.0,0.0,0.0,False,14,57,,,,,
500,10,2,0.3498398102203238,18,0,0.0,0.0,0.0,False,50,18,,,,,
500,10,2,0.3498398102203238,18,1,0.0,0.0,0.0,False,36,18,,,,,
500,10,2,0.3498398102203238,18,2,0.0,0.0,0.0,False,34,18,,,,,
500,10,2,0.3498398102203238,18,3,0.05555555555555555,0.03125,0.04,False,32,18,,,,,
500,10,2,0.3498398102203238,18,4,0.0,0.0,0.0,False,31,18,,,,,
500,10,2,0.3498398102203238,18,5,0.0,0.0,0.0,False,30,18,,,,,
500,10,2,0.3498398102203238,18,6,0.0,0.0,0.0,False,28,18,,,,,
500,10,2,0.3498398102203238,18,7,0.0,0.0,0.0,False,26,18,,,,,
500,10,2,0.3498398102203238,18,8,0.0,0.0,0.0,False,24,18,,,,,
500,10,2,0.3498398102203238,18,9,0.0,0.0,0.0,False,22,18,,,,,
500,10,2,0.3498398102203238,18,10,0.0,0.0,0.0,False,22,18,,,,,
500,10,2,0.3498398102203238,18,11,0.0,0.0,0.0,False,18,18,,,,,
500,10,2,0.3498398102203238,18,12,0.9444444444444444,1.0,0.9714285714285714,True,17,18,0.8662834740966449,0.9293705324958008,0.08434426715440478,"[-0.3072869459084302, 0.0018933059648023054]",0.3072927785243364
500,10,2,0.3498398102203238,18,13,0.0,0.0,0.0,False,16,18,,,,,
500,10,2,0.3498398102203238,18,14,0.0,0.0,0.0,False,14,18,,,,,
500,11,1,0.6501601897796762,50,0,0.98,1.0,0.98989898989899,True,49,50,0.8002472773904414,0.9140383048955706,0.12599786665694082,"[-0.07364026235676846, 0.0294687122108499]",0.07931767293194868
500,11,1,0.6501601897796762,50,1,0.0,0.0,0.0,False,36,50,,,,,
500,11,1,0.6501601897796762,50,2,0.0,0.0,0.0,False,34,50,,,,,
500,11,1,0.6501601897796762,50,3,0.0,0.0,0.0,False,32,50,,,,,
500,11,1,0.6501601897796762,50,4,0.0,0.0,0.0,False,30,50,,,,,
500,11,1,0.6501601897796762,50,5,0.0,0.0,0.0,False,30,50,,,,,
500,11,1,0.6501601897796762,50,6,0.0,0.0,0.0,False,27,50,,,,,
500,11,1,0.6501601897796762,50,7,0.0,0.0,0.0,False,26,50,,,,,
500,11,1,0.6501601897796762,50,8,0.02,0.041666666666666664,0.02702702702702703,False,24,50,,,,,
500,11,1,0.6501601897796762,50,9,0.0,0.0,0.0,False,23,50,,,,,
500,11,1,0.6501601897796762,50,10,0.0,0.0,0.0,False,22,50,,,,,
500,11,1,0.6501601897796762,50,11,0.0,0.0,0.0,False,18,50,,,,,
500,11,1,0.6501601897796762,50,12,0.0,0.0,0.0,False,17,50,,,,,
500,11,1,0.6501601897796762,50,13,0.0,0.0,0.0,False,17,50,,,,,
500,11,1,0.6501601897796762,50,14,0.0,0.0,0.0,False,15,50,,,,,
500,11,2,0.3498398102203238,17,0,0.0,0.0,0.0,False,49,17,,,,,
500,11,2,0.3498398102203238,17,1,0.0,0.0,0.0,False,36,17,,,,,
500,11,2,0.3498398102203238,17,2,0.0,0.0,0.0,False,34,17,,,,,
500,11,2,0.3498398102203238,17,3,0.0,0.0,0.0,False,32,17,,,,,
500,11,2,0.3498398102203238,17,4,0.0,0.0,0.0,False,30,17,,,,,
500,11,2,0.3498398102203238,17,5,0.0,0.0,0.0,False,30,17,,,,,
500,11,2,0.3498398102203238,17,6,0.0,0.0,0.0,False,27,17,,,,,
500,11,2,0.3498398102203238,17,7,0.0,0.0,0.0,False,26,17,,,,,
500,11,2,0.3498398102203238,17,8,0.0,0.0,0.0,False,24,17,,,,,
500,11,2,0.3498398102203238,17,9,0.0,0.0,0.0,False,23,17,,,,,
500,11,2,0.3498398102203238,17,10,0.0,0.0,0.0,False,22,17,,,,,
500,11,2,0.3498398102203238,17,11,0.0,0.0,0.0,False,18,17,,,,,
500,11,2,0.3498398102203238,17,12,0.0,0.0,0.0,False,17,17,,,,,
500,11,2,0.3498398102203238,17,13,1.0,1.0,1.0,True,17,17,0.8566985470112245,0.9426794188044898,0.09039014402180479,"[-0.09882352941176364, -0.016470588235294015]",0.10018667696961667
500,11,2,0.3498398102203238,17,14,0.0,0.0,0.0,False,15,17,,,,,
500,12,1,0.6501601897796762,49,0,0.0,0.0,0.0,False,32,49,,,,,
500,12,1,0.6501601897796762,49,1,0.6326530612244898,1.0,0.775,True,31,49,0.6312781830309149,0.7175112732123659,0.23257836850005786,"[0.6156980912028622, -0.031116882696615278]",0.6164839007627069
500,12,1,0.6501601897796762,49,2,0.3469387755102041,0.5666666666666667,0.43037974683544306,True,30,49,0.538682200923938,0.47370072847084105,0.2909850628072375,"[-3.1068524137361404, 0.04982877141840092]",3.1072519735610675
500,12,1,0.6501601897796762,49,3,0.0,0.0,0.0,False,29,49,,,,,
500,12,1,0.6501601897796762,49,4,0.0,0.0,0.0,False,27,49,,,,,
500,12,1,0.6501601897796762,49,5,0.0,0.0,0.0,False,27,49,,,,,
500,12,1,0.6501601897796762,49,6,0.02040816326530612,0.038461538461538464,0.02666666666666667,False,26,49,,,,,
500,12,1,0.6501601897796762,49,7,0.0,0.0,0.0,False,25,49,,,,,
500,12,1,0.6501601897796762,49,8,0.0,0.0,0.0,False,25,49,,,,,
500,12,1,0.6501601897796762,49,9,0.0,0.0,0.0,False,22,49,,,,,
500,12,1,0.6501601897796762,49,10,0.0,0.0,0.0,False,21,49,,,,,
500,12,1,0.6501601897796762,49,11,0.0,0.0,0.0,False,19,49,,,,,
500,12,1,0.6501601897796762,49,12,0.0,0.0,0.0,False,18,49,,,,,
500,12,1,0.6501601897796762,49,13,0.0,0.0,0.0,False,17,49,,,,,
500,12,1,0.6501601897796762,49,14,0.0,0.0,0.0,False,17,49,,,,,
500,12,1,0.6501601897796762,49,15,0.0,0.0,0.0,False,17,49,,,,,
500,12,1,0.6501601897796762,49,16,0.0,0.0,0.0,False,17,49,,,,,
500,12,2,0.3498398102203238,17,0,0.0,0.0,0.0,False,32,17,,,,,
500,12,2,0.3498398102203238,17,1,0.0,0.0,0.0,False,31,17,,,,,
500,12,2,0.3498398102203238,17,2,0.0,0.0,0.0,False,30,17,,,,,
500,12,2,0.3498398102203238,17,3,0.0,0.0,0.0,False,29,17,,,,,
500,12,2,0.3498398102203238,17,4,0.0,0.0,0.0,False,27,17,,,,,
500,12,2,0.3498398102203238,17,5,0.0,0.0,0.0,False,27,17,,,,,
500,12,2,0.3498398102203238,17,6,0.0,0.0,0.0,False,26,17,,,,,
500,12,2,0.3498398102203238,17,7,0.0,0.0,0.0,False,25,17,,,,,
500,12,2,0.3498398102203238,17,8,0.0,0.0,0.0,False,25,17,,,,,
500,12,2,0.3498398102203238,17,9,1.0,0.7727272727272727,0.8717948717948718,True,22,17,0.6776045299482452,0.7941187350562211,0.2033571353406874,"[0.38388451160062687, 0.09226824725465077]",0.3948173599251902
500,12,2,0.3498398102203238,17,10,0.0,0.0,0.0,False,21,17,,,,,
500,12,2,0.3498398102203238,17,11,0.0,0.0,0.0,False,19,17,,,,,
500,12,2,0.3498398102203238,17,12,0.0,0.0,0.0,False,18,17,,,,,
500,12,2,0.3498398102203238,17,13,0.0,0.0,0.0,False,17,17,,,,,
500,12,2,0.3498398102203238,17,14,0.0,0.0,0.0,False,17,17,,,,,
500,12,2,0.3498398102203238,17,15,0.0,0.0,0.0,False,17,17,,,,,
500,12,2,0.3498398102203238,17,16,0.0,0.0,0.0,False,17,17,,,,,
500,13,3,0.47212236572111793,31,0,0.967741935483871,0.967741935483871,0.967741935483871,True,31,31,0.8164402995405433,0.90722128110654,0.11578380689851937,"[-0.02330987929720152, 0.21282960528245454]",0.21410229180822773
500,13,3,0.47212236572111793,31,1,0.0,0.0,0.0,False,31,31,,,,,
500,13,3,0.47212236572111793,31,2,0.0,0.0,0.0,False,30,31,,,,,
500,13,3,0.47212236572111793,31,3,0.0,0.0,0.0,False,28,31,,,,,
500,13,3,0.47212236572111793,31,4,0.03225806451612903,0.037037037037037035,0.034482758620689655,False,27,31,,,,,
500,13,3,0.47212236572111793,31,5,0.0,0.0,0.0,False,27,31,,,,,
500,13,3,0.47212236572111793,31,6,0.0,0.0,0.0,False,26,31,,,,,
500,13,3,0.47212236572111793,31,7,0.0,0.0,0.0,False,26,31,,,,,
500,13,3,0.47212236572111793,31,8,0.0,0.0,0.0,False,24,31,,,,,
500,13,3,0.47212236572111793,31,9,0.0,0.0,0.0,False,23,31,,,,,
500,13,3,0.47212236572111793,31,10,0.0,0.0,0.0,False,22,31,,,,,
500,13,3,0.47212236572111793,31,11,0.0,0.0,0.0,False,21,31,,,,,
500,13,3,0.47212236572111793,31,12,0.0,0.0,0.0,False,20,31,,,,,
500,13,3,0.47212236572111793,31,13,0.0,0.0,0.0,False,17,31,,,,,
500,13,3,0.47212236572111793,31,14,0.0,0.0,0.0,False,17,31,,,,,
500,13,3,0.47212236572111793,31,15,0.0,0.0,0.0,False,17,31,,,,,
500,13,3,0.47212236572111793,31,16,0.0,0.0,0.0,False,13,31,,,,,
500,13,2,0.3498398102203238,22,0,0.0,0.0,0.0,False,31,22,,,,,
500,13,2,0.3498398102203238,22,1,0.0,0.0,0.0,False,31,22,,,,,
500,13,2,0.3498398102203238,22,2,0.0,0.0,0.0,False,30,22,,,,,
500,13,2,0.3498398102203238,22,3,0.0,0.0,0.0,False,28,22,,,,,
500,13,2,0.3498398102203238,22,4,0.0,0.0,0.0,False,27,22,,,,,
500,13,2,0.3498398102203238,22,5,0.0,0.0,0.0,False,27,22,,,,,
500,13,2,0.3498398102203238,22,6,0.0,0.0,0.0,False,26,22,,,,,
500,13,2,0.3498398102203238,22,7,0.0,0.0,0.0,False,26,22,,,,,
500,13,2,0.3498398102203238,22,8,0.0,0.0,0.0,False,24,22,,,,,
500,13,2,0.3498398102203238,22,9,0.0,0.0,0.0,False,23,22,,,,,
500,13,2,0.3498398102203238,22,10,1.0,1.0,1.0,True,22,22,0.8486195117977049,0.939447804719082,0.09548615066567645,"[0.025454545454545396, 0.0]",0.025454545454545396
500,13,2,0.3498398102203238,22,11,0.0,0.0,0.0,False,21,22,,,,,
500,13,2,0.3498398102203238,22,12,0.0,0.0,0.0,False,20,22,,,,,
500,13,2,0.3498398102203238,22,13,0.0,0.0,0.0,False,17,22,,,,,
500,13,2,0.3498398102203238,22,14,0.0,0.0,0.0,False,17,22,,,,,
500,13,2,0.3498398102203238,22,15,0.0,0.0,0.0,False,17,22,,,,,
500,13,2,0.3498398102203238,22,16,0.0,0.0,0.0,False,13,22,,,,,
500,13,4,0.17803782405855823,30,0,0.03333333333333333,0.03225806451612903,0.03278688524590164,False,31,30,,,,,
500,13,4,0.17803782405855823,30,1,0.0,0.0,0.0,False,31,30,,,,,
500,13,4,0.17803782405855823,30,2,0.0,0.0,0.0,False,30,30,,,,,
500,13,4,0.17803782405855823,30,3,0.9333333333333333,1.0,0.9655172413793104,True,28,30,0.7360486202340798,0.8737297929212182,0.16649240279276445,"[0.04786589809699571, 0.004070168307396926]",0.048038635187549986
500,13,4,0.17803782405855823,30,4,0.0,0.0,0.0,False,27,30,,,,,
500,13,4,0.17803782405855823,30,5,0.0,0.0,0.0,False,27,30,,,,,
500,13,4,0.17803782405855823,30,6,0.0,0.0,0.0,False,26,30,,,,,
500,13,4,0.17803782405855823,30,7,0.0,0.0,0.0,False,26,30,,,,,
500,13,4,0.17803782405855823,30,8,0.0,0.0,0.0,False,24,30,,,,,
500,13,4,0.17803782405855823,30,9,0.0,0.0,0.0,False,23,30,,,,,
500,13,4,0.17803782405855823,30,10,0.0,0.0,0.0,False,22,30,,,,,
500,13,4,0.17803782405855823,30,11,0.0,0.0,0.0,False,21,30,,,,,
500,13,4,0.17803782405855823,30,12,0.03333333333333333,0.05,0.04,False,20,30,,,,,
500,13,4,0.17803782405855823,30,13,0.0,0.0,0.0,False,17,30,,,,,
500,13,4,0.17803782405855823,30,14,0.0,0.0,0.0,False,17,30,,,,,
500,13,4,0.17803782405855823,30,15,0.0,0.0,0.0,False,17,30,,,,,
500,13,4,0.17803782405855823,30,16,0.0,0.0,0.0,False,13,30,,,,,
500,14,3,0.47212236572111793,31,0,1.0,0.7560975609756098,0.8611111111111112,True,41,31,0.7250081740798819,0.8066699362986195,0.1734563762705567,"[-0.22356528416295873, -0.2780551114296834]",0.35678576383459887
500,14,3,0.47212236572111793,31,1,0.0,0.0,0.0,False,35,31,,,,,
500,14,3,0.47212236572111793,31,2,0.0,0.0,0.0,False,34,31,,,,,
500,14,3,0.47212236572111793,31,3,0.0,0.0,0.0,False,33,31,,,,,
500,14,3,0.47212236572111793,31,4,0.0,0.0,0.0,False,31,31,,,,,
500,14,3,0.47212236572111793,31,5,0.0,0.0,0.0,False,28,31,,,,,
500,14,3,0.47212236572111793,31,6,0.0,0.0,0.0,False,25,31,,,,,
500,14,3,0.47212236572111793,31,7,0.0,0.0,0.0,False,24,31,,,,,
500,14,3,0.47212236572111793,31,8,0.0,0.0,0.0,False,24,31,,,,,
500,14,3,0.47212236572111793,31,9,0.0,0.0,0.0,False,23,31,,,,,
500,14,3,0.47212236572111793,31,10,0.0,0.0,0.0,False,22,31,,,,,
500,14,3,0.47212236572111793,31,11,0.0,0.0,0.0,False,19,31,,,,,
500,14,3,0.47212236572111793,31,12,0.0,0.0,0.0,False,17,31,,,,,
500,14,3,0.47212236572111793,31,13,0.0,0.0,0.0,False,17,31,,,,,
500,14,3,0.47212236572111793,31,14,0.0,0.0,0.0,False,14,31,,,,,
500,14,3,0.47212236572111793,31,15,0.0,0.0,0.0,False,13,31,,,,,
500,14,2,0.3498398102203238,22,0,0.0,0.0,0.0,False,41,22,,,,,
500,14,2,0.3498398102203238,22,1,0.22727272727272727,0.14285714285714285,0.17543859649122806,False,35,22,,,,,
500,14,2,0.3498398102203238,22,2,0.0,0.0,0.0,False,34,22,,,,,
500,14,2,0.3498398102203238,22,3,0.0,0.0,0.0,False,33,22,,,,,
500,14,2,0.3498398102203238,22,4,0.0,0.0,0.0,False,31,22,,,,,
500,14,2,0.3498398102203238,22,5,0.0,0.0,0.0,False,28,22,,,,,
500,14,2,0.3498398102203238,22,6,0.0,0.0,0.0,False,25,22,,,,,
500,14,2,0.3498398102203238,22,7,0.0,0.0,0.0,False,24,22,,,,,
500,14,2,0.3498398102203238,22,8,0.0,0.0,0.0,False,24,22,,,,,
500,14,2,0.3498398102203238,22,9,0.0,0.0,0.0,False,23,22,,,,,
500,14,2,0.3498398102203238,22,10,0.0,0.0,0.0,False,22,22,,,,,
500,14,2,0.3498398102203238,22,11,0.0,0.0,0.0,False,19,22,,,,,
500,14,2,0.3498398102203238,22,12,0.7727272727272727,1.0,0.8717948717948718,True,17,22,0.7860376436299783,0.8374919805289145,0.13496086609146835,"[0.14007270765070956, -0.026385894313474267]",0.14253623696212478
500,14,2,0.3498398102203238,22,13,0.0,0.0,0.0,False,17,22,,,,,
500,14,2,0.3498398102203238,22,14,0.0,0.0,0.0,False,14,22,,,,,
500,14,2,0.3498398102203238,22,15,0.0,0.0,0.0,False,13,22,,,,,
500,14,4,0.17803782405855823,28,0,0.32142857142857145,0.21951219512195122,0.2608695652173913,True,41,28,0.5703332513278323,0.38465503966156767,0.27102055480833054,"[3.4278094433818467, -0.150241328569642]",3.431100411959425
500,14,4,0.17803782405855823,28,1,0.0,0.0,0.0,False,35,28,,,,,
500,14,4,0.17803782405855823,28,2,0.35714285714285715,0.29411764705882354,0.3225806451612903,True,34,28,0.4616597897484097,0.37821230299613806,0.3395684281106444,"[2.681408363497953, -6.462490082906017]",6.996694139627327
500,14,4,0.17803782405855823,28,3,0.0,0.0,0.0,False,33,28,,,,,
500,14,4,0.17803782405855823,28,4,0.0,0.0,0.0,False,31,28,,,,,
500,14,4,0.17803782405855823,28,5,0.0,0.0,0.0,False,28,28,,,,,
500,14,4,0.17803782405855823,28,6,0.0,0.0,0.0,False,25,28,,,,,
500,14,4,0.17803782405855823,28,7,0.0,0.0,0.0,False,24,28,,,,,
500,14,4,0.17803782405855823,28,8,0.0,0.0,0.0,False,24,28,,,,,
500,14,4,0.17803782405855823,28,9,0.0,0.0,0.0,False,23,28,,,,,
500,14,4,0.17803782405855823,28,10,0.32142857142857145,0.4090909090909091,0.36,True,22,28,0.48189652063374666,0.40875860825349863,0.3268037213954976,"[-2.4754225609041853, 1.7139153971298953]",3.0108508504328744
500,14,4,0.17803782405855823,28,11,0.0,0.0,0.0,False,19,28,,,,,
500,14,4,0.17803782405855823,28,12,0.0,0.0,0.0,False,17,28,,,,,
500,14,4,0.17803782405855823,28,13,0.0,0.0,0.0,False,17,28,,,,,
500,14,4,0.17803782405855823,28,14,0.0,0.0,0.0,False,14,28,,,,,
500,14,4,0.17803782405855823,28,15,0.0,0.0,0.0,False,13,28,,,,,
500,15,3,0.47212236572111793,41,0,0.975609756097561,0.9523809523809523,0.963855421686747,True,42,41,0.8089586919149894,0.9018967297780439,0.12050297461583079,"[0.1654107879185478, 0.23889314357520774]",0.29056954900174864
500,15,3,0.47212236572111793,41,1,0.024390243902439025,0.029411764705882353,0.02666666666666667,False,34,41,,,,,
500,15,3,0.47212236572111793,41,2,0.0,0.0,0.0,False,31,41,,,,,
500,15,3,0.47212236572111793,41,3,0.0,0.0,0.0,False,31,41,,,,,
500,15,3,0.47212236572111793,41,4,0.0,0.0,0.0,False,29,41,,,,,
500,15,3,0.47212236572111793,41,5,0.0,0.0,0.0,False,26,41,,,,,
500,15,3,0.47212236572111793,41,6,0.0,0.0,0.0,False,24,41,,,,,
500,15,3,0.47212236572111793,41,7,0.0,0.0,0.0,False,24,41,,,,,
500,15,3,0.47212236572111793,41,8,0.0,0.0,0.0,False,23,41,,,,,
500,15,3,0.47212236572111793,41,9,0.0,0.0,0.0,False,22,41,,,,,
500,15,3,0.47212236572111793,41,10,0.0,0.0,0.0,False,20,41,,,,,
500,15,3,0.47212236572111793,41,11,0.0,0.0,0.0,False,18,41,,,,,
500,15,3,0.47212236572111793,41,12,0.0,0.0,0.0,False,17,41,,,,,
500,15,3,0.47212236572111793,41,13,0.0,0.0,0.0,False,16,41,,,,,
500,15,3,0.47212236572111793,41,14,0.0,0.0,0.0,False,15,41,,,,,
500,15,3,0.47212236572111793,41,15,0.0,0.0,0.0,False,14,41,,,,,
500,15,3,0.47212236572111793,41,16,0.0,0.0,0.0,False,14,41,,,,,
500,15,2,0.3498398102203238,17,0,0.0,0.0,0.0,False,42,17,,,,,
500,15,2,0.3498398102203238,17,1,0.0,0.0,0.0,False,34,17,,,,,
500,15,2,0.3498398102203238,17,2,0.0,0.0,0.0,False,31,17,,,,,
500,15,2,0.3498398102203238,17,3,0.0,0.0,0.0,False,31,17,,,,,
500,15,2,0.3498398102203238,17,4,0.0,0.0,0.0,False,29,17,,,,,
500,15,2,0.3498398102203238,17,5,0.0,0.0,0.0,False,26,17,,,,,
500,15,2,0.3498398102203238,17,6,0.0,0.0,0.0,False,24,17,,,,,
500,15,2,0.3498398102203238,17,7,0.0,0.0,0.0,False,24,17,,,,,
500,15,2,0.3498398102203238,17,8,0.0,0.0,0.0,False,23,17,,,,,
500,15,2,0.3498398102203238,17,9,0.0,0.0,0.0,False,22,17,,,,,
500,15,2,0.3498398102203238,17,10,0.0,0.0,0.0,False,20,17,,,,,
500,15,2,0.3498398102203238,17,11,0.0,0.0,0.0,False,18,17,,,,,
500,15,2,0.3498398102203238,17,12,1.0,1.0,1.0,True,17,17,0.8847264556377371,0.9538905822550948,0.07271100229266333,"[0.06588235294117695, 0.016470588235294015]",0.06790997501017366
500,15,2,0.3498398102203238,17,13,0.0,0.0,0.0,False,16,17,,,,,
500,15,2,0.3498398102203238,17,14,0.0,0.0,0.0,False,15,17,,,,,
500,15,2,0.3498398102203238,17,15,0.0,0.0,0.0,False,14,17,,,,,
500,15,2,0.3498398102203238,17,16,0.0,0.0,0.0,False,14,17,,,,,
500,15,7,0.06374265068132814,22,0,0.0,0.0,0.0,False,42,22,,,,,
500,15,7,0.06374265068132814,22,1,0.0,0.0,0.0,False,34,22,,,,,
500,15,7,0.06374265068132814,22,2,0.0,0.0,0.0,False,31,22,,,,,
500,15,7,0.06374265068132814,22,3,0.0,0.0,0.0,False,31,22,,,,,
500,15,7,0.06374265068132814,22,4,0.0,0.0,0.0,False,29,22,,,,,
500,15,7,0.06374265068132814,22,5,0.0,0.0,0.0,False,26,22,,,,,
500,15,7,0.06374265068132814,22,6,0.0,0.0,0.0,False,24,22,,,,,
500,15,7,0.06374265068132814,22,7,0.0,0.0,0.0,False,24,22,,,,,
500,15,7,0.06374265068132814,22,8,0.0,0.0,0.0,False,23,22,,,,,
500,15,7,0.06374265068132814,22,9,1.0,1.0,1.0,True,22,22,0.7580295176323801,0.903211807052952,0.15262752954743516,"[-0.025454545454544508, 0.07636363636363441]",0.0804943404406475
500,15,7,0.06374265068132814,22,10,0.0,0.0,0.0,False,20,22,,,,,
500,15,7,0.06374265068132814,22,11,0.0,0.0,0.0,False,18,22,,,,,
500,15,7,0.06374265068132814,22,12,0.0,0.0,0.0,False,17,22,,,,,
500,15,7,0.06374265068132814,22,13,0.0,0.0,0.0,False,16,22,,,,,
500,15,7,0.06374265068132814,22,14,0.0,0.0,0.0,False,15,22,,,,,
500,15,7,0.06374265068132814,22,15,0.0,0.0,0.0,False,14,22,,,,,
500,15,7,0.06374265068132814,22,16,0.0,0.0,0.0,False,14,22,,,,,
500,15,5,0.05788391964081419,41,0,0.975609756097561,0.9523809523809523,0.963855421686747,True,42,41,0.8089586919149894,0.9018967297780439,0.12050297461583079,"[0.1654107879185478, 0.23889314357520774]",0.29056954900174864
500,15,5,0.05788391964081419,41,1,0.024390243902439025,0.029411764705882353,0.02666666666666667,False,34,41,,,,,
500,15,5,0.05788391964081419,41,2,0.0,0.0,0.0,False,31,41,,,,,
500,15,5,0.05788391964081419,41,3,0.0,0.0,0.0,False,31,41,,,,,
500,15,5,0.05788391964081419,41,4,0.0,0.0,0.0,False,29,41,,,,,
500,15,5,0.05788391964081419,41,5,0.0,0.0,0.0,False,26,41,,,,,
500,15,5,0.05788391964081419,41,6,0.0,0.0,0.0,False,24,41,,,,,
500,15,5,0.05788391964081419,41,7,0.0,0.0,0.0,False,24,41,,,,,
500,15,5,0.05788391964081419,41,8,0.0,0.0,0.0,False,23,41,,,,,
500,15,5,0.05788391964081419,41,9,0.0,0.0,0.0,False,22,41,,,,,
500,15,5,0.05788391964081419,41,10,0.0,0.0,0.0,False,20,41,,,,,
500,15,5,0.05788391964081419,41,11,0.0,0.0,0.0,False,18,41,,,,,
500,15,5,0.05788391964081419,41,12,0.0,0.0,0.0,False,17,41,,,,,
500,15,5,0.05788391964081419,41,13,0.0,0.0,0.0,False,16,41,,,,,
500,15,5,0.05788391964081419,41,14,0.0,0.0,0.0,False,15,41,,,,,
500,15,5,0.05788391964081419,41,15,0.0,0.0,0.0,False,14,41,,,,,
500,15,5,0.05788391964081419,41,16,0.0,0.0,0.0,False,14,41,,,,,
500,15,6,0.0564112537364159,34,0,0.0,0.0,0.0,False,42,34,,,,,
500,15,6,0.0564112537364159,34,1,0.9705882352941176,0.9705882352941176,0.9705882352941176,True,34,34,0.7569972691342418,0.8851518488301673,0.1532786401151719,"[0.02780683084939284, 0.20332585307910556]",0.20521847473420313
500,15,6,0.0564112537364159,34,2,0.0,0.0,0.0,False,31,34,,,,,
500,15,6,0.0564112537364159,34,3,0.0,0.0,0.0,False,31,34,,,,,
500,15,6,0.0564112537364159,34,4,0.0,0.0,0.0,False,29,34,,,,,
500,15,6,0.0564112537364159,34,5,0.0,0.0,0.0,False,26,34,,,,,
500,15,6,0.0564112537364159,34,6,0.0,0.0,0.0,False,24,34,,,,,
500,15,6,0.0564112537364159,34,7,0.0,0.0,0.0,False,24,34,,,,,
500,15,6,0.0564112537364159,34,8,0.0,0.0,0.0,False,23,34,,,,,
500,15,6,0.0564112537364159,34,9,0.0,0.0,0.0,False,22,34,,,,,
500,15,6,0.0564112537364159,34,10,0.0,0.0,0.0,False,20,34,,,,,
500,15,6,0.0564112537364159,34,11,0.029411764705882353,0.05555555555555555,0.038461538461538464,False,18,34,,,,,
500,15,6,0.0564112537364159,34,12,0.0,0.0,0.0,False,17,34,,,,,
500,15,6,0.0564112537364159,34,13,0.0,0.0,0.0,False,16,34,,,,,
500,15,6,0.0564112537364159,34,14,0.0,0.0,0.0,False,15,34,,,,,
500,15,6,0.0564112537364159,34,15,0.0,0.0,0.0,False,14,34,,,,,
500,15,6,0.0564112537364159,34,16,0.0,0.0,0.0,False,14,34,,,,,
500,16,3,0.47212236572111793,42,0,0.7380952380952381,0.775,0.7560975609756098,True,40,42,0.6525912711534639,0.7146950450467514,0.21913472878275836,"[-0.019073672956261944, -0.15062802865409708]",0.15183085330808732
500,16,3,0.47212236572111793,42,1,0.023809523809523808,0.030303030303030304,0.02666666666666667,False,33,42,,,,,
500,16,3,0.47212236572111793,42,2,0.23809523809523808,0.3125,0.2702702702702703,False,32,42,,,,,
500,16,3,0.47212236572111793,42,3,0.0,0.0,0.0,False,29,42,,,,,
500,16,3,0.47212236572111793,42,4,0.0,0.0,0.0,False,27,42,,,,,
500,16,3,0.47212236572111793,42,5,0.0,0.0,0.0,False,26,42,,,,,
500,16,3,0.47212236572111793,42,6,0.0,0.0,0.0,False,26,42,,,,,
500,16,3,0.47212236572111793,42,7,0.0,0.0,0.0,False,26,42,,,,,
500,16,3,0.47212236572111793,42,8,0.0,0.0,0.0,False,24,42,,,,,
500,16,3,0.47212236572111793,42,9,0.0,0.0,0.0,False,24,42,,,,,
500,16,3,0.47212236572111793,42,10,0.0,0.0,0.0,False,23,42,,,,,
500,16,3,0.47212236572111793,42,11,0.0,0.0,0.0,False,17,42,,,,,
500,16,3,0.47212236572111793,42,12,0.0,0.0,0.0,False,17,42,,,,,
500,16,3,0.47212236572111793,42,13,0.0,0.0,0.0,False,16,42,,,,,
500,16,3,0.47212236572111793,42,14,0.0,0.0,0.0,False,16,42,,,,,
500,16,3,0.47212236572111793,42,15,0.0,0.0,0.0,False,13,42,,,,,
500,16,2,0.3498398102203238,17,0,0.0,0.0,0.0,False,40,17,,,,,
500,16,2,0.3498398102203238,17,1,0.0,0.0,0.0,False,33,17,,,,,
500,16,2,0.3498398102203238,17,2,0.0,0.0,0.0,False,32,17,,,,,
500,16,2,0.3498398102203238,17,3,0.0,0.0,0.0,False,29,17,,,,,
500,16,2,0.3498398102203238,17,4,0.0,0.0,0.0,False,27,17,,,,,
500,16,2,0.3498398102203238,17,5,0.0,0.0,0.0,False,26,17,,,,,
500,16,2,0.3498398102203238,17,6,0.0,0.0,0.0,False,26,17,,,,,
500,16,2,0.3498398102203238,17,7,0.0,0.0,0.0,False,26,17,,,,,
500,16,2,0.3498398102203238,17,8,0.0,0.0,0.0,False,24,17,,,,,
500,16,2,0.3498398102203238,17,9,0.0,0.0,0.0,False,24,17,,,,,
500,16,2,0.3498398102203238,17,10,0.0,0.0,0.0,False,23,17,,,,,
500,16,2,0.3498398102203238,17,11,1.0,1.0,1.0,True,17,17,0.9025942023831472,0.9610376809532589,0.06144057782746786,"[0.09882352941176364, 0.04941176470588249]",0.11048806477057696
500,16,2,0.3498398102203238,17,12,0.0,0.0,0.0,False,17,17,,,,,
500,16,2,0.3498398102203238,17,13,0.0,0.0,0.0,False,16,17,,,,,
500,16,2,0.3498398102203238,17,14,0.0,0.0,0.0,False,16,17,,,,,
500,16,2,0.3498398102203238,17,15,0.0,0.0,0.0,False,13,17,,,,,
500,16,7,0.06374265068132814,22,0,0.0,0.0,0.0,False,40,22,,,,,
500,16,7,0.06374265068132814,22,1,0.0,0.0,0.0,False,33,22,,,,,
500,16,7,0.06374265068132814,22,2,1.0,0.6875,0.8148148148148148,True,32,22,0.6821198688070562,0.7617368364117113,0.20050899862439636,"[0.12875133489690072, 0.04553556698636996]",0.13656644572699425
500,16,7,0.06374265068132814,22,3,0.0,0.0,0.0,False,29,22,,,,,
500,16,7,0.06374265068132814,22,4,0.0,0.0,0.0,False,27,22,,,,,
500,16,7,0.06374265068132814,22,5,0.0,0.0,0.0,False,26,22,,,,,
500,16,7,0.06374265068132814,22,6,0.0,0.0,0.0,False,26,22,,,,,
500,16,7,0.06374265068132814,22,7,0.0,0.0,0.0,False,26,22,,,,,
500,16,7,0.06374265068132814,22,8,0.0,0.0,0.0,False,24,22,,,,,
500,16,7,0.06374265068132814,22,9,0.0,0.0,0.0,False,24,22,,,,,
500,16,7,0.06374265068132814,22,10,0.0,0.0,0.0,False,23,22,,,,,
500,16,7,0.06374265068132814,22,11,0.0,0.0,0.0,False,17,22,,,,,
500,16,7,0.06374265068132814,22,12,0.0,0.0,0.0,False,17,22,,,,,
500,16,7,0.06374265068132814,22,13,0.0,0.0,0.0,False,16,22,,,,,
500,16,7,0.06374265068132814,22,14,0.0,0.0,0.0,False,16,22,,,,,
500,16,7,0.06374265068132814,22,15,0.0,0.0,0.0,False,13,22,,,,,
500,16,5,0.05788391964081419,42,0,0.7380952380952381,0.775,0.7560975609756098,True,40,42,0.6525912711534639,0.7146950450467514,0.21913472878275836,"[-0.019073672956261944, -0.15062802865409708]",0.15183085330808732
500,16,5,0.05788391964081419,42,1,0.023809523809523808,0.030303030303030304,0.02666666666666667,False,33,42,,,,,
500,16,5,0.05788391964081419,42,2,0.23809523809523808,0.3125,0.2702702702702703,False,32,42,,,,,
500,16,5,0.05788391964081419,42,3,0.0,0.0,0.0,False,29,42,,,,,
500,16,5,0.05788391964081419,42,4,0.0,0.0,0.0,False,27,42,,,,,
500,16,5,0.05788391964081419,42,5,0.0,0.0,0.0,False,26,42,,,,,
500,16,5,0.05788391964081419,42,6,0.0,0.0,0.0,False,26,42,,,,,
500,16,5,0.05788391964081419,42,7,0.0,0.0,0.0,False,26,42,,,,,
500,16,5,0.05788391964081419,42,8,0.0,0.0,0.0,False,24,42,,,,,
500,16,5,0.05788391964081419,42,9,0.0,0.0,0.0,False,24,42,,,,,
500,16,5,0.05788391964081419,42,10,0.0,0.0,0.0,False,23,42,,,,,
500,16,5,0.05788391964081419,42,11,0.0,0.0,0.0,False,17,42,,,,,
500,16,5,0.05788391964081419,42,12,0.0,0.0,0.0,False,17,42,,,,,
500,16,5,0.05788391964081419,42,13,0.0,0.0,0.0,False,16,42,,,,,
500,16,5,0.05788391964081419,42,14,0.0,0.0,0.0,False,16,42,,,,,
500,16,5,0.05788391964081419,42,15,0.0,0.0,0.0,False,13,42,,,,,
500,16,6,0.0564112537364159,34,0,0.2647058823529412,0.225,0.24324324324324326,False,40,34,,,,,
500,16,6,0.0564112537364159,34,1,0.0,0.0,0.0,False,33,34,,,,,
500,16,6,0.0564112537364159,34,2,0.0,0.0,0.0,False,32,34,,,,,
500,16,6,0.0564112537364159,34,3,0.0,0.0,0.0,False,29,34,,,,,
500,16,6,0.0564112537364159,34,4,0.0,0.0,0.0,False,27,34,,,,,
500,16,6,0.0564112537364159,34,5,0.0,0.0,0.0,False,26,34,,,,,
500,16,6,0.0564112537364159,34,6,0.0,0.0,0.0,False,26,34,,,,,
500,16,6,0.0564112537364159,34,7,0.7352941176470589,0.9615384615384616,0.8333333333333334,True,26,34,0.6490610016301273,0.759624400652051,0.22136151409438515,"[0.3329676056638551, -0.42271912408471124]",0.5381067591923242
500,16,6,0.0564112537364159,34,8,0.0,0.0,0.0,False,24,34,,,,,
500,16,6,0.0564112537364159,34,9,0.0,0.0,0.0,False,24,34,,,,,
500,16,6,0.0564112537364159,34,10,0.0,0.0,0.0,False,23,34,,,,,
500,16,6,0.0564112537364159,34,11,0.0,0.0,0.0,False,17,34,,,,,
500,16,6,0.0564112537364159,34,12,0.0,0.0,0.0,False,17,34,,,,,
500,16,6,0.0564112537364159,34,13,0.0,0.0,0.0,False,16,34,,,,,
500,16,6,0.0564112537364159,34,14,0.0,0.0,0.0,False,16,34,,,,,
500,16,6,0.0564112537364159,34,15,0.0,0.0,0.0,False,13,34,,,,,
500,17,3,0.47212236572111793,40,0,0.975,0.9285714285714286,0.9512195121951219,True,42,40,0.726394821699231,0.8612896359967654,0.17258172164978136,"[0.032496455775374855, 0.33988080998717507]",0.3414307904034126
500,17,3,0.47212236572111793,40,1,0.0,0.0,0.0,False,32,40,,,,,
500,17,3,0.47212236572111793,40,2,0.0,0.0,0.0,False,30,40,,,,,
500,17,3,0.47212236572111793,40,3,0.0,0.0,0.0,False,30,40,,,,,
500,17,3,0.47212236572111793,40,4,0.025,0.037037037037037035,0.029850746268656716,False,27,40,,,,,
500,17,3,0.47212236572111793,40,5,0.0,0.0,0.0,False,25,40,,,,,
500,17,3,0.47212236572111793,40,6,0.0,0.0,0.0,False,25,40,,,,,
500,17,3,0.47212236572111793,40,7,0.0,0.0,0.0,False,24,40,,,,,
500,17,3,0.47212236572111793,40,8,0.0,0.0,0.0,False,24,40,,,,,
500,17,3,0.47212236572111793,40,9,0.0,0.0,0.0,False,22,40,,,,,
500,17,3,0.47212236572111793,40,10,0.0,0.0,0.0,False,21,40,,,,,
500,17,3,0.47212236572111793,40,11,0.0,0.0,0.0,False,21,40,,,,,
500,17,3,0.47212236572111793,40,12,0.0,0.0,0.0,False,17,40,,,,,
500,17,3,0.47212236572111793,40,13,0.0,0.0,0.0,False,17,40,,,,,
500,17,3,0.47212236572111793,40,14,0.0,0.0,0.0,False,16,40,,,,,
500,17,3,0.47212236572111793,40,15,0.0,0.0,0.0,False,16,40,,,,,
500,17,2,0.3498398102203238,17,0,0.0,0.0,0.0,False,42,17,,,,,
500,17,2,0.3498398102203238,17,1,0.0,0.0,0.0,False,32,17,,,,,
500,17,2,0.3498398102203238,17,2,0.0,0.0,0.0,False,30,17,,,,,
500,17,2,0.3498398102203238,17,3,0.0,0.0,0.0,False,30,17,,,,,
500,17,2,0.3498398102203238,17,4,0.0,0.0,0.0,False,27,17,,,,,
500,17,2,0.3498398102203238,17,5,0.0,0.0,0.0,False,25,17,,,,,
500,17,2,0.3498398102203238,17,6,0.0,0.0,0.0,False,25,17,,,,,
500,17,2,0.3498398102203238,17,7,0.0,0.0,0.0,False,24,17,,,,,
500,17,2,0.3498398102203238,17,8,0.0,0.0,0.0,False,24,17,,,,,
500,17,2,0.3498398102203238,17,9,0.0,0.0,0.0,False,22,17,,,,,
500,17,2,0.3498398102203238,17,10,0.0,0.0,0.0,False,21,17,,,,,
500,17,2,0.3498398102203238,17,11,0.0,0.0,0.0,False,21,17,,,,,
500,17,2,0.3498398102203238,17,12,1.0,1.0,1.0,True,17,17,0.9057237746800889,0.9622895098720355,0.05946653998802343,"[0.06588235294117695, 0.016470588235294015]",0.06790997501017366
500,17,2,0.3498398102203238,17,13,0.0,0.0,0.0,False,17,17,,,,,
500,17,2,0.3498398102203238,17,14,0.0,0.0,0.0,False,16,17,,,,,
500,17,2,0.3498398102203238,17,15,0.0,0.0,0.0,False,16,17,,,,,
500,17,7,0.06374265068132814,32,0,0.0625,0.047619047619047616,0.05405405405405406,False,42,32,,,,,
500,17,7,0.06374265068132814,32,1,0.0,0.0,0.0,False,32,32,,,,,
500,17,7,0.06374265068132814,32,2,0.0,0.0,0.0,False,30,32,,,,,
500,17,7,0.06374265068132814,32,3,0.9375,1.0,0.967741935483871,True,30,32,0.7717168956433861,0.8893319195476771,0.1439939529584203,"[0.1788528128325284, -0.01988170996671812]",0.17995446937852957
500,17,7,0.06374265068132814,32,4,0.0,0.0,0.0,False,27,32,,,,,
500,17,7,0.06374265068132814,32,5,0.0,0.0,0.0,False,25,32,,,,,
500,17,7,0.06374265068132814,32,6,0.0,0.0,0.0,False,25,32,,,,,
500,17,7,0.06374265068132814,32,7,0.0,0.0,0.0,False,24,32,,,,,
500,17,7,0.06374265068132814,32,8,0.0,0.0,0.0,False,24,32,,,,,
500,17,7,0.06374265068132814,32,9,0.0,0.0,0.0,False,22,32,,,,,
500,17,7,0.06374265068132814,32,10,0.0,0.0,0.0,False,21,32,,,,,
500,17,7,0.06374265068132814,32,11,0.0,0.0,0.0,False,21,32,,,,,
500,17,7,0.06374265068132814,32,12,0.0,0.0,0.0,False,17,32,,,,,
500,17,7,0.06374265068132814,32,13,0.0,0.0,0.0,False,17,32,,,,,
500,17,7,0.06374265068132814,32,14,0.0,0.0,0.0,False,16,32,,,,,
500,17,7,0.06374265068132814,32,15,0.0,0.0,0.0,False,16,32,,,,,
500,17,5,0.05788391964081419,40,0,0.975,0.9285714285714286,0.9512195121951219,True,42,40,0.726394821699231,0.8612896359967654,0.17258172164978136,"[0.032496455775374855, 0.33988080998717507]",0.3414307904034126
500,17,5,0.05788391964081419,40,1,0.0,0.0,0.0,False,32,40,,,,,
500,17,5,0.05788391964081419,40,2,0.0,0.0,0.0,False,30,40,,,,,
500,17,5,0.05788391964081419,40,3,0.0,0.0,0.0,False,30,40,,,,,
500,17,5,0.05788391964081419,40,4,0.025,0.037037037037037035,0.029850746268656716,False,27,40,,,,,
500,17,5,0.05788391964081419,40,5,0.0,0.0,0.0,False,25,40,,,,,
500,17,5,0.05788391964081419,40,6,0.0,0.0,0.0,False,25,40,,,,,
500,17,5,0.05788391964081419,40,7,0.0,0.0,0.0,False,24,40,,,,,
500,17,5,0.05788391964081419,40,8,0.0,0.0,0.0,False,24,40,,,,,
500,17,5,0.05788391964081419,40,9,0.0,0.0,0.0,False,22,40,,,,,
500,17,5,0.05788391964081419,40,10,0.0,0.0,0.0,False,21,40,,,,,
500,17,5,0.05788391964081419,40,11,0.0,0.0,0.0,False,21,40,,,,,
500,17,5,0.05788391964081419,40,12,0.0,0.0,0.0,False,17,40,,,,,
500,17,5,0.05788391964081419,40,13,0.0,0.0,0.0,False,17,40,,,,,
500,17,5,0.05788391964081419,40,14,0.0,0.0,0.0,False,16,40,,,,,
500,17,5,0.05788391964081419,40,15,0.0,0.0,0.0,False,16,40,,,,,
500,17,6,0.0564112537364159,26,0,0.0,0.0,0.0,False,42,26,,,,,
500,17,6,0.0564112537364159,26,1,0.0,0.0,0.0,False,32,26,,,,,
500,17,6,0.0564112537364159,26,2,0.0,0.0,0.0,False,30,26,,,,,
500,17,6,0.0564112537364159,26,3,0.0,0.0,0.0,False,30,26,,,,,
500,17,6,0.0564112537364159,26,4,1.0,0.9629629629629629,0.9811320754716981,True,27,26,0.8123796752159728,0.913631115369408,0.11834512368813435,"[0.018474697535792117, 0.07905736309790257]",0.08118732111008843
500,17,6,0.0564112537364159,26,5,0.0,0.0,0.0,False,25,26,,,,,
500,17,6,0.0564112537364159,26,6,0.0,0.0,0.0,False,25,26,,,,,
500,17,6,0.0564112537364159,26,7,0.0,0.0,0.0,False,24,26,,,,,
500,17,6,0.0564112537364159,26,8,0.0,0.0,0.0,False,24,26,,,,,
500,17,6,0.0564112537364159,26,9,0.0,0.0,0.0,False,22,26,,,,,
500,17,6,0.0564112537364159,26,10,0.0,0.0,0.0,False,21,26,,,,,
500,17,6,0.0564112537364159,26,11,0.0,0.0,0.0,False,21,26,,,,,
500,17,6,0.0564112537364159,26,12,0.0,0.0,0.0,False,17,26,,,,,
500,17,6,0.0564112537364159,26,13,0.0,0.0,0.0,False,17,26,,,,,
500,17,6,0.0564112537364159,26,14,0.0,0.0,0.0,False,16,26,,,,,
500,17,6,0.0564112537364159,26,15,0.0,0.0,0.0,False,16,26,,,,,
500,18,3,0.47212236572111793,42,0,0.9523809523809523,0.9302325581395349,0.9411764705882353,True,43,42,0.7456462637785979,0.8629643878643803,0.16043850477452953,"[0.16724280908937494, -0.015985487829510703]",0.16800503865435867
500,18,3,0.47212236572111793,42,1,0.0,0.0,0.0,False,40,42,,,,,
500,18,3,0.47212236572111793,42,2,0.047619047619047616,0.06060606060606061,0.05333333333333334,False,33,42,,,,,
500,18,3,0.47212236572111793,42,3,0.0,0.0,0.0,False,29,42,,,,,
500,18,3,0.47212236572111793,42,4,0.0,0.0,0.0,False,28,42,,,,,
500,18,3,0.47212236572111793,42,5,0.0,0.0,0.0,False,25,42,,,,,
500,18,3,0.47212236572111793,42,6,0.0,0.0,0.0,False,23,42,,,,,
500,18,3,0.47212236572111793,42,7,0.0,0.0,0.0,False,23,42,,,,,
500,18,3,0.47212236572111793,42,8,0.0,0.0,0.0,False,23,42,,,,,
500,18,3,0.47212236572111793,42,9,0.0,0.0,0.0,False,23,42,,,,,
500,18,3,0.47212236572111793,42,10,0.0,0.0,0.0,False,22,42,,,,,
500,18,3,0.47212236572111793,42,11,0.0,0.0,0.0,False,22,42,,,,,
500,18,3,0.47212236572111793,42,12,0.0,0.0,0.0,False,20,42,,,,,
500,18,3,0.47212236572111793,42,13,0.0,0.0,0.0,False,18,42,,,,,
500,18,3,0.47212236572111793,42,14,0.0,0.0,0.0,False,17,42,,,,,
500,18,2,0.3498398102203238,17,0,0.0,0.0,0.0,False,43,17,,,,,
500,18,2,0.3498398102203238,17,1,0.0,0.0,0.0,False,40,17,,,,,
500,18,2,0.3498398102203238,17,2,0.0,0.0,0.0,False,33,17,,,,,
500,18,2,0.3498398102203238,17,3,0.0,0.0,0.0,False,29,17,,,,,
500,18,2,0.3498398102203238,17,4,0.0,0.0,0.0,False,28,17,,,,,
500,18,2,0.3498398102203238,17,5,0.0,0.0,0.0,False,25,17,,,,,
500,18,2,0.3498398102203238,17,6,0.0,0.0,0.0,False,23,17,,,,,
500,18,2,0.3498398102203238,17,7,0.0,0.0,0.0,False,23,17,,,,,
500,18,2,0.3498398102203238,17,8,0.0,0.0,0.0,False,23,17,,,,,
500,18,2,0.3498398102203238,17,9,0.0,0.0,0.0,False,23,17,,,,,
500,18,2,0.3498398102203238,17,10,1.0,0.7727272727272727,0.8717948717948718,True,22,17,0.7748753261299393,0.8330270535288988,0.14200171226156733,"[0.1802481479642637, -0.0050579559539054575]",0.18031909982855046
500,18,2,0.3498398102203238,17,11,0.0,0.0,0.0,False,22,17,,,,,
500,18,2,0.3498398102203238,17,12,0.0,0.0,0.0,False,20,17,,,,,
500,18,2,0.3498398102203238,17,13,0.0,0.0,0.0,False,18,17,,,,,
500,18,2,0.3498398102203238,17,14,0.0,0.0,0.0,False,17,17,,,,,
500,18,7,0.06374265068132814,30,0,0.0,0.0,0.0,False,43,30,,,,,
500,18,7,0.06374265068132814,30,1,0.0,0.0,0.0,False,40,30,,,,,
500,18,7,0.06374265068132814,30,2,1.0,0.9090909090909091,0.9523809523809523,True,33,30,0.7544846808806963,0.87322244378085,0.15486350341815086,"[0.21833455803448842, -0.019367982699421304]",0.21919192043951
500,18,7,0.06374265068132814,30,3,0.0,0.0,0.0,False,29,30,,,,,
500,18,7,0.06374265068132814,30,4,0.0,0.0,0.0,False,28,30,,,,,
500,18,7,0.06374265068132814,30,5,0.0,0.0,0.0,False,25,30,,,,,
500,18,7,0.06374265068132814,30,6,0.0,0.0,0.0,False,23,30,,,,,
500,18,7,0.06374265068132814,30,7,0.0,0.0,0.0,False,23,30,,,,,
500,18,7,0.06374265068132814,30,8,0.0,0.0,0.0,False,23,30,,,,,
500,18,7,0.06374265068132814,30,9,0.0,0.0,0.0,False,23,30,,,,,
500,18,7,0.06374265068132814,30,10,0.0,0.0,0.0,False,22,30,,,,,
500,18,7,0.06374265068132814,30,11,0.0,0.0,0.0,False,22,30,,,,,
500,18,7,0.06374265068132814,30,12,0.0,0.0,0.0,False,20,30,,,,,
500,18,7,0.06374265068132814,30,13,0.0,0.0,0.0,False,18,30,,,,,
500,18,7,0.06374265068132814,30,14,0.0,0.0,0.0,False,17,30,,,,,
500,18,5,0.05788391964081419,42,0,0.9523809523809523,0.9302325581395349,0.9411764705882353,True,43,42,0.7456462637785979,0.8629643878643803,0.16043850477452953,"[0.16724280908937494, -0.015985487829510703]",0.16800503865435867
500,18,5,0.05788391964081419,42,1,0.0,0.0,0.0,False,40,42,,,,,
500,18,5,0.05788391964081419,42,2,0.047619047619047616,0.06060606060606061,0.05333333333333334,False,33,42,,,,,
500,18,5,0.05788391964081419,42,3,0.0,0.0,0.0,False,29,42,,,,,
500,18,5,0.05788391964081419,42,4,0.0,0.0,0.0,False,28,42,,,,,
500,18,5,0.05788391964081419,42,5,0.0,0.0,0.0,False,25,42,,,,,
500,18,5,0.05788391964081419,42,6,0.0,0.0,0.0,False,23,42,,,,,
500,18,5,0.05788391964081419,42,7,0.0,0.0,0.0,False,23,42,,,,,
500,18,5,0.05788391964081419,42,8,0.0,0.0,0.0,False,23,42,,,,,
500,18,5,0.05788391964081419,42,9,0.0,0.0,0.0,False,23,42,,,,,
500,18,5,0.05788391964081419,42,10,0.0,0.0,0.0,False,22,42,,,,,
500,18,5,0.05788391964081419,42,11,0.0,0.0,0.0,False,22,42,,,,,
500,18,5,0.05788391964081419,42,12,0.0,0.0,0.0,False,20,42,,,,,
500,18,5,0.05788391964081419,42,13,0.0,0.0,0.0,False,18,42,,,,,
500,18,5,0.05788391964081419,42,14,0.0,0.0,0.0,False,17,42,,,,,
500,18,6,0.0564112537364159,27,0,0.1111111111111111,0.06976744186046512,0.08571428571428572,False,43,27,,,,,
500,18,6,0.0564112537364159,27,1,0.0,0.0,0.0,False,40,27,,,,,
500,18,6,0.0564112537364159,27,2,0.0,0.0,0.0,False,33,27,,,,,
500,18,6,0.0564112537364159,27,3,0.0,0.0,0.0,False,29,27,,,,,
500,18,6,0.0564112537364159,27,4,0.0,0.0,0.0,False,28,27,,,,,
500,18,6,0.0564112537364159,27,5,0.0,0.0,0.0,False,25,27,,,,,
500,18,6,0.0564112537364159,27,6,0.0,0.0,0.0,False,23,27,,,,,
500,18,6,0.0564112537364159,27,7,0.0,0.0,0.0,False,23,27,,,,,
500,18,6,0.0564112537364159,27,8,0.0,0.0,0.0,False,23,27,,,,,
500,18,6,0.0564112537364159,27,9,0.8518518518518519,1.0,0.92,True,23,27,0.7555211980418425,0.854208479216737,0.154209700309229,"[0.07792142097052768, -0.11662506842808007]",0.1402610224970592
500,18,6,0.0564112537364159,27,10,0.0,0.0,0.0,False,22,27,,,,,
500,18,6,0.0564112537364159,27,11,0.0,0.0,0.0,False,22,27,,,,,
500,18,6,0.0564112537364159,27,12,0.0,0.0,0.0,False,20,27,,,,,
500,18,6,0.0564112537364159,27,13,0.037037037037037035,0.05555555555555555,0.044444444444444446,False,18,27,,,,,
500,18,6,0.0564112537364159,27,14,0.0,0.0,0.0,False,17,27,,,,,
500,19,3,0.47212236572111793,43,0,0.9302325581395349,1.0,0.963855421686747,True,40,43,0.7702155575762346,0.886399476042542,0.14494095078213304,"[-0.10316476018591203, -0.17182129485259168]",0.20041338555355526
500,19,3,0.47212236572111793,43,1,0.0,0.0,0.0,False,40,43,,,,,
500,19,3,0.47212236572111793,43,2,0.0,0.0,0.0,False,38,43,,,,,
500,19,3,0.47212236572111793,43,3,0.0,0.0,0.0,False,34,43,,,,,
500,19,3,0.47212236572111793,43,4,0.0,0.0,0.0,False,32,43,,,,,
500,19,3,0.47212236572111793,43,5,0.0,0.0,0.0,False,30,43,,,,,
500,19,3,0.47212236572111793,43,6,0.0,0.0,0.0,False,28,43,,,,,
500,19,3,0.47212236572111793,43,7,0.0,0.0,0.0,False,23,43,,,,,
500,19,3,0.47212236572111793,43,8,0.0,0.0,0.0,False,23,43,,,,,
500,19,3,0.47212236572111793,43,9,0.0,0.0,0.0,False,22,43,,,,,
500,19,3,0.47212236572111793,43,10,0.0,0.0,0.0,False,21,43,,,,,
500,19,3,0.47212236572111793,43,11,0.0,0.0,0.0,False,20,43,,,,,
500,19,3,0.47212236572111793,43,12,0.0,0.0,0.0,False,18,43,,,,,
500,19,3,0.47212236572111793,43,13,0.0,0.0,0.0,False,18,43,,,,,
500,19,3,0.47212236572111793,43,14,0.06976744186046512,0.23076923076923078,0.10714285714285714,False,13,43,,,,,
500,19,2,0.3498398102203238,22,0,0.0,0.0,0.0,False,40,22,,,,,
500,19,2,0.3498398102203238,22,1,0.0,0.0,0.0,False,40,22,,,,,
500,19,2,0.3498398102203238,22,2,0.0,0.0,0.0,False,38,22,,,,,
500,19,2,0.3498398102203238,22,3,0.0,0.0,0.0,False,34,22,,,,,
500,19,2,0.3498398102203238,22,4,0.0,0.0,0.0,False,32,22,,,,,
500,19,2,0.3498398102203238,22,5,0.0,0.0,0.0,False,30,22,,,,,
500,19,2,0.3498398102203238,22,6,0.0,0.0,0.0,False,28,22,,,,,
500,19,2,0.3498398102203238,22,7,0.0,0.0,0.0,False,23,22,,,,,
500,19,2,0.3498398102203238,22,8,0.0,0.0,0.0,False,23,22,,,,,
500,19,2,0.3498398102203238,22,9,1.0,1.0,1.0,True,22,22,0.8804862714938203,0.9521945085975281,0.07538557988733459,"[-1.7763568394002505e-15, 0.02545454545454584]",0.02545454545454584
500,19,2,0.3498398102203238,22,10,0.0,0.0,0.0,False,21,22,,,,,
500,19,2,0.3498398102203238,22,11,0.0,0.0,0.0,False,20,22,,,,,
500,19,2,0.3498398102203238,22,12,0.0,0.0,0.0,False,18,22,,,,,
500,19,2,0.3498398102203238,22,13,0.0,0.0,0.0,False,18,22,,,,,
500,19,2,0.3498398102203238,22,14,0.0,0.0,0.0,False,13,22,,,,,
500,19,7,0.06374265068132814,33,0,0.0,0.0,0.0,False,40,33,,,,,
500,19,7,0.06374265068132814,33,1,0.0,0.0,0.0,False,40,33,,,,,
500,19,7,0.06374265068132814,33,2,0.030303030303030304,0.02631578947368421,0.028169014084507043,False,38,33,,,,,
500,19,7,0.06374265068132814,33,3,0.0,0.0,0.0,False,34,33,,,,,
500,19,7,0.06374265068132814,33,4,0.9696969696969697,1.0,0.9846153846153847,True,32,33,0.7939866568233658,0.9083638934985772,0.12994687333427143,"[0.08531262913298399, 0.17924969266614]",0.19851623865691115
500,19,7,0.06374265068132814,33,5,0.0,0.0,0.0,False,30,33,,,,,
500,19,7,0.06374265068132814,33,6,0.0,0.0,0.0,False,28,33,,,,,
500,19,7,0.06374265068132814,33,7,0.0,0.0,0.0,False,23,33,,,,,
500,19,7,0.06374265068132814,33,8,0.0,0.0,0.0,False,23,33,,,,,
500,19,7,0.06374265068132814,33,9,0.0,0.0,0.0,False,22,33,,,,,
500,19,7,0.06374265068132814,33,10,0.0,0.0,0.0,False,21,33,,,,,
500,19,7,0.06374265068132814,33,11,0.0,0.0,0.0,False,20,33,,,,,
500,19,7,0.06374265068132814,33,12,0.0,0.0,0.0,False,18,33,,,,,
500,19,7,0.06374265068132814,33,13,0.0,0.0,0.0,False,18,33,,,,,
500,19,7,0.06374265068132814,33,14,0.0,0.0,0.0,False,13,33,,,,,
500,19,5,0.05788391964081419,43,0,0.9302325581395349,1.0,0.963855421686747,True,40,43,0.7702155575762346,0.886399476042542,0.14494095078213304,"[-0.10316476018591203, -0.17182129485259168]",0.20041338555355526
500,19,5,0.05788391964081419,43,1,0.0,0.0,0.0,False,40,43,,,,,
500,19,5,0.05788391964081419,43,2,0.0,0.0,0.0,False,38,43,,,,,
500,19,5,0.05788391964081419,43,3,0.0,0.0,0.0,False,34,43,,,,,
500,19,5,0.05788391964081419,43,4,0.0,0.0,0.0,False,32,43,,,,,
500,19,5,0.05788391964081419,43,5,0.0,0.0,0.0,False,30,43,,,,,
500,19,5,0.05788391964081419,43,6,0.0,0.0,0.0,False,28,43,,,,,
500,19,5,0.05788391964081419,43,7,0.0,0.0,0.0,False,23,43,,,,,
500,19,5,0.05788391964081419,43,8,0.0,0.0,0.0,False,23,43,,,,,
500,19,5,0.05788391964081419,43,9,0.0,0.0,0.0,False,22,43,,,,,
500,19,5,0.05788391964081419,43,10,0.0,0.0,0.0,False,21,43,,,,,
500,19,5,0.05788391964081419,43,11,0.0,0.0,0.0,False,20,43,,,,,
500,19,5,0.05788391964081419,43,12,0.0,0.0,0.0,False,18,43,,,,,
500,19,5,0.05788391964081419,43,13,0.0,0.0,0.0,False,18,43,,,,,
500,19,5,0.05788391964081419,43,14,0.06976744186046512,0.23076923076923078,0.10714285714285714,False,13,43,,,,,
500,19,6,0.0564112537364159,23,0,0.0,0.0,0.0,False,40,23,,,,,
500,19,6,0.0564112537364159,23,1,0.0,0.0,0.0,False,40,23,,,,,
500,19,6,0.0564112537364159,23,2,0.0,0.0,0.0,False,38,23,,,,,
500,19,6,0.0564112537364159,23,3,0.0,0.0,0.0,False,34,23,,,,,
500,19,6,0.0564112537364159,23,4,0.0,0.0,0.0,False,32,23,,,,,
500,19,6,0.0564112537364159,23,5,0.0,0.0,0.0,False,30,23,,,,,
500,19,6,0.0564112537364159,23,6,0.0,0.0,0.0,False,28,23,,,,,
500,19,6,0.0564112537364159,23,7,1.0,1.0,1.0,True,23,23,0.8405222022574048,0.936208880902962,0.1005936841921801,"[0.0121739130434797, -0.02434782608695585]",0.027221697117388786
500,19,6,0.0564112537364159,23,8,0.0,0.0,0.0,False,23,23,,,,,
500,19,6,0.0564112537364159,23,9,0.0,0.0,0.0,False,22,23,,,,,
500,19,6,0.0564112537364159,23,10,0.0,0.0,0.0,False,21,23,,,,,
500,19,6,0.0564112537364159,23,11,0.0,0.0,0.0,False,20,23,,,,,
500,19,6,0.0564112537364159,23,12,0.0,0.0,0.0,False,18,23,,,,,
500,19,6,0.0564112537364159,23,13,0.0,0.0,0.0,False,18,23,,,,,
500,19,6,0.0564112537364159,23,14,0.0,0.0,0.0,False,13,23,,,,,
500,20,3,0.47212236572111793,40,0,0.0,0.0,0.0,False,41,40,,,,,
500,20,3,0.47212236572111793,40,1,0.95,1.0,0.9743589743589743,True,38,40,0.8103404264925768,0.9087515552124152,0.11963141899051682,"[0.03943511563971214, -0.06104287070590786]",0.07267296890547167
500,20,3,0.47212236572111793,40,2,0.0,0.0,0.0,False,34,40,,,,,
500,20,3,0.47212236572111793,40,3,0.0,0.0,0.0,False,33,40,,,,,
500,20,3,0.47212236572111793,40,4,0.0,0.0,0.0,False,30,40,,,,,
500,20,3,0.47212236572111793,40,5,0.0,0.0,0.0,False,27,40,,,,,
500,20,3,0.47212236572111793,40,6,0.025,0.037037037037037035,0.029850746268656716,False,27,40,,,,,
500,20,3,0.47212236572111793,40,7,0.0,0.0,0.0,False,25,40,,,,,
500,20,3,0.47212236572111793,40,8,0.0,0.0,0.0,False,25,40,,,,,
500,20,3,0.47212236572111793,40,9,0.025,0.045454545454545456,0.03225806451612903,False,22,40,,,,,
500,20,3,0.47212236572111793,40,10,0.0,0.0,0.0,False,21,40,,,,,
500,20,3,0.47212236572111793,40,11,0.0,0.0,0.0,False,20,40,,,,,
500,20,3,0.47212236572111793,40,12,0.0,0.0,0.0,False,17,40,,,,,
500,20,3,0.47212236572111793,40,13,0.0,0.0,0.0,False,17,40,,,,,
500,20,3,0.47212236572111793,40,14,0.0,0.0,0.0,False,14,40,,,,,
500,20,2,0.3498398102203238,22,0,0.0,0.0,0.0,False,41,22,,,,,
500,20,2,0.3498398102203238,22,1,0.0,0.0,0.0,False,38,22,,,,,
500,20,2,0.3498398102203238,22,2,0.0,0.0,0.0,False,34,22,,,,,
500,20,2,0.3498398102203238,22,3,0.0,0.0,0.0,False,33,22,,,,,
500,20,2,0.3498398102203238,22,4,0.0,0.0,0.0,False,30,22,,,,,
500,20,2,0.3498398102203238,22,5,0.0,0.0,0.0,False,27,22,,,,,
500,20,2,0.3498398102203238,22,6,0.0,0.0,0.0,False,27,22,,,,,
500,20,2,0.3498398102203238,22,7,0.22727272727272727,0.2,0.2127659574468085,False,25,22,,,,,
500,20,2,0.3498398102203238,22,8,0.0,0.0,0.0,False,25,22,,,,,
500,20,2,0.3498398102203238,22,9,0.0,0.0,0.0,False,22,22,,,,,
500,20,2,0.3498398102203238,22,10,0.0,0.0,0.0,False,21,22,,,,,
500,20,2,0.3498398102203238,22,11,0.7727272727272727,0.85,0.8095238095238095,True,20,22,0.6764897281624376,0.7563101769792607,0.2040603179803135,"[0.011538108577866524, -0.26930329482287263]",0.2695503525354951
500,20,2,0.3498398102203238,22,12,0.0,0.0,0.0,False,17,22,,,,,
500,20,2,0.3498398102203238,22,13,0.0,0.0,0.0,False,17,22,,,,,
500,20,2,0.3498398102203238,22,14,0.0,0.0,0.0,False,14,22,,,,,
500,20,7,0.06374265068132814,32,0,0.0,0.0,0.0,False,41,32,,,,,
500,20,7,0.06374265068132814,32,1,0.0,0.0,0.0,False,38,32,,,,,
500,20,7,0.06374265068132814,32,2,0.0,0.0,0.0,False,34,32,,,,,
500,20,7,0.06374265068132814,32,3,0.0,0.0,0.0,False,33,32,,,,,
500,20,7,0.06374265068132814,32,4,0.90625,0.9666666666666667,0.9354838709677419,True,30,32,0.7968365682704799,0.8800249498888371,0.12814923694761024,"[0.1286035666260199, 0.22219752614504173]",0.2567306331038617
500,20,7,0.06374265068132814,32,5,0.0,0.0,0.0,False,27,32,,,,,
500,20,7,0.06374265068132814,32,6,0.0,0.0,0.0,False,27,32,,,,,
500,20,7,0.06374265068132814,32,7,0.0,0.0,0.0,False,25,32,,,,,
500,20,7,0.06374265068132814,32,8,0.0,0.0,0.0,False,25,32,,,,,
500,20,7,0.06374265068132814,32,9,0.0,0.0,0.0,False,22,32,,,,,
500,20,7,0.06374265068132814,32,10,0.0,0.0,0.0,False,21,32,,,,,
500,20,7,0.06374265068132814,32,11,0.09375,0.15,0.11538461538461539,False,20,32,,,,,
500,20,7,0.06374265068132814,32,12,0.0,0.0,0.0,False,17,32,,,,,
500,20,7,0.06374265068132814,32,13,0.0,0.0,0.0,False,17,32,,,,,
500,20,7,0.06374265068132814,32,14,0.0,0.0,0.0,False,14,32,,,,,
500,20,5,0.05788391964081419,40,0,0.0,0.0,0.0,False,41,40,,,,,
500,20,5,0.05788391964081419,40,1,0.95,1.0,0.9743589743589743,True,38,40,0.8103404264925768,0.9087515552124152,0.11963141899051682,"[0.03943511563971214, -0.06104287070590786]",0.07267296890547167
500,20,5,0.05788391964081419,40,2,0.0,0.0,0.0,False,34,40,,,,,
500,20,5,0.05788391964081419,40,3,0.0,0.0,0.0,False,33,40,,,,,
500,20,5,0.05788391964081419,40,4,0.0,0.0,0.0,False,30,40,,,,,
500,20,5,0.05788391964081419,40,5,0.0,0.0,0.0,False,27,40,,,,,
500,20,5,0.05788391964081419,40,6,0.025,0.037037037037037035,0.029850746268656716,False,27,40,,,,,
500,20,5,0.05788391964081419,40,7,0.0,0.0,0.0,False,25,40,,,,,
500,20,5,0.05788391964081419,40,8,0.0,0.0,0.0,False,25,40,,,,,
500,20,5,0.05788391964081419,40,9,0.025,0.045454545454545456,0.03225806451612903,False,22,40,,,,,
500,20,5,0.05788391964081419,40,10,0.0,0.0,0.0,False,21,40,,,,,
500,20,5,0.05788391964081419,40,11,0.0,0.0,0.0,False,20,40,,,,,
500,20,5,0.05788391964081419,40,12,0.0,0.0,0.0,False,17,40,,,,,
500,20,5,0.05788391964081419,40,13,0.0,0.0,0.0,False,17,40,,,,,
500,20,5,0.05788391964081419,40,14,0.0,0.0,0.0,False,14,40,,,,,
500,20,6,0.0564112537364159,23,0,0.0,0.0,0.0,False,41,23,,,,,
500,20,6,0.0564112537364159,23,1,0.0,0.0,0.0,False,38,23,,,,,
500,20,6,0.0564112537364159,23,2,0.0,0.0,0.0,False,34,23,,,,,
500,20,6,0.0564112537364159,23,3,0.13043478260869565,0.09090909090909091,0.10714285714285714,False,33,23,,,,,
500,20,6,0.0564112537364159,23,4,0.0,0.0,0.0,False,30,23,,,,,
500,20,6,0.0564112537364159,23,5,0.0,0.0,0.0,False,27,23,,,,,
500,20,6,0.0564112537364159,23,6,0.0,0.0,0.0,False,27,23,,,,,
500,20,6,0.0564112537364159,23,7,0.0,0.0,0.0,False,25,23,,,,,
500,20,6,0.0564112537364159,23,8,0.0,0.0,0.0,False,25,23,,,,,
500,20,6,0.0564112537364159,23,9,0.8695652173913043,0.9090909090909091,0.8888888888888888,True,22,23,0.7888892305636299,0.8488890255587853,0.13316217285949078,"[-0.3438190356217099, -0.1185341788234755]",0.3636782655111497
500,20,6,0.0564112537364159,23,10,0.0,0.0,0.0,False,21,23,,,,,
500,20,6,0.0564112537364159,23,11,0.0,0.0,0.0,False,20,23,,,,,
500,20,6,0.0564112537364159,23,12,0.0,0.0,0.0,False,17,23,,,,,
500,20,6,0.0564112537364159,23,13,0.0,0.0,0.0,False,17,23,,,,,
500,20,6,0.0564112537364159,23,14,0.0,0.0,0.0,False,14,23,,,,,
500,21,3,0.47212236572111793,38,0,0.0,0.0,0.0,False,50,38,,,,,
500,21,3,0.47212236572111793,38,1,0.0,0.0,0.0,False,37,38,,,,,
500,21,3,0.47212236572111793,38,2,0.0,0.0,0.0,False,33,38,,,,,
500,21,3,0.47212236572111793,38,3,0.0,0.0,0.0,False,33,38,,,,,
500,21,3,0.47212236572111793,38,4,0.0,0.0,0.0,False,28,38,,,,,
500,21,3,0.47212236572111793,38,5,0.0,0.0,0.0,False,27,38,,,,,
500,21,3,0.47212236572111793,38,6,0.0,0.0,0.0,False,25,38,,,,,
500,21,3,0.47212236572111793,38,7,0.5789473684210527,1.0,0.7333333333333333,True,22,38,0.6306058123928941,0.6922423249571577,0.23300247919495418,"[-0.3012147238128584, -0.031123127672877615]",0.3028183596114985
500,21,3,0.47212236572111793,38,8,0.0,0.0,0.0,False,21,38,,,,,
500,21,3,0.47212236572111793,38,9,0.0,0.0,0.0,False,21,38,,,,,
500,21,3,0.47212236572111793,38,10,0.0,0.0,0.0,False,19,38,,,,,
500,21,3,0.47212236572111793,38,11,0.42105263157894735,0.9411764705882353,0.5818181818181818,True,17,38,0.5073764964660202,0.5520415076773172,0.3107317372172792,"[0.2929733862265511, -0.12404232895368139]",0.3181507573608857
500,21,3,0.47212236572111793,38,12,0.0,0.0,0.0,False,17,38,,,,,
500,21,3,0.47212236572111793,38,13,0.0,0.0,0.0,False,17,38,,,,,
500,21,3,0.47212236572111793,38,14,0.0,0.0,0.0,False,15,38,,,,,
500,21,2,0.3498398102203238,20,0,0.0,0.0,0.0,False,50,20,,,,,
500,21,2,0.3498398102203238,20,1,0.0,0.0,0.0,False,37,20,,,,,
500,21,2,0.3498398102203238,20,2,0.15,0.09090909090909091,0.11320754716981132,False,33,20,,,,,
500,21,2,0.3498398102203238,20,3,0.0,0.0,0.0,False,33,20,,,,,
500,21,2,0.3498398102203238,20,4,0.0,0.0,0.0,False,28,20,,,,,
500,21,2,0.3498398102203238,20,5,0.0,0.0,0.0,False,27,20,,,,,
500,21,2,0.3498398102203238,20,6,0.0,0.0,0.0,False,25,20,,,,,
500,21,2,0.3498398102203238,20,7,0.0,0.0,0.0,False,22,20,,,,,
500,21,2,0.3498398102203238,20,8,0.0,0.0,0.0,False,21,20,,,,,
500,21,2,0.3498398102203238,20,9,0.0,0.0,0.0,False,21,20,,,,,
500,21,2,0.3498398102203238,20,10,0.0,0.0,0.0,False,19,20,,,,,
500,21,2,0.3498398102203238,20,11,0.0,0.0,0.0,False,17,20,,,,,
500,21,2,0.3498398102203238,20,12,0.0,0.0,0.0,False,17,20,,,,,
500,21,2,0.3498398102203238,20,13,0.85,1.0,0.918918918918919,True,17,20,0.8127503315916283,0.8764514839880028,0.1181113250595836,"[0.18703727286963456, 0.1994949406163502]",0.2734614648794803
500,21,2,0.3498398102203238,20,14,0.0,0.0,0.0,False,15,20,,,,,
500,21,7,0.06374265068132814,30,0,0.0,0.0,0.0,False,50,30,,,,,
500,21,7,0.06374265068132814,30,1,0.0,0.0,0.0,False,37,30,,,,,
500,21,7,0.06374265068132814,30,2,1.0,0.9090909090909091,0.9523809523809523,True,33,30,0.7651405284191197,0.8774847827962193,0.1481421229046683,"[-0.14603740788021646, 0.36158308421912366]",0.38996057658920674
500,21,7,0.06374265068132814,30,3,0.0,0.0,0.0,False,33,30,,,,,
500,21,7,0.06374265068132814,30,4,0.0,0.0,0.0,False,28,30,,,,,
500,21,7,0.06374265068132814,30,5,0.0,0.0,0.0,False,27,30,,,,,
500,21,7,0.06374265068132814,30,6,0.0,0.0,0.0,False,25,30,,,,,
500,21,7,0.06374265068132814,30,7,0.0,0.0,0.0,False,22,30,,,,,
500,21,7,0.06374265068132814,30,8,0.0,0.0,0.0,False,21,30,,,,,
500,21,7,0.06374265068132814,30,9,0.0,0.0,0.0,False,21,30,,,,,
500,21,7,0.06374265068132814,30,10,0.0,0.0,0.0,False,19,30,,,,,
500,21,7,0.06374265068132814,30,11,0.0,0.0,0.0,False,17,30,,,,,
500,21,7,0.06374265068132814,30,12,0.0,0.0,0.0,False,17,30,,,,,
500,21,7,0.06374265068132814,30,13,0.0,0.0,0.0,False,17,30,,,,,
500,21,7,0.06374265068132814,30,14,0.0,0.0,0.0,False,15,30,,,,,
500,21,5,0.05788391964081419,38,0,0.0,0.0,0.0,False,50,38,,,,,
500,21,5,0.05788391964081419,38,1,0.0,0.0,0.0,False,37,38,,,,,
500,21,5,0.05788391964081419,38,2,0.0,0.0,0.0,False,33,38,,,,,
500,21,5,0.05788391964081419,38,3,0.0,0.0,0.0,False,33,38,,,,,
500,21,5,0.05788391964081419,38,4,0.0,0.0,0.0,False,28,38,,,,,
500,21,5,0.05788391964081419,38,5,0.0,0.0,0.0,False,27,38,,,,,
500,21,5,0.05788391964081419,38,6,0.0,0.0,0.0,False,25,38,,,,,
500,21,5,0.05788391964081419,38,7,0.5789473684210527,1.0,0.7333333333333333,True,22,38,0.6306058123928941,0.6922423249571577,0.23300247919495418,"[-0.3012147238128584, -0.031123127672877615]",0.3028183596114985
500,21,5,0.05788391964081419,38,8,0.0,0.0,0.0,False,21,38,,,,,
500,21,5,0.05788391964081419,38,9,0.0,0.0,0.0,False,21,38,,,,,
500,21,5,0.05788391964081419,38,10,0.0,0.0,0.0,False,19,38,,,,,
500,21,5,0.05788391964081419,38,11,0.42105263157894735,0.9411764705882353,0.5818181818181818,True,17,38,0.5073764964660202,0.5520415076773172,0.3107317372172792,"[0.2929733862265511, -0.12404232895368139]",0.3181507573608857
500,21,5,0.05788391964081419,38,12,0.0,0.0,0.0,False,17,38,,,,,
500,21,5,0.05788391964081419,38,13,0.0,0.0,0.0,False,17,38,,,,,
500,21,5,0.05788391964081419,38,14,0.0,0.0,0.0,False,15,38,,,,,
500,21,6,0.0564112537364159,22,0,0.0,0.0,0.0,False,50,22,,,,,
500,21,6,0.0564112537364159,22,1,0.0,0.0,0.0,False,37,22,,,,,
500,21,6,0.0564112537364159,22,2,0.0,0.0,0.0,False,33,22,,,,,
500,21,6,0.0564112537364159,22,3,0.0,0.0,0.0,False,33,22,,,,,
500,21,6,0.0564112537364159,22,4,0.0,0.0,0.0,False,28,22,,,,,
500,21,6,0.0564112537364159,22,5,0.09090909090909091,0.07407407407407407,0.08163265306122448,False,27,22,,,,,
500,21,6,0.0564112537364159,22,6,0.0,0.0,0.0,False,25,22,,,,,
500,21,6,0.0564112537364159,22,7,0.0,0.0,0.0,False,22,22,,,,,
500,21,6,0.0564112537364159,22,8,0.0,0.0,0.0,False,21,22,,,,,
500,21,6,0.0564112537364159,22,9,0.9090909090909091,0.9523809523809523,0.9302325581395349,True,21,22,0.8015501441700974,0.87875959255176,0.125176058410073,"[-0.3309665416523657, -0.15960503141522864]",0.3674406315942526
500,21,6,0.0564112537364159,22,10,0.0,0.0,0.0,False,19,22,,,,,
500,21,6,0.0564112537364159,22,11,0.0,0.0,0.0,False,17,22,,,,,
500,21,6,0.0564112537364159,22,12,0.0,0.0,0.0,False,17,22,,,,,
500,21,6,0.0564112537364159,22,13,0.0,0.0,0.0,False,17,22,,,,,
500,21,6,0.0564112537364159,22,14,0.0,0.0,0.0,False,15,22,,,,,
500,22,2,0.3573560057461149,17,0,0.0,0.0,0.0,False,34,17,,,,,
500,22,2,0.3573560057461149,17,1,0.0,0.0,0.0,False,34,17,,,,,
500,22,2,0.3573560057461149,17,2,0.0,0.0,0.0,False,33,17,,,,,
500,22,2,0.3573560057461149,17,3,0.0,0.0,0.0,False,33,17,,,,,
500,22,2,0.3573560057461149,17,4,0.0,0.0,0.0,False,27,17,,,,,
500,22,2,0.3573560057461149,17,5,0.0,0.0,0.0,False,25,17,,,,,
500,22,2,0.3573560057461149,17,6,0.0,0.0,0.0,False,25,17,,,,,
500,22,2,0.3573560057461149,17,7,0.0,0.0,0.0,False,21,17,,,,,
500,22,2,0.3573560057461149,17,8,0.0,0.0,0.0,False,21,17,,,,,
500,22,2,0.3573560057461149,17,9,0.0,0.0,0.0,False,20,17,,,,,
500,22,2,0.3573560057461149,17,10,0.0,0.0,0.0,False,19,17,,,,,
500,22,2,0.3573560057461149,17,11,0.0,0.0,0.0,False,18,17,,,,,
500,22,2,0.3573560057461149,17,12,0.0,0.0,0.0,False,18,17,,,,,
500,22,2,0.3573560057461149,17,13,1.0,1.0,1.0,True,17,17,0.910575921189273,0.9642303684757092,0.05640595537682347,"[0.11529411764705877, 0.0]",0.11529411764705877
500,22,2,0.3573560057461149,17,14,0.0,0.0,0.0,False,17,17,,,,,
500,22,2,0.3573560057461149,17,15,0.0,0.0,0.0,False,15,17,,,,,
500,22,2,0.3573560057461149,17,16,0.0,0.0,0.0,False,14,17,,,,,
500,22,8,0.30702889420607493,22,0,0.0,0.0,0.0,False,34,22,,,,,
500,22,8,0.30702889420607493,22,1,0.0,0.0,0.0,False,34,22,,,,,
500,22,8,0.30702889420607493,22,2,0.0,0.0,0.0,False,33,22,,,,,
500,22,8,0.30702889420607493,22,3,0.0,0.0,0.0,False,33,22,,,,,
500,22,8,0.30702889420607493,22,4,0.0,0.0,0.0,False,27,22,,,,,
500,22,8,0.30702889420607493,22,5,0.0,0.0,0.0,False,25,22,,,,,
500,22,8,0.30702889420607493,22,6,0.0,0.0,0.0,False,25,22,,,,,
500,22,8,0.30702889420607493,22,7,0.0,0.0,0.0,False,21,22,,,,,
500,22,8,0.30702889420607493,22,8,0.0,0.0,0.0,False,21,22,,,,,
500,22,8,0.30702889420607493,22,9,0.0,0.0,0.0,False,20,22,,,,,
500,22,8,0.30702889420607493,22,10,0.8636363636363636,1.0,0.926829268292683,True,19,22,0.8071349263459686,0.8789515315139973,0.12165334977956838,"[-0.0571551567748152, -0.17988299619723236]",0.1887448125561262
500,22,8,0.30702889420607493,22,11,0.09090909090909091,0.1111111111111111,0.1,False,18,22,,,,,
500,22,8,0.30702889420607493,22,12,0.0,0.0,0.0,False,18,22,,,,,
500,22,8,0.30702889420607493,22,13,0.0,0.0,0.0,False,17,22,,,,,
500,22,8,0.30702889420607493,22,14,0.0,0.0,0.0,False,17,22,,,,,
500,22,8,0.30702889420607493,22,15,0.045454545454545456,0.06666666666666667,0.05405405405405406,False,15,22,,,,,
500,22,8,0.30702889420607493,22,16,0.0,0.0,0.0,False,14,22,,,,,
500,22,9,0.1752368683189235,17,0,0.0,0.0,0.0,False,34,17,,,,,
500,22,9,0.1752368683189235,17,1,0.0,0.0,0.0,False,34,17,,,,,
500,22,9,0.1752368683189235,17,2,0.0,0.0,0.0,False,33,17,,,,,
500,22,9,0.1752368683189235,17,3,0.0,0.0,0.0,False,33,17,,,,,
500,22,9,0.1752368683189235,17,4,0.0,0.0,0.0,False,27,17,,,,,
500,22,9,0.1752368683189235,17,5,0.0,0.0,0.0,False,25,17,,,,,
500,22,9,0.1752368683189235,17,6,0.0,0.0,0.0,False,25,17,,,,,
500,22,9,0.1752368683189235,17,7,0.0,0.0,0.0,False,21,17,,,,,
500,22,9,0.1752368683189235,17,8,0.0,0.0,0.0,False,21,17,,,,,
500,22,9,0.1752368683189235,17,9,0.0,0.0,0.0,False,20,17,,,,,
500,22,9,0.1752368683189235,17,10,0.0,0.0,0.0,False,19,17,,,,,
500,22,9,0.1752368683189235,17,11,0.9411764705882353,0.8888888888888888,0.9142857142857143,True,18,17,0.7475400098011209,0.8475874324918768,0.15924398809555362,"[-0.07670757613813883, 0.1608729321249065]",0.17822500533722294
500,22,9,0.1752368683189235,17,12,0.0,0.0,0.0,False,18,17,,,,,
500,22,9,0.1752368683189235,17,13,0.0,0.0,0.0,False,17,17,,,,,
500,22,9,0.1752368683189235,17,14,0.058823529411764705,0.058823529411764705,0.058823529411764705,False,17,17,,,,,
500,22,9,0.1752368683189235,17,15,0.0,0.0,0.0,False,15,17,,,,,
500,22,9,0.1752368683189235,17,16,0.0,0.0,0.0,False,14,17,,,,,
500,22,7,0.06511214097904851,33,0,0.0,0.0,0.0,False,34,33,,,,,
500,22,7,0.06511214097904851,33,1,0.0,0.0,0.0,False,34,33,,,,,
500,22,7,0.06511214097904851,33,2,0.0,0.0,0.0,False,33,33,,,,,
500,22,7,0.06511214097904851,33,3,1.0,1.0,1.0,True,33,33,0.8362473857239655,0.9344989542895862,0.1032901068317652,"[0.03393939393939416, 0.059393939393938666]",0.06840703544010839
500,22,7,0.06511214097904851,33,4,0.0,0.0,0.0,False,27,33,,,,,
500,22,7,0.06511214097904851,33,5,0.0,0.0,0.0,False,25,33,,,,,
500,22,7,0.06511214097904851,33,6,0.0,0.0,0.0,False,25,33,,,,,
500,22,7,0.06511214097904851,33,7,0.0,0.0,0.0,False,21,33,,,,,
500,22,7,0.06511214097904851,33,8,0.0,0.0,0.0,False,21,33,,,,,
500,22,7,0.06511214097904851,33,9,0.0,0.0,0.0,False,20,33,,,,,
500,22,7,0.06511214097904851,33,10,0.0,0.0,0.0,False,19,33,,,,,
500,22,7,0.06511214097904851,33,11,0.0,0.0,0.0,False,18,33,,,,,
500,22,7,0.06511214097904851,33,12,0.0,0.0,0.0,False,18,33,,,,,
500,22,7,0.06511214097904851,33,13,0.0,0.0,0.0,False,17,33,,,,,
500,22,7,0.06511214097904851,33,14,0.0,0.0,0.0,False,17,33,,,,,
500,22,7,0.06511214097904851,33,15,0.0,0.0,0.0,False,15,33,,,,,
500,22,7,0.06511214097904851,33,16,0.0,0.0,0.0,False,14,33,,,,,
500,22,6,0.05762323133459402,21,0,0.0,0.0,0.0,False,34,21,,,,,
500,22,6,0.05762323133459402,21,1,0.0,0.0,0.0,False,34,21,,,,,
500,22,6,0.05762323133459402,21,2,0.0,0.0,0.0,False,33,21,,,,,
500,22,6,0.05762323133459402,21,3,0.0,0.0,0.0,False,33,21,,,,,
500,22,6,0.05762323133459402,21,4,0.0,0.0,0.0,False,27,21,,,,,
500,22,6,0.05762323133459402,21,5,0.0,0.0,0.0,False,25,21,,,,,
500,22,6,0.05762323133459402,21,6,0.0,0.0,0.0,False,25,21,,,,,
500,22,6,0.05762323133459402,21,7,0.0,0.0,0.0,False,21,21,,,,,
500,22,6,0.05762323133459402,21,8,1.0,1.0,1.0,True,21,21,0.8363933920767551,0.9345573568307021,0.10319801052023804,"[-0.06666666666666643, 0.0]",0.06666666666666643
500,22,6,0.05762323133459402,21,9,0.0,0.0,0.0,False,20,21,,,,,
500,22,6,0.05762323133459402,21,10,0.0,0.0,0.0,False,19,21,,,,,
500,22,6,0.05762323133459402,21,11,0.0,0.0,0.0,False,18,21,,,,,
500,22,6,0.05762323133459402,21,12,0.0,0.0,0.0,False,18,21,,,,,
500,22,6,0.05762323133459402,21,13,0.0,0.0,0.0,False,17,21,,,,,
500,22,6,0.05762323133459402,21,14,0.0,0.0,0.0,False,17,21,,,,,
500,22,6,0.05762323133459402,21,15,0.0,0.0,0.0,False,15,21,,,,,
500,22,6,0.05762323133459402,21,16,0.0,0.0,0.0,False,14,21,,,,,
500,22,10,0.037642859415244055,22,0,0.0,0.0,0.0,False,34,22,,,,,
500,22,10,0.037642859415244055,22,1,0.0,0.0,0.0,False,34,22,,,,,
500,22,10,0.037642859415244055,22,2,0.0,0.0,0.0,False,33,22,,,,,
500,22,10,0.037642859415244055,22,3,0.0,0.0,0.0,False,33,22,,,,,
500,22,10,0.037642859415244055,22,4,0.0,0.0,0.0,False,27,22,,,,,
500,22,10,0.037642859415244055,22,5,0.0,0.0,0.0,False,25,22,,,,,
500,22,10,0.037642859415244055,22,6,0.0,0.0,0.0,False,25,22,,,,,
500,22,10,0.037642859415244055,22,7,0.0,0.0,0.0,False,21,22,,,,,
500,22,10,0.037642859415244055,22,8,0.0,0.0,0.0,False,21,22,,,,,
500,22,10,0.037642859415244055,22,9,0.0,0.0,0.0,False,20,22,,,,,
500,22,10,0.037642859415244055,22,10,0.8636363636363636,1.0,0.926829268292683,True,19,22,0.8071349263459686,0.8789515315139973,0.12165334977956838,"[-0.0571551567748152, -0.17988299619723236]",0.1887448125561262
500,22,10,0.037642859415244055,22,11,0.09090909090909091,0.1111111111111111,0.1,False,18,22,,,,,
500,22,10,0.037642859415244055,22,12,0.0,0.0,0.0,False,18,22,,,,,
500,22,10,0.037642859415244055,22,13,0.0,0.0,0.0,False,17,22,,,,,
500,22,10,0.037642859415244055,22,14,0.0,0.0,0.0,False,17,22,,,,,
500,22,10,0.037642859415244055,22,15,0.045454545454545456,0.06666666666666667,0.05405405405405406,False,15,22,,,,,
500,22,10,0.037642859415244055,22,16,0.0,0.0,0.0,False,14,22,,,,,
500,23,2,0.357356005746115,17,0,0.0,0.0,0.0,False,42,17,,,,,
500,23,2,0.357356005746115,17,1,0.0,0.0,0.0,False,36,17,,,,,
500,23,2,0.357356005746115,17,2,0.0,0.0,0.0,False,34,17,,,,,
500,23,2,0.357356005746115,17,3,0.0,0.0,0.0,False,30,17,,,,,
500,23,2,0.357356005746115,17,4,0.0,0.0,0.0,False,28,17,,,,,
500,23,2,0.357356005746115,17,5,0.0,0.0,0.0,False,25,17,,,,,
500,23,2,0.357356005746115,17,6,0.0,0.0,0.0,False,25,17,,,,,
500,23,2,0.357356005746115,17,7,0.0,0.0,0.0,False,23,17,,,,,
500,23,2,0.357356005746115,17,8,0.0,0.0,0.0,False,21,17,,,,,
500,23,2,0.357356005746115,17,9,0.0,0.0,0.0,False,19,17,,,,,
500,23,2,0.357356005746115,17,10,0.0,0.0,0.0,False,19,17,,,,,
500,23,2,0.357356005746115,17,11,0.0,0.0,0.0,False,19,17,,,,,
500,23,2,0.357356005746115,17,12,0.0,0.0,0.0,False,18,17,,,,,
500,23,2,0.357356005746115,17,13,1.0,1.0,1.0,True,17,17,0.914504202767187,0.9658016811068748,0.05392811631671523,"[0.0823529411764703, 0.0]",0.0823529411764703
500,23,2,0.357356005746115,17,14,0.0,0.0,0.0,False,16,17,,,,,
500,23,2,0.357356005746115,17,15,0.0,0.0,0.0,False,15,17,,,,,
500,23,2,0.357356005746115,17,16,0.0,0.0,0.0,False,13,17,,,,,
500,23,8,0.307028894206075,19,0,1.0,0.4523809523809524,0.6229508196721312,True,42,19,0.5239627429452247,0.5833555889813686,0.3002696436601826,"[-0.16549518840635002, -0.5884118388728456]",0.6112423001653083
500,23,8,0.307028894206075,19,1,0.0,0.0,0.0,False,36,19,,,,,
500,23,8,0.307028894206075,19,2,0.0,0.0,0.0,False,34,19,,,,,
500,23,8,0.307028894206075,19,3,0.0,0.0,0.0,False,30,19,,,,,
500,23,8,0.307028894206075,19,4,0.0,0.0,0.0,False,28,19,,,,,
500,23,8,0.307028894206075,19,5,0.0,0.0,0.0,False,25,19,,,,,
500,23,8,0.307028894206075,19,6,0.0,0.0,0.0,False,25,19,,,,,
500,23,8,0.307028894206075,19,7,0.0,0.0,0.0,False,23,19,,,,,
500,23,8,0.307028894206075,19,8,0.0,0.0,0.0,False,21,19,,,,,
500,23,8,0.307028894206075,19,9,0.0,0.0,0.0,False,19,19,,,,,
500,23,8,0.307028894206075,19,10,0.0,0.0,0.0,False,19,19,,,,,
500,23,8,0.307028894206075,19,11,0.0,0.0,0.0,False,19,19,,,,,
500,23,8,0.307028894206075,19,12,0.0,0.0,0.0,False,18,19,,,,,
500,23,8,0.307028894206075,19,13,0.0,0.0,0.0,False,17,19,,,,,
500,23,8,0.307028894206075,19,14,0.0,0.0,0.0,False,16,19,,,,,
500,23,8,0.307028894206075,19,15,0.0,0.0,0.0,False,15,19,,,,,
500,23,8,0.307028894206075,19,16,0.0,0.0,0.0,False,13,19,,,,,
500,23,9,0.17523686831892352,18,0,0.0,0.0,0.0,False,42,18,,,,,
500,23,9,0.17523686831892352,18,1,0.0,0.0,0.0,False,36,18,,,,,
500,23,9,0.17523686831892352,18,2,0.0,0.0,0.0,False,34,18,,,,,
500,23,9,0.17523686831892352,18,3,0.0,0.0,0.0,False,30,18,,,,,
500,23,9,0.17523686831892352,18,4,0.0,0.0,0.0,False,28,18,,,,,
500,23,9,0.17523686831892352,18,5,0.0,0.0,0.0,False,25,18,,,,,
500,23,9,0.17523686831892352,18,6,0.0,0.0,0.0,False,25,18,,,,,
500,23,9,0.17523686831892352,18,7,0.0,0.0,0.0,False,23,18,,,,,
500,23,9,0.17523686831892352,18,8,0.0,0.0,0.0,False,21,18,,,,,
500,23,9,0.17523686831892352,18,9,0.0,0.0,0.0,False,19,18,,,,,
500,23,9,0.17523686831892352,18,10,0.0,0.0,0.0,False,19,18,,,,,
500,23,9,0.17523686831892352,18,11,0.0,0.0,0.0,False,19,18,,,,,
500,23,9,0.17523686831892352,18,12,1.0,1.0,1.0,True,18,18,0.8038120853630425,0.921524834145217,0.1237492955550224,"[0.06222222222222307, 0.12444444444444613]",0.1391331185999888
500,23,9,0.17523686831892352,18,13,0.0,0.0,0.0,False,17,18,,,,,
500,23,9,0.17523686831892352,18,14,0.0,0.0,0.0,False,16,18,,,,,
500,23,9,0.17523686831892352,18,15,0.0,0.0,0.0,False,15,18,,,,,
500,23,9,0.17523686831892352,18,16,0.0,0.0,0.0,False,13,18,,,,,
500,23,7,0.06511214097904852,33,0,0.0,0.0,0.0,False,42,33,,,,,
500,23,7,0.06511214097904852,33,1,0.0,0.0,0.0,False,36,33,,,,,
500,23,7,0.06511214097904852,33,2,0.0,0.0,0.0,False,34,33,,,,,
500,23,7,0.06511214097904852,33,3,0.9090909090909091,1.0,0.9523809523809523,True,30,33,0.7306870361380804,0.8637033858838036,0.16987432494717813,"[0.28759166559108795, 0.03058167596466177]",0.28921307892670367
500,23,7,0.06511214097904852,33,4,0.0,0.0,0.0,False,28,33,,,,,
500,23,7,0.06511214097904852,33,5,0.0,0.0,0.0,False,25,33,,,,,
500,23,7,0.06511214097904852,33,6,0.0,0.0,0.0,False,25,33,,,,,
500,23,7,0.06511214097904852,33,7,0.0,0.0,0.0,False,23,33,,,,,
500,23,7,0.06511214097904852,33,8,0.0,0.0,0.0,False,21,33,,,,,
500,23,7,0.06511214097904852,33,9,0.09090909090909091,0.15789473684210525,0.11538461538461539,False,19,33,,,,,
500,23,7,0.06511214097904852,33,10,0.0,0.0,0.0,False,19,33,,,,,
500,23,7,0.06511214097904852,33,11,0.0,0.0,0.0,False,19,33,,,,,
500,23,7,0.06511214097904852,33,12,0.0,0.0,0.0,False,18,33,,,,,
500,23,7,0.06511214097904852,33,13,0.0,0.0,0.0,False,17,33,,,,,
500,23,7,0.06511214097904852,33,14,0.0,0.0,0.0,False,16,33,,,,,
500,23,7,0.06511214097904852,33,15,0.0,0.0,0.0,False,15,33,,,,,
500,23,7,0.06511214097904852,33,16,0.0,0.0,0.0,False,13,33,,,,,
500,23,6,0.05762323133459403,21,0,1.0,0.5,0.6666666666666666,True,42,21,0.6056886041649711,0.6422754416659884,0.24871948689703016,"[0.2769905220484006, 0.25157507577513805]",0.374184136563687
500,23,6,0.05762323133459403,21,1,0.0,0.0,0.0,False,36,21,,,,,
500,23,6,0.05762323133459403,21,2,0.0,0.0,0.0,False,34,21,,,,,
500,23,6,0.05762323133459403,21,3,0.0,0.0,0.0,False,30,21,,,,,
500,23,6,0.05762323133459403,21,4,0.0,0.0,0.0,False,28,21,,,,,
500,23,6,0.05762323133459403,21,5,0.0,0.0,0.0,False,25,21,,,,,
500,23,6,0.05762323133459403,21,6,0.0,0.0,0.0,False,25,21,,,,,
500,23,6,0.05762323133459403,21,7,0.0,0.0,0.0,False,23,21,,,,,
500,23,6,0.05762323133459403,21,8,0.0,0.0,0.0,False,21,21,,,,,
500,23,6,0.05762323133459403,21,9,0.0,0.0,0.0,False,19,21,,,,,
500,23,6,0.05762323133459403,21,10,0.0,0.0,0.0,False,19,21,,,,,
500,23,6,0.05762323133459403,21,11,0.0,0.0,0.0,False,19,21,,,,,
500,23,6,0.05762323133459403,21,12,0.0,0.0,0.0,False,18,21,,,,,
500,23,6,0.05762323133459403,21,13,0.0,0.0,0.0,False,17,21,,,,,
500,23,6,0.05762323133459403,21,14,0.0,0.0,0.0,False,16,21,,,,,
500,23,6,0.05762323133459403,21,15,0.0,0.0,0.0,False,15,21,,,,,
500,23,6,0.05762323133459403,21,16,0.0,0.0,0.0,False,13,21,,,,,
500,23,10,0.03764285941524406,19,0,1.0,0.4523809523809524,0.6229508196721312,True,42,19,0.5239627429452247,0.5833555889813686,0.3002696436601826,"[-0.16549518840635002, -0.5884118388728456]",0.6112423001653083
500,23,10,0.03764285941524406,19,1,0.0,0.0,0.0,False,36,19,,,,,
500,23,10,0.03764285941524406,19,2,0.0,0.0,0.0,False,34,19,,,,,
500,23,10,0.03764285941524406,19,3,0.0,0.0,0.0,False,30,19,,,,,
500,23,10,0.03764285941524406,19,4,0.0,0.0,0.0,False,28,19,,,,,
500,23,10,0.03764285941524406,19,5,0.0,0.0,0.0,False,25,19,,,,,
500,23,10,0.03764285941524406,19,6,0.0,0.0,0.0,False,25,19,,,,,
500,23,10,0.03764285941524406,19,7,0.0,0.0,0.0,False,23,19,,,,,
500,23,10,0.03764285941524406,19,8,0.0,0.0,0.0,False,21,19,,,,,
500,23,10,0.03764285941524406,19,9,0.0,0.0,0.0,False,19,19,,,,,
500,23,10,0.03764285941524406,19,10,0.0,0.0,0.0,False,19,19,,,,,
500,23,10,0.03764285941524406,19,11,0.0,0.0,0.0,False,19,19,,,,,
500,23,10,0.03764285941524406,19,12,0.0,0.0,0.0,False,18,19,,,,,
500,23,10,0.03764285941524406,19,13,0.0,0.0,0.0,False,17,19,,,,,
500,23,10,0.03764285941524406,19,14,0.0,0.0,0.0,False,16,19,,,,,
500,23,10,0.03764285941524406,19,15,0.0,0.0,0.0,False,15,19,,,,,
500,23,10,0.03764285941524406,19,16,0.0,0.0,0.0,False,13,19,,,,,
500,24,2,0.357356005746115,17,0,0.0,0.0,0.0,False,43,17,,,,,
500,24,2,0.357356005746115,17,1,0.0,0.0,0.0,False,40,17,,,,,
500,24,2,0.357356005746115,17,2,0.0,0.0,0.0,False,32,17,,,,,
500,24,2,0.357356005746115,17,3,0.0,0.0,0.0,False,30,17,,,,,
500,24,2,0.357356005746115,17,4,0.0,0.0,0.0,False,28,17,,,,,
500,24,2,0.357356005746115,17,5,0.0,0.0,0.0,False,26,17,,,,,
500,24,2,0.357356005746115,17,6,0.0,0.0,0.0,False,25,17,,,,,
500,24,2,0.357356005746115,17,7,0.0,0.0,0.0,False,23,17,,,,,
500,24,2,0.357356005746115,17,8,0.0,0.0,0.0,False,23,17,,,,,
500,24,2,0.357356005746115,17,9,0.0,0.0,0.0,False,19,17,,,,,
500,24,2,0.357356005746115,17,10,1.0,1.0,1.0,True,17,17,0.9037707465325401,0.961508298613016,0.06069845000605659,"[0.11529411764705877, -2.220446049250313e-16]",0.11529411764705877
500,24,2,0.357356005746115,17,11,0.0,0.0,0.0,False,16,17,,,,,
500,24,2,0.357356005746115,17,12,0.0,0.0,0.0,False,16,17,,,,,
500,24,2,0.357356005746115,17,13,0.0,0.0,0.0,False,16,17,,,,,
500,24,2,0.357356005746115,17,14,0.0,0.0,0.0,False,16,17,,,,,
500,24,2,0.357356005746115,17,15,0.0,0.0,0.0,False,15,17,,,,,
500,24,2,0.357356005746115,17,16,0.0,0.0,0.0,False,15,17,,,,,
500,24,8,0.307028894206075,42,0,0.0,0.0,0.0,False,43,42,,,,,
500,24,8,0.307028894206075,42,1,0.0,0.0,0.0,False,40,42,,,,,
500,24,8,0.307028894206075,42,2,0.0,0.0,0.0,False,32,42,,,,,
500,24,8,0.307028894206075,42,3,0.0,0.0,0.0,False,30,42,,,,,
500,24,8,0.307028894206075,42,4,0.0,0.0,0.0,False,28,42,,,,,
500,24,8,0.307028894206075,42,5,0.6190476190476191,1.0,0.7647058823529411,True,26,42,0.6445670022740287,0.7166503303213761,0.2241961905094489,"[-0.20013014727493506, 0.4381354145156404]",0.4816790604760386
500,24,8,0.307028894206075,42,6,0.0,0.0,0.0,False,25,42,,,,,
500,24,8,0.307028894206075,42,7,0.0,0.0,0.0,False,23,42,,,,,
500,24,8,0.307028894206075,42,8,0.0,0.0,0.0,False,23,42,,,,,
500,24,8,0.307028894206075,42,9,0.0,0.0,0.0,False,19,42,,,,,
500,24,8,0.307028894206075,42,10,0.0,0.0,0.0,False,17,42,,,,,
500,24,8,0.307028894206075,42,11,0.0,0.0,0.0,False,16,42,,,,,
500,24,8,0.307028894206075,42,12,0.0,0.0,0.0,False,16,42,,,,,
500,24,8,0.307028894206075,42,13,0.38095238095238093,1.0,0.5517241379310345,True,16,42,0.46327252172373046,0.5163434914481129,0.3385511664396882,"[-1.4197885106782309, -4.371970048587919]",4.596729437415667
500,24,8,0.307028894206075,42,14,0.0,0.0,0.0,False,16,42,,,,,
500,24,8,0.307028894206075,42,15,0.0,0.0,0.0,False,15,42,,,,,
500,24,8,0.307028894206075,42,16,0.0,0.0,0.0,False,15,42,,,,,
500,24,9,0.17523686831892352,18,0,0.0,0.0,0.0,False,43,18,,,,,
500,24,9,0.17523686831892352,18,1,0.0,0.0,0.0,False,40,18,,,,,
500,24,9,0.17523686831892352,18,2,0.0,0.0,0.0,False,32,18,,,,,
500,24,9,0.17523686831892352,18,3,0.6666666666666666,0.4,0.5,True,30,18,0.4174858454496161,0.4669943381798464,0.3674319919748007,"[2.3198635876039315, -1.0395983120327301]",2.542151001705423
500,24,9,0.17523686831892352,18,4,0.0,0.0,0.0,False,28,18,,,,,
500,24,9,0.17523686831892352,18,5,0.0,0.0,0.0,False,26,18,,,,,
500,24,9,0.17523686831892352,18,6,0.0,0.0,0.0,False,25,18,,,,,
500,24,9,0.17523686831892352,18,7,0.0,0.0,0.0,False,23,18,,,,,
500,24,9,0.17523686831892352,18,8,0.0,0.0,0.0,False,23,18,,,,,
500,24,9,0.17523686831892352,18,9,0.0,0.0,0.0,False,19,18,,,,,
500,24,9,0.17523686831892352,18,10,0.0,0.0,0.0,False,17,18,,,,,
500,24,9,0.17523686831892352,18,11,0.3333333333333333,0.375,0.35294117647058826,True,16,18,0.5597799276983757,0.4356766769617032,0.2776772663969424,"[-4.516088912531849, 1.5477289986627412]",4.773942198979233
500,24,9,0.17523686831892352,18,12,0.0,0.0,0.0,False,16,18,,,,,
500,24,9,0.17523686831892352,18,13,0.0,0.0,0.0,False,16,18,,,,,
500,24,9,0.17523686831892352,18,14,0.0,0.0,0.0,False,16,18,,,,,
500,24,9,0.17523686831892352,18,15,0.0,0.0,0.0,False,15,18,,,,,
500,24,9,0.17523686831892352,18,16,0.0,0.0,0.0,False,15,18,,,,,
500,24,7,0.06511214097904852,30,0,0.0,0.0,0.0,False,43,30,,,,,
500,24,7,0.06511214097904852,30,1,0.0,0.0,0.0,False,40,30,,,,,
500,24,7,0.06511214097904852,30,2,0.0,0.0,0.0,False,32,30,,,,,
500,24,7,0.06511214097904852,30,3,0.0,0.0,0.0,False,30,30,,,,,
500,24,7,0.06511214097904852,30,4,0.0,0.0,0.0,False,28,30,,,,,
500,24,7,0.06511214097904852,30,5,0.0,0.0,0.0,False,26,30,,,,,
500,24,7,0.06511214097904852,30,6,0.0,0.0,0.0,False,25,30,,,,,
500,24,7,0.06511214097904852,30,7,0.6666666666666666,0.8695652173913043,0.7547169811320755,True,23,30,0.624266246926028,0.7025366874496565,0.23700128188420938,"[-0.44074270215108147, 0.12202541203015826]",0.45732300475765136
500,24,7,0.06511214097904852,30,8,0.0,0.0,0.0,False,23,30,,,,,
500,24,7,0.06511214097904852,30,9,0.0,0.0,0.0,False,19,30,,,,,
500,24,7,0.06511214097904852,30,10,0.0,0.0,0.0,False,17,30,,,,,
500,24,7,0.06511214097904852,30,11,0.3333333333333333,0.625,0.43478260869565216,True,16,30,0.4853015128120125,0.4549901703421963,0.32465595717561446,"[2.5580838516270115, 0.5884881630263799]",2.6249021524576968
500,24,7,0.06511214097904852,30,12,0.0,0.0,0.0,False,16,30,,,,,
500,24,7,0.06511214097904852,30,13,0.0,0.0,0.0,False,16,30,,,,,
500,24,7,0.06511214097904852,30,14,0.0,0.0,0.0,False,16,30,,,,,
500,24,7,0.06511214097904852,30,15,0.0,0.0,0.0,False,15,30,,,,,
500,24,7,0.06511214097904852,30,16,0.0,0.0,0.0,False,15,30,,,,,
500,24,6,0.05762323133459403,42,0,0.0,0.0,0.0,False,43,42,,,,,
500,24,6,0.05762323133459403,42,1,0.0,0.0,0.0,False,40,42,,,,,
500,24,6,0.05762323133459403,42,2,0.0,0.0,0.0,False,32,42,,,,,
500,24,6,0.05762323133459403,42,3,0.0,0.0,0.0,False,30,42,,,,,
500,24,6,0.05762323133459403,42,4,0.0,0.0,0.0,False,28,42,,,,,
500,24,6,0.05762323133459403,42,5,0.6190476190476191,1.0,0.7647058823529411,True,26,42,0.6445670022740287,0.7166503303213761,0.2241961905094489,"[-0.20013014727493506, 0.4381354145156404]",0.4816790604760386
500,24,6,0.05762323133459403,42,6,0.0,0.0,0.0,False,25,42,,,,,
500,24,6,0.05762323133459403,42,7,0.0,0.0,0.0,False,23,42,,,,,
500,24,6,0.05762323133459403,42,8,0.0,0.0,0.0,False,23,42,,,,,
500,24,6,0.05762323133459403,42,9,0.0,0.0,0.0,False,19,42,,,,,
500,24,6,0.05762323133459403,42,10,0.0,0.0,0.0,False,17,42,,,,,
500,24,6,0.05762323133459403,42,11,0.0,0.0,0.0,False,16,42,,,,,
500,24,6,0.05762323133459403,42,12,0.0,0.0,0.0,False,16,42,,,,,
500,24,6,0.05762323133459403,42,13,0.38095238095238093,1.0,0.5517241379310345,True,16,42,0.46327252172373046,0.5163434914481129,0.3385511664396882,"[-1.4197885106782309, -4.371970048587919]",4.596729437415667
500,24,6,0.05762323133459403,42,14,0.0,0.0,0.0,False,16,42,,,,,
500,24,6,0.05762323133459403,42,15,0.0,0.0,0.0,False,15,42,,,,,
500,24,6,0.05762323133459403,42,16,0.0,0.0,0.0,False,15,42,,,,,
500,24,10,0.03764285941524406,42,0,0.0,0.0,0.0,False,43,42,,,,,
500,24,10,0.03764285941524406,42,1,0.0,0.0,0.0,False,40,42,,,,,
500,24,10,0.03764285941524406,42,2,0.0,0.0,0.0,False,32,42,,,,,
500,24,10,0.03764285941524406,42,3,0.0,0.0,0.0,False,30,42,,,,,
500,24,10,0.03764285941524406,42,4,0.0,0.0,0.0,False,28,42,,,,,
500,24,10,0.03764285941524406,42,5,0.6190476190476191,1.0,0.7647058823529411,True,26,42,0.6445670022740287,0.7166503303213761,0.2241961905094489,"[-0.20013014727493506, 0.4381354145156404]",0.4816790604760386
500,24,10,0.03764285941524406,42,6,0.0,0.0,0.0,False,25,42,,,,,
500,24,10,0.03764285941524406,42,7,0.0,0.0,0.0,False,23,42,,,,,
500,24,10,0.03764285941524406,42,8,0.0,0.0,0.0,False,23,42,,,,,
500,24,10,0.03764285941524406,42,9,0.0,0.0,0.0,False,19,42,,,,,
500,24,10,0.03764285941524406,42,10,0.0,0.0,0.0,False,17,42,,,,,
500,24,10,0.03764285941524406,42,11,0.0,0.0,0.0,False,16,42,,,,,
500,24,10,0.03764285941524406,42,12,0.0,0.0,0.0,False,16,42,,,,,
500,24,10,0.03764285941524406,42,13,0.38095238095238093,1.0,0.5517241379310345,True,16,42,0.46327252172373046,0.5163434914481129,0.3385511664396882,"[-1.4197885106782309, -4.371970048587919]",4.596729437415667
500,24,10,0.03764285941524406,42,14,0.0,0.0,0.0,False,16,42,,,,,
500,24,10,0.03764285941524406,42,15,0.0,0.0,0.0,False,15,42,,,,,
500,24,10,0.03764285941524406,42,16,0.0,0.0,0.0,False,15,42,,,,,
500,25,2,0.4028377416159455,17,0,0.0,0.0,0.0,False,42,17,,,,,
500,25,2,0.4028377416159455,17,1,0.0,0.0,0.0,False,39,17,,,,,
500,25,2,0.4028377416159455,17,2,0.0,0.0,0.0,False,33,17,,,,,
500,25,2,0.4028377416159455,17,3,0.0,0.0,0.0,False,26,17,,,,,
500,25,2,0.4028377416159455,17,4,0.0,0.0,0.0,False,25,17,,,,,
500,25,2,0.4028377416159455,17,5,0.0,0.0,0.0,False,24,17,,,,,
500,25,2,0.4028377416159455,17,6,0.0,0.0,0.0,False,23,17,,,,,
500,25,2,0.4028377416159455,17,7,0.0,0.0,0.0,False,20,17,,,,,
500,25,2,0.4028377416159455,17,8,0.0,0.0,0.0,False,19,17,,,,,
500,25,2,0.4028377416159455,17,9,0.0,0.0,0.0,False,18,17,,,,,
500,25,2,0.4028377416159455,17,10,1.0,1.0,1.0,True,17,17,0.8516458606738146,0.9406583442695259,0.09357722298164792,"[0.0823529411764703, 0.03294117647058803]",0.08869683211750913
500,25,2,0.4028377416159455,17,11,0.0,0.0,0.0,False,16,17,,,,,
500,25,2,0.4028377416159455,17,12,0.0,0.0,0.0,False,16,17,,,,,
500,25,2,0.4028377416159455,17,13,0.0,0.0,0.0,False,16,17,,,,,
500,25,2,0.4028377416159455,17,14,0.0,0.0,0.0,False,16,17,,,,,
500,25,2,0.4028377416159455,17,15,0.0,0.0,0.0,False,15,17,,,,,
500,25,2,0.4028377416159455,17,16,0.0,0.0,0.0,False,14,17,,,,,
500,25,12,0.23889470746497146,26,0,0.0,0.0,0.0,False,42,26,,,,,
500,25,12,0.23889470746497146,26,1,0.0,0.0,0.0,False,39,26,,,,,
500,25,12,0.23889470746497146,26,2,0.0,0.0,0.0,False,33,26,,,,,
500,25,12,0.23889470746497146,26,3,1.0,1.0,1.0,True,26,26,0.8314111974683561,0.9325644789873424,0.10634062546799519,"[-0.08615384615384514, 0.021538461538462172]",0.08880535193637955
500,25,12,0.23889470746497146,26,4,0.0,0.0,0.0,False,25,26,,,,,
500,25,12,0.23889470746497146,26,5,0.0,0.0,0.0,False,24,26,,,,,
500,25,12,0.23889470746497146,26,6,0.0,0.0,0.0,False,23,26,,,,,
500,25,12,0.23889470746497146,26,7,0.0,0.0,0.0,False,20,26,,,,,
500,25,12,0.23889470746497146,26,8,0.0,0.0,0.0,False,19,26,,,,,
500,25,12,0.23889470746497146,26,9,0.0,0.0,0.0,False,18,26,,,,,
500,25,12,0.23889470746497146,26,10,0.0,0.0,0.0,False,17,26,,,,,
500,25,12,0.23889470746497146,26,11,0.0,0.0,0.0,False,16,26,,,,,
500,25,12,0.23889470746497146,26,12,0.0,0.0,0.0,False,16,26,,,,,
500,25,12,0.23889470746497146,26,13,0.0,0.0,0.0,False,16,26,,,,,
500,25,12,0.23889470746497146,26,14,0.0,0.0,0.0,False,16,26,,,,,
500,25,12,0.23889470746497146,26,15,0.0,0.0,0.0,False,15,26,,,,,
500,25,12,0.23889470746497146,26,16,0.0,0.0,0.0,False,14,26,,,,,
500,25,13,0.10721064507998408,16,0,0.0,0.0,0.0,False,42,16,,,,,
500,25,13,0.10721064507998408,16,1,0.0,0.0,0.0,False,39,16,,,,,
500,25,13,0.10721064507998408,16,2,0.0,0.0,0.0,False,33,16,,,,,
500,25,13,0.10721064507998408,16,3,0.0,0.0,0.0,False,26,16,,,,,
500,25,13,0.10721064507998408,16,4,0.0,0.0,0.0,False,25,16,,,,,
500,25,13,0.10721064507998408,16,5,0.0,0.0,0.0,False,24,16,,,,,
500,25,13,0.10721064507998408,16,6,0.0,0.0,0.0,False,23,16,,,,,
500,25,13,0.10721064507998408,16,7,0.0,0.0,0.0,False,20,16,,,,,
500,25,13,0.10721064507998408,16,8,0.0,0.0,0.0,False,19,16,,,,,
500,25,13,0.10721064507998408,16,9,0.0,0.0,0.0,False,18,16,,,,,
500,25,13,0.10721064507998408,16,10,0.0,0.0,0.0,False,17,16,,,,,
500,25,13,0.10721064507998408,16,11,0.0,0.0,0.0,False,16,16,,,,,
500,25,13,0.10721064507998408,16,12,0.0,0.0,0.0,False,16,16,,,,,
500,25,13,0.10721064507998408,16,13,0.0,0.0,0.0,False,16,16,,,,,
500,25,13,0.10721064507998408,16,14,1.0,1.0,1.0,True,16,16,0.9269381942537751,0.9707752777015101,0.046085137353154906,"[-0.07000000000000028, -0.03500000000000014]",0.07826237921249296
500,25,13,0.10721064507998408,16,15,0.0,0.0,0.0,False,15,16,,,,,
500,25,13,0.10721064507998408,16,16,0.0,0.0,0.0,False,14,16,,,,,
500,25,14,0.10494829266534826,30,0,1.0,0.7142857142857143,0.8333333333333334,True,42,30,0.7749965241401036,0.8099986096560414,0.14192526428867228,"[-0.18881010502622786, -0.08428944198963606]",0.20677032134941276
500,25,14,0.10494829266534826,30,1,0.0,0.0,0.0,False,39,30,,,,,
500,25,14,0.10494829266534826,30,2,0.0,0.0,0.0,False,33,30,,,,,
500,25,14,0.10494829266534826,30,3,0.0,0.0,0.0,False,26,30,,,,,
500,25,14,0.10494829266534826,30,4,0.0,0.0,0.0,False,25,30,,,,,
500,25,14,0.10494829266534826,30,5,0.0,0.0,0.0,False,24,30,,,,,
500,25,14,0.10494829266534826,30,6,0.0,0.0,0.0,False,23,30,,,,,
500,25,14,0.10494829266534826,30,7,0.0,0.0,0.0,False,20,30,,,,,
500,25,14,0.10494829266534826,30,8,0.0,0.0,0.0,False,19,30,,,,,
500,25,14,0.10494829266534826,30,9,0.0,0.0,0.0,False,18,30,,,,,
500,25,14,0.10494829266534826,30,10,0.0,0.0,0.0,False,17,30,,,,,
500,25,14,0.10494829266534826,30,11,0.0,0.0,0.0,False,16,30,,,,,
500,25,14,0.10494829266534826,30,12,0.0,0.0,0.0,False,16,30,,,,,
500,25,14,0.10494829266534826,30,13,0.0,0.0,0.0,False,16,30,,,,,
500,25,14,0.10494829266534826,30,14,0.0,0.0,0.0,False,16,30,,,,,
500,25,14,0.10494829266534826,30,15,0.0,0.0,0.0,False,15,30,,,,,
500,25,14,0.10494829266534826,30,16,0.0,0.0,0.0,False,14,30,,,,,
500,25,15,0.09259148040788885,16,0,0.3125,0.11904761904761904,0.1724137931034483,True,42,16,0.27727161585328264,0.21435692220338204,0.4558748105421163,"[6.647142395109553, -1.6716167526851073]",6.854108591838932
500,25,15,0.09259148040788885,16,1,0.0,0.0,0.0,False,39,16,,,,,
500,25,15,0.09259148040788885,16,2,0.0,0.0,0.0,False,33,16,,,,,
500,25,15,0.09259148040788885,16,3,0.0,0.0,0.0,False,26,16,,,,,
500,25,15,0.09259148040788885,16,4,0.0,0.0,0.0,False,25,16,,,,,
500,25,15,0.09259148040788885,16,5,0.0,0.0,0.0,False,24,16,,,,,
500,25,15,0.09259148040788885,16,6,0.0,0.0,0.0,False,23,16,,,,,
500,25,15,0.09259148040788885,16,7,0.0,0.0,0.0,False,20,16,,,,,
500,25,15,0.09259148040788885,16,8,0.0,0.0,0.0,False,19,16,,,,,
500,25,15,0.09259148040788885,16,9,0.0,0.0,0.0,False,18,16,,,,,
500,25,15,0.09259148040788885,16,10,0.0,0.0,0.0,False,17,16,,,,,
500,25,15,0.09259148040788885,16,11,0.0,0.0,0.0,False,16,16,,,,,
500,25,15,0.09259148040788885,16,12,0.0,0.0,0.0,False,16,16,,,,,
500,25,15,0.09259148040788885,16,13,0.0,0.0,0.0,False,16,16,,,,,
500,25,15,0.09259148040788885,16,14,0.0,0.0,0.0,False,16,16,,,,,
500,25,15,0.09259148040788885,16,15,0.0,0.0,0.0,False,15,16,,,,,
500,25,15,0.09259148040788885,16,16,0.0,0.0,0.0,False,14,16,,,,,
500,25,16,0.053517132765861855,23,0,0.0,0.0,0.0,False,42,23,,,,,
500,25,16,0.053517132765861855,23,1,0.0,0.0,0.0,False,39,23,,,,,
500,25,16,0.053517132765861855,23,2,0.0,0.0,0.0,False,33,23,,,,,
500,25,16,0.053517132765861855,23,3,0.0,0.0,0.0,False,26,23,,,,,
500,25,16,0.053517132765861855,23,4,0.0,0.0,0.0,False,25,23,,,,,
500,25,16,0.053517132765861855,23,5,0.0,0.0,0.0,False,24,23,,,,,
500,25,16,0.053517132765861855,23,6,1.0,1.0,1.0,True,23,23,0.8493608698868937,0.9397443479547575,0.09501852481083775,"[-0.07304347826086932, 0.0852173913043508]",0.11223793252356769
500,25,16,0.053517132765861855,23,7,0.0,0.0,0.0,False,20,23,,,,,
500,25,16,0.053517132765861855,23,8,0.0,0.0,0.0,False,19,23,,,,,
500,25,16,0.053517132765861855,23,9,0.0,0.0,0.0,False,18,23,,,,,
500,25,16,0.053517132765861855,23,10,0.0,0.0,0.0,False,17,23,,,,,
500,25,16,0.053517132765861855,23,11,0.0,0.0,0.0,False,16,23,,,,,
500,25,16,0.053517132765861855,23,12,0.0,0.0,0.0,False,16,23,,,,,
500,25,16,0.053517132765861855,23,13,0.0,0.0,0.0,False,16,23,,,,,
500,25,16,0.053517132765861855,23,14,0.0,0.0,0.0,False,16,23,,,,,
500,25,16,0.053517132765861855,23,15,0.0,0.0,0.0,False,15,23,,,,,
500,25,16,0.053517132765861855,23,16,0.0,0.0,0.0,False,14,23,,,,,
500,26,2,0.4028377416159455,17,0,0.0,0.0,0.0,False,46,17,,,,,
500,26,2,0.4028377416159455,17,1,0.0,0.0,0.0,False,37,17,,,,,
500,26,2,0.4028377416159455,17,2,0.0,0.0,0.0,False,35,17,,,,,
500,26,2,0.4028377416159455,17,3,0.0,0.0,0.0,False,32,17,,,,,
500,26,2,0.4028377416159455,17,4,0.0,0.0,0.0,False,29,17,,,,,
500,26,2,0.4028377416159455,17,5,0.0,0.0,0.0,False,25,17,,,,,
500,26,2,0.4028377416159455,17,6,0.0,0.0,0.0,False,24,17,,,,,
500,26,2,0.4028377416159455,17,7,0.0,0.0,0.0,False,24,17,,,,,
500,26,2,0.4028377416159455,17,8,0.0,0.0,0.0,False,23,17,,,,,
500,26,2,0.4028377416159455,17,9,0.0,0.0,0.0,False,19,17,,,,,
500,26,2,0.4028377416159455,17,10,0.0,0.0,0.0,False,17,17,,,,,
500,26,2,0.4028377416159455,17,11,1.0,1.0,1.0,True,17,17,0.8213601249976072,0.9285440499990429,0.11268053249095994,"[0.04941176470588182, -0.03294117647058803]",0.059385550419406324
500,26,2,0.4028377416159455,17,12,0.0,0.0,0.0,False,16,17,,,,,
500,26,2,0.4028377416159455,17,13,0.0,0.0,0.0,False,16,17,,,,,
500,26,2,0.4028377416159455,17,14,0.0,0.0,0.0,False,16,17,,,,,
500,26,2,0.4028377416159455,17,15,0.0,0.0,0.0,False,13,17,,,,,
500,26,12,0.23889470746497146,26,0,0.0,0.0,0.0,False,46,26,,,,,
500,26,12,0.23889470746497146,26,1,0.0,0.0,0.0,False,37,26,,,,,
500,26,12,0.23889470746497146,26,2,0.0,0.0,0.0,False,35,26,,,,,
500,26,12,0.23889470746497146,26,3,0.0,0.0,0.0,False,32,26,,,,,
500,26,12,0.23889470746497146,26,4,1.0,0.896551724137931,0.9454545454545454,True,29,26,0.7803681109290603,0.8794199716443514,0.138537032743543,"[-0.026144145133056185, 0.055053661390122244]",0.06094605776583537
500,26,12,0.23889470746497146,26,5,0.0,0.0,0.0,False,25,26,,,,,
500,26,12,0.23889470746497146,26,6,0.0,0.0,0.0,False,24,26,,,,,
500,26,12,0.23889470746497146,26,7,0.0,0.0,0.0,False,24,26,,,,,
500,26,12,0.23889470746497146,26,8,0.0,0.0,0.0,False,23,26,,,,,
500,26,12,0.23889470746497146,26,9,0.0,0.0,0.0,False,19,26,,,,,
500,26,12,0.23889470746497146,26,10,0.0,0.0,0.0,False,17,26,,,,,
500,26,12,0.23889470746497146,26,11,0.0,0.0,0.0,False,17,26,,,,,
500,26,12,0.23889470746497146,26,12,0.0,0.0,0.0,False,16,26,,,,,
500,26,12,0.23889470746497146,26,13,0.0,0.0,0.0,False,16,26,,,,,
500,26,12,0.23889470746497146,26,14,0.0,0.0,0.0,False,16,26,,,,,
500,26,12,0.23889470746497146,26,15,0.0,0.0,0.0,False,13,26,,,,,
500,26,13,0.10721064507998408,16,0,0.0,0.0,0.0,False,46,16,,,,,
500,26,13,0.10721064507998408,16,1,0.0,0.0,0.0,False,37,16,,,,,
500,26,13,0.10721064507998408,16,2,0.0,0.0,0.0,False,35,16,,,,,
500,26,13,0.10721064507998408,16,3,0.0,0.0,0.0,False,32,16,,,,,
500,26,13,0.10721064507998408,16,4,0.0,0.0,0.0,False,29,16,,,,,
500,26,13,0.10721064507998408,16,5,0.0,0.0,0.0,False,25,16,,,,,
500,26,13,0.10721064507998408,16,6,0.0,0.0,0.0,False,24,16,,,,,
500,26,13,0.10721064507998408,16,7,0.0,0.0,0.0,False,24,16,,,,,
500,26,13,0.10721064507998408,16,8,0.0,0.0,0.0,False,23,16,,,,,
500,26,13,0.10721064507998408,16,9,0.0,0.0,0.0,False,19,16,,,,,
500,26,13,0.10721064507998408,16,10,0.0,0.0,0.0,False,17,16,,,,,
500,26,13,0.10721064507998408,16,11,0.0,0.0,0.0,False,17,16,,,,,
500,26,13,0.10721064507998408,16,12,0.0,0.0,0.0,False,16,16,,,,,
500,26,13,0.10721064507998408,16,13,1.0,1.0,1.0,True,16,16,0.7520279945073209,0.9008111978029284,0.15641310553644341,"[-0.07000000000000028, -0.07000000000000028]",0.09899494936611705
500,26,13,0.10721064507998408,16,14,0.0,0.0,0.0,False,16,16,,,,,
500,26,13,0.10721064507998408,16,15,0.0,0.0,0.0,False,13,16,,,,,
500,26,14,0.10494829266534826,42,0,0.0,0.0,0.0,False,46,42,,,,,
500,26,14,0.10494829266534826,42,1,0.0,0.0,0.0,False,37,42,,,,,
500,26,14,0.10494829266534826,42,2,0.8333333333333334,1.0,0.9090909090909091,True,35,42,0.7558414847704493,0.8477911393627251,0.15400767330305962,"[-0.25434312099335976, 0.02201076529512136]",0.25529374646771075
500,26,14,0.10494829266534826,42,3,0.16666666666666666,0.21875,0.1891891891891892,False,32,42,,,,,
500,26,14,0.10494829266534826,42,4,0.0,0.0,0.0,False,29,42,,,,,
500,26,14,0.10494829266534826,42,5,0.0,0.0,0.0,False,25,42,,,,,
500,26,14,0.10494829266534826,42,6,0.0,0.0,0.0,False,24,42,,,,,
500,26,14,0.10494829266534826,42,7,0.0,0.0,0.0,False,24,42,,,,,
500,26,14,0.10494829266534826,42,8,0.0,0.0,0.0,False,23,42,,,,,
500,26,14,0.10494829266534826,42,9,0.0,0.0,0.0,False,19,42,,,,,
500,26,14,0.10494829266534826,42,10,0.0,0.0,0.0,False,17,42,,,,,
500,26,14,0.10494829266534826,42,11,0.0,0.0,0.0,False,17,42,,,,,
500,26,14,0.10494829266534826,42,12,0.0,0.0,0.0,False,16,42,,,,,
500,26,14,0.10494829266534826,42,13,0.0,0.0,0.0,False,16,42,,,,,
500,26,14,0.10494829266534826,42,14,0.0,0.0,0.0,False,16,42,,,,,
500,26,14,0.10494829266534826,42,15,0.0,0.0,0.0,False,13,42,,,,,
500,26,15,0.09259148040788885,42,0,0.0,0.0,0.0,False,46,42,,,,,
500,26,15,0.09259148040788885,42,1,0.0,0.0,0.0,False,37,42,,,,,
500,26,15,0.09259148040788885,42,2,0.8333333333333334,1.0,0.9090909090909091,True,35,42,0.7558414847704493,0.8477911393627251,0.15400767330305962,"[-0.25434312099335976, 0.02201076529512136]",0.25529374646771075
500,26,15,0.09259148040788885,42,3,0.16666666666666666,0.21875,0.1891891891891892,False,32,42,,,,,
500,26,15,0.09259148040788885,42,4,0.0,0.0,0.0,False,29,42,,,,,
500,26,15,0.09259148040788885,42,5,0.0,0.0,0.0,False,25,42,,,,,
500,26,15,0.09259148040788885,42,6,0.0,0.0,0.0,False,24,42,,,,,
500,26,15,0.09259148040788885,42,7,0.0,0.0,0.0,False,24,42,,,,,
500,26,15,0.09259148040788885,42,8,0.0,0.0,0.0,False,23,42,,,,,
500,26,15,0.09259148040788885,42,9,0.0,0.0,0.0,False,19,42,,,,,
500,26,15,0.09259148040788885,42,10,0.0,0.0,0.0,False,17,42,,,,,
500,26,15,0.09259148040788885,42,11,0.0,0.0,0.0,False,17,42,,,,,
500,26,15,0.09259148040788885,42,12,0.0,0.0,0.0,False,16,42,,,,,
500,26,15,0.09259148040788885,42,13,0.0,0.0,0.0,False,16,42,,,,,
500,26,15,0.09259148040788885,42,14,0.0,0.0,0.0,False,16,42,,,,,
500,26,15,0.09259148040788885,42,15,0.0,0.0,0.0,False,13,42,,,,,
500,26,16,0.053517132765861855,23,0,0.0,0.0,0.0,False,46,23,,,,,
500,26,16,0.053517132765861855,23,1,0.0,0.0,0.0,False,37,23,,,,,
500,26,16,0.053517132765861855,23,2,0.0,0.0,0.0,False,35,23,,,,,
500,26,16,0.053517132765861855,23,3,0.0,0.0,0.0,False,32,23,,,,,
500,26,16,0.053517132765861855,23,4,0.0,0.0,0.0,False,29,23,,,,,
500,26,16,0.053517132765861855,23,5,0.0,0.0,0.0,False,25,23,,,,,
500,26,16,0.053517132765861855,23,6,0.0,0.0,0.0,False,24,23,,,,,
500,26,16,0.053517132765861855,23,7,0.0,0.0,0.0,False,24,23,,,,,
500,26,16,0.053517132765861855,23,8,1.0,1.0,1.0,True,23,23,0.8586302806418883,0.9434521122567553,0.08917166592932414,"[-0.08521739130434813, 0.09739130434782695]",0.12941047076372703
500,26,16,0.053517132765861855,23,9,0.0,0.0,0.0,False,19,23,,,,,
500,26,16,0.053517132765861855,23,10,0.0,0.0,0.0,False,17,23,,,,,
500,26,16,0.053517132765861855,23,11,0.0,0.0,0.0,False,17,23,,,,,
500,26,16,0.053517132765861855,23,12,0.0,0.0,0.0,False,16,23,,,,,
500,26,16,0.053517132765861855,23,13,0.0,0.0,0.0,False,16,23,,,,,
500,26,16,0.053517132765861855,23,14,0.0,0.0,0.0,False,16,23,,,,,
500,26,16,0.053517132765861855,23,15,0.0,0.0,0.0,False,13,23,,,,,
500,27,2,0.4028377416159455,17,0,0.0,0.0,0.0,False,45,17,,,,,
500,27,2,0.4028377416159455,17,1,0.0,0.0,0.0,False,39,17,,,,,
500,27,2,0.4028377416159455,17,2,0.0,0.0,0.0,False,31,17,,,,,
500,27,2,0.4028377416159455,17,3,0.0,0.0,0.0,False,30,17,,,,,
500,27,2,0.4028377416159455,17,4,0.8235294117647058,0.4827586206896552,0.6086956521739131,True,29,17,0.49739936145423946,0.5641771358860437,0.31702500676780143,"[0.9640500091688224, 0.20075815137697695]",0.9847315652108994
500,27,2,0.4028377416159455,17,5,0.17647058823529413,0.11538461538461539,0.13953488372093023,False,26,17,,,,,
500,27,2,0.4028377416159455,17,6,0.0,0.0,0.0,False,25,17,,,,,
500,27,2,0.4028377416159455,17,7,0.0,0.0,0.0,False,24,17,,,,,
500,27,2,0.4028377416159455,17,8,0.0,0.0,0.0,False,23,17,,,,,
500,27,2,0.4028377416159455,17,9,0.0,0.0,0.0,False,22,17,,,,,
500,27,2,0.4028377416159455,17,10,0.0,0.0,0.0,False,19,17,,,,,
500,27,2,0.4028377416159455,17,11,0.0,0.0,0.0,False,18,17,,,,,
500,27,2,0.4028377416159455,17,12,0.0,0.0,0.0,False,16,17,,,,,
500,27,2,0.4028377416159455,17,13,0.0,0.0,0.0,False,16,17,,,,,
500,27,2,0.4028377416159455,17,14,0.0,0.0,0.0,False,14,17,,,,,
500,27,2,0.4028377416159455,17,15,0.0,0.0,0.0,False,13,17,,,,,
500,27,12,0.23889470746497146,29,0,0.0,0.0,0.0,False,45,29,,,,,
500,27,12,0.23889470746497146,29,1,0.0,0.0,0.0,False,39,29,,,,,
500,27,12,0.23889470746497146,29,2,0.0,0.0,0.0,False,31,29,,,,,
500,27,12,0.23889470746497146,29,3,1.0,0.9666666666666667,0.9830508474576272,True,30,29,0.8225869158392147,0.9188652748102621,0.11190671060329058,"[-0.1475821214289912, -0.024971469275040903]",0.1496798478193902
500,27,12,0.23889470746497146,29,4,0.0,0.0,0.0,False,29,29,,,,,
500,27,12,0.23889470746497146,29,5,0.0,0.0,0.0,False,26,29,,,,,
500,27,12,0.23889470746497146,29,6,0.0,0.0,0.0,False,25,29,,,,,
500,27,12,0.23889470746497146,29,7,0.0,0.0,0.0,False,24,29,,,,,
500,27,12,0.23889470746497146,29,8,0.0,0.0,0.0,False,23,29,,,,,
500,27,12,0.23889470746497146,29,9,0.0,0.0,0.0,False,22,29,,,,,
500,27,12,0.23889470746497146,29,10,0.0,0.0,0.0,False,19,29,,,,,
500,27,12,0.23889470746497146,29,11,0.0,0.0,0.0,False,18,29,,,,,
500,27,12,0.23889470746497146,29,12,0.0,0.0,0.0,False,16,29,,,,,
500,27,12,0.23889470746497146,29,13,0.0,0.0,0.0,False,16,29,,,,,
500,27,12,0.23889470746497146,29,14,0.0,0.0,0.0,False,14,29,,,,,
500,27,12,0.23889470746497146,29,15,0.0,0.0,0.0,False,13,29,,,,,
500,27,13,0.10721064507998408,16,0,0.0,0.0,0.0,False,45,16,,,,,
500,27,13,0.10721064507998408,16,1,0.0,0.0,0.0,False,39,16,,,,,
500,27,13,0.10721064507998408,16,2,0.0,0.0,0.0,False,31,16,,,,,
500,27,13,0.10721064507998408,16,3,0.0,0.0,0.0,False,30,16,,,,,
500,27,13,0.10721064507998408,16,4,0.0,0.0,0.0,False,29,16,,,,,
500,27,13,0.10721064507998408,16,5,0.0,0.0,0.0,False,26,16,,,,,
500,27,13,0.10721064507998408,16,6,0.0,0.0,0.0,False,25,16,,,,,
500,27,13,0.10721064507998408,16,7,0.0,0.0,0.0,False,24,16,,,,,
500,27,13,0.10721064507998408,16,8,0.0,0.0,0.0,False,23,16,,,,,
500,27,13,0.10721064507998408,16,9,0.0,0.0,0.0,False,22,16,,,,,
500,27,13,0.10721064507998408,16,10,0.0,0.0,0.0,False,19,16,,,,,
500,27,13,0.10721064507998408,16,11,0.0,0.0,0.0,False,18,16,,,,,
500,27,13,0.10721064507998408,16,12,1.0,1.0,1.0,True,16,16,0.79869651044508,0.9194786041780321,0.12697604269501944,"[-0.15749999999999886, -0.05250000000000021]",0.16601957715883892
500,27,13,0.10721064507998408,16,13,0.0,0.0,0.0,False,16,16,,,,,
500,27,13,0.10721064507998408,16,14,0.0,0.0,0.0,False,14,16,,,,,
500,27,13,0.10721064507998408,16,15,0.0,0.0,0.0,False,13,16,,,,,
500,27,14,0.10494829266534826,35,0,0.0,0.0,0.0,False,45,35,,,,,
500,27,14,0.10494829266534826,35,1,0.0,0.0,0.0,False,39,35,,,,,
500,27,14,0.10494829266534826,35,2,0.02857142857142857,0.03225806451612903,0.030303030303030304,False,31,35,,,,,
500,27,14,0.10494829266534826,35,3,0.0,0.0,0.0,False,30,35,,,,,
500,27,14,0.10494829266534826,35,4,0.0,0.0,0.0,False,29,35,,,,,
500,27,14,0.10494829266534826,35,5,0.0,0.0,0.0,False,26,35,,,,,
500,27,14,0.10494829266534826,35,6,0.0,0.0,0.0,False,25,35,,,,,
500,27,14,0.10494829266534826,35,7,0.0,0.0,0.0,False,24,35,,,,,
500,27,14,0.10494829266534826,35,8,0.34285714285714286,0.5217391304347826,0.41379310344827586,True,23,35,0.45771653862138073,0.43136247751751783,0.3420557095013935,"[-3.388926561560748, 1.7387452097146152]",3.8089444921076856
500,27,14,0.10494829266534826,35,9,0.6285714285714286,1.0,0.7719298245614035,True,22,35,0.741447369675694,0.7597368426071196,0.16308703788272852,"[0.15873591501538975, -0.3591393304055863]",0.3926552551029286
500,27,14,0.10494829266534826,35,10,0.0,0.0,0.0,False,19,35,,,,,
500,27,14,0.10494829266534826,35,11,0.0,0.0,0.0,False,18,35,,,,,
500,27,14,0.10494829266534826,35,12,0.0,0.0,0.0,False,16,35,,,,,
500,27,14,0.10494829266534826,35,13,0.0,0.0,0.0,False,16,35,,,,,
500,27,14,0.10494829266534826,35,14,0.0,0.0,0.0,False,14,35,,,,,
500,27,14,0.10494829266534826,35,15,0.0,0.0,0.0,False,13,35,,,,,
500,27,15,0.09259148040788885,35,0,0.0,0.0,0.0,False,45,35,,,,,
500,27,15,0.09259148040788885,35,1,0.0,0.0,0.0,False,39,35,,,,,
500,27,15,0.09259148040788885,35,2,0.02857142857142857,0.03225806451612903,0.030303030303030304,False,31,35,,,,,
500,27,15,0.09259148040788885,35,3,0.0,0.0,0.0,False,30,35,,,,,
500,27,15,0.09259148040788885,35,4,0.0,0.0,0.0,False,29,35,,,,,
500,27,15,0.09259148040788885,35,5,0.0,0.0,0.0,False,26,35,,,,,
500,27,15,0.09259148040788885,35,6,0.0,0.0,0.0,False,25,35,,,,,
500,27,15,0.09259148040788885,35,7,0.0,0.0,0.0,False,24,35,,,,,
500,27,15,0.09259148040788885,35,8,0.34285714285714286,0.5217391304347826,0.41379310344827586,True,23,35,0.45771653862138073,0.43136247751751783,0.3420557095013935,"[-3.388926561560748, 1.7387452097146152]",3.8089444921076856
500,27,15,0.09259148040788885,35,9,0.6285714285714286,1.0,0.7719298245614035,True,22,35,0.741447369675694,0.7597368426071196,0.16308703788272852,"[0.15873591501538975, -0.3591393304055863]",0.3926552551029286
500,27,15,0.09259148040788885,35,10,0.0,0.0,0.0,False,19,35,,,,,
500,27,15,0.09259148040788885,35,11,0.0,0.0,0.0,False,18,35,,,,,
500,27,15,0.09259148040788885,35,12,0.0,0.0,0.0,False,16,35,,,,,
500,27,15,0.09259148040788885,35,13,0.0,0.0,0.0,False,16,35,,,,,
500,27,15,0.09259148040788885,35,14,0.0,0.0,0.0,False,14,35,,,,,
500,27,15,0.09259148040788885,35,15,0.0,0.0,0.0,False,13,35,,,,,
500,27,16,0.053517132765861855,23,0,0.0,0.0,0.0,False,45,23,,,,,
500,27,16,0.053517132765861855,23,1,0.0,0.0,0.0,False,39,23,,,,,
500,27,16,0.053517132765861855,23,2,0.0,0.0,0.0,False,31,23,,,,,
500,27,16,0.053517132765861855,23,3,0.0,0.0,0.0,False,30,23,,,,,
500,27,16,0.053517132765861855,23,4,0.0,0.0,0.0,False,29,23,,,,,
500,27,16,0.053517132765861855,23,5,1.0,0.8846153846153846,0.9387755102040817,True,26,23,0.7746368901132188,0.8731200621677365,0.14215211035901745,"[0.10304570117641187, -0.13836542910490834]",0.17252074803432713
500,27,16,0.053517132765861855,23,6,0.0,0.0,0.0,False,25,23,,,,,
500,27,16,0.053517132765861855,23,7,0.0,0.0,0.0,False,24,23,,,,,
500,27,16,0.053517132765861855,23,8,0.0,0.0,0.0,False,23,23,,,,,
500,27,16,0.053517132765861855,23,9,0.0,0.0,0.0,False,22,23,,,,,
500,27,16,0.053517132765861855,23,10,0.0,0.0,0.0,False,19,23,,,,,
500,27,16,0.053517132765861855,23,11,0.0,0.0,0.0,False,18,23,,,,,
500,27,16,0.053517132765861855,23,12,0.0,0.0,0.0,False,16,23,,,,,
500,27,16,0.053517132765861855,23,13,0.0,0.0,0.0,False,16,23,,,,,
500,27,16,0.053517132765861855,23,14,0.0,0.0,0.0,False,14,23,,,,,
500,27,16,0.053517132765861855,23,15,0.0,0.0,0.0,False,13,23,,,,,
500,28,2,0.42043685358899846,29,0,0.0,0.0,0.0,False,47,29,,,,,
500,28,2,0.42043685358899846,29,1,0.0,0.0,0.0,False,35,29,,,,,
500,28,2,0.42043685358899846,29,2,0.0,0.0,0.0,False,33,29,,,,,
500,28,2,0.42043685358899846,29,3,0.0,0.0,0.0,False,31,29,,,,,
500,28,2,0.42043685358899846,29,4,0.9655172413793104,1.0,0.9824561403508771,True,28,29,0.8240042149108923,0.9190753701748832,0.11101272199020279,"[0.1758940685374757, -0.09297081587676326]",0.1989529993527547
500,28,2,0.42043685358899846,29,5,0.034482758620689655,0.037037037037037035,0.03571428571428571,False,27,29,,,,,
500,28,2,0.42043685358899846,29,6,0.0,0.0,0.0,False,26,29,,,,,
500,28,2,0.42043685358899846,29,7,0.0,0.0,0.0,False,24,29,,,,,
500,28,2,0.42043685358899846,29,8,0.0,0.0,0.0,False,23,29,,,,,
500,28,2,0.42043685358899846,29,9,0.0,0.0,0.0,False,22,29,,,,,
500,28,2,0.42043685358899846,29,10,0.0,0.0,0.0,False,19,29,,,,,
500,28,2,0.42043685358899846,29,11,0.0,0.0,0.0,False,19,29,,,,,
500,28,2,0.42043685358899846,29,12,0.0,0.0,0.0,False,17,29,,,,,
500,28,2,0.42043685358899846,29,13,0.0,0.0,0.0,False,16,29,,,,,
500,28,2,0.42043685358899846,29,14,0.0,0.0,0.0,False,13,29,,,,,
500,28,12,0.24933150191620754,30,0,0.0,0.0,0.0,False,47,30,,,,,
500,28,12,0.24933150191620754,30,1,0.0,0.0,0.0,False,35,30,,,,,
500,28,12,0.24933150191620754,30,2,0.13333333333333333,0.12121212121212122,0.12698412698412698,False,33,30,,,,,
500,28,12,0.24933150191620754,30,3,0.0,0.0,0.0,False,31,30,,,,,
500,28,12,0.24933150191620754,30,4,0.0,0.0,0.0,False,28,30,,,,,
500,28,12,0.24933150191620754,30,5,0.0,0.0,0.0,False,27,30,,,,,
500,28,12,0.24933150191620754,30,6,0.8666666666666667,1.0,0.9285714285714286,True,26,30,0.797537135151994,0.8761577112036547,0.1277073409305341,"[-0.0955045026687209, -0.019312961345850255]",0.0974376749822471
500,28,12,0.24933150191620754,30,7,0.0,0.0,0.0,False,24,30,,,,,
500,28,12,0.24933150191620754,30,8,0.0,0.0,0.0,False,23,30,,,,,
500,28,12,0.24933150191620754,30,9,0.0,0.0,0.0,False,22,30,,,,,
500,28,12,0.24933150191620754,30,10,0.0,0.0,0.0,False,19,30,,,,,
500,28,12,0.24933150191620754,30,11,0.0,0.0,0.0,False,19,30,,,,,
500,28,12,0.24933150191620754,30,12,0.0,0.0,0.0,False,17,30,,,,,
500,28,12,0.24933150191620754,30,13,0.0,0.0,0.0,False,16,30,,,,,
500,28,12,0.24933150191620754,30,14,0.0,0.0,0.0,False,13,30,,,,,
500,28,13,0.11189444690028302,16,0,0.0,0.0,0.0,False,47,16,,,,,
500,28,13,0.11189444690028302,16,1,0.0,0.0,0.0,False,35,16,,,,,
500,28,13,0.11189444690028302,16,2,1.0,0.48484848484848486,0.6530612244897959,True,33,16,0.5656419211445569,0.6180935031517003,0.273979701432987,"[-0.25051959697628945, -0.17489358494444573]",0.3055287785526636
500,28,13,0.11189444690028302,16,3,0.0,0.0,0.0,False,31,16,,,,,
500,28,13,0.11189444690028302,16,4,0.0,0.0,0.0,False,28,16,,,,,
500,28,13,0.11189444690028302,16,5,0.0,0.0,0.0,False,27,16,,,,,
500,28,13,0.11189444690028302,16,6,0.0,0.0,0.0,False,26,16,,,,,
500,28,13,0.11189444690028302,16,7,0.0,0.0,0.0,False,24,16,,,,,
500,28,13,0.11189444690028302,16,8,0.0,0.0,0.0,False,23,16,,,,,
500,28,13,0.11189444690028302,16,9,0.0,0.0,0.0,False,22,16,,,,,
500,28,13,0.11189444690028302,16,10,0.0,0.0,0.0,False,19,16,,,,,
500,28,13,0.11189444690028302,16,11,0.0,0.0,0.0,False,19,16,,,,,
500,28,13,0.11189444690028302,16,12,0.0,0.0,0.0,False,17,16,,,,,
500,28,13,0.11189444690028302,16,13,0.0,0.0,0.0,False,16,16,,,,,
500,28,13,0.11189444690028302,16,14,0.0,0.0,0.0,False,13,16,,,,,
500,28,23,0.08632292110263184,22,0,0.0,0.0,0.0,False,47,22,,,,,
500,28,23,0.08632292110263184,22,1,1.0,0.6285714285714286,0.7719298245614035,True,35,22,0.6906410514699084,0.7394143153248054,0.19513409898404416,"[-0.19073591501538978, 0.34313933040558453]",0.3925873015622779
500,28,23,0.08632292110263184,22,2,0.0,0.0,0.0,False,33,22,,,,,
500,28,23,0.08632292110263184,22,3,0.0,0.0,0.0,False,31,22,,,,,
500,28,23,0.08632292110263184,22,4,0.0,0.0,0.0,False,28,22,,,,,
500,28,23,0.08632292110263184,22,5,0.0,0.0,0.0,False,27,22,,,,,
500,28,23,0.08632292110263184,22,6,0.0,0.0,0.0,False,26,22,,,,,
500,28,23,0.08632292110263184,22,7,0.0,0.0,0.0,False,24,22,,,,,
500,28,23,0.08632292110263184,22,8,0.0,0.0,0.0,False,23,22,,,,,
500,28,23,0.08632292110263184,22,9,0.0,0.0,0.0,False,22,22,,,,,
500,28,23,0.08632292110263184,22,10,0.0,0.0,0.0,False,19,22,,,,,
500,28,23,0.08632292110263184,22,11,0.0,0.0,0.0,False,19,22,,,,,
500,28,23,0.08632292110263184,22,12,0.0,0.0,0.0,False,17,22,,,,,
500,28,23,0.08632292110263184,22,13,0.0,0.0,0.0,False,16,22,,,,,
500,28,23,0.08632292110263184,22,14,0.0,0.0,0.0,False,13,22,,,,,
500,28,25,0.0761590956368661,22,0,0.0,0.0,0.0,False,47,22,,,,,
500,28,25,0.0761590956368661,22,1,1.0,0.6285714285714286,0.7719298245614035,True,35,22,0.6906410514699084,0.7394143153248054,0.19513409898404416,"[-0.19073591501538978, 0.34313933040558453]",0.3925873015622779
500,28,25,0.0761590956368661,22,2,0.0,0.0,0.0,False,33,22,,,,,
500,28,25,0.0761590956368661,22,3,0.0,0.0,0.0,False,31,22,,,,,
500,28,25,0.0761590956368661,22,4,0.0,0.0,0.0,False,28,22,,,,,
500,28,25,0.0761590956368661,22,5,0.0,0.0,0.0,False,27,22,,,,,
500,28,25,0.0761590956368661,22,6,0.0,0.0,0.0,False,26,22,,,,,
500,28,25,0.0761590956368661,22,7,0.0,0.0,0.0,False,24,22,,,,,
500,28,25,0.0761590956368661,22,8,0.0,0.0,0.0,False,23,22,,,,,
500,28,25,0.0761590956368661,22,9,0.0,0.0,0.0,False,22,22,,,,,
500,28,25,0.0761590956368661,22,10,0.0,0.0,0.0,False,19,22,,,,,
500,28,25,0.0761590956368661,22,11,0.0,0.0,0.0,False,19,22,,,,,
500,28,25,0.0761590956368661,22,12,0.0,0.0,0.0,False,17,22,,,,,
500,28,25,0.0761590956368661,22,13,0.0,0.0,0.0,False,16,22,,,,,
500,28,25,0.0761590956368661,22,14,0.0,0.0,0.0,False,13,22,,,,,
500,28,16,0.05585518085501305,26,0,0.0,0.0,0.0,False,47,26,,,,,
500,28,16,0.05585518085501305,26,1,0.0,0.0,0.0,False,35,26,,,,,
500,28,16,0.05585518085501305,26,2,0.0,0.0,0.0,False,33,26,,,,,
500,28,16,0.05585518085501305,26,3,0.0,0.0,0.0,False,31,26,,,,,
500,28,16,0.05585518085501305,26,4,0.0,0.0,0.0,False,28,26,,,,,
500,28,16,0.05585518085501305,26,5,1.0,0.9629629629629629,0.9811320754716981,True,27,26,0.7488080580775414,0.8882024685140354,0.15844414228839895,"[-0.04599914109343661, 0.07704298080088634]",0.0897303843300564
500,28,16,0.05585518085501305,26,6,0.0,0.0,0.0,False,26,26,,,,,
500,28,16,0.05585518085501305,26,7,0.0,0.0,0.0,False,24,26,,,,,
500,28,16,0.05585518085501305,26,8,0.0,0.0,0.0,False,23,26,,,,,
500,28,16,0.05585518085501305,26,9,0.0,0.0,0.0,False,22,26,,,,,
500,28,16,0.05585518085501305,26,10,0.0,0.0,0.0,False,19,26,,,,,
500,28,16,0.05585518085501305,26,11,0.0,0.0,0.0,False,19,26,,,,,
500,28,16,0.05585518085501305,26,12,0.0,0.0,0.0,False,17,26,,,,,
500,28,16,0.05585518085501305,26,13,0.0,0.0,0.0,False,16,26,,,,,
500,28,16,0.05585518085501305,26,14,0.0,0.0,0.0,False,13,26,,,,,
500,29,2,0.42043685358899846,28,0,0.0,0.0,0.0,False,46,28,,,,,
500,29,2,0.42043685358899846,28,1,0.0,0.0,0.0,False,38,28,,,,,
500,29,2,0.42043685358899846,28,2,0.0,0.0,0.0,False,31,28,,,,,
500,29,2,0.42043685358899846,28,3,1.0,0.9655172413793104,0.9824561403508771,True,29,28,0.8570312921730449,0.9322862010797442,0.09018025861958306,"[0.10251291168453314, -0.1551565683743148]",0.18596359259740686
500,29,2,0.42043685358899846,28,4,0.0,0.0,0.0,False,27,28,,,,,
500,29,2,0.42043685358899846,28,5,0.0,0.0,0.0,False,27,28,,,,,
500,29,2,0.42043685358899846,28,6,0.0,0.0,0.0,False,26,28,,,,,
500,29,2,0.42043685358899846,28,7,0.0,0.0,0.0,False,25,28,,,,,
500,29,2,0.42043685358899846,28,8,0.0,0.0,0.0,False,22,28,,,,,
500,29,2,0.42043685358899846,28,9,0.0,0.0,0.0,False,19,28,,,,,
500,29,2,0.42043685358899846,28,10,0.0,0.0,0.0,False,18,28,,,,,
500,29,2,0.42043685358899846,28,11,0.0,0.0,0.0,False,18,28,,,,,
500,29,2,0.42043685358899846,28,12,0.0,0.0,0.0,False,18,28,,,,,
500,29,2,0.42043685358899846,28,13,0.0,0.0,0.0,False,16,28,,,,,
500,29,2,0.42043685358899846,28,14,0.0,0.0,0.0,False,16,28,,,,,
500,29,2,0.42043685358899846,28,15,0.0,0.0,0.0,False,14,28,,,,,
500,29,12,0.24933150191620754,26,0,0.0,0.0,0.0,False,46,26,,,,,
500,29,12,0.24933150191620754,26,1,0.0,0.0,0.0,False,38,26,,,,,
500,29,12,0.24933150191620754,26,2,0.0,0.0,0.0,False,31,26,,,,,
500,29,12,0.24933150191620754,26,3,0.0,0.0,0.0,False,29,26,,,,,
500,29,12,0.24933150191620754,26,4,0.0,0.0,0.0,False,27,26,,,,,
500,29,12,0.24933150191620754,26,5,1.0,0.9629629629629629,0.9811320754716981,True,27,26,0.8357485581883487,0.9229786685583583,0.10360475188138643,"[-0.03382738175036515, 0.09314927976943466]",0.09910136264274748
500,29,12,0.24933150191620754,26,6,0.0,0.0,0.0,False,26,26,,,,,
500,29,12,0.24933150191620754,26,7,0.0,0.0,0.0,False,25,26,,,,,
500,29,12,0.24933150191620754,26,8,0.0,0.0,0.0,False,22,26,,,,,
500,29,12,0.24933150191620754,26,9,0.0,0.0,0.0,False,19,26,,,,,
500,29,12,0.24933150191620754,26,10,0.0,0.0,0.0,False,18,26,,,,,
500,29,12,0.24933150191620754,26,11,0.0,0.0,0.0,False,18,26,,,,,
500,29,12,0.24933150191620754,26,12,0.0,0.0,0.0,False,18,26,,,,,
500,29,12,0.24933150191620754,26,13,0.0,0.0,0.0,False,16,26,,,,,
500,29,12,0.24933150191620754,26,14,0.0,0.0,0.0,False,16,26,,,,,
500,29,12,0.24933150191620754,26,15,0.0,0.0,0.0,False,14,26,,,,,
500,29,13,0.11189444690028302,33,0,0.0,0.0,0.0,False,46,33,,,,,
500,29,13,0.11189444690028302,33,1,0.0,0.0,0.0,False,38,33,,,,,
500,29,13,0.11189444690028302,33,2,0.0,0.0,0.0,False,31,33,,,,,
500,29,13,0.11189444690028302,33,3,0.0,0.0,0.0,False,29,33,,,,,
500,29,13,0.11189444690028302,33,4,0.0,0.0,0.0,False,27,33,,,,,
500,29,13,0.11189444690028302,33,5,0.0,0.0,0.0,False,27,33,,,,,
500,29,13,0.11189444690028302,33,6,0.5151515151515151,0.6538461538461539,0.576271186440678,True,26,33,0.5008851604634931,0.546116776049804,0.3148262720871267,"[-0.4941770884862011, 0.27655726635908984]",0.566299316934703
500,29,13,0.11189444690028302,33,7,0.0,0.0,0.0,False,25,33,,,,,
500,29,13,0.11189444690028302,33,8,0.0,0.0,0.0,False,22,33,,,,,
500,29,13,0.11189444690028302,33,9,0.0,0.0,0.0,False,19,33,,,,,
500,29,13,0.11189444690028302,33,10,0.0,0.0,0.0,False,18,33,,,,,
500,29,13,0.11189444690028302,33,11,0.0,0.0,0.0,False,18,33,,,,,
500,29,13,0.11189444690028302,33,12,0.0,0.0,0.0,False,18,33,,,,,
500,29,13,0.11189444690028302,33,13,0.48484848484848486,1.0,0.6530612244897959,True,16,33,0.5469059196641453,0.6105991025595356,0.2857977942498115,"[1.0230195969762903, 0.22739358494444595]",1.0479870887904195
500,29,13,0.11189444690028302,33,14,0.0,0.0,0.0,False,16,33,,,,,
500,29,13,0.11189444690028302,33,15,0.0,0.0,0.0,False,14,33,,,,,
500,29,23,0.08632292110263184,35,0,0.0,0.0,0.0,False,46,35,,,,,
500,29,23,0.08632292110263184,35,1,0.9714285714285714,0.8947368421052632,0.9315068493150684,True,38,35,0.7946120627775094,0.8767489347000448,0.12955238651583306,"[0.18982506057187543, 0.12910352241485867]",0.22956757854941123
500,29,23,0.08632292110263184,35,2,0.0,0.0,0.0,False,31,35,,,,,
500,29,23,0.08632292110263184,35,3,0.02857142857142857,0.034482758620689655,0.03125,False,29,35,,,,,
500,29,23,0.08632292110263184,35,4,0.0,0.0,0.0,False,27,35,,,,,
500,29,23,0.08632292110263184,35,5,0.0,0.0,0.0,False,27,35,,,,,
500,29,23,0.08632292110263184,35,6,0.0,0.0,0.0,False,26,35,,,,,
500,29,23,0.08632292110263184,35,7,0.0,0.0,0.0,False,25,35,,,,,
500,29,23,0.08632292110263184,35,8,0.0,0.0,0.0,False,22,35,,,,,
500,29,23,0.08632292110263184,35,9,0.0,0.0,0.0,False,19,35,,,,,
500,29,23,0.08632292110263184,35,10,0.0,0.0,0.0,False,18,35,,,,,
500,29,23,0.08632292110263184,35,11,0.0,0.0,0.0,False,18,35,,,,,
500,29,23,0.08632292110263184,35,12,0.0,0.0,0.0,False,18,35,,,,,
500,29,23,0.08632292110263184,35,13,0.0,0.0,0.0,False,16,35,,,,,
500,29,23,0.08632292110263184,35,14,0.0,0.0,0.0,False,16,35,,,,,
500,29,23,0.08632292110263184,35,15,0.0,0.0,0.0,False,14,35,,,,,
500,29,25,0.0761590956368661,35,0,0.0,0.0,0.0,False,46,35,,,,,
500,29,25,0.0761590956368661,35,1,0.9714285714285714,0.8947368421052632,0.9315068493150684,True,38,35,0.7946120627775094,0.8767489347000448,0.12955238651583306,"[0.18982506057187543, 0.12910352241485867]",0.22956757854941123
500,29,25,0.0761590956368661,35,2,0.0,0.0,0.0,False,31,35,,,,,
500,29,25,0.0761590956368661,35,3,0.02857142857142857,0.034482758620689655,0.03125,False,29,35,,,,,
500,29,25,0.0761590956368661,35,4,0.0,0.0,0.0,False,27,35,,,,,
500,29,25,0.0761590956368661,35,5,0.0,0.0,0.0,False,27,35,,,,,
500,29,25,0.0761590956368661,35,6,0.0,0.0,0.0,False,26,35,,,,,
500,29,25,0.0761590956368661,35,7,0.0,0.0,0.0,False,25,35,,,,,
500,29,25,0.0761590956368661,35,8,0.0,0.0,0.0,False,22,35,,,,,
500,29,25,0.0761590956368661,35,9,0.0,0.0,0.0,False,19,35,,,,,
500,29,25,0.0761590956368661,35,10,0.0,0.0,0.0,False,18,35,,,,,
500,29,25,0.0761590956368661,35,11,0.0,0.0,0.0,False,18,35,,,,,
500,29,25,0.0761590956368661,35,12,0.0,0.0,0.0,False,18,35,,,,,
500,29,25,0.0761590956368661,35,13,0.0,0.0,0.0,False,16,35,,,,,
500,29,25,0.0761590956368661,35,14,0.0,0.0,0.0,False,16,35,,,,,
500,29,25,0.0761590956368661,35,15,0.0,0.0,0.0,False,14,35,,,,,
500,29,16,0.05585518085501305,27,0,0.0,0.0,0.0,False,46,27,,,,,
500,29,16,0.05585518085501305,27,1,0.0,0.0,0.0,False,38,27,,,,,
500,29,16,0.05585518085501305,27,2,0.0,0.0,0.0,False,31,27,,,,,
500,29,16,0.05585518085501305,27,3,0.0,0.0,0.0,False,29,27,,,,,
500,29,16,0.05585518085501305,27,4,1.0,1.0,1.0,True,27,27,0.8840082171658042,0.9536032868663217,0.07316404500483388,"[-0.1555555555555559, -0.020740740740741614]",0.15693218022659436
500,29,16,0.05585518085501305,27,5,0.0,0.0,0.0,False,27,27,,,,,
500,29,16,0.05585518085501305,27,6,0.0,0.0,0.0,False,26,27,,,,,
500,29,16,0.05585518085501305,27,7,0.0,0.0,0.0,False,25,27,,,,,
500,29,16,0.05585518085501305,27,8,0.0,0.0,0.0,False,22,27,,,,,
500,29,16,0.05585518085501305,27,9,0.0,0.0,0.0,False,19,27,,,,,
500,29,16,0.05585518085501305,27,10,0.0,0.0,0.0,False,18,27,,,,,
500,29,16,0.05585518085501305,27,11,0.0,0.0,0.0,False,18,27,,,,,
500,29,16,0.05585518085501305,27,12,0.0,0.0,0.0,False,18,27,,,,,
500,29,16,0.05585518085501305,27,13,0.0,0.0,0.0,False,16,27,,,,,
500,29,16,0.05585518085501305,27,14,0.0,0.0,0.0,False,16,27,,,,,
500,29,16,0.05585518085501305,27,15,0.0,0.0,0.0,False,14,27,,,,,
500,30,2,0.4419936557773319,29,0,0.0,0.0,0.0,False,40,29,,,,,
500,30,2,0.4419936557773319,29,1,0.0,0.0,0.0,False,33,29,,,,,
500,30,2,0.4419936557773319,29,2,0.0,0.0,0.0,False,32,29,,,,,
500,30,2,0.4419936557773319,29,3,0.0,0.0,0.0,False,31,29,,,,,
500,30,2,0.4419936557773319,29,4,1.0,1.0,1.0,True,29,29,0.8555626327784961,0.9422250531113985,0.0911066437428563,"[0.05793103448275794, -0.08689655172413802]",0.10443665763412904
500,30,2,0.4419936557773319,29,5,0.0,0.0,0.0,False,29,29,,,,,
500,30,2,0.4419936557773319,29,6,0.0,0.0,0.0,False,27,29,,,,,
500,30,2,0.4419936557773319,29,7,0.0,0.0,0.0,False,27,29,,,,,
500,30,2,0.4419936557773319,29,8,0.0,0.0,0.0,False,26,29,,,,,
500,30,2,0.4419936557773319,29,9,0.0,0.0,0.0,False,22,29,,,,,
500,30,2,0.4419936557773319,29,10,0.0,0.0,0.0,False,19,29,,,,,
500,30,2,0.4419936557773319,29,11,0.0,0.0,0.0,False,17,29,,,,,
500,30,2,0.4419936557773319,29,12,0.0,0.0,0.0,False,16,29,,,,,
500,30,2,0.4419936557773319,29,13,0.0,0.0,0.0,False,15,29,,,,,
500,30,2,0.4419936557773319,29,14,0.0,0.0,0.0,False,14,29,,,,,
500,30,2,0.4419936557773319,29,15,0.0,0.0,0.0,False,13,29,,,,,
500,30,12,0.262115323839159,27,0,0.0,0.0,0.0,False,40,27,,,,,
500,30,12,0.262115323839159,27,1,0.0,0.0,0.0,False,33,27,,,,,
500,30,12,0.262115323839159,27,2,0.0,0.0,0.0,False,32,27,,,,,
500,30,12,0.262115323839159,27,3,0.0,0.0,0.0,False,31,27,,,,,
500,30,12,0.262115323839159,27,4,0.0,0.0,0.0,False,29,27,,,,,
500,30,12,0.262115323839159,27,5,0.0,0.0,0.0,False,29,27,,,,,
500,30,12,0.262115323839159,27,6,0.0,0.0,0.0,False,27,27,,,,,
500,30,12,0.262115323839159,27,7,1.0,1.0,1.0,True,27,27,0.8260804088145575,0.930432163525823,0.10970312280571869,"[-0.09333333333333371, -0.041481481481479676]",0.102136303129737
500,30,12,0.262115323839159,27,8,0.0,0.0,0.0,False,26,27,,,,,
500,30,12,0.262115323839159,27,9,0.0,0.0,0.0,False,22,27,,,,,
500,30,12,0.262115323839159,27,10,0.0,0.0,0.0,False,19,27,,,,,
500,30,12,0.262115323839159,27,11,0.0,0.0,0.0,False,17,27,,,,,
500,30,12,0.262115323839159,27,12,0.0,0.0,0.0,False,16,27,,,,,
500,30,12,0.262115323839159,27,13,0.0,0.0,0.0,False,15,27,,,,,
500,30,12,0.262115323839159,27,14,0.0,0.0,0.0,False,14,27,,,,,
500,30,12,0.262115323839159,27,15,0.0,0.0,0.0,False,13,27,,,,,
500,30,23,0.09074890355075385,38,0,1.0,0.95,0.9743589743589743,True,40,38,0.8566965442223272,0.9272940023043155,0.09039140731937148,"[0.12671005353340803, 0.11498627113030224]",0.1711060496151159
500,30,23,0.09074890355075385,38,1,0.0,0.0,0.0,False,33,38,,,,,
500,30,23,0.09074890355075385,38,2,0.0,0.0,0.0,False,32,38,,,,,
500,30,23,0.09074890355075385,38,3,0.0,0.0,0.0,False,31,38,,,,,
500,30,23,0.09074890355075385,38,4,0.0,0.0,0.0,False,29,38,,,,,
500,30,23,0.09074890355075385,38,5,0.0,0.0,0.0,False,29,38,,,,,
500,30,23,0.09074890355075385,38,6,0.0,0.0,0.0,False,27,38,,,,,
500,30,23,0.09074890355075385,38,7,0.0,0.0,0.0,False,27,38,,,,,
500,30,23,0.09074890355075385,38,8,0.0,0.0,0.0,False,26,38,,,,,
500,30,23,0.09074890355075385,38,9,0.0,0.0,0.0,False,22,38,,,,,
500,30,23,0.09074890355075385,38,10,0.0,0.0,0.0,False,19,38,,,,,
500,30,23,0.09074890355075385,38,11,0.0,0.0,0.0,False,17,38,,,,,
500,30,23,0.09074890355075385,38,12,0.0,0.0,0.0,False,16,38,,,,,
500,30,23,0.09074890355075385,38,13,0.0,0.0,0.0,False,15,38,,,,,
500,30,23,0.09074890355075385,38,14,0.0,0.0,0.0,False,14,38,,,,,
500,30,23,0.09074890355075385,38,15,0.0,0.0,0.0,False,13,38,,,,,
500,30,25,0.08006395446518183,38,0,1.0,0.95,0.9743589743589743,True,40,38,0.8566965442223272,0.9272940023043155,0.09039140731937148,"[0.12671005353340803, 0.11498627113030224]",0.1711060496151159
500,30,25,0.08006395446518183,38,1,0.0,0.0,0.0,False,33,38,,,,,
500,30,25,0.08006395446518183,38,2,0.0,0.0,0.0,False,32,38,,,,,
500,30,25,0.08006395446518183,38,3,0.0,0.0,0.0,False,31,38,,,,,
500,30,25,0.08006395446518183,38,4,0.0,0.0,0.0,False,29,38,,,,,
500,30,25,0.08006395446518183,38,5,0.0,0.0,0.0,False,29,38,,,,,
500,30,25,0.08006395446518183,38,6,0.0,0.0,0.0,False,27,38,,,,,
500,30,25,0.08006395446518183,38,7,0.0,0.0,0.0,False,27,38,,,,,
500,30,25,0.08006395446518183,38,8,0.0,0.0,0.0,False,26,38,,,,,
500,30,25,0.08006395446518183,38,9,0.0,0.0,0.0,False,22,38,,,,,
500,30,25,0.08006395446518183,38,10,0.0,0.0,0.0,False,19,38,,,,,
500,30,25,0.08006395446518183,38,11,0.0,0.0,0.0,False,17,38,,,,,
500,30,25,0.08006395446518183,38,12,0.0,0.0,0.0,False,16,38,,,,,
500,30,25,0.08006395446518183,38,13,0.0,0.0,0.0,False,15,38,,,,,
500,30,25,0.08006395446518183,38,14,0.0,0.0,0.0,False,14,38,,,,,
500,30,25,0.08006395446518183,38,15,0.0,0.0,0.0,False,13,38,,,,,
500,30,27,0.06635915291474163,16,0,0.0,0.0,0.0,False,40,16,,,,,
500,30,27,0.06635915291474163,16,1,0.0,0.0,0.0,False,33,16,,,,,
500,30,27,0.06635915291474163,16,2,0.0,0.0,0.0,False,32,16,,,,,
500,30,27,0.06635915291474163,16,3,0.0,0.0,0.0,False,31,16,,,,,
500,30,27,0.06635915291474163,16,4,0.0,0.0,0.0,False,29,16,,,,,
500,30,27,0.06635915291474163,16,5,0.0,0.0,0.0,False,29,16,,,,,
500,30,27,0.06635915291474163,16,6,0.0,0.0,0.0,False,27,16,,,,,
500,30,27,0.06635915291474163,16,7,0.0,0.0,0.0,False,27,16,,,,,
500,30,27,0.06635915291474163,16,8,0.0,0.0,0.0,False,26,16,,,,,
500,30,27,0.06635915291474163,16,9,0.0,0.0,0.0,False,22,16,,,,,
500,30,27,0.06635915291474163,16,10,0.0,0.0,0.0,False,19,16,,,,,
500,30,27,0.06635915291474163,16,11,0.0,0.0,0.0,False,17,16,,,,,
500,30,27,0.06635915291474163,16,12,1.0,1.0,1.0,True,16,16,0.8715455196114217,0.9486182078445686,0.08102513087204465,"[-0.08750000000000036, 0.08750000000000036]",0.12374368670764632
500,30,27,0.06635915291474163,16,13,0.0,0.0,0.0,False,15,16,,,,,
500,30,27,0.06635915291474163,16,14,0.0,0.0,0.0,False,14,16,,,,,
500,30,27,0.06635915291474163,16,15,0.0,0.0,0.0,False,13,16,,,,,
500,30,16,0.058719009452831795,27,0,0.0,0.0,0.0,False,40,27,,,,,
500,30,16,0.058719009452831795,27,1,0.0,0.0,0.0,False,33,27,,,,,
500,30,16,0.058719009452831795,27,2,0.0,0.0,0.0,False,32,27,,,,,
500,30,16,0.058719009452831795,27,3,0.0,0.0,0.0,False,31,27,,,,,
500,30,16,0.058719009452831795,27,4,0.0,0.0,0.0,False,29,27,,,,,
500,30,16,0.058719009452831795,27,5,0.0,0.0,0.0,False,29,27,,,,,
500,30,16,0.058719009452831795,27,6,1.0,1.0,1.0,True,27,27,0.8305322674464517,0.9322129069785807,0.10689502746189022,"[-0.12444444444444436, 0.010370370370370807]",0.12487579563192006
500,30,16,0.058719009452831795,27,7,0.0,0.0,0.0,False,27,27,,,,,
500,30,16,0.058719009452831795,27,8,0.0,0.0,0.0,False,26,27,,,,,
500,30,16,0.058719009452831795,27,9,0.0,0.0,0.0,False,22,27,,,,,
500,30,16,0.058719009452831795,27,10,0.0,0.0,0.0,False,19,27,,,,,
500,30,16,0.058719009452831795,27,11,0.0,0.0,0.0,False,17,27,,,,,
500,30,16,0.058719009452831795,27,12,0.0,0.0,0.0,False,16,27,,,,,
500,30,16,0.058719009452831795,27,13,0.0,0.0,0.0,False,15,27,,,,,
500,30,16,0.058719009452831795,27,14,0.0,0.0,0.0,False,14,27,,,,,
500,30,16,0.058719009452831795,27,15,0.0,0.0,0.0,False,13,27,,,,,
500,31,2,0.5330445123880446,29,0,0.0,0.0,0.0,False,42,29,,,,,
500,31,2,0.5330445123880446,29,1,0.0,0.0,0.0,False,38,29,,,,,
500,31,2,0.5330445123880446,29,2,1.0,0.8055555555555556,0.8923076923076924,True,36,29,0.729006368864612,0.8269871629304602,0.17093443811234915,"[-0.18852387853865338, 0.15845944463038641]",0.24627352348928505
500,31,2,0.5330445123880446,29,3,0.0,0.0,0.0,False,33,29,,,,,
500,31,2,0.5330445123880446,29,4,0.0,0.0,0.0,False,32,29,,,,,
500,31,2,0.5330445123880446,29,5,0.0,0.0,0.0,False,31,29,,,,,
500,31,2,0.5330445123880446,29,6,0.0,0.0,0.0,False,29,29,,,,,
500,31,2,0.5330445123880446,29,7,0.0,0.0,0.0,False,26,29,,,,,
500,31,2,0.5330445123880446,29,8,0.0,0.0,0.0,False,24,29,,,,,
500,31,2,0.5330445123880446,29,9,0.0,0.0,0.0,False,21,29,,,,,
500,31,2,0.5330445123880446,29,10,0.0,0.0,0.0,False,18,29,,,,,
500,31,2,0.5330445123880446,29,11,0.0,0.0,0.0,False,16,29,,,,,
500,31,2,0.5330445123880446,29,12,0.0,0.0,0.0,False,16,29,,,,,
500,31,2,0.5330445123880446,29,13,0.0,0.0,0.0,False,15,29,,,,,
500,31,2,0.5330445123880446,29,14,0.0,0.0,0.0,False,13,29,,,,,
500,31,12,0.3161111775225724,27,0,0.0,0.0,0.0,False,42,27,,,,,
500,31,12,0.3161111775225724,27,1,0.0,0.0,0.0,False,38,27,,,,,
500,31,12,0.3161111775225724,27,2,0.0,0.0,0.0,False,36,27,,,,,
500,31,12,0.3161111775225724,27,3,0.0,0.0,0.0,False,33,27,,,,,
500,31,12,0.3161111775225724,27,4,0.0,0.0,0.0,False,32,27,,,,,
500,31,12,0.3161111775225724,27,5,0.5185185185185185,0.45161290322580644,0.4827586206896552,True,31,27,0.5319628877243759,0.5024403275035435,0.2952233986731244,"[0.06501208183847318, -3.164874403631625]",3.1655420644097605
500,31,12,0.3161111775225724,27,6,0.0,0.0,0.0,False,29,27,,,,,
500,31,12,0.3161111775225724,27,7,0.0,0.0,0.0,False,26,27,,,,,
500,31,12,0.3161111775225724,27,8,0.0,0.0,0.0,False,24,27,,,,,
500,31,12,0.3161111775225724,27,9,0.0,0.0,0.0,False,21,27,,,,,
500,31,12,0.3161111775225724,27,10,0.0,0.0,0.0,False,18,27,,,,,
500,31,12,0.3161111775225724,27,11,0.0,0.0,0.0,False,16,27,,,,,
500,31,12,0.3161111775225724,27,12,0.0,0.0,0.0,False,16,27,,,,,
500,31,12,0.3161111775225724,27,13,0.0,0.0,0.0,False,15,27,,,,,
500,31,12,0.3161111775225724,27,14,0.48148148148148145,1.0,0.65,True,13,27,0.6351182995522662,0.6440473198209065,0.23015614124286005,"[-0.21279995135697582, 0.3976372159595982]",0.45099797650724716
500,31,27,0.08002916296550212,16,0,0.0,0.0,0.0,False,42,16,,,,,
500,31,27,0.08002916296550212,16,1,0.0,0.0,0.0,False,38,16,,,,,
500,31,27,0.08002916296550212,16,2,0.0,0.0,0.0,False,36,16,,,,,
500,31,27,0.08002916296550212,16,3,0.0,0.0,0.0,False,33,16,,,,,
500,31,27,0.08002916296550212,16,4,0.0,0.0,0.0,False,32,16,,,,,
500,31,27,0.08002916296550212,16,5,1.0,0.5161290322580645,0.6808510638297872,True,31,16,0.6208531186664761,0.6568518857644627,0.23915417809364245,"[0.41462511477345565, 0.24670655006758224]",0.48247083605866764
500,31,27,0.08002916296550212,16,6,0.0,0.0,0.0,False,29,16,,,,,
500,31,27,0.08002916296550212,16,7,0.0,0.0,0.0,False,26,16,,,,,
500,31,27,0.08002916296550212,16,8,0.0,0.0,0.0,False,24,16,,,,,
500,31,27,0.08002916296550212,16,9,0.0,0.0,0.0,False,21,16,,,,,
500,31,27,0.08002916296550212,16,10,0.0,0.0,0.0,False,18,16,,,,,
500,31,27,0.08002916296550212,16,11,0.0,0.0,0.0,False,16,16,,,,,
500,31,27,0.08002916296550212,16,12,0.0,0.0,0.0,False,16,16,,,,,
500,31,27,0.08002916296550212,16,13,0.0,0.0,0.0,False,15,16,,,,,
500,31,27,0.08002916296550212,16,14,0.0,0.0,0.0,False,13,16,,,,,
500,31,16,0.07081514712388086,27,0,0.0,0.0,0.0,False,42,27,,,,,
500,31,16,0.07081514712388086,27,1,0.0,0.0,0.0,False,38,27,,,,,
500,31,16,0.07081514712388086,27,2,0.0,0.0,0.0,False,36,27,,,,,
500,31,16,0.07081514712388086,27,3,0.0,0.0,0.0,False,33,27,,,,,
500,31,16,0.07081514712388086,27,4,0.0,0.0,0.0,False,32,27,,,,,
500,31,16,0.07081514712388086,27,5,0.0,0.0,0.0,False,31,27,,,,,
500,31,16,0.07081514712388086,27,6,0.07407407407407407,0.06896551724137931,0.07142857142857142,False,29,27,,,,,
500,31,16,0.07081514712388086,27,7,0.0,0.0,0.0,False,26,27,,,,,
500,31,16,0.07081514712388086,27,8,0.8888888888888888,1.0,0.9411764705882353,True,24,27,0.7862077821292827,0.8791889952046543,0.1348535479649942,"[-0.33493113796403584, 0.2732608187868024]",0.432261890827676
500,31,16,0.07081514712388086,27,9,0.037037037037037035,0.047619047619047616,0.041666666666666664,False,21,27,,,,,
500,31,16,0.07081514712388086,27,10,0.0,0.0,0.0,False,18,27,,,,,
500,31,16,0.07081514712388086,27,11,0.0,0.0,0.0,False,16,27,,,,,
500,31,16,0.07081514712388086,27,12,0.0,0.0,0.0,False,16,27,,,,,
500,31,16,0.07081514712388086,27,13,0.0,0.0,0.0,False,15,27,,,,,
500,31,16,0.07081514712388086,27,14,0.0,0.0,0.0,False,13,27,,,,,
500,32,2,0.5330445123880446,36,0,0.027777777777777776,0.017241379310344827,0.02127659574468085,False,58,36,,,,,
500,32,2,0.5330445123880446,36,1,0.0,0.0,0.0,False,38,36,,,,,
500,32,2,0.5330445123880446,36,2,0.9722222222222222,1.0,0.9859154929577465,True,35,36,0.8253046801743431,0.9216711678443852,0.11019242854580982,"[-0.07400941268159222, -0.08046952922734096]",0.10932857951855089
500,32,2,0.5330445123880446,36,3,0.0,0.0,0.0,False,33,36,,,,,
500,32,2,0.5330445123880446,36,4,0.0,0.0,0.0,False,31,36,,,,,
500,32,2,0.5330445123880446,36,5,0.0,0.0,0.0,False,29,36,,,,,
500,32,2,0.5330445123880446,36,6,0.0,0.0,0.0,False,28,36,,,,,
500,32,2,0.5330445123880446,36,7,0.0,0.0,0.0,False,27,36,,,,,
500,32,2,0.5330445123880446,36,8,0.0,0.0,0.0,False,23,36,,,,,
500,32,2,0.5330445123880446,36,9,0.0,0.0,0.0,False,20,36,,,,,
500,32,2,0.5330445123880446,36,10,0.0,0.0,0.0,False,18,36,,,,,
500,32,2,0.5330445123880446,36,11,0.0,0.0,0.0,False,17,36,,,,,
500,32,2,0.5330445123880446,36,12,0.0,0.0,0.0,False,17,36,,,,,
500,32,2,0.5330445123880446,36,13,0.0,0.0,0.0,False,16,36,,,,,
500,32,29,0.20165950301340763,13,0,0.0,0.0,0.0,False,58,13,,,,,
500,32,29,0.20165950301340763,13,1,0.0,0.0,0.0,False,38,13,,,,,
500,32,29,0.20165950301340763,13,2,0.0,0.0,0.0,False,35,13,,,,,
500,32,29,0.20165950301340763,13,3,0.0,0.0,0.0,False,33,13,,,,,
500,32,29,0.20165950301340763,13,4,0.0,0.0,0.0,False,31,13,,,,,
500,32,29,0.20165950301340763,13,5,0.0,0.0,0.0,False,29,13,,,,,
500,32,29,0.20165950301340763,13,6,0.0,0.0,0.0,False,28,13,,,,,
500,32,29,0.20165950301340763,13,7,1.0,0.48148148148148145,0.65,True,27,13,0.5411573623272955,0.6064629449309182,0.2894238072089135,"[0.17131846987549437, 0.12310352478113984]",0.21096088721377093
500,32,29,0.20165950301340763,13,8,0.0,0.0,0.0,False,23,13,,,,,
500,32,29,0.20165950301340763,13,9,0.0,0.0,0.0,False,20,13,,,,,
500,32,29,0.20165950301340763,13,10,0.0,0.0,0.0,False,18,13,,,,,
500,32,29,0.20165950301340763,13,11,0.0,0.0,0.0,False,17,13,,,,,
500,32,29,0.20165950301340763,13,12,0.0,0.0,0.0,False,17,13,,,,,
500,32,29,0.20165950301340763,13,13,0.0,0.0,0.0,False,16,13,,,,,
500,32,28,0.1144516745091648,31,0,0.0,0.0,0.0,False,58,31,,,,,
500,32,28,0.1144516745091648,31,1,0.0,0.0,0.0,False,38,31,,,,,
500,32,28,0.1144516745091648,31,2,0.0,0.0,0.0,False,35,31,,,,,
500,32,28,0.1144516745091648,31,3,0.0,0.0,0.0,False,33,31,,,,,
500,32,28,0.1144516745091648,31,4,0.0,0.0,0.0,False,31,31,,,,,
500,32,28,0.1144516745091648,31,5,0.0,0.0,0.0,False,29,31,,,,,
500,32,28,0.1144516745091648,31,6,0.03225806451612903,0.03571428571428571,0.03389830508474576,False,28,31,,,,,
500,32,28,0.1144516745091648,31,7,0.45161290322580644,0.5185185185185185,0.4827586206896552,True,27,31,0.5636055522534369,0.5150973933151679,0.2752641802258453,"[-0.10649356331995463, 3.1856151443723633]",3.1873946613312785
500,32,28,0.1144516745091648,31,8,0.0,0.0,0.0,False,23,31,,,,,
500,32,28,0.1144516745091648,31,9,0.0,0.0,0.0,False,20,31,,,,,
500,32,28,0.1144516745091648,31,10,0.0,0.0,0.0,False,18,31,,,,,
500,32,28,0.1144516745091648,31,11,0.0,0.0,0.0,False,17,31,,,,,
500,32,28,0.1144516745091648,31,12,0.0,0.0,0.0,False,17,31,,,,,
500,32,28,0.1144516745091648,31,13,0.5161290322580645,1.0,0.6808510638297872,True,16,31,0.6236343222786216,0.6579643672093209,0.23739988049363497,"[0.03287488522654414, -0.019206550067583095]",0.03807426485379627
500,32,27,0.08002916296550212,31,0,0.0,0.0,0.0,False,58,31,,,,,
500,32,27,0.08002916296550212,31,1,0.0,0.0,0.0,False,38,31,,,,,
500,32,27,0.08002916296550212,31,2,0.0,0.0,0.0,False,35,31,,,,,
500,32,27,0.08002916296550212,31,3,0.0,0.0,0.0,False,33,31,,,,,
500,32,27,0.08002916296550212,31,4,0.0,0.0,0.0,False,31,31,,,,,
500,32,27,0.08002916296550212,31,5,0.0,0.0,0.0,False,29,31,,,,,
500,32,27,0.08002916296550212,31,6,0.03225806451612903,0.03571428571428571,0.03389830508474576,False,28,31,,,,,
500,32,27,0.08002916296550212,31,7,0.45161290322580644,0.5185185185185185,0.4827586206896552,True,27,31,0.5636055522534369,0.5150973933151679,0.2752641802258453,"[-0.10649356331995463, 3.1856151443723633]",3.1873946613312785
500,32,27,0.08002916296550212,31,8,0.0,0.0,0.0,False,23,31,,,,,
500,32,27,0.08002916296550212,31,9,0.0,0.0,0.0,False,20,31,,,,,
500,32,27,0.08002916296550212,31,10,0.0,0.0,0.0,False,18,31,,,,,
500,32,27,0.08002916296550212,31,11,0.0,0.0,0.0,False,17,31,,,,,
500,32,27,0.08002916296550212,31,12,0.0,0.0,0.0,False,17,31,,,,,
500,32,27,0.08002916296550212,31,13,0.5161290322580645,1.0,0.6808510638297872,True,16,31,0.6236343222786216,0.6579643672093209,0.23739988049363497,"[0.03287488522654414, -0.019206550067583095]",0.03807426485379627
500,32,16,0.07081514712388086,24,0,0.0,0.0,0.0,False,58,24,,,,,
500,32,16,0.07081514712388086,24,1,0.0,0.0,0.0,False,38,24,,,,,
500,32,16,0.07081514712388086,24,2,0.0,0.0,0.0,False,35,24,,,,,
500,32,16,0.07081514712388086,24,3,0.0,0.0,0.0,False,33,24,,,,,
500,32,16,0.07081514712388086,24,4,0.0,0.0,0.0,False,31,24,,,,,
500,32,16,0.07081514712388086,24,5,0.0,0.0,0.0,False,29,24,,,,,
500,32,16,0.07081514712388086,24,6,0.041666666666666664,0.03571428571428571,0.038461538461538464,False,28,24,,,,,
500,32,16,0.07081514712388086,24,7,0.0,0.0,0.0,False,27,24,,,,,
500,32,16,0.07081514712388086,24,8,0.9583333333333334,1.0,0.9787234042553191,True,23,24,0.8356494308861117,0.9214938149076362,0.10366727833131992,"[-0.2016293117362009, 0.16500861702174419]",0.2605421713324788
500,32,16,0.07081514712388086,24,9,0.0,0.0,0.0,False,20,24,,,,,
500,32,16,0.07081514712388086,24,10,0.0,0.0,0.0,False,18,24,,,,,
500,32,16,0.07081514712388086,24,11,0.0,0.0,0.0,False,17,24,,,,,
500,32,16,0.07081514712388086,24,12,0.0,0.0,0.0,False,17,24,,,,,
500,32,16,0.07081514712388086,24,13,0.0,0.0,0.0,False,16,24,,,,,
500,33,2,0.5488979925898022,35,0,0.0,0.0,0.0,False,44,35,,,,,
500,33,2,0.5488979925898022,35,1,0.0,0.0,0.0,False,42,35,,,,,
500,33,2,0.5488979925898022,35,2,0.0,0.0,0.0,False,38,35,,,,,
500,33,2,0.5488979925898022,35,3,1.0,0.9722222222222222,0.9859154929577465,True,36,35,0.7693003249396158,0.8992694257504942,0.14551825134756352,"[0.12067607934825908, 0.002691751449563018]",0.12070609617054785
500,33,2,0.5488979925898022,35,4,0.0,0.0,0.0,False,33,35,,,,,
500,33,2,0.5488979925898022,35,5,0.0,0.0,0.0,False,32,35,,,,,
500,33,2,0.5488979925898022,35,6,0.0,0.0,0.0,False,31,35,,,,,
500,33,2,0.5488979925898022,35,7,0.0,0.0,0.0,False,27,35,,,,,
500,33,2,0.5488979925898022,35,8,0.0,0.0,0.0,False,26,35,,,,,
500,33,2,0.5488979925898022,35,9,0.0,0.0,0.0,False,24,35,,,,,
500,33,2,0.5488979925898022,35,10,0.0,0.0,0.0,False,22,35,,,,,
500,33,2,0.5488979925898022,35,11,0.0,0.0,0.0,False,19,35,,,,,
500,33,2,0.5488979925898022,35,12,0.0,0.0,0.0,False,16,35,,,,,
500,33,29,0.2076571352265163,27,0,0.0,0.0,0.0,False,44,27,,,,,
500,33,29,0.2076571352265163,27,1,0.0,0.0,0.0,False,42,27,,,,,
500,33,29,0.2076571352265163,27,2,0.0,0.0,0.0,False,38,27,,,,,
500,33,29,0.2076571352265163,27,3,0.0,0.0,0.0,False,36,27,,,,,
500,33,29,0.2076571352265163,27,4,0.0,0.0,0.0,False,33,27,,,,,
500,33,29,0.2076571352265163,27,5,0.0,0.0,0.0,False,32,27,,,,,
500,33,29,0.2076571352265163,27,6,0.0,0.0,0.0,False,31,27,,,,,
500,33,29,0.2076571352265163,27,7,0.0,0.0,0.0,False,27,27,,,,,
500,33,29,0.2076571352265163,27,8,0.0,0.0,0.0,False,26,27,,,,,
500,33,29,0.2076571352265163,27,9,0.2962962962962963,0.3333333333333333,0.3137254901960784,False,24,27,,,,,
500,33,29,0.2076571352265163,27,10,0.0,0.0,0.0,False,22,27,,,,,
500,33,29,0.2076571352265163,27,11,0.7037037037037037,1.0,0.8260869565217391,True,19,27,0.7342781273526496,0.7893634248541033,0.16760917518553697,"[-0.2090948702785571, 0.12732496977630703]",0.24481076917763264
500,33,29,0.2076571352265163,27,12,0.0,0.0,0.0,False,16,27,,,,,
500,33,31,0.07532174415853377,16,0,0.0,0.0,0.0,False,44,16,,,,,
500,33,31,0.07532174415853377,16,1,0.0,0.0,0.0,False,42,16,,,,,
500,33,31,0.07532174415853377,16,2,0.0,0.0,0.0,False,38,16,,,,,
500,33,31,0.07532174415853377,16,3,0.0,0.0,0.0,False,36,16,,,,,
500,33,31,0.07532174415853377,16,4,0.0,0.0,0.0,False,33,16,,,,,
500,33,31,0.07532174415853377,16,5,0.0,0.0,0.0,False,32,16,,,,,
500,33,31,0.07532174415853377,16,6,0.0,0.0,0.0,False,31,16,,,,,
500,33,31,0.07532174415853377,16,7,0.0,0.0,0.0,False,27,16,,,,,
500,33,31,0.07532174415853377,16,8,0.0,0.0,0.0,False,26,16,,,,,
500,33,31,0.07532174415853377,16,9,1.0,0.6666666666666666,0.8,True,24,16,0.6667960325325957,0.7467184130130382,0.21017480269634486,"[0.10741062278835756, 0.3316416304070735]",0.34860179705050975
500,33,31,0.07532174415853377,16,10,0.0,0.0,0.0,False,22,16,,,,,
500,33,31,0.07532174415853377,16,11,0.0,0.0,0.0,False,19,16,,,,,
500,33,31,0.07532174415853377,16,12,0.0,0.0,0.0,False,16,16,,,,,
500,33,16,0.07292128743078213,23,0,0.0,0.0,0.0,False,44,23,,,,,
500,33,16,0.07292128743078213,23,1,1.0,0.5476190476190477,0.7076923076923077,True,42,23,0.5116008903517026,0.6292557407560657,0.30806711963129024,"[-0.478216253115197, 0.1536097061865327]",0.5022815212390866
500,33,16,0.07292128743078213,23,2,0.0,0.0,0.0,False,38,23,,,,,
500,33,16,0.07292128743078213,23,3,0.0,0.0,0.0,False,36,23,,,,,
500,33,16,0.07292128743078213,23,4,0.0,0.0,0.0,False,33,23,,,,,
500,33,16,0.07292128743078213,23,5,0.0,0.0,0.0,False,32,23,,,,,
500,33,16,0.07292128743078213,23,6,0.0,0.0,0.0,False,31,23,,,,,
500,33,16,0.07292128743078213,23,7,0.0,0.0,0.0,False,27,23,,,,,
500,33,16,0.07292128743078213,23,8,0.0,0.0,0.0,False,26,23,,,,,
500,33,16,0.07292128743078213,23,9,0.0,0.0,0.0,False,24,23,,,,,
500,33,16,0.07292128743078213,23,10,0.0,0.0,0.0,False,22,23,,,,,
500,33,16,0.07292128743078213,23,11,0.0,0.0,0.0,False,19,23,,,,,
500,33,16,0.07292128743078213,23,12,0.0,0.0,0.0,False,16,23,,,,,
500,33,33,0.0526679593283405,16,0,0.0,0.0,0.0,False,44,16,,,,,
500,33,33,0.0526679593283405,16,1,0.0,0.0,0.0,False,42,16,,,,,
500,33,33,0.0526679593283405,16,2,0.0,0.0,0.0,False,38,16,,,,,
500,33,33,0.0526679593283405,16,3,0.0,0.0,0.0,False,36,16,,,,,
500,33,33,0.0526679593283405,16,4,0.0,0.0,0.0,False,33,16,,,,,
500,33,33,0.0526679593283405,16,5,0.0,0.0,0.0,False,32,16,,,,,
500,33,33,0.0526679593283405,16,6,0.0,0.0,0.0,False,31,16,,,,,
500,33,33,0.0526679593283405,16,7,0.0,0.0,0.0,False,27,16,,,,,
500,33,33,0.0526679593283405,16,8,0.0,0.0,0.0,False,26,16,,,,,
500,33,33,0.0526679593283405,16,9,1.0,0.6666666666666666,0.8,True,24,16,0.6667960325325957,0.7467184130130382,0.21017480269634486,"[0.10741062278835756, 0.3316416304070735]",0.34860179705050975
500,33,33,0.0526679593283405,16,10,0.0,0.0,0.0,False,22,16,,,,,
500,33,33,0.0526679593283405,16,11,0.0,0.0,0.0,False,19,16,,,,,
500,33,33,0.0526679593283405,16,12,0.0,0.0,0.0,False,16,16,,,,,
500,33,30,0.042533881266025066,27,0,0.0,0.0,0.0,False,44,27,,,,,
500,33,30,0.042533881266025066,27,1,0.0,0.0,0.0,False,42,27,,,,,
500,33,30,0.042533881266025066,27,2,0.0,0.0,0.0,False,38,27,,,,,
500,33,30,0.042533881266025066,27,3,0.0,0.0,0.0,False,36,27,,,,,
500,33,30,0.042533881266025066,27,4,0.0,0.0,0.0,False,33,27,,,,,
500,33,30,0.042533881266025066,27,5,0.0,0.0,0.0,False,32,27,,,,,
500,33,30,0.042533881266025066,27,6,0.0,0.0,0.0,False,31,27,,,,,
500,33,30,0.042533881266025066,27,7,0.0,0.0,0.0,False,27,27,,,,,
500,33,30,0.042533881266025066,27,8,0.0,0.0,0.0,False,26,27,,,,,
500,33,30,0.042533881266025066,27,9,0.2962962962962963,0.3333333333333333,0.3137254901960784,False,24,27,,,,,
500,33,30,0.042533881266025066,27,10,0.0,0.0,0.0,False,22,27,,,,,
500,33,30,0.042533881266025066,27,11,0.7037037037037037,1.0,0.8260869565217391,True,19,27,0.7342781273526496,0.7893634248541033,0.16760917518553697,"[-0.2090948702785571, 0.12732496977630703]",0.24481076917763264
500,33,30,0.042533881266025066,27,12,0.0,0.0,0.0,False,16,27,,,,,
500,34,2,0.5488979925898022,36,0,0.0,0.0,0.0,False,42,36,,,,,
500,34,2,0.5488979925898022,36,1,0.0,0.0,0.0,False,42,36,,,,,
500,34,2,0.5488979925898022,36,2,0.0,0.0,0.0,False,38,36,,,,,
500,34,2,0.5488979925898022,36,3,1.0,0.972972972972973,0.9863013698630136,True,37,36,0.8276551252955676,0.9228428720360352,0.10870984013800442,"[0.03105699947942675, 0.05362418577748551]",0.06196846389062256
500,34,2,0.5488979925898022,36,4,0.0,0.0,0.0,False,33,36,,,,,
500,34,2,0.5488979925898022,36,5,0.0,0.0,0.0,False,31,36,,,,,
500,34,2,0.5488979925898022,36,6,0.0,0.0,0.0,False,29,36,,,,,
500,34,2,0.5488979925898022,36,7,0.0,0.0,0.0,False,27,36,,,,,
500,34,2,0.5488979925898022,36,8,0.0,0.0,0.0,False,27,36,,,,,
500,34,2,0.5488979925898022,36,9,0.0,0.0,0.0,False,20,36,,,,,
500,34,2,0.5488979925898022,36,10,0.0,0.0,0.0,False,18,36,,,,,
500,34,2,0.5488979925898022,36,11,0.0,0.0,0.0,False,17,36,,,,,
500,34,2,0.5488979925898022,36,12,0.0,0.0,0.0,False,16,36,,,,,
500,34,2,0.5488979925898022,36,13,0.0,0.0,0.0,False,13,36,,,,,
500,34,29,0.2076571352265163,19,0,0.0,0.0,0.0,False,42,19,,,,,
500,34,29,0.2076571352265163,19,1,0.0,0.0,0.0,False,42,19,,,,,
500,34,29,0.2076571352265163,19,2,0.0,0.0,0.0,False,38,19,,,,,
500,34,29,0.2076571352265163,19,3,0.0,0.0,0.0,False,37,19,,,,,
500,34,29,0.2076571352265163,19,4,0.0,0.0,0.0,False,33,19,,,,,
500,34,29,0.2076571352265163,19,5,0.0,0.0,0.0,False,31,19,,,,,
500,34,29,0.2076571352265163,19,6,0.0,0.0,0.0,False,29,19,,,,,
500,34,29,0.2076571352265163,19,7,1.0,0.7037037037037037,0.8260869565217391,True,27,19,0.7066426314680597,0.7783092265002673,0.1850407950402061,"[-0.31164587046218273, -0.12732496977630703]",0.3366523377383099
500,34,29,0.2076571352265163,19,8,0.0,0.0,0.0,False,27,19,,,,,
500,34,29,0.2076571352265163,19,9,0.0,0.0,0.0,False,20,19,,,,,
500,34,29,0.2076571352265163,19,10,0.0,0.0,0.0,False,18,19,,,,,
500,34,29,0.2076571352265163,19,11,0.0,0.0,0.0,False,17,19,,,,,
500,34,29,0.2076571352265163,19,12,0.0,0.0,0.0,False,16,19,,,,,
500,34,29,0.2076571352265163,19,13,0.0,0.0,0.0,False,13,19,,,,,
500,34,31,0.07532174415853377,24,0,0.0,0.0,0.0,False,42,24,,,,,
500,34,31,0.07532174415853377,24,1,0.0,0.0,0.0,False,42,24,,,,,
500,34,31,0.07532174415853377,24,2,0.0,0.0,0.0,False,38,24,,,,,
500,34,31,0.07532174415853377,24,3,0.0,0.0,0.0,False,37,24,,,,,
500,34,31,0.07532174415853377,24,4,0.0,0.0,0.0,False,33,24,,,,,
500,34,31,0.07532174415853377,24,5,0.0,0.0,0.0,False,31,24,,,,,
500,34,31,0.07532174415853377,24,6,0.0,0.0,0.0,False,29,24,,,,,
500,34,31,0.07532174415853377,24,7,0.3333333333333333,0.2962962962962963,0.3137254901960784,True,27,24,0.5644257033135329,0.41400557544306027,0.2747468541911433,"[-0.26751981207559616, 3.373180064032873]",3.383771652201398
500,34,31,0.07532174415853377,24,8,0.0,0.0,0.0,False,27,24,,,,,
500,34,31,0.07532174415853377,24,9,0.0,0.0,0.0,False,20,24,,,,,
500,34,31,0.07532174415853377,24,10,0.0,0.0,0.0,False,18,24,,,,,
500,34,31,0.07532174415853377,24,11,0.0,0.0,0.0,False,17,24,,,,,
500,34,31,0.07532174415853377,24,12,0.6666666666666666,1.0,0.8,True,16,24,0.6389888526331227,0.7355955410532491,0.22771471554112582,"[-0.1424106227883577, 0.018358369592926138]",0.14358904978123638
500,34,31,0.07532174415853377,24,13,0.0,0.0,0.0,False,13,24,,,,,
500,34,16,0.07292128743078213,42,0,1.0,1.0,1.0,True,42,42,0.8440298246777028,0.9376119298710811,0.09838118397580284,"[-0.020000000000000462, 0.019999999999999574]",0.028284271247461926
500,34,16,0.07292128743078213,42,1,0.0,0.0,0.0,False,42,42,,,,,
500,34,16,0.07292128743078213,42,2,0.0,0.0,0.0,False,38,42,,,,,
500,34,16,0.07292128743078213,42,3,0.0,0.0,0.0,False,37,42,,,,,
500,34,16,0.07292128743078213,42,4,0.0,0.0,0.0,False,33,42,,,,,
500,34,16,0.07292128743078213,42,5,0.0,0.0,0.0,False,31,42,,,,,
500,34,16,0.07292128743078213,42,6,0.0,0.0,0.0,False,29,42,,,,,
500,34,16,0.07292128743078213,42,7,0.0,0.0,0.0,False,27,42,,,,,
500,34,16,0.07292128743078213,42,8,0.0,0.0,0.0,False,27,42,,,,,
500,34,16,0.07292128743078213,42,9,0.0,0.0,0.0,False,20,42,,,,,
500,34,16,0.07292128743078213,42,10,0.0,0.0,0.0,False,18,42,,,,,
500,34,16,0.07292128743078213,42,11,0.0,0.0,0.0,False,17,42,,,,,
500,34,16,0.07292128743078213,42,12,0.0,0.0,0.0,False,16,42,,,,,
500,34,16,0.07292128743078213,42,13,0.0,0.0,0.0,False,13,42,,,,,
500,34,33,0.0526679593283405,24,0,0.0,0.0,0.0,False,42,24,,,,,
500,34,33,0.0526679593283405,24,1,0.0,0.0,0.0,False,42,24,,,,,
500,34,33,0.0526679593283405,24,2,0.0,0.0,0.0,False,38,24,,,,,
500,34,33,0.0526679593283405,24,3,0.0,0.0,0.0,False,37,24,,,,,
500,34,33,0.0526679593283405,24,4,0.0,0.0,0.0,False,33,24,,,,,
500,34,33,0.0526679593283405,24,5,0.0,0.0,0.0,False,31,24,,,,,
500,34,33,0.0526679593283405,24,6,0.0,0.0,0.0,False,29,24,,,,,
500,34,33,0.0526679593283405,24,7,0.3333333333333333,0.2962962962962963,0.3137254901960784,True,27,24,0.5644257033135329,0.41400557544306027,0.2747468541911433,"[-0.26751981207559616, 3.373180064032873]",3.383771652201398
500,34,33,0.0526679593283405,24,8,0.0,0.0,0.0,False,27,24,,,,,
500,34,33,0.0526679593283405,24,9,0.0,0.0,0.0,False,20,24,,,,,
500,34,33,0.0526679593283405,24,10,0.0,0.0,0.0,False,18,24,,,,,
500,34,33,0.0526679593283405,24,11,0.0,0.0,0.0,False,17,24,,,,,
500,34,33,0.0526679593283405,24,12,0.6666666666666666,1.0,0.8,True,16,24,0.6389888526331227,0.7355955410532491,0.22771471554112582,"[-0.1424106227883577, 0.018358369592926138]",0.14358904978123638
500,34,33,0.0526679593283405,24,13,0.0,0.0,0.0,False,13,24,,,,,
500,34,30,0.042533881266025066,19,0,0.0,0.0,0.0,False,42,19,,,,,
500,34,30,0.042533881266025066,19,1,0.0,0.0,0.0,False,42,19,,,,,
500,34,30,0.042533881266025066,19,2,0.0,0.0,0.0,False,38,19,,,,,
500,34,30,0.042533881266025066,19,3,0.0,0.0,0.0,False,37,19,,,,,
500,34,30,0.042533881266025066,19,4,0.0,0.0,0.0,False,33,19,,,,,
500,34,30,0.042533881266025066,19,5,0.0,0.0,0.0,False,31,19,,,,,
500,34,30,0.042533881266025066,19,6,0.0,0.0,0.0,False,29,19,,,,,
500,34,30,0.042533881266025066,19,7,1.0,0.7037037037037037,0.8260869565217391,True,27,19,0.7066426314680597,0.7783092265002673,0.1850407950402061,"[-0.31164587046218273, -0.12732496977630703]",0.3366523377383099
500,34,30,0.042533881266025066,19,8,0.0,0.0,0.0,False,27,19,,,,,
500,34,30,0.042533881266025066,19,9,0.0,0.0,0.0,False,20,19,,,,,
500,34,30,0.042533881266025066,19,10,0.0,0.0,0.0,False,18,19,,,,,
500,34,30,0.042533881266025066,19,11,0.0,0.0,0.0,False,17,19,,,,,
500,34,30,0.042533881266025066,19,12,0.0,0.0,0.0,False,16,19,,,,,
500,34,30,0.042533881266025066,19,13,0.0,0.0,0.0,False,13,19,,,,,
500,35,2,0.5645390419884607,37,0,0.0,0.0,0.0,False,42,37,,,,,
500,35,2,0.5645390419884607,37,1,0.0,0.0,0.0,False,38,37,,,,,
500,35,2,0.5645390419884607,37,2,0.9459459459459459,1.0,0.9722222222222222,True,35,37,0.760533616459602,0.8875467799171741,0.15104802111317564,"[0.10481604953221435, 0.20703138797334875]",0.23205257991608466
500,35,2,0.5645390419884607,37,3,0.05405405405405406,0.0625,0.057971014492753624,False,32,37,,,,,
500,35,2,0.5645390419884607,37,4,0.0,0.0,0.0,False,31,37,,,,,
500,35,2,0.5645390419884607,37,5,0.0,0.0,0.0,False,29,37,,,,,
500,35,2,0.5645390419884607,37,6,0.0,0.0,0.0,False,29,37,,,,,
500,35,2,0.5645390419884607,37,7,0.0,0.0,0.0,False,24,37,,,,,
500,35,2,0.5645390419884607,37,8,0.0,0.0,0.0,False,20,37,,,,,
500,35,2,0.5645390419884607,37,9,0.0,0.0,0.0,False,20,37,,,,,
500,35,2,0.5645390419884607,37,10,0.0,0.0,0.0,False,19,37,,,,,
500,35,2,0.5645390419884607,37,11,0.0,0.0,0.0,False,19,37,,,,,
500,35,2,0.5645390419884607,37,12,0.0,0.0,0.0,False,18,37,,,,,
500,35,2,0.5645390419884607,37,13,0.0,0.0,0.0,False,17,37,,,,,
500,35,2,0.5645390419884607,37,14,0.0,0.0,0.0,False,13,37,,,,,
500,35,29,0.21357440137416117,27,0,0.0,0.0,0.0,False,42,27,,,,,
500,35,29,0.21357440137416117,27,1,0.0,0.0,0.0,False,38,27,,,,,
500,35,29,0.21357440137416117,27,2,0.0,0.0,0.0,False,35,27,,,,,
500,35,29,0.21357440137416117,27,3,0.0,0.0,0.0,False,32,27,,,,,
500,35,29,0.21357440137416117,27,4,0.0,0.0,0.0,False,31,27,,,,,
500,35,29,0.21357440137416117,27,5,0.0,0.0,0.0,False,29,27,,,,,
500,35,29,0.21357440137416117,27,6,0.0,0.0,0.0,False,29,27,,,,,
500,35,29,0.21357440137416117,27,7,0.2962962962962963,0.3333333333333333,0.3137254901960784,False,24,27,,,,,
500,35,29,0.21357440137416117,27,8,0.0,0.0,0.0,False,20,27,,,,,
500,35,29,0.21357440137416117,27,9,0.0,0.0,0.0,False,20,27,,,,,
500,35,29,0.21357440137416117,27,10,0.7037037037037037,1.0,0.8260869565217391,True,19,27,0.6914051754467379,0.7722142440917386,0.19465211310828656,"[-0.4094067611167631, 0.11258812767104587]",0.424605678884056
500,35,29,0.21357440137416117,27,11,0.0,0.0,0.0,False,19,27,,,,,
500,35,29,0.21357440137416117,27,12,0.0,0.0,0.0,False,18,27,,,,,
500,35,29,0.21357440137416117,27,13,0.0,0.0,0.0,False,17,27,,,,,
500,35,29,0.21357440137416117,27,14,0.0,0.0,0.0,False,13,27,,,,,
500,35,16,0.07499920623230161,42,0,0.0,0.0,0.0,False,42,42,,,,,
500,35,16,0.07499920623230161,42,1,0.0,0.0,0.0,False,38,42,,,,,
500,35,16,0.07499920623230161,42,2,0.0,0.0,0.0,False,35,42,,,,,
500,35,16,0.07499920623230161,42,3,0.07142857142857142,0.09375,0.08108108108108109,False,32,42,,,,,
500,35,16,0.07499920623230161,42,4,0.0,0.0,0.0,False,31,42,,,,,
500,35,16,0.07499920623230161,42,5,0.0,0.0,0.0,False,29,42,,,,,
500,35,16,0.07499920623230161,42,6,0.0,0.0,0.0,False,29,42,,,,,
500,35,16,0.07499920623230161,42,7,0.0,0.0,0.0,False,24,42,,,,,
500,35,16,0.07499920623230161,42,8,0.47619047619047616,1.0,0.6451612903225806,True,20,42,0.4699288912221551,0.5750683306824105,0.3343525335223229,"[0.22499245821096014, 0.13821244081995232]",0.2640535647349217
500,35,16,0.07499920623230161,42,9,0.0,0.0,0.0,False,20,42,,,,,
500,35,16,0.07499920623230161,42,10,0.0,0.0,0.0,False,19,42,,,,,
500,35,16,0.07499920623230161,42,11,0.4523809523809524,1.0,0.6229508196721312,True,19,42,0.4354699929825697,0.5479584889963066,0.35608814547702383,"[-0.20526709561379075, -0.03374110326373625]",0.20802173586232575
500,35,16,0.07499920623230161,42,12,0.0,0.0,0.0,False,18,42,,,,,
500,35,16,0.07499920623230161,42,13,0.0,0.0,0.0,False,17,42,,,,,
500,35,16,0.07499920623230161,42,14,0.0,0.0,0.0,False,13,42,,,,,
500,35,35,0.06069858545867681,16,0,0.0,0.0,0.0,False,42,16,,,,,
500,35,35,0.06069858545867681,16,1,0.0,0.0,0.0,False,38,16,,,,,
500,35,35,0.06069858545867681,16,2,0.0,0.0,0.0,False,35,16,,,,,
500,35,35,0.06069858545867681,16,3,0.0,0.0,0.0,False,32,16,,,,,
500,35,35,0.06069858545867681,16,4,0.0,0.0,0.0,False,31,16,,,,,
500,35,35,0.06069858545867681,16,5,0.0,0.0,0.0,False,29,16,,,,,
500,35,35,0.06069858545867681,16,6,0.0,0.0,0.0,False,29,16,,,,,
500,35,35,0.06069858545867681,16,7,1.0,0.6666666666666666,0.8,True,24,16,0.6667885280307863,0.7467154112123144,0.21017953630500838,"[0.2357439561216914, 0.2383082970737398]",0.3352104671726284
500,35,35,0.06069858545867681,16,8,0.0,0.0,0.0,False,20,16,,,,,
500,35,35,0.06069858545867681,16,9,0.0,0.0,0.0,False,20,16,,,,,
500,35,35,0.06069858545867681,16,10,0.0,0.0,0.0,False,19,16,,,,,
500,35,35,0.06069858545867681,16,11,0.0,0.0,0.0,False,19,16,,,,,
500,35,35,0.06069858545867681,16,12,0.0,0.0,0.0,False,18,16,,,,,
500,35,35,0.06069858545867681,16,13,0.0,0.0,0.0,False,17,16,,,,,
500,35,35,0.06069858545867681,16,14,0.0,0.0,0.0,False,13,16,,,,,
500,35,30,0.04374589979584276,27,0,0.0,0.0,0.0,False,42,27,,,,,
500,35,30,0.04374589979584276,27,1,0.0,0.0,0.0,False,38,27,,,,,
500,35,30,0.04374589979584276,27,2,0.0,0.0,0.0,False,35,27,,,,,
500,35,30,0.04374589979584276,27,3,0.0,0.0,0.0,False,32,27,,,,,
500,35,30,0.04374589979584276,27,4,0.0,0.0,0.0,False,31,27,,,,,
500,35,30,0.04374589979584276,27,5,0.0,0.0,0.0,False,29,27,,,,,
500,35,30,0.04374589979584276,27,6,0.0,0.0,0.0,False,29,27,,,,,
500,35,30,0.04374589979584276,27,7,0.2962962962962963,0.3333333333333333,0.3137254901960784,False,24,27,,,,,
500,35,30,0.04374589979584276,27,8,0.0,0.0,0.0,False,20,27,,,,,
500,35,30,0.04374589979584276,27,9,0.0,0.0,0.0,False,20,27,,,,,
500,35,30,0.04374589979584276,27,10,0.7037037037037037,1.0,0.8260869565217391,True,19,27,0.6914051754467379,0.7722142440917386,0.19465211310828656,"[-0.4094067611167631, 0.11258812767104587]",0.424605678884056
500,35,30,0.04374589979584276,27,11,0.0,0.0,0.0,False,19,27,,,,,
500,35,30,0.04374589979584276,27,12,0.0,0.0,0.0,False,18,27,,,,,
500,35,30,0.04374589979584276,27,13,0.0,0.0,0.0,False,17,27,,,,,
500,35,30,0.04374589979584276,27,14,0.0,0.0,0.0,False,13,27,,,,,
500,35,37,0.042442865150556834,16,0,0.0,0.0,0.0,False,42,16,,,,,
500,35,37,0.042442865150556834,16,1,0.0,0.0,0.0,False,38,16,,,,,
500,35,37,0.042442865150556834,16,2,0.0,0.0,0.0,False,35,16,,,,,
500,35,37,0.042442865150556834,16,3,0.0,0.0,0.0,False,32,16,,,,,
500,35,37,0.042442865150556834,16,4,0.0,0.0,0.0,False,31,16,,,,,
500,35,37,0.042442865150556834,16,5,0.0,0.0,0.0,False,29,16,,,,,
500,35,37,0.042442865150556834,16,6,0.0,0.0,0.0,False,29,16,,,,,
500,35,37,0.042442865150556834,16,7,1.0,0.6666666666666666,0.8,True,24,16,0.6667885280307863,0.7467154112123144,0.21017953630500838,"[0.2357439561216914, 0.2383082970737398]",0.3352104671726284
500,35,37,0.042442865150556834,16,8,0.0,0.0,0.0,False,20,16,,,,,
500,35,37,0.042442865150556834,16,9,0.0,0.0,0.0,False,20,16,,,,,
500,35,37,0.042442865150556834,16,10,0.0,0.0,0.0,False,19,16,,,,,
500,35,37,0.042442865150556834,16,11,0.0,0.0,0.0,False,19,16,,,,,
500,35,37,0.042442865150556834,16,12,0.0,0.0,0.0,False,18,16,,,,,
500,35,37,0.042442865150556834,16,13,0.0,0.0,0.0,False,17,16,,,,,
500,35,37,0.042442865150556834,16,14,0.0,0.0,0.0,False,13,16,,,,,
500,36,2,0.5852986343563509,35,0,0.0,0.0,0.0,False,43,35,,,,,
500,36,2,0.5852986343563509,35,1,0.0,0.0,0.0,False,38,35,,,,,
500,36,2,0.5852986343563509,35,2,0.0,0.0,0.0,False,38,35,,,,,
500,36,2,0.5852986343563509,35,3,0.08571428571428572,0.09090909090909091,0.08823529411764706,False,33,35,,,,,
500,36,2,0.5852986343563509,35,4,0.9142857142857143,1.0,0.9552238805970149,True,32,35,0.8066821458463745,0.8958071866967587,0.121938949776742,"[-0.21853377946531616, -0.10667159757662104]",0.24317862261503173
500,36,2,0.5852986343563509,35,5,0.0,0.0,0.0,False,31,35,,,,,
500,36,2,0.5852986343563509,35,6,0.0,0.0,0.0,False,29,35,,,,,
500,36,2,0.5852986343563509,35,7,0.0,0.0,0.0,False,24,35,,,,,
500,36,2,0.5852986343563509,35,8,0.0,0.0,0.0,False,20,35,,,,,
500,36,2,0.5852986343563509,35,9,0.0,0.0,0.0,False,19,35,,,,,
500,36,2,0.5852986343563509,35,10,0.0,0.0,0.0,False,19,35,,,,,
500,36,2,0.5852986343563509,35,11,0.0,0.0,0.0,False,18,35,,,,,
500,36,2,0.5852986343563509,35,12,0.0,0.0,0.0,False,17,35,,,,,
500,36,2,0.5852986343563509,35,13,0.0,0.0,0.0,False,14,35,,,,,
500,36,29,0.22142809648287673,19,0,0.0,0.0,0.0,False,43,19,,,,,
500,36,29,0.22142809648287673,19,1,0.0,0.0,0.0,False,38,19,,,,,
500,36,29,0.22142809648287673,19,2,0.0,0.0,0.0,False,38,19,,,,,
500,36,29,0.22142809648287673,19,3,0.0,0.0,0.0,False,33,19,,,,,
500,36,29,0.22142809648287673,19,4,0.0,0.0,0.0,False,32,19,,,,,
500,36,29,0.22142809648287673,19,5,0.0,0.0,0.0,False,31,19,,,,,
500,36,29,0.22142809648287673,19,6,0.0,0.0,0.0,False,29,19,,,,,
500,36,29,0.22142809648287673,19,7,0.0,0.0,0.0,False,24,19,,,,,
500,36,29,0.22142809648287673,19,8,0.0,0.0,0.0,False,20,19,,,,,
500,36,29,0.22142809648287673,19,9,0.0,0.0,0.0,False,19,19,,,,,
500,36,29,0.22142809648287673,19,10,1.0,1.0,1.0,True,19,19,0.8785894281966927,0.9514357712786771,0.07658205023176011,"[-0.10315789473684234, 0.0]",0.10315789473684234
500,36,29,0.22142809648287673,19,11,0.0,0.0,0.0,False,18,19,,,,,
500,36,29,0.22142809648287673,19,12,0.0,0.0,0.0,False,17,19,,,,,
500,36,29,0.22142809648287673,19,13,0.0,0.0,0.0,False,14,19,,,,,
500,36,35,0.0629306328419567,24,0,0.0,0.0,0.0,False,43,24,,,,,
500,36,35,0.0629306328419567,24,1,0.0,0.0,0.0,False,38,24,,,,,
500,36,35,0.0629306328419567,24,2,0.0,0.0,0.0,False,38,24,,,,,
500,36,35,0.0629306328419567,24,3,0.0,0.0,0.0,False,33,24,,,,,
500,36,35,0.0629306328419567,24,4,0.0,0.0,0.0,False,32,24,,,,,
500,36,35,0.0629306328419567,24,5,0.0,0.0,0.0,False,31,24,,,,,
500,36,35,0.0629306328419567,24,6,0.0,0.0,0.0,False,29,24,,,,,
500,36,35,0.0629306328419567,24,7,1.0,1.0,1.0,True,24,24,0.8650522834652835,0.9460209133861134,0.08512086429397299,"[0.046666666666666856, 0.09333333333333371]",0.10434983894999061
500,36,35,0.0629306328419567,24,8,0.0,0.0,0.0,False,20,24,,,,,
500,36,35,0.0629306328419567,24,9,0.0,0.0,0.0,False,19,24,,,,,
500,36,35,0.0629306328419567,24,10,0.0,0.0,0.0,False,19,24,,,,,
500,36,35,0.0629306328419567,24,11,0.0,0.0,0.0,False,18,24,,,,,
500,36,35,0.0629306328419567,24,12,0.0,0.0,0.0,False,17,24,,,,,
500,36,35,0.0629306328419567,24,13,0.0,0.0,0.0,False,14,24,,,,,
500,36,30,0.0453545521298417,19,0,0.0,0.0,0.0,False,43,19,,,,,
500,36,30,0.0453545521298417,19,1,0.0,0.0,0.0,False,38,19,,,,,
500,36,30,0.0453545521298417,19,2,0.0,0.0,0.0,False,38,19,,,,,
500,36,30,0.0453545521298417,19,3,0.0,0.0,0.0,False,33,19,,,,,
500,36,30,0.0453545521298417,19,4,0.0,0.0,0.0,False,32,19,,,,,
500,36,30,0.0453545521298417,19,5,0.0,0.0,0.0,False,31,19,,,,,
500,36,30,0.0453545521298417,19,6,0.0,0.0,0.0,False,29,19,,,,,
500,36,30,0.0453545521298417,19,7,0.0,0.0,0.0,False,24,19,,,,,
500,36,30,0.0453545521298417,19,8,0.0,0.0,0.0,False,20,19,,,,,
500,36,30,0.0453545521298417,19,9,0.0,0.0,0.0,False,19,19,,,,,
500,36,30,0.0453545521298417,19,10,1.0,1.0,1.0,True,19,19,0.8785894281966927,0.9514357712786771,0.07658205023176011,"[-0.10315789473684234, 0.0]",0.10315789473684234
500,36,30,0.0453545521298417,19,11,0.0,0.0,0.0,False,18,19,,,,,
500,36,30,0.0453545521298417,19,12,0.0,0.0,0.0,False,17,19,,,,,
500,36,30,0.0453545521298417,19,13,0.0,0.0,0.0,False,14,19,,,,,
500,36,37,0.04400360145738059,24,0,0.0,0.0,0.0,False,43,24,,,,,
500,36,37,0.04400360145738059,24,1,0.0,0.0,0.0,False,38,24,,,,,
500,36,37,0.04400360145738059,24,2,0.0,0.0,0.0,False,38,24,,,,,
500,36,37,0.04400360145738059,24,3,0.0,0.0,0.0,False,33,24,,,,,
500,36,37,0.04400360145738059,24,4,0.0,0.0,0.0,False,32,24,,,,,
500,36,37,0.04400360145738059,24,5,0.0,0.0,0.0,False,31,24,,,,,
500,36,37,0.04400360145738059,24,6,0.0,0.0,0.0,False,29,24,,,,,
500,36,37,0.04400360145738059,24,7,1.0,1.0,1.0,True,24,24,0.8650522834652835,0.9460209133861134,0.08512086429397299,"[0.046666666666666856, 0.09333333333333371]",0.10434983894999061
500,36,37,0.04400360145738059,24,8,0.0,0.0,0.0,False,20,24,,,,,
500,36,37,0.04400360145738059,24,9,0.0,0.0,0.0,False,19,24,,,,,
500,36,37,0.04400360145738059,24,10,0.0,0.0,0.0,False,19,24,,,,,
500,36,37,0.04400360145738059,24,11,0.0,0.0,0.0,False,18,24,,,,,
500,36,37,0.04400360145738059,24,12,0.0,0.0,0.0,False,17,24,,,,,
500,36,37,0.04400360145738059,24,13,0.0,0.0,0.0,False,14,24,,,,,
500,36,38,0.0409844827315934,20,0,0.0,0.0,0.0,False,43,20,,,,,
500,36,38,0.0409844827315934,20,1,0.0,0.0,0.0,False,38,20,,,,,
500,36,38,0.0409844827315934,20,2,1.0,0.5263157894736842,0.6896551724137931,True,38,20,0.4875505661865628,0.608813329922901,0.32323732355956697,"[0.006292339337193198, -0.3119900356228129]",0.3120534823748302
500,36,38,0.0409844827315934,20,3,0.0,0.0,0.0,False,33,20,,,,,
500,36,38,0.0409844827315934,20,4,0.0,0.0,0.0,False,32,20,,,,,
500,36,38,0.0409844827315934,20,5,0.0,0.0,0.0,False,31,20,,,,,
500,36,38,0.0409844827315934,20,6,0.0,0.0,0.0,False,29,20,,,,,
500,36,38,0.0409844827315934,20,7,0.0,0.0,0.0,False,24,20,,,,,
500,36,38,0.0409844827315934,20,8,0.0,0.0,0.0,False,20,20,,,,,
500,36,38,0.0409844827315934,20,9,0.0,0.0,0.0,False,19,20,,,,,
500,36,38,0.0409844827315934,20,10,0.0,0.0,0.0,False,19,20,,,,,
500,36,38,0.0409844827315934,20,11,0.0,0.0,0.0,False,18,20,,,,,
500,36,38,0.0409844827315934,20,12,0.0,0.0,0.0,False,17,20,,,,,
500,36,38,0.0409844827315934,20,13,0.0,0.0,0.0,False,14,20,,,,,
500,37,2,0.5852986343563509,32,0,0.0,0.0,0.0,False,59,32,,,,,
500,37,2,0.5852986343563509,32,1,0.0,0.0,0.0,False,39,32,,,,,
500,37,2,0.5852986343563509,32,2,0.0,0.0,0.0,False,38,32,,,,,
500,37,2,0.5852986343563509,32,3,1.0,0.9142857142857143,0.9552238805970149,True,35,32,0.7935084794118096,0.8905377201229328,0.13024849292149168,"[-0.16222800757685008, 0.27304922793248876]",0.31760637165661953
500,37,2,0.5852986343563509,32,4,0.0,0.0,0.0,False,32,32,,,,,
500,37,2,0.5852986343563509,32,5,0.0,0.0,0.0,False,29,32,,,,,
500,37,2,0.5852986343563509,32,6,0.0,0.0,0.0,False,25,32,,,,,
500,37,2,0.5852986343563509,32,7,0.0,0.0,0.0,False,21,32,,,,,
500,37,2,0.5852986343563509,32,8,0.0,0.0,0.0,False,18,32,,,,,
500,37,2,0.5852986343563509,32,9,0.0,0.0,0.0,False,18,32,,,,,
500,37,2,0.5852986343563509,32,10,0.0,0.0,0.0,False,18,32,,,,,
500,37,2,0.5852986343563509,32,11,0.0,0.0,0.0,False,17,32,,,,,
500,37,2,0.5852986343563509,32,12,0.0,0.0,0.0,False,16,32,,,,,
500,37,2,0.5852986343563509,32,13,0.0,0.0,0.0,False,12,32,,,,,
500,37,29,0.22142809648287673,19,0,0.0,0.0,0.0,False,59,19,,,,,
500,37,29,0.22142809648287673,19,1,0.05263157894736842,0.02564102564102564,0.034482758620689655,False,39,19,,,,,
500,37,29,0.22142809648287673,19,2,0.0,0.0,0.0,False,38,19,,,,,
500,37,29,0.22142809648287673,19,3,0.0,0.0,0.0,False,35,19,,,,,
500,37,29,0.22142809648287673,19,4,0.0,0.0,0.0,False,32,19,,,,,
500,37,29,0.22142809648287673,19,5,0.0,0.0,0.0,False,29,19,,,,,
500,37,29,0.22142809648287673,19,6,0.05263157894736842,0.04,0.045454545454545456,False,25,19,,,,,
500,37,29,0.22142809648287673,19,7,0.0,0.0,0.0,False,21,19,,,,,
500,37,29,0.22142809648287673,19,8,0.0,0.0,0.0,False,18,19,,,,,
500,37,29,0.22142809648287673,19,9,0.0,0.0,0.0,False,18,19,,,,,
500,37,29,0.22142809648287673,19,10,0.8947368421052632,0.9444444444444444,0.918918918918919,True,18,19,0.7667413031511454,0.8580478726118096,0.14713240349459644,"[0.008964103456685635, 0.06575359639256817]",0.0663618157477545
500,37,29,0.22142809648287673,19,11,0.0,0.0,0.0,False,17,19,,,,,
500,37,29,0.22142809648287673,19,12,0.0,0.0,0.0,False,16,19,,,,,
500,37,29,0.22142809648287673,19,13,0.0,0.0,0.0,False,12,19,,,,,
500,37,35,0.0629306328419567,24,0,0.0,0.0,0.0,False,59,24,,,,,
500,37,35,0.0629306328419567,24,1,0.0,0.0,0.0,False,39,24,,,,,
500,37,35,0.0629306328419567,24,2,0.0,0.0,0.0,False,38,24,,,,,
500,37,35,0.0629306328419567,24,3,0.0,0.0,0.0,False,35,24,,,,,
500,37,35,0.0629306328419567,24,4,0.0,0.0,0.0,False,32,24,,,,,
500,37,35,0.0629306328419567,24,5,0.0,0.0,0.0,False,29,24,,,,,
500,37,35,0.0629306328419567,24,6,1.0,0.96,0.9795918367346939,True,25,24,0.8865227821423712,0.9423642148977648,0.07157793484584003,"[0.019047283890037292, 0.16710670233316804]",0.1681887302652996
500,37,35,0.0629306328419567,24,7,0.0,0.0,0.0,False,21,24,,,,,
500,37,35,0.0629306328419567,24,8,0.0,0.0,0.0,False,18,24,,,,,
500,37,35,0.0629306328419567,24,9,0.0,0.0,0.0,False,18,24,,,,,
500,37,35,0.0629306328419567,24,10,0.0,0.0,0.0,False,18,24,,,,,
500,37,35,0.0629306328419567,24,11,0.0,0.0,0.0,False,17,24,,,,,
500,37,35,0.0629306328419567,24,12,0.0,0.0,0.0,False,16,24,,,,,
500,37,35,0.0629306328419567,24,13,0.0,0.0,0.0,False,12,24,,,,,
500,37,30,0.0453545521298417,19,0,0.0,0.0,0.0,False,59,19,,,,,
500,37,30,0.0453545521298417,19,1,0.05263157894736842,0.02564102564102564,0.034482758620689655,False,39,19,,,,,
500,37,30,0.0453545521298417,19,2,0.0,0.0,0.0,False,38,19,,,,,
500,37,30,0.0453545521298417,19,3,0.0,0.0,0.0,False,35,19,,,,,
500,37,30,0.0453545521298417,19,4,0.0,0.0,0.0,False,32,19,,,,,
500,37,30,0.0453545521298417,19,5,0.0,0.0,0.0,False,29,19,,,,,
500,37,30,0.0453545521298417,19,6,0.05263157894736842,0.04,0.045454545454545456,False,25,19,,,,,
500,37,30,0.0453545521298417,19,7,0.0,0.0,0.0,False,21,19,,,,,
500,37,30,0.0453545521298417,19,8,0.0,0.0,0.0,False,18,19,,,,,
500,37,30,0.0453545521298417,19,9,0.0,0.0,0.0,False,18,19,,,,,
500,37,30,0.0453545521298417,19,10,0.8947368421052632,0.9444444444444444,0.918918918918919,True,18,19,0.7667413031511454,0.8580478726118096,0.14713240349459644,"[0.008964103456685635, 0.06575359639256817]",0.0663618157477545
500,37,30,0.0453545521298417,19,11,0.0,0.0,0.0,False,17,19,,,,,
500,37,30,0.0453545521298417,19,12,0.0,0.0,0.0,False,16,19,,,,,
500,37,30,0.0453545521298417,19,13,0.0,0.0,0.0,False,12,19,,,,,
500,37,37,0.04400360145738059,24,0,0.0,0.0,0.0,False,59,24,,,,,
500,37,37,0.04400360145738059,24,1,0.0,0.0,0.0,False,39,24,,,,,
500,37,37,0.04400360145738059,24,2,0.0,0.0,0.0,False,38,24,,,,,
500,37,37,0.04400360145738059,24,3,0.0,0.0,0.0,False,35,24,,,,,
500,37,37,0.04400360145738059,24,4,0.0,0.0,0.0,False,32,24,,,,,
500,37,37,0.04400360145738059,24,5,0.0,0.0,0.0,False,29,24,,,,,
500,37,37,0.04400360145738059,24,6,1.0,0.96,0.9795918367346939,True,25,24,0.8865227821423712,0.9423642148977648,0.07157793484584003,"[0.019047283890037292, 0.16710670233316804]",0.1681887302652996
500,37,37,0.04400360145738059,24,7,0.0,0.0,0.0,False,21,24,,,,,
500,37,37,0.04400360145738059,24,8,0.0,0.0,0.0,False,18,24,,,,,
500,37,37,0.04400360145738059,24,9,0.0,0.0,0.0,False,18,24,,,,,
500,37,37,0.04400360145738059,24,10,0.0,0.0,0.0,False,18,24,,,,,
500,37,37,0.04400360145738059,24,11,0.0,0.0,0.0,False,17,24,,,,,
500,37,37,0.04400360145738059,24,12,0.0,0.0,0.0,False,16,24,,,,,
500,37,37,0.04400360145738059,24,13,0.0,0.0,0.0,False,12,24,,,,,
500,37,38,0.0409844827315934,38,0,0.0,0.0,0.0,False,59,38,,,,,
500,37,38,0.0409844827315934,38,1,0.0,0.0,0.0,False,39,38,,,,,
500,37,38,0.0409844827315934,38,2,1.0,1.0,1.0,True,38,38,0.9113354092077056,0.9645341636830822,0.05592689372087261,"[0.0442105263157897, 0.0589473684210553]",0.07368421052631806
500,37,38,0.0409844827315934,38,3,0.0,0.0,0.0,False,35,38,,,,,
500,37,38,0.0409844827315934,38,4,0.0,0.0,0.0,False,32,38,,,,,
500,37,38,0.0409844827315934,38,5,0.0,0.0,0.0,False,29,38,,,,,
500,37,38,0.0409844827315934,38,6,0.0,0.0,0.0,False,25,38,,,,,
500,37,38,0.0409844827315934,38,7,0.0,0.0,0.0,False,21,38,,,,,
500,37,38,0.0409844827315934,38,8,0.0,0.0,0.0,False,18,38,,,,,
500,37,38,0.0409844827315934,38,9,0.0,0.0,0.0,False,18,38,,,,,
500,37,38,0.0409844827315934,38,10,0.0,0.0,0.0,False,18,38,,,,,
500,37,38,0.0409844827315934,38,11,0.0,0.0,0.0,False,17,38,,,,,
500,37,38,0.0409844827315934,38,12,0.0,0.0,0.0,False,16,38,,,,,
500,37,38,0.0409844827315934,38,13,0.0,0.0,0.0,False,12,38,,,,,
500,38,2,0.5852986343563509,35,0,0.0,0.0,0.0,False,45,35,,,,,
500,38,2,0.5852986343563509,35,1,0.0,0.0,0.0,False,39,35,,,,,
500,38,2,0.5852986343563509,35,2,1.0,0.9722222222222222,0.9859154929577465,True,36,35,0.8124803842323234,0.9165414494675772,0.11828159954164197,"[0.03980047416743737, 0.01139217958600014]",0.04139878621013578
500,38,2,0.5852986343563509,35,3,0.0,0.0,0.0,False,35,35,,,,,
500,38,2,0.5852986343563509,35,4,0.0,0.0,0.0,False,32,35,,,,,
500,38,2,0.5852986343563509,35,5,0.0,0.0,0.0,False,25,35,,,,,
500,38,2,0.5852986343563509,35,6,0.0,0.0,0.0,False,25,35,,,,,
500,38,2,0.5852986343563509,35,7,0.0,0.0,0.0,False,23,35,,,,,
500,38,2,0.5852986343563509,35,8,0.0,0.0,0.0,False,21,35,,,,,
500,38,2,0.5852986343563509,35,9,0.0,0.0,0.0,False,18,35,,,,,
500,38,2,0.5852986343563509,35,10,0.0,0.0,0.0,False,18,35,,,,,
500,38,2,0.5852986343563509,35,11,0.0,0.0,0.0,False,18,35,,,,,
500,38,2,0.5852986343563509,35,12,0.0,0.0,0.0,False,17,35,,,,,
500,38,2,0.5852986343563509,35,13,0.0,0.0,0.0,False,12,35,,,,,
500,38,2,0.5852986343563509,35,14,0.0,0.0,0.0,False,12,35,,,,,
500,38,29,0.22142809648287673,18,0,0.0,0.0,0.0,False,45,18,,,,,
500,38,29,0.22142809648287673,18,1,0.0,0.0,0.0,False,39,18,,,,,
500,38,29,0.22142809648287673,18,2,0.0,0.0,0.0,False,36,18,,,,,
500,38,29,0.22142809648287673,18,3,0.0,0.0,0.0,False,35,18,,,,,
500,38,29,0.22142809648287673,18,4,0.0,0.0,0.0,False,32,18,,,,,
500,38,29,0.22142809648287673,18,5,0.0,0.0,0.0,False,25,18,,,,,
500,38,29,0.22142809648287673,18,6,0.0,0.0,0.0,False,25,18,,,,,
500,38,29,0.22142809648287673,18,7,0.0,0.0,0.0,False,23,18,,,,,
500,38,29,0.22142809648287673,18,8,0.0,0.0,0.0,False,21,18,,,,,
500,38,29,0.22142809648287673,18,9,0.0,0.0,0.0,False,18,18,,,,,
500,38,29,0.22142809648287673,18,10,0.9444444444444444,0.9444444444444444,0.9444444444444444,True,18,18,0.835004746552293,0.9006685652875839,0.10407392535803943,"[-0.31986780152224803, 0.09414088323935843]",0.33343352613041594
500,38,29,0.22142809648287673,18,11,0.0,0.0,0.0,False,18,18,,,,,
500,38,29,0.22142809648287673,18,12,0.05555555555555555,0.058823529411764705,0.05714285714285714,False,17,18,,,,,
500,38,29,0.22142809648287673,18,13,0.0,0.0,0.0,False,12,18,,,,,
500,38,29,0.22142809648287673,18,14,0.0,0.0,0.0,False,12,18,,,,,
500,38,35,0.0629306328419567,25,0,0.0,0.0,0.0,False,45,25,,,,,
500,38,35,0.0629306328419567,25,1,0.0,0.0,0.0,False,39,25,,,,,
500,38,35,0.0629306328419567,25,2,0.0,0.0,0.0,False,36,25,,,,,
500,38,35,0.0629306328419567,25,3,0.0,0.0,0.0,False,35,25,,,,,
500,38,35,0.0629306328419567,25,4,0.0,0.0,0.0,False,32,25,,,,,
500,38,35,0.0629306328419567,25,5,1.0,1.0,1.0,True,25,25,0.9029335234222801,0.961173409368912,0.06122654456432121,"[0.02239999999999931, 0.05599999999999916]",0.06031384583990541
500,38,35,0.0629306328419567,25,6,0.0,0.0,0.0,False,25,25,,,,,
500,38,35,0.0629306328419567,25,7,0.0,0.0,0.0,False,23,25,,,,,
500,38,35,0.0629306328419567,25,8,0.0,0.0,0.0,False,21,25,,,,,
500,38,35,0.0629306328419567,25,9,0.0,0.0,0.0,False,18,25,,,,,
500,38,35,0.0629306328419567,25,10,0.0,0.0,0.0,False,18,25,,,,,
500,38,35,0.0629306328419567,25,11,0.0,0.0,0.0,False,18,25,,,,,
500,38,35,0.0629306328419567,25,12,0.0,0.0,0.0,False,17,25,,,,,
500,38,35,0.0629306328419567,25,13,0.0,0.0,0.0,False,12,25,,,,,
500,38,35,0.0629306328419567,25,14,0.0,0.0,0.0,False,12,25,,,,,
500,38,30,0.0453545521298417,18,0,0.0,0.0,0.0,False,45,18,,,,,
500,38,30,0.0453545521298417,18,1,0.0,0.0,0.0,False,39,18,,,,,
500,38,30,0.0453545521298417,18,2,0.0,0.0,0.0,False,36,18,,,,,
500,38,30,0.0453545521298417,18,3,0.0,0.0,0.0,False,35,18,,,,,
500,38,30,0.0453545521298417,18,4,0.0,0.0,0.0,False,32,18,,,,,
500,38,30,0.0453545521298417,18,5,0.0,0.0,0.0,False,25,18,,,,,
500,38,30,0.0453545521298417,18,6,0.0,0.0,0.0,False,25,18,,,,,
500,38,30,0.0453545521298417,18,7,0.0,0.0,0.0,False,23,18,,,,,
500,38,30,0.0453545521298417,18,8,0.0,0.0,0.0,False,21,18,,,,,
500,38,30,0.0453545521298417,18,9,0.0,0.0,0.0,False,18,18,,,,,
500,38,30,0.0453545521298417,18,10,0.9444444444444444,0.9444444444444444,0.9444444444444444,True,18,18,0.835004746552293,0.9006685652875839,0.10407392535803943,"[-0.31986780152224803, 0.09414088323935843]",0.33343352613041594
500,38,30,0.0453545521298417,18,11,0.0,0.0,0.0,False,18,18,,,,,
500,38,30,0.0453545521298417,18,12,0.05555555555555555,0.058823529411764705,0.05714285714285714,False,17,18,,,,,
500,38,30,0.0453545521298417,18,13,0.0,0.0,0.0,False,12,18,,,,,
500,38,30,0.0453545521298417,18,14,0.0,0.0,0.0,False,12,18,,,,,
500,38,37,0.04400360145738059,25,0,0.0,0.0,0.0,False,45,25,,,,,
500,38,37,0.04400360145738059,25,1,0.0,0.0,0.0,False,39,25,,,,,
500,38,37,0.04400360145738059,25,2,0.0,0.0,0.0,False,36,25,,,,,
500,38,37,0.04400360145738059,25,3,0.0,0.0,0.0,False,35,25,,,,,
500,38,37,0.04400360145738059,25,4,0.0,0.0,0.0,False,32,25,,,,,
500,38,37,0.04400360145738059,25,5,1.0,1.0,1.0,True,25,25,0.9029335234222801,0.961173409368912,0.06122654456432121,"[0.02239999999999931, 0.05599999999999916]",0.06031384583990541
500,38,37,0.04400360145738059,25,6,0.0,0.0,0.0,False,25,25,,,,,
500,38,37,0.04400360145738059,25,7,0.0,0.0,0.0,False,23,25,,,,,
500,38,37,0.04400360145738059,25,8,0.0,0.0,0.0,False,21,25,,,,,
500,38,37,0.04400360145738059,25,9,0.0,0.0,0.0,False,18,25,,,,,
500,38,37,0.04400360145738059,25,10,0.0,0.0,0.0,False,18,25,,,,,
500,38,37,0.04400360145738059,25,11,0.0,0.0,0.0,False,18,25,,,,,
500,38,37,0.04400360145738059,25,12,0.0,0.0,0.0,False,17,25,,,,,
500,38,37,0.04400360145738059,25,13,0.0,0.0,0.0,False,12,25,,,,,
500,38,37,0.04400360145738059,25,14,0.0,0.0,0.0,False,12,25,,,,,
500,38,38,0.0409844827315934,38,0,0.0,0.0,0.0,False,45,38,,,,,
500,38,38,0.0409844827315934,38,1,0.0,0.0,0.0,False,39,38,,,,,
500,38,38,0.0409844827315934,38,2,0.0,0.0,0.0,False,36,38,,,,,
500,38,38,0.0409844827315934,38,3,0.9210526315789473,1.0,0.958904109589041,True,35,38,0.8516642523871464,0.9160081667082832,0.09356562205519403,"[0.06462857837838598, -0.13564557333240757]",0.15025503222151576
500,38,38,0.0409844827315934,38,4,0.0,0.0,0.0,False,32,38,,,,,
500,38,38,0.0409844827315934,38,5,0.0,0.0,0.0,False,25,38,,,,,
500,38,38,0.0409844827315934,38,6,0.0,0.0,0.0,False,25,38,,,,,
500,38,38,0.0409844827315934,38,7,0.0,0.0,0.0,False,23,38,,,,,
500,38,38,0.0409844827315934,38,8,0.07894736842105263,0.14285714285714285,0.1016949152542373,False,21,38,,,,,
500,38,38,0.0409844827315934,38,9,0.0,0.0,0.0,False,18,38,,,,,
500,38,38,0.0409844827315934,38,10,0.0,0.0,0.0,False,18,38,,,,,
500,38,38,0.0409844827315934,38,11,0.0,0.0,0.0,False,18,38,,,,,
500,38,38,0.0409844827315934,38,12,0.0,0.0,0.0,False,17,38,,,,,
500,38,38,0.0409844827315934,38,13,0.0,0.0,0.0,False,12,38,,,,,
500,38,38,0.0409844827315934,38,14,0.0,0.0,0.0,False,12,38,,,,,
500,39,2,0.5852986343563509,36,0,0.0,0.0,0.0,False,45,36,,,,,
500,39,2,0.5852986343563509,36,1,0.0,0.0,0.0,False,44,36,,,,,
500,39,2,0.5852986343563509,36,2,0.0,0.0,0.0,False,38,36,,,,,
500,39,2,0.5852986343563509,36,3,0.9722222222222222,0.9210526315789473,0.9459459459459459,True,38,36,0.7677386019124375,0.8746630083325426,0.14650333814469374,"[-0.2492181866835903, 0.0841448375396685]",0.26304003166520884
500,39,2,0.5852986343563509,36,4,0.0,0.0,0.0,False,31,36,,,,,
500,39,2,0.5852986343563509,36,5,0.0,0.0,0.0,False,25,36,,,,,
500,39,2,0.5852986343563509,36,6,0.0,0.0,0.0,False,25,36,,,,,
500,39,2,0.5852986343563509,36,7,0.0,0.0,0.0,False,23,36,,,,,
500,39,2,0.5852986343563509,36,8,0.0,0.0,0.0,False,20,36,,,,,
500,39,2,0.5852986343563509,36,9,0.0,0.0,0.0,False,19,36,,,,,
500,39,2,0.5852986343563509,36,10,0.0,0.0,0.0,False,19,36,,,,,
500,39,2,0.5852986343563509,36,11,0.0,0.0,0.0,False,18,36,,,,,
500,39,2,0.5852986343563509,36,12,0.0,0.0,0.0,False,17,36,,,,,
500,39,2,0.5852986343563509,36,13,0.0,0.0,0.0,False,12,36,,,,,
500,39,29,0.22142809648287673,18,0,0.0,0.0,0.0,False,45,18,,,,,
500,39,29,0.22142809648287673,18,1,0.05555555555555555,0.022727272727272728,0.03225806451612903,False,44,18,,,,,
500,39,29,0.22142809648287673,18,2,0.0,0.0,0.0,False,38,18,,,,,
500,39,29,0.22142809648287673,18,3,0.0,0.0,0.0,False,38,18,,,,,
500,39,29,0.22142809648287673,18,4,0.0,0.0,0.0,False,31,18,,,,,
500,39,29,0.22142809648287673,18,5,0.05555555555555555,0.04,0.046511627906976744,False,25,18,,,,,
500,39,29,0.22142809648287673,18,6,0.0,0.0,0.0,False,25,18,,,,,
500,39,29,0.22142809648287673,18,7,0.0,0.0,0.0,False,23,18,,,,,
500,39,29,0.22142809648287673,18,8,0.8888888888888888,0.8,0.8421052631578947,True,20,18,0.7953926335400429,0.8234202113107539,0.1290600265140811,"[-0.004340529626418288, 0.21589089142809925]",0.2159345206284932
500,39,29,0.22142809648287673,18,9,0.0,0.0,0.0,False,19,18,,,,,
500,39,29,0.22142809648287673,18,10,0.0,0.0,0.0,False,19,18,,,,,
500,39,29,0.22142809648287673,18,11,0.0,0.0,0.0,False,18,18,,,,,
500,39,29,0.22142809648287673,18,12,0.0,0.0,0.0,False,17,18,,,,,
500,39,29,0.22142809648287673,18,13,0.0,0.0,0.0,False,12,18,,,,,
500,39,35,0.0629306328419567,25,0,0.0,0.0,0.0,False,45,25,,,,,
500,39,35,0.0629306328419567,25,1,0.0,0.0,0.0,False,44,25,,,,,
500,39,35,0.0629306328419567,25,2,0.0,0.0,0.0,False,38,25,,,,,
500,39,35,0.0629306328419567,25,3,0.0,0.0,0.0,False,38,25,,,,,
500,39,35,0.0629306328419567,25,4,0.0,0.0,0.0,False,31,25,,,,,
500,39,35,0.0629306328419567,25,5,0.96,0.96,0.96,True,25,25,0.8935638202037187,0.9334255280814875,0.06713666484365756,"[-0.026495642345926385, 0.07624572914690653]",0.08071821527057371
500,39,35,0.0629306328419567,25,6,0.0,0.0,0.0,False,25,25,,,,,
500,39,35,0.0629306328419567,25,7,0.0,0.0,0.0,False,23,25,,,,,
500,39,35,0.0629306328419567,25,8,0.04,0.05,0.044444444444444446,False,20,25,,,,,
500,39,35,0.0629306328419567,25,9,0.0,0.0,0.0,False,19,25,,,,,
500,39,35,0.0629306328419567,25,10,0.0,0.0,0.0,False,19,25,,,,,
500,39,35,0.0629306328419567,25,11,0.0,0.0,0.0,False,18,25,,,,,
500,39,35,0.0629306328419567,25,12,0.0,0.0,0.0,False,17,25,,,,,
500,39,35,0.0629306328419567,25,13,0.0,0.0,0.0,False,12,25,,,,,
500,39,30,0.0453545521298417,18,0,0.0,0.0,0.0,False,45,18,,,,,
500,39,30,0.0453545521298417,18,1,0.05555555555555555,0.022727272727272728,0.03225806451612903,False,44,18,,,,,
500,39,30,0.0453545521298417,18,2,0.0,0.0,0.0,False,38,18,,,,,
500,39,30,0.0453545521298417,18,3,0.0,0.0,0.0,False,38,18,,,,,
500,39,30,0.0453545521298417,18,4,0.0,0.0,0.0,False,31,18,,,,,
500,39,30,0.0453545521298417,18,5,0.05555555555555555,0.04,0.046511627906976744,False,25,18,,,,,
500,39,30,0.0453545521298417,18,6,0.0,0.0,0.0,False,25,18,,,,,
500,39,30,0.0453545521298417,18,7,0.0,0.0,0.0,False,23,18,,,,,
500,39,30,0.0453545521298417,18,8,0.8888888888888888,0.8,0.8421052631578947,True,20,18,0.7953926335400429,0.8234202113107539,0.1290600265140811,"[-0.004340529626418288, 0.21589089142809925]",0.2159345206284932
500,39,30,0.0453545521298417,18,9,0.0,0.0,0.0,False,19,18,,,,,
500,39,30,0.0453545521298417,18,10,0.0,0.0,0.0,False,19,18,,,,,
500,39,30,0.0453545521298417,18,11,0.0,0.0,0.0,False,18,18,,,,,
500,39,30,0.0453545521298417,18,12,0.0,0.0,0.0,False,17,18,,,,,
500,39,30,0.0453545521298417,18,13,0.0,0.0,0.0,False,12,18,,,,,
500,39,37,0.04400360145738059,25,0,0.0,0.0,0.0,False,45,25,,,,,
500,39,37,0.04400360145738059,25,1,0.0,0.0,0.0,False,44,25,,,,,
500,39,37,0.04400360145738059,25,2,0.0,0.0,0.0,False,38,25,,,,,
500,39,37,0.04400360145738059,25,3,0.0,0.0,0.0,False,38,25,,,,,
500,39,37,0.04400360145738059,25,4,0.0,0.0,0.0,False,31,25,,,,,
500,39,37,0.04400360145738059,25,5,0.96,0.96,0.96,True,25,25,0.8935638202037187,0.9334255280814875,0.06713666484365756,"[-0.026495642345926385, 0.07624572914690653]",0.08071821527057371
500,39,37,0.04400360145738059,25,6,0.0,0.0,0.0,False,25,25,,,,,
500,39,37,0.04400360145738059,25,7,0.0,0.0,0.0,False,23,25,,,,,
500,39,37,0.04400360145738059,25,8,0.04,0.05,0.044444444444444446,False,20,25,,,,,
500,39,37,0.04400360145738059,25,9,0.0,0.0,0.0,False,19,25,,,,,
500,39,37,0.04400360145738059,25,10,0.0,0.0,0.0,False,19,25,,,,,
500,39,37,0.04400360145738059,25,11,0.0,0.0,0.0,False,18,25,,,,,
500,39,37,0.04400360145738059,25,12,0.0,0.0,0.0,False,17,25,,,,,
500,39,37,0.04400360145738059,25,13,0.0,0.0,0.0,False,12,25,,,,,
500,39,38,0.0409844827315934,35,0,0.0,0.0,0.0,False,45,35,,,,,
500,39,38,0.0409844827315934,35,1,0.0,0.0,0.0,False,44,35,,,,,
500,39,38,0.0409844827315934,35,2,1.0,0.9210526315789473,0.958904109589041,True,38,35,0.8545781659753323,0.9171737321435576,0.09172761508869205,"[0.14905563214793016, 0.20196136280609167]",0.25100990725768746
500,39,38,0.0409844827315934,35,3,0.0,0.0,0.0,False,38,35,,,,,
500,39,38,0.0409844827315934,35,4,0.0,0.0,0.0,False,31,35,,,,,
500,39,38,0.0409844827315934,35,5,0.0,0.0,0.0,False,25,35,,,,,
500,39,38,0.0409844827315934,35,6,0.0,0.0,0.0,False,25,35,,,,,
500,39,38,0.0409844827315934,35,7,0.0,0.0,0.0,False,23,35,,,,,
500,39,38,0.0409844827315934,35,8,0.0,0.0,0.0,False,20,35,,,,,
500,39,38,0.0409844827315934,35,9,0.0,0.0,0.0,False,19,35,,,,,
500,39,38,0.0409844827315934,35,10,0.0,0.0,0.0,False,19,35,,,,,
500,39,38,0.0409844827315934,35,11,0.0,0.0,0.0,False,18,35,,,,,
500,39,38,0.0409844827315934,35,12,0.0,0.0,0.0,False,17,35,,,,,
500,39,38,0.0409844827315934,35,13,0.0,0.0,0.0,False,12,35,,,,,
500,40,29,0.5339459062045839,20,0,0.0,0.0,0.0,False,44,20,,,,,
500,40,29,0.5339459062045839,20,1,0.0,0.0,0.0,False,44,20,,,,,
500,40,29,0.5339459062045839,20,2,0.0,0.0,0.0,False,39,20,,,,,
500,40,29,0.5339459062045839,20,3,0.0,0.0,0.0,False,36,20,,,,,
500,40,29,0.5339459062045839,20,4,0.0,0.0,0.0,False,31,20,,,,,
500,40,29,0.5339459062045839,20,5,0.0,0.0,0.0,False,28,20,,,,,
500,40,29,0.5339459062045839,20,6,0.1,0.07407407407407407,0.0851063829787234,False,27,20,,,,,
500,40,29,0.5339459062045839,20,7,0.0,0.0,0.0,False,25,20,,,,,
500,40,29,0.5339459062045839,20,8,0.0,0.0,0.0,False,23,20,,,,,
500,40,29,0.5339459062045839,20,9,0.0,0.0,0.0,False,20,20,,,,,
500,40,29,0.5339459062045839,20,10,0.9,0.9473684210526315,0.9230769230769231,True,19,20,0.8333366531951436,0.8871808151242113,0.10512610728397116,"[-0.18238820261181488, 0.0640181308746044]",0.19329712241170693
500,40,29,0.5339459062045839,20,11,0.0,0.0,0.0,False,19,20,,,,,
500,40,29,0.5339459062045839,20,12,0.0,0.0,0.0,False,15,20,,,,,
500,40,29,0.5339459062045839,20,13,0.0,0.0,0.0,False,12,20,,,,,
500,40,35,0.151749278048032,25,0,0.0,0.0,0.0,False,44,25,,,,,
500,40,35,0.151749278048032,25,1,0.0,0.0,0.0,False,44,25,,,,,
500,40,35,0.151749278048032,25,2,0.0,0.0,0.0,False,39,25,,,,,
500,40,35,0.151749278048032,25,3,0.0,0.0,0.0,False,36,25,,,,,
500,40,35,0.151749278048032,25,4,0.0,0.0,0.0,False,31,25,,,,,
500,40,35,0.151749278048032,25,5,0.0,0.0,0.0,False,28,25,,,,,
500,40,35,0.151749278048032,25,6,0.96,0.8888888888888888,0.9230769230769231,True,27,25,0.7895925211367778,0.869683162300865,0.1327185588215996,"[-0.08749518602320805, 0.12749689224296823]",0.15463138461790618
500,40,35,0.151749278048032,25,7,0.0,0.0,0.0,False,25,25,,,,,
500,40,35,0.151749278048032,25,8,0.0,0.0,0.0,False,23,25,,,,,
500,40,35,0.151749278048032,25,9,0.0,0.0,0.0,False,20,25,,,,,
500,40,35,0.151749278048032,25,10,0.04,0.05263157894736842,0.045454545454545456,False,19,25,,,,,
500,40,35,0.151749278048032,25,11,0.0,0.0,0.0,False,19,25,,,,,
500,40,35,0.151749278048032,25,12,0.0,0.0,0.0,False,15,25,,,,,
500,40,35,0.151749278048032,25,13,0.0,0.0,0.0,False,12,25,,,,,
500,40,30,0.10936677784855584,20,0,0.0,0.0,0.0,False,44,20,,,,,
500,40,30,0.10936677784855584,20,1,0.0,0.0,0.0,False,44,20,,,,,
500,40,30,0.10936677784855584,20,2,0.0,0.0,0.0,False,39,20,,,,,
500,40,30,0.10936677784855584,20,3,0.0,0.0,0.0,False,36,20,,,,,
500,40,30,0.10936677784855584,20,4,0.0,0.0,0.0,False,31,20,,,,,
500,40,30,0.10936677784855584,20,5,0.0,0.0,0.0,False,28,20,,,,,
500,40,30,0.10936677784855584,20,6,0.1,0.07407407407407407,0.0851063829787234,False,27,20,,,,,
500,40,30,0.10936677784855584,20,7,0.0,0.0,0.0,False,25,20,,,,,
500,40,30,0.10936677784855584,20,8,0.0,0.0,0.0,False,23,20,,,,,
500,40,30,0.10936677784855584,20,9,0.0,0.0,0.0,False,20,20,,,,,
500,40,30,0.10936677784855584,20,10,0.9,0.9473684210526315,0.9230769230769231,True,19,20,0.8333366531951436,0.8871808151242113,0.10512610728397116,"[-0.18238820261181488, 0.0640181308746044]",0.19329712241170693
500,40,30,0.10936677784855584,20,11,0.0,0.0,0.0,False,19,20,,,,,
500,40,30,0.10936677784855584,20,12,0.0,0.0,0.0,False,15,20,,,,,
500,40,30,0.10936677784855584,20,13,0.0,0.0,0.0,False,12,20,,,,,
500,40,37,0.1061091308177477,25,0,0.0,0.0,0.0,False,44,25,,,,,
500,40,37,0.1061091308177477,25,1,0.0,0.0,0.0,False,44,25,,,,,
500,40,37,0.1061091308177477,25,2,0.0,0.0,0.0,False,39,25,,,,,
500,40,37,0.1061091308177477,25,3,0.0,0.0,0.0,False,36,25,,,,,
500,40,37,0.1061091308177477,25,4,0.0,0.0,0.0,False,31,25,,,,,
500,40,37,0.1061091308177477,25,5,0.0,0.0,0.0,False,28,25,,,,,
500,40,37,0.1061091308177477,25,6,0.96,0.8888888888888888,0.9230769230769231,True,27,25,0.7895925211367778,0.869683162300865,0.1327185588215996,"[-0.08749518602320805, 0.12749689224296823]",0.15463138461790618
500,40,37,0.1061091308177477,25,7,0.0,0.0,0.0,False,25,25,,,,,
500,40,37,0.1061091308177477,25,8,0.0,0.0,0.0,False,23,25,,,,,
500,40,37,0.1061091308177477,25,9,0.0,0.0,0.0,False,20,25,,,,,
500,40,37,0.1061091308177477,25,10,0.04,0.05263157894736842,0.045454545454545456,False,19,25,,,,,
500,40,37,0.1061091308177477,25,11,0.0,0.0,0.0,False,19,25,,,,,
500,40,37,0.1061091308177477,25,12,0.0,0.0,0.0,False,15,25,,,,,
500,40,37,0.1061091308177477,25,13,0.0,0.0,0.0,False,12,25,,,,,
500,40,38,0.09882890708108052,38,0,0.0,0.0,0.0,False,44,38,,,,,
500,40,38,0.09882890708108052,38,1,0.0,0.0,0.0,False,44,38,,,,,
500,40,38,0.09882890708108052,38,2,0.0,0.0,0.0,False,39,38,,,,,
500,40,38,0.09882890708108052,38,3,0.9473684210526315,1.0,0.972972972972973,True,36,38,0.9079180764781168,0.9469510143750306,0.058082441980541404,"[0.12116675768520135, -0.12129305872064933]",0.17144500360685694
500,40,38,0.09882890708108052,38,4,0.0,0.0,0.0,False,31,38,,,,,
500,40,38,0.09882890708108052,38,5,0.0,0.0,0.0,False,28,38,,,,,
500,40,38,0.09882890708108052,38,6,0.0,0.0,0.0,False,27,38,,,,,
500,40,38,0.09882890708108052,38,7,0.0,0.0,0.0,False,25,38,,,,,
500,40,38,0.09882890708108052,38,8,0.0,0.0,0.0,False,23,38,,,,,
500,40,38,0.09882890708108052,38,9,0.0,0.0,0.0,False,20,38,,,,,
500,40,38,0.09882890708108052,38,10,0.0,0.0,0.0,False,19,38,,,,,
500,40,38,0.09882890708108052,38,11,0.05263157894736842,0.10526315789473684,0.07017543859649122,False,19,38,,,,,
500,40,38,0.09882890708108052,38,12,0.0,0.0,0.0,False,15,38,,,,,
500,40,38,0.09882890708108052,38,13,0.0,0.0,0.0,False,12,38,,,,,
500,41,29,0.5339459062045839,19,0,0.0,0.0,0.0,False,45,19,,,,,
500,41,29,0.5339459062045839,19,1,0.0,0.0,0.0,False,44,19,,,,,
500,41,29,0.5339459062045839,19,2,0.0,0.0,0.0,False,38,19,,,,,
500,41,29,0.5339459062045839,19,3,1.0,0.5135135135135135,0.6785714285714286,True,37,19,0.5266672421253598,0.6178097539930011,0.29856372885401244,"[-0.11724851583599794, -0.48437670767594554]",0.4983653372825328
500,41,29,0.5339459062045839,19,4,0.0,0.0,0.0,False,35,19,,,,,
500,41,29,0.5339459062045839,19,5,0.0,0.0,0.0,False,31,19,,,,,
500,41,29,0.5339459062045839,19,6,0.0,0.0,0.0,False,25,19,,,,,
500,41,29,0.5339459062045839,19,7,0.0,0.0,0.0,False,24,19,,,,,
500,41,29,0.5339459062045839,19,8,0.0,0.0,0.0,False,21,19,,,,,
500,41,29,0.5339459062045839,19,9,0.0,0.0,0.0,False,20,19,,,,,
500,41,29,0.5339459062045839,19,10,0.0,0.0,0.0,False,19,19,,,,,
500,41,29,0.5339459062045839,19,11,0.0,0.0,0.0,False,18,19,,,,,
500,41,29,0.5339459062045839,19,12,0.0,0.0,0.0,False,16,19,,,,,
500,41,35,0.151749278048032,27,0,0.0,0.0,0.0,False,45,27,,,,,
500,41,35,0.151749278048032,27,1,0.0,0.0,0.0,False,44,27,,,,,
500,41,35,0.151749278048032,27,2,0.0,0.0,0.0,False,38,27,,,,,
500,41,35,0.151749278048032,27,3,0.1111111111111111,0.08108108108108109,0.09375,False,37,27,,,,,
500,41,35,0.151749278048032,27,4,0.0,0.0,0.0,False,35,27,,,,,
500,41,35,0.151749278048032,27,5,0.0,0.0,0.0,False,31,27,,,,,
500,41,35,0.151749278048032,27,6,0.0,0.0,0.0,False,25,27,,,,,
500,41,35,0.151749278048032,27,7,0.8888888888888888,1.0,0.9411764705882353,True,24,27,0.8173247100010714,0.8916357663533698,0.11522594801269359,"[0.21254354447909662, -0.17018265705637603]",0.27228091204215144
500,41,35,0.151749278048032,27,8,0.0,0.0,0.0,False,21,27,,,,,
500,41,35,0.151749278048032,27,9,0.0,0.0,0.0,False,20,27,,,,,
500,41,35,0.151749278048032,27,10,0.0,0.0,0.0,False,19,27,,,,,
500,41,35,0.151749278048032,27,11,0.0,0.0,0.0,False,18,27,,,,,
500,41,35,0.151749278048032,27,12,0.0,0.0,0.0,False,16,27,,,,,
500,41,30,0.10936677784855584,19,0,0.0,0.0,0.0,False,45,19,,,,,
500,41,30,0.10936677784855584,19,1,0.0,0.0,0.0,False,44,19,,,,,
500,41,30,0.10936677784855584,19,2,0.0,0.0,0.0,False,38,19,,,,,
500,41,30,0.10936677784855584,19,3,1.0,0.5135135135135135,0.6785714285714286,True,37,19,0.5266672421253598,0.6178097539930011,0.29856372885401244,"[-0.11724851583599794, -0.48437670767594554]",0.4983653372825328
500,41,30,0.10936677784855584,19,4,0.0,0.0,0.0,False,35,19,,,,,
500,41,30,0.10936677784855584,19,5,0.0,0.0,0.0,False,31,19,,,,,
500,41,30,0.10936677784855584,19,6,0.0,0.0,0.0,False,25,19,,,,,
500,41,30,0.10936677784855584,19,7,0.0,0.0,0.0,False,24,19,,,,,
500,41,30,0.10936677784855584,19,8,0.0,0.0,0.0,False,21,19,,,,,
500,41,30,0.10936677784855584,19,9,0.0,0.0,0.0,False,20,19,,,,,
500,41,30,0.10936677784855584,19,10,0.0,0.0,0.0,False,19,19,,,,,
500,41,30,0.10936677784855584,19,11,0.0,0.0,0.0,False,18,19,,,,,
500,41,30,0.10936677784855584,19,12,0.0,0.0,0.0,False,16,19,,,,,
500,41,37,0.1061091308177477,27,0,0.0,0.0,0.0,False,45,27,,,,,
500,41,37,0.1061091308177477,27,1,0.0,0.0,0.0,False,44,27,,,,,
500,41,37,0.1061091308177477,27,2,0.0,0.0,0.0,False,38,27,,,,,
500,41,37,0.1061091308177477,27,3,0.1111111111111111,0.08108108108108109,0.09375,False,37,27,,,,,
500,41,37,0.1061091308177477,27,4,0.0,0.0,0.0,False,35,27,,,,,
500,41,37,0.1061091308177477,27,5,0.0,0.0,0.0,False,31,27,,,,,
500,41,37,0.1061091308177477,27,6,0.0,0.0,0.0,False,25,27,,,,,
500,41,37,0.1061091308177477,27,7,0.8888888888888888,1.0,0.9411764705882353,True,24,27,0.8173247100010714,0.8916357663533698,0.11522594801269359,"[0.21254354447909662, -0.17018265705637603]",0.27228091204215144
500,41,37,0.1061091308177477,27,8,0.0,0.0,0.0,False,21,27,,,,,
500,41,37,0.1061091308177477,27,9,0.0,0.0,0.0,False,20,27,,,,,
500,41,37,0.1061091308177477,27,10,0.0,0.0,0.0,False,19,27,,,,,
500,41,37,0.1061091308177477,27,11,0.0,0.0,0.0,False,18,27,,,,,
500,41,37,0.1061091308177477,27,12,0.0,0.0,0.0,False,16,27,,,,,
500,41,38,0.09882890708108052,36,0,0.0,0.0,0.0,False,45,36,,,,,
500,41,38,0.09882890708108052,36,1,0.0,0.0,0.0,False,44,36,,,,,
500,41,38,0.09882890708108052,36,2,0.0,0.0,0.0,False,38,36,,,,,
500,41,38,0.09882890708108052,36,3,0.0,0.0,0.0,False,37,36,,,,,
500,41,38,0.09882890708108052,36,4,0.9722222222222222,1.0,0.9859154929577465,True,35,36,0.9177320628800321,0.9586421209266607,0.05189208154946718,"[0.14577761016686885, -0.07266830408543967]",0.16288583131941684
500,41,38,0.09882890708108052,36,5,0.0,0.0,0.0,False,31,36,,,,,
500,41,38,0.09882890708108052,36,6,0.0,0.0,0.0,False,25,36,,,,,
500,41,38,0.09882890708108052,36,7,0.0,0.0,0.0,False,24,36,,,,,
500,41,38,0.09882890708108052,36,8,0.027777777777777776,0.047619047619047616,0.03508771929824561,False,21,36,,,,,
500,41,38,0.09882890708108052,36,9,0.0,0.0,0.0,False,20,36,,,,,
500,41,38,0.09882890708108052,36,10,0.0,0.0,0.0,False,19,36,,,,,
500,41,38,0.09882890708108052,36,11,0.0,0.0,0.0,False,18,36,,,,,
500,41,38,0.09882890708108052,36,12,0.0,0.0,0.0,False,16,36,,,,,
500,42,29,0.5339459062045839,37,0,0.0,0.0,0.0,False,45,37,,,,,
500,42,29,0.5339459062045839,37,1,0.0,0.0,0.0,False,44,37,,,,,
500,42,29,0.5339459062045839,37,2,0.0,0.0,0.0,False,39,37,,,,,
500,42,29,0.5339459062045839,37,3,0.0,0.0,0.0,False,36,37,,,,,
500,42,29,0.5339459062045839,37,4,0.972972972972973,1.0,0.9863013698630136,True,36,37,0.8284708975197491,0.9231691809257078,0.10819527613816467,"[-0.10367920890353588, 0.07792453079413164]",0.1296981528717684
500,42,29,0.5339459062045839,37,5,0.0,0.0,0.0,False,31,37,,,,,
500,42,29,0.5339459062045839,37,6,0.02702702702702703,0.04,0.03225806451612903,False,25,37,,,,,
500,42,29,0.5339459062045839,37,7,0.0,0.0,0.0,False,25,37,,,,,
500,42,29,0.5339459062045839,37,8,0.0,0.0,0.0,False,21,37,,,,,
500,42,29,0.5339459062045839,37,9,0.0,0.0,0.0,False,18,37,,,,,
500,42,29,0.5339459062045839,37,10,0.0,0.0,0.0,False,16,37,,,,,
500,42,29,0.5339459062045839,37,11,0.0,0.0,0.0,False,16,37,,,,,
500,42,29,0.5339459062045839,37,12,0.0,0.0,0.0,False,15,37,,,,,
500,42,35,0.151749278048032,24,0,0.0,0.0,0.0,False,45,24,,,,,
500,42,35,0.151749278048032,24,1,0.0,0.0,0.0,False,44,24,,,,,
500,42,35,0.151749278048032,24,2,0.0,0.0,0.0,False,39,24,,,,,
500,42,35,0.151749278048032,24,3,0.0,0.0,0.0,False,36,24,,,,,
500,42,35,0.151749278048032,24,4,0.0,0.0,0.0,False,36,24,,,,,
500,42,35,0.151749278048032,24,5,0.0,0.0,0.0,False,31,24,,,,,
500,42,35,0.151749278048032,24,6,1.0,0.96,0.9795918367346939,True,25,24,0.8497917993828102,0.9276718217939404,0.09474670775395008,"[-0.033700555741667415, 0.07076980842828817]",0.07838426654803782
500,42,35,0.151749278048032,24,7,0.0,0.0,0.0,False,25,24,,,,,
500,42,35,0.151749278048032,24,8,0.0,0.0,0.0,False,21,24,,,,,
500,42,35,0.151749278048032,24,9,0.0,0.0,0.0,False,18,24,,,,,
500,42,35,0.151749278048032,24,10,0.0,0.0,0.0,False,16,24,,,,,
500,42,35,0.151749278048032,24,11,0.0,0.0,0.0,False,16,24,,,,,
500,42,35,0.151749278048032,24,12,0.0,0.0,0.0,False,15,24,,,,,
500,42,30,0.10936677784855584,37,0,0.0,0.0,0.0,False,45,37,,,,,
500,42,30,0.10936677784855584,37,1,0.0,0.0,0.0,False,44,37,,,,,
500,42,30,0.10936677784855584,37,2,0.0,0.0,0.0,False,39,37,,,,,
500,42,30,0.10936677784855584,37,3,0.0,0.0,0.0,False,36,37,,,,,
500,42,30,0.10936677784855584,37,4,0.972972972972973,1.0,0.9863013698630136,True,36,37,0.8284708975197491,0.9231691809257078,0.10819527613816467,"[-0.10367920890353588, 0.07792453079413164]",0.1296981528717684
500,42,30,0.10936677784855584,37,5,0.0,0.0,0.0,False,31,37,,,,,
500,42,30,0.10936677784855584,37,6,0.02702702702702703,0.04,0.03225806451612903,False,25,37,,,,,
500,42,30,0.10936677784855584,37,7,0.0,0.0,0.0,False,25,37,,,,,
500,42,30,0.10936677784855584,37,8,0.0,0.0,0.0,False,21,37,,,,,
500,42,30,0.10936677784855584,37,9,0.0,0.0,0.0,False,18,37,,,,,
500,42,30,0.10936677784855584,37,10,0.0,0.0,0.0,False,16,37,,,,,
500,42,30,0.10936677784855584,37,11,0.0,0.0,0.0,False,16,37,,,,,
500,42,30,0.10936677784855584,37,12,0.0,0.0,0.0,False,15,37,,,,,
500,42,37,0.1061091308177477,24,0,0.0,0.0,0.0,False,45,24,,,,,
500,42,37,0.1061091308177477,24,1,0.0,0.0,0.0,False,44,24,,,,,
500,42,37,0.1061091308177477,24,2,0.0,0.0,0.0,False,39,24,,,,,
500,42,37,0.1061091308177477,24,3,0.0,0.0,0.0,False,36,24,,,,,
500,42,37,0.1061091308177477,24,4,0.0,0.0,0.0,False,36,24,,,,,
500,42,37,0.1061091308177477,24,5,0.0,0.0,0.0,False,31,24,,,,,
500,42,37,0.1061091308177477,24,6,1.0,0.96,0.9795918367346939,True,25,24,0.8497917993828102,0.9276718217939404,0.09474670775395008,"[-0.033700555741667415, 0.07076980842828817]",0.07838426654803782
500,42,37,0.1061091308177477,24,7,0.0,0.0,0.0,False,25,24,,,,,
500,42,37,0.1061091308177477,24,8,0.0,0.0,0.0,False,21,24,,,,,
500,42,37,0.1061091308177477,24,9,0.0,0.0,0.0,False,18,24,,,,,
500,42,37,0.1061091308177477,24,10,0.0,0.0,0.0,False,16,24,,,,,
500,42,37,0.1061091308177477,24,11,0.0,0.0,0.0,False,16,24,,,,,
500,42,37,0.1061091308177477,24,12,0.0,0.0,0.0,False,15,24,,,,,
500,42,38,0.09882890708108052,35,0,0.0,0.0,0.0,False,45,35,,,,,
500,42,38,0.09882890708108052,35,1,0.0,0.0,0.0,False,44,35,,,,,
500,42,38,0.09882890708108052,35,2,0.0,0.0,0.0,False,39,35,,,,,
500,42,38,0.09882890708108052,35,3,1.0,0.9722222222222222,0.9859154929577465,True,36,35,0.892609799360657,0.9485932155189107,0.06773843181534983,"[0.2438352969977755, -0.018361193219877947]",0.24452563358153492
500,42,38,0.09882890708108052,35,4,0.0,0.0,0.0,False,36,35,,,,,
500,42,38,0.09882890708108052,35,5,0.0,0.0,0.0,False,31,35,,,,,
500,42,38,0.09882890708108052,35,6,0.0,0.0,0.0,False,25,35,,,,,
500,42,38,0.09882890708108052,35,7,0.0,0.0,0.0,False,25,35,,,,,
500,42,38,0.09882890708108052,35,8,0.0,0.0,0.0,False,21,35,,,,,
500,42,38,0.09882890708108052,35,9,0.0,0.0,0.0,False,18,35,,,,,
500,42,38,0.09882890708108052,35,10,0.0,0.0,0.0,False,16,35,,,,,
500,42,38,0.09882890708108052,35,11,0.0,0.0,0.0,False,16,35,,,,,
500,42,38,0.09882890708108052,35,12,0.0,0.0,0.0,False,15,35,,,,,
500,43,29,0.5339459062045839,36,0,0.0,0.0,0.0,False,45,36,,,,,
500,43,29,0.5339459062045839,36,1,0.0,0.0,0.0,False,43,36,,,,,
500,43,29,0.5339459062045839,36,2,0.0,0.0,0.0,False,38,36,,,,,
500,43,29,0.5339459062045839,36,3,1.0,0.972972972972973,0.9863013698630136,True,37,36,0.8070235131491444,0.914590227177466,0.12172362579350143,"[-0.07037484515051773, 0.00531871244911386]",0.07057554485851106
500,43,29,0.5339459062045839,36,4,0.0,0.0,0.0,False,35,36,,,,,
500,43,29,0.5339459062045839,36,5,0.0,0.0,0.0,False,31,36,,,,,
500,43,29,0.5339459062045839,36,6,0.0,0.0,0.0,False,28,36,,,,,
500,43,29,0.5339459062045839,36,7,0.0,0.0,0.0,False,26,36,,,,,
500,43,29,0.5339459062045839,36,8,0.0,0.0,0.0,False,24,36,,,,,
500,43,29,0.5339459062045839,36,9,0.0,0.0,0.0,False,21,36,,,,,
500,43,29,0.5339459062045839,36,10,0.0,0.0,0.0,False,17,36,,,,,
500,43,29,0.5339459062045839,36,11,0.0,0.0,0.0,False,15,36,,,,,
500,43,35,0.151749278048032,25,0,0.0,0.0,0.0,False,45,25,,,,,
500,43,35,0.151749278048032,25,1,0.0,0.0,0.0,False,43,25,,,,,
500,43,35,0.151749278048032,25,2,0.0,0.0,0.0,False,38,25,,,,,
500,43,35,0.151749278048032,25,3,0.04,0.02702702702702703,0.03225806451612903,False,37,25,,,,,
500,43,35,0.151749278048032,25,4,0.0,0.0,0.0,False,35,25,,,,,
500,43,35,0.151749278048032,25,5,0.0,0.0,0.0,False,31,25,,,,,
500,43,35,0.151749278048032,25,6,0.0,0.0,0.0,False,28,25,,,,,
500,43,35,0.151749278048032,25,7,0.0,0.0,0.0,False,26,25,,,,,
500,43,35,0.151749278048032,25,8,0.96,1.0,0.9795918367346939,True,24,25,0.8844311466913681,0.9415275607173635,0.0728972740829104,"[0.12703388907500113, -0.0007698084282896644]",0.12703622152180044
500,43,35,0.151749278048032,25,9,0.0,0.0,0.0,False,21,25,,,,,
500,43,35,0.151749278048032,25,10,0.0,0.0,0.0,False,17,25,,,,,
500,43,35,0.151749278048032,25,11,0.0,0.0,0.0,False,15,25,,,,,
500,43,30,0.10936677784855584,36,0,0.0,0.0,0.0,False,45,36,,,,,
500,43,30,0.10936677784855584,36,1,0.0,0.0,0.0,False,43,36,,,,,
500,43,30,0.10936677784855584,36,2,0.0,0.0,0.0,False,38,36,,,,,
500,43,30,0.10936677784855584,36,3,1.0,0.972972972972973,0.9863013698630136,True,37,36,0.8070235131491444,0.914590227177466,0.12172362579350143,"[-0.07037484515051773, 0.00531871244911386]",0.07057554485851106
500,43,30,0.10936677784855584,36,4,0.0,0.0,0.0,False,35,36,,,,,
500,43,30,0.10936677784855584,36,5,0.0,0.0,0.0,False,31,36,,,,,
500,43,30,0.10936677784855584,36,6,0.0,0.0,0.0,False,28,36,,,,,
500,43,30,0.10936677784855584,36,7,0.0,0.0,0.0,False,26,36,,,,,
500,43,30,0.10936677784855584,36,8,0.0,0.0,0.0,False,24,36,,,,,
500,43,30,0.10936677784855584,36,9,0.0,0.0,0.0,False,21,36,,,,,
500,43,30,0.10936677784855584,36,10,0.0,0.0,0.0,False,17,36,,,,,
500,43,30,0.10936677784855584,36,11,0.0,0.0,0.0,False,15,36,,,,,
500,43,37,0.1061091308177477,25,0,0.0,0.0,0.0,False,45,25,,,,,
500,43,37,0.1061091308177477,25,1,0.0,0.0,0.0,False,43,25,,,,,
500,43,37,0.1061091308177477,25,2,0.0,0.0,0.0,False,38,25,,,,,
500,43,37,0.1061091308177477,25,3,0.04,0.02702702702702703,0.03225806451612903,False,37,25,,,,,
500,43,37,0.1061091308177477,25,4,0.0,0.0,0.0,False,35,25,,,,,
500,43,37,0.1061091308177477,25,5,0.0,0.0,0.0,False,31,25,,,,,
500,43,37,0.1061091308177477,25,6,0.0,0.0,0.0,False,28,25,,,,,
500,43,37,0.1061091308177477,25,7,0.0,0.0,0.0,False,26,25,,,,,
500,43,37,0.1061091308177477,25,8,0.96,1.0,0.9795918367346939,True,24,25,0.8844311466913681,0.9415275607173635,0.0728972740829104,"[0.12703388907500113, -0.0007698084282896644]",0.12703622152180044
500,43,37,0.1061091308177477,25,9,0.0,0.0,0.0,False,21,25,,,,,
500,43,37,0.1061091308177477,25,10,0.0,0.0,0.0,False,17,25,,,,,
500,43,37,0.1061091308177477,25,11,0.0,0.0,0.0,False,15,25,,,,,
500,43,38,0.09882890708108052,36,0,0.0,0.0,0.0,False,45,36,,,,,
500,43,38,0.09882890708108052,36,1,0.0,0.0,0.0,False,43,36,,,,,
500,43,38,0.09882890708108052,36,2,0.0,0.0,0.0,False,38,36,,,,,
500,43,38,0.09882890708108052,36,3,0.0,0.0,0.0,False,37,36,,,,,
500,43,38,0.09882890708108052,36,4,0.0,0.0,0.0,False,35,36,,,,,
500,43,38,0.09882890708108052,36,5,0.0,0.0,0.0,False,31,36,,,,,
500,43,38,0.09882890708108052,36,6,0.7777777777777778,1.0,0.875,True,28,36,0.7107918942302258,0.8093167576920903,0.1824235678535014,"[0.6699251017914509, 0.04455643457644953]",0.6714051815948782
500,43,38,0.09882890708108052,36,7,0.0,0.0,0.0,False,26,36,,,,,
500,43,38,0.09882890708108052,36,8,0.0,0.0,0.0,False,24,36,,,,,
500,43,38,0.09882890708108052,36,9,0.0,0.0,0.0,False,21,36,,,,,
500,43,38,0.09882890708108052,36,10,0.0,0.0,0.0,False,17,36,,,,,
500,43,38,0.09882890708108052,36,11,0.0,0.0,0.0,False,15,36,,,,,
500,44,29,0.5339459062045839,37,0,0.0,0.0,0.0,False,45,37,,,,,
500,44,29,0.5339459062045839,37,1,0.0,0.0,0.0,False,42,37,,,,,
500,44,29,0.5339459062045839,37,2,0.0,0.0,0.0,False,36,37,,,,,
500,44,29,0.5339459062045839,37,3,0.972972972972973,1.0,0.9863013698630136,True,36,37,0.8391725279075686,0.9274498330808356,0.10144501721302387,"[0.0111870755380572, 0.06243740857630087]",0.06343170066156296
500,44,29,0.5339459062045839,37,4,0.02702702702702703,0.03125,0.028985507246376812,False,32,37,,,,,
500,44,29,0.5339459062045839,37,5,0.0,0.0,0.0,False,29,37,,,,,
500,44,29,0.5339459062045839,37,6,0.0,0.0,0.0,False,28,37,,,,,
500,44,29,0.5339459062045839,37,7,0.0,0.0,0.0,False,27,37,,,,,
500,44,29,0.5339459062045839,37,8,0.0,0.0,0.0,False,24,37,,,,,
500,44,29,0.5339459062045839,37,9,0.0,0.0,0.0,False,24,37,,,,,
500,44,29,0.5339459062045839,37,10,0.0,0.0,0.0,False,21,37,,,,,
500,44,29,0.5339459062045839,37,11,0.0,0.0,0.0,False,20,37,,,,,
500,44,29,0.5339459062045839,37,12,0.0,0.0,0.0,False,15,37,,,,,
500,44,35,0.151749278048032,24,0,0.0,0.0,0.0,False,45,24,,,,,
500,44,35,0.151749278048032,24,1,0.0,0.0,0.0,False,42,24,,,,,
500,44,35,0.151749278048032,24,2,0.0,0.0,0.0,False,36,24,,,,,
500,44,35,0.151749278048032,24,3,0.0,0.0,0.0,False,36,24,,,,,
500,44,35,0.151749278048032,24,4,0.0,0.0,0.0,False,32,24,,,,,
500,44,35,0.151749278048032,24,5,0.0,0.0,0.0,False,29,24,,,,,
500,44,35,0.151749278048032,24,6,0.0,0.0,0.0,False,28,24,,,,,
500,44,35,0.151749278048032,24,7,0.0,0.0,0.0,False,27,24,,,,,
500,44,35,0.151749278048032,24,8,1.0,1.0,1.0,True,24,24,0.8475732502406386,0.9390293000962554,0.09614610023949625,"[-0.023333333333333428, 0.023333333333333428]",0.03299831645537235
500,44,35,0.151749278048032,24,9,0.0,0.0,0.0,False,24,24,,,,,
500,44,35,0.151749278048032,24,10,0.0,0.0,0.0,False,21,24,,,,,
500,44,35,0.151749278048032,24,11,0.0,0.0,0.0,False,20,24,,,,,
500,44,35,0.151749278048032,24,12,0.0,0.0,0.0,False,15,24,,,,,
500,44,30,0.10936677784855584,37,0,0.0,0.0,0.0,False,45,37,,,,,
500,44,30,0.10936677784855584,37,1,0.0,0.0,0.0,False,42,37,,,,,
500,44,30,0.10936677784855584,37,2,0.0,0.0,0.0,False,36,37,,,,,
500,44,30,0.10936677784855584,37,3,0.972972972972973,1.0,0.9863013698630136,True,36,37,0.8391725279075686,0.9274498330808356,0.10144501721302387,"[0.0111870755380572, 0.06243740857630087]",0.06343170066156296
500,44,30,0.10936677784855584,37,4,0.02702702702702703,0.03125,0.028985507246376812,False,32,37,,,,,
500,44,30,0.10936677784855584,37,5,0.0,0.0,0.0,False,29,37,,,,,
500,44,30,0.10936677784855584,37,6,0.0,0.0,0.0,False,28,37,,,,,
500,44,30,0.10936677784855584,37,7,0.0,0.0,0.0,False,27,37,,,,,
500,44,30,0.10936677784855584,37,8,0.0,0.0,0.0,False,24,37,,,,,
500,44,30,0.10936677784855584,37,9,0.0,0.0,0.0,False,24,37,,,,,
500,44,30,0.10936677784855584,37,10,0.0,0.0,0.0,False,21,37,,,,,
500,44,30,0.10936677784855584,37,11,0.0,0.0,0.0,False,20,37,,,,,
500,44,30,0.10936677784855584,37,12,0.0,0.0,0.0,False,15,37,,,,,
500,44,37,0.1061091308177477,24,0,0.0,0.0,0.0,False,45,24,,,,,
500,44,37,0.1061091308177477,24,1,0.0,0.0,0.0,False,42,24,,,,,
500,44,37,0.1061091308177477,24,2,0.0,0.0,0.0,False,36,24,,,,,
500,44,37,0.1061091308177477,24,3,0.0,0.0,0.0,False,36,24,,,,,
500,44,37,0.1061091308177477,24,4,0.0,0.0,0.0,False,32,24,,,,,
500,44,37,0.1061091308177477,24,5,0.0,0.0,0.0,False,29,24,,,,,
500,44,37,0.1061091308177477,24,6,0.0,0.0,0.0,False,28,24,,,,,
500,44,37,0.1061091308177477,24,7,0.0,0.0,0.0,False,27,24,,,,,
500,44,37,0.1061091308177477,24,8,1.0,1.0,1.0,True,24,24,0.8475732502406386,0.9390293000962554,0.09614610023949625,"[-0.023333333333333428, 0.023333333333333428]",0.03299831645537235
500,44,37,0.1061091308177477,24,9,0.0,0.0,0.0,False,24,24,,,,,
500,44,37,0.1061091308177477,24,10,0.0,0.0,0.0,False,21,24,,,,,
500,44,37,0.1061091308177477,24,11,0.0,0.0,0.0,False,20,24,,,,,
500,44,37,0.1061091308177477,24,12,0.0,0.0,0.0,False,15,24,,,,,
500,44,38,0.09882890708108052,28,0,0.0,0.0,0.0,False,45,28,,,,,
500,44,38,0.09882890708108052,28,1,0.0,0.0,0.0,False,42,28,,,,,
500,44,38,0.09882890708108052,28,2,0.0,0.0,0.0,False,36,28,,,,,
500,44,38,0.09882890708108052,28,3,0.0,0.0,0.0,False,36,28,,,,,
500,44,38,0.09882890708108052,28,4,0.0,0.0,0.0,False,32,28,,,,,
500,44,38,0.09882890708108052,28,5,1.0,0.9655172413793104,0.9824561403508771,True,29,28,0.9165670831784731,0.9561005174819155,0.05262691487327613,"[0.19087996012589148, -0.005620675944086884]",0.19096269576996017
500,44,38,0.09882890708108052,28,6,0.0,0.0,0.0,False,28,28,,,,,
500,44,38,0.09882890708108052,28,7,0.0,0.0,0.0,False,27,28,,,,,
500,44,38,0.09882890708108052,28,8,0.0,0.0,0.0,False,24,28,,,,,
500,44,38,0.09882890708108052,28,9,0.0,0.0,0.0,False,24,28,,,,,
500,44,38,0.09882890708108052,28,10,0.0,0.0,0.0,False,21,28,,,,,
500,44,38,0.09882890708108052,28,11,0.0,0.0,0.0,False,20,28,,,,,
500,44,38,0.09882890708108052,28,12,0.0,0.0,0.0,False,15,28,,,,,
500,45,29,0.5339459062045839,36,0,1.0,0.972972972972973,0.9863013698630136,True,37,36,0.848387479264129,0.9311358136234598,0.09563250964313436,"[-0.17010599445697672, 0.02080583466694108]",0.1713736622307672
500,45,29,0.5339459062045839,36,1,0.0,0.0,0.0,False,35,36,,,,,
500,45,29,0.5339459062045839,36,2,0.0,0.0,0.0,False,34,36,,,,,
500,45,29,0.5339459062045839,36,3,0.0,0.0,0.0,False,31,36,,,,,
500,45,29,0.5339459062045839,36,4,0.0,0.0,0.0,False,30,36,,,,,
500,45,29,0.5339459062045839,36,5,0.0,0.0,0.0,False,30,36,,,,,
500,45,29,0.5339459062045839,36,6,0.0,0.0,0.0,False,28,36,,,,,
500,45,29,0.5339459062045839,36,7,0.0,0.0,0.0,False,27,36,,,,,
500,45,29,0.5339459062045839,36,8,0.0,0.0,0.0,False,26,36,,,,,
500,45,29,0.5339459062045839,36,9,0.0,0.0,0.0,False,24,36,,,,,
500,45,29,0.5339459062045839,36,10,0.0,0.0,0.0,False,21,36,,,,,
500,45,29,0.5339459062045839,36,11,0.0,0.0,0.0,False,15,36,,,,,
500,45,29,0.5339459062045839,36,12,0.0,0.0,0.0,False,15,36,,,,,
500,45,29,0.5339459062045839,36,13,0.0,0.0,0.0,False,14,36,,,,,
500,45,29,0.5339459062045839,36,14,0.0,0.0,0.0,False,14,36,,,,,
500,45,29,0.5339459062045839,36,15,0.0,0.0,0.0,False,13,36,,,,,
500,45,35,0.151749278048032,24,0,0.0,0.0,0.0,False,37,24,,,,,
500,45,35,0.151749278048032,24,1,0.0,0.0,0.0,False,35,24,,,,,
500,45,35,0.151749278048032,24,2,0.0,0.0,0.0,False,34,24,,,,,
500,45,35,0.151749278048032,24,3,0.0,0.0,0.0,False,31,24,,,,,
500,45,35,0.151749278048032,24,4,0.0,0.0,0.0,False,30,24,,,,,
500,45,35,0.151749278048032,24,5,0.0,0.0,0.0,False,30,24,,,,,
500,45,35,0.151749278048032,24,6,0.0,0.0,0.0,False,28,24,,,,,
500,45,35,0.151749278048032,24,7,0.0,0.0,0.0,False,27,24,,,,,
500,45,35,0.151749278048032,24,8,0.0,0.0,0.0,False,26,24,,,,,
500,45,35,0.151749278048032,24,9,1.0,1.0,1.0,True,24,24,0.8194145558647974,0.927765822345919,0.11390773759217294,"[0.046666666666666856, 0.046666666666666856]",0.0659966329107447
500,45,35,0.151749278048032,24,10,0.0,0.0,0.0,False,21,24,,,,,
500,45,35,0.151749278048032,24,11,0.0,0.0,0.0,False,15,24,,,,,
500,45,35,0.151749278048032,24,12,0.0,0.0,0.0,False,15,24,,,,,
500,45,35,0.151749278048032,24,13,0.0,0.0,0.0,False,14,24,,,,,
500,45,35,0.151749278048032,24,14,0.0,0.0,0.0,False,14,24,,,,,
500,45,35,0.151749278048032,24,15,0.0,0.0,0.0,False,13,24,,,,,
500,45,30,0.10936677784855584,36,0,1.0,0.972972972972973,0.9863013698630136,True,37,36,0.848387479264129,0.9311358136234598,0.09563250964313436,"[-0.17010599445697672, 0.02080583466694108]",0.1713736622307672
500,45,30,0.10936677784855584,36,1,0.0,0.0,0.0,False,35,36,,,,,
500,45,30,0.10936677784855584,36,2,0.0,0.0,0.0,False,34,36,,,,,
500,45,30,0.10936677784855584,36,3,0.0,0.0,0.0,False,31,36,,,,,
500,45,30,0.10936677784855584,36,4,0.0,0.0,0.0,False,30,36,,,,,
500,45,30,0.10936677784855584,36,5,0.0,0.0,0.0,False,30,36,,,,,
500,45,30,0.10936677784855584,36,6,0.0,0.0,0.0,False,28,36,,,,,
500,45,30,0.10936677784855584,36,7,0.0,0.0,0.0,False,27,36,,,,,
500,45,30,0.10936677784855584,36,8,0.0,0.0,0.0,False,26,36,,,,,
500,45,30,0.10936677784855584,36,9,0.0,0.0,0.0,False,24,36,,,,,
500,45,30,0.10936677784855584,36,10,0.0,0.0,0.0,False,21,36,,,,,
500,45,30,0.10936677784855584,36,11,0.0,0.0,0.0,False,15,36,,,,,
500,45,30,0.10936677784855584,36,12,0.0,0.0,0.0,False,15,36,,,,,
500,45,30,0.10936677784855584,36,13,0.0,0.0,0.0,False,14,36,,,,,
500,45,30,0.10936677784855584,36,14,0.0,0.0,0.0,False,14,36,,,,,
500,45,30,0.10936677784855584,36,15,0.0,0.0,0.0,False,13,36,,,,,
500,45,37,0.1061091308177477,24,0,0.0,0.0,0.0,False,37,24,,,,,
500,45,37,0.1061091308177477,24,1,0.0,0.0,0.0,False,35,24,,,,,
500,45,37,0.1061091308177477,24,2,0.0,0.0,0.0,False,34,24,,,,,
500,45,37,0.1061091308177477,24,3,0.0,0.0,0.0,False,31,24,,,,,
500,45,37,0.1061091308177477,24,4,0.0,0.0,0.0,False,30,24,,,,,
500,45,37,0.1061091308177477,24,5,0.0,0.0,0.0,False,30,24,,,,,
500,45,37,0.1061091308177477,24,6,0.0,0.0,0.0,False,28,24,,,,,
500,45,37,0.1061091308177477,24,7,0.0,0.0,0.0,False,27,24,,,,,
500,45,37,0.1061091308177477,24,8,0.0,0.0,0.0,False,26,24,,,,,
500,45,37,0.1061091308177477,24,9,1.0,1.0,1.0,True,24,24,0.8194145558647974,0.927765822345919,0.11390773759217294,"[0.046666666666666856, 0.046666666666666856]",0.0659966329107447
500,45,37,0.1061091308177477,24,10,0.0,0.0,0.0,False,21,24,,,,,
500,45,37,0.1061091308177477,24,11,0.0,0.0,0.0,False,15,24,,,,,
500,45,37,0.1061091308177477,24,12,0.0,0.0,0.0,False,15,24,,,,,
500,45,37,0.1061091308177477,24,13,0.0,0.0,0.0,False,14,24,,,,,
500,45,37,0.1061091308177477,24,14,0.0,0.0,0.0,False,14,24,,,,,
500,45,37,0.1061091308177477,24,15,0.0,0.0,0.0,False,13,24,,,,,
500,45,38,0.09882890708108052,29,0,0.0,0.0,0.0,False,37,29,,,,,
500,45,38,0.09882890708108052,29,1,0.0,0.0,0.0,False,35,29,,,,,
500,45,38,0.09882890708108052,29,2,0.0,0.0,0.0,False,34,29,,,,,
500,45,38,0.09882890708108052,29,3,0.0,0.0,0.0,False,31,29,,,,,
500,45,38,0.09882890708108052,29,4,1.0,0.9666666666666667,0.9830508474576272,True,30,29,0.8994361992117886,0.9496049881592918,0.06343254898705393,"[0.19211391011673662, -0.009894320124313793]",0.19236853181085506
500,45,38,0.09882890708108052,29,5,0.0,0.0,0.0,False,30,29,,,,,
500,45,38,0.09882890708108052,29,6,0.0,0.0,0.0,False,28,29,,,,,
500,45,38,0.09882890708108052,29,7,0.0,0.0,0.0,False,27,29,,,,,
500,45,38,0.09882890708108052,29,8,0.0,0.0,0.0,False,26,29,,,,,
500,45,38,0.09882890708108052,29,9,0.0,0.0,0.0,False,24,29,,,,,
500,45,38,0.09882890708108052,29,10,0.0,0.0,0.0,False,21,29,,,,,
500,45,38,0.09882890708108052,29,11,0.0,0.0,0.0,False,15,29,,,,,
500,45,38,0.09882890708108052,29,12,0.0,0.0,0.0,False,15,29,,,,,
500,45,38,0.09882890708108052,29,13,0.0,0.0,0.0,False,14,29,,,,,
500,45,38,0.09882890708108052,29,14,0.0,0.0,0.0,False,14,29,,,,,
500,45,38,0.09882890708108052,29,15,0.0,0.0,0.0,False,13,29,,,,,
500,46,29,0.5339459062045839,37,0,1.0,0.9736842105263158,0.9866666666666667,True,38,37,0.8437950746013494,0.9295180298405398,0.09852925709556652,"[-0.14359872246962357, -0.10694499818083258]",0.1790469930794881
500,46,29,0.5339459062045839,37,1,0.0,0.0,0.0,False,34,37,,,,,
500,46,29,0.5339459062045839,37,2,0.0,0.0,0.0,False,33,37,,,,,
500,46,29,0.5339459062045839,37,3,0.0,0.0,0.0,False,31,37,,,,,
500,46,29,0.5339459062045839,37,4,0.0,0.0,0.0,False,30,37,,,,,
500,46,29,0.5339459062045839,37,5,0.0,0.0,0.0,False,30,37,,,,,
500,46,29,0.5339459062045839,37,6,0.0,0.0,0.0,False,28,37,,,,,
500,46,29,0.5339459062045839,37,7,0.0,0.0,0.0,False,28,37,,,,,
500,46,29,0.5339459062045839,37,8,0.0,0.0,0.0,False,25,37,,,,,
500,46,29,0.5339459062045839,37,9,0.0,0.0,0.0,False,24,37,,,,,
500,46,29,0.5339459062045839,37,10,0.0,0.0,0.0,False,21,37,,,,,
500,46,29,0.5339459062045839,37,11,0.0,0.0,0.0,False,20,37,,,,,
500,46,29,0.5339459062045839,37,12,0.0,0.0,0.0,False,16,37,,,,,
500,46,29,0.5339459062045839,37,13,0.0,0.0,0.0,False,14,37,,,,,
500,46,29,0.5339459062045839,37,14,0.0,0.0,0.0,False,13,37,,,,,
500,46,35,0.151749278048032,24,0,0.0,0.0,0.0,False,38,24,,,,,
500,46,35,0.151749278048032,24,1,0.0,0.0,0.0,False,34,24,,,,,
500,46,35,0.151749278048032,24,2,0.0,0.0,0.0,False,33,24,,,,,
500,46,35,0.151749278048032,24,3,0.0,0.0,0.0,False,31,24,,,,,
500,46,35,0.151749278048032,24,4,0.0,0.0,0.0,False,30,24,,,,,
500,46,35,0.151749278048032,24,5,0.0,0.0,0.0,False,30,24,,,,,
500,46,35,0.151749278048032,24,6,0.0,0.0,0.0,False,28,24,,,,,
500,46,35,0.151749278048032,24,7,0.0,0.0,0.0,False,28,24,,,,,
500,46,35,0.151749278048032,24,8,0.0,0.0,0.0,False,25,24,,,,,
500,46,35,0.151749278048032,24,9,1.0,1.0,1.0,True,24,24,0.8714847544140494,0.9485939017656198,0.08106345968747142,"[0.03500000000000014, 0.05833333333333357]",0.06802777210652879
500,46,35,0.151749278048032,24,10,0.0,0.0,0.0,False,21,24,,,,,
500,46,35,0.151749278048032,24,11,0.0,0.0,0.0,False,20,24,,,,,
500,46,35,0.151749278048032,24,12,0.0,0.0,0.0,False,16,24,,,,,
500,46,35,0.151749278048032,24,13,0.0,0.0,0.0,False,14,24,,,,,
500,46,35,0.151749278048032,24,14,0.0,0.0,0.0,False,13,24,,,,,
500,46,30,0.10936677784855584,37,0,1.0,0.9736842105263158,0.9866666666666667,True,38,37,0.8437950746013494,0.9295180298405398,0.09852925709556652,"[-0.14359872246962357, -0.10694499818083258]",0.1790469930794881
500,46,30,0.10936677784855584,37,1,0.0,0.0,0.0,False,34,37,,,,,
500,46,30,0.10936677784855584,37,2,0.0,0.0,0.0,False,33,37,,,,,
500,46,30,0.10936677784855584,37,3,0.0,0.0,0.0,False,31,37,,,,,
500,46,30,0.10936677784855584,37,4,0.0,0.0,0.0,False,30,37,,,,,
500,46,30,0.10936677784855584,37,5,0.0,0.0,0.0,False,30,37,,,,,
500,46,30,0.10936677784855584,37,6,0.0,0.0,0.0,False,28,37,,,,,
500,46,30,0.10936677784855584,37,7,0.0,0.0,0.0,False,28,37,,,,,
500,46,30,0.10936677784855584,37,8,0.0,0.0,0.0,False,25,37,,,,,
500,46,30,0.10936677784855584,37,9,0.0,0.0,0.0,False,24,37,,,,,
500,46,30,0.10936677784855584,37,10,0.0,0.0,0.0,False,21,37,,,,,
500,46,30,0.10936677784855584,37,11,0.0,0.0,0.0,False,20,37,,,,,
500,46,30,0.10936677784855584,37,12,0.0,0.0,0.0,False,16,37,,,,,
500,46,30,0.10936677784855584,37,13,0.0,0.0,0.0,False,14,37,,,,,
500,46,30,0.10936677784855584,37,14,0.0,0.0,0.0,False,13,37,,,,,
500,46,37,0.1061091308177477,24,0,0.0,0.0,0.0,False,38,24,,,,,
500,46,37,0.1061091308177477,24,1,0.0,0.0,0.0,False,34,24,,,,,
500,46,37,0.1061091308177477,24,2,0.0,0.0,0.0,False,33,24,,,,,
500,46,37,0.1061091308177477,24,3,0.0,0.0,0.0,False,31,24,,,,,
500,46,37,0.1061091308177477,24,4,0.0,0.0,0.0,False,30,24,,,,,
500,46,37,0.1061091308177477,24,5,0.0,0.0,0.0,False,30,24,,,,,
500,46,37,0.1061091308177477,24,6,0.0,0.0,0.0,False,28,24,,,,,
500,46,37,0.1061091308177477,24,7,0.0,0.0,0.0,False,28,24,,,,,
500,46,37,0.1061091308177477,24,8,0.0,0.0,0.0,False,25,24,,,,,
500,46,37,0.1061091308177477,24,9,1.0,1.0,1.0,True,24,24,0.8714847544140494,0.9485939017656198,0.08106345968747142,"[0.03500000000000014, 0.05833333333333357]",0.06802777210652879
500,46,37,0.1061091308177477,24,10,0.0,0.0,0.0,False,21,24,,,,,
500,46,37,0.1061091308177477,24,11,0.0,0.0,0.0,False,20,24,,,,,
500,46,37,0.1061091308177477,24,12,0.0,0.0,0.0,False,16,24,,,,,
500,46,37,0.1061091308177477,24,13,0.0,0.0,0.0,False,14,24,,,,,
500,46,37,0.1061091308177477,24,14,0.0,0.0,0.0,False,13,24,,,,,
500,46,38,0.09882890708108052,30,0,0.0,0.0,0.0,False,38,30,,,,,
500,46,38,0.09882890708108052,30,1,0.0,0.0,0.0,False,34,30,,,,,
500,46,38,0.09882890708108052,30,2,0.0,0.0,0.0,False,33,30,,,,,
500,46,38,0.09882890708108052,30,3,0.0,0.0,0.0,False,31,30,,,,,
500,46,38,0.09882890708108052,30,4,1.0,1.0,1.0,True,30,30,0.9422312079994064,0.9768924831997625,0.03643877518330777,"[0.28000000000000025, 0.0]",0.28000000000000025
500,46,38,0.09882890708108052,30,5,0.0,0.0,0.0,False,30,30,,,,,
500,46,38,0.09882890708108052,30,6,0.0,0.0,0.0,False,28,30,,,,,
500,46,38,0.09882890708108052,30,7,0.0,0.0,0.0,False,28,30,,,,,
500,46,38,0.09882890708108052,30,8,0.0,0.0,0.0,False,25,30,,,,,
500,46,38,0.09882890708108052,30,9,0.0,0.0,0.0,False,24,30,,,,,
500,46,38,0.09882890708108052,30,10,0.0,0.0,0.0,False,21,30,,,,,
500,46,38,0.09882890708108052,30,11,0.0,0.0,0.0,False,20,30,,,,,
500,46,38,0.09882890708108052,30,12,0.0,0.0,0.0,False,16,30,,,,,
500,46,38,0.09882890708108052,30,13,0.0,0.0,0.0,False,14,30,,,,,
500,46,38,0.09882890708108052,30,14,0.0,0.0,0.0,False,13,30,,,,,
500,47,29,0.5339459062045839,38,0,0.0,0.0,0.0,False,42,38,,,,,
500,47,29,0.5339459062045839,38,1,1.0,1.0,1.0,True,38,38,0.8475461942685802,0.9390184777074321,0.09616316631356595,"[-0.10315789473684234, 0.05894736842105175]",0.11881221944860997
500,47,29,0.5339459062045839,38,2,0.0,0.0,0.0,False,34,38,,,,,
500,47,29,0.5339459062045839,38,3,0.0,0.0,0.0,False,32,38,,,,,
500,47,29,0.5339459062045839,38,4,0.0,0.0,0.0,False,31,38,,,,,
500,47,29,0.5339459062045839,38,5,0.0,0.0,0.0,False,30,38,,,,,
500,47,29,0.5339459062045839,38,6,0.0,0.0,0.0,False,30,38,,,,,
500,47,29,0.5339459062045839,38,7,0.0,0.0,0.0,False,26,38,,,,,
500,47,29,0.5339459062045839,38,8,0.0,0.0,0.0,False,24,38,,,,,
500,47,29,0.5339459062045839,38,9,0.0,0.0,0.0,False,23,38,,,,,
500,47,29,0.5339459062045839,38,10,0.0,0.0,0.0,False,21,38,,,,,
500,47,29,0.5339459062045839,38,11,0.0,0.0,0.0,False,20,38,,,,,
500,47,29,0.5339459062045839,38,12,0.0,0.0,0.0,False,15,38,,,,,
500,47,29,0.5339459062045839,38,13,0.0,0.0,0.0,False,13,38,,,,,
500,47,35,0.151749278048032,24,0,0.0,0.0,0.0,False,42,24,,,,,
500,47,35,0.151749278048032,24,1,0.0,0.0,0.0,False,38,24,,,,,
500,47,35,0.151749278048032,24,2,0.0,0.0,0.0,False,34,24,,,,,
500,47,35,0.151749278048032,24,3,0.0,0.0,0.0,False,32,24,,,,,
500,47,35,0.151749278048032,24,4,0.0,0.0,0.0,False,31,24,,,,,
500,47,35,0.151749278048032,24,5,0.0,0.0,0.0,False,30,24,,,,,
500,47,35,0.151749278048032,24,6,0.0,0.0,0.0,False,30,24,,,,,
500,47,35,0.151749278048032,24,7,0.041666666666666664,0.038461538461538464,0.04,False,26,24,,,,,
500,47,35,0.151749278048032,24,8,0.0,0.0,0.0,False,24,24,,,,,
500,47,35,0.151749278048032,24,9,0.9583333333333334,1.0,0.9787234042553191,True,23,24,0.8158157093925562,0.9135603263102139,0.11617777913155437,"[-0.028044208750944932, 0.17405839307779125]",0.1763031532482884
500,47,35,0.151749278048032,24,10,0.0,0.0,0.0,False,21,24,,,,,
500,47,35,0.151749278048032,24,11,0.0,0.0,0.0,False,20,24,,,,,
500,47,35,0.151749278048032,24,12,0.0,0.0,0.0,False,15,24,,,,,
500,47,35,0.151749278048032,24,13,0.0,0.0,0.0,False,13,24,,,,,
500,47,30,0.10936677784855584,38,0,0.0,0.0,0.0,False,42,38,,,,,
500,47,30,0.10936677784855584,38,1,1.0,1.0,1.0,True,38,38,0.8475461942685802,0.9390184777074321,0.09616316631356595,"[-0.10315789473684234, 0.05894736842105175]",0.11881221944860997
500,47,30,0.10936677784855584,38,2,0.0,0.0,0.0,False,34,38,,,,,
500,47,30,0.10936677784855584,38,3,0.0,0.0,0.0,False,32,38,,,,,
500,47,30,0.10936677784855584,38,4,0.0,0.0,0.0,False,31,38,,,,,
500,47,30,0.10936677784855584,38,5,0.0,0.0,0.0,False,30,38,,,,,
500,47,30,0.10936677784855584,38,6,0.0,0.0,0.0,False,30,38,,,,,
500,47,30,0.10936677784855584,38,7,0.0,0.0,0.0,False,26,38,,,,,
500,47,30,0.10936677784855584,38,8,0.0,0.0,0.0,False,24,38,,,,,
500,47,30,0.10936677784855584,38,9,0.0,0.0,0.0,False,23,38,,,,,
500,47,30,0.10936677784855584,38,10,0.0,0.0,0.0,False,21,38,,,,,
500,47,30,0.10936677784855584,38,11,0.0,0.0,0.0,False,20,38,,,,,
500,47,30,0.10936677784855584,38,12,0.0,0.0,0.0,False,15,38,,,,,
500,47,30,0.10936677784855584,38,13,0.0,0.0,0.0,False,13,38,,,,,
500,47,37,0.1061091308177477,24,0,0.0,0.0,0.0,False,42,24,,,,,
500,47,37,0.1061091308177477,24,1,0.0,0.0,0.0,False,38,24,,,,,
500,47,37,0.1061091308177477,24,2,0.0,0.0,0.0,False,34,24,,,,,
500,47,37,0.1061091308177477,24,3,0.0,0.0,0.0,False,32,24,,,,,
500,47,37,0.1061091308177477,24,4,0.0,0.0,0.0,False,31,24,,,,,
500,47,37,0.1061091308177477,24,5,0.0,0.0,0.0,False,30,24,,,,,
500,47,37,0.1061091308177477,24,6,0.0,0.0,0.0,False,30,24,,,,,
500,47,37,0.1061091308177477,24,7,0.041666666666666664,0.038461538461538464,0.04,False,26,24,,,,,
500,47,37,0.1061091308177477,24,8,0.0,0.0,0.0,False,24,24,,,,,
500,47,37,0.1061091308177477,24,9,0.9583333333333334,1.0,0.9787234042553191,True,23,24,0.8158157093925562,0.9135603263102139,0.11617777913155437,"[-0.028044208750944932, 0.17405839307779125]",0.1763031532482884
500,47,37,0.1061091308177477,24,10,0.0,0.0,0.0,False,21,24,,,,,
500,47,37,0.1061091308177477,24,11,0.0,0.0,0.0,False,20,24,,,,,
500,47,37,0.1061091308177477,24,12,0.0,0.0,0.0,False,15,24,,,,,
500,47,37,0.1061091308177477,24,13,0.0,0.0,0.0,False,13,24,,,,,
500,47,38,0.09882890708108052,30,0,0.0,0.0,0.0,False,42,30,,,,,
500,47,38,0.09882890708108052,30,1,0.0,0.0,0.0,False,38,30,,,,,
500,47,38,0.09882890708108052,30,2,0.0,0.0,0.0,False,34,30,,,,,
500,47,38,0.09882890708108052,30,3,0.0,0.0,0.0,False,32,30,,,,,
500,47,38,0.09882890708108052,30,4,0.0,0.0,0.0,False,31,30,,,,,
500,47,38,0.09882890708108052,30,5,1.0,1.0,1.0,True,30,30,0.9475689571680407,0.9790275828672163,0.03307188736715344,"[0.27066666666666706, 0.009333333333334082]",0.2708275383995427
500,47,38,0.09882890708108052,30,6,0.0,0.0,0.0,False,30,30,,,,,
500,47,38,0.09882890708108052,30,7,0.0,0.0,0.0,False,26,30,,,,,
500,47,38,0.09882890708108052,30,8,0.0,0.0,0.0,False,24,30,,,,,
500,47,38,0.09882890708108052,30,9,0.0,0.0,0.0,False,23,30,,,,,
500,47,38,0.09882890708108052,30,10,0.0,0.0,0.0,False,21,30,,,,,
500,47,38,0.09882890708108052,30,11,0.0,0.0,0.0,False,20,30,,,,,
500,47,38,0.09882890708108052,30,12,0.0,0.0,0.0,False,15,30,,,,,
500,47,38,0.09882890708108052,30,13,0.0,0.0,0.0,False,13,30,,,,,
500,48,29,0.5339459062045839,38,0,0.0,0.0,0.0,False,42,38,,,,,
500,48,29,0.5339459062045839,38,1,0.9473684210526315,1.0,0.972972972972973,True,36,38,0.8284176327248313,0.9151508368737163,0.10822887393067478,"[-0.10312058429719428, 0.08758237401191238]",0.1352942243532859
500,48,29,0.5339459062045839,38,2,0.0,0.0,0.0,False,34,38,,,,,
500,48,29,0.5339459062045839,38,3,0.0,0.0,0.0,False,34,38,,,,,
500,48,29,0.5339459062045839,38,4,0.0,0.0,0.0,False,32,38,,,,,
500,48,29,0.5339459062045839,38,5,0.02631578947368421,0.03225806451612903,0.028985507246376812,False,31,38,,,,,
500,48,29,0.5339459062045839,38,6,0.0,0.0,0.0,False,31,38,,,,,
500,48,29,0.5339459062045839,38,7,0.0,0.0,0.0,False,30,38,,,,,
500,48,29,0.5339459062045839,38,8,0.0,0.0,0.0,False,24,38,,,,,
500,48,29,0.5339459062045839,38,9,0.0,0.0,0.0,False,21,38,,,,,
500,48,29,0.5339459062045839,38,10,0.02631578947368421,0.058823529411764705,0.03636363636363636,False,17,38,,,,,
500,48,29,0.5339459062045839,38,11,0.0,0.0,0.0,False,16,38,,,,,
500,48,29,0.5339459062045839,38,12,0.0,0.0,0.0,False,14,38,,,,,
500,48,29,0.5339459062045839,38,13,0.0,0.0,0.0,False,12,38,,,,,
500,48,35,0.151749278048032,23,0,0.0,0.0,0.0,False,42,23,,,,,
500,48,35,0.151749278048032,23,1,0.0,0.0,0.0,False,36,23,,,,,
500,48,35,0.151749278048032,23,2,0.30434782608695654,0.20588235294117646,0.24561403508771928,True,34,23,0.43541356561876043,0.3215338473001358,0.35612373812060916,"[4.180868907989167, -0.9250741845392056]",4.281988681990111
500,48,35,0.151749278048032,23,3,0.0,0.0,0.0,False,34,23,,,,,
500,48,35,0.151749278048032,23,4,0.0,0.0,0.0,False,32,23,,,,,
500,48,35,0.151749278048032,23,5,0.0,0.0,0.0,False,31,23,,,,,
500,48,35,0.151749278048032,23,6,0.0,0.0,0.0,False,31,23,,,,,
500,48,35,0.151749278048032,23,7,0.0,0.0,0.0,False,30,23,,,,,
500,48,35,0.151749278048032,23,8,0.0,0.0,0.0,False,24,23,,,,,
500,48,35,0.151749278048032,23,9,0.0,0.0,0.0,False,21,23,,,,,
500,48,35,0.151749278048032,23,10,0.0,0.0,0.0,False,17,23,,,,,
500,48,35,0.151749278048032,23,11,0.6956521739130435,1.0,0.8205128205128205,True,16,23,0.7074656910696588,0.7752939687355558,0.18452163438708347,"[-0.28889520192362816, 0.3180446770619696]",0.4296659799215507
500,48,35,0.151749278048032,23,12,0.0,0.0,0.0,False,14,23,,,,,
500,48,35,0.151749278048032,23,13,0.0,0.0,0.0,False,12,23,,,,,
500,48,30,0.10936677784855584,38,0,0.0,0.0,0.0,False,42,38,,,,,
500,48,30,0.10936677784855584,38,1,0.9473684210526315,1.0,0.972972972972973,True,36,38,0.8284176327248313,0.9151508368737163,0.10822887393067478,"[-0.10312058429719428, 0.08758237401191238]",0.1352942243532859
500,48,30,0.10936677784855584,38,2,0.0,0.0,0.0,False,34,38,,,,,
500,48,30,0.10936677784855584,38,3,0.0,0.0,0.0,False,34,38,,,,,
500,48,30,0.10936677784855584,38,4,0.0,0.0,0.0,False,32,38,,,,,
500,48,30,0.10936677784855584,38,5,0.02631578947368421,0.03225806451612903,0.028985507246376812,False,31,38,,,,,
500,48,30,0.10936677784855584,38,6,0.0,0.0,0.0,False,31,38,,,,,
500,48,30,0.10936677784855584,38,7,0.0,0.0,0.0,False,30,38,,,,,
500,48,30,0.10936677784855584,38,8,0.0,0.0,0.0,False,24,38,,,,,
500,48,30,0.10936677784855584,38,9,0.0,0.0,0.0,False,21,38,,,,,
500,48,30,0.10936677784855584,38,10,0.02631578947368421,0.058823529411764705,0.03636363636363636,False,17,38,,,,,
500,48,30,0.10936677784855584,38,11,0.0,0.0,0.0,False,16,38,,,,,
500,48,30,0.10936677784855584,38,12,0.0,0.0,0.0,False,14,38,,,,,
500,48,30,0.10936677784855584,38,13,0.0,0.0,0.0,False,12,38,,,,,
500,48,37,0.1061091308177477,23,0,0.0,0.0,0.0,False,42,23,,,,,
500,48,37,0.1061091308177477,23,1,0.0,0.0,0.0,False,36,23,,,,,
500,48,37,0.1061091308177477,23,2,0.30434782608695654,0.20588235294117646,0.24561403508771928,True,34,23,0.43541356561876043,0.3215338473001358,0.35612373812060916,"[4.180868907989167, -0.9250741845392056]",4.281988681990111
500,48,37,0.1061091308177477,23,3,0.0,0.0,0.0,False,34,23,,,,,
500,48,37,0.1061091308177477,23,4,0.0,0.0,0.0,False,32,23,,,,,
500,48,37,0.1061091308177477,23,5,0.0,0.0,0.0,False,31,23,,,,,
500,48,37,0.1061091308177477,23,6,0.0,0.0,0.0,False,31,23,,,,,
500,48,37,0.1061091308177477,23,7,0.0,0.0,0.0,False,30,23,,,,,
500,48,37,0.1061091308177477,23,8,0.0,0.0,0.0,False,24,23,,,,,
500,48,37,0.1061091308177477,23,9,0.0,0.0,0.0,False,21,23,,,,,
500,48,37,0.1061091308177477,23,10,0.0,0.0,0.0,False,17,23,,,,,
500,48,37,0.1061091308177477,23,11,0.6956521739130435,1.0,0.8205128205128205,True,16,23,0.7074656910696588,0.7752939687355558,0.18452163438708347,"[-0.28889520192362816, 0.3180446770619696]",0.4296659799215507
500,48,37,0.1061091308177477,23,12,0.0,0.0,0.0,False,14,23,,,,,
500,48,37,0.1061091308177477,23,13,0.0,0.0,0.0,False,12,23,,,,,
500,48,38,0.09882890708108052,30,0,0.0,0.0,0.0,False,42,30,,,,,
500,48,38,0.09882890708108052,30,1,0.0,0.0,0.0,False,36,30,,,,,
500,48,38,0.09882890708108052,30,2,0.0,0.0,0.0,False,34,30,,,,,
500,48,38,0.09882890708108052,30,3,0.0,0.0,0.0,False,34,30,,,,,
500,48,38,0.09882890708108052,30,4,0.0,0.0,0.0,False,32,30,,,,,
500,48,38,0.09882890708108052,30,5,1.0,0.967741935483871,0.9836065573770492,True,31,30,0.9527650035889624,0.9712699358618144,0.029794381280959792,"[0.29920230705038886, -0.07128999337786723]",0.30757809366092953
500,48,38,0.09882890708108052,30,6,0.0,0.0,0.0,False,31,30,,,,,
500,48,38,0.09882890708108052,30,7,0.0,0.0,0.0,False,30,30,,,,,
500,48,38,0.09882890708108052,30,8,0.0,0.0,0.0,False,24,30,,,,,
500,48,38,0.09882890708108052,30,9,0.0,0.0,0.0,False,21,30,,,,,
500,48,38,0.09882890708108052,30,10,0.0,0.0,0.0,False,17,30,,,,,
500,48,38,0.09882890708108052,30,11,0.0,0.0,0.0,False,16,30,,,,,
500,48,38,0.09882890708108052,30,12,0.0,0.0,0.0,False,14,30,,,,,
500,48,38,0.09882890708108052,30,13,0.0,0.0,0.0,False,12,30,,,,,
500,49,29,0.5419991825512893,36,0,0.0,0.0,0.0,False,36,36,,,,,
500,49,29,0.5419991825512893,36,1,0.0,0.0,0.0,False,35,36,,,,,
500,49,29,0.5419991825512893,36,2,0.0,0.0,0.0,False,33,36,,,,,
500,49,29,0.5419991825512893,36,3,0.0,0.0,0.0,False,32,36,,,,,
500,49,29,0.5419991825512893,36,4,0.027777777777777776,0.03225806451612903,0.029850746268656716,False,31,36,,,,,
500,49,29,0.5419991825512893,36,5,0.8611111111111112,1.0,0.9253731343283582,True,31,36,0.7605799751279259,0.8594558706481852,0.15101877949266834,"[-0.5379189305274563, 0.16906955147158698]",0.5638628282256297
500,49,29,0.5419991825512893,36,6,0.0,0.0,0.0,False,30,36,,,,,
500,49,29,0.5419991825512893,36,7,0.0,0.0,0.0,False,25,36,,,,,
500,49,29,0.5419991825512893,36,8,0.0,0.0,0.0,False,23,36,,,,,
500,49,29,0.5419991825512893,36,9,0.0,0.0,0.0,False,21,36,,,,,
500,49,29,0.5419991825512893,36,10,0.0,0.0,0.0,False,21,36,,,,,
500,49,29,0.5419991825512893,36,11,0.0,0.0,0.0,False,20,36,,,,,
500,49,29,0.5419991825512893,36,12,0.1111111111111111,0.21052631578947367,0.14545454545454545,False,19,36,,,,,
500,49,41,0.13246809318224104,16,0,0.0,0.0,0.0,False,36,16,,,,,
500,49,41,0.13246809318224104,16,1,0.0625,0.02857142857142857,0.0392156862745098,False,35,16,,,,,
500,49,41,0.13246809318224104,16,2,0.0,0.0,0.0,False,33,16,,,,,
500,49,41,0.13246809318224104,16,3,0.0,0.0,0.0,False,32,16,,,,,
500,49,41,0.13246809318224104,16,4,0.0,0.0,0.0,False,31,16,,,,,
500,49,41,0.13246809318224104,16,5,0.0,0.0,0.0,False,31,16,,,,,
500,49,41,0.13246809318224104,16,6,0.0,0.0,0.0,False,30,16,,,,,
500,49,41,0.13246809318224104,16,7,0.0,0.0,0.0,False,25,16,,,,,
500,49,41,0.13246809318224104,16,8,0.0,0.0,0.0,False,23,16,,,,,
500,49,41,0.13246809318224104,16,9,0.0,0.0,0.0,False,21,16,,,,,
500,49,41,0.13246809318224104,16,10,0.0,0.0,0.0,False,21,16,,,,,
500,49,41,0.13246809318224104,16,11,0.0,0.0,0.0,False,20,16,,,,,
500,49,41,0.13246809318224104,16,12,0.9375,0.7894736842105263,0.8571428571428571,True,19,16,0.7671423710106738,0.8211426626899838,0.14687942223844597,"[-0.13341956808816846, 0.11378918534622606]",0.17535324305695407
500,49,30,0.11101630989839179,36,0,0.0,0.0,0.0,False,36,36,,,,,
500,49,30,0.11101630989839179,36,1,0.0,0.0,0.0,False,35,36,,,,,
500,49,30,0.11101630989839179,36,2,0.0,0.0,0.0,False,33,36,,,,,
500,49,30,0.11101630989839179,36,3,0.0,0.0,0.0,False,32,36,,,,,
500,49,30,0.11101630989839179,36,4,0.027777777777777776,0.03225806451612903,0.029850746268656716,False,31,36,,,,,
500,49,30,0.11101630989839179,36,5,0.8611111111111112,1.0,0.9253731343283582,True,31,36,0.7605799751279259,0.8594558706481852,0.15101877949266834,"[-0.5379189305274563, 0.16906955147158698]",0.5638628282256297
500,49,30,0.11101630989839179,36,6,0.0,0.0,0.0,False,30,36,,,,,
500,49,30,0.11101630989839179,36,7,0.0,0.0,0.0,False,25,36,,,,,
500,49,30,0.11101630989839179,36,8,0.0,0.0,0.0,False,23,36,,,,,
500,49,30,0.11101630989839179,36,9,0.0,0.0,0.0,False,21,36,,,,,
500,49,30,0.11101630989839179,36,10,0.0,0.0,0.0,False,21,36,,,,,
500,49,30,0.11101630989839179,36,11,0.0,0.0,0.0,False,20,36,,,,,
500,49,30,0.11101630989839179,36,12,0.1111111111111111,0.21052631578947367,0.14545454545454545,False,19,36,,,,,
500,49,38,0.10031950096056962,31,0,0.0,0.0,0.0,False,36,31,,,,,
500,49,38,0.10031950096056962,31,1,0.0,0.0,0.0,False,35,31,,,,,
500,49,38,0.10031950096056962,31,2,0.0,0.0,0.0,False,33,31,,,,,
500,49,38,0.10031950096056962,31,3,0.03225806451612903,0.03125,0.031746031746031744,False,32,31,,,,,
500,49,38,0.10031950096056962,31,4,0.967741935483871,0.967741935483871,0.967741935483871,True,31,31,0.8749146419140418,0.9306110180559394,0.07889999226521727,"[0.19743682637401605, -0.13691652647440478]",0.2402653442143909
500,49,38,0.10031950096056962,31,5,0.0,0.0,0.0,False,31,31,,,,,
500,49,38,0.10031950096056962,31,6,0.0,0.0,0.0,False,30,31,,,,,
500,49,38,0.10031950096056962,31,7,0.0,0.0,0.0,False,25,31,,,,,
500,49,38,0.10031950096056962,31,8,0.0,0.0,0.0,False,23,31,,,,,
500,49,38,0.10031950096056962,31,9,0.0,0.0,0.0,False,21,31,,,,,
500,49,38,0.10031950096056962,31,10,0.0,0.0,0.0,False,21,31,,,,,
500,49,38,0.10031950096056962,31,11,0.0,0.0,0.0,False,20,31,,,,,
500,49,38,0.10031950096056962,31,12,0.0,0.0,0.0,False,19,31,,,,,
500,49,43,0.09262695947853503,16,0,0.0,0.0,0.0,False,36,16,,,,,
500,49,43,0.09262695947853503,16,1,0.0625,0.02857142857142857,0.0392156862745098,False,35,16,,,,,
500,49,43,0.09262695947853503,16,2,0.0,0.0,0.0,False,33,16,,,,,
500,49,43,0.09262695947853503,16,3,0.0,0.0,0.0,False,32,16,,,,,
500,49,43,0.09262695947853503,16,4,0.0,0.0,0.0,False,31,16,,,,,
500,49,43,0.09262695947853503,16,5,0.0,0.0,0.0,False,31,16,,,,,
500,49,43,0.09262695947853503,16,6,0.0,0.0,0.0,False,30,16,,,,,
500,49,43,0.09262695947853503,16,7,0.0,0.0,0.0,False,25,16,,,,,
500,49,43,0.09262695947853503,16,8,0.0,0.0,0.0,False,23,16,,,,,
500,49,43,0.09262695947853503,16,9,0.0,0.0,0.0,False,21,16,,,,,
500,49,43,0.09262695947853503,16,10,0.0,0.0,0.0,False,21,16,,,,,
500,49,43,0.09262695947853503,16,11,0.0,0.0,0.0,False,20,16,,,,,
500,49,43,0.09262695947853503,16,12,0.9375,0.7894736842105263,0.8571428571428571,True,19,16,0.7671423710106738,0.8211426626899838,0.14687942223844597,"[-0.13341956808816846, 0.11378918534622606]",0.17535324305695407
500,49,40,0.02156995392897318,34,0,0.0,0.0,0.0,False,36,34,,,,,
500,49,40,0.02156995392897318,34,1,1.0,0.9714285714285714,0.9855072463768116,True,35,34,0.8207598299191758,0.9196082797937574,0.11305918014221045,"[-0.2614529473979026, -0.02512298775690347]",0.2626572066722783
500,49,40,0.02156995392897318,34,2,0.0,0.0,0.0,False,33,34,,,,,
500,49,40,0.02156995392897318,34,3,0.0,0.0,0.0,False,32,34,,,,,
500,49,40,0.02156995392897318,34,4,0.0,0.0,0.0,False,31,34,,,,,
500,49,40,0.02156995392897318,34,5,0.0,0.0,0.0,False,31,34,,,,,
500,49,40,0.02156995392897318,34,6,0.0,0.0,0.0,False,30,34,,,,,
500,49,40,0.02156995392897318,34,7,0.0,0.0,0.0,False,25,34,,,,,
500,49,40,0.02156995392897318,34,8,0.0,0.0,0.0,False,23,34,,,,,
500,49,40,0.02156995392897318,34,9,0.0,0.0,0.0,False,21,34,,,,,
500,49,40,0.02156995392897318,34,10,0.0,0.0,0.0,False,21,34,,,,,
500,49,40,0.02156995392897318,34,11,0.0,0.0,0.0,False,20,34,,,,,
500,49,40,0.02156995392897318,34,12,0.0,0.0,0.0,False,19,34,,,,,
500,50,29,0.5419991825512893,31,0,0.0,0.0,0.0,False,35,31,,,,,
500,50,29,0.5419991825512893,31,1,0.0,0.0,0.0,False,33,31,,,,,
500,50,29,0.5419991825512893,31,2,0.0,0.0,0.0,False,32,31,,,,,
500,50,29,0.5419991825512893,31,3,0.0,0.0,0.0,False,32,31,,,,,
500,50,29,0.5419991825512893,31,4,0.0,0.0,0.0,False,31,31,,,,,
500,50,29,0.5419991825512893,31,5,1.0,1.0,1.0,True,31,31,0.8765508846072088,0.9506203538428835,0.07786790075738326,"[-0.1896774193548385, 0.0]",0.1896774193548385
500,50,29,0.5419991825512893,31,6,0.0,0.0,0.0,False,30,31,,,,,
500,50,29,0.5419991825512893,31,7,0.0,0.0,0.0,False,25,31,,,,,
500,50,29,0.5419991825512893,31,8,0.0,0.0,0.0,False,22,31,,,,,
500,50,29,0.5419991825512893,31,9,0.0,0.0,0.0,False,21,31,,,,,
500,50,29,0.5419991825512893,31,10,0.0,0.0,0.0,False,20,31,,,,,
500,50,29,0.5419991825512893,31,11,0.0,0.0,0.0,False,20,31,,,,,
500,50,29,0.5419991825512893,31,12,0.0,0.0,0.0,False,19,31,,,,,
500,50,29,0.5419991825512893,31,13,0.0,0.0,0.0,False,19,31,,,,,
500,50,41,0.13246809318224104,19,0,0.0,0.0,0.0,False,35,19,,,,,
500,50,41,0.13246809318224104,19,1,0.0,0.0,0.0,False,33,19,,,,,
500,50,41,0.13246809318224104,19,2,0.0,0.0,0.0,False,32,19,,,,,
500,50,41,0.13246809318224104,19,3,0.0,0.0,0.0,False,32,19,,,,,
500,50,41,0.13246809318224104,19,4,0.0,0.0,0.0,False,31,19,,,,,
500,50,41,0.13246809318224104,19,5,0.0,0.0,0.0,False,31,19,,,,,
500,50,41,0.13246809318224104,19,6,0.0,0.0,0.0,False,30,19,,,,,
500,50,41,0.13246809318224104,19,7,0.0,0.0,0.0,False,25,19,,,,,
500,50,41,0.13246809318224104,19,8,0.0,0.0,0.0,False,22,19,,,,,
500,50,41,0.13246809318224104,19,9,0.0,0.0,0.0,False,21,19,,,,,
500,50,41,0.13246809318224104,19,10,1.0,0.95,0.9743589743589743,True,20,19,0.8563149436480847,0.9271413620746185,0.09063210921139829,"[0.03861652595371545, -0.007810630921952111]",0.039398502917407076
500,50,41,0.13246809318224104,19,11,0.0,0.0,0.0,False,20,19,,,,,
500,50,41,0.13246809318224104,19,12,0.0,0.0,0.0,False,19,19,,,,,
500,50,41,0.13246809318224104,19,13,0.0,0.0,0.0,False,19,19,,,,,
500,50,30,0.11101630989839179,31,0,0.0,0.0,0.0,False,35,31,,,,,
500,50,30,0.11101630989839179,31,1,0.0,0.0,0.0,False,33,31,,,,,
500,50,30,0.11101630989839179,31,2,0.0,0.0,0.0,False,32,31,,,,,
500,50,30,0.11101630989839179,31,3,0.0,0.0,0.0,False,32,31,,,,,
500,50,30,0.11101630989839179,31,4,0.0,0.0,0.0,False,31,31,,,,,
500,50,30,0.11101630989839179,31,5,1.0,1.0,1.0,True,31,31,0.8765508846072088,0.9506203538428835,0.07786790075738326,"[-0.1896774193548385, 0.0]",0.1896774193548385
500,50,30,0.11101630989839179,31,6,0.0,0.0,0.0,False,30,31,,,,,
500,50,30,0.11101630989839179,31,7,0.0,0.0,0.0,False,25,31,,,,,
500,50,30,0.11101630989839179,31,8,0.0,0.0,0.0,False,22,31,,,,,
500,50,30,0.11101630989839179,31,9,0.0,0.0,0.0,False,21,31,,,,,
500,50,30,0.11101630989839179,31,10,0.0,0.0,0.0,False,20,31,,,,,
500,50,30,0.11101630989839179,31,11,0.0,0.0,0.0,False,20,31,,,,,
500,50,30,0.11101630989839179,31,12,0.0,0.0,0.0,False,19,31,,,,,
500,50,30,0.11101630989839179,31,13,0.0,0.0,0.0,False,19,31,,,,,
500,50,38,0.10031950096056962,31,0,0.0,0.0,0.0,False,35,31,,,,,
500,50,38,0.10031950096056962,31,1,0.0,0.0,0.0,False,33,31,,,,,
500,50,38,0.10031950096056962,31,2,1.0,0.96875,0.9841269841269841,True,32,31,0.8812516757523423,0.9429768607771274,0.07490278644930765,"[0.3058606783295348, -0.004698677642092974]",0.3058967670960049
500,50,38,0.10031950096056962,31,3,0.0,0.0,0.0,False,32,31,,,,,
500,50,38,0.10031950096056962,31,4,0.0,0.0,0.0,False,31,31,,,,,
500,50,38,0.10031950096056962,31,5,0.0,0.0,0.0,False,31,31,,,,,
500,50,38,0.10031950096056962,31,6,0.0,0.0,0.0,False,30,31,,,,,
500,50,38,0.10031950096056962,31,7,0.0,0.0,0.0,False,25,31,,,,,
500,50,38,0.10031950096056962,31,8,0.0,0.0,0.0,False,22,31,,,,,
500,50,38,0.10031950096056962,31,9,0.0,0.0,0.0,False,21,31,,,,,
500,50,38,0.10031950096056962,31,10,0.0,0.0,0.0,False,20,31,,,,,
500,50,38,0.10031950096056962,31,11,0.0,0.0,0.0,False,20,31,,,,,
500,50,38,0.10031950096056962,31,12,0.0,0.0,0.0,False,19,31,,,,,
500,50,38,0.10031950096056962,31,13,0.0,0.0,0.0,False,19,31,,,,,
500,50,43,0.09262695947853503,19,0,0.0,0.0,0.0,False,35,19,,,,,
500,50,43,0.09262695947853503,19,1,0.0,0.0,0.0,False,33,19,,,,,
500,50,43,0.09262695947853503,19,2,0.0,0.0,0.0,False,32,19,,,,,
500,50,43,0.09262695947853503,19,3,0.0,0.0,0.0,False,32,19,,,,,
500,50,43,0.09262695947853503,19,4,0.0,0.0,0.0,False,31,19,,,,,
500,50,43,0.09262695947853503,19,5,0.0,0.0,0.0,False,31,19,,,,,
500,50,43,0.09262695947853503,19,6,0.0,0.0,0.0,False,30,19,,,,,
500,50,43,0.09262695947853503,19,7,0.0,0.0,0.0,False,25,19,,,,,
500,50,43,0.09262695947853503,19,8,0.0,0.0,0.0,False,22,19,,,,,
500,50,43,0.09262695947853503,19,9,0.0,0.0,0.0,False,21,19,,,,,
500,50,43,0.09262695947853503,19,10,1.0,0.95,0.9743589743589743,True,20,19,0.8563149436480847,0.9271413620746185,0.09063210921139829,"[0.03861652595371545, -0.007810630921952111]",0.039398502917407076
500,50,43,0.09262695947853503,19,11,0.0,0.0,0.0,False,20,19,,,,,
500,50,43,0.09262695947853503,19,12,0.0,0.0,0.0,False,19,19,,,,,
500,50,43,0.09262695947853503,19,13,0.0,0.0,0.0,False,19,19,,,,,
500,50,40,0.02156995392897318,35,0,0.0,0.0,0.0,False,35,35,,,,,
500,50,40,0.02156995392897318,35,1,0.0,0.0,0.0,False,33,35,,,,,
500,50,40,0.02156995392897318,35,2,0.0,0.0,0.0,False,32,35,,,,,
500,50,40,0.02156995392897318,35,3,0.9142857142857143,1.0,0.9552238805970149,True,32,35,0.8143956087300201,0.898892571850217,0.11707353490188946,"[-0.3841418631324611, 0.13971870785663043]",0.4087618968739686
500,50,40,0.02156995392897318,35,4,0.0,0.0,0.0,False,31,35,,,,,
500,50,40,0.02156995392897318,35,5,0.0,0.0,0.0,False,31,35,,,,,
500,50,40,0.02156995392897318,35,6,0.0,0.0,0.0,False,30,35,,,,,
500,50,40,0.02156995392897318,35,7,0.0,0.0,0.0,False,25,35,,,,,
500,50,40,0.02156995392897318,35,8,0.0,0.0,0.0,False,22,35,,,,,
500,50,40,0.02156995392897318,35,9,0.0,0.0,0.0,False,21,35,,,,,
500,50,40,0.02156995392897318,35,10,0.02857142857142857,0.05,0.03636363636363636,False,20,35,,,,,
500,50,40,0.02156995392897318,35,11,0.0,0.0,0.0,False,20,35,,,,,
500,50,40,0.02156995392897318,35,12,0.05714285714285714,0.10526315789473684,0.07407407407407407,False,19,35,,,,,
500,50,40,0.02156995392897318,35,13,0.0,0.0,0.0,False,19,35,,,,,
500,51,29,0.5419991825512893,31,0,0.0,0.0,0.0,False,34,31,,,,,
500,51,29,0.5419991825512893,31,1,0.0,0.0,0.0,False,33,31,,,,,
500,51,29,0.5419991825512893,31,2,0.0,0.0,0.0,False,32,31,,,,,
500,51,29,0.5419991825512893,31,3,0.0,0.0,0.0,False,32,31,,,,,
500,51,29,0.5419991825512893,31,4,1.0,1.0,1.0,True,31,31,0.8735644026936841,0.9494257610774737,0.07975168158899254,"[-0.1806451612903226, 0.02709677419354861]",0.18266611472657657
500,51,29,0.5419991825512893,31,5,0.0,0.0,0.0,False,30,31,,,,,
500,51,29,0.5419991825512893,31,6,0.0,0.0,0.0,False,30,31,,,,,
500,51,29,0.5419991825512893,31,7,0.0,0.0,0.0,False,26,31,,,,,
500,51,29,0.5419991825512893,31,8,0.0,0.0,0.0,False,21,31,,,,,
500,51,29,0.5419991825512893,31,9,0.0,0.0,0.0,False,21,31,,,,,
500,51,29,0.5419991825512893,31,10,0.0,0.0,0.0,False,20,31,,,,,
500,51,29,0.5419991825512893,31,11,0.0,0.0,0.0,False,20,31,,,,,
500,51,29,0.5419991825512893,31,12,0.0,0.0,0.0,False,19,31,,,,,
500,51,29,0.5419991825512893,31,13,0.0,0.0,0.0,False,18,31,,,,,
500,51,29,0.5419991825512893,31,14,0.0,0.0,0.0,False,12,31,,,,,
500,51,41,0.13246809318224104,20,0,0.0,0.0,0.0,False,34,20,,,,,
500,51,41,0.13246809318224104,20,1,0.0,0.0,0.0,False,33,20,,,,,
500,51,41,0.13246809318224104,20,2,0.0,0.0,0.0,False,32,20,,,,,
500,51,41,0.13246809318224104,20,3,0.0,0.0,0.0,False,32,20,,,,,
500,51,41,0.13246809318224104,20,4,0.0,0.0,0.0,False,31,20,,,,,
500,51,41,0.13246809318224104,20,5,0.0,0.0,0.0,False,30,20,,,,,
500,51,41,0.13246809318224104,20,6,0.0,0.0,0.0,False,30,20,,,,,
500,51,41,0.13246809318224104,20,7,0.0,0.0,0.0,False,26,20,,,,,
500,51,41,0.13246809318224104,20,8,0.0,0.0,0.0,False,21,20,,,,,
500,51,41,0.13246809318224104,20,9,0.0,0.0,0.0,False,21,20,,,,,
500,51,41,0.13246809318224104,20,10,0.0,0.0,0.0,False,20,20,,,,,
500,51,41,0.13246809318224104,20,11,1.0,1.0,1.0,True,20,20,0.8207334234074746,0.9282933693629898,0.1130758365566851,"[0.0, 0.1399999999999988]",0.1399999999999988
500,51,41,0.13246809318224104,20,12,0.0,0.0,0.0,False,19,20,,,,,
500,51,41,0.13246809318224104,20,13,0.0,0.0,0.0,False,18,20,,,,,
500,51,41,0.13246809318224104,20,14,0.0,0.0,0.0,False,12,20,,,,,
500,51,30,0.11101630989839179,31,0,0.0,0.0,0.0,False,34,31,,,,,
500,51,30,0.11101630989839179,31,1,0.0,0.0,0.0,False,33,31,,,,,
500,51,30,0.11101630989839179,31,2,0.0,0.0,0.0,False,32,31,,,,,
500,51,30,0.11101630989839179,31,3,0.0,0.0,0.0,False,32,31,,,,,
500,51,30,0.11101630989839179,31,4,1.0,1.0,1.0,True,31,31,0.8735644026936841,0.9494257610774737,0.07975168158899254,"[-0.1806451612903226, 0.02709677419354861]",0.18266611472657657
500,51,30,0.11101630989839179,31,5,0.0,0.0,0.0,False,30,31,,,,,
500,51,30,0.11101630989839179,31,6,0.0,0.0,0.0,False,30,31,,,,,
500,51,30,0.11101630989839179,31,7,0.0,0.0,0.0,False,26,31,,,,,
500,51,30,0.11101630989839179,31,8,0.0,0.0,0.0,False,21,31,,,,,
500,51,30,0.11101630989839179,31,9,0.0,0.0,0.0,False,21,31,,,,,
500,51,30,0.11101630989839179,31,10,0.0,0.0,0.0,False,20,31,,,,,
500,51,30,0.11101630989839179,31,11,0.0,0.0,0.0,False,20,31,,,,,
500,51,30,0.11101630989839179,31,12,0.0,0.0,0.0,False,19,31,,,,,
500,51,30,0.11101630989839179,31,13,0.0,0.0,0.0,False,18,31,,,,,
500,51,30,0.11101630989839179,31,14,0.0,0.0,0.0,False,12,31,,,,,
500,51,38,0.10031950096056962,32,0,0.0,0.0,0.0,False,34,32,,,,,
500,51,38,0.10031950096056962,32,1,1.0,0.9696969696969697,0.9846153846153847,True,33,32,0.8474838950077813,0.9297627887723434,0.09620246276896557,"[0.2620651498323481, 0.045208747362341484]",0.2659360329002504
500,51,38,0.10031950096056962,32,2,0.0,0.0,0.0,False,32,32,,,,,
500,51,38,0.10031950096056962,32,3,0.0,0.0,0.0,False,32,32,,,,,
500,51,38,0.10031950096056962,32,4,0.0,0.0,0.0,False,31,32,,,,,
500,51,38,0.10031950096056962,32,5,0.0,0.0,0.0,False,30,32,,,,,
500,51,38,0.10031950096056962,32,6,0.0,0.0,0.0,False,30,32,,,,,
500,51,38,0.10031950096056962,32,7,0.0,0.0,0.0,False,26,32,,,,,
500,51,38,0.10031950096056962,32,8,0.0,0.0,0.0,False,21,32,,,,,
500,51,38,0.10031950096056962,32,9,0.0,0.0,0.0,False,21,32,,,,,
500,51,38,0.10031950096056962,32,10,0.0,0.0,0.0,False,20,32,,,,,
500,51,38,0.10031950096056962,32,11,0.0,0.0,0.0,False,20,32,,,,,
500,51,38,0.10031950096056962,32,12,0.0,0.0,0.0,False,19,32,,,,,
500,51,38,0.10031950096056962,32,13,0.0,0.0,0.0,False,18,32,,,,,
500,51,38,0.10031950096056962,32,14,0.0,0.0,0.0,False,12,32,,,,,
500,51,43,0.09262695947853503,20,0,0.0,0.0,0.0,False,34,20,,,,,
500,51,43,0.09262695947853503,20,1,0.0,0.0,0.0,False,33,20,,,,,
500,51,43,0.09262695947853503,20,2,0.0,0.0,0.0,False,32,20,,,,,
500,51,43,0.09262695947853503,20,3,0.0,0.0,0.0,False,32,20,,,,,
500,51,43,0.09262695947853503,20,4,0.0,0.0,0.0,False,31,20,,,,,
500,51,43,0.09262695947853503,20,5,0.0,0.0,0.0,False,30,20,,,,,
500,51,43,0.09262695947853503,20,6,0.0,0.0,0.0,False,30,20,,,,,
500,51,43,0.09262695947853503,20,7,0.0,0.0,0.0,False,26,20,,,,,
500,51,43,0.09262695947853503,20,8,0.0,0.0,0.0,False,21,20,,,,,
500,51,43,0.09262695947853503,20,9,0.0,0.0,0.0,False,21,20,,,,,
500,51,43,0.09262695947853503,20,10,0.0,0.0,0.0,False,20,20,,,,,
500,51,43,0.09262695947853503,20,11,1.0,1.0,1.0,True,20,20,0.8207334234074746,0.9282933693629898,0.1130758365566851,"[0.0, 0.1399999999999988]",0.1399999999999988
500,51,43,0.09262695947853503,20,12,0.0,0.0,0.0,False,19,20,,,,,
500,51,43,0.09262695947853503,20,13,0.0,0.0,0.0,False,18,20,,,,,
500,51,43,0.09262695947853503,20,14,0.0,0.0,0.0,False,12,20,,,,,
500,51,40,0.02156995392897318,32,0,0.0,0.0,0.0,False,34,32,,,,,
500,51,40,0.02156995392897318,32,1,0.0,0.0,0.0,False,33,32,,,,,
500,51,40,0.02156995392897318,32,2,0.0,0.0,0.0,False,32,32,,,,,
500,51,40,0.02156995392897318,32,3,1.0,1.0,1.0,True,32,32,0.9022306432126339,0.9608922572850536,0.061669899757551314,"[-0.21000000000000085, 0.0]",0.21000000000000085
500,51,40,0.02156995392897318,32,4,0.0,0.0,0.0,False,31,32,,,,,
500,51,40,0.02156995392897318,32,5,0.0,0.0,0.0,False,30,32,,,,,
500,51,40,0.02156995392897318,32,6,0.0,0.0,0.0,False,30,32,,,,,
500,51,40,0.02156995392897318,32,7,0.0,0.0,0.0,False,26,32,,,,,
500,51,40,0.02156995392897318,32,8,0.0,0.0,0.0,False,21,32,,,,,
500,51,40,0.02156995392897318,32,9,0.0,0.0,0.0,False,21,32,,,,,
500,51,40,0.02156995392897318,32,10,0.0,0.0,0.0,False,20,32,,,,,
500,51,40,0.02156995392897318,32,11,0.0,0.0,0.0,False,20,32,,,,,
500,51,40,0.02156995392897318,32,12,0.0,0.0,0.0,False,19,32,,,,,
500,51,40,0.02156995392897318,32,13,0.0,0.0,0.0,False,18,32,,,,,
500,51,40,0.02156995392897318,32,14,0.0,0.0,0.0,False,12,32,,,,,
500,52,29,0.5419991825512893,31,0,0.0,0.0,0.0,False,41,31,,,,,
500,52,29,0.5419991825512893,31,1,0.0,0.0,0.0,False,36,31,,,,,
500,52,29,0.5419991825512893,31,2,0.0,0.0,0.0,False,33,31,,,,,
500,52,29,0.5419991825512893,31,3,0.0,0.0,0.0,False,32,31,,,,,
500,52,29,0.5419991825512893,31,4,1.0,1.0,1.0,True,31,31,0.8550601486144808,0.9420240594457923,0.0914235952810768,"[-0.16258064516129078, 0.04516129032257865]",0.16873650560759454
500,52,29,0.5419991825512893,31,5,0.0,0.0,0.0,False,31,31,,,,,
500,52,29,0.5419991825512893,31,6,0.0,0.0,0.0,False,31,31,,,,,
500,52,29,0.5419991825512893,31,7,0.0,0.0,0.0,False,21,31,,,,,
500,52,29,0.5419991825512893,31,8,0.0,0.0,0.0,False,21,31,,,,,
500,52,29,0.5419991825512893,31,9,0.0,0.0,0.0,False,20,31,,,,,
500,52,29,0.5419991825512893,31,10,0.0,0.0,0.0,False,19,31,,,,,
500,52,29,0.5419991825512893,31,11,0.0,0.0,0.0,False,19,31,,,,,
500,52,29,0.5419991825512893,31,12,0.0,0.0,0.0,False,15,31,,,,,
500,52,29,0.5419991825512893,31,13,0.0,0.0,0.0,False,14,31,,,,,
500,52,29,0.5419991825512893,31,14,0.0,0.0,0.0,False,13,31,,,,,
500,52,41,0.13246809318224104,20,0,0.0,0.0,0.0,False,41,20,,,,,
500,52,41,0.13246809318224104,20,1,0.2,0.1111111111111111,0.14285714285714285,False,36,20,,,,,
500,52,41,0.13246809318224104,20,2,0.05,0.030303030303030304,0.03773584905660377,False,33,20,,,,,
500,52,41,0.13246809318224104,20,3,0.0,0.0,0.0,False,32,20,,,,,
500,52,41,0.13246809318224104,20,4,0.0,0.0,0.0,False,31,20,,,,,
500,52,41,0.13246809318224104,20,5,0.0,0.0,0.0,False,31,20,,,,,
500,52,41,0.13246809318224104,20,6,0.0,0.0,0.0,False,31,20,,,,,
500,52,41,0.13246809318224104,20,7,0.0,0.0,0.0,False,21,20,,,,,
500,52,41,0.13246809318224104,20,8,0.0,0.0,0.0,False,21,20,,,,,
500,52,41,0.13246809318224104,20,9,0.0,0.0,0.0,False,20,20,,,,,
500,52,41,0.13246809318224104,20,10,0.0,0.0,0.0,False,19,20,,,,,
500,52,41,0.13246809318224104,20,11,0.0,0.0,0.0,False,19,20,,,,,
500,52,41,0.13246809318224104,20,12,0.75,1.0,0.8571428571428571,True,15,20,0.7843617210024495,0.828030402686694,0.13601798648007735,"[0.014875645402042892, 0.06751634111524574]",0.06913567200597345
500,52,41,0.13246809318224104,20,13,0.0,0.0,0.0,False,14,20,,,,,
500,52,41,0.13246809318224104,20,14,0.0,0.0,0.0,False,13,20,,,,,
500,52,30,0.11101630989839179,31,0,0.0,0.0,0.0,False,41,31,,,,,
500,52,30,0.11101630989839179,31,1,0.0,0.0,0.0,False,36,31,,,,,
500,52,30,0.11101630989839179,31,2,0.0,0.0,0.0,False,33,31,,,,,
500,52,30,0.11101630989839179,31,3,0.0,0.0,0.0,False,32,31,,,,,
500,52,30,0.11101630989839179,31,4,1.0,1.0,1.0,True,31,31,0.8550601486144808,0.9420240594457923,0.0914235952810768,"[-0.16258064516129078, 0.04516129032257865]",0.16873650560759454
500,52,30,0.11101630989839179,31,5,0.0,0.0,0.0,False,31,31,,,,,
500,52,30,0.11101630989839179,31,6,0.0,0.0,0.0,False,31,31,,,,,
500,52,30,0.11101630989839179,31,7,0.0,0.0,0.0,False,21,31,,,,,
500,52,30,0.11101630989839179,31,8,0.0,0.0,0.0,False,21,31,,,,,
500,52,30,0.11101630989839179,31,9,0.0,0.0,0.0,False,20,31,,,,,
500,52,30,0.11101630989839179,31,10,0.0,0.0,0.0,False,19,31,,,,,
500,52,30,0.11101630989839179,31,11,0.0,0.0,0.0,False,19,31,,,,,
500,52,30,0.11101630989839179,31,12,0.0,0.0,0.0,False,15,31,,,,,
500,52,30,0.11101630989839179,31,13,0.0,0.0,0.0,False,14,31,,,,,
500,52,30,0.11101630989839179,31,14,0.0,0.0,0.0,False,13,31,,,,,
500,52,38,0.10031950096056962,33,0,0.030303030303030304,0.024390243902439025,0.02702702702702703,False,41,33,,,,,
500,52,38,0.10031950096056962,33,1,0.9696969696969697,0.8888888888888888,0.927536231884058,True,36,33,0.8216744519252746,0.8851915199005447,0.11248226474370959,"[0.3830285040607775, 0.1822668710453641]",0.424183978013909
500,52,38,0.10031950096056962,33,2,0.0,0.0,0.0,False,33,33,,,,,
500,52,38,0.10031950096056962,33,3,0.0,0.0,0.0,False,32,33,,,,,
500,52,38,0.10031950096056962,33,4,0.0,0.0,0.0,False,31,33,,,,,
500,52,38,0.10031950096056962,33,5,0.0,0.0,0.0,False,31,33,,,,,
500,52,38,0.10031950096056962,33,6,0.0,0.0,0.0,False,31,33,,,,,
500,52,38,0.10031950096056962,33,7,0.0,0.0,0.0,False,21,33,,,,,
500,52,38,0.10031950096056962,33,8,0.0,0.0,0.0,False,21,33,,,,,
500,52,38,0.10031950096056962,33,9,0.0,0.0,0.0,False,20,33,,,,,
500,52,38,0.10031950096056962,33,10,0.0,0.0,0.0,False,19,33,,,,,
500,52,38,0.10031950096056962,33,11,0.0,0.0,0.0,False,19,33,,,,,
500,52,38,0.10031950096056962,33,12,0.0,0.0,0.0,False,15,33,,,,,
500,52,38,0.10031950096056962,33,13,0.0,0.0,0.0,False,14,33,,,,,
500,52,38,0.10031950096056962,33,14,0.0,0.0,0.0,False,13,33,,,,,
500,52,43,0.09262695947853503,20,0,0.0,0.0,0.0,False,41,20,,,,,
500,52,43,0.09262695947853503,20,1,0.2,0.1111111111111111,0.14285714285714285,False,36,20,,,,,
500,52,43,0.09262695947853503,20,2,0.05,0.030303030303030304,0.03773584905660377,False,33,20,,,,,
500,52,43,0.09262695947853503,20,3,0.0,0.0,0.0,False,32,20,,,,,
500,52,43,0.09262695947853503,20,4,0.0,0.0,0.0,False,31,20,,,,,
500,52,43,0.09262695947853503,20,5,0.0,0.0,0.0,False,31,20,,,,,
500,52,43,0.09262695947853503,20,6,0.0,0.0,0.0,False,31,20,,,,,
500,52,43,0.09262695947853503,20,7,0.0,0.0,0.0,False,21,20,,,,,
500,52,43,0.09262695947853503,20,8,0.0,0.0,0.0,False,21,20,,,,,
500,52,43,0.09262695947853503,20,9,0.0,0.0,0.0,False,20,20,,,,,
500,52,43,0.09262695947853503,20,10,0.0,0.0,0.0,False,19,20,,,,,
500,52,43,0.09262695947853503,20,11,0.0,0.0,0.0,False,19,20,,,,,
500,52,43,0.09262695947853503,20,12,0.75,1.0,0.8571428571428571,True,15,20,0.7843617210024495,0.828030402686694,0.13601798648007735,"[0.014875645402042892, 0.06751634111524574]",0.06913567200597345
500,52,43,0.09262695947853503,20,13,0.0,0.0,0.0,False,14,20,,,,,
500,52,43,0.09262695947853503,20,14,0.0,0.0,0.0,False,13,20,,,,,
500,52,40,0.02156995392897318,32,0,0.0,0.0,0.0,False,41,32,,,,,
500,52,40,0.02156995392897318,32,1,0.0,0.0,0.0,False,36,32,,,,,
500,52,40,0.02156995392897318,32,2,1.0,0.9696969696969697,0.9846153846153847,True,33,32,0.8785448468578435,0.9421871695123682,0.0766101707675622,"[-0.293795707527158, -0.013148493684585816]",0.2940897833103982
500,52,40,0.02156995392897318,32,3,0.0,0.0,0.0,False,32,32,,,,,
500,52,40,0.02156995392897318,32,4,0.0,0.0,0.0,False,31,32,,,,,
500,52,40,0.02156995392897318,32,5,0.0,0.0,0.0,False,31,32,,,,,
500,52,40,0.02156995392897318,32,6,0.0,0.0,0.0,False,31,32,,,,,
500,52,40,0.02156995392897318,32,7,0.0,0.0,0.0,False,21,32,,,,,
500,52,40,0.02156995392897318,32,8,0.0,0.0,0.0,False,21,32,,,,,
500,52,40,0.02156995392897318,32,9,0.0,0.0,0.0,False,20,32,,,,,
500,52,40,0.02156995392897318,32,10,0.0,0.0,0.0,False,19,32,,,,,
500,52,40,0.02156995392897318,32,11,0.0,0.0,0.0,False,19,32,,,,,
500,52,40,0.02156995392897318,32,12,0.0,0.0,0.0,False,15,32,,,,,
500,52,40,0.02156995392897318,32,13,0.0,0.0,0.0,False,14,32,,,,,
500,52,40,0.02156995392897318,32,14,0.0,0.0,0.0,False,13,32,,,,,
500,53,29,0.6024351790774283,31,0,0.0,0.0,0.0,False,44,31,,,,,
500,53,29,0.6024351790774283,31,1,0.0,0.0,0.0,False,35,31,,,,,
500,53,29,0.6024351790774283,31,2,0.0,0.0,0.0,False,34,31,,,,,
500,53,29,0.6024351790774283,31,3,0.0,0.0,0.0,False,34,31,,,,,
500,53,29,0.6024351790774283,31,4,1.0,1.0,1.0,True,31,31,0.8930330442013927,0.9572132176805571,0.06747146200232504,"[-0.16258064516129078, 0.0632258064516158]",0.17444187794941537
500,53,29,0.6024351790774283,31,5,0.0,0.0,0.0,False,31,31,,,,,
500,53,29,0.6024351790774283,31,6,0.0,0.0,0.0,False,28,31,,,,,
500,53,29,0.6024351790774283,31,7,0.0,0.0,0.0,False,23,31,,,,,
500,53,29,0.6024351790774283,31,8,0.0,0.0,0.0,False,21,31,,,,,
500,53,29,0.6024351790774283,31,9,0.0,0.0,0.0,False,20,31,,,,,
500,53,29,0.6024351790774283,31,10,0.0,0.0,0.0,False,20,31,,,,,
500,53,29,0.6024351790774283,31,11,0.0,0.0,0.0,False,15,31,,,,,
500,53,29,0.6024351790774283,31,12,0.0,0.0,0.0,False,15,31,,,,,
500,53,29,0.6024351790774283,31,13,0.0,0.0,0.0,False,14,31,,,,,
500,53,29,0.6024351790774283,31,14,0.0,0.0,0.0,False,13,31,,,,,
500,53,41,0.14723904021891593,15,0,0.0,0.0,0.0,False,44,15,,,,,
500,53,41,0.14723904021891593,15,1,0.0,0.0,0.0,False,35,15,,,,,
500,53,41,0.14723904021891593,15,2,0.0,0.0,0.0,False,34,15,,,,,
500,53,41,0.14723904021891593,15,3,0.0,0.0,0.0,False,34,15,,,,,
500,53,41,0.14723904021891593,15,4,0.0,0.0,0.0,False,31,15,,,,,
500,53,41,0.14723904021891593,15,5,0.0,0.0,0.0,False,31,15,,,,,
500,53,41,0.14723904021891593,15,6,0.0,0.0,0.0,False,28,15,,,,,
500,53,41,0.14723904021891593,15,7,0.0,0.0,0.0,False,23,15,,,,,
500,53,41,0.14723904021891593,15,8,0.0,0.0,0.0,False,21,15,,,,,
500,53,41,0.14723904021891593,15,9,0.0,0.0,0.0,False,20,15,,,,,
500,53,41,0.14723904021891593,15,10,0.0,0.0,0.0,False,20,15,,,,,
500,53,41,0.14723904021891593,15,11,1.0,1.0,1.0,True,15,15,0.8697305018349551,0.9478922007339821,0.08216998819760013,"[-0.018666666666666387, 0.14933333333333465]",0.15049547796824086
500,53,41,0.14723904021891593,15,12,0.0,0.0,0.0,False,15,15,,,,,
500,53,41,0.14723904021891593,15,13,0.0,0.0,0.0,False,14,15,,,,,
500,53,41,0.14723904021891593,15,14,0.0,0.0,0.0,False,13,15,,,,,
500,53,30,0.1233952608919739,31,0,0.0,0.0,0.0,False,44,31,,,,,
500,53,30,0.1233952608919739,31,1,0.0,0.0,0.0,False,35,31,,,,,
500,53,30,0.1233952608919739,31,2,0.0,0.0,0.0,False,34,31,,,,,
500,53,30,0.1233952608919739,31,3,0.0,0.0,0.0,False,34,31,,,,,
500,53,30,0.1233952608919739,31,4,1.0,1.0,1.0,True,31,31,0.8930330442013927,0.9572132176805571,0.06747146200232504,"[-0.16258064516129078, 0.0632258064516158]",0.17444187794941537
500,53,30,0.1233952608919739,31,5,0.0,0.0,0.0,False,31,31,,,,,
500,53,30,0.1233952608919739,31,6,0.0,0.0,0.0,False,28,31,,,,,
500,53,30,0.1233952608919739,31,7,0.0,0.0,0.0,False,23,31,,,,,
500,53,30,0.1233952608919739,31,8,0.0,0.0,0.0,False,21,31,,,,,
500,53,30,0.1233952608919739,31,9,0.0,0.0,0.0,False,20,31,,,,,
500,53,30,0.1233952608919739,31,10,0.0,0.0,0.0,False,20,31,,,,,
500,53,30,0.1233952608919739,31,11,0.0,0.0,0.0,False,15,31,,,,,
500,53,30,0.1233952608919739,31,12,0.0,0.0,0.0,False,15,31,,,,,
500,53,30,0.1233952608919739,31,13,0.0,0.0,0.0,False,14,31,,,,,
500,53,30,0.1233952608919739,31,14,0.0,0.0,0.0,False,13,31,,,,,
500,53,43,0.10295539313948768,15,0,0.0,0.0,0.0,False,44,15,,,,,
500,53,43,0.10295539313948768,15,1,0.0,0.0,0.0,False,35,15,,,,,
500,53,43,0.10295539313948768,15,2,0.0,0.0,0.0,False,34,15,,,,,
500,53,43,0.10295539313948768,15,3,0.0,0.0,0.0,False,34,15,,,,,
500,53,43,0.10295539313948768,15,4,0.0,0.0,0.0,False,31,15,,,,,
500,53,43,0.10295539313948768,15,5,0.0,0.0,0.0,False,31,15,,,,,
500,53,43,0.10295539313948768,15,6,0.0,0.0,0.0,False,28,15,,,,,
500,53,43,0.10295539313948768,15,7,0.0,0.0,0.0,False,23,15,,,,,
500,53,43,0.10295539313948768,15,8,0.0,0.0,0.0,False,21,15,,,,,
500,53,43,0.10295539313948768,15,9,0.0,0.0,0.0,False,20,15,,,,,
500,53,43,0.10295539313948768,15,10,0.0,0.0,0.0,False,20,15,,,,,
500,53,43,0.10295539313948768,15,11,1.0,1.0,1.0,True,15,15,0.8697305018349551,0.9478922007339821,0.08216998819760013,"[-0.018666666666666387, 0.14933333333333465]",0.15049547796824086
500,53,43,0.10295539313948768,15,12,0.0,0.0,0.0,False,15,15,,,,,
500,53,43,0.10295539313948768,15,13,0.0,0.0,0.0,False,14,15,,,,,
500,53,43,0.10295539313948768,15,14,0.0,0.0,0.0,False,13,15,,,,,
500,53,40,0.023975126672194137,33,0,0.0,0.0,0.0,False,44,33,,,,,
500,53,40,0.023975126672194137,33,1,0.0,0.0,0.0,False,35,33,,,,,
500,53,40,0.023975126672194137,33,2,0.0,0.0,0.0,False,34,33,,,,,
500,53,40,0.023975126672194137,33,3,1.0,0.9705882352941176,0.9850746268656716,True,34,33,0.8770808730179595,0.9418771253265867,0.07753360038723008,"[-0.0694603045554576, -0.008195559902294036]",0.0699421268696414
500,53,40,0.023975126672194137,33,4,0.0,0.0,0.0,False,31,33,,,,,
500,53,40,0.023975126672194137,33,5,0.0,0.0,0.0,False,31,33,,,,,
500,53,40,0.023975126672194137,33,6,0.0,0.0,0.0,False,28,33,,,,,
500,53,40,0.023975126672194137,33,7,0.0,0.0,0.0,False,23,33,,,,,
500,53,40,0.023975126672194137,33,8,0.0,0.0,0.0,False,21,33,,,,,
500,53,40,0.023975126672194137,33,9,0.0,0.0,0.0,False,20,33,,,,,
500,53,40,0.023975126672194137,33,10,0.0,0.0,0.0,False,20,33,,,,,
500,53,40,0.023975126672194137,33,11,0.0,0.0,0.0,False,15,33,,,,,
500,53,40,0.023975126672194137,33,12,0.0,0.0,0.0,False,15,33,,,,,
500,53,40,0.023975126672194137,33,13,0.0,0.0,0.0,False,14,33,,,,,
500,53,40,0.023975126672194137,33,14,0.0,0.0,0.0,False,13,33,,,,,
500,54,29,0.6024351790774284,31,0,0.0,0.0,0.0,False,39,31,,,,,
500,54,29,0.6024351790774284,31,1,0.0,0.0,0.0,False,33,31,,,,,
500,54,29,0.6024351790774284,31,2,0.0,0.0,0.0,False,32,31,,,,,
500,54,29,0.6024351790774284,31,3,0.0,0.0,0.0,False,32,31,,,,,
500,54,29,0.6024351790774284,31,4,1.0,1.0,1.0,True,31,31,0.9013291700605375,0.960531668024215,0.0622385212638257,"[-0.1716129032258067, 0.05419354838709367]",0.17996646698864308
500,54,29,0.6024351790774284,31,5,0.0,0.0,0.0,False,28,31,,,,,
500,54,29,0.6024351790774284,31,6,0.0,0.0,0.0,False,24,31,,,,,
500,54,29,0.6024351790774284,31,7,0.0,0.0,0.0,False,23,31,,,,,
500,54,29,0.6024351790774284,31,8,0.0,0.0,0.0,False,20,31,,,,,
500,54,29,0.6024351790774284,31,9,0.0,0.0,0.0,False,20,31,,,,,
500,54,29,0.6024351790774284,31,10,0.0,0.0,0.0,False,20,31,,,,,
500,54,29,0.6024351790774284,31,11,0.0,0.0,0.0,False,19,31,,,,,
500,54,29,0.6024351790774284,31,12,0.0,0.0,0.0,False,18,31,,,,,
500,54,29,0.6024351790774284,31,13,0.0,0.0,0.0,False,15,31,,,,,
500,54,29,0.6024351790774284,31,14,0.0,0.0,0.0,False,13,31,,,,,
500,54,41,0.14723904021891596,15,0,0.0,0.0,0.0,False,39,15,,,,,
500,54,41,0.14723904021891596,15,1,0.0,0.0,0.0,False,33,15,,,,,
500,54,41,0.14723904021891596,15,2,0.0,0.0,0.0,False,32,15,,,,,
500,54,41,0.14723904021891596,15,3,0.0,0.0,0.0,False,32,15,,,,,
500,54,41,0.14723904021891596,15,4,0.0,0.0,0.0,False,31,15,,,,,
500,54,41,0.14723904021891596,15,5,0.0,0.0,0.0,False,28,15,,,,,
500,54,41,0.14723904021891596,15,6,0.0,0.0,0.0,False,24,15,,,,,
500,54,41,0.14723904021891596,15,7,0.0,0.0,0.0,False,23,15,,,,,
500,54,41,0.14723904021891596,15,8,0.0,0.0,0.0,False,20,15,,,,,
500,54,41,0.14723904021891596,15,9,0.0,0.0,0.0,False,20,15,,,,,
500,54,41,0.14723904021891596,15,10,0.0,0.0,0.0,False,20,15,,,,,
500,54,41,0.14723904021891596,15,11,1.0,0.7894736842105263,0.8823529411764706,True,19,15,0.7507024448566919,0.8296927426485592,0.15724922143987247,"[-0.03482550468909196, 0.25517148278916046]",0.2575369903638481
500,54,41,0.14723904021891596,15,12,0.0,0.0,0.0,False,18,15,,,,,
500,54,41,0.14723904021891596,15,13,0.0,0.0,0.0,False,15,15,,,,,
500,54,41,0.14723904021891596,15,14,0.0,0.0,0.0,False,13,15,,,,,
500,54,30,0.12339526089197392,31,0,0.0,0.0,0.0,False,39,31,,,,,
500,54,30,0.12339526089197392,31,1,0.0,0.0,0.0,False,33,31,,,,,
500,54,30,0.12339526089197392,31,2,0.0,0.0,0.0,False,32,31,,,,,
500,54,30,0.12339526089197392,31,3,0.0,0.0,0.0,False,32,31,,,,,
500,54,30,0.12339526089197392,31,4,1.0,1.0,1.0,True,31,31,0.9013291700605375,0.960531668024215,0.0622385212638257,"[-0.1716129032258067, 0.05419354838709367]",0.17996646698864308
500,54,30,0.12339526089197392,31,5,0.0,0.0,0.0,False,28,31,,,,,
500,54,30,0.12339526089197392,31,6,0.0,0.0,0.0,False,24,31,,,,,
500,54,30,0.12339526089197392,31,7,0.0,0.0,0.0,False,23,31,,,,,
500,54,30,0.12339526089197392,31,8,0.0,0.0,0.0,False,20,31,,,,,
500,54,30,0.12339526089197392,31,9,0.0,0.0,0.0,False,20,31,,,,,
500,54,30,0.12339526089197392,31,10,0.0,0.0,0.0,False,20,31,,,,,
500,54,30,0.12339526089197392,31,11,0.0,0.0,0.0,False,19,31,,,,,
500,54,30,0.12339526089197392,31,12,0.0,0.0,0.0,False,18,31,,,,,
500,54,30,0.12339526089197392,31,13,0.0,0.0,0.0,False,15,31,,,,,
500,54,30,0.12339526089197392,31,14,0.0,0.0,0.0,False,13,31,,,,,
500,54,43,0.10295539313948769,15,0,0.0,0.0,0.0,False,39,15,,,,,
500,54,43,0.10295539313948769,15,1,0.0,0.0,0.0,False,33,15,,,,,
500,54,43,0.10295539313948769,15,2,0.0,0.0,0.0,False,32,15,,,,,
500,54,43,0.10295539313948769,15,3,0.0,0.0,0.0,False,32,15,,,,,
500,54,43,0.10295539313948769,15,4,0.0,0.0,0.0,False,31,15,,,,,
500,54,43,0.10295539313948769,15,5,0.0,0.0,0.0,False,28,15,,,,,
500,54,43,0.10295539313948769,15,6,0.0,0.0,0.0,False,24,15,,,,,
500,54,43,0.10295539313948769,15,7,0.0,0.0,0.0,False,23,15,,,,,
500,54,43,0.10295539313948769,15,8,0.0,0.0,0.0,False,20,15,,,,,
500,54,43,0.10295539313948769,15,9,0.0,0.0,0.0,False,20,15,,,,,
500,54,43,0.10295539313948769,15,10,0.0,0.0,0.0,False,20,15,,,,,
500,54,43,0.10295539313948769,15,11,1.0,0.7894736842105263,0.8823529411764706,True,19,15,0.7507024448566919,0.8296927426485592,0.15724922143987247,"[-0.03482550468909196, 0.25517148278916046]",0.2575369903638481
500,54,43,0.10295539313948769,15,12,0.0,0.0,0.0,False,18,15,,,,,
500,54,43,0.10295539313948769,15,13,0.0,0.0,0.0,False,15,15,,,,,
500,54,43,0.10295539313948769,15,14,0.0,0.0,0.0,False,13,15,,,,,
500,54,40,0.02397512667219414,34,0,0.0,0.0,0.0,False,39,34,,,,,
500,54,40,0.02397512667219414,34,1,0.9705882352941176,1.0,0.9850746268656716,True,33,34,0.8040355655717819,0.9126590023481158,0.12360833112072903,"[-0.35478211968696627, 0.025165256871989783]",0.3556735056242032
500,54,40,0.02397512667219414,34,2,0.0,0.0,0.0,False,32,34,,,,,
500,54,40,0.02397512667219414,34,3,0.0,0.0,0.0,False,32,34,,,,,
500,54,40,0.02397512667219414,34,4,0.0,0.0,0.0,False,31,34,,,,,
500,54,40,0.02397512667219414,34,5,0.0,0.0,0.0,False,28,34,,,,,
500,54,40,0.02397512667219414,34,6,0.0,0.0,0.0,False,24,34,,,,,
500,54,40,0.02397512667219414,34,7,0.0,0.0,0.0,False,23,34,,,,,
500,54,40,0.02397512667219414,34,8,0.0,0.0,0.0,False,20,34,,,,,
500,54,40,0.02397512667219414,34,9,0.0,0.0,0.0,False,20,34,,,,,
500,54,40,0.02397512667219414,34,10,0.0,0.0,0.0,False,20,34,,,,,
500,54,40,0.02397512667219414,34,11,0.0,0.0,0.0,False,19,34,,,,,
500,54,40,0.02397512667219414,34,12,0.0,0.0,0.0,False,18,34,,,,,
500,54,40,0.02397512667219414,34,13,0.029411764705882353,0.06666666666666667,0.04081632653061224,False,15,34,,,,,
500,54,40,0.02397512667219414,34,14,0.0,0.0,0.0,False,13,34,,,,,
500,55,29,0.6024351790774284,31,0,0.0,0.0,0.0,False,43,31,,,,,
500,55,29,0.6024351790774284,31,1,0.0,0.0,0.0,False,34,31,,,,,
500,55,29,0.6024351790774284,31,2,1.0,0.9393939393939394,0.96875,True,33,31,0.8618636274939739,0.9259954509975895,0.0871321702959103,"[-0.345957205574452, 0.02338121427657569]",0.3467464048406714
500,55,29,0.6024351790774284,31,3,0.0,0.0,0.0,False,32,31,,,,,
500,55,29,0.6024351790774284,31,4,0.0,0.0,0.0,False,32,31,,,,,
500,55,29,0.6024351790774284,31,5,0.0,0.0,0.0,False,29,31,,,,,
500,55,29,0.6024351790774284,31,6,0.0,0.0,0.0,False,28,31,,,,,
500,55,29,0.6024351790774284,31,7,0.0,0.0,0.0,False,23,31,,,,,
500,55,29,0.6024351790774284,31,8,0.0,0.0,0.0,False,23,31,,,,,
500,55,29,0.6024351790774284,31,9,0.0,0.0,0.0,False,20,31,,,,,
500,55,29,0.6024351790774284,31,10,0.0,0.0,0.0,False,20,31,,,,,
500,55,29,0.6024351790774284,31,11,0.0,0.0,0.0,False,19,31,,,,,
500,55,29,0.6024351790774284,31,12,0.0,0.0,0.0,False,15,31,,,,,
500,55,29,0.6024351790774284,31,13,0.0,0.0,0.0,False,15,31,,,,,
500,55,29,0.6024351790774284,31,14,0.0,0.0,0.0,False,14,31,,,,,
500,55,41,0.14723904021891596,19,0,0.21052631578947367,0.09302325581395349,0.12903225806451613,False,43,19,,,,,
500,55,41,0.14723904021891596,19,1,0.0,0.0,0.0,False,34,19,,,,,
500,55,41,0.14723904021891596,19,2,0.0,0.0,0.0,False,33,19,,,,,
500,55,41,0.14723904021891596,19,3,0.0,0.0,0.0,False,32,19,,,,,
500,55,41,0.14723904021891596,19,4,0.0,0.0,0.0,False,32,19,,,,,
500,55,41,0.14723904021891596,19,5,0.0,0.0,0.0,False,29,19,,,,,
500,55,41,0.14723904021891596,19,6,0.0,0.0,0.0,False,28,19,,,,,
500,55,41,0.14723904021891596,19,7,0.0,0.0,0.0,False,23,19,,,,,
500,55,41,0.14723904021891596,19,8,0.0,0.0,0.0,False,23,19,,,,,
500,55,41,0.14723904021891596,19,9,0.0,0.0,0.0,False,20,19,,,,,
500,55,41,0.14723904021891596,19,10,0.0,0.0,0.0,False,20,19,,,,,
500,55,41,0.14723904021891596,19,11,0.0,0.0,0.0,False,19,19,,,,,
500,55,41,0.14723904021891596,19,12,0.0,0.0,0.0,False,15,19,,,,,
500,55,41,0.14723904021891596,19,13,0.7894736842105263,1.0,0.8823529411764706,True,15,19,0.7660734397337747,0.8358411405993923,0.1475536711734926,"[-0.07717449531090814, -0.06850481612249482]",0.10319308386936699
500,55,41,0.14723904021891596,19,14,0.0,0.0,0.0,False,14,19,,,,,
500,55,30,0.12339526089197392,31,0,0.0,0.0,0.0,False,43,31,,,,,
500,55,30,0.12339526089197392,31,1,0.0,0.0,0.0,False,34,31,,,,,
500,55,30,0.12339526089197392,31,2,1.0,0.9393939393939394,0.96875,True,33,31,0.8618636274939739,0.9259954509975895,0.0871321702959103,"[-0.345957205574452, 0.02338121427657569]",0.3467464048406714
500,55,30,0.12339526089197392,31,3,0.0,0.0,0.0,False,32,31,,,,,
500,55,30,0.12339526089197392,31,4,0.0,0.0,0.0,False,32,31,,,,,
500,55,30,0.12339526089197392,31,5,0.0,0.0,0.0,False,29,31,,,,,
500,55,30,0.12339526089197392,31,6,0.0,0.0,0.0,False,28,31,,,,,
500,55,30,0.12339526089197392,31,7,0.0,0.0,0.0,False,23,31,,,,,
500,55,30,0.12339526089197392,31,8,0.0,0.0,0.0,False,23,31,,,,,
500,55,30,0.12339526089197392,31,9,0.0,0.0,0.0,False,20,31,,,,,
500,55,30,0.12339526089197392,31,10,0.0,0.0,0.0,False,20,31,,,,,
500,55,30,0.12339526089197392,31,11,0.0,0.0,0.0,False,19,31,,,,,
500,55,30,0.12339526089197392,31,12,0.0,0.0,0.0,False,15,31,,,,,
500,55,30,0.12339526089197392,31,13,0.0,0.0,0.0,False,15,31,,,,,
500,55,30,0.12339526089197392,31,14,0.0,0.0,0.0,False,14,31,,,,,
500,55,43,0.10295539313948769,19,0,0.21052631578947367,0.09302325581395349,0.12903225806451613,False,43,19,,,,,
500,55,43,0.10295539313948769,19,1,0.0,0.0,0.0,False,34,19,,,,,
500,55,43,0.10295539313948769,19,2,0.0,0.0,0.0,False,33,19,,,,,
500,55,43,0.10295539313948769,19,3,0.0,0.0,0.0,False,32,19,,,,,
500,55,43,0.10295539313948769,19,4,0.0,0.0,0.0,False,32,19,,,,,
500,55,43,0.10295539313948769,19,5,0.0,0.0,0.0,False,29,19,,,,,
500,55,43,0.10295539313948769,19,6,0.0,0.0,0.0,False,28,19,,,,,
500,55,43,0.10295539313948769,19,7,0.0,0.0,0.0,False,23,19,,,,,
500,55,43,0.10295539313948769,19,8,0.0,0.0,0.0,False,23,19,,,,,
500,55,43,0.10295539313948769,19,9,0.0,0.0,0.0,False,20,19,,,,,
500,55,43,0.10295539313948769,19,10,0.0,0.0,0.0,False,20,19,,,,,
500,55,43,0.10295539313948769,19,11,0.0,0.0,0.0,False,19,19,,,,,
500,55,43,0.10295539313948769,19,12,0.0,0.0,0.0,False,15,19,,,,,
500,55,43,0.10295539313948769,19,13,0.7894736842105263,1.0,0.8823529411764706,True,15,19,0.7660734397337747,0.8358411405993923,0.1475536711734926,"[-0.07717449531090814, -0.06850481612249482]",0.10319308386936699
500,55,43,0.10295539313948769,19,14,0.0,0.0,0.0,False,14,19,,,,,
500,55,40,0.02397512667219414,33,0,0.0,0.0,0.0,False,43,33,,,,,
500,55,40,0.02397512667219414,33,1,1.0,0.9705882352941176,0.9850746268656716,True,34,33,0.8411372000113753,0.9274996561239531,0.10020576254592277,"[-0.024041409724798513, 0.007775919598598691]",0.025267653376590152
500,55,40,0.02397512667219414,33,2,0.0,0.0,0.0,False,33,33,,,,,
500,55,40,0.02397512667219414,33,3,0.0,0.0,0.0,False,32,33,,,,,
500,55,40,0.02397512667219414,33,4,0.0,0.0,0.0,False,32,33,,,,,
500,55,40,0.02397512667219414,33,5,0.0,0.0,0.0,False,29,33,,,,,
500,55,40,0.02397512667219414,33,6,0.0,0.0,0.0,False,28,33,,,,,
500,55,40,0.02397512667219414,33,7,0.0,0.0,0.0,False,23,33,,,,,
500,55,40,0.02397512667219414,33,8,0.0,0.0,0.0,False,23,33,,,,,
500,55,40,0.02397512667219414,33,9,0.0,0.0,0.0,False,20,33,,,,,
500,55,40,0.02397512667219414,33,10,0.0,0.0,0.0,False,20,33,,,,,
500,55,40,0.02397512667219414,33,11,0.0,0.0,0.0,False,19,33,,,,,
500,55,40,0.02397512667219414,33,12,0.0,0.0,0.0,False,15,33,,,,,
500,55,40,0.02397512667219414,33,13,0.0,0.0,0.0,False,15,33,,,,,
500,55,40,0.02397512667219414,33,14,0.0,0.0,0.0,False,14,33,,,,,
500,56,29,0.6024351790774284,33,0,0.0,0.0,0.0,False,39,33,,,,,
500,56,29,0.6024351790774284,33,1,0.0,0.0,0.0,False,36,33,,,,,
500,56,29,0.6024351790774284,33,2,0.0,0.0,0.0,False,34,33,,,,,
500,56,29,0.6024351790774284,33,3,1.0,1.0,1.0,True,33,33,0.8609235100033626,0.9443694040013451,0.08772516746098738,"[-0.10181818181818247, 0.008484848484851426]",0.10217110551702643
500,56,29,0.6024351790774284,33,4,0.0,0.0,0.0,False,32,33,,,,,
500,56,29,0.6024351790774284,33,5,0.0,0.0,0.0,False,28,33,,,,,
500,56,29,0.6024351790774284,33,6,0.0,0.0,0.0,False,28,33,,,,,
500,56,29,0.6024351790774284,33,7,0.0,0.0,0.0,False,24,33,,,,,
500,56,29,0.6024351790774284,33,8,0.0,0.0,0.0,False,22,33,,,,,
500,56,29,0.6024351790774284,33,9,0.0,0.0,0.0,False,20,33,,,,,
500,56,29,0.6024351790774284,33,10,0.0,0.0,0.0,False,20,33,,,,,
500,56,29,0.6024351790774284,33,11,0.0,0.0,0.0,False,19,33,,,,,
500,56,29,0.6024351790774284,33,12,0.0,0.0,0.0,False,16,33,,,,,
500,56,29,0.6024351790774284,33,13,0.0,0.0,0.0,False,15,33,,,,,
500,56,29,0.6024351790774284,33,14,0.0,0.0,0.0,False,14,33,,,,,
500,56,41,0.14723904021891596,15,0,0.0,0.0,0.0,False,39,15,,,,,
500,56,41,0.14723904021891596,15,1,0.0,0.0,0.0,False,36,15,,,,,
500,56,41,0.14723904021891596,15,2,0.0,0.0,0.0,False,34,15,,,,,
500,56,41,0.14723904021891596,15,3,0.0,0.0,0.0,False,33,15,,,,,
500,56,41,0.14723904021891596,15,4,0.0,0.0,0.0,False,32,15,,,,,
500,56,41,0.14723904021891596,15,5,0.0,0.0,0.0,False,28,15,,,,,
500,56,41,0.14723904021891596,15,6,0.0,0.0,0.0,False,28,15,,,,,
500,56,41,0.14723904021891596,15,7,0.0,0.0,0.0,False,24,15,,,,,
500,56,41,0.14723904021891596,15,8,0.0,0.0,0.0,False,22,15,,,,,
500,56,41,0.14723904021891596,15,9,0.0,0.0,0.0,False,20,15,,,,,
500,56,41,0.14723904021891596,15,10,0.0,0.0,0.0,False,20,15,,,,,
500,56,41,0.14723904021891596,15,11,0.0,0.0,0.0,False,19,15,,,,,
500,56,41,0.14723904021891596,15,12,0.0,0.0,0.0,False,16,15,,,,,
500,56,41,0.14723904021891596,15,13,1.0,1.0,1.0,True,15,15,0.8072719085158978,0.9229087634063591,0.12156694564471784,"[0.07466666666666555, 0.09333333333333371]",0.11952498576541278
500,56,41,0.14723904021891596,15,14,0.0,0.0,0.0,False,14,15,,,,,
500,56,30,0.12339526089197392,33,0,0.0,0.0,0.0,False,39,33,,,,,
500,56,30,0.12339526089197392,33,1,0.0,0.0,0.0,False,36,33,,,,,
500,56,30,0.12339526089197392,33,2,0.0,0.0,0.0,False,34,33,,,,,
500,56,30,0.12339526089197392,33,3,1.0,1.0,1.0,True,33,33,0.8609235100033626,0.9443694040013451,0.08772516746098738,"[-0.10181818181818247, 0.008484848484851426]",0.10217110551702643
500,56,30,0.12339526089197392,33,4,0.0,0.0,0.0,False,32,33,,,,,
500,56,30,0.12339526089197392,33,5,0.0,0.0,0.0,False,28,33,,,,,
500,56,30,0.12339526089197392,33,6,0.0,0.0,0.0,False,28,33,,,,,
500,56,30,0.12339526089197392,33,7,0.0,0.0,0.0,False,24,33,,,,,
500,56,30,0.12339526089197392,33,8,0.0,0.0,0.0,False,22,33,,,,,
500,56,30,0.12339526089197392,33,9,0.0,0.0,0.0,False,20,33,,,,,
500,56,30,0.12339526089197392,33,10,0.0,0.0,0.0,False,20,33,,,,,
500,56,30,0.12339526089197392,33,11,0.0,0.0,0.0,False,19,33,,,,,
500,56,30,0.12339526089197392,33,12,0.0,0.0,0.0,False,16,33,,,,,
500,56,30,0.12339526089197392,33,13,0.0,0.0,0.0,False,15,33,,,,,
500,56,30,0.12339526089197392,33,14,0.0,0.0,0.0,False,14,33,,,,,
500,56,43,0.10295539313948769,15,0,0.0,0.0,0.0,False,39,15,,,,,
500,56,43,0.10295539313948769,15,1,0.0,0.0,0.0,False,36,15,,,,,
500,56,43,0.10295539313948769,15,2,0.0,0.0,0.0,False,34,15,,,,,
500,56,43,0.10295539313948769,15,3,0.0,0.0,0.0,False,33,15,,,,,
500,56,43,0.10295539313948769,15,4,0.0,0.0,0.0,False,32,15,,,,,
500,56,43,0.10295539313948769,15,5,0.0,0.0,0.0,False,28,15,,,,,
500,56,43,0.10295539313948769,15,6,0.0,0.0,0.0,False,28,15,,,,,
500,56,43,0.10295539313948769,15,7,0.0,0.0,0.0,False,24,15,,,,,
500,56,43,0.10295539313948769,15,8,0.0,0.0,0.0,False,22,15,,,,,
500,56,43,0.10295539313948769,15,9,0.0,0.0,0.0,False,20,15,,,,,
500,56,43,0.10295539313948769,15,10,0.0,0.0,0.0,False,20,15,,,,,
500,56,43,0.10295539313948769,15,11,0.0,0.0,0.0,False,19,15,,,,,
500,56,43,0.10295539313948769,15,12,0.0,0.0,0.0,False,16,15,,,,,
500,56,43,0.10295539313948769,15,13,1.0,1.0,1.0,True,15,15,0.8072719085158978,0.9229087634063591,0.12156694564471784,"[0.07466666666666555, 0.09333333333333371]",0.11952498576541278
500,56,43,0.10295539313948769,15,14,0.0,0.0,0.0,False,14,15,,,,,
500,56,40,0.02397512667219414,34,0,0.0,0.0,0.0,False,39,34,,,,,
500,56,40,0.02397512667219414,34,1,0.0,0.0,0.0,False,36,34,,,,,
500,56,40,0.02397512667219414,34,2,1.0,1.0,1.0,True,34,34,0.8791398451323482,0.9516559380529392,0.07623486417712995,"[-0.20588235294117574, 0.008235294117646674]",0.20604699299382895
500,56,40,0.02397512667219414,34,3,0.0,0.0,0.0,False,33,34,,,,,
500,56,40,0.02397512667219414,34,4,0.0,0.0,0.0,False,32,34,,,,,
500,56,40,0.02397512667219414,34,5,0.0,0.0,0.0,False,28,34,,,,,
500,56,40,0.02397512667219414,34,6,0.0,0.0,0.0,False,28,34,,,,,
500,56,40,0.02397512667219414,34,7,0.0,0.0,0.0,False,24,34,,,,,
500,56,40,0.02397512667219414,34,8,0.0,0.0,0.0,False,22,34,,,,,
500,56,40,0.02397512667219414,34,9,0.0,0.0,0.0,False,20,34,,,,,
500,56,40,0.02397512667219414,34,10,0.0,0.0,0.0,False,20,34,,,,,
500,56,40,0.02397512667219414,34,11,0.0,0.0,0.0,False,19,34,,,,,
500,56,40,0.02397512667219414,34,12,0.0,0.0,0.0,False,16,34,,,,,
500,56,40,0.02397512667219414,34,13,0.0,0.0,0.0,False,15,34,,,,,
500,56,40,0.02397512667219414,34,14,0.0,0.0,0.0,False,14,34,,,,,
500,57,29,0.6024351790774284,33,0,0.0,0.0,0.0,False,39,33,,,,,
500,57,29,0.6024351790774284,33,1,0.0,0.0,0.0,False,36,33,,,,,
500,57,29,0.6024351790774284,33,2,0.0,0.0,0.0,False,34,33,,,,,
500,57,29,0.6024351790774284,33,3,1.0,1.0,1.0,True,33,33,0.8824131682173596,0.9529652672869439,0.07417015276693055,"[-0.10181818181818159, 0.008484848484847873]",0.10217110551702525
500,57,29,0.6024351790774284,33,4,0.0,0.0,0.0,False,31,33,,,,,
500,57,29,0.6024351790774284,33,5,0.0,0.0,0.0,False,29,33,,,,,
500,57,29,0.6024351790774284,33,6,0.0,0.0,0.0,False,27,33,,,,,
500,57,29,0.6024351790774284,33,7,0.0,0.0,0.0,False,23,33,,,,,
500,57,29,0.6024351790774284,33,8,0.0,0.0,0.0,False,22,33,,,,,
500,57,29,0.6024351790774284,33,9,0.0,0.0,0.0,False,21,33,,,,,
500,57,29,0.6024351790774284,33,10,0.0,0.0,0.0,False,20,33,,,,,
500,57,29,0.6024351790774284,33,11,0.0,0.0,0.0,False,18,33,,,,,
500,57,29,0.6024351790774284,33,12,0.0,0.0,0.0,False,16,33,,,,,
500,57,29,0.6024351790774284,33,13,0.0,0.0,0.0,False,16,33,,,,,
500,57,29,0.6024351790774284,33,14,0.0,0.0,0.0,False,15,33,,,,,
500,57,41,0.14723904021891596,15,0,0.0,0.0,0.0,False,39,15,,,,,
500,57,41,0.14723904021891596,15,1,0.0,0.0,0.0,False,36,15,,,,,
500,57,41,0.14723904021891596,15,2,0.0,0.0,0.0,False,34,15,,,,,
500,57,41,0.14723904021891596,15,3,0.0,0.0,0.0,False,33,15,,,,,
500,57,41,0.14723904021891596,15,4,0.0,0.0,0.0,False,31,15,,,,,
500,57,41,0.14723904021891596,15,5,0.0,0.0,0.0,False,29,15,,,,,
500,57,41,0.14723904021891596,15,6,0.0,0.0,0.0,False,27,15,,,,,
500,57,41,0.14723904021891596,15,7,0.0,0.0,0.0,False,23,15,,,,,
500,57,41,0.14723904021891596,15,8,0.0,0.0,0.0,False,22,15,,,,,
500,57,41,0.14723904021891596,15,9,0.0,0.0,0.0,False,21,15,,,,,
500,57,41,0.14723904021891596,15,10,0.0,0.0,0.0,False,20,15,,,,,
500,57,41,0.14723904021891596,15,11,0.0,0.0,0.0,False,18,15,,,,,
500,57,41,0.14723904021891596,15,12,0.0,0.0,0.0,False,16,15,,,,,
500,57,41,0.14723904021891596,15,13,0.0,0.0,0.0,False,16,15,,,,,
500,57,41,0.14723904021891596,15,14,1.0,1.0,1.0,True,15,15,0.8654817876510779,0.9461927150604311,0.08484994627882232,"[0.03733333333333455, 0.1306666666666665]",0.13589538459990316
500,57,30,0.12339526089197392,33,0,0.0,0.0,0.0,False,39,33,,,,,
500,57,30,0.12339526089197392,33,1,0.0,0.0,0.0,False,36,33,,,,,
500,57,30,0.12339526089197392,33,2,0.0,0.0,0.0,False,34,33,,,,,
500,57,30,0.12339526089197392,33,3,1.0,1.0,1.0,True,33,33,0.8824131682173596,0.9529652672869439,0.07417015276693055,"[-0.10181818181818159, 0.008484848484847873]",0.10217110551702525
500,57,30,0.12339526089197392,33,4,0.0,0.0,0.0,False,31,33,,,,,
500,57,30,0.12339526089197392,33,5,0.0,0.0,0.0,False,29,33,,,,,
500,57,30,0.12339526089197392,33,6,0.0,0.0,0.0,False,27,33,,,,,
500,57,30,0.12339526089197392,33,7,0.0,0.0,0.0,False,23,33,,,,,
500,57,30,0.12339526089197392,33,8,0.0,0.0,0.0,False,22,33,,,,,
500,57,30,0.12339526089197392,33,9,0.0,0.0,0.0,False,21,33,,,,,
500,57,30,0.12339526089197392,33,10,0.0,0.0,0.0,False,20,33,,,,,
500,57,30,0.12339526089197392,33,11,0.0,0.0,0.0,False,18,33,,,,,
500,57,30,0.12339526089197392,33,12,0.0,0.0,0.0,False,16,33,,,,,
500,57,30,0.12339526089197392,33,13,0.0,0.0,0.0,False,16,33,,,,,
500,57,30,0.12339526089197392,33,14,0.0,0.0,0.0,False,15,33,,,,,
500,57,43,0.10295539313948769,15,0,0.0,0.0,0.0,False,39,15,,,,,
500,57,43,0.10295539313948769,15,1,0.0,0.0,0.0,False,36,15,,,,,
500,57,43,0.10295539313948769,15,2,0.0,0.0,0.0,False,34,15,,,,,
500,57,43,0.10295539313948769,15,3,0.0,0.0,0.0,False,33,15,,,,,
500,57,43,0.10295539313948769,15,4,0.0,0.0,0.0,False,31,15,,,,,
500,57,43,0.10295539313948769,15,5,0.0,0.0,0.0,False,29,15,,,,,
500,57,43,0.10295539313948769,15,6,0.0,0.0,0.0,False,27,15,,,,,
500,57,43,0.10295539313948769,15,7,0.0,0.0,0.0,False,23,15,,,,,
500,57,43,0.10295539313948769,15,8,0.0,0.0,0.0,False,22,15,,,,,
500,57,43,0.10295539313948769,15,9,0.0,0.0,0.0,False,21,15,,,,,
500,57,43,0.10295539313948769,15,10,0.0,0.0,0.0,False,20,15,,,,,
500,57,43,0.10295539313948769,15,11,0.0,0.0,0.0,False,18,15,,,,,
500,57,43,0.10295539313948769,15,12,0.0,0.0,0.0,False,16,15,,,,,
500,57,43,0.10295539313948769,15,13,0.0,0.0,0.0,False,16,15,,,,,
500,57,43,0.10295539313948769,15,14,1.0,1.0,1.0,True,15,15,0.8654817876510779,0.9461927150604311,0.08484994627882232,"[0.03733333333333455, 0.1306666666666665]",0.13589538459990316
500,57,40,0.02397512667219414,34,0,0.0,0.0,0.0,False,39,34,,,,,
500,57,40,0.02397512667219414,34,1,0.0,0.0,0.0,False,36,34,,,,,
500,57,40,0.02397512667219414,34,2,1.0,1.0,1.0,True,34,34,0.8589081277836808,0.9435632511134723,0.08899640850772195,"[-0.2141176470588224, 0.0]",0.2141176470588224
500,57,40,0.02397512667219414,34,3,0.0,0.0,0.0,False,33,34,,,,,
500,57,40,0.02397512667219414,34,4,0.0,0.0,0.0,False,31,34,,,,,
500,57,40,0.02397512667219414,34,5,0.0,0.0,0.0,False,29,34,,,,,
500,57,40,0.02397512667219414,34,6,0.0,0.0,0.0,False,27,34,,,,,
500,57,40,0.02397512667219414,34,7,0.0,0.0,0.0,False,23,34,,,,,
500,57,40,0.02397512667219414,34,8,0.0,0.0,0.0,False,22,34,,,,,
500,57,40,0.02397512667219414,34,9,0.0,0.0,0.0,False,21,34,,,,,
500,57,40,0.02397512667219414,34,10,0.0,0.0,0.0,False,20,34,,,,,
500,57,40,0.02397512667219414,34,11,0.0,0.0,0.0,False,18,34,,,,,
500,57,40,0.02397512667219414,34,12,0.0,0.0,0.0,False,16,34,,,,,
500,57,40,0.02397512667219414,34,13,0.0,0.0,0.0,False,16,34,,,,,
500,57,40,0.02397512667219414,34,14,0.0,0.0,0.0,False,15,34,,,,,
500,58,29,0.6024351790774284,33,0,0.0,0.0,0.0,False,44,33,,,,,
500,58,29,0.6024351790774284,33,1,0.0,0.0,0.0,False,39,33,,,,,
500,58,29,0.6024351790774284,33,2,0.0,0.0,0.0,False,36,33,,,,,
500,58,29,0.6024351790774284,33,3,0.0,0.0,0.0,False,34,33,,,,,
500,58,29,0.6024351790774284,33,4,1.0,1.0,1.0,True,33,33,0.8728324509120116,0.9491329803648046,0.08021337423468805,"[-0.13575757575757574, -0.008484848484847873]",0.13602246884020575
500,58,29,0.6024351790774284,33,5,0.0,0.0,0.0,False,32,33,,,,,
500,58,29,0.6024351790774284,33,6,0.0,0.0,0.0,False,28,33,,,,,
500,58,29,0.6024351790774284,33,7,0.0,0.0,0.0,False,23,33,,,,,
500,58,29,0.6024351790774284,33,8,0.0,0.0,0.0,False,22,33,,,,,
500,58,29,0.6024351790774284,33,9,0.0,0.0,0.0,False,20,33,,,,,
500,58,29,0.6024351790774284,33,10,0.0,0.0,0.0,False,19,33,,,,,
500,58,29,0.6024351790774284,33,11,0.0,0.0,0.0,False,19,33,,,,,
500,58,29,0.6024351790774284,33,12,0.0,0.0,0.0,False,16,33,,,,,
500,58,29,0.6024351790774284,33,13,0.0,0.0,0.0,False,15,33,,,,,
500,58,41,0.14723904021891596,15,0,0.0,0.0,0.0,False,44,15,,,,,
500,58,41,0.14723904021891596,15,1,0.0,0.0,0.0,False,39,15,,,,,
500,58,41,0.14723904021891596,15,2,0.0,0.0,0.0,False,36,15,,,,,
500,58,41,0.14723904021891596,15,3,0.0,0.0,0.0,False,34,15,,,,,
500,58,41,0.14723904021891596,15,4,0.0,0.0,0.0,False,33,15,,,,,
500,58,41,0.14723904021891596,15,5,0.0,0.0,0.0,False,32,15,,,,,
500,58,41,0.14723904021891596,15,6,0.0,0.0,0.0,False,28,15,,,,,
500,58,41,0.14723904021891596,15,7,0.0,0.0,0.0,False,23,15,,,,,
500,58,41,0.14723904021891596,15,8,0.0,0.0,0.0,False,22,15,,,,,
500,58,41,0.14723904021891596,15,9,0.0,0.0,0.0,False,20,15,,,,,
500,58,41,0.14723904021891596,15,10,0.0,0.0,0.0,False,19,15,,,,,
500,58,41,0.14723904021891596,15,11,0.0,0.0,0.0,False,19,15,,,,,
500,58,41,0.14723904021891596,15,12,0.0,0.0,0.0,False,16,15,,,,,
500,58,41,0.14723904021891596,15,13,1.0,1.0,1.0,True,15,15,0.8897664244306249,0.95590656977225,0.0695319451683074,"[0.018666666666666387, 0.14933333333333465]",0.15049547796824086
500,58,30,0.12339526089197392,33,0,0.0,0.0,0.0,False,44,33,,,,,
500,58,30,0.12339526089197392,33,1,0.0,0.0,0.0,False,39,33,,,,,
500,58,30,0.12339526089197392,33,2,0.0,0.0,0.0,False,36,33,,,,,
500,58,30,0.12339526089197392,33,3,0.0,0.0,0.0,False,34,33,,,,,
500,58,30,0.12339526089197392,33,4,1.0,1.0,1.0,True,33,33,0.8728324509120116,0.9491329803648046,0.08021337423468805,"[-0.13575757575757574, -0.008484848484847873]",0.13602246884020575
500,58,30,0.12339526089197392,33,5,0.0,0.0,0.0,False,32,33,,,,,
500,58,30,0.12339526089197392,33,6,0.0,0.0,0.0,False,28,33,,,,,
500,58,30,0.12339526089197392,33,7,0.0,0.0,0.0,False,23,33,,,,,
500,58,30,0.12339526089197392,33,8,0.0,0.0,0.0,False,22,33,,,,,
500,58,30,0.12339526089197392,33,9,0.0,0.0,0.0,False,20,33,,,,,
500,58,30,0.12339526089197392,33,10,0.0,0.0,0.0,False,19,33,,,,,
500,58,30,0.12339526089197392,33,11,0.0,0.0,0.0,False,19,33,,,,,
500,58,30,0.12339526089197392,33,12,0.0,0.0,0.0,False,16,33,,,,,
500,58,30,0.12339526089197392,33,13,0.0,0.0,0.0,False,15,33,,,,,
500,58,43,0.10295539313948769,15,0,0.0,0.0,0.0,False,44,15,,,,,
500,58,43,0.10295539313948769,15,1,0.0,0.0,0.0,False,39,15,,,,,
500,58,43,0.10295539313948769,15,2,0.0,0.0,0.0,False,36,15,,,,,
500,58,43,0.10295539313948769,15,3,0.0,0.0,0.0,False,34,15,,,,,
500,58,43,0.10295539313948769,15,4,0.0,0.0,0.0,False,33,15,,,,,
500,58,43,0.10295539313948769,15,5,0.0,0.0,0.0,False,32,15,,,,,
500,58,43,0.10295539313948769,15,6,0.0,0.0,0.0,False,28,15,,,,,
500,58,43,0.10295539313948769,15,7,0.0,0.0,0.0,False,23,15,,,,,
500,58,43,0.10295539313948769,15,8,0.0,0.0,0.0,False,22,15,,,,,
500,58,43,0.10295539313948769,15,9,0.0,0.0,0.0,False,20,15,,,,,
500,58,43,0.10295539313948769,15,10,0.0,0.0,0.0,False,19,15,,,,,
500,58,43,0.10295539313948769,15,11,0.0,0.0,0.0,False,19,15,,,,,
500,58,43,0.10295539313948769,15,12,0.0,0.0,0.0,False,16,15,,,,,
500,58,43,0.10295539313948769,15,13,1.0,1.0,1.0,True,15,15,0.8897664244306249,0.95590656977225,0.0695319451683074,"[0.018666666666666387, 0.14933333333333465]",0.15049547796824086
500,58,40,0.02397512667219414,34,0,0.0,0.0,0.0,False,44,34,,,,,
500,58,40,0.02397512667219414,34,1,0.0,0.0,0.0,False,39,34,,,,,
500,58,40,0.02397512667219414,34,2,0.0,0.0,0.0,False,36,34,,,,,
500,58,40,0.02397512667219414,34,3,1.0,1.0,1.0,True,34,34,0.8888994456098904,0.9555597782439562,0.0700788087125045,"[-0.2141176470588242, -0.01647058823529335]",0.21475019687726432
500,58,40,0.02397512667219414,34,4,0.0,0.0,0.0,False,33,34,,,,,
500,58,40,0.02397512667219414,34,5,0.0,0.0,0.0,False,32,34,,,,,
500,58,40,0.02397512667219414,34,6,0.0,0.0,0.0,False,28,34,,,,,
500,58,40,0.02397512667219414,34,7,0.0,0.0,0.0,False,23,34,,,,,
500,58,40,0.02397512667219414,34,8,0.0,0.0,0.0,False,22,34,,,,,
500,58,40,0.02397512667219414,34,9,0.0,0.0,0.0,False,20,34,,,,,
500,58,40,0.02397512667219414,34,10,0.0,0.0,0.0,False,19,34,,,,,
500,58,40,0.02397512667219414,34,11,0.0,0.0,0.0,False,19,34,,,,,
500,58,40,0.02397512667219414,34,12,0.0,0.0,0.0,False,16,34,,,,,
500,58,40,0.02397512667219414,34,13,0.0,0.0,0.0,False,15,34,,,,,
500,59,29,0.6024351790774284,33,0,0.0,0.0,0.0,False,44,33,,,,,
500,59,29,0.6024351790774284,33,1,0.0,0.0,0.0,False,40,33,,,,,
500,59,29,0.6024351790774284,33,2,0.0,0.0,0.0,False,36,33,,,,,
500,59,29,0.6024351790774284,33,3,0.0,0.0,0.0,False,36,33,,,,,
500,59,29,0.6024351790774284,33,4,0.0,0.0,0.0,False,35,33,,,,,
500,59,29,0.6024351790774284,33,5,1.0,1.0,1.0,True,33,33,0.886162332735768,0.9544649330943072,0.07180529523260447,"[-0.13575757575757574, -0.025454545454547173]",0.1381233262699372
500,59,29,0.6024351790774284,33,6,0.0,0.0,0.0,False,30,33,,,,,
500,59,29,0.6024351790774284,33,7,0.0,0.0,0.0,False,28,33,,,,,
500,59,29,0.6024351790774284,33,8,0.0,0.0,0.0,False,23,33,,,,,
500,59,29,0.6024351790774284,33,9,0.0,0.0,0.0,False,22,33,,,,,
500,59,29,0.6024351790774284,33,10,0.0,0.0,0.0,False,21,33,,,,,
500,59,29,0.6024351790774284,33,11,0.0,0.0,0.0,False,20,33,,,,,
500,59,29,0.6024351790774284,33,12,0.0,0.0,0.0,False,12,33,,,,,
500,59,41,0.14723904021891596,15,0,0.0,0.0,0.0,False,44,15,,,,,
500,59,41,0.14723904021891596,15,1,0.0,0.0,0.0,False,40,15,,,,,
500,59,41,0.14723904021891596,15,2,0.0,0.0,0.0,False,36,15,,,,,
500,59,41,0.14723904021891596,15,3,0.2,0.08333333333333333,0.11764705882352941,False,36,15,,,,,
500,59,41,0.14723904021891596,15,4,0.0,0.0,0.0,False,35,15,,,,,
500,59,41,0.14723904021891596,15,5,0.0,0.0,0.0,False,33,15,,,,,
500,59,41,0.14723904021891596,15,6,0.0,0.0,0.0,False,30,15,,,,,
500,59,41,0.14723904021891596,15,7,0.0,0.0,0.0,False,28,15,,,,,
500,59,41,0.14723904021891596,15,8,0.0,0.0,0.0,False,23,15,,,,,
500,59,41,0.14723904021891596,15,9,0.0,0.0,0.0,False,22,15,,,,,
500,59,41,0.14723904021891596,15,10,0.0,0.0,0.0,False,21,15,,,,,
500,59,41,0.14723904021891596,15,11,0.0,0.0,0.0,False,20,15,,,,,
500,59,41,0.14723904021891596,15,12,0.8,1.0,0.8888888888888888,True,12,15,0.7780373440353558,0.8445482709474756,0.1400072087313588,"[0.008847764270909053, 0.13917086046749816]",0.13945182442642123
500,59,30,0.12339526089197392,33,0,0.0,0.0,0.0,False,44,33,,,,,
500,59,30,0.12339526089197392,33,1,0.0,0.0,0.0,False,40,33,,,,,
500,59,30,0.12339526089197392,33,2,0.0,0.0,0.0,False,36,33,,,,,
500,59,30,0.12339526089197392,33,3,0.0,0.0,0.0,False,36,33,,,,,
500,59,30,0.12339526089197392,33,4,0.0,0.0,0.0,False,35,33,,,,,
500,59,30,0.12339526089197392,33,5,1.0,1.0,1.0,True,33,33,0.886162332735768,0.9544649330943072,0.07180529523260447,"[-0.13575757575757574, -0.025454545454547173]",0.1381233262699372
500,59,30,0.12339526089197392,33,6,0.0,0.0,0.0,False,30,33,,,,,
500,59,30,0.12339526089197392,33,7,0.0,0.0,0.0,False,28,33,,,,,
500,59,30,0.12339526089197392,33,8,0.0,0.0,0.0,False,23,33,,,,,
500,59,30,0.12339526089197392,33,9,0.0,0.0,0.0,False,22,33,,,,,
500,59,30,0.12339526089197392,33,10,0.0,0.0,0.0,False,21,33,,,,,
500,59,30,0.12339526089197392,33,11,0.0,0.0,0.0,False,20,33,,,,,
500,59,30,0.12339526089197392,33,12,0.0,0.0,0.0,False,12,33,,,,,
500,59,43,0.10295539313948769,15,0,0.0,0.0,0.0,False,44,15,,,,,
500,59,43,0.10295539313948769,15,1,0.0,0.0,0.0,False,40,15,,,,,
500,59,43,0.10295539313948769,15,2,0.0,0.0,0.0,False,36,15,,,,,
500,59,43,0.10295539313948769,15,3,0.2,0.08333333333333333,0.11764705882352941,False,36,15,,,,,
500,59,43,0.10295539313948769,15,4,0.0,0.0,0.0,False,35,15,,,,,
500,59,43,0.10295539313948769,15,5,0.0,0.0,0.0,False,33,15,,,,,
500,59,43,0.10295539313948769,15,6,0.0,0.0,0.0,False,30,15,,,,,
500,59,43,0.10295539313948769,15,7,0.0,0.0,0.0,False,28,15,,,,,
500,59,43,0.10295539313948769,15,8,0.0,0.0,0.0,False,23,15,,,,,
500,59,43,0.10295539313948769,15,9,0.0,0.0,0.0,False,22,15,,,,,
500,59,43,0.10295539313948769,15,10,0.0,0.0,0.0,False,21,15,,,,,
500,59,43,0.10295539313948769,15,11,0.0,0.0,0.0,False,20,15,,,,,
500,59,43,0.10295539313948769,15,12,0.8,1.0,0.8888888888888888,True,12,15,0.7780373440353558,0.8445482709474756,0.1400072087313588,"[0.008847764270909053, 0.13917086046749816]",0.13945182442642123
500,59,40,0.02397512667219414,34,0,0.029411764705882353,0.022727272727272728,0.02564102564102564,False,44,34,,,,,
500,59,40,0.02397512667219414,34,1,0.0,0.0,0.0,False,40,34,,,,,
500,59,40,0.02397512667219414,34,2,0.0,0.0,0.0,False,36,34,,,,,
500,59,40,0.02397512667219414,34,3,0.9705882352941176,0.9166666666666666,0.9428571428571428,True,36,34,0.872031774740821,0.9145269956106141,0.08071841610913719,"[-0.5416839672243405, 0.05469660162065004]",0.5444384616986098
500,59,40,0.02397512667219414,34,4,0.0,0.0,0.0,False,35,34,,,,,
500,59,40,0.02397512667219414,34,5,0.0,0.0,0.0,False,33,34,,,,,
500,59,40,0.02397512667219414,34,6,0.0,0.0,0.0,False,30,34,,,,,
500,59,40,0.02397512667219414,34,7,0.0,0.0,0.0,False,28,34,,,,,
500,59,40,0.02397512667219414,34,8,0.0,0.0,0.0,False,23,34,,,,,
500,59,40,0.02397512667219414,34,9,0.0,0.0,0.0,False,22,34,,,,,
500,59,40,0.02397512667219414,34,10,0.0,0.0,0.0,False,21,34,,,,,
500,59,40,0.02397512667219414,34,11,0.0,0.0,0.0,False,20,34,,,,,
500,59,40,0.02397512667219414,34,12,0.0,0.0,0.0,False,12,34,,,,,
500,60,29,0.6024351790774284,33,0,0.0,0.0,0.0,False,64,33,,,,,
500,60,29,0.6024351790774284,33,1,0.0,0.0,0.0,False,39,33,,,,,
500,60,29,0.6024351790774284,33,2,0.0,0.0,0.0,False,36,33,,,,,
500,60,29,0.6024351790774284,33,3,0.0,0.0,0.0,False,36,33,,,,,
500,60,29,0.6024351790774284,33,4,0.0,0.0,0.0,False,33,33,,,,,
500,60,29,0.6024351790774284,33,5,1.0,1.0,1.0,True,33,33,0.8634421450381962,0.9453768580152785,0.08613649003456382,"[-0.1951515151515153, -0.033939393939395046]",0.198080782326064
500,60,29,0.6024351790774284,33,6,0.0,0.0,0.0,False,30,33,,,,,
500,60,29,0.6024351790774284,33,7,0.0,0.0,0.0,False,27,33,,,,,
500,60,29,0.6024351790774284,33,8,0.0,0.0,0.0,False,26,33,,,,,
500,60,29,0.6024351790774284,33,9,0.0,0.0,0.0,False,20,33,,,,,
500,60,29,0.6024351790774284,33,10,0.0,0.0,0.0,False,19,33,,,,,
500,60,29,0.6024351790774284,33,11,0.0,0.0,0.0,False,12,33,,,,,
500,60,41,0.14723904021891596,12,0,0.0,0.0,0.0,False,64,12,,,,,
500,60,41,0.14723904021891596,12,1,0.0,0.0,0.0,False,39,12,,,,,
500,60,41,0.14723904021891596,12,2,0.0,0.0,0.0,False,36,12,,,,,
500,60,41,0.14723904021891596,12,3,0.0,0.0,0.0,False,36,12,,,,,
500,60,41,0.14723904021891596,12,4,0.0,0.0,0.0,False,33,12,,,,,
500,60,41,0.14723904021891596,12,5,0.0,0.0,0.0,False,33,12,,,,,
500,60,41,0.14723904021891596,12,6,0.0,0.0,0.0,False,30,12,,,,,
500,60,41,0.14723904021891596,12,7,0.0,0.0,0.0,False,27,12,,,,,
500,60,41,0.14723904021891596,12,8,0.0,0.0,0.0,False,26,12,,,,,
500,60,41,0.14723904021891596,12,9,0.0,0.0,0.0,False,20,12,,,,,
500,60,41,0.14723904021891596,12,10,0.0,0.0,0.0,False,19,12,,,,,
500,60,41,0.14723904021891596,12,11,1.0,1.0,1.0,True,12,12,0.9336016964144402,0.9734406785657761,0.041882005372076495,"[0.023333333333333428, 0.2566666666666677]",0.25772509040103714
500,60,30,0.12339526089197392,33,0,0.0,0.0,0.0,False,64,33,,,,,
500,60,30,0.12339526089197392,33,1,0.0,0.0,0.0,False,39,33,,,,,
500,60,30,0.12339526089197392,33,2,0.0,0.0,0.0,False,36,33,,,,,
500,60,30,0.12339526089197392,33,3,0.0,0.0,0.0,False,36,33,,,,,
500,60,30,0.12339526089197392,33,4,0.0,0.0,0.0,False,33,33,,,,,
500,60,30,0.12339526089197392,33,5,1.0,1.0,1.0,True,33,33,0.8634421450381962,0.9453768580152785,0.08613649003456382,"[-0.1951515151515153, -0.033939393939395046]",0.198080782326064
500,60,30,0.12339526089197392,33,6,0.0,0.0,0.0,False,30,33,,,,,
500,60,30,0.12339526089197392,33,7,0.0,0.0,0.0,False,27,33,,,,,
500,60,30,0.12339526089197392,33,8,0.0,0.0,0.0,False,26,33,,,,,
500,60,30,0.12339526089197392,33,9,0.0,0.0,0.0,False,20,33,,,,,
500,60,30,0.12339526089197392,33,10,0.0,0.0,0.0,False,19,33,,,,,
500,60,30,0.12339526089197392,33,11,0.0,0.0,0.0,False,12,33,,,,,
500,60,43,0.10295539313948769,12,0,0.0,0.0,0.0,False,64,12,,,,,
500,60,43,0.10295539313948769,12,1,0.0,0.0,0.0,False,39,12,,,,,
500,60,43,0.10295539313948769,12,2,0.0,0.0,0.0,False,36,12,,,,,
500,60,43,0.10295539313948769,12,3,0.0,0.0,0.0,False,36,12,,,,,
500,60,43,0.10295539313948769,12,4,0.0,0.0,0.0,False,33,12,,,,,
500,60,43,0.10295539313948769,12,5,0.0,0.0,0.0,False,33,12,,,,,
500,60,43,0.10295539313948769,12,6,0.0,0.0,0.0,False,30,12,,,,,
500,60,43,0.10295539313948769,12,7,0.0,0.0,0.0,False,27,12,,,,,
500,60,43,0.10295539313948769,12,8,0.0,0.0,0.0,False,26,12,,,,,
500,60,43,0.10295539313948769,12,9,0.0,0.0,0.0,False,20,12,,,,,
500,60,43,0.10295539313948769,12,10,0.0,0.0,0.0,False,19,12,,,,,
500,60,43,0.10295539313948769,12,11,1.0,1.0,1.0,True,12,12,0.9336016964144402,0.9734406785657761,0.041882005372076495,"[0.023333333333333428, 0.2566666666666677]",0.25772509040103714
500,60,40,0.02397512667219414,36,0,0.0,0.0,0.0,False,64,36,,,,,
500,60,40,0.02397512667219414,36,1,0.0,0.0,0.0,False,39,36,,,,,
500,60,40,0.02397512667219414,36,2,0.0,0.0,0.0,False,36,36,,,,,
500,60,40,0.02397512667219414,36,3,1.0,1.0,1.0,True,36,36,0.892699444212401,0.9570797776849604,0.06768188660320468,"[-0.21777777777777807, -0.031111111111110645]",0.21998877636914835
500,60,40,0.02397512667219414,36,4,0.0,0.0,0.0,False,33,36,,,,,
500,60,40,0.02397512667219414,36,5,0.0,0.0,0.0,False,33,36,,,,,
500,60,40,0.02397512667219414,36,6,0.0,0.0,0.0,False,30,36,,,,,
500,60,40,0.02397512667219414,36,7,0.0,0.0,0.0,False,27,36,,,,,
500,60,40,0.02397512667219414,36,8,0.0,0.0,0.0,False,26,36,,,,,
500,60,40,0.02397512667219414,36,9,0.0,0.0,0.0,False,20,36,,,,,
500,60,40,0.02397512667219414,36,10,0.0,0.0,0.0,False,19,36,,,,,
500,60,40,0.02397512667219414,36,11,0.0,0.0,0.0,False,12,36,,,,,
500,61,29,0.6024351790774284,33,0,0.0,0.0,0.0,False,39,33,,,,,
500,61,29,0.6024351790774284,33,1,0.0,0.0,0.0,False,38,33,,,,,
500,61,29,0.6024351790774284,33,2,0.0,0.0,0.0,False,36,33,,,,,
500,61,29,0.6024351790774284,33,3,0.0,0.0,0.0,False,36,33,,,,,
500,61,29,0.6024351790774284,33,4,1.0,1.0,1.0,True,33,33,0.8761775444307399,0.9504710177722959,0.0781033922448477,"[-0.1951515151515153, -0.016969696969695747]",0.1958879385801367
500,61,29,0.6024351790774284,33,5,0.0,0.0,0.0,False,32,33,,,,,
500,61,29,0.6024351790774284,33,6,0.0,0.0,0.0,False,30,33,,,,,
500,61,29,0.6024351790774284,33,7,0.0,0.0,0.0,False,28,33,,,,,
500,61,29,0.6024351790774284,33,8,0.0,0.0,0.0,False,27,33,,,,,
500,61,29,0.6024351790774284,33,9,0.0,0.0,0.0,False,25,33,,,,,
500,61,29,0.6024351790774284,33,10,0.0,0.0,0.0,False,19,33,,,,,
500,61,29,0.6024351790774284,33,11,0.0,0.0,0.0,False,19,33,,,,,
500,61,29,0.6024351790774284,33,12,0.0,0.0,0.0,False,12,33,,,,,
500,61,41,0.14723904021891596,12,0,0.0,0.0,0.0,False,39,12,,,,,
500,61,41,0.14723904021891596,12,1,0.0,0.0,0.0,False,38,12,,,,,
500,61,41,0.14723904021891596,12,2,0.0,0.0,0.0,False,36,12,,,,,
500,61,41,0.14723904021891596,12,3,0.0,0.0,0.0,False,36,12,,,,,
500,61,41,0.14723904021891596,12,4,0.0,0.0,0.0,False,33,12,,,,,
500,61,41,0.14723904021891596,12,5,0.0,0.0,0.0,False,32,12,,,,,
500,61,41,0.14723904021891596,12,6,0.0,0.0,0.0,False,30,12,,,,,
500,61,41,0.14723904021891596,12,7,0.0,0.0,0.0,False,28,12,,,,,
500,61,41,0.14723904021891596,12,8,0.0,0.0,0.0,False,27,12,,,,,
500,61,41,0.14723904021891596,12,9,0.0,0.0,0.0,False,25,12,,,,,
500,61,41,0.14723904021891596,12,10,0.0,0.0,0.0,False,19,12,,,,,
500,61,41,0.14723904021891596,12,11,0.0,0.0,0.0,False,19,12,,,,,
500,61,41,0.14723904021891596,12,12,1.0,1.0,1.0,True,12,12,0.9324420073602614,0.9729768029441046,0.04261350151842714,"[0.046666666666666856, 0.23333333333333428]",0.23795424396766426
500,61,30,0.12339526089197392,33,0,0.0,0.0,0.0,False,39,33,,,,,
500,61,30,0.12339526089197392,33,1,0.0,0.0,0.0,False,38,33,,,,,
500,61,30,0.12339526089197392,33,2,0.0,0.0,0.0,False,36,33,,,,,
500,61,30,0.12339526089197392,33,3,0.0,0.0,0.0,False,36,33,,,,,
500,61,30,0.12339526089197392,33,4,1.0,1.0,1.0,True,33,33,0.8761775444307399,0.9504710177722959,0.0781033922448477,"[-0.1951515151515153, -0.016969696969695747]",0.1958879385801367
500,61,30,0.12339526089197392,33,5,0.0,0.0,0.0,False,32,33,,,,,
500,61,30,0.12339526089197392,33,6,0.0,0.0,0.0,False,30,33,,,,,
500,61,30,0.12339526089197392,33,7,0.0,0.0,0.0,False,28,33,,,,,
500,61,30,0.12339526089197392,33,8,0.0,0.0,0.0,False,27,33,,,,,
500,61,30,0.12339526089197392,33,9,0.0,0.0,0.0,False,25,33,,,,,
500,61,30,0.12339526089197392,33,10,0.0,0.0,0.0,False,19,33,,,,,
500,61,30,0.12339526089197392,33,11,0.0,0.0,0.0,False,19,33,,,,,
500,61,30,0.12339526089197392,33,12,0.0,0.0,0.0,False,12,33,,,,,
500,61,43,0.10295539313948769,12,0,0.0,0.0,0.0,False,39,12,,,,,
500,61,43,0.10295539313948769,12,1,0.0,0.0,0.0,False,38,12,,,,,
500,61,43,0.10295539313948769,12,2,0.0,0.0,0.0,False,36,12,,,,,
500,61,43,0.10295539313948769,12,3,0.0,0.0,0.0,False,36,12,,,,,
500,61,43,0.10295539313948769,12,4,0.0,0.0,0.0,False,33,12,,,,,
500,61,43,0.10295539313948769,12,5,0.0,0.0,0.0,False,32,12,,,,,
500,61,43,0.10295539313948769,12,6,0.0,0.0,0.0,False,30,12,,,,,
500,61,43,0.10295539313948769,12,7,0.0,0.0,0.0,False,28,12,,,,,
500,61,43,0.10295539313948769,12,8,0.0,0.0,0.0,False,27,12,,,,,
500,61,43,0.10295539313948769,12,9,0.0,0.0,0.0,False,25,12,,,,,
500,61,43,0.10295539313948769,12,10,0.0,0.0,0.0,False,19,12,,,,,
500,61,43,0.10295539313948769,12,11,0.0,0.0,0.0,False,19,12,,,,,
500,61,43,0.10295539313948769,12,12,1.0,1.0,1.0,True,12,12,0.9324420073602614,0.9729768029441046,0.04261350151842714,"[0.046666666666666856, 0.23333333333333428]",0.23795424396766426
500,61,40,0.02397512667219414,36,0,0.0,0.0,0.0,False,39,36,,,,,
500,61,40,0.02397512667219414,36,1,0.0,0.0,0.0,False,38,36,,,,,
500,61,40,0.02397512667219414,36,2,0.0,0.0,0.0,False,36,36,,,,,
500,61,40,0.02397512667219414,36,3,1.0,1.0,1.0,True,36,36,0.8853318413624719,0.9541327365449888,0.07232914361847524,"[-0.24888888888888694, -0.01555555555555621]",0.24937452620704206
500,61,40,0.02397512667219414,36,4,0.0,0.0,0.0,False,33,36,,,,,
500,61,40,0.02397512667219414,36,5,0.0,0.0,0.0,False,32,36,,,,,
500,61,40,0.02397512667219414,36,6,0.0,0.0,0.0,False,30,36,,,,,
500,61,40,0.02397512667219414,36,7,0.0,0.0,0.0,False,28,36,,,,,
500,61,40,0.02397512667219414,36,8,0.0,0.0,0.0,False,27,36,,,,,
500,61,40,0.02397512667219414,36,9,0.0,0.0,0.0,False,25,36,,,,,
500,61,40,0.02397512667219414,36,10,0.0,0.0,0.0,False,19,36,,,,,
500,61,40,0.02397512667219414,36,11,0.0,0.0,0.0,False,19,36,,,,,
500,61,40,0.02397512667219414,36,12,0.0,0.0,0.0,False,12,36,,,,,
500,62,29,0.6024351790774284,33,0,0.0,0.0,0.0,False,57,33,,,,,
500,62,29,0.6024351790774284,33,1,0.0,0.0,0.0,False,40,33,,,,,
500,62,29,0.6024351790774284,33,2,0.0,0.0,0.0,False,36,33,,,,,
500,62,29,0.6024351790774284,33,3,0.0,0.0,0.0,False,35,33,,,,,
500,62,29,0.6024351790774284,33,4,1.0,1.0,1.0,True,33,33,0.8763681628274191,0.9505472651309677,0.07798315602972443,"[-0.19515151515151574, -0.033939393939395046]",0.19808078232606444
500,62,29,0.6024351790774284,33,5,0.0,0.0,0.0,False,32,33,,,,,
500,62,29,0.6024351790774284,33,6,0.0,0.0,0.0,False,30,33,,,,,
500,62,29,0.6024351790774284,33,7,0.0,0.0,0.0,False,28,33,,,,,
500,62,29,0.6024351790774284,33,8,0.0,0.0,0.0,False,26,33,,,,,
500,62,29,0.6024351790774284,33,9,0.0,0.0,0.0,False,26,33,,,,,
500,62,29,0.6024351790774284,33,10,0.0,0.0,0.0,False,19,33,,,,,
500,62,29,0.6024351790774284,33,11,0.0,0.0,0.0,False,12,33,,,,,
500,62,41,0.14723904021891596,12,0,0.0,0.0,0.0,False,57,12,,,,,
500,62,41,0.14723904021891596,12,1,0.0,0.0,0.0,False,40,12,,,,,
500,62,41,0.14723904021891596,12,2,0.0,0.0,0.0,False,36,12,,,,,
500,62,41,0.14723904021891596,12,3,0.0,0.0,0.0,False,35,12,,,,,
500,62,41,0.14723904021891596,12,4,0.0,0.0,0.0,False,33,12,,,,,
500,62,41,0.14723904021891596,12,5,0.0,0.0,0.0,False,32,12,,,,,
500,62,41,0.14723904021891596,12,6,0.0,0.0,0.0,False,30,12,,,,,
500,62,41,0.14723904021891596,12,7,0.0,0.0,0.0,False,28,12,,,,,
500,62,41,0.14723904021891596,12,8,0.0,0.0,0.0,False,26,12,,,,,
500,62,41,0.14723904021891596,12,9,0.0,0.0,0.0,False,26,12,,,,,
500,62,41,0.14723904021891596,12,10,0.0,0.0,0.0,False,19,12,,,,,
500,62,41,0.14723904021891596,12,11,1.0,1.0,1.0,True,12,12,0.9178216813648473,0.9671286725459389,0.05183555296876888,"[0.023333333333333428, 0.21000000000000085]",0.2112923198898739
500,62,30,0.12339526089197392,33,0,0.0,0.0,0.0,False,57,33,,,,,
500,62,30,0.12339526089197392,33,1,0.0,0.0,0.0,False,40,33,,,,,
500,62,30,0.12339526089197392,33,2,0.0,0.0,0.0,False,36,33,,,,,
500,62,30,0.12339526089197392,33,3,0.0,0.0,0.0,False,35,33,,,,,
500,62,30,0.12339526089197392,33,4,1.0,1.0,1.0,True,33,33,0.8763681628274191,0.9505472651309677,0.07798315602972443,"[-0.19515151515151574, -0.033939393939395046]",0.19808078232606444
500,62,30,0.12339526089197392,33,5,0.0,0.0,0.0,False,32,33,,,,,
500,62,30,0.12339526089197392,33,6,0.0,0.0,0.0,False,30,33,,,,,
500,62,30,0.12339526089197392,33,7,0.0,0.0,0.0,False,28,33,,,,,
500,62,30,0.12339526089197392,33,8,0.0,0.0,0.0,False,26,33,,,,,
500,62,30,0.12339526089197392,33,9,0.0,0.0,0.0,False,26,33,,,,,
500,62,30,0.12339526089197392,33,10,0.0,0.0,0.0,False,19,33,,,,,
500,62,30,0.12339526089197392,33,11,0.0,0.0,0.0,False,12,33,,,,,
500,62,43,0.10295539313948769,12,0,0.0,0.0,0.0,False,57,12,,,,,
500,62,43,0.10295539313948769,12,1,0.0,0.0,0.0,False,40,12,,,,,
500,62,43,0.10295539313948769,12,2,0.0,0.0,0.0,False,36,12,,,,,
500,62,43,0.10295539313948769,12,3,0.0,0.0,0.0,False,35,12,,,,,
500,62,43,0.10295539313948769,12,4,0.0,0.0,0.0,False,33,12,,,,,
500,62,43,0.10295539313948769,12,5,0.0,0.0,0.0,False,32,12,,,,,
500,62,43,0.10295539313948769,12,6,0.0,0.0,0.0,False,30,12,,,,,
500,62,43,0.10295539313948769,12,7,0.0,0.0,0.0,False,28,12,,,,,
500,62,43,0.10295539313948769,12,8,0.0,0.0,0.0,False,26,12,,,,,
500,62,43,0.10295539313948769,12,9,0.0,0.0,0.0,False,26,12,,,,,
500,62,43,0.10295539313948769,12,10,0.0,0.0,0.0,False,19,12,,,,,
500,62,43,0.10295539313948769,12,11,1.0,1.0,1.0,True,12,12,0.9178216813648473,0.9671286725459389,0.05183555296876888,"[0.023333333333333428, 0.21000000000000085]",0.2112923198898739
500,62,40,0.02397512667219414,36,0,0.0,0.0,0.0,False,57,36,,,,,
500,62,40,0.02397512667219414,36,1,0.0,0.0,0.0,False,40,36,,,,,
500,62,40,0.02397512667219414,36,2,1.0,1.0,1.0,True,36,36,0.9123663359238537,0.9649465343695415,0.05527661689251517,"[-0.2255555555555553, -0.023333333333333428]",0.22675924035509476
500,62,40,0.02397512667219414,36,3,0.0,0.0,0.0,False,35,36,,,,,
500,62,40,0.02397512667219414,36,4,0.0,0.0,0.0,False,33,36,,,,,
500,62,40,0.02397512667219414,36,5,0.0,0.0,0.0,False,32,36,,,,,
500,62,40,0.02397512667219414,36,6,0.0,0.0,0.0,False,30,36,,,,,
500,62,40,0.02397512667219414,36,7,0.0,0.0,0.0,False,28,36,,,,,
500,62,40,0.02397512667219414,36,8,0.0,0.0,0.0,False,26,36,,,,,
500,62,40,0.02397512667219414,36,9,0.0,0.0,0.0,False,26,36,,,,,
500,62,40,0.02397512667219414,36,10,0.0,0.0,0.0,False,19,36,,,,,
500,62,40,0.02397512667219414,36,11,0.0,0.0,0.0,False,12,36,,,,,
500,63,29,0.6024351790774284,33,0,0.0,0.0,0.0,False,57,33,,,,,
500,63,29,0.6024351790774284,33,1,0.0,0.0,0.0,False,40,33,,,,,
500,63,29,0.6024351790774284,33,2,0.0,0.0,0.0,False,36,33,,,,,
500,63,29,0.6024351790774284,33,3,0.0,0.0,0.0,False,35,33,,,,,
500,63,29,0.6024351790774284,33,4,0.0,0.0,0.0,False,33,33,,,,,
500,63,29,0.6024351790774284,33,5,1.0,1.0,1.0,True,33,33,0.8920591392714896,0.9568236557085958,0.06808577124372805,"[-0.21212121212121193, -0.016969696969695747]",0.212798917400948
500,63,29,0.6024351790774284,33,6,0.0,0.0,0.0,False,29,33,,,,,
500,63,29,0.6024351790774284,33,7,0.0,0.0,0.0,False,26,33,,,,,
500,63,29,0.6024351790774284,33,8,0.0,0.0,0.0,False,25,33,,,,,
500,63,29,0.6024351790774284,33,9,0.0,0.0,0.0,False,23,33,,,,,
500,63,29,0.6024351790774284,33,10,0.0,0.0,0.0,False,19,33,,,,,
500,63,29,0.6024351790774284,33,11,0.0,0.0,0.0,False,18,33,,,,,
500,63,29,0.6024351790774284,33,12,0.0,0.0,0.0,False,12,33,,,,,
500,63,41,0.14723904021891596,12,0,0.0,0.0,0.0,False,57,12,,,,,
500,63,41,0.14723904021891596,12,1,0.0,0.0,0.0,False,40,12,,,,,
500,63,41,0.14723904021891596,12,2,0.0,0.0,0.0,False,36,12,,,,,
500,63,41,0.14723904021891596,12,3,0.0,0.0,0.0,False,35,12,,,,,
500,63,41,0.14723904021891596,12,4,0.0,0.0,0.0,False,33,12,,,,,
500,63,41,0.14723904021891596,12,5,0.0,0.0,0.0,False,33,12,,,,,
500,63,41,0.14723904021891596,12,6,0.0,0.0,0.0,False,29,12,,,,,
500,63,41,0.14723904021891596,12,7,0.0,0.0,0.0,False,26,12,,,,,
500,63,41,0.14723904021891596,12,8,0.0,0.0,0.0,False,25,12,,,,,
500,63,41,0.14723904021891596,12,9,0.0,0.0,0.0,False,23,12,,,,,
500,63,41,0.14723904021891596,12,10,0.0,0.0,0.0,False,19,12,,,,,
500,63,41,0.14723904021891596,12,11,0.0,0.0,0.0,False,18,12,,,,,
500,63,41,0.14723904021891596,12,12,1.0,1.0,1.0,True,12,12,0.8709169269781891,0.9483667707912756,0.08142162774952844,"[-0.023333333333333428, 0.163333333333334]",0.16499158227686175
500,63,30,0.12339526089197392,33,0,0.0,0.0,0.0,False,57,33,,,,,
500,63,30,0.12339526089197392,33,1,0.0,0.0,0.0,False,40,33,,,,,
500,63,30,0.12339526089197392,33,2,0.0,0.0,0.0,False,36,33,,,,,
500,63,30,0.12339526089197392,33,3,0.0,0.0,0.0,False,35,33,,,,,
500,63,30,0.12339526089197392,33,4,0.0,0.0,0.0,False,33,33,,,,,
500,63,30,0.12339526089197392,33,5,1.0,1.0,1.0,True,33,33,0.8920591392714896,0.9568236557085958,0.06808577124372805,"[-0.21212121212121193, -0.016969696969695747]",0.212798917400948
500,63,30,0.12339526089197392,33,6,0.0,0.0,0.0,False,29,33,,,,,
500,63,30,0.12339526089197392,33,7,0.0,0.0,0.0,False,26,33,,,,,
500,63,30,0.12339526089197392,33,8,0.0,0.0,0.0,False,25,33,,,,,
500,63,30,0.12339526089197392,33,9,0.0,0.0,0.0,False,23,33,,,,,
500,63,30,0.12339526089197392,33,10,0.0,0.0,0.0,False,19,33,,,,,
500,63,30,0.12339526089197392,33,11,0.0,0.0,0.0,False,18,33,,,,,
500,63,30,0.12339526089197392,33,12,0.0,0.0,0.0,False,12,33,,,,,
500,63,43,0.10295539313948769,12,0,0.0,0.0,0.0,False,57,12,,,,,
500,63,43,0.10295539313948769,12,1,0.0,0.0,0.0,False,40,12,,,,,
500,63,43,0.10295539313948769,12,2,0.0,0.0,0.0,False,36,12,,,,,
500,63,43,0.10295539313948769,12,3,0.0,0.0,0.0,False,35,12,,,,,
500,63,43,0.10295539313948769,12,4,0.0,0.0,0.0,False,33,12,,,,,
500,63,43,0.10295539313948769,12,5,0.0,0.0,0.0,False,33,12,,,,,
500,63,43,0.10295539313948769,12,6,0.0,0.0,0.0,False,29,12,,,,,
500,63,43,0.10295539313948769,12,7,0.0,0.0,0.0,False,26,12,,,,,
500,63,43,0.10295539313948769,12,8,0.0,0.0,0.0,False,25,12,,,,,
500,63,43,0.10295539313948769,12,9,0.0,0.0,0.0,False,23,12,,,,,
500,63,43,0.10295539313948769,12,10,0.0,0.0,0.0,False,19,12,,,,,
500,63,43,0.10295539313948769,12,11,0.0,0.0,0.0,False,18,12,,,,,
500,63,43,0.10295539313948769,12,12,1.0,1.0,1.0,True,12,12,0.8709169269781891,0.9483667707912756,0.08142162774952844,"[-0.023333333333333428, 0.163333333333334]",0.16499158227686175
500,63,40,0.02397512667219414,36,0,0.0,0.0,0.0,False,57,36,,,,,
500,63,40,0.02397512667219414,36,1,0.0,0.0,0.0,False,40,36,,,,,
500,63,40,0.02397512667219414,36,2,1.0,1.0,1.0,True,36,36,0.9187918413969907,0.9675167365587962,0.05122360589356016,"[-0.20999999999999908, 0.007777777777777217]",0.21014398356165254
500,63,40,0.02397512667219414,36,3,0.0,0.0,0.0,False,35,36,,,,,
500,63,40,0.02397512667219414,36,4,0.0,0.0,0.0,False,33,36,,,,,
500,63,40,0.02397512667219414,36,5,0.0,0.0,0.0,False,33,36,,,,,
500,63,40,0.02397512667219414,36,6,0.0,0.0,0.0,False,29,36,,,,,
500,63,40,0.02397512667219414,36,7,0.0,0.0,0.0,False,26,36,,,,,
500,63,40,0.02397512667219414,36,8,0.0,0.0,0.0,False,25,36,,,,,
500,63,40,0.02397512667219414,36,9,0.0,0.0,0.0,False,23,36,,,,,
500,63,40,0.02397512667219414,36,10,0.0,0.0,0.0,False,19,36,,,,,
500,63,40,0.02397512667219414,36,11,0.0,0.0,0.0,False,18,36,,,,,
500,63,40,0.02397512667219414,36,12,0.0,0.0,0.0,False,12,36,,,,,
500,64,29,0.6024351790774284,33,0,0.0,0.0,0.0,False,56,33,,,,,
500,64,29,0.6024351790774284,33,1,0.0,0.0,0.0,False,40,33,,,,,
500,64,29,0.6024351790774284,33,2,0.0,0.0,0.0,False,37,33,,,,,
500,64,29,0.6024351790774284,33,3,0.0,0.0,0.0,False,36,33,,,,,
500,64,29,0.6024351790774284,33,4,0.0,0.0,0.0,False,33,33,,,,,
500,64,29,0.6024351790774284,33,5,1.0,1.0,1.0,True,33,33,0.9097550065475098,0.9639020026190039,0.056923763055328896,"[-0.20363636363636362, 0.008484848484847873]",0.20381305465757618
500,64,29,0.6024351790774284,33,6,0.0,0.0,0.0,False,32,33,,,,,
500,64,29,0.6024351790774284,33,7,0.0,0.0,0.0,False,26,33,,,,,
500,64,29,0.6024351790774284,33,8,0.0,0.0,0.0,False,26,33,,,,,
500,64,29,0.6024351790774284,33,9,0.0,0.0,0.0,False,23,33,,,,,
500,64,29,0.6024351790774284,33,10,0.0,0.0,0.0,False,19,33,,,,,
500,64,29,0.6024351790774284,33,11,0.0,0.0,0.0,False,18,33,,,,,
500,64,41,0.14723904021891596,12,0,0.0,0.0,0.0,False,56,12,,,,,
500,64,41,0.14723904021891596,12,1,0.0,0.0,0.0,False,40,12,,,,,
500,64,41,0.14723904021891596,12,2,0.08333333333333333,0.02702702702702703,0.04081632653061224,False,37,12,,,,,
500,64,41,0.14723904021891596,12,3,0.0,0.0,0.0,False,36,12,,,,,
500,64,41,0.14723904021891596,12,4,0.0,0.0,0.0,False,33,12,,,,,
500,64,41,0.14723904021891596,12,5,0.0,0.0,0.0,False,33,12,,,,,
500,64,41,0.14723904021891596,12,6,0.0,0.0,0.0,False,32,12,,,,,
500,64,41,0.14723904021891596,12,7,0.0,0.0,0.0,False,26,12,,,,,
500,64,41,0.14723904021891596,12,8,0.0,0.0,0.0,False,26,12,,,,,
500,64,41,0.14723904021891596,12,9,0.0,0.0,0.0,False,23,12,,,,,
500,64,41,0.14723904021891596,12,10,0.0,0.0,0.0,False,19,12,,,,,
500,64,41,0.14723904021891596,12,11,0.0,0.0,0.0,False,18,12,,,,,
500,64,30,0.12339526089197392,33,0,0.0,0.0,0.0,False,56,33,,,,,
500,64,30,0.12339526089197392,33,1,0.0,0.0,0.0,False,40,33,,,,,
500,64,30,0.12339526089197392,33,2,0.0,0.0,0.0,False,37,33,,,,,
500,64,30,0.12339526089197392,33,3,0.0,0.0,0.0,False,36,33,,,,,
500,64,30,0.12339526089197392,33,4,0.0,0.0,0.0,False,33,33,,,,,
500,64,30,0.12339526089197392,33,5,1.0,1.0,1.0,True,33,33,0.9097550065475098,0.9639020026190039,0.056923763055328896,"[-0.20363636363636362, 0.008484848484847873]",0.20381305465757618
500,64,30,0.12339526089197392,33,6,0.0,0.0,0.0,False,32,33,,,,,
500,64,30,0.12339526089197392,33,7,0.0,0.0,0.0,False,26,33,,,,,
500,64,30,0.12339526089197392,33,8,0.0,0.0,0.0,False,26,33,,,,,
500,64,30,0.12339526089197392,33,9,0.0,0.0,0.0,False,23,33,,,,,
500,64,30,0.12339526089197392,33,10,0.0,0.0,0.0,False,19,33,,,,,
500,64,30,0.12339526089197392,33,11,0.0,0.0,0.0,False,18,33,,,,,
500,64,43,0.10295539313948769,12,0,0.0,0.0,0.0,False,56,12,,,,,
500,64,43,0.10295539313948769,12,1,0.0,0.0,0.0,False,40,12,,,,,
500,64,43,0.10295539313948769,12,2,0.08333333333333333,0.02702702702702703,0.04081632653061224,False,37,12,,,,,
500,64,43,0.10295539313948769,12,3,0.0,0.0,0.0,False,36,12,,,,,
500,64,43,0.10295539313948769,12,4,0.0,0.0,0.0,False,33,12,,,,,
500,64,43,0.10295539313948769,12,5,0.0,0.0,0.0,False,33,12,,,,,
500,64,43,0.10295539313948769,12,6,0.0,0.0,0.0,False,32,12,,,,,
500,64,43,0.10295539313948769,12,7,0.0,0.0,0.0,False,26,12,,,,,
500,64,43,0.10295539313948769,12,8,0.0,0.0,0.0,False,26,12,,,,,
500,64,43,0.10295539313948769,12,9,0.0,0.0,0.0,False,23,12,,,,,
500,64,43,0.10295539313948769,12,10,0.0,0.0,0.0,False,19,12,,,,,
500,64,43,0.10295539313948769,12,11,0.0,0.0,0.0,False,18,12,,,,,
500,64,40,0.02397512667219414,36,0,0.0,0.0,0.0,False,56,36,,,,,
500,64,40,0.02397512667219414,36,1,0.0,0.0,0.0,False,40,36,,,,,
500,64,40,0.02397512667219414,36,2,1.0,0.972972972972973,0.9863013698630136,True,37,36,0.9209239324138276,0.9601503948833392,0.0498787485312654,"[-0.21011183247895637, 0.08164389043797371]",0.22541674071264733
500,64,40,0.02397512667219414,36,3,0.0,0.0,0.0,False,36,36,,,,,
500,64,40,0.02397512667219414,36,4,0.0,0.0,0.0,False,33,36,,,,,
500,64,40,0.02397512667219414,36,5,0.0,0.0,0.0,False,33,36,,,,,
500,64,40,0.02397512667219414,36,6,0.0,0.0,0.0,False,32,36,,,,,
500,64,40,0.02397512667219414,36,7,0.0,0.0,0.0,False,26,36,,,,,
500,64,40,0.02397512667219414,36,8,0.0,0.0,0.0,False,26,36,,,,,
500,64,40,0.02397512667219414,36,9,0.0,0.0,0.0,False,23,36,,,,,
500,64,40,0.02397512667219414,36,10,0.0,0.0,0.0,False,19,36,,,,,
500,64,40,0.02397512667219414,36,11,0.0,0.0,0.0,False,18,36,,,,,
500,65,29,0.8034551967595481,33,0,0.0,0.0,0.0,False,52,33,,,,,
500,65,29,0.8034551967595481,33,1,0.0,0.0,0.0,False,41,33,,,,,
500,65,29,0.8034551967595481,33,2,0.0,0.0,0.0,False,37,33,,,,,
500,65,29,0.8034551967595481,33,3,0.0,0.0,0.0,False,36,33,,,,,
500,65,29,0.8034551967595481,33,4,0.0,0.0,0.0,False,35,33,,,,,
500,65,29,0.8034551967595481,33,5,1.0,1.0,1.0,True,33,33,0.8951973360371368,0.9580789344148547,0.06610629335498798,"[-0.1696969696969699, -0.025454545454547173]",0.17159544110678446
500,65,29,0.8034551967595481,33,6,0.0,0.0,0.0,False,31,33,,,,,
500,65,29,0.8034551967595481,33,7,0.0,0.0,0.0,False,28,33,,,,,
500,65,29,0.8034551967595481,33,8,0.0,0.0,0.0,False,26,33,,,,,
500,65,29,0.8034551967595481,33,9,0.0,0.0,0.0,False,23,33,,,,,
500,65,29,0.8034551967595481,33,10,0.0,0.0,0.0,False,19,33,,,,,
500,65,29,0.8034551967595481,33,11,0.0,0.0,0.0,False,18,33,,,,,
500,65,30,0.164569678302957,33,0,0.0,0.0,0.0,False,52,33,,,,,
500,65,30,0.164569678302957,33,1,0.0,0.0,0.0,False,41,33,,,,,
500,65,30,0.164569678302957,33,2,0.0,0.0,0.0,False,37,33,,,,,
500,65,30,0.164569678302957,33,3,0.0,0.0,0.0,False,36,33,,,,,
500,65,30,0.164569678302957,33,4,0.0,0.0,0.0,False,35,33,,,,,
500,65,30,0.164569678302957,33,5,1.0,1.0,1.0,True,33,33,0.8951973360371368,0.9580789344148547,0.06610629335498798,"[-0.1696969696969699, -0.025454545454547173]",0.17159544110678446
500,65,30,0.164569678302957,33,6,0.0,0.0,0.0,False,31,33,,,,,
500,65,30,0.164569678302957,33,7,0.0,0.0,0.0,False,28,33,,,,,
500,65,30,0.164569678302957,33,8,0.0,0.0,0.0,False,26,33,,,,,
500,65,30,0.164569678302957,33,9,0.0,0.0,0.0,False,23,33,,,,,
500,65,30,0.164569678302957,33,10,0.0,0.0,0.0,False,19,33,,,,,
500,65,30,0.164569678302957,33,11,0.0,0.0,0.0,False,18,33,,,,,
500,65,40,0.03197512493749481,37,0,0.0,0.0,0.0,False,52,37,,,,,
500,65,40,0.03197512493749481,37,1,0.0,0.0,0.0,False,41,37,,,,,
500,65,40,0.03197512493749481,37,2,1.0,1.0,1.0,True,37,37,0.9447462413090112,0.9778984965236045,0.03485236961425454,"[-0.2118918918918915, 0.007567567567567934]",0.21202698396292569
500,65,40,0.03197512493749481,37,3,0.0,0.0,0.0,False,36,37,,,,,
500,65,40,0.03197512493749481,37,4,0.0,0.0,0.0,False,35,37,,,,,
500,65,40,0.03197512493749481,37,5,0.0,0.0,0.0,False,33,37,,,,,
500,65,40,0.03197512493749481,37,6,0.0,0.0,0.0,False,31,37,,,,,
500,65,40,0.03197512493749481,37,7,0.0,0.0,0.0,False,28,37,,,,,
500,65,40,0.03197512493749481,37,8,0.0,0.0,0.0,False,26,37,,,,,
500,65,40,0.03197512493749481,37,9,0.0,0.0,0.0,False,23,37,,,,,
500,65,40,0.03197512493749481,37,10,0.0,0.0,0.0,False,19,37,,,,,
500,65,40,0.03197512493749481,37,11,0.0,0.0,0.0,False,18,37,,,,,
500,66,29,0.8034551967595482,33,0,0.0,0.0,0.0,False,47,33,,,,,
500,66,29,0.8034551967595482,33,1,0.0,0.0,0.0,False,45,33,,,,,
500,66,29,0.8034551967595482,33,2,0.0,0.0,0.0,False,45,33,,,,,
500,66,29,0.8034551967595482,33,3,0.0,0.0,0.0,False,38,33,,,,,
500,66,29,0.8034551967595482,33,4,0.0,0.0,0.0,False,37,33,,,,,
500,66,29,0.8034551967595482,33,5,1.0,1.0,1.0,True,33,33,0.9025760764373856,0.9610304305749542,0.061452011115922044,"[-0.15272727272727327, -0.059393939393938666]",0.16386964292217693
500,66,29,0.8034551967595482,33,6,0.0,0.0,0.0,False,30,33,,,,,
500,66,29,0.8034551967595482,33,7,0.0,0.0,0.0,False,29,33,,,,,
500,66,29,0.8034551967595482,33,8,0.0,0.0,0.0,False,26,33,,,,,
500,66,29,0.8034551967595482,33,9,0.0,0.0,0.0,False,23,33,,,,,
500,66,29,0.8034551967595482,33,10,0.0,0.0,0.0,False,19,33,,,,,
500,66,29,0.8034551967595482,33,11,0.0,0.0,0.0,False,18,33,,,,,
500,66,30,0.16456967830295702,33,0,0.0,0.0,0.0,False,47,33,,,,,
500,66,30,0.16456967830295702,33,1,0.0,0.0,0.0,False,45,33,,,,,
500,66,30,0.16456967830295702,33,2,0.0,0.0,0.0,False,45,33,,,,,
500,66,30,0.16456967830295702,33,3,0.0,0.0,0.0,False,38,33,,,,,
500,66,30,0.16456967830295702,33,4,0.0,0.0,0.0,False,37,33,,,,,
500,66,30,0.16456967830295702,33,5,1.0,1.0,1.0,True,33,33,0.9025760764373856,0.9610304305749542,0.061452011115922044,"[-0.15272727272727327, -0.059393939393938666]",0.16386964292217693
500,66,30,0.16456967830295702,33,6,0.0,0.0,0.0,False,30,33,,,,,
500,66,30,0.16456967830295702,33,7,0.0,0.0,0.0,False,29,33,,,,,
500,66,30,0.16456967830295702,33,8,0.0,0.0,0.0,False,26,33,,,,,
500,66,30,0.16456967830295702,33,9,0.0,0.0,0.0,False,23,33,,,,,
500,66,30,0.16456967830295702,33,10,0.0,0.0,0.0,False,19,33,,,,,
500,66,30,0.16456967830295702,33,11,0.0,0.0,0.0,False,18,33,,,,,
500,66,40,0.03197512493749482,37,0,0.0,0.0,0.0,False,47,37,,,,,
500,66,40,0.03197512493749482,37,1,0.0,0.0,0.0,False,45,37,,,,,
500,66,40,0.03197512493749482,37,2,0.0,0.0,0.0,False,45,37,,,,,
500,66,40,0.03197512493749482,37,3,0.0,0.0,0.0,False,38,37,,,,,
500,66,40,0.03197512493749482,37,4,1.0,1.0,1.0,True,37,37,0.9173320797491954,0.9669328318996782,0.052144378592159826,"[-0.18918918918918948, 0.015135135135134092]",0.1897936290332784
500,66,40,0.03197512493749482,37,5,0.0,0.0,0.0,False,33,37,,,,,
500,66,40,0.03197512493749482,37,6,0.0,0.0,0.0,False,30,37,,,,,
500,66,40,0.03197512493749482,37,7,0.0,0.0,0.0,False,29,37,,,,,
500,66,40,0.03197512493749482,37,8,0.0,0.0,0.0,False,26,37,,,,,
500,66,40,0.03197512493749482,37,9,0.0,0.0,0.0,False,23,37,,,,,
500,66,40,0.03197512493749482,37,10,0.0,0.0,0.0,False,19,37,,,,,
500,66,40,0.03197512493749482,37,11,0.0,0.0,0.0,False,18,37,,,,,
500,67,29,0.8034551967595482,33,0,0.0,0.0,0.0,False,48,33,,,,,
500,67,29,0.8034551967595482,33,1,0.0,0.0,0.0,False,44,33,,,,,
500,67,29,0.8034551967595482,33,2,0.0,0.0,0.0,False,43,33,,,,,
500,67,29,0.8034551967595482,33,3,0.0,0.0,0.0,False,37,33,,,,,
500,67,29,0.8034551967595482,33,4,0.0,0.0,0.0,False,37,33,,,,,
500,67,29,0.8034551967595482,33,5,1.0,1.0,1.0,True,33,33,0.8911767374482281,0.9564706949792913,0.06864236314301576,"[-0.11878787878787866, -0.02545454545454362]",0.12148454235507158
500,67,29,0.8034551967595482,33,6,0.0,0.0,0.0,False,26,33,,,,,
500,67,29,0.8034551967595482,33,7,0.0,0.0,0.0,False,25,33,,,,,
500,67,29,0.8034551967595482,33,8,0.0,0.0,0.0,False,22,33,,,,,
500,67,29,0.8034551967595482,33,9,0.0,0.0,0.0,False,19,33,,,,,
500,67,29,0.8034551967595482,33,10,0.0,0.0,0.0,False,18,33,,,,,
500,67,29,0.8034551967595482,33,11,0.0,0.0,0.0,False,18,33,,,,,
500,67,29,0.8034551967595482,33,12,0.0,0.0,0.0,False,16,33,,,,,
500,67,30,0.16456967830295702,33,0,0.0,0.0,0.0,False,48,33,,,,,
500,67,30,0.16456967830295702,33,1,0.0,0.0,0.0,False,44,33,,,,,
500,67,30,0.16456967830295702,33,2,0.0,0.0,0.0,False,43,33,,,,,
500,67,30,0.16456967830295702,33,3,0.0,0.0,0.0,False,37,33,,,,,
500,67,30,0.16456967830295702,33,4,0.0,0.0,0.0,False,37,33,,,,,
500,67,30,0.16456967830295702,33,5,1.0,1.0,1.0,True,33,33,0.8911767374482281,0.9564706949792913,0.06864236314301576,"[-0.11878787878787866, -0.02545454545454362]",0.12148454235507158
500,67,30,0.16456967830295702,33,6,0.0,0.0,0.0,False,26,33,,,,,
500,67,30,0.16456967830295702,33,7,0.0,0.0,0.0,False,25,33,,,,,
500,67,30,0.16456967830295702,33,8,0.0,0.0,0.0,False,22,33,,,,,
500,67,30,0.16456967830295702,33,9,0.0,0.0,0.0,False,19,33,,,,,
500,67,30,0.16456967830295702,33,10,0.0,0.0,0.0,False,18,33,,,,,
500,67,30,0.16456967830295702,33,11,0.0,0.0,0.0,False,18,33,,,,,
500,67,30,0.16456967830295702,33,12,0.0,0.0,0.0,False,16,33,,,,,
500,67,40,0.03197512493749482,37,0,0.0,0.0,0.0,False,48,37,,,,,
500,67,40,0.03197512493749482,37,1,0.0,0.0,0.0,False,44,37,,,,,
500,67,40,0.03197512493749482,37,2,0.0,0.0,0.0,False,43,37,,,,,
500,67,40,0.03197512493749482,37,3,0.0,0.0,0.0,False,37,37,,,,,
500,67,40,0.03197512493749482,37,4,1.0,1.0,1.0,True,37,37,0.889882683827633,0.9559530735310532,0.06945861232052196,"[-0.23459459459459353, -0.015135135135134092]",0.2350823177709469
500,67,40,0.03197512493749482,37,5,0.0,0.0,0.0,False,33,37,,,,,
500,67,40,0.03197512493749482,37,6,0.0,0.0,0.0,False,26,37,,,,,
500,67,40,0.03197512493749482,37,7,0.0,0.0,0.0,False,25,37,,,,,
500,67,40,0.03197512493749482,37,8,0.0,0.0,0.0,False,22,37,,,,,
500,67,40,0.03197512493749482,37,9,0.0,0.0,0.0,False,19,37,,,,,
500,67,40,0.03197512493749482,37,10,0.0,0.0,0.0,False,18,37,,,,,
500,67,40,0.03197512493749482,37,11,0.0,0.0,0.0,False,18,37,,,,,
500,67,40,0.03197512493749482,37,12,0.0,0.0,0.0,False,16,37,,,,,
500,68,29,0.8034551967595482,33,0,0.0,0.0,0.0,False,48,33,,,,,
500,68,29,0.8034551967595482,33,1,0.0,0.0,0.0,False,44,33,,,,,
500,68,29,0.8034551967595482,33,2,0.0,0.0,0.0,False,42,33,,,,,
500,68,29,0.8034551967595482,33,3,0.0,0.0,0.0,False,40,33,,,,,
500,68,29,0.8034551967595482,33,4,0.0,0.0,0.0,False,37,33,,,,,
500,68,29,0.8034551967595482,33,5,0.9090909090909091,1.0,0.9523809523809523,True,30,33,0.8423021788538453,0.9083494429701096,0.09947092976400067,"[0.08977927007797248, 0.22418778649340254]",0.24149633733981343
500,68,29,0.8034551967595482,33,6,0.0,0.0,0.0,False,26,33,,,,,
500,68,29,0.8034551967595482,33,7,0.0,0.0,0.0,False,25,33,,,,,
500,68,29,0.8034551967595482,33,8,0.0,0.0,0.0,False,21,33,,,,,
500,68,29,0.8034551967595482,33,9,0.0,0.0,0.0,False,19,33,,,,,
500,68,29,0.8034551967595482,33,10,0.0,0.0,0.0,False,18,33,,,,,
500,68,29,0.8034551967595482,33,11,0.0,0.0,0.0,False,17,33,,,,,
500,68,29,0.8034551967595482,33,12,0.0,0.0,0.0,False,16,33,,,,,
500,68,30,0.16456967830295702,33,0,0.0,0.0,0.0,False,48,33,,,,,
500,68,30,0.16456967830295702,33,1,0.0,0.0,0.0,False,44,33,,,,,
500,68,30,0.16456967830295702,33,2,0.0,0.0,0.0,False,42,33,,,,,
500,68,30,0.16456967830295702,33,3,0.0,0.0,0.0,False,40,33,,,,,
500,68,30,0.16456967830295702,33,4,0.0,0.0,0.0,False,37,33,,,,,
500,68,30,0.16456967830295702,33,5,0.9090909090909091,1.0,0.9523809523809523,True,30,33,0.8423021788538453,0.9083494429701096,0.09947092976400067,"[0.08977927007797248, 0.22418778649340254]",0.24149633733981343
500,68,30,0.16456967830295702,33,6,0.0,0.0,0.0,False,26,33,,,,,
500,68,30,0.16456967830295702,33,7,0.0,0.0,0.0,False,25,33,,,,,
500,68,30,0.16456967830295702,33,8,0.0,0.0,0.0,False,21,33,,,,,
500,68,30,0.16456967830295702,33,9,0.0,0.0,0.0,False,19,33,,,,,
500,68,30,0.16456967830295702,33,10,0.0,0.0,0.0,False,18,33,,,,,
500,68,30,0.16456967830295702,33,11,0.0,0.0,0.0,False,17,33,,,,,
500,68,30,0.16456967830295702,33,12,0.0,0.0,0.0,False,16,33,,,,,
500,68,40,0.03197512493749482,37,0,0.0,0.0,0.0,False,48,37,,,,,
500,68,40,0.03197512493749482,37,1,0.0,0.0,0.0,False,44,37,,,,,
500,68,40,0.03197512493749482,37,2,0.0,0.0,0.0,False,42,37,,,,,
500,68,40,0.03197512493749482,37,3,0.0,0.0,0.0,False,40,37,,,,,
500,68,40,0.03197512493749482,37,4,1.0,1.0,1.0,True,37,37,0.8912180152024232,0.9564872060809693,0.06861632640668987,"[-0.2497297297297294, 0.015135135135134092]",0.2501879498026283
500,68,40,0.03197512493749482,37,5,0.0,0.0,0.0,False,30,37,,,,,
500,68,40,0.03197512493749482,37,6,0.0,0.0,0.0,False,26,37,,,,,
500,68,40,0.03197512493749482,37,7,0.0,0.0,0.0,False,25,37,,,,,
500,68,40,0.03197512493749482,37,8,0.0,0.0,0.0,False,21,37,,,,,
500,68,40,0.03197512493749482,37,9,0.0,0.0,0.0,False,19,37,,,,,
500,68,40,0.03197512493749482,37,10,0.0,0.0,0.0,False,18,37,,,,,
500,68,40,0.03197512493749482,37,11,0.0,0.0,0.0,False,17,37,,,,,
500,68,40,0.03197512493749482,37,12,0.0,0.0,0.0,False,16,37,,,,,
500,69,29,0.8034551967595482,30,0,0.0,0.0,0.0,False,49,30,,,,,
500,69,29,0.8034551967595482,30,1,0.0,0.0,0.0,False,42,30,,,,,
500,69,29,0.8034551967595482,30,2,0.0,0.0,0.0,False,42,30,,,,,
500,69,29,0.8034551967595482,30,3,0.0,0.0,0.0,False,37,30,,,,,
500,69,29,0.8034551967595482,30,4,0.0,0.0,0.0,False,37,30,,,,,
500,69,29,0.8034551967595482,30,5,1.0,1.0,1.0,True,30,30,0.9042642988772311,0.9617057195508925,0.060387132384438186,"[-0.18666666666666698, 0.018666666666668164]",0.18759767826092374
500,69,29,0.8034551967595482,30,6,0.0,0.0,0.0,False,28,30,,,,,
500,69,29,0.8034551967595482,30,7,0.0,0.0,0.0,False,26,30,,,,,
500,69,29,0.8034551967595482,30,8,0.0,0.0,0.0,False,25,30,,,,,
500,69,29,0.8034551967595482,30,9,0.0,0.0,0.0,False,22,30,,,,,
500,69,29,0.8034551967595482,30,10,0.0,0.0,0.0,False,19,30,,,,,
500,69,29,0.8034551967595482,30,11,0.0,0.0,0.0,False,17,30,,,,,
500,69,29,0.8034551967595482,30,12,0.0,0.0,0.0,False,16,30,,,,,
500,69,30,0.16456967830295702,30,0,0.0,0.0,0.0,False,49,30,,,,,
500,69,30,0.16456967830295702,30,1,0.0,0.0,0.0,False,42,30,,,,,
500,69,30,0.16456967830295702,30,2,0.0,0.0,0.0,False,42,30,,,,,
500,69,30,0.16456967830295702,30,3,0.0,0.0,0.0,False,37,30,,,,,
500,69,30,0.16456967830295702,30,4,0.0,0.0,0.0,False,37,30,,,,,
500,69,30,0.16456967830295702,30,5,1.0,1.0,1.0,True,30,30,0.9042642988772311,0.9617057195508925,0.060387132384438186,"[-0.18666666666666698, 0.018666666666668164]",0.18759767826092374
500,69,30,0.16456967830295702,30,6,0.0,0.0,0.0,False,28,30,,,,,
500,69,30,0.16456967830295702,30,7,0.0,0.0,0.0,False,26,30,,,,,
500,69,30,0.16456967830295702,30,8,0.0,0.0,0.0,False,25,30,,,,,
500,69,30,0.16456967830295702,30,9,0.0,0.0,0.0,False,22,30,,,,,
500,69,30,0.16456967830295702,30,10,0.0,0.0,0.0,False,19,30,,,,,
500,69,30,0.16456967830295702,30,11,0.0,0.0,0.0,False,17,30,,,,,
500,69,30,0.16456967830295702,30,12,0.0,0.0,0.0,False,16,30,,,,,
500,69,40,0.03197512493749482,37,0,0.0,0.0,0.0,False,49,37,,,,,
500,69,40,0.03197512493749482,37,1,0.0,0.0,0.0,False,42,37,,,,,
500,69,40,0.03197512493749482,37,2,0.0,0.0,0.0,False,42,37,,,,,
500,69,40,0.03197512493749482,37,3,1.0,1.0,1.0,True,37,37,0.9510046069839073,0.9804018427935629,0.030904785253478444,"[-0.23459459459459353, 0.015135135135135869]",0.235082317770947
500,69,40,0.03197512493749482,37,4,0.0,0.0,0.0,False,37,37,,,,,
500,69,40,0.03197512493749482,37,5,0.0,0.0,0.0,False,30,37,,,,,
500,69,40,0.03197512493749482,37,6,0.0,0.0,0.0,False,28,37,,,,,
500,69,40,0.03197512493749482,37,7,0.0,0.0,0.0,False,26,37,,,,,
500,69,40,0.03197512493749482,37,8,0.0,0.0,0.0,False,25,37,,,,,
500,69,40,0.03197512493749482,37,9,0.0,0.0,0.0,False,22,37,,,,,
500,69,40,0.03197512493749482,37,10,0.0,0.0,0.0,False,19,37,,,,,
500,69,40,0.03197512493749482,37,11,0.0,0.0,0.0,False,17,37,,,,,
500,69,40,0.03197512493749482,37,12,0.0,0.0,0.0,False,16,37,,,,,
500,70,29,0.8034551967595482,30,0,0.0,0.0,0.0,False,48,30,,,,,
500,70,29,0.8034551967595482,30,1,0.0,0.0,0.0,False,43,30,,,,,
500,70,29,0.8034551967595482,30,2,0.0,0.0,0.0,False,43,30,,,,,
500,70,29,0.8034551967595482,30,3,0.0,0.0,0.0,False,38,30,,,,,
500,70,29,0.8034551967595482,30,4,0.0,0.0,0.0,False,38,30,,,,,
500,70,29,0.8034551967595482,30,5,1.0,1.0,1.0,True,30,30,0.8849882441901222,0.9539952976760488,0.07254587413478486,"[-0.2519999999999998, 0.009333333333334082]",0.252172780273984
500,70,29,0.8034551967595482,30,6,0.0,0.0,0.0,False,28,30,,,,,
500,70,29,0.8034551967595482,30,7,0.0,0.0,0.0,False,26,30,,,,,
500,70,29,0.8034551967595482,30,8,0.0,0.0,0.0,False,25,30,,,,,
500,70,29,0.8034551967595482,30,9,0.0,0.0,0.0,False,22,30,,,,,
500,70,29,0.8034551967595482,30,10,0.0,0.0,0.0,False,19,30,,,,,
500,70,29,0.8034551967595482,30,11,0.0,0.0,0.0,False,17,30,,,,,
500,70,29,0.8034551967595482,30,12,0.0,0.0,0.0,False,16,30,,,,,
500,70,30,0.16456967830295702,30,0,0.0,0.0,0.0,False,48,30,,,,,
500,70,30,0.16456967830295702,30,1,0.0,0.0,0.0,False,43,30,,,,,
500,70,30,0.16456967830295702,30,2,0.0,0.0,0.0,False,43,30,,,,,
500,70,30,0.16456967830295702,30,3,0.0,0.0,0.0,False,38,30,,,,,
500,70,30,0.16456967830295702,30,4,0.0,0.0,0.0,False,38,30,,,,,
500,70,30,0.16456967830295702,30,5,1.0,1.0,1.0,True,30,30,0.8849882441901222,0.9539952976760488,0.07254587413478486,"[-0.2519999999999998, 0.009333333333334082]",0.252172780273984
500,70,30,0.16456967830295702,30,6,0.0,0.0,0.0,False,28,30,,,,,
500,70,30,0.16456967830295702,30,7,0.0,0.0,0.0,False,26,30,,,,,
500,70,30,0.16456967830295702,30,8,0.0,0.0,0.0,False,25,30,,,,,
500,70,30,0.16456967830295702,30,9,0.0,0.0,0.0,False,22,30,,,,,
500,70,30,0.16456967830295702,30,10,0.0,0.0,0.0,False,19,30,,,,,
500,70,30,0.16456967830295702,30,11,0.0,0.0,0.0,False,17,30,,,,,
500,70,30,0.16456967830295702,30,12,0.0,0.0,0.0,False,16,30,,,,,
500,70,40,0.03197512493749482,37,0,0.0,0.0,0.0,False,48,37,,,,,
500,70,40,0.03197512493749482,37,1,0.0,0.0,0.0,False,43,37,,,,,
500,70,40,0.03197512493749482,37,2,0.0,0.0,0.0,False,43,37,,,,,
500,70,40,0.03197512493749482,37,3,1.0,0.9736842105263158,0.9866666666666667,True,38,37,0.8670276414934197,0.9388110565973679,0.08387486927484472,"[-0.31764304032602375, 0.012968254088956854]",0.3179076543301147
500,70,40,0.03197512493749482,37,4,0.0,0.0,0.0,False,38,37,,,,,
500,70,40,0.03197512493749482,37,5,0.0,0.0,0.0,False,30,37,,,,,
500,70,40,0.03197512493749482,37,6,0.0,0.0,0.0,False,28,37,,,,,
500,70,40,0.03197512493749482,37,7,0.0,0.0,0.0,False,26,37,,,,,
500,70,40,0.03197512493749482,37,8,0.0,0.0,0.0,False,25,37,,,,,
500,70,40,0.03197512493749482,37,9,0.0,0.0,0.0,False,22,37,,,,,
500,70,40,0.03197512493749482,37,10,0.0,0.0,0.0,False,19,37,,,,,
500,70,40,0.03197512493749482,37,11,0.0,0.0,0.0,False,17,37,,,,,
500,70,40,0.03197512493749482,37,12,0.0,0.0,0.0,False,16,37,,,,,
500,71,29,0.8034551967595482,30,0,0.0,0.0,0.0,False,50,30,,,,,
500,71,29,0.8034551967595482,30,1,0.0,0.0,0.0,False,48,30,,,,,
500,71,29,0.8034551967595482,30,2,0.0,0.0,0.0,False,41,30,,,,,
500,71,29,0.8034551967595482,30,3,0.0,0.0,0.0,False,41,30,,,,,
500,71,29,0.8034551967595482,30,4,0.0,0.0,0.0,False,40,30,,,,,
500,71,29,0.8034551967595482,30,5,0.0,0.0,0.0,False,40,30,,,,,
500,71,29,0.8034551967595482,30,6,1.0,1.0,1.0,True,30,30,0.9670431166750048,0.9868172466700019,0.020788187196465312,"[-0.2520000000000002, 0.009333333333330529]",0.2521727802739843
500,71,29,0.8034551967595482,30,7,0.0,0.0,0.0,False,27,30,,,,,
500,71,29,0.8034551967595482,30,8,0.0,0.0,0.0,False,19,30,,,,,
500,71,29,0.8034551967595482,30,9,0.0,0.0,0.0,False,16,30,,,,,
500,71,29,0.8034551967595482,30,10,0.0,0.0,0.0,False,16,30,,,,,
500,71,29,0.8034551967595482,30,11,0.0,0.0,0.0,False,15,30,,,,,
500,71,29,0.8034551967595482,30,12,0.0,0.0,0.0,False,12,30,,,,,
500,71,30,0.16456967830295702,30,0,0.0,0.0,0.0,False,50,30,,,,,
500,71,30,0.16456967830295702,30,1,0.0,0.0,0.0,False,48,30,,,,,
500,71,30,0.16456967830295702,30,2,0.0,0.0,0.0,False,41,30,,,,,
500,71,30,0.16456967830295702,30,3,0.0,0.0,0.0,False,41,30,,,,,
500,71,30,0.16456967830295702,30,4,0.0,0.0,0.0,False,40,30,,,,,
500,71,30,0.16456967830295702,30,5,0.0,0.0,0.0,False,40,30,,,,,
500,71,30,0.16456967830295702,30,6,1.0,1.0,1.0,True,30,30,0.9670431166750048,0.9868172466700019,0.020788187196465312,"[-0.2520000000000002, 0.009333333333330529]",0.2521727802739843
500,71,30,0.16456967830295702,30,7,0.0,0.0,0.0,False,27,30,,,,,
500,71,30,0.16456967830295702,30,8,0.0,0.0,0.0,False,19,30,,,,,
500,71,30,0.16456967830295702,30,9,0.0,0.0,0.0,False,16,30,,,,,
500,71,30,0.16456967830295702,30,10,0.0,0.0,0.0,False,16,30,,,,,
500,71,30,0.16456967830295702,30,11,0.0,0.0,0.0,False,15,30,,,,,
500,71,30,0.16456967830295702,30,12,0.0,0.0,0.0,False,12,30,,,,,
500,71,40,0.03197512493749482,38,0,0.0,0.0,0.0,False,50,38,,,,,
500,71,40,0.03197512493749482,38,1,0.0,0.0,0.0,False,48,38,,,,,
500,71,40,0.03197512493749482,38,2,0.0,0.0,0.0,False,41,38,,,,,
500,71,40,0.03197512493749482,38,3,0.0,0.0,0.0,False,41,38,,,,,
500,71,40,0.03197512493749482,38,4,0.0,0.0,0.0,False,40,38,,,,,
500,71,40,0.03197512493749482,38,5,1.0,0.95,0.9743589743589743,True,40,38,0.8878434390423878,0.9397527602323397,0.07074490513884021,"[-0.38106983233090297, -0.019742308250043195]",0.38158089030734
500,71,40,0.03197512493749482,38,6,0.0,0.0,0.0,False,30,38,,,,,
500,71,40,0.03197512493749482,38,7,0.0,0.0,0.0,False,27,38,,,,,
500,71,40,0.03197512493749482,38,8,0.0,0.0,0.0,False,19,38,,,,,
500,71,40,0.03197512493749482,38,9,0.0,0.0,0.0,False,16,38,,,,,
500,71,40,0.03197512493749482,38,10,0.0,0.0,0.0,False,16,38,,,,,
500,71,40,0.03197512493749482,38,11,0.0,0.0,0.0,False,15,38,,,,,
500,71,40,0.03197512493749482,38,12,0.0,0.0,0.0,False,12,38,,,,,
500,72,29,0.8034551967595482,30,0,0.0,0.0,0.0,False,54,30,,,,,
500,72,29,0.8034551967595482,30,1,0.0,0.0,0.0,False,49,30,,,,,
500,72,29,0.8034551967595482,30,2,0.0,0.0,0.0,False,48,30,,,,,
500,72,29,0.8034551967595482,30,3,0.0,0.0,0.0,False,41,30,,,,,
500,72,29,0.8034551967595482,30,4,0.0,0.0,0.0,False,40,30,,,,,
500,72,29,0.8034551967595482,30,5,0.0,0.0,0.0,False,40,30,,,,,
500,72,29,0.8034551967595482,30,6,1.0,1.0,1.0,True,30,30,0.9544377956897357,0.9817751182758943,0.02873923553223334,"[-0.2520000000000002, 0.009333333333334082]",0.25217278027398443
500,72,29,0.8034551967595482,30,7,0.0,0.0,0.0,False,25,30,,,,,
500,72,29,0.8034551967595482,30,8,0.0,0.0,0.0,False,19,30,,,,,
500,72,29,0.8034551967595482,30,9,0.0,0.0,0.0,False,17,30,,,,,
500,72,29,0.8034551967595482,30,10,0.0,0.0,0.0,False,16,30,,,,,
500,72,29,0.8034551967595482,30,11,0.0,0.0,0.0,False,16,30,,,,,
500,72,30,0.16456967830295702,30,0,0.0,0.0,0.0,False,54,30,,,,,
500,72,30,0.16456967830295702,30,1,0.0,0.0,0.0,False,49,30,,,,,
500,72,30,0.16456967830295702,30,2,0.0,0.0,0.0,False,48,30,,,,,
500,72,30,0.16456967830295702,30,3,0.0,0.0,0.0,False,41,30,,,,,
500,72,30,0.16456967830295702,30,4,0.0,0.0,0.0,False,40,30,,,,,
500,72,30,0.16456967830295702,30,5,0.0,0.0,0.0,False,40,30,,,,,
500,72,30,0.16456967830295702,30,6,1.0,1.0,1.0,True,30,30,0.9544377956897357,0.9817751182758943,0.02873923553223334,"[-0.2520000000000002, 0.009333333333334082]",0.25217278027398443
500,72,30,0.16456967830295702,30,7,0.0,0.0,0.0,False,25,30,,,,,
500,72,30,0.16456967830295702,30,8,0.0,0.0,0.0,False,19,30,,,,,
500,72,30,0.16456967830295702,30,9,0.0,0.0,0.0,False,17,30,,,,,
500,72,30,0.16456967830295702,30,10,0.0,0.0,0.0,False,16,30,,,,,
500,72,30,0.16456967830295702,30,11,0.0,0.0,0.0,False,16,30,,,,,
500,72,40,0.03197512493749482,40,0,0.0,0.0,0.0,False,54,40,,,,,
500,72,40,0.03197512493749482,40,1,0.0,0.0,0.0,False,49,40,,,,,
500,72,40,0.03197512493749482,40,2,0.0,0.0,0.0,False,48,40,,,,,
500,72,40,0.03197512493749482,40,3,0.0,0.0,0.0,False,41,40,,,,,
500,72,40,0.03197512493749482,40,4,0.0,0.0,0.0,False,40,40,,,,,
500,72,40,0.03197512493749482,40,5,1.0,1.0,1.0,True,40,40,0.8499278181750677,0.9399711272700271,0.09466091128807066,"[-0.23099999999999987, 0.006999999999999673]",0.23110603626906834
500,72,40,0.03197512493749482,40,6,0.0,0.0,0.0,False,30,40,,,,,
500,72,40,0.03197512493749482,40,7,0.0,0.0,0.0,False,25,40,,,,,
500,72,40,0.03197512493749482,40,8,0.0,0.0,0.0,False,19,40,,,,,
500,72,40,0.03197512493749482,40,9,0.0,0.0,0.0,False,17,40,,,,,
500,72,40,0.03197512493749482,40,10,0.0,0.0,0.0,False,16,40,,,,,
500,72,40,0.03197512493749482,40,11,0.0,0.0,0.0,False,16,40,,,,,
500,73,29,0.8034551967595482,30,0,0.0,0.0,0.0,False,49,30,,,,,
500,73,29,0.8034551967595482,30,1,0.0,0.0,0.0,False,48,30,,,,,
500,73,29,0.8034551967595482,30,2,0.0,0.0,0.0,False,42,30,,,,,
500,73,29,0.8034551967595482,30,3,0.0,0.0,0.0,False,41,30,,,,,
500,73,29,0.8034551967595482,30,4,0.0,0.0,0.0,False,40,30,,,,,
500,73,29,0.8034551967595482,30,5,0.0,0.0,0.0,False,38,30,,,,,
500,73,29,0.8034551967595482,30,6,1.0,1.0,1.0,True,30,30,0.9385472794229598,0.9754189117691839,0.03876248389418267,"[-0.2613333333333334, -0.01866666666666461]",0.26199915182220634
500,73,29,0.8034551967595482,30,7,0.0,0.0,0.0,False,24,30,,,,,
500,73,29,0.8034551967595482,30,8,0.0,0.0,0.0,False,19,30,,,,,
500,73,29,0.8034551967595482,30,9,0.0,0.0,0.0,False,17,30,,,,,
500,73,29,0.8034551967595482,30,10,0.0,0.0,0.0,False,17,30,,,,,
500,73,29,0.8034551967595482,30,11,0.0,0.0,0.0,False,16,30,,,,,
500,73,29,0.8034551967595482,30,12,0.0,0.0,0.0,False,12,30,,,,,
500,73,30,0.16456967830295702,30,0,0.0,0.0,0.0,False,49,30,,,,,
500,73,30,0.16456967830295702,30,1,0.0,0.0,0.0,False,48,30,,,,,
500,73,30,0.16456967830295702,30,2,0.0,0.0,0.0,False,42,30,,,,,
500,73,30,0.16456967830295702,30,3,0.0,0.0,0.0,False,41,30,,,,,
500,73,30,0.16456967830295702,30,4,0.0,0.0,0.0,False,40,30,,,,,
500,73,30,0.16456967830295702,30,5,0.0,0.0,0.0,False,38,30,,,,,
500,73,30,0.16456967830295702,30,6,1.0,1.0,1.0,True,30,30,0.9385472794229598,0.9754189117691839,0.03876248389418267,"[-0.2613333333333334, -0.01866666666666461]",0.26199915182220634
500,73,30,0.16456967830295702,30,7,0.0,0.0,0.0,False,24,30,,,,,
500,73,30,0.16456967830295702,30,8,0.0,0.0,0.0,False,19,30,,,,,
500,73,30,0.16456967830295702,30,9,0.0,0.0,0.0,False,17,30,,,,,
500,73,30,0.16456967830295702,30,10,0.0,0.0,0.0,False,17,30,,,,,
500,73,30,0.16456967830295702,30,11,0.0,0.0,0.0,False,16,30,,,,,
500,73,30,0.16456967830295702,30,12,0.0,0.0,0.0,False,12,30,,,,,
500,73,40,0.03197512493749482,40,0,0.0,0.0,0.0,False,49,40,,,,,
500,73,40,0.03197512493749482,40,1,0.0,0.0,0.0,False,48,40,,,,,
500,73,40,0.03197512493749482,40,2,0.0,0.0,0.0,False,42,40,,,,,
500,73,40,0.03197512493749482,40,3,0.0,0.0,0.0,False,41,40,,,,,
500,73,40,0.03197512493749482,40,4,0.0,0.0,0.0,False,40,40,,,,,
500,73,40,0.03197512493749482,40,5,0.95,1.0,0.9743589743589743,True,38,40,0.8447583002573785,0.922518704718336,0.09792168401128805,"[-0.11740385187962232, 0.005373887197411165]",0.11752677609712094
500,73,40,0.03197512493749482,40,6,0.0,0.0,0.0,False,30,40,,,,,
500,73,40,0.03197512493749482,40,7,0.0,0.0,0.0,False,24,40,,,,,
500,73,40,0.03197512493749482,40,8,0.0,0.0,0.0,False,19,40,,,,,
500,73,40,0.03197512493749482,40,9,0.0,0.0,0.0,False,17,40,,,,,
500,73,40,0.03197512493749482,40,10,0.0,0.0,0.0,False,17,40,,,,,
500,73,40,0.03197512493749482,40,11,0.0,0.0,0.0,False,16,40,,,,,
500,73,40,0.03197512493749482,40,12,0.0,0.0,0.0,False,12,40,,,,,
500,74,29,0.8034551967595482,30,0,0.0,0.0,0.0,False,58,30,,,,,
500,74,29,0.8034551967595482,30,1,0.0,0.0,0.0,False,49,30,,,,,
500,74,29,0.8034551967595482,30,2,0.0,0.0,0.0,False,48,30,,,,,
500,74,29,0.8034551967595482,30,3,0.0,0.0,0.0,False,41,30,,,,,
500,74,29,0.8034551967595482,30,4,0.0,0.0,0.0,False,41,30,,,,,
500,74,29,0.8034551967595482,30,5,0.0,0.0,0.0,False,40,30,,,,,
500,74,29,0.8034551967595482,30,6,1.0,1.0,1.0,True,30,30,0.9535009961034355,0.9814003984413742,0.029330139865435534,"[-0.27066666666666706, -0.009333333333334082]",0.2708275383995427
500,74,29,0.8034551967595482,30,7,0.0,0.0,0.0,False,24,30,,,,,
500,74,29,0.8034551967595482,30,8,0.0,0.0,0.0,False,19,30,,,,,
500,74,29,0.8034551967595482,30,9,0.0,0.0,0.0,False,17,30,,,,,
500,74,29,0.8034551967595482,30,10,0.0,0.0,0.0,False,16,30,,,,,
500,74,29,0.8034551967595482,30,11,0.0,0.0,0.0,False,12,30,,,,,
500,74,30,0.16456967830295702,30,0,0.0,0.0,0.0,False,58,30,,,,,
500,74,30,0.16456967830295702,30,1,0.0,0.0,0.0,False,49,30,,,,,
500,74,30,0.16456967830295702,30,2,0.0,0.0,0.0,False,48,30,,,,,
500,74,30,0.16456967830295702,30,3,0.0,0.0,0.0,False,41,30,,,,,
500,74,30,0.16456967830295702,30,4,0.0,0.0,0.0,False,41,30,,,,,
500,74,30,0.16456967830295702,30,5,0.0,0.0,0.0,False,40,30,,,,,
500,74,30,0.16456967830295702,30,6,1.0,1.0,1.0,True,30,30,0.9535009961034355,0.9814003984413742,0.029330139865435534,"[-0.27066666666666706, -0.009333333333334082]",0.2708275383995427
500,74,30,0.16456967830295702,30,7,0.0,0.0,0.0,False,24,30,,,,,
500,74,30,0.16456967830295702,30,8,0.0,0.0,0.0,False,19,30,,,,,
500,74,30,0.16456967830295702,30,9,0.0,0.0,0.0,False,17,30,,,,,
500,74,30,0.16456967830295702,30,10,0.0,0.0,0.0,False,16,30,,,,,
500,74,30,0.16456967830295702,30,11,0.0,0.0,0.0,False,12,30,,,,,
500,74,40,0.03197512493749482,38,0,0.0,0.0,0.0,False,58,38,,,,,
500,74,40,0.03197512493749482,38,1,0.0,0.0,0.0,False,49,38,,,,,
500,74,40,0.03197512493749482,38,2,0.0,0.0,0.0,False,48,38,,,,,
500,74,40,0.03197512493749482,38,3,0.0,0.0,0.0,False,41,38,,,,,
500,74,40,0.03197512493749482,38,4,0.0,0.0,0.0,False,41,38,,,,,
500,74,40,0.03197512493749482,38,5,1.0,0.95,0.9743589743589743,True,40,38,0.8765281028270003,0.9352266257461848,0.07788227080284453,"[-0.3305961481203781, -0.01937388719741051]",0.33116334437429656
500,74,40,0.03197512493749482,38,6,0.0,0.0,0.0,False,30,38,,,,,
500,74,40,0.03197512493749482,38,7,0.0,0.0,0.0,False,24,38,,,,,
500,74,40,0.03197512493749482,38,8,0.0,0.0,0.0,False,19,38,,,,,
500,74,40,0.03197512493749482,38,9,0.0,0.0,0.0,False,17,38,,,,,
500,74,40,0.03197512493749482,38,10,0.0,0.0,0.0,False,16,38,,,,,
500,74,40,0.03197512493749482,38,11,0.0,0.0,0.0,False,12,38,,,,,
500,75,29,0.8034551967595482,30,0,0.0,0.0,0.0,False,57,30,,,,,
500,75,29,0.8034551967595482,30,1,0.0,0.0,0.0,False,50,30,,,,,
500,75,29,0.8034551967595482,30,2,0.0,0.0,0.0,False,48,30,,,,,
500,75,29,0.8034551967595482,30,3,0.0,0.0,0.0,False,43,30,,,,,
500,75,29,0.8034551967595482,30,4,0.0,0.0,0.0,False,41,30,,,,,
500,75,29,0.8034551967595482,30,5,0.0,0.0,0.0,False,40,30,,,,,
500,75,29,0.8034551967595482,30,6,1.0,1.0,1.0,True,30,30,0.9722671277692938,0.9889068511077175,0.01749304185539695,"[-0.2613333333333332, 0.0]",0.2613333333333332
500,75,29,0.8034551967595482,30,7,0.0,0.0,0.0,False,24,30,,,,,
500,75,29,0.8034551967595482,30,8,0.0,0.0,0.0,False,19,30,,,,,
500,75,29,0.8034551967595482,30,9,0.0,0.0,0.0,False,17,30,,,,,
500,75,29,0.8034551967595482,30,10,0.0,0.0,0.0,False,16,30,,,,,
500,75,30,0.16456967830295702,30,0,0.0,0.0,0.0,False,57,30,,,,,
500,75,30,0.16456967830295702,30,1,0.0,0.0,0.0,False,50,30,,,,,
500,75,30,0.16456967830295702,30,2,0.0,0.0,0.0,False,48,30,,,,,
500,75,30,0.16456967830295702,30,3,0.0,0.0,0.0,False,43,30,,,,,
500,75,30,0.16456967830295702,30,4,0.0,0.0,0.0,False,41,30,,,,,
500,75,30,0.16456967830295702,30,5,0.0,0.0,0.0,False,40,30,,,,,
500,75,30,0.16456967830295702,30,6,1.0,1.0,1.0,True,30,30,0.9722671277692938,0.9889068511077175,0.01749304185539695,"[-0.2613333333333332, 0.0]",0.2613333333333332
500,75,30,0.16456967830295702,30,7,0.0,0.0,0.0,False,24,30,,,,,
500,75,30,0.16456967830295702,30,8,0.0,0.0,0.0,False,19,30,,,,,
500,75,30,0.16456967830295702,30,9,0.0,0.0,0.0,False,17,30,,,,,
500,75,30,0.16456967830295702,30,10,0.0,0.0,0.0,False,16,30,,,,,
500,75,40,0.03197512493749482,40,0,0.0,0.0,0.0,False,57,40,,,,,
500,75,40,0.03197512493749482,40,1,0.0,0.0,0.0,False,50,40,,,,,
500,75,40,0.03197512493749482,40,2,0.0,0.0,0.0,False,48,40,,,,,
500,75,40,0.03197512493749482,40,3,0.0,0.0,0.0,False,43,40,,,,,
500,75,40,0.03197512493749482,40,4,0.0,0.0,0.0,False,41,40,,,,,
500,75,40,0.03197512493749482,40,5,1.0,1.0,1.0,True,40,40,0.8826767364405167,0.9530706945762066,0.07400390204752849,"[-0.2029999999999994, -0.006999999999999673]",0.2031206537996561
500,75,40,0.03197512493749482,40,6,0.0,0.0,0.0,False,30,40,,,,,
500,75,40,0.03197512493749482,40,7,0.0,0.0,0.0,False,24,40,,,,,
500,75,40,0.03197512493749482,40,8,0.0,0.0,0.0,False,19,40,,,,,
500,75,40,0.03197512493749482,40,9,0.0,0.0,0.0,False,17,40,,,,,
500,75,40,0.03197512493749482,40,10,0.0,0.0,0.0,False,16,40,,,,,
500,76,29,0.8034551967595482,30,0,0.0,0.0,0.0,False,55,30,,,,,
500,76,29,0.8034551967595482,30,1,0.0,0.0,0.0,False,49,30,,,,,
500,76,29,0.8034551967595482,30,2,0.0,0.0,0.0,False,48,30,,,,,
500,76,29,0.8034551967595482,30,3,0.0,0.0,0.0,False,43,30,,,,,
500,76,29,0.8034551967595482,30,4,0.0,0.0,0.0,False,41,30,,,,,
500,76,29,0.8034551967595482,30,5,0.0,0.0,0.0,False,40,30,,,,,
500,76,29,0.8034551967595482,30,6,1.0,1.0,1.0,True,30,30,0.9728093946225448,0.989123757849018,0.017150996621791037,"[-0.2706666666666667, 0.009333333333334082]",0.2708275383995424
500,76,29,0.8034551967595482,30,7,0.0,0.0,0.0,False,25,30,,,,,
500,76,29,0.8034551967595482,30,8,0.0,0.0,0.0,False,24,30,,,,,
500,76,29,0.8034551967595482,30,9,0.0,0.0,0.0,False,19,30,,,,,
500,76,29,0.8034551967595482,30,10,0.0,0.0,0.0,False,16,30,,,,,
500,76,30,0.16456967830295702,30,0,0.0,0.0,0.0,False,55,30,,,,,
500,76,30,0.16456967830295702,30,1,0.0,0.0,0.0,False,49,30,,,,,
500,76,30,0.16456967830295702,30,2,0.0,0.0,0.0,False,48,30,,,,,
500,76,30,0.16456967830295702,30,3,0.0,0.0,0.0,False,43,30,,,,,
500,76,30,0.16456967830295702,30,4,0.0,0.0,0.0,False,41,30,,,,,
500,76,30,0.16456967830295702,30,5,0.0,0.0,0.0,False,40,30,,,,,
500,76,30,0.16456967830295702,30,6,1.0,1.0,1.0,True,30,30,0.9728093946225448,0.989123757849018,0.017150996621791037,"[-0.2706666666666667, 0.009333333333334082]",0.2708275383995424
500,76,30,0.16456967830295702,30,7,0.0,0.0,0.0,False,25,30,,,,,
500,76,30,0.16456967830295702,30,8,0.0,0.0,0.0,False,24,30,,,,,
500,76,30,0.16456967830295702,30,9,0.0,0.0,0.0,False,19,30,,,,,
500,76,30,0.16456967830295702,30,10,0.0,0.0,0.0,False,16,30,,,,,
500,76,40,0.03197512493749482,40,0,0.0,0.0,0.0,False,55,40,,,,,
500,76,40,0.03197512493749482,40,1,0.0,0.0,0.0,False,49,40,,,,,
500,76,40,0.03197512493749482,40,2,0.0,0.0,0.0,False,48,40,,,,,
500,76,40,0.03197512493749482,40,3,0.0,0.0,0.0,False,43,40,,,,,
500,76,40,0.03197512493749482,40,4,0.0,0.0,0.0,False,41,40,,,,,
500,76,40,0.03197512493749482,40,5,1.0,1.0,1.0,True,40,40,0.8906056264101587,0.9562422505640635,0.06900260240023799,"[-0.19599999999999973, -0.014000000000001123]",0.19649936386665462
500,76,40,0.03197512493749482,40,6,0.0,0.0,0.0,False,30,40,,,,,
500,76,40,0.03197512493749482,40,7,0.0,0.0,0.0,False,25,40,,,,,
500,76,40,0.03197512493749482,40,8,0.0,0.0,0.0,False,24,40,,,,,
500,76,40,0.03197512493749482,40,9,0.0,0.0,0.0,False,19,40,,,,,
500,76,40,0.03197512493749482,40,10,0.0,0.0,0.0,False,16,40,,,,,
500,77,29,0.8034551967595482,30,0,0.0,0.0,0.0,False,57,30,,,,,
500,77,29,0.8034551967595482,30,1,0.0,0.0,0.0,False,48,30,,,,,
500,77,29,0.8034551967595482,30,2,0.0,0.0,0.0,False,47,30,,,,,
500,77,29,0.8034551967595482,30,3,0.0,0.0,0.0,False,43,30,,,,,
500,77,29,0.8034551967595482,30,4,0.0,0.0,0.0,False,43,30,,,,,
500,77,29,0.8034551967595482,30,5,0.0,0.0,0.0,False,40,30,,,,,
500,77,29,0.8034551967595482,30,6,1.0,1.0,1.0,True,30,30,0.9751271907905268,0.9900508763162107,0.0156890021683678,"[-0.26133333333333325, 0.0]",0.26133333333333325
500,77,29,0.8034551967595482,30,7,0.0,0.0,0.0,False,27,30,,,,,
500,77,29,0.8034551967595482,30,8,0.0,0.0,0.0,False,21,30,,,,,
500,77,29,0.8034551967595482,30,9,0.0,0.0,0.0,False,19,30,,,,,
500,77,29,0.8034551967595482,30,10,0.0,0.0,0.0,False,15,30,,,,,
500,77,30,0.16456967830295702,30,0,0.0,0.0,0.0,False,57,30,,,,,
500,77,30,0.16456967830295702,30,1,0.0,0.0,0.0,False,48,30,,,,,
500,77,30,0.16456967830295702,30,2,0.0,0.0,0.0,False,47,30,,,,,
500,77,30,0.16456967830295702,30,3,0.0,0.0,0.0,False,43,30,,,,,
500,77,30,0.16456967830295702,30,4,0.0,0.0,0.0,False,43,30,,,,,
500,77,30,0.16456967830295702,30,5,0.0,0.0,0.0,False,40,30,,,,,
500,77,30,0.16456967830295702,30,6,1.0,1.0,1.0,True,30,30,0.9751271907905268,0.9900508763162107,0.0156890021683678,"[-0.26133333333333325, 0.0]",0.26133333333333325
500,77,30,0.16456967830295702,30,7,0.0,0.0,0.0,False,27,30,,,,,
500,77,30,0.16456967830295702,30,8,0.0,0.0,0.0,False,21,30,,,,,
500,77,30,0.16456967830295702,30,9,0.0,0.0,0.0,False,19,30,,,,,
500,77,30,0.16456967830295702,30,10,0.0,0.0,0.0,False,15,30,,,,,
500,77,40,0.03197512493749482,40,0,0.0,0.0,0.0,False,57,40,,,,,
500,77,40,0.03197512493749482,40,1,0.0,0.0,0.0,False,48,40,,,,,
500,77,40,0.03197512493749482,40,2,0.0,0.0,0.0,False,47,40,,,,,
500,77,40,0.03197512493749482,40,3,0.0,0.0,0.0,False,43,40,,,,,
500,77,40,0.03197512493749482,40,4,0.0,0.0,0.0,False,43,40,,,,,
500,77,40,0.03197512493749482,40,5,1.0,1.0,1.0,True,40,40,0.9316049386353715,0.9726419754541487,0.04314149869515409,"[-0.23100000000000076, -0.006999999999999673]",0.23110603626906923
500,77,40,0.03197512493749482,40,6,0.0,0.0,0.0,False,30,40,,,,,
500,77,40,0.03197512493749482,40,7,0.0,0.0,0.0,False,27,40,,,,,
500,77,40,0.03197512493749482,40,8,0.0,0.0,0.0,False,21,40,,,,,
500,77,40,0.03197512493749482,40,9,0.0,0.0,0.0,False,19,40,,,,,
500,77,40,0.03197512493749482,40,10,0.0,0.0,0.0,False,15,40,,,,,
500,78,29,0.8034551967595482,30,0,0.0,0.0,0.0,False,55,30,,,,,
500,78,29,0.8034551967595482,30,1,0.0,0.0,0.0,False,48,30,,,,,
500,78,29,0.8034551967595482,30,2,0.0,0.0,0.0,False,47,30,,,,,
500,78,29,0.8034551967595482,30,3,0.0,0.0,0.0,False,43,30,,,,,
500,78,29,0.8034551967595482,30,4,0.0,0.0,0.0,False,43,30,,,,,
500,78,29,0.8034551967595482,30,5,0.0,0.0,0.0,False,40,30,,,,,
500,78,29,0.8034551967595482,30,6,1.0,1.0,1.0,True,30,30,0.9875259944396116,0.9950103977758447,0.007868218609204275,"[-0.26133333333333414, 0.0]",0.26133333333333414
500,78,29,0.8034551967595482,30,7,0.0,0.0,0.0,False,27,30,,,,,
500,78,29,0.8034551967595482,30,8,0.0,0.0,0.0,False,23,30,,,,,
500,78,29,0.8034551967595482,30,9,0.0,0.0,0.0,False,19,30,,,,,
500,78,29,0.8034551967595482,30,10,0.0,0.0,0.0,False,15,30,,,,,
500,78,30,0.16456967830295702,30,0,0.0,0.0,0.0,False,55,30,,,,,
500,78,30,0.16456967830295702,30,1,0.0,0.0,0.0,False,48,30,,,,,
500,78,30,0.16456967830295702,30,2,0.0,0.0,0.0,False,47,30,,,,,
500,78,30,0.16456967830295702,30,3,0.0,0.0,0.0,False,43,30,,,,,
500,78,30,0.16456967830295702,30,4,0.0,0.0,0.0,False,43,30,,,,,
500,78,30,0.16456967830295702,30,5,0.0,0.0,0.0,False,40,30,,,,,
500,78,30,0.16456967830295702,30,6,1.0,1.0,1.0,True,30,30,0.9875259944396116,0.9950103977758447,0.007868218609204275,"[-0.26133333333333414, 0.0]",0.26133333333333414
500,78,30,0.16456967830295702,30,7,0.0,0.0,0.0,False,27,30,,,,,
500,78,30,0.16456967830295702,30,8,0.0,0.0,0.0,False,23,30,,,,,
500,78,30,0.16456967830295702,30,9,0.0,0.0,0.0,False,19,30,,,,,
500,78,30,0.16456967830295702,30,10,0.0,0.0,0.0,False,15,30,,,,,
500,78,40,0.03197512493749482,40,0,0.0,0.0,0.0,False,55,40,,,,,
500,78,40,0.03197512493749482,40,1,0.0,0.0,0.0,False,48,40,,,,,
500,78,40,0.03197512493749482,40,2,0.0,0.0,0.0,False,47,40,,,,,
500,78,40,0.03197512493749482,40,3,0.0,0.0,0.0,False,43,40,,,,,
500,78,40,0.03197512493749482,40,4,0.0,0.0,0.0,False,43,40,,,,,
500,78,40,0.03197512493749482,40,5,1.0,1.0,1.0,True,40,40,0.9059334820777438,0.9623733928310976,0.059334263018871236,"[-0.2519999999999998, 0.0]",0.2519999999999998
500,78,40,0.03197512493749482,40,6,0.0,0.0,0.0,False,30,40,,,,,
500,78,40,0.03197512493749482,40,7,0.0,0.0,0.0,False,27,40,,,,,
500,78,40,0.03197512493749482,40,8,0.0,0.0,0.0,False,23,40,,,,,
500,78,40,0.03197512493749482,40,9,0.0,0.0,0.0,False,19,40,,,,,
500,78,40,0.03197512493749482,40,10,0.0,0.0,0.0,False,15,40,,,,,
500,79,29,0.8034551967595482,30,0,0.0,0.0,0.0,False,55,30,,,,,
500,79,29,0.8034551967595482,30,1,0.0,0.0,0.0,False,48,30,,,,,
500,79,29,0.8034551967595482,30,2,0.0,0.0,0.0,False,47,30,,,,,
500,79,29,0.8034551967595482,30,3,0.0,0.0,0.0,False,45,30,,,,,
500,79,29,0.8034551967595482,30,4,0.0,0.0,0.0,False,43,30,,,,,
500,79,29,0.8034551967595482,30,5,0.0,0.0,0.0,False,40,30,,,,,
500,79,29,0.8034551967595482,30,6,1.0,1.0,1.0,True,30,30,0.9746414667934622,0.9898565867173849,0.015995381909353054,"[23.748, 0.009333333333330529]",23.748001834072507
500,79,29,0.8034551967595482,30,7,0.0,0.0,0.0,False,26,30,,,,,
500,79,29,0.8034551967595482,30,8,0.0,0.0,0.0,False,24,30,,,,,
500,79,29,0.8034551967595482,30,9,0.0,0.0,0.0,False,19,30,,,,,
500,79,29,0.8034551967595482,30,10,0.0,0.0,0.0,False,15,30,,,,,
500,79,30,0.16456967830295702,30,0,0.0,0.0,0.0,False,55,30,,,,,
500,79,30,0.16456967830295702,30,1,0.0,0.0,0.0,False,48,30,,,,,
500,79,30,0.16456967830295702,30,2,0.0,0.0,0.0,False,47,30,,,,,
500,79,30,0.16456967830295702,30,3,0.0,0.0,0.0,False,45,30,,,,,
500,79,30,0.16456967830295702,30,4,0.0,0.0,0.0,False,43,30,,,,,
500,79,30,0.16456967830295702,30,5,0.0,0.0,0.0,False,40,30,,,,,
500,79,30,0.16456967830295702,30,6,1.0,1.0,1.0,True,30,30,0.9746414667934622,0.9898565867173849,0.015995381909353054,"[23.748, 0.009333333333330529]",23.748001834072507
500,79,30,0.16456967830295702,30,7,0.0,0.0,0.0,False,26,30,,,,,
500,79,30,0.16456967830295702,30,8,0.0,0.0,0.0,False,24,30,,,,,
500,79,30,0.16456967830295702,30,9,0.0,0.0,0.0,False,19,30,,,,,
500,79,30,0.16456967830295702,30,10,0.0,0.0,0.0,False,15,30,,,,,
500,79,40,0.03197512493749482,40,0,0.0,0.0,0.0,False,55,40,,,,,
500,79,40,0.03197512493749482,40,1,0.0,0.0,0.0,False,48,40,,,,,
500,79,40,0.03197512493749482,40,2,0.0,0.0,0.0,False,47,40,,,,,
500,79,40,0.03197512493749482,40,3,0.0,0.0,0.0,False,45,40,,,,,
500,79,40,0.03197512493749482,40,4,0.0,0.0,0.0,False,43,40,,,,,
500,79,40,0.03197512493749482,40,5,1.0,1.0,1.0,True,40,40,0.8856561246226391,0.9542624498490556,0.07212459572325834,"[-0.24499999999999922, -0.006999999999999673]",0.24509997960016155
500,79,40,0.03197512493749482,40,6,0.0,0.0,0.0,False,30,40,,,,,
500,79,40,0.03197512493749482,40,7,0.0,0.0,0.0,False,26,40,,,,,
500,79,40,0.03197512493749482,40,8,0.0,0.0,0.0,False,24,40,,,,,
500,79,40,0.03197512493749482,40,9,0.0,0.0,0.0,False,19,40,,,,,
500,79,40,0.03197512493749482,40,10,0.0,0.0,0.0,False,15,40,,,,,
500,80,29,0.8034551967595482,30,0,0.0,0.0,0.0,False,55,30,,,,,
500,80,29,0.8034551967595482,30,1,0.0,0.0,0.0,False,48,30,,,,,
500,80,29,0.8034551967595482,30,2,0.0,0.0,0.0,False,47,30,,,,,
500,80,29,0.8034551967595482,30,3,0.0,0.0,0.0,False,43,30,,,,,
500,80,29,0.8034551967595482,30,4,0.0,0.0,0.0,False,40,30,,,,,
500,80,29,0.8034551967595482,30,5,0.0,0.0,0.0,False,38,30,,,,,
500,80,29,0.8034551967595482,30,6,0.0,0.0,0.0,False,36,30,,,,,
500,80,29,0.8034551967595482,30,7,1.0,1.0,1.0,True,30,30,0.979350431535651,0.9917401726142604,0.013025111947935526,"[-0.25200000000000244, 0.009333333333334082]",0.25217278027398665
500,80,29,0.8034551967595482,30,8,0.0,0.0,0.0,False,22,30,,,,,
500,80,29,0.8034551967595482,30,9,0.0,0.0,0.0,False,19,30,,,,,
500,80,30,0.16456967830295702,30,0,0.0,0.0,0.0,False,55,30,,,,,
500,80,30,0.16456967830295702,30,1,0.0,0.0,0.0,False,48,30,,,,,
500,80,30,0.16456967830295702,30,2,0.0,0.0,0.0,False,47,30,,,,,
500,80,30,0.16456967830295702,30,3,0.0,0.0,0.0,False,43,30,,,,,
500,80,30,0.16456967830295702,30,4,0.0,0.0,0.0,False,40,30,,,,,
500,80,30,0.16456967830295702,30,5,0.0,0.0,0.0,False,38,30,,,,,
500,80,30,0.16456967830295702,30,6,0.0,0.0,0.0,False,36,30,,,,,
500,80,30,0.16456967830295702,30,7,1.0,1.0,1.0,True,30,30,0.979350431535651,0.9917401726142604,0.013025111947935526,"[-0.25200000000000244, 0.009333333333334082]",0.25217278027398665
500,80,30,0.16456967830295702,30,8,0.0,0.0,0.0,False,22,30,,,,,
500,80,30,0.16456967830295702,30,9,0.0,0.0,0.0,False,19,30,,,,,
500,80,40,0.03197512493749482,40,0,0.0,0.0,0.0,False,55,40,,,,,
500,80,40,0.03197512493749482,40,1,0.0,0.0,0.0,False,48,40,,,,,
500,80,40,0.03197512493749482,40,2,0.0,0.0,0.0,False,47,40,,,,,
500,80,40,0.03197512493749482,40,3,0.0,0.0,0.0,False,43,40,,,,,
500,80,40,0.03197512493749482,40,4,1.0,1.0,1.0,True,40,40,0.8970005803783048,0.9588002321513219,0.0649688623498924,"[-0.2590000000000021, 0.006999999999997897]",0.25909457732650654
500,80,40,0.03197512493749482,40,5,0.0,0.0,0.0,False,38,40,,,,,
500,80,40,0.03197512493749482,40,6,0.0,0.0,0.0,False,36,40,,,,,
500,80,40,0.03197512493749482,40,7,0.0,0.0,0.0,False,30,40,,,,,
500,80,40,0.03197512493749482,40,8,0.0,0.0,0.0,False,22,40,,,,,
500,80,40,0.03197512493749482,40,9,0.0,0.0,0.0,False,19,40,,,,,
500,81,29,0.8034551967595482,30,0,0.0,0.0,0.0,False,56,30,,,,,
500,81,29,0.8034551967595482,30,1,0.0,0.0,0.0,False,48,30,,,,,
500,81,29,0.8034551967595482,30,2,0.0,0.0,0.0,False,47,30,,,,,
500,81,29,0.8034551967595482,30,3,0.0,0.0,0.0,False,43,30,,,,,
500,81,29,0.8034551967595482,30,4,0.0,0.0,0.0,False,39,30,,,,,
500,81,29,0.8034551967595482,30,5,0.0,0.0,0.0,False,38,30,,,,,
500,81,29,0.8034551967595482,30,6,0.0,0.0,0.0,False,33,30,,,,,
500,81,29,0.8034551967595482,30,7,1.0,1.0,1.0,True,30,30,0.9590304011495602,0.983612160459824,0.02584236142320825,"[-0.261333333333333, 0.0]",0.261333333333333
500,81,29,0.8034551967595482,30,8,0.0,0.0,0.0,False,21,30,,,,,
500,81,29,0.8034551967595482,30,9,0.0,0.0,0.0,False,19,30,,,,,
500,81,30,0.16456967830295702,30,0,0.0,0.0,0.0,False,56,30,,,,,
500,81,30,0.16456967830295702,30,1,0.0,0.0,0.0,False,48,30,,,,,
500,81,30,0.16456967830295702,30,2,0.0,0.0,0.0,False,47,30,,,,,
500,81,30,0.16456967830295702,30,3,0.0,0.0,0.0,False,43,30,,,,,
500,81,30,0.16456967830295702,30,4,0.0,0.0,0.0,False,39,30,,,,,
500,81,30,0.16456967830295702,30,5,0.0,0.0,0.0,False,38,30,,,,,
500,81,30,0.16456967830295702,30,6,0.0,0.0,0.0,False,33,30,,,,,
500,81,30,0.16456967830295702,30,7,1.0,1.0,1.0,True,30,30,0.9590304011495602,0.983612160459824,0.02584236142320825,"[-0.261333333333333, 0.0]",0.261333333333333
500,81,30,0.16456967830295702,30,8,0.0,0.0,0.0,False,21,30,,,,,
500,81,30,0.16456967830295702,30,9,0.0,0.0,0.0,False,19,30,,,,,
500,81,40,0.03197512493749482,40,0,0.0,0.0,0.0,False,56,40,,,,,
500,81,40,0.03197512493749482,40,1,0.0,0.0,0.0,False,48,40,,,,,
500,81,40,0.03197512493749482,40,2,0.0,0.0,0.0,False,47,40,,,,,
500,81,40,0.03197512493749482,40,3,0.0,0.0,0.0,False,43,40,,,,,
500,81,40,0.03197512493749482,40,4,0.975,1.0,0.9873417721518988,True,39,40,0.8902365268522916,0.9484996740320559,0.06923541903606513,"[-0.2989400410501304, 0.06377287269651966]",0.30566669336880675
500,81,40,0.03197512493749482,40,5,0.0,0.0,0.0,False,38,40,,,,,
500,81,40,0.03197512493749482,40,6,0.0,0.0,0.0,False,33,40,,,,,
500,81,40,0.03197512493749482,40,7,0.0,0.0,0.0,False,30,40,,,,,
500,81,40,0.03197512493749482,40,8,0.0,0.0,0.0,False,21,40,,,,,
500,81,40,0.03197512493749482,40,9,0.0,0.0,0.0,False,19,40,,,,,
500,82,29,0.8034551967595482,30,0,0.0,0.0,0.0,False,56,30,,,,,
500,82,29,0.8034551967595482,30,1,0.0,0.0,0.0,False,48,30,,,,,
500,82,29,0.8034551967595482,30,2,0.0,0.0,0.0,False,47,30,,,,,
500,82,29,0.8034551967595482,30,3,0.0,0.0,0.0,False,43,30,,,,,
500,82,29,0.8034551967595482,30,4,0.0,0.0,0.0,False,43,30,,,,,
500,82,29,0.8034551967595482,30,5,0.0,0.0,0.0,False,40,30,,,,,
500,82,29,0.8034551967595482,30,6,0.0,0.0,0.0,False,36,30,,,,,
500,82,29,0.8034551967595482,30,7,1.0,1.0,1.0,True,30,30,0.9797905430511885,0.9919162172204754,0.012747503155802744,"[-0.2613333333333365, 0.0]",0.2613333333333365
500,82,29,0.8034551967595482,30,8,0.0,0.0,0.0,False,21,30,,,,,
500,82,29,0.8034551967595482,30,9,0.0,0.0,0.0,False,19,30,,,,,
500,82,30,0.16456967830295702,30,0,0.0,0.0,0.0,False,56,30,,,,,
500,82,30,0.16456967830295702,30,1,0.0,0.0,0.0,False,48,30,,,,,
500,82,30,0.16456967830295702,30,2,0.0,0.0,0.0,False,47,30,,,,,
500,82,30,0.16456967830295702,30,3,0.0,0.0,0.0,False,43,30,,,,,
500,82,30,0.16456967830295702,30,4,0.0,0.0,0.0,False,43,30,,,,,
500,82,30,0.16456967830295702,30,5,0.0,0.0,0.0,False,40,30,,,,,
500,82,30,0.16456967830295702,30,6,0.0,0.0,0.0,False,36,30,,,,,
500,82,30,0.16456967830295702,30,7,1.0,1.0,1.0,True,30,30,0.9797905430511885,0.9919162172204754,0.012747503155802744,"[-0.2613333333333365, 0.0]",0.2613333333333365
500,82,30,0.16456967830295702,30,8,0.0,0.0,0.0,False,21,30,,,,,
500,82,30,0.16456967830295702,30,9,0.0,0.0,0.0,False,19,30,,,,,
500,82,40,0.03197512493749482,39,0,0.0,0.0,0.0,False,56,39,,,,,
500,82,40,0.03197512493749482,39,1,0.0,0.0,0.0,False,48,39,,,,,
500,82,40,0.03197512493749482,39,2,0.0,0.0,0.0,False,47,39,,,,,
500,82,40,0.03197512493749482,39,3,0.0,0.0,0.0,False,43,39,,,,,
500,82,40,0.03197512493749482,39,4,0.0,0.0,0.0,False,43,39,,,,,
500,82,40,0.03197512493749482,39,5,1.0,0.975,0.9873417721518988,True,40,39,0.8976496065869825,0.9514649059259324,0.06455947660220641,"[-0.20505995894986917, -0.04977287269651853]",0.21101404128869214
500,82,40,0.03197512493749482,39,6,0.0,0.0,0.0,False,36,39,,,,,
500,82,40,0.03197512493749482,39,7,0.0,0.0,0.0,False,30,39,,,,,
500,82,40,0.03197512493749482,39,8,0.0,0.0,0.0,False,21,39,,,,,
500,82,40,0.03197512493749482,39,9,0.0,0.0,0.0,False,19,39,,,,,
500,83,29,0.8034551967595482,30,0,0.0,0.0,0.0,False,54,30,,,,,
500,83,29,0.8034551967595482,30,1,0.0,0.0,0.0,False,54,30,,,,,
500,83,29,0.8034551967595482,30,2,0.0,0.0,0.0,False,48,30,,,,,
500,83,29,0.8034551967595482,30,3,0.0,0.0,0.0,False,43,30,,,,,
500,83,29,0.8034551967595482,30,4,0.0,0.0,0.0,False,40,30,,,,,
500,83,29,0.8034551967595482,30,5,0.0,0.0,0.0,False,38,30,,,,,
500,83,29,0.8034551967595482,30,6,0.0,0.0,0.0,False,34,30,,,,,
500,83,29,0.8034551967595482,30,7,1.0,1.0,1.0,True,30,30,0.966538683307058,0.9866154733228232,0.021106368232505987,"[-0.2519999999999989, -0.009333333333334082]",0.2521727802739831
500,83,29,0.8034551967595482,30,8,0.0,0.0,0.0,False,23,30,,,,,
500,83,29,0.8034551967595482,30,9,0.0,0.0,0.0,False,19,30,,,,,
500,83,30,0.16456967830295702,30,0,0.0,0.0,0.0,False,54,30,,,,,
500,83,30,0.16456967830295702,30,1,0.0,0.0,0.0,False,54,30,,,,,
500,83,30,0.16456967830295702,30,2,0.0,0.0,0.0,False,48,30,,,,,
500,83,30,0.16456967830295702,30,3,0.0,0.0,0.0,False,43,30,,,,,
500,83,30,0.16456967830295702,30,4,0.0,0.0,0.0,False,40,30,,,,,
500,83,30,0.16456967830295702,30,5,0.0,0.0,0.0,False,38,30,,,,,
500,83,30,0.16456967830295702,30,6,0.0,0.0,0.0,False,34,30,,,,,
500,83,30,0.16456967830295702,30,7,1.0,1.0,1.0,True,30,30,0.966538683307058,0.9866154733228232,0.021106368232505987,"[-0.2519999999999989, -0.009333333333334082]",0.2521727802739831
500,83,30,0.16456967830295702,30,8,0.0,0.0,0.0,False,23,30,,,,,
500,83,30,0.16456967830295702,30,9,0.0,0.0,0.0,False,19,30,,,,,
500,83,40,0.03197512493749482,40,0,0.0,0.0,0.0,False,54,40,,,,,
500,83,40,0.03197512493749482,40,1,0.0,0.0,0.0,False,54,40,,,,,
500,83,40,0.03197512493749482,40,2,0.0,0.0,0.0,False,48,40,,,,,
500,83,40,0.03197512493749482,40,3,0.0,0.0,0.0,False,43,40,,,,,
500,83,40,0.03197512493749482,40,4,1.0,1.0,1.0,True,40,40,0.8841557625260111,0.9536623050104045,0.07307097793481683,"[-0.23799999999999955, 0.0]",0.23799999999999955
500,83,40,0.03197512493749482,40,5,0.0,0.0,0.0,False,38,40,,,,,
500,83,40,0.03197512493749482,40,6,0.0,0.0,0.0,False,34,40,,,,,
500,83,40,0.03197512493749482,40,7,0.0,0.0,0.0,False,30,40,,,,,
500,83,40,0.03197512493749482,40,8,0.0,0.0,0.0,False,23,40,,,,,
500,83,40,0.03197512493749482,40,9,0.0,0.0,0.0,False,19,40,,,,,
500,84,29,0.8034551967595482,30,0,0.0,0.0,0.0,False,54,30,,,,,
500,84,29,0.8034551967595482,30,1,0.0,0.0,0.0,False,48,30,,,,,
500,84,29,0.8034551967595482,30,2,0.0,0.0,0.0,False,45,30,,,,,
500,84,29,0.8034551967595482,30,3,0.0,0.0,0.0,False,43,30,,,,,
500,84,29,0.8034551967595482,30,4,0.0,0.0,0.0,False,39,30,,,,,
500,84,29,0.8034551967595482,30,5,0.0,0.0,0.0,False,36,30,,,,,
500,84,29,0.8034551967595482,30,6,1.0,0.8333333333333334,0.9090909090909091,True,36,30,0.8199971404118611,0.8734534016192899,0.11354026119876817,"[-0.5087934263327298, 0.24429308486497092]",0.5644022165018869
500,84,29,0.8034551967595482,30,7,0.0,0.0,0.0,False,33,30,,,,,
500,84,29,0.8034551967595482,30,8,0.0,0.0,0.0,False,22,30,,,,,
500,84,29,0.8034551967595482,30,9,0.0,0.0,0.0,False,19,30,,,,,
500,84,30,0.16456967830295702,30,0,0.0,0.0,0.0,False,54,30,,,,,
500,84,30,0.16456967830295702,30,1,0.0,0.0,0.0,False,48,30,,,,,
500,84,30,0.16456967830295702,30,2,0.0,0.0,0.0,False,45,30,,,,,
500,84,30,0.16456967830295702,30,3,0.0,0.0,0.0,False,43,30,,,,,
500,84,30,0.16456967830295702,30,4,0.0,0.0,0.0,False,39,30,,,,,
500,84,30,0.16456967830295702,30,5,0.0,0.0,0.0,False,36,30,,,,,
500,84,30,0.16456967830295702,30,6,1.0,0.8333333333333334,0.9090909090909091,True,36,30,0.8199971404118611,0.8734534016192899,0.11354026119876817,"[-0.5087934263327298, 0.24429308486497092]",0.5644022165018869
500,84,30,0.16456967830295702,30,7,0.0,0.0,0.0,False,33,30,,,,,
500,84,30,0.16456967830295702,30,8,0.0,0.0,0.0,False,22,30,,,,,
500,84,30,0.16456967830295702,30,9,0.0,0.0,0.0,False,19,30,,,,,
500,84,40,0.03197512493749482,40,0,0.0,0.0,0.0,False,54,40,,,,,
500,84,40,0.03197512493749482,40,1,0.0,0.0,0.0,False,48,40,,,,,
500,84,40,0.03197512493749482,40,2,0.0,0.0,0.0,False,45,40,,,,,
500,84,40,0.03197512493749482,40,3,0.0,0.0,0.0,False,43,40,,,,,
500,84,40,0.03197512493749482,40,4,0.975,1.0,0.9873417721518988,True,39,40,0.9095955519327507,0.9562432840642396,0.057024342116409,"[-0.35542786931832193, -0.03202862236128823]",0.3568680469564684
500,84,40,0.03197512493749482,40,5,0.0,0.0,0.0,False,36,40,,,,,
500,84,40,0.03197512493749482,40,6,0.0,0.0,0.0,False,36,40,,,,,
500,84,40,0.03197512493749482,40,7,0.0,0.0,0.0,False,33,40,,,,,
500,84,40,0.03197512493749482,40,8,0.0,0.0,0.0,False,22,40,,,,,
500,84,40,0.03197512493749482,40,9,0.0,0.0,0.0,False,19,40,,,,,
500,85,29,0.8034551967595482,36,0,0.0,0.0,0.0,False,54,36,,,,,
500,85,29,0.8034551967595482,36,1,0.0,0.0,0.0,False,48,36,,,,,
500,85,29,0.8034551967595482,36,2,0.0,0.0,0.0,False,45,36,,,,,
500,85,29,0.8034551967595482,36,3,0.0,0.0,0.0,False,43,36,,,,,
500,85,29,0.8034551967595482,36,4,0.0,0.0,0.0,False,43,36,,,,,
500,85,29,0.8034551967595482,36,5,0.0,0.0,0.0,False,38,36,,,,,
500,85,29,0.8034551967595482,36,6,0.05555555555555555,0.05714285714285714,0.056338028169014086,False,35,36,,,,,
500,85,29,0.8034551967595482,36,7,0.9444444444444444,1.0,0.9714285714285714,True,34,36,0.8344274506407019,0.9166281231134237,0.10443806584303511,"[-0.16949321609292056, 0.13189496440804405]",0.21476552781515162
500,85,29,0.8034551967595482,36,8,0.0,0.0,0.0,False,22,36,,,,,
500,85,29,0.8034551967595482,36,9,0.0,0.0,0.0,False,20,36,,,,,
500,85,30,0.16456967830295702,36,0,0.0,0.0,0.0,False,54,36,,,,,
500,85,30,0.16456967830295702,36,1,0.0,0.0,0.0,False,48,36,,,,,
500,85,30,0.16456967830295702,36,2,0.0,0.0,0.0,False,45,36,,,,,
500,85,30,0.16456967830295702,36,3,0.0,0.0,0.0,False,43,36,,,,,
500,85,30,0.16456967830295702,36,4,0.0,0.0,0.0,False,43,36,,,,,
500,85,30,0.16456967830295702,36,5,0.0,0.0,0.0,False,38,36,,,,,
500,85,30,0.16456967830295702,36,6,0.05555555555555555,0.05714285714285714,0.056338028169014086,False,35,36,,,,,
500,85,30,0.16456967830295702,36,7,0.9444444444444444,1.0,0.9714285714285714,True,34,36,0.8344274506407019,0.9166281231134237,0.10443806584303511,"[-0.16949321609292056, 0.13189496440804405]",0.21476552781515162
500,85,30,0.16456967830295702,36,8,0.0,0.0,0.0,False,22,36,,,,,
500,85,30,0.16456967830295702,36,9,0.0,0.0,0.0,False,20,36,,,,,
500,85,40,0.03197512493749482,39,0,0.0,0.0,0.0,False,54,39,,,,,
500,85,40,0.03197512493749482,39,1,0.0,0.0,0.0,False,48,39,,,,,
500,85,40,0.03197512493749482,39,2,0.0,0.0,0.0,False,45,39,,,,,
500,85,40,0.03197512493749482,39,3,0.0,0.0,0.0,False,43,39,,,,,
500,85,40,0.03197512493749482,39,4,0.0,0.0,0.0,False,43,39,,,,,
500,85,40,0.03197512493749482,39,5,0.9743589743589743,1.0,0.987012987012987,True,38,39,0.9597131108530227,0.9760930365490013,0.025411729164190624,"[-0.2629132949891133, -0.029278850839546067]",0.26453856389667824
500,85,40,0.03197512493749482,39,6,0.0,0.0,0.0,False,35,39,,,,,
500,85,40,0.03197512493749482,39,7,0.0,0.0,0.0,False,34,39,,,,,
500,85,40,0.03197512493749482,39,8,0.0,0.0,0.0,False,22,39,,,,,
500,85,40,0.03197512493749482,39,9,0.02564102564102564,0.05,0.03389830508474576,False,20,39,,,,,
500,86,29,0.8034551967595482,34,0,0.0,0.0,0.0,False,58,34,,,,,
500,86,29,0.8034551967595482,34,1,0.0,0.0,0.0,False,54,34,,,,,
500,86,29,0.8034551967595482,34,2,0.0,0.0,0.0,False,48,34,,,,,
500,86,29,0.8034551967595482,34,3,0.0,0.0,0.0,False,42,34,,,,,
500,86,29,0.8034551967595482,34,4,0.0,0.0,0.0,False,39,34,,,,,
500,86,29,0.8034551967595482,34,5,0.0,0.0,0.0,False,36,34,,,,,
500,86,29,0.8034551967595482,34,6,0.0,0.0,0.0,False,35,34,,,,,
500,86,29,0.8034551967595482,34,7,1.0,1.0,1.0,True,34,34,0.9020194580977963,0.9608077832391185,0.06180310882520067,"[-0.2305882352941211, 0.01647058823529335]",0.23117572219606786
500,86,29,0.8034551967595482,34,8,0.0,0.0,0.0,False,22,34,,,,,
500,86,30,0.16456967830295702,34,0,0.0,0.0,0.0,False,58,34,,,,,
500,86,30,0.16456967830295702,34,1,0.0,0.0,0.0,False,54,34,,,,,
500,86,30,0.16456967830295702,34,2,0.0,0.0,0.0,False,48,34,,,,,
500,86,30,0.16456967830295702,34,3,0.0,0.0,0.0,False,42,34,,,,,
500,86,30,0.16456967830295702,34,4,0.0,0.0,0.0,False,39,34,,,,,
500,86,30,0.16456967830295702,34,5,0.0,0.0,0.0,False,36,34,,,,,
500,86,30,0.16456967830295702,34,6,0.0,0.0,0.0,False,35,34,,,,,
500,86,30,0.16456967830295702,34,7,1.0,1.0,1.0,True,34,34,0.9020194580977963,0.9608077832391185,0.06180310882520067,"[-0.2305882352941211, 0.01647058823529335]",0.23117572219606786
500,86,30,0.16456967830295702,34,8,0.0,0.0,0.0,False,22,34,,,,,
500,86,40,0.03197512493749482,38,0,1.0,0.6551724137931034,0.7916666666666666,True,58,38,0.6913573555405816,0.7515429422162326,0.19468227643262426,"[-0.20379473465180542, 0.3623031869885871]",0.4156872540430929
500,86,40,0.03197512493749482,38,1,0.0,0.0,0.0,False,54,38,,,,,
500,86,40,0.03197512493749482,38,2,0.0,0.0,0.0,False,48,38,,,,,
500,86,40,0.03197512493749482,38,3,0.0,0.0,0.0,False,42,38,,,,,
500,86,40,0.03197512493749482,38,4,0.0,0.0,0.0,False,39,38,,,,,
500,86,40,0.03197512493749482,38,5,0.0,0.0,0.0,False,36,38,,,,,
500,86,40,0.03197512493749482,38,6,0.0,0.0,0.0,False,35,38,,,,,
500,86,40,0.03197512493749482,38,7,0.0,0.0,0.0,False,34,38,,,,,
500,86,40,0.03197512493749482,38,8,0.0,0.0,0.0,False,22,38,,,,,
500,87,29,0.8034551967595482,34,0,0.0,0.0,0.0,False,58,34,,,,,
500,87,29,0.8034551967595482,34,1,0.0,0.0,0.0,False,54,34,,,,,
500,87,29,0.8034551967595482,34,2,0.0,0.0,0.0,False,48,34,,,,,
500,87,29,0.8034551967595482,34,3,0.0,0.0,0.0,False,43,34,,,,,
500,87,29,0.8034551967595482,34,4,0.0,0.0,0.0,False,42,34,,,,,
500,87,29,0.8034551967595482,34,5,0.0,0.0,0.0,False,39,34,,,,,
500,87,29,0.8034551967595482,34,6,0.0,0.0,0.0,False,35,34,,,,,
500,87,29,0.8034551967595482,34,7,1.0,1.0,1.0,True,34,34,0.8903173657692057,0.9561269463076822,0.0691844283364593,"[-0.2141176470588242, 0.0164705882352969]",0.2147501968772646
500,87,29,0.8034551967595482,34,8,0.0,0.0,0.0,False,22,34,,,,,
500,87,30,0.16456967830295702,34,0,0.0,0.0,0.0,False,58,34,,,,,
500,87,30,0.16456967830295702,34,1,0.0,0.0,0.0,False,54,34,,,,,
500,87,30,0.16456967830295702,34,2,0.0,0.0,0.0,False,48,34,,,,,
500,87,30,0.16456967830295702,34,3,0.0,0.0,0.0,False,43,34,,,,,
500,87,30,0.16456967830295702,34,4,0.0,0.0,0.0,False,42,34,,,,,
500,87,30,0.16456967830295702,34,5,0.0,0.0,0.0,False,39,34,,,,,
500,87,30,0.16456967830295702,34,6,0.0,0.0,0.0,False,35,34,,,,,
500,87,30,0.16456967830295702,34,7,1.0,1.0,1.0,True,34,34,0.8903173657692057,0.9561269463076822,0.0691844283364593,"[-0.2141176470588242, 0.0164705882352969]",0.2147501968772646
500,87,30,0.16456967830295702,34,8,0.0,0.0,0.0,False,22,34,,,,,
500,87,40,0.03197512493749482,58,0,1.0,1.0,1.0,True,58,58,0.8984371156173003,0.9593748462469202,0.06406274015477849,"[-0.22206896551724142, -0.01931034482758598]",0.22290696459119
500,87,40,0.03197512493749482,58,1,0.0,0.0,0.0,False,54,58,,,,,
500,87,40,0.03197512493749482,58,2,0.0,0.0,0.0,False,48,58,,,,,
500,87,40,0.03197512493749482,58,3,0.0,0.0,0.0,False,43,58,,,,,
500,87,40,0.03197512493749482,58,4,0.0,0.0,0.0,False,42,58,,,,,
500,87,40,0.03197512493749482,58,5,0.0,0.0,0.0,False,39,58,,,,,
500,87,40,0.03197512493749482,58,6,0.0,0.0,0.0,False,35,58,,,,,
500,87,40,0.03197512493749482,58,7,0.0,0.0,0.0,False,34,58,,,,,
500,87,40,0.03197512493749482,58,8,0.0,0.0,0.0,False,22,58,,,,,
500,88,29,0.8034551967595482,34,0,0.0,0.0,0.0,False,58,34,,,,,
500,88,29,0.8034551967595482,34,1,0.0,0.0,0.0,False,54,34,,,,,
500,88,29,0.8034551967595482,34,2,0.0,0.0,0.0,False,48,34,,,,,
500,88,29,0.8034551967595482,34,3,0.0,0.0,0.0,False,45,34,,,,,
500,88,29,0.8034551967595482,34,4,0.0,0.0,0.0,False,43,34,,,,,
500,88,29,0.8034551967595482,34,5,0.0,0.0,0.0,False,42,34,,,,,
500,88,29,0.8034551967595482,34,6,0.08823529411764706,0.07894736842105263,0.08333333333333333,False,38,34,,,,,
500,88,29,0.8034551967595482,34,7,0.9117647058823529,0.8611111111111112,0.8857142857142857,True,36,34,0.7939524357858304,0.8490095457429035,0.12996845891101808,"[-0.09890387515110177, 0.18980566823231015]",0.21402842851597664
500,88,29,0.8034551967595482,34,8,0.0,0.0,0.0,False,22,34,,,,,
500,88,30,0.16456967830295702,34,0,0.0,0.0,0.0,False,58,34,,,,,
500,88,30,0.16456967830295702,34,1,0.0,0.0,0.0,False,54,34,,,,,
500,88,30,0.16456967830295702,34,2,0.0,0.0,0.0,False,48,34,,,,,
500,88,30,0.16456967830295702,34,3,0.0,0.0,0.0,False,45,34,,,,,
500,88,30,0.16456967830295702,34,4,0.0,0.0,0.0,False,43,34,,,,,
500,88,30,0.16456967830295702,34,5,0.0,0.0,0.0,False,42,34,,,,,
500,88,30,0.16456967830295702,34,6,0.08823529411764706,0.07894736842105263,0.08333333333333333,False,38,34,,,,,
500,88,30,0.16456967830295702,34,7,0.9117647058823529,0.8611111111111112,0.8857142857142857,True,36,34,0.7939524357858304,0.8490095457429035,0.12996845891101808,"[-0.09890387515110177, 0.18980566823231015]",0.21402842851597664
500,88,30,0.16456967830295702,34,8,0.0,0.0,0.0,False,22,34,,,,,
500,88,40,0.03197512493749482,58,0,1.0,1.0,1.0,True,58,58,0.8985041555878226,0.959401662235129,0.06402045340566084,"[-0.2558620689655191, -0.014482758620690817]",0.2562716305652681
500,88,40,0.03197512493749482,58,1,0.0,0.0,0.0,False,54,58,,,,,
500,88,40,0.03197512493749482,58,2,0.0,0.0,0.0,False,48,58,,,,,
500,88,40,0.03197512493749482,58,3,0.0,0.0,0.0,False,45,58,,,,,
500,88,40,0.03197512493749482,58,4,0.0,0.0,0.0,False,43,58,,,,,
500,88,40,0.03197512493749482,58,5,0.0,0.0,0.0,False,42,58,,,,,
500,88,40,0.03197512493749482,58,6,0.0,0.0,0.0,False,38,58,,,,,
500,88,40,0.03197512493749482,58,7,0.0,0.0,0.0,False,36,58,,,,,
500,88,40,0.03197512493749482,58,8,0.0,0.0,0.0,False,22,58,,,,,
500,89,29,0.8034551967595482,36,0,0.0,0.0,0.0,False,58,36,,,,,
500,89,29,0.8034551967595482,36,1,0.0,0.0,0.0,False,54,36,,,,,
500,89,29,0.8034551967595482,36,2,0.0,0.0,0.0,False,49,36,,,,,
500,89,29,0.8034551967595482,36,3,0.0,0.0,0.0,False,48,36,,,,,
500,89,29,0.8034551967595482,36,4,0.0,0.0,0.0,False,46,36,,,,,
500,89,29,0.8034551967595482,36,5,0.0,0.0,0.0,False,42,36,,,,,
500,89,29,0.8034551967595482,36,6,1.0,0.9473684210526315,0.972972972972973,True,38,36,0.8585265927886327,0.9271944208992369,0.08923706903441206,"[-0.1542793369575719, -0.08919951611709465]",0.17820961670906493
500,89,29,0.8034551967595482,36,7,0.0,0.0,0.0,False,36,36,,,,,
500,89,29,0.8034551967595482,36,8,0.0,0.0,0.0,False,22,36,,,,,
500,89,30,0.16456967830295702,36,0,0.0,0.0,0.0,False,58,36,,,,,
500,89,30,0.16456967830295702,36,1,0.0,0.0,0.0,False,54,36,,,,,
500,89,30,0.16456967830295702,36,2,0.0,0.0,0.0,False,49,36,,,,,
500,89,30,0.16456967830295702,36,3,0.0,0.0,0.0,False,48,36,,,,,
500,89,30,0.16456967830295702,36,4,0.0,0.0,0.0,False,46,36,,,,,
500,89,30,0.16456967830295702,36,5,0.0,0.0,0.0,False,42,36,,,,,
500,89,30,0.16456967830295702,36,6,1.0,0.9473684210526315,0.972972972972973,True,38,36,0.8585265927886327,0.9271944208992369,0.08923706903441206,"[-0.1542793369575719, -0.08919951611709465]",0.17820961670906493
500,89,30,0.16456967830295702,36,7,0.0,0.0,0.0,False,36,36,,,,,
500,89,30,0.16456967830295702,36,8,0.0,0.0,0.0,False,22,36,,,,,
500,89,40,0.03197512493749482,58,0,1.0,1.0,1.0,True,58,58,0.935630401571002,0.9742521606284008,0.04060236062699666,"[-0.25586206896551733, -0.01448275862068904]",0.2562716305652662
500,89,40,0.03197512493749482,58,1,0.0,0.0,0.0,False,54,58,,,,,
500,89,40,0.03197512493749482,58,2,0.0,0.0,0.0,False,49,58,,,,,
500,89,40,0.03197512493749482,58,3,0.0,0.0,0.0,False,48,58,,,,,
500,89,40,0.03197512493749482,58,4,0.0,0.0,0.0,False,46,58,,,,,
500,89,40,0.03197512493749482,58,5,0.0,0.0,0.0,False,42,58,,,,,
500,89,40,0.03197512493749482,58,6,0.0,0.0,0.0,False,38,58,,,,,
500,89,40,0.03197512493749482,58,7,0.0,0.0,0.0,False,36,58,,,,,
500,89,40,0.03197512493749482,58,8,0.0,0.0,0.0,False,22,58,,,,,
500,90,29,0.8034551967595482,38,0,0.0,0.0,0.0,False,58,38,,,,,
500,90,29,0.8034551967595482,38,1,0.0,0.0,0.0,False,50,38,,,,,
500,90,29,0.8034551967595482,38,2,0.0,0.0,0.0,False,48,38,,,,,
500,90,29,0.8034551967595482,38,3,0.0,0.0,0.0,False,46,38,,,,,
500,90,29,0.8034551967595482,38,4,0.0,0.0,0.0,False,46,38,,,,,
500,90,29,0.8034551967595482,38,5,0.0,0.0,0.0,False,42,38,,,,,
500,90,29,0.8034551967595482,38,6,1.0,1.0,1.0,True,38,38,0.9061784251803137,0.9624713700721255,0.05917976045203287,"[-0.1621052631578941, 0.014736842105264714]",0.162773741305917
500,90,29,0.8034551967595482,38,7,0.0,0.0,0.0,False,36,38,,,,,
500,90,29,0.8034551967595482,38,8,0.0,0.0,0.0,False,22,38,,,,,
500,90,30,0.16456967830295702,38,0,0.0,0.0,0.0,False,58,38,,,,,
500,90,30,0.16456967830295702,38,1,0.0,0.0,0.0,False,50,38,,,,,
500,90,30,0.16456967830295702,38,2,0.0,0.0,0.0,False,48,38,,,,,
500,90,30,0.16456967830295702,38,3,0.0,0.0,0.0,False,46,38,,,,,
500,90,30,0.16456967830295702,38,4,0.0,0.0,0.0,False,46,38,,,,,
500,90,30,0.16456967830295702,38,5,0.0,0.0,0.0,False,42,38,,,,,
500,90,30,0.16456967830295702,38,6,1.0,1.0,1.0,True,38,38,0.9061784251803137,0.9624713700721255,0.05917976045203287,"[-0.1621052631578941, 0.014736842105264714]",0.162773741305917
500,90,30,0.16456967830295702,38,7,0.0,0.0,0.0,False,36,38,,,,,
500,90,30,0.16456967830295702,38,8,0.0,0.0,0.0,False,22,38,,,,,
500,90,40,0.03197512493749482,58,0,1.0,1.0,1.0,True,58,58,0.9031490702157531,0.9612596280863013,0.061090584284093,"[-0.2655172413793103, -0.004827586206896939]",0.26556112490020817
500,90,40,0.03197512493749482,58,1,0.0,0.0,0.0,False,50,58,,,,,
500,90,40,0.03197512493749482,58,2,0.0,0.0,0.0,False,48,58,,,,,
500,90,40,0.03197512493749482,58,3,0.0,0.0,0.0,False,46,58,,,,,
500,90,40,0.03197512493749482,58,4,0.0,0.0,0.0,False,46,58,,,,,
500,90,40,0.03197512493749482,58,5,0.0,0.0,0.0,False,42,58,,,,,
500,90,40,0.03197512493749482,58,6,0.0,0.0,0.0,False,38,58,,,,,
500,90,40,0.03197512493749482,58,7,0.0,0.0,0.0,False,36,58,,,,,
500,90,40,0.03197512493749482,58,8,0.0,0.0,0.0,False,22,58,,,,,
500,91,29,0.8034551967595482,38,0,0.0,0.0,0.0,False,58,38,,,,,
500,91,29,0.8034551967595482,38,1,0.0,0.0,0.0,False,48,38,,,,,
500,91,29,0.8034551967595482,38,2,0.0,0.0,0.0,False,47,38,,,,,
500,91,29,0.8034551967595482,38,3,0.0,0.0,0.0,False,45,38,,,,,
500,91,29,0.8034551967595482,38,4,0.0,0.0,0.0,False,44,38,,,,,
500,91,29,0.8034551967595482,38,5,0.0,0.0,0.0,False,43,38,,,,,
500,91,29,0.8034551967595482,38,6,1.0,1.0,1.0,True,38,38,0.86415719208682,0.9456628768347279,0.08568546037394667,"[-0.21368421052631703, 0.007368421052632357]",0.21381121452595572
500,91,29,0.8034551967595482,38,7,0.0,0.0,0.0,False,36,38,,,,,
500,91,29,0.8034551967595482,38,8,0.0,0.0,0.0,False,22,38,,,,,
500,91,30,0.16456967830295702,38,0,0.0,0.0,0.0,False,58,38,,,,,
500,91,30,0.16456967830295702,38,1,0.0,0.0,0.0,False,48,38,,,,,
500,91,30,0.16456967830295702,38,2,0.0,0.0,0.0,False,47,38,,,,,
500,91,30,0.16456967830295702,38,3,0.0,0.0,0.0,False,45,38,,,,,
500,91,30,0.16456967830295702,38,4,0.0,0.0,0.0,False,44,38,,,,,
500,91,30,0.16456967830295702,38,5,0.0,0.0,0.0,False,43,38,,,,,
500,91,30,0.16456967830295702,38,6,1.0,1.0,1.0,True,38,38,0.86415719208682,0.9456628768347279,0.08568546037394667,"[-0.21368421052631703, 0.007368421052632357]",0.21381121452595572
500,91,30,0.16456967830295702,38,7,0.0,0.0,0.0,False,36,38,,,,,
500,91,30,0.16456967830295702,38,8,0.0,0.0,0.0,False,22,38,,,,,
500,91,40,0.03197512493749482,58,0,1.0,1.0,1.0,True,58,58,0.9343013803967462,0.9737205521586985,0.04144066626063474,"[-0.2655172413793099, 0.004827586206896939]",0.2655611249002077
500,91,40,0.03197512493749482,58,1,0.0,0.0,0.0,False,48,58,,,,,
500,91,40,0.03197512493749482,58,2,0.0,0.0,0.0,False,47,58,,,,,
500,91,40,0.03197512493749482,58,3,0.0,0.0,0.0,False,45,58,,,,,
500,91,40,0.03197512493749482,58,4,0.0,0.0,0.0,False,44,58,,,,,
500,91,40,0.03197512493749482,58,5,0.0,0.0,0.0,False,43,58,,,,,
500,91,40,0.03197512493749482,58,6,0.0,0.0,0.0,False,38,58,,,,,
500,91,40,0.03197512493749482,58,7,0.0,0.0,0.0,False,36,58,,,,,
500,91,40,0.03197512493749482,58,8,0.0,0.0,0.0,False,22,58,,,,,
500,92,29,0.8034551967595482,38,0,0.0,0.0,0.0,False,58,38,,,,,
500,92,29,0.8034551967595482,38,1,0.0,0.0,0.0,False,52,38,,,,,
500,92,29,0.8034551967595482,38,2,0.0,0.0,0.0,False,49,38,,,,,
500,92,29,0.8034551967595482,38,3,0.0,0.0,0.0,False,45,38,,,,,
500,92,29,0.8034551967595482,38,4,0.0,0.0,0.0,False,43,38,,,,,
500,92,29,0.8034551967595482,38,5,0.0,0.0,0.0,False,38,38,,,,,
500,92,29,0.8034551967595482,38,6,1.0,1.0,1.0,True,38,38,0.8761355163080706,0.9504542065232282,0.07812990229050189,"[-0.19894736842105587, -0.007368421052632357]",0.1990837739005171
500,92,29,0.8034551967595482,38,7,0.0,0.0,0.0,False,36,38,,,,,
500,92,29,0.8034551967595482,38,8,0.0,0.0,0.0,False,21,38,,,,,
500,92,30,0.16456967830295702,38,0,0.0,0.0,0.0,False,58,38,,,,,
500,92,30,0.16456967830295702,38,1,0.0,0.0,0.0,False,52,38,,,,,
500,92,30,0.16456967830295702,38,2,0.0,0.0,0.0,False,49,38,,,,,
500,92,30,0.16456967830295702,38,3,0.0,0.0,0.0,False,45,38,,,,,
500,92,30,0.16456967830295702,38,4,0.0,0.0,0.0,False,43,38,,,,,
500,92,30,0.16456967830295702,38,5,0.0,0.0,0.0,False,38,38,,,,,
500,92,30,0.16456967830295702,38,6,1.0,1.0,1.0,True,38,38,0.8761355163080706,0.9504542065232282,0.07812990229050189,"[-0.19894736842105587, -0.007368421052632357]",0.1990837739005171
500,92,30,0.16456967830295702,38,7,0.0,0.0,0.0,False,36,38,,,,,
500,92,30,0.16456967830295702,38,8,0.0,0.0,0.0,False,21,38,,,,,
500,92,40,0.03197512493749482,58,0,1.0,1.0,1.0,True,58,58,0.9818573199193302,0.9927429279677321,0.011443843947358437,"[-0.27034482758620637, 0.009655172413792101]",0.2705171864354568
500,92,40,0.03197512493749482,58,1,0.0,0.0,0.0,False,52,58,,,,,
500,92,40,0.03197512493749482,58,2,0.0,0.0,0.0,False,49,58,,,,,
500,92,40,0.03197512493749482,58,3,0.0,0.0,0.0,False,45,58,,,,,
500,92,40,0.03197512493749482,58,4,0.0,0.0,0.0,False,43,58,,,,,
500,92,40,0.03197512493749482,58,5,0.0,0.0,0.0,False,38,58,,,,,
500,92,40,0.03197512493749482,58,6,0.0,0.0,0.0,False,38,58,,,,,
500,92,40,0.03197512493749482,58,7,0.0,0.0,0.0,False,36,58,,,,,
500,92,40,0.03197512493749482,58,8,0.0,0.0,0.0,False,21,58,,,,,
500,93,29,0.8034551967595482,38,0,0.0,0.0,0.0,False,58,38,,,,,
500,93,29,0.8034551967595482,38,1,0.0,0.0,0.0,False,52,38,,,,,
500,93,29,0.8034551967595482,38,2,0.0,0.0,0.0,False,49,38,,,,,
500,93,29,0.8034551967595482,38,3,0.0,0.0,0.0,False,45,38,,,,,
500,93,29,0.8034551967595482,38,4,0.0,0.0,0.0,False,43,38,,,,,
500,93,29,0.8034551967595482,38,5,0.0,0.0,0.0,False,39,38,,,,,
500,93,29,0.8034551967595482,38,6,1.0,1.0,1.0,True,38,38,0.9049481069283188,0.9619792427713275,0.05995580732155884,"[-0.19894736842105232, 0.007368421052632357]",0.19908377390051354
500,93,29,0.8034551967595482,38,7,0.0,0.0,0.0,False,36,38,,,,,
500,93,29,0.8034551967595482,38,8,0.0,0.0,0.0,False,21,38,,,,,
500,93,30,0.16456967830295702,38,0,0.0,0.0,0.0,False,58,38,,,,,
500,93,30,0.16456967830295702,38,1,0.0,0.0,0.0,False,52,38,,,,,
500,93,30,0.16456967830295702,38,2,0.0,0.0,0.0,False,49,38,,,,,
500,93,30,0.16456967830295702,38,3,0.0,0.0,0.0,False,45,38,,,,,
500,93,30,0.16456967830295702,38,4,0.0,0.0,0.0,False,43,38,,,,,
500,93,30,0.16456967830295702,38,5,0.0,0.0,0.0,False,39,38,,,,,
500,93,30,0.16456967830295702,38,6,1.0,1.0,1.0,True,38,38,0.9049481069283188,0.9619792427713275,0.05995580732155884,"[-0.19894736842105232, 0.007368421052632357]",0.19908377390051354
500,93,30,0.16456967830295702,38,7,0.0,0.0,0.0,False,36,38,,,,,
500,93,30,0.16456967830295702,38,8,0.0,0.0,0.0,False,21,38,,,,,
500,93,40,0.03197512493749482,58,0,1.0,1.0,1.0,True,58,58,0.9750224156072927,0.9900089662429171,0.015755091127725235,"[-0.2606896551724147, 1.7763568394002505e-15]",0.2606896551724147
500,93,40,0.03197512493749482,58,1,0.0,0.0,0.0,False,52,58,,,,,
500,93,40,0.03197512493749482,58,2,0.0,0.0,0.0,False,49,58,,,,,
500,93,40,0.03197512493749482,58,3,0.0,0.0,0.0,False,45,58,,,,,
500,93,40,0.03197512493749482,58,4,0.0,0.0,0.0,False,43,58,,,,,
500,93,40,0.03197512493749482,58,5,0.0,0.0,0.0,False,39,58,,,,,
500,93,40,0.03197512493749482,58,6,0.0,0.0,0.0,False,38,58,,,,,
500,93,40,0.03197512493749482,58,7,0.0,0.0,0.0,False,36,58,,,,,
500,93,40,0.03197512493749482,58,8,0.0,0.0,0.0,False,21,58,,,,,
500,94,29,0.8034551967595482,38,0,0.0,0.0,0.0,False,58,38,,,,,
500,94,29,0.8034551967595482,38,1,0.0,0.0,0.0,False,49,38,,,,,
500,94,29,0.8034551967595482,38,2,0.0,0.0,0.0,False,47,38,,,,,
500,94,29,0.8034551967595482,38,3,0.0,0.0,0.0,False,45,38,,,,,
500,94,29,0.8034551967595482,38,4,0.0,0.0,0.0,False,45,38,,,,,
500,94,29,0.8034551967595482,38,5,0.0,0.0,0.0,False,39,38,,,,,
500,94,29,0.8034551967595482,38,6,1.0,1.0,1.0,True,38,38,0.897496329029097,0.9589985316116388,0.06465615936601385,"[-0.16947368421052644, 0.007368421052632357]",0.16963379164747253
500,94,29,0.8034551967595482,38,7,0.0,0.0,0.0,False,36,38,,,,,
500,94,29,0.8034551967595482,38,8,0.0,0.0,0.0,False,25,38,,,,,
500,94,30,0.16456967830295702,38,0,0.0,0.0,0.0,False,58,38,,,,,
500,94,30,0.16456967830295702,38,1,0.0,0.0,0.0,False,49,38,,,,,
500,94,30,0.16456967830295702,38,2,0.0,0.0,0.0,False,47,38,,,,,
500,94,30,0.16456967830295702,38,3,0.0,0.0,0.0,False,45,38,,,,,
500,94,30,0.16456967830295702,38,4,0.0,0.0,0.0,False,45,38,,,,,
500,94,30,0.16456967830295702,38,5,0.0,0.0,0.0,False,39,38,,,,,
500,94,30,0.16456967830295702,38,6,1.0,1.0,1.0,True,38,38,0.897496329029097,0.9589985316116388,0.06465615936601385,"[-0.16947368421052644, 0.007368421052632357]",0.16963379164747253
500,94,30,0.16456967830295702,38,7,0.0,0.0,0.0,False,36,38,,,,,
500,94,30,0.16456967830295702,38,8,0.0,0.0,0.0,False,25,38,,,,,
500,94,40,0.03197512493749482,58,0,1.0,1.0,1.0,True,58,58,0.9278101675502811,0.9711240670201124,0.04553512344743044,"[-0.2751724137931033, 0.0048275862068951625]",0.2752147577825504
500,94,40,0.03197512493749482,58,1,0.0,0.0,0.0,False,49,58,,,,,
500,94,40,0.03197512493749482,58,2,0.0,0.0,0.0,False,47,58,,,,,
500,94,40,0.03197512493749482,58,3,0.0,0.0,0.0,False,45,58,,,,,
500,94,40,0.03197512493749482,58,4,0.0,0.0,0.0,False,45,58,,,,,
500,94,40,0.03197512493749482,58,5,0.0,0.0,0.0,False,39,58,,,,,
500,94,40,0.03197512493749482,58,6,0.0,0.0,0.0,False,38,58,,,,,
500,94,40,0.03197512493749482,58,7,0.0,0.0,0.0,False,36,58,,,,,
500,94,40,0.03197512493749482,58,8,0.0,0.0,0.0,False,25,58,,,,,
500,95,29,0.8034551967595482,38,0,0.0,0.0,0.0,False,58,38,,,,,
500,95,29,0.8034551967595482,38,1,0.0,0.0,0.0,False,49,38,,,,,
500,95,29,0.8034551967595482,38,2,0.0,0.0,0.0,False,46,38,,,,,
500,95,29,0.8034551967595482,38,3,0.0,0.0,0.0,False,45,38,,,,,
500,95,29,0.8034551967595482,38,4,0.0,0.0,0.0,False,45,38,,,,,
500,95,29,0.8034551967595482,38,5,0.0,0.0,0.0,False,39,38,,,,,
500,95,29,0.8034551967595482,38,6,1.0,1.0,1.0,True,38,38,0.9034525607459727,0.9613810242983891,0.06089915180267945,"[-0.1915789473684235, -0.014736842105264714]",0.19214491299544906
500,95,29,0.8034551967595482,38,7,0.0,0.0,0.0,False,36,38,,,,,
500,95,29,0.8034551967595482,38,8,0.0,0.0,0.0,False,25,38,,,,,
500,95,30,0.16456967830295702,38,0,0.0,0.0,0.0,False,58,38,,,,,
500,95,30,0.16456967830295702,38,1,0.0,0.0,0.0,False,49,38,,,,,
500,95,30,0.16456967830295702,38,2,0.0,0.0,0.0,False,46,38,,,,,
500,95,30,0.16456967830295702,38,3,0.0,0.0,0.0,False,45,38,,,,,
500,95,30,0.16456967830295702,38,4,0.0,0.0,0.0,False,45,38,,,,,
500,95,30,0.16456967830295702,38,5,0.0,0.0,0.0,False,39,38,,,,,
500,95,30,0.16456967830295702,38,6,1.0,1.0,1.0,True,38,38,0.9034525607459727,0.9613810242983891,0.06089915180267945,"[-0.1915789473684235, -0.014736842105264714]",0.19214491299544906
500,95,30,0.16456967830295702,38,7,0.0,0.0,0.0,False,36,38,,,,,
500,95,30,0.16456967830295702,38,8,0.0,0.0,0.0,False,25,38,,,,,
500,95,40,0.03197512493749482,58,0,1.0,1.0,1.0,True,58,58,0.928765456674323,0.9715061826697292,0.044932556483148735,"[-0.2558620689655182, 0.004827586206896939]",0.2559076081790079
500,95,40,0.03197512493749482,58,1,0.0,0.0,0.0,False,49,58,,,,,
500,95,40,0.03197512493749482,58,2,0.0,0.0,0.0,False,46,58,,,,,
500,95,40,0.03197512493749482,58,3,0.0,0.0,0.0,False,45,58,,,,,
500,95,40,0.03197512493749482,58,4,0.0,0.0,0.0,False,45,58,,,,,
500,95,40,0.03197512493749482,58,5,0.0,0.0,0.0,False,39,58,,,,,
500,95,40,0.03197512493749482,58,6,0.0,0.0,0.0,False,38,58,,,,,
500,95,40,0.03197512493749482,58,7,0.0,0.0,0.0,False,36,58,,,,,
500,95,40,0.03197512493749482,58,8,0.0,0.0,0.0,False,25,58,,,,,
500,96,29,0.8034551967595482,38,0,0.0,0.0,0.0,False,58,38,,,,,
500,96,29,0.8034551967595482,38,1,0.0,0.0,0.0,False,53,38,,,,,
500,96,29,0.8034551967595482,38,2,0.0,0.0,0.0,False,49,38,,,,,
500,96,29,0.8034551967595482,38,3,0.0,0.0,0.0,False,45,38,,,,,
500,96,29,0.8034551967595482,38,4,0.0,0.0,0.0,False,41,38,,,,,
500,96,29,0.8034551967595482,38,5,0.0,0.0,0.0,False,39,38,,,,,
500,96,29,0.8034551967595482,38,6,1.0,1.0,1.0,True,38,38,0.915141079283236,0.9660564317132944,0.05352639422102734,"[-0.22105263157894584, -0.029473684210525875]",0.22300888769042135
500,96,29,0.8034551967595482,38,7,0.0,0.0,0.0,False,36,38,,,,,
500,96,29,0.8034551967595482,38,8,0.0,0.0,0.0,False,25,38,,,,,
500,96,30,0.16456967830295702,38,0,0.0,0.0,0.0,False,58,38,,,,,
500,96,30,0.16456967830295702,38,1,0.0,0.0,0.0,False,53,38,,,,,
500,96,30,0.16456967830295702,38,2,0.0,0.0,0.0,False,49,38,,,,,
500,96,30,0.16456967830295702,38,3,0.0,0.0,0.0,False,45,38,,,,,
500,96,30,0.16456967830295702,38,4,0.0,0.0,0.0,False,41,38,,,,,
500,96,30,0.16456967830295702,38,5,0.0,0.0,0.0,False,39,38,,,,,
500,96,30,0.16456967830295702,38,6,1.0,1.0,1.0,True,38,38,0.915141079283236,0.9660564317132944,0.05352639422102734,"[-0.22105263157894584, -0.029473684210525875]",0.22300888769042135
500,96,30,0.16456967830295702,38,7,0.0,0.0,0.0,False,36,38,,,,,
500,96,30,0.16456967830295702,38,8,0.0,0.0,0.0,False,25,38,,,,,
500,96,40,0.03197512493749482,58,0,1.0,1.0,1.0,True,58,58,0.9031392001875256,0.9612556800750103,0.061096809993981996,"[-0.2655172413793121, -0.01448275862068904]",0.2659119323515683
500,96,40,0.03197512493749482,58,1,0.0,0.0,0.0,False,53,58,,,,,
500,96,40,0.03197512493749482,58,2,0.0,0.0,0.0,False,49,58,,,,,
500,96,40,0.03197512493749482,58,3,0.0,0.0,0.0,False,45,58,,,,,
500,96,40,0.03197512493749482,58,4,0.0,0.0,0.0,False,41,58,,,,,
500,96,40,0.03197512493749482,58,5,0.0,0.0,0.0,False,39,58,,,,,
500,96,40,0.03197512493749482,58,6,0.0,0.0,0.0,False,38,58,,,,,
500,96,40,0.03197512493749482,58,7,0.0,0.0,0.0,False,36,58,,,,,
500,96,40,0.03197512493749482,58,8,0.0,0.0,0.0,False,25,58,,,,,
500,97,29,0.8034551967595482,38,0,0.0,0.0,0.0,False,62,38,,,,,
500,97,29,0.8034551967595482,38,1,0.0,0.0,0.0,False,57,38,,,,,
500,97,29,0.8034551967595482,38,2,0.0,0.0,0.0,False,52,38,,,,,
500,97,29,0.8034551967595482,38,3,0.0,0.0,0.0,False,49,38,,,,,
500,97,29,0.8034551967595482,38,4,0.0,0.0,0.0,False,45,38,,,,,
500,97,29,0.8034551967595482,38,5,0.0,0.0,0.0,False,45,38,,,,,
500,97,29,0.8034551967595482,38,6,1.0,1.0,1.0,True,38,38,0.9177385822699259,0.9670954329079704,0.05188796931906655,"[-0.25052631578947526, 0.0]",0.25052631578947526
500,97,29,0.8034551967595482,38,7,0.0,0.0,0.0,False,35,38,,,,,
500,97,30,0.16456967830295702,38,0,0.0,0.0,0.0,False,62,38,,,,,
500,97,30,0.16456967830295702,38,1,0.0,0.0,0.0,False,57,38,,,,,
500,97,30,0.16456967830295702,38,2,0.0,0.0,0.0,False,52,38,,,,,
500,97,30,0.16456967830295702,38,3,0.0,0.0,0.0,False,49,38,,,,,
500,97,30,0.16456967830295702,38,4,0.0,0.0,0.0,False,45,38,,,,,
500,97,30,0.16456967830295702,38,5,0.0,0.0,0.0,False,45,38,,,,,
500,97,30,0.16456967830295702,38,6,1.0,1.0,1.0,True,38,38,0.9177385822699259,0.9670954329079704,0.05188796931906655,"[-0.25052631578947526, 0.0]",0.25052631578947526
500,97,30,0.16456967830295702,38,7,0.0,0.0,0.0,False,35,38,,,,,
500,97,40,0.03197512493749482,58,0,0.0,0.0,0.0,False,62,58,,,,,
500,97,40,0.03197512493749482,58,1,0.9827586206896551,1.0,0.991304347826087,True,57,58,0.9521409837711776,0.9756390022041233,0.030187993767264838,"[-0.3462317770704866, 0.028748938124383727]",0.3474232935435774
500,97,40,0.03197512493749482,58,2,0.0,0.0,0.0,False,52,58,,,,,
500,97,40,0.03197512493749482,58,3,0.0,0.0,0.0,False,49,58,,,,,
500,97,40,0.03197512493749482,58,4,0.0,0.0,0.0,False,45,58,,,,,
500,97,40,0.03197512493749482,58,5,0.0,0.0,0.0,False,45,58,,,,,
500,97,40,0.03197512493749482,58,6,0.0,0.0,0.0,False,38,58,,,,,
500,97,40,0.03197512493749482,58,7,0.0,0.0,0.0,False,35,58,,,,,
500,98,29,0.8034551967595482,38,0,0.0,0.0,0.0,False,62,38,,,,,
500,98,29,0.8034551967595482,38,1,0.0,0.0,0.0,False,57,38,,,,,
500,98,29,0.8034551967595482,38,2,0.0,0.0,0.0,False,49,38,,,,,
500,98,29,0.8034551967595482,38,3,0.0,0.0,0.0,False,49,38,,,,,
500,98,29,0.8034551967595482,38,4,0.0,0.0,0.0,False,47,38,,,,,
500,98,29,0.8034551967595482,38,5,1.0,0.9743589743589743,0.987012987012987,True,39,38,0.9357651296378308,0.9665138440629245,0.04051737831097377,"[-0.2892172562650863, -0.08175706662827409]",0.3005508929701668
500,98,29,0.8034551967595482,38,6,0.0,0.0,0.0,False,33,38,,,,,
500,98,29,0.8034551967595482,38,7,0.0,0.0,0.0,False,32,38,,,,,
500,98,29,0.8034551967595482,38,8,0.0,0.0,0.0,False,17,38,,,,,
500,98,30,0.16456967830295702,38,0,0.0,0.0,0.0,False,62,38,,,,,
500,98,30,0.16456967830295702,38,1,0.0,0.0,0.0,False,57,38,,,,,
500,98,30,0.16456967830295702,38,2,0.0,0.0,0.0,False,49,38,,,,,
500,98,30,0.16456967830295702,38,3,0.0,0.0,0.0,False,49,38,,,,,
500,98,30,0.16456967830295702,38,4,0.0,0.0,0.0,False,47,38,,,,,
500,98,30,0.16456967830295702,38,5,1.0,0.9743589743589743,0.987012987012987,True,39,38,0.9357651296378308,0.9665138440629245,0.04051737831097377,"[-0.2892172562650863, -0.08175706662827409]",0.3005508929701668
500,98,30,0.16456967830295702,38,6,0.0,0.0,0.0,False,33,38,,,,,
500,98,30,0.16456967830295702,38,7,0.0,0.0,0.0,False,32,38,,,,,
500,98,30,0.16456967830295702,38,8,0.0,0.0,0.0,False,17,38,,,,,
500,98,40,0.03197512493749482,57,0,0.0,0.0,0.0,False,62,57,,,,,
500,98,40,0.03197512493749482,57,1,1.0,1.0,1.0,True,57,57,0.9755735462138777,0.9902294184855511,0.015407454911448081,"[-0.25543859649122824, 0.004912280701754312]",0.255485825593322
500,98,40,0.03197512493749482,57,2,0.0,0.0,0.0,False,49,57,,,,,
500,98,40,0.03197512493749482,57,3,0.0,0.0,0.0,False,49,57,,,,,
500,98,40,0.03197512493749482,57,4,0.0,0.0,0.0,False,47,57,,,,,
500,98,40,0.03197512493749482,57,5,0.0,0.0,0.0,False,39,57,,,,,
500,98,40,0.03197512493749482,57,6,0.0,0.0,0.0,False,33,57,,,,,
500,98,40,0.03197512493749482,57,7,0.0,0.0,0.0,False,32,57,,,,,
500,98,40,0.03197512493749482,57,8,0.0,0.0,0.0,False,17,57,,,,,
500,99,29,0.8034551967595482,39,0,0.0,0.0,0.0,False,62,39,,,,,
500,99,29,0.8034551967595482,39,1,0.0,0.0,0.0,False,58,39,,,,,
500,99,29,0.8034551967595482,39,2,0.0,0.0,0.0,False,50,39,,,,,
500,99,29,0.8034551967595482,39,3,0.0,0.0,0.0,False,49,39,,,,,
500,99,29,0.8034551967595482,39,4,0.0,0.0,0.0,False,46,39,,,,,
500,99,29,0.8034551967595482,39,5,0.9743589743589743,1.0,0.987012987012987,True,38,39,0.9148159664847688,0.9581341788016997,0.05373146536346075,"[-0.22657221741912537, 0.06702022452300938]",0.23627670262074932
500,99,29,0.8034551967595482,39,6,0.0,0.0,0.0,False,32,39,,,,,
500,99,29,0.8034551967595482,39,7,0.0,0.0,0.0,False,32,39,,,,,
500,99,29,0.8034551967595482,39,8,0.0,0.0,0.0,False,16,39,,,,,
500,99,30,0.16456967830295702,39,0,0.0,0.0,0.0,False,62,39,,,,,
500,99,30,0.16456967830295702,39,1,0.0,0.0,0.0,False,58,39,,,,,
500,99,30,0.16456967830295702,39,2,0.0,0.0,0.0,False,50,39,,,,,
500,99,30,0.16456967830295702,39,3,0.0,0.0,0.0,False,49,39,,,,,
500,99,30,0.16456967830295702,39,4,0.0,0.0,0.0,False,46,39,,,,,
500,99,30,0.16456967830295702,39,5,0.9743589743589743,1.0,0.987012987012987,True,38,39,0.9148159664847688,0.9581341788016997,0.05373146536346075,"[-0.22657221741912537, 0.06702022452300938]",0.23627670262074932
500,99,30,0.16456967830295702,39,6,0.0,0.0,0.0,False,32,39,,,,,
500,99,30,0.16456967830295702,39,7,0.0,0.0,0.0,False,32,39,,,,,
500,99,30,0.16456967830295702,39,8,0.0,0.0,0.0,False,16,39,,,,,
500,99,40,0.03197512493749482,57,0,0.0,0.0,0.0,False,62,57,,,,,
500,99,40,0.03197512493749482,57,1,1.0,0.9827586206896551,0.991304347826087,True,58,57,0.9557295716052646,0.977074437337758,0.027924423060948084,"[-0.2892992384443809, -0.027517309881455176]",0.29060497536623625
500,99,40,0.03197512493749482,57,2,0.0,0.0,0.0,False,50,57,,,,,
500,99,40,0.03197512493749482,57,3,0.0,0.0,0.0,False,49,57,,,,,
500,99,40,0.03197512493749482,57,4,0.0,0.0,0.0,False,46,57,,,,,
500,99,40,0.03197512493749482,57,5,0.0,0.0,0.0,False,38,57,,,,,
500,99,40,0.03197512493749482,57,6,0.0,0.0,0.0,False,32,57,,,,,
500,99,40,0.03197512493749482,57,7,0.0,0.0,0.0,False,32,57,,,,,
500,99,40,0.03197512493749482,57,8,0.0,0.0,0.0,False,16,57,,,,,
500,100,29,0.8034551967595482,38,0,0.0,0.0,0.0,False,61,38,,,,,
500,100,29,0.8034551967595482,38,1,0.0,0.0,0.0,False,60,38,,,,,
500,100,29,0.8034551967595482,38,2,0.0,0.0,0.0,False,50,38,,,,,
500,100,29,0.8034551967595482,38,3,0.0,0.0,0.0,False,49,38,,,,,
500,100,29,0.8034551967595482,38,4,0.0,0.0,0.0,False,46,38,,,,,
500,100,29,0.8034551967595482,38,5,1.0,1.0,1.0,True,38,38,0.9600945895311785,0.9840378358124714,0.025171104160461963,"[-0.25052631578947526, -0.014736842105261161]",0.25095937802418
500,100,29,0.8034551967595482,38,6,0.0,0.0,0.0,False,36,38,,,,,
500,100,29,0.8034551967595482,38,7,0.0,0.0,0.0,False,33,38,,,,,
500,100,29,0.8034551967595482,38,8,0.0,0.0,0.0,False,16,38,,,,,
500,100,30,0.16456967830295702,38,0,0.0,0.0,0.0,False,61,38,,,,,
500,100,30,0.16456967830295702,38,1,0.0,0.0,0.0,False,60,38,,,,,
500,100,30,0.16456967830295702,38,2,0.0,0.0,0.0,False,50,38,,,,,
500,100,30,0.16456967830295702,38,3,0.0,0.0,0.0,False,49,38,,,,,
500,100,30,0.16456967830295702,38,4,0.0,0.0,0.0,False,46,38,,,,,
500,100,30,0.16456967830295702,38,5,1.0,1.0,1.0,True,38,38,0.9600945895311785,0.9840378358124714,0.025171104160461963,"[-0.25052631578947526, -0.014736842105261161]",0.25095937802418
500,100,30,0.16456967830295702,38,6,0.0,0.0,0.0,False,36,38,,,,,
500,100,30,0.16456967830295702,38,7,0.0,0.0,0.0,False,33,38,,,,,
500,100,30,0.16456967830295702,38,8,0.0,0.0,0.0,False,16,38,,,,,
500,100,40,0.03197512493749482,58,0,0.0,0.0,0.0,False,61,58,,,,,
500,100,40,0.03197512493749482,58,1,1.0,0.9666666666666667,0.9830508474576272,True,60,58,0.9260188126301052,0.9602380335266184,0.04666505497186203,"[-0.2872029155142879, -0.06455546816662228]",0.2943686857498925
500,100,40,0.03197512493749482,58,2,0.0,0.0,0.0,False,50,58,,,,,
500,100,40,0.03197512493749482,58,3,0.0,0.0,0.0,False,49,58,,,,,
500,100,40,0.03197512493749482,58,4,0.0,0.0,0.0,False,46,58,,,,,
500,100,40,0.03197512493749482,58,5,0.0,0.0,0.0,False,38,58,,,,,
500,100,40,0.03197512493749482,58,6,0.0,0.0,0.0,False,36,58,,,,,
500,100,40,0.03197512493749482,58,7,0.0,0.0,0.0,False,33,58,,,,,
500,100,40,0.03197512493749482,58,8,0.0,0.0,0.0,False,16,58,,,,,
500,101,29,0.8034551967595482,38,0,0.0,0.0,0.0,False,61,38,,,,,
500,101,29,0.8034551967595482,38,1,0.0,0.0,0.0,False,60,38,,,,,
500,101,29,0.8034551967595482,38,2,0.0,0.0,0.0,False,50,38,,,,,
500,101,29,0.8034551967595482,38,3,0.0,0.0,0.0,False,49,38,,,,,
500,101,29,0.8034551967595482,38,4,0.0,0.0,0.0,False,46,38,,,,,
500,101,29,0.8034551967595482,38,5,1.0,1.0,1.0,True,38,38,0.9513979135117918,0.9805591654047168,0.03065669960634279,"[-0.26526315789474, 0.0]",0.26526315789474
500,101,29,0.8034551967595482,38,6,0.0,0.0,0.0,False,33,38,,,,,
500,101,29,0.8034551967595482,38,7,0.0,0.0,0.0,False,30,38,,,,,
500,101,29,0.8034551967595482,38,8,0.0,0.0,0.0,False,16,38,,,,,
500,101,30,0.16456967830295702,38,0,0.0,0.0,0.0,False,61,38,,,,,
500,101,30,0.16456967830295702,38,1,0.0,0.0,0.0,False,60,38,,,,,
500,101,30,0.16456967830295702,38,2,0.0,0.0,0.0,False,50,38,,,,,
500,101,30,0.16456967830295702,38,3,0.0,0.0,0.0,False,49,38,,,,,
500,101,30,0.16456967830295702,38,4,0.0,0.0,0.0,False,46,38,,,,,
500,101,30,0.16456967830295702,38,5,1.0,1.0,1.0,True,38,38,0.9513979135117918,0.9805591654047168,0.03065669960634279,"[-0.26526315789474, 0.0]",0.26526315789474
500,101,30,0.16456967830295702,38,6,0.0,0.0,0.0,False,33,38,,,,,
500,101,30,0.16456967830295702,38,7,0.0,0.0,0.0,False,30,38,,,,,
500,101,30,0.16456967830295702,38,8,0.0,0.0,0.0,False,16,38,,,,,
500,101,40,0.03197512493749482,60,0,0.0,0.0,0.0,False,61,60,,,,,
500,101,40,0.03197512493749482,60,1,1.0,1.0,1.0,True,60,60,0.946462235391845,0.978584894156738,0.03376997338551519,"[-0.2520000000000002, 0.0]",0.2520000000000002
500,101,40,0.03197512493749482,60,2,0.0,0.0,0.0,False,50,60,,,,,
500,101,40,0.03197512493749482,60,3,0.0,0.0,0.0,False,49,60,,,,,
500,101,40,0.03197512493749482,60,4,0.0,0.0,0.0,False,46,60,,,,,
500,101,40,0.03197512493749482,60,5,0.0,0.0,0.0,False,38,60,,,,,
500,101,40,0.03197512493749482,60,6,0.0,0.0,0.0,False,33,60,,,,,
500,101,40,0.03197512493749482,60,7,0.0,0.0,0.0,False,30,60,,,,,
500,101,40,0.03197512493749482,60,8,0.0,0.0,0.0,False,16,60,,,,,
500,102,29,0.8034551967595482,38,0,0.0,0.0,0.0,False,61,38,,,,,
500,102,29,0.8034551967595482,38,1,0.0,0.0,0.0,False,60,38,,,,,
500,102,29,0.8034551967595482,38,2,0.0,0.0,0.0,False,49,38,,,,,
500,102,29,0.8034551967595482,38,3,0.0,0.0,0.0,False,49,38,,,,,
500,102,29,0.8034551967595482,38,4,0.0,0.0,0.0,False,46,38,,,,,
500,102,29,0.8034551967595482,38,5,1.0,0.95,0.9743589743589743,True,40,38,0.881963023092077,0.9374005938522154,0.07445409045113667,"[-0.34229171937483116, -0.13118133116942587]",0.3665680875362185
500,102,29,0.8034551967595482,38,6,0.0,0.0,0.0,False,31,38,,,,,
500,102,29,0.8034551967595482,38,7,0.0,0.0,0.0,False,31,38,,,,,
500,102,29,0.8034551967595482,38,8,0.0,0.0,0.0,False,17,38,,,,,
500,102,30,0.16456967830295702,38,0,0.0,0.0,0.0,False,61,38,,,,,
500,102,30,0.16456967830295702,38,1,0.0,0.0,0.0,False,60,38,,,,,
500,102,30,0.16456967830295702,38,2,0.0,0.0,0.0,False,49,38,,,,,
500,102,30,0.16456967830295702,38,3,0.0,0.0,0.0,False,49,38,,,,,
500,102,30,0.16456967830295702,38,4,0.0,0.0,0.0,False,46,38,,,,,
500,102,30,0.16456967830295702,38,5,1.0,0.95,0.9743589743589743,True,40,38,0.881963023092077,0.9374005938522154,0.07445409045113667,"[-0.34229171937483116, -0.13118133116942587]",0.3665680875362185
500,102,30,0.16456967830295702,38,6,0.0,0.0,0.0,False,31,38,,,,,
500,102,30,0.16456967830295702,38,7,0.0,0.0,0.0,False,31,38,,,,,
500,102,30,0.16456967830295702,38,8,0.0,0.0,0.0,False,17,38,,,,,
500,102,40,0.03197512493749482,60,0,0.0,0.0,0.0,False,61,60,,,,,
500,102,40,0.03197512493749482,60,1,1.0,1.0,1.0,True,60,60,0.9771569868391502,0.9908627947356601,0.014408669322166062,"[-0.2566666666666664, 0.004666666666667041]",0.2567090874035343
500,102,40,0.03197512493749482,60,2,0.0,0.0,0.0,False,49,60,,,,,
500,102,40,0.03197512493749482,60,3,0.0,0.0,0.0,False,49,60,,,,,
500,102,40,0.03197512493749482,60,4,0.0,0.0,0.0,False,46,60,,,,,
500,102,40,0.03197512493749482,60,5,0.0,0.0,0.0,False,40,60,,,,,
500,102,40,0.03197512493749482,60,6,0.0,0.0,0.0,False,31,60,,,,,
500,102,40,0.03197512493749482,60,7,0.0,0.0,0.0,False,31,60,,,,,
500,102,40,0.03197512493749482,60,8,0.0,0.0,0.0,False,17,60,,,,,
500,103,29,0.8034551967595482,40,0,0.0,0.0,0.0,False,61,40,,,,,
500,103,29,0.8034551967595482,40,1,0.0,0.0,0.0,False,60,40,,,,,
500,103,29,0.8034551967595482,40,2,0.0,0.0,0.0,False,49,40,,,,,
500,103,29,0.8034551967595482,40,3,0.0,0.0,0.0,False,46,40,,,,,
500,103,29,0.8034551967595482,40,4,1.0,0.9523809523809523,0.975609756097561,True,42,40,0.8617642496989855,0.9300715535381308,0.08719485474895822,"[-0.4106692551452156, 0.05795588760133796]",0.4147386189266501
500,103,29,0.8034551967595482,40,5,0.0,0.0,0.0,False,42,40,,,,,
500,103,29,0.8034551967595482,40,6,0.0,0.0,0.0,False,39,40,,,,,
500,103,29,0.8034551967595482,40,7,0.0,0.0,0.0,False,31,40,,,,,
500,103,29,0.8034551967595482,40,8,0.0,0.0,0.0,False,16,40,,,,,
500,103,30,0.16456967830295702,40,0,0.0,0.0,0.0,False,61,40,,,,,
500,103,30,0.16456967830295702,40,1,0.0,0.0,0.0,False,60,40,,,,,
500,103,30,0.16456967830295702,40,2,0.0,0.0,0.0,False,49,40,,,,,
500,103,30,0.16456967830295702,40,3,0.0,0.0,0.0,False,46,40,,,,,
500,103,30,0.16456967830295702,40,4,1.0,0.9523809523809523,0.975609756097561,True,42,40,0.8617642496989855,0.9300715535381308,0.08719485474895822,"[-0.4106692551452156, 0.05795588760133796]",0.4147386189266501
500,103,30,0.16456967830295702,40,5,0.0,0.0,0.0,False,42,40,,,,,
500,103,30,0.16456967830295702,40,6,0.0,0.0,0.0,False,39,40,,,,,
500,103,30,0.16456967830295702,40,7,0.0,0.0,0.0,False,31,40,,,,,
500,103,30,0.16456967830295702,40,8,0.0,0.0,0.0,False,16,40,,,,,
500,103,40,0.03197512493749482,60,0,0.0,0.0,0.0,False,61,60,,,,,
500,103,40,0.03197512493749482,60,1,1.0,1.0,1.0,True,60,60,0.9225981514112829,0.9690392605645132,0.04882270274004885,"[-0.2519999999999998, 0.009333333333334082]",0.252172780273984
500,103,40,0.03197512493749482,60,2,0.0,0.0,0.0,False,49,60,,,,,
500,103,40,0.03197512493749482,60,3,0.0,0.0,0.0,False,46,60,,,,,
500,103,40,0.03197512493749482,60,4,0.0,0.0,0.0,False,42,60,,,,,
500,103,40,0.03197512493749482,60,5,0.0,0.0,0.0,False,42,60,,,,,
500,103,40,0.03197512493749482,60,6,0.0,0.0,0.0,False,39,60,,,,,
500,103,40,0.03197512493749482,60,7,0.0,0.0,0.0,False,31,60,,,,,
500,103,40,0.03197512493749482,60,8,0.0,0.0,0.0,False,16,60,,,,,
500,104,29,0.8034551967595482,42,0,0.0,0.0,0.0,False,70,42,,,,,
500,104,29,0.8034551967595482,42,1,0.0,0.0,0.0,False,63,42,,,,,
500,104,29,0.8034551967595482,42,2,0.0,0.0,0.0,False,61,42,,,,,
500,104,29,0.8034551967595482,42,3,0.0,0.0,0.0,False,53,42,,,,,
500,104,29,0.8034551967595482,42,4,0.0,0.0,0.0,False,49,42,,,,,
500,104,29,0.8034551967595482,42,5,1.0,1.0,1.0,True,42,42,0.8837144367765217,0.9534857747106087,0.07334935262833793,"[-0.24666666666666615, -0.006666666666667709]",0.24675674031095612
500,104,29,0.8034551967595482,42,6,0.0,0.0,0.0,False,28,42,,,,,
500,104,30,0.16456967830295702,42,0,0.0,0.0,0.0,False,70,42,,,,,
500,104,30,0.16456967830295702,42,1,0.0,0.0,0.0,False,63,42,,,,,
500,104,30,0.16456967830295702,42,2,0.0,0.0,0.0,False,61,42,,,,,
500,104,30,0.16456967830295702,42,3,0.0,0.0,0.0,False,53,42,,,,,
500,104,30,0.16456967830295702,42,4,0.0,0.0,0.0,False,49,42,,,,,
500,104,30,0.16456967830295702,42,5,1.0,1.0,1.0,True,42,42,0.8837144367765217,0.9534857747106087,0.07334935262833793,"[-0.24666666666666615, -0.006666666666667709]",0.24675674031095612
500,104,30,0.16456967830295702,42,6,0.0,0.0,0.0,False,28,42,,,,,
500,104,40,0.03197512493749482,60,0,0.0,0.0,0.0,False,70,60,,,,,
500,104,40,0.03197512493749482,60,1,1.0,0.9523809523809523,0.975609756097561,True,63,60,0.9265520044805899,0.9559866554507725,0.046328733970564584,"[-0.3552398749143768, 0.030080861269551562]",0.3565111876840614
500,104,40,0.03197512493749482,60,2,0.0,0.0,0.0,False,61,60,,,,,
500,104,40,0.03197512493749482,60,3,0.0,0.0,0.0,False,53,60,,,,,
500,104,40,0.03197512493749482,60,4,0.0,0.0,0.0,False,49,60,,,,,
500,104,40,0.03197512493749482,60,5,0.0,0.0,0.0,False,42,60,,,,,
500,104,40,0.03197512493749482,60,6,0.0,0.0,0.0,False,28,60,,,,,
500,105,29,0.8034551967595482,42,0,0.0,0.0,0.0,False,62,42,,,,,
500,105,29,0.8034551967595482,42,1,0.0,0.0,0.0,False,61,42,,,,,
500,105,29,0.8034551967595482,42,2,0.0,0.0,0.0,False,52,42,,,,,
500,105,29,0.8034551967595482,42,3,0.0,0.0,0.0,False,48,42,,,,,
500,105,29,0.8034551967595482,42,4,0.0,0.0,0.0,False,45,42,,,,,
500,105,29,0.8034551967595482,42,5,0.9761904761904762,1.0,0.9879518072289156,True,41,42,0.8604065604506332,0.9369337085176027,0.08805124332099193,"[-0.24231958452449476, 0.06680207014589001]",0.2513589020104523
500,105,29,0.8034551967595482,42,6,0.0,0.0,0.0,False,31,42,,,,,
500,105,29,0.8034551967595482,42,7,0.023809523809523808,0.034482758620689655,0.028169014084507043,False,29,42,,,,,
500,105,29,0.8034551967595482,42,8,0.0,0.0,0.0,False,13,42,,,,,
500,105,30,0.16456967830295702,42,0,0.0,0.0,0.0,False,62,42,,,,,
500,105,30,0.16456967830295702,42,1,0.0,0.0,0.0,False,61,42,,,,,
500,105,30,0.16456967830295702,42,2,0.0,0.0,0.0,False,52,42,,,,,
500,105,30,0.16456967830295702,42,3,0.0,0.0,0.0,False,48,42,,,,,
500,105,30,0.16456967830295702,42,4,0.0,0.0,0.0,False,45,42,,,,,
500,105,30,0.16456967830295702,42,5,0.9761904761904762,1.0,0.9879518072289156,True,41,42,0.8604065604506332,0.9369337085176027,0.08805124332099193,"[-0.24231958452449476, 0.06680207014589001]",0.2513589020104523
500,105,30,0.16456967830295702,42,6,0.0,0.0,0.0,False,31,42,,,,,
500,105,30,0.16456967830295702,42,7,0.023809523809523808,0.034482758620689655,0.028169014084507043,False,29,42,,,,,
500,105,30,0.16456967830295702,42,8,0.0,0.0,0.0,False,13,42,,,,,
500,105,40,0.03197512493749482,63,0,0.9841269841269841,1.0,0.992,True,62,63,0.9202275140157603,0.9632910056063041,0.05031802781272303,"[23.75559592151991, 0.0430324525217074]",23.755634897398625
500,105,40,0.03197512493749482,63,1,0.0,0.0,0.0,False,61,63,,,,,
500,105,40,0.03197512493749482,63,2,0.015873015873015872,0.019230769230769232,0.017391304347826087,False,52,63,,,,,
500,105,40,0.03197512493749482,63,3,0.0,0.0,0.0,False,48,63,,,,,
500,105,40,0.03197512493749482,63,4,0.0,0.0,0.0,False,45,63,,,,,
500,105,40,0.03197512493749482,63,5,0.0,0.0,0.0,False,41,63,,,,,
500,105,40,0.03197512493749482,63,6,0.0,0.0,0.0,False,31,63,,,,,
500,105,40,0.03197512493749482,63,7,0.0,0.0,0.0,False,29,63,,,,,
500,105,40,0.03197512493749482,63,8,0.0,0.0,0.0,False,13,63,,,,,
500,106,29,0.8034551967595482,41,0,0.0,0.0,0.0,False,63,41,,,,,
500,106,29,0.8034551967595482,41,1,0.0,0.0,0.0,False,61,41,,,,,
500,106,29,0.8034551967595482,41,2,0.0,0.0,0.0,False,51,41,,,,,
500,106,29,0.8034551967595482,41,3,0.024390243902439025,0.02040816326530612,0.022222222222222223,False,49,41,,,,,
500,106,29,0.8034551967595482,41,4,0.975609756097561,0.975609756097561,0.975609756097561,True,41,41,0.8636388967746649,0.9308214123684025,0.08601238509755849,"[-0.3135623855683569, -0.12164805045216909]",0.336332599999067
500,106,29,0.8034551967595482,41,5,0.0,0.0,0.0,False,39,41,,,,,
500,106,29,0.8034551967595482,41,6,0.0,0.0,0.0,False,30,41,,,,,
500,106,29,0.8034551967595482,41,7,0.0,0.0,0.0,False,28,41,,,,,
500,106,29,0.8034551967595482,41,8,0.0,0.0,0.0,False,20,41,,,,,
500,106,30,0.16456967830295702,41,0,0.0,0.0,0.0,False,63,41,,,,,
500,106,30,0.16456967830295702,41,1,0.0,0.0,0.0,False,61,41,,,,,
500,106,30,0.16456967830295702,41,2,0.0,0.0,0.0,False,51,41,,,,,
500,106,30,0.16456967830295702,41,3,0.024390243902439025,0.02040816326530612,0.022222222222222223,False,49,41,,,,,
500,106,30,0.16456967830295702,41,4,0.975609756097561,0.975609756097561,0.975609756097561,True,41,41,0.8636388967746649,0.9308214123684025,0.08601238509755849,"[-0.3135623855683569, -0.12164805045216909]",0.336332599999067
500,106,30,0.16456967830295702,41,5,0.0,0.0,0.0,False,39,41,,,,,
500,106,30,0.16456967830295702,41,6,0.0,0.0,0.0,False,30,41,,,,,
500,106,30,0.16456967830295702,41,7,0.0,0.0,0.0,False,28,41,,,,,
500,106,30,0.16456967830295702,41,8,0.0,0.0,0.0,False,20,41,,,,,
500,106,40,0.03197512493749482,62,0,1.0,0.9841269841269841,0.992,True,63,62,0.9378897784636074,0.970355911385443,0.03917721525364066,"[-0.2400403659643544, -0.04747689696615254]",0.24469048415873443
500,106,40,0.03197512493749482,62,1,0.0,0.0,0.0,False,61,62,,,,,
500,106,40,0.03197512493749482,62,2,0.0,0.0,0.0,False,51,62,,,,,
500,106,40,0.03197512493749482,62,3,0.0,0.0,0.0,False,49,62,,,,,
500,106,40,0.03197512493749482,62,4,0.0,0.0,0.0,False,41,62,,,,,
500,106,40,0.03197512493749482,62,5,0.0,0.0,0.0,False,39,62,,,,,
500,106,40,0.03197512493749482,62,6,0.0,0.0,0.0,False,30,62,,,,,
500,106,40,0.03197512493749482,62,7,0.0,0.0,0.0,False,28,62,,,,,
500,106,40,0.03197512493749482,62,8,0.0,0.0,0.0,False,20,62,,,,,
500,107,29,0.8034551967595482,41,0,0.0,0.0,0.0,False,63,41,,,,,
500,107,29,0.8034551967595482,41,1,0.0,0.0,0.0,False,58,41,,,,,
500,107,29,0.8034551967595482,41,2,0.0,0.0,0.0,False,51,41,,,,,
500,107,29,0.8034551967595482,41,3,0.0,0.0,0.0,False,49,41,,,,,
500,107,29,0.8034551967595482,41,4,0.975609756097561,1.0,0.9876543209876543,True,40,41,0.8855843362363509,0.9468263270871329,0.07216987762682839,"[-0.2342746233899291, 0.07410097239188218]",0.24571437335637408
500,107,29,0.8034551967595482,41,5,0.0,0.0,0.0,False,40,41,,,,,
500,107,29,0.8034551967595482,41,6,0.0,0.0,0.0,False,37,41,,,,,
500,107,29,0.8034551967595482,41,7,0.024390243902439025,0.034482758620689655,0.02857142857142857,False,29,41,,,,,
500,107,29,0.8034551967595482,41,8,0.0,0.0,0.0,False,20,41,,,,,
500,107,30,0.16456967830295702,41,0,0.0,0.0,0.0,False,63,41,,,,,
500,107,30,0.16456967830295702,41,1,0.0,0.0,0.0,False,58,41,,,,,
500,107,30,0.16456967830295702,41,2,0.0,0.0,0.0,False,51,41,,,,,
500,107,30,0.16456967830295702,41,3,0.0,0.0,0.0,False,49,41,,,,,
500,107,30,0.16456967830295702,41,4,0.975609756097561,1.0,0.9876543209876543,True,40,41,0.8855843362363509,0.9468263270871329,0.07216987762682839,"[-0.2342746233899291, 0.07410097239188218]",0.24571437335637408
500,107,30,0.16456967830295702,41,5,0.0,0.0,0.0,False,40,41,,,,,
500,107,30,0.16456967830295702,41,6,0.0,0.0,0.0,False,37,41,,,,,
500,107,30,0.16456967830295702,41,7,0.024390243902439025,0.034482758620689655,0.02857142857142857,False,29,41,,,,,
500,107,30,0.16456967830295702,41,8,0.0,0.0,0.0,False,20,41,,,,,
500,107,40,0.03197512493749482,63,0,1.0,1.0,1.0,True,63,63,0.9470260214701172,0.9788104085880469,0.03341435448738379,"[-0.23999999999999844, 0.004444444444445139]",0.2400411487358345
500,107,40,0.03197512493749482,63,1,0.0,0.0,0.0,False,58,63,,,,,
500,107,40,0.03197512493749482,63,2,0.0,0.0,0.0,False,51,63,,,,,
500,107,40,0.03197512493749482,63,3,0.0,0.0,0.0,False,49,63,,,,,
500,107,40,0.03197512493749482,63,4,0.0,0.0,0.0,False,40,63,,,,,
500,107,40,0.03197512493749482,63,5,0.0,0.0,0.0,False,40,63,,,,,
500,107,40,0.03197512493749482,63,6,0.0,0.0,0.0,False,37,63,,,,,
500,107,40,0.03197512493749482,63,7,0.0,0.0,0.0,False,29,63,,,,,
500,107,40,0.03197512493749482,63,8,0.0,0.0,0.0,False,20,63,,,,,
