seed,t,hid,hyp_prob_prior,hyp_size_prior,cand_idx,r_retain,r_purity,dice,passes_gate,cand_size,prev_size,R_F,score,D_deform,bulk_delta,bulk_speed
503,2,0,1.0,45,0,0.0,0.0,0.0,False,42,45,,,,,
503,2,0,1.0,45,1,0.7777777777777778,0.8536585365853658,0.813953488372093,True,41,45,0.6230132828337376,0.7375774061567508,0.22081324319108225,"[0.17324407771814698, -0.05564035407642631]",0.18195977430784377
503,2,0,1.0,45,2,0.0,0.0,0.0,False,36,45,,,,,
503,2,0,1.0,45,3,0.0,0.0,0.0,False,33,45,,,,,
503,2,0,1.0,45,4,0.2222222222222222,0.3125,0.2597402597402597,False,32,45,,,,,
503,2,0,1.0,45,5,0.0,0.0,0.0,False,30,45,,,,,
503,2,0,1.0,45,6,0.0,0.0,0.0,False,30,45,,,,,
503,2,0,1.0,45,7,0.0,0.0,0.0,False,30,45,,,,,
503,2,0,1.0,45,8,0.0,0.0,0.0,False,29,45,,,,,
503,2,0,1.0,45,9,0.0,0.0,0.0,False,28,45,,,,,
503,2,0,1.0,45,10,0.0,0.0,0.0,False,19,45,,,,,
503,2,0,1.0,45,11,0.0,0.0,0.0,False,17,45,,,,,
503,2,0,1.0,45,12,0.0,0.0,0.0,False,17,45,,,,,
503,2,0,1.0,45,13,0.0,0.0,0.0,False,16,45,,,,,
503,3,0,1.0,41,0,0.6341463414634146,0.7428571428571429,0.6842105263157895,True,35,41,0.48266755714804865,0.6035933386486931,0.3030182478915405,"[-0.4002237857001578, 1.8966889646554979]",1.9384550826073093
503,3,0,1.0,41,1,0.0,0.0,0.0,False,35,41,,,,,
503,3,0,1.0,41,2,0.0,0.0,0.0,False,34,41,,,,,
503,3,0,1.0,41,3,0.0,0.0,0.0,False,32,41,,,,,
503,3,0,1.0,41,4,0.0,0.0,0.0,False,31,41,,,,,
503,3,0,1.0,41,5,0.0,0.0,0.0,False,31,41,,,,,
503,3,0,1.0,41,6,0.36585365853658536,0.5172413793103449,0.42857142857142855,True,29,41,0.5051306355300186,0.45919511135486457,0.28986090052698954,"[0.6234072653018536, -4.144543465121794]",4.191166562272955
503,3,0,1.0,41,7,0.0,0.0,0.0,False,28,41,,,,,
503,3,0,1.0,41,8,0.0,0.0,0.0,False,28,41,,,,,
503,3,0,1.0,41,9,0.0,0.0,0.0,False,27,41,,,,,
503,3,0,1.0,41,10,0.0,0.0,0.0,False,21,41,,,,,
503,3,0,1.0,41,11,0.0,0.0,0.0,False,19,41,,,,,
503,3,0,1.0,41,12,0.0,0.0,0.0,False,18,41,,,,,
503,3,0,1.0,41,13,0.0,0.0,0.0,False,16,41,,,,,
503,3,0,1.0,41,14,0.0,0.0,0.0,False,16,41,,,,,
503,4,1,0.6405133468976208,35,0,0.05714285714285714,0.047619047619047616,0.05194805194805195,False,42,35,,,,,
503,4,1,0.6405133468976208,35,1,0.05714285714285714,0.05,0.05333333333333334,False,40,35,,,,,
503,4,1,0.6405133468976208,35,2,0.0,0.0,0.0,False,38,35,,,,,
503,4,1,0.6405133468976208,35,3,0.0,0.0,0.0,False,32,35,,,,,
503,4,1,0.6405133468976208,35,4,0.0,0.0,0.0,False,32,35,,,,,
503,4,1,0.6405133468976208,35,5,0.0,0.0,0.0,False,31,35,,,,,
503,4,1,0.6405133468976208,35,6,0.4,0.4666666666666667,0.4307692307692308,True,30,35,0.4210975247325982,0.42690054835457775,0.3390817958150067,"[-0.0034686408178838946, 0.36515279699679937]",0.36516927119311293
503,4,1,0.6405133468976208,35,7,0.02857142857142857,0.03333333333333333,0.03076923076923077,False,30,35,,,,,
503,4,1,0.6405133468976208,35,8,0.0,0.0,0.0,False,29,35,,,,,
503,4,1,0.6405133468976208,35,9,0.0,0.0,0.0,False,28,35,,,,,
503,4,1,0.6405133468976208,35,10,0.0,0.0,0.0,False,22,35,,,,,
503,4,1,0.6405133468976208,35,11,0.45714285714285713,1.0,0.6274509803921569,True,16,35,0.4948904657407436,0.5744267745315915,0.29585889727073134,"[0.18824617794954257, -0.3520684248250685]",0.39923526807061493
503,4,1,0.6405133468976208,35,12,0.0,0.0,0.0,False,15,35,,,,,
503,4,1,0.6405133468976208,35,13,0.0,0.0,0.0,False,15,35,,,,,
503,4,2,0.35948665310237915,29,0,0.0,0.0,0.0,False,42,29,,,,,
503,4,2,0.35948665310237915,29,1,0.0,0.0,0.0,False,40,29,,,,,
503,4,2,0.35948665310237915,29,2,0.0,0.0,0.0,False,38,29,,,,,
503,4,2,0.35948665310237915,29,3,0.0,0.0,0.0,False,32,29,,,,,
503,4,2,0.35948665310237915,29,4,0.0,0.0,0.0,False,32,29,,,,,
503,4,2,0.35948665310237915,29,5,0.0,0.0,0.0,False,31,29,,,,,
503,4,2,0.35948665310237915,29,6,0.0,0.0,0.0,False,30,29,,,,,
503,4,2,0.35948665310237915,29,7,1.0,0.9666666666666667,0.9830508474576272,True,30,29,0.7450586869286775,0.8878539832460473,0.14932732533874465,"[0.09141641759389785, 0.12229948973090687]",0.1526896414107457
503,4,2,0.35948665310237915,29,8,0.0,0.0,0.0,False,29,29,,,,,
503,4,2,0.35948665310237915,29,9,0.0,0.0,0.0,False,28,29,,,,,
503,4,2,0.35948665310237915,29,10,0.0,0.0,0.0,False,22,29,,,,,
503,4,2,0.35948665310237915,29,11,0.0,0.0,0.0,False,16,29,,,,,
503,4,2,0.35948665310237915,29,12,0.0,0.0,0.0,False,15,29,,,,,
503,4,2,0.35948665310237915,29,13,0.0,0.0,0.0,False,15,29,,,,,
503,5,4,0.4120993796776004,16,0,0.0,0.0,0.0,False,38,16,,,,,
503,5,4,0.4120993796776004,16,1,0.0,0.0,0.0,False,34,16,,,,,
503,5,4,0.4120993796776004,16,2,0.0,0.0,0.0,False,32,16,,,,,
503,5,4,0.4120993796776004,16,3,0.0,0.0,0.0,False,31,16,,,,,
503,5,4,0.4120993796776004,16,4,0.0,0.0,0.0,False,31,16,,,,,
503,5,4,0.4120993796776004,16,5,0.0,0.0,0.0,False,29,16,,,,,
503,5,4,0.4120993796776004,16,6,0.0,0.0,0.0,False,28,16,,,,,
503,5,4,0.4120993796776004,16,7,0.0,0.0,0.0,False,27,16,,,,,
503,5,4,0.4120993796776004,16,8,0.0,0.0,0.0,False,27,16,,,,,
503,5,4,0.4120993796776004,16,9,0.0,0.0,0.0,False,27,16,,,,,
503,5,4,0.4120993796776004,16,10,0.0,0.0,0.0,False,20,16,,,,,
503,5,4,0.4120993796776004,16,11,1.0,0.9411764705882353,0.9696969696969697,True,17,16,0.7360445378641935,0.8762359969638592,0.1546072023182264,"[0.2304633765217261, -0.04001054782500013]",0.23391069204944762
503,5,4,0.4120993796776004,16,12,0.0,0.0,0.0,False,17,16,,,,,
503,5,4,0.4120993796776004,16,13,0.0,0.0,0.0,False,15,16,,,,,
503,5,4,0.4120993796776004,16,14,0.0,0.0,0.0,False,14,16,,,,,
503,5,4,0.4120993796776004,16,15,0.0,0.0,0.0,False,13,16,,,,,
503,5,2,0.35948665310237915,30,0,0.0,0.0,0.0,False,38,30,,,,,
503,5,2,0.35948665310237915,30,1,0.0,0.0,0.0,False,34,30,,,,,
503,5,2,0.35948665310237915,30,2,0.0,0.0,0.0,False,32,30,,,,,
503,5,2,0.35948665310237915,30,3,0.0,0.0,0.0,False,31,30,,,,,
503,5,2,0.35948665310237915,30,4,0.0,0.0,0.0,False,31,30,,,,,
503,5,2,0.35948665310237915,30,5,0.9666666666666667,1.0,0.9830508474576272,True,29,30,0.719395478028106,0.8775886996858187,0.16435909205620758,"[0.014790478957827702, -0.09333397248952746]",0.09449861738923916
503,5,2,0.35948665310237915,30,6,0.0,0.0,0.0,False,28,30,,,,,
503,5,2,0.35948665310237915,30,7,0.0,0.0,0.0,False,27,30,,,,,
503,5,2,0.35948665310237915,30,8,0.0,0.0,0.0,False,27,30,,,,,
503,5,2,0.35948665310237915,30,9,0.0,0.0,0.0,False,27,30,,,,,
503,5,2,0.35948665310237915,30,10,0.0,0.0,0.0,False,20,30,,,,,
503,5,2,0.35948665310237915,30,11,0.03333333333333333,0.058823529411764705,0.0425531914893617,False,17,30,,,,,
503,5,2,0.35948665310237915,30,12,0.0,0.0,0.0,False,17,30,,,,,
503,5,2,0.35948665310237915,30,13,0.0,0.0,0.0,False,15,30,,,,,
503,5,2,0.35948665310237915,30,14,0.0,0.0,0.0,False,14,30,,,,,
503,5,2,0.35948665310237915,30,15,0.0,0.0,0.0,False,13,30,,,,,
503,5,3,0.22841396722002041,30,0,0.0,0.0,0.0,False,38,30,,,,,
503,5,3,0.22841396722002041,30,1,0.0,0.0,0.0,False,34,30,,,,,
503,5,3,0.22841396722002041,30,2,0.0,0.0,0.0,False,32,30,,,,,
503,5,3,0.22841396722002041,30,3,0.0,0.0,0.0,False,31,30,,,,,
503,5,3,0.22841396722002041,30,4,0.0,0.0,0.0,False,31,30,,,,,
503,5,3,0.22841396722002041,30,5,0.0,0.0,0.0,False,29,30,,,,,
503,5,3,0.22841396722002041,30,6,0.0,0.0,0.0,False,28,30,,,,,
503,5,3,0.22841396722002041,30,7,0.9,1.0,0.9473684210526315,True,27,30,0.7543639732803253,0.8701666419437091,0.1438769198879264,"[0.15519050651367472, -0.1678732210944247]",0.22861651662246216
503,5,3,0.22841396722002041,30,8,0.06666666666666667,0.07407407407407407,0.07017543859649122,False,27,30,,,,,
503,5,3,0.22841396722002041,30,9,0.03333333333333333,0.037037037037037035,0.03508771929824561,False,27,30,,,,,
503,5,3,0.22841396722002041,30,10,0.0,0.0,0.0,False,20,30,,,,,
503,5,3,0.22841396722002041,30,11,0.0,0.0,0.0,False,17,30,,,,,
503,5,3,0.22841396722002041,30,12,0.0,0.0,0.0,False,17,30,,,,,
503,5,3,0.22841396722002041,30,13,0.0,0.0,0.0,False,15,30,,,,,
503,5,3,0.22841396722002041,30,14,0.0,0.0,0.0,False,14,30,,,,,
503,5,3,0.22841396722002041,30,15,0.0,0.0,0.0,False,13,30,,,,,
503,6,4,0.4120993796776004,17,0,0.0,0.0,0.0,False,46,17,,,,,
503,6,4,0.4120993796776004,17,1,0.0,0.0,0.0,False,43,17,,,,,
503,6,4,0.4120993796776004,17,2,0.0,0.0,0.0,False,37,17,,,,,
503,6,4,0.4120993796776004,17,3,0.0,0.0,0.0,False,34,17,,,,,
503,6,4,0.4120993796776004,17,4,0.0,0.0,0.0,False,30,17,,,,,
503,6,4,0.4120993796776004,17,5,0.0,0.0,0.0,False,29,17,,,,,
503,6,4,0.4120993796776004,17,6,0.0,0.0,0.0,False,29,17,,,,,
503,6,4,0.4120993796776004,17,7,0.0,0.0,0.0,False,27,17,,,,,
503,6,4,0.4120993796776004,17,8,0.0,0.0,0.0,False,22,17,,,,,
503,6,4,0.4120993796776004,17,9,0.0,0.0,0.0,False,20,17,,,,,
503,6,4,0.4120993796776004,17,10,0.0,0.0,0.0,False,20,17,,,,,
503,6,4,0.4120993796776004,17,11,1.0,1.0,1.0,True,17,17,0.7740874984263184,0.9096349993705274,0.13232421695084434,"[0.032941176470588474, 0.04941176470588271]",0.05938555041940731
503,6,4,0.4120993796776004,17,12,0.0,0.0,0.0,False,16,17,,,,,
503,6,4,0.4120993796776004,17,13,0.0,0.0,0.0,False,16,17,,,,,
503,6,4,0.4120993796776004,17,14,0.0,0.0,0.0,False,14,17,,,,,
503,6,2,0.35948665310237915,29,0,0.0,0.0,0.0,False,46,29,,,,,
503,6,2,0.35948665310237915,29,1,0.06896551724137931,0.046511627906976744,0.05555555555555555,False,43,29,,,,,
503,6,2,0.35948665310237915,29,2,0.0,0.0,0.0,False,37,29,,,,,
503,6,2,0.35948665310237915,29,3,0.0,0.0,0.0,False,34,29,,,,,
503,6,2,0.35948665310237915,29,4,0.0,0.0,0.0,False,30,29,,,,,
503,6,2,0.35948665310237915,29,5,0.0,0.0,0.0,False,29,29,,,,,
503,6,2,0.35948665310237915,29,6,0.0,0.0,0.0,False,29,29,,,,,
503,6,2,0.35948665310237915,29,7,0.0,0.0,0.0,False,27,29,,,,,
503,6,2,0.35948665310237915,29,8,0.0,0.0,0.0,False,22,29,,,,,
503,6,2,0.35948665310237915,29,9,0.41379310344827586,0.6,0.4897959183673469,True,20,29,0.5026538970812368,0.49493910985290285,0.29131160588213434,"[0.1672788514391783, 20.814824469796484]",20.815496629256227
503,6,2,0.35948665310237915,29,10,0.0,0.0,0.0,False,20,29,,,,,
503,6,2,0.35948665310237915,29,11,0.0,0.0,0.0,False,17,29,,,,,
503,6,2,0.35948665310237915,29,12,0.5172413793103449,0.9375,0.6666666666666666,True,16,29,0.43583816454709245,0.574335265818837,0.3304477290536716,"[-0.1535532621544231, 0.6131012199435704]",0.6320377442958286
503,6,2,0.35948665310237915,29,13,0.0,0.0,0.0,False,16,29,,,,,
503,6,2,0.35948665310237915,29,14,0.0,0.0,0.0,False,14,29,,,,,
503,6,3,0.22841396722002041,27,0,1.0,0.5869565217391305,0.7397260273972602,True,46,27,0.5720196328680331,0.6726434695855694,0.2506818638038133,"[-0.017063981084330493, -0.08059830648809019]",0.08238486790178466
503,6,3,0.22841396722002041,27,1,0.0,0.0,0.0,False,43,27,,,,,
503,6,3,0.22841396722002041,27,2,0.0,0.0,0.0,False,37,27,,,,,
503,6,3,0.22841396722002041,27,3,0.0,0.0,0.0,False,34,27,,,,,
503,6,3,0.22841396722002041,27,4,0.0,0.0,0.0,False,30,27,,,,,
503,6,3,0.22841396722002041,27,5,0.0,0.0,0.0,False,29,27,,,,,
503,6,3,0.22841396722002041,27,6,0.0,0.0,0.0,False,29,27,,,,,
503,6,3,0.22841396722002041,27,7,0.0,0.0,0.0,False,27,27,,,,,
503,6,3,0.22841396722002041,27,8,0.0,0.0,0.0,False,22,27,,,,,
503,6,3,0.22841396722002041,27,9,0.0,0.0,0.0,False,20,27,,,,,
503,6,3,0.22841396722002041,27,10,0.0,0.0,0.0,False,20,27,,,,,
503,6,3,0.22841396722002041,27,11,0.0,0.0,0.0,False,17,27,,,,,
503,6,3,0.22841396722002041,27,12,0.0,0.0,0.0,False,16,27,,,,,
503,6,3,0.22841396722002041,27,13,0.0,0.0,0.0,False,16,27,,,,,
503,6,3,0.22841396722002041,27,14,0.0,0.0,0.0,False,14,27,,,,,
503,7,4,0.4120993796776004,17,0,0.7058823529411765,0.24,0.3582089552238806,True,50,17,0.30104046938699003,0.33534156088912437,0.40940307386455455,"[-2.6866285959101974, 3.00992757787201]",4.034555395133008
503,7,4,0.4120993796776004,17,1,0.11764705882352941,0.05555555555555555,0.07547169811320754,False,36,17,,,,,
503,7,4,0.4120993796776004,17,2,0.0,0.0,0.0,False,33,17,,,,,
503,7,4,0.4120993796776004,17,3,0.0,0.0,0.0,False,31,17,,,,,
503,7,4,0.4120993796776004,17,4,0.0,0.0,0.0,False,30,17,,,,,
503,7,4,0.4120993796776004,17,5,0.0,0.0,0.0,False,30,17,,,,,
503,7,4,0.4120993796776004,17,6,0.0,0.0,0.0,False,29,17,,,,,
503,7,4,0.4120993796776004,17,7,0.0,0.0,0.0,False,28,17,,,,,
503,7,4,0.4120993796776004,17,8,0.0,0.0,0.0,False,21,17,,,,,
503,7,4,0.4120993796776004,17,9,0.0,0.0,0.0,False,21,17,,,,,
503,7,4,0.4120993796776004,17,10,0.0,0.0,0.0,False,21,17,,,,,
503,7,4,0.4120993796776004,17,11,0.17647058823529413,0.16666666666666666,0.17142857142857143,False,18,17,,,,,
503,7,4,0.4120993796776004,17,12,0.0,0.0,0.0,False,17,17,,,,,
503,7,4,0.4120993796776004,17,13,0.0,0.0,0.0,False,14,17,,,,,
503,7,4,0.4120993796776004,17,14,0.0,0.0,0.0,False,13,17,,,,,
503,7,3,0.22841396722002041,46,0,0.717391304347826,0.66,0.6875,True,50,46,0.4587711792369209,0.5960084716947683,0.3170151248816354,"[-0.3696357495798006, -0.44942089948646036]",0.5819018235601605
503,7,3,0.22841396722002041,46,1,0.0,0.0,0.0,False,36,46,,,,,
503,7,3,0.22841396722002041,46,2,0.0,0.0,0.0,False,33,46,,,,,
503,7,3,0.22841396722002041,46,3,0.0,0.0,0.0,False,31,46,,,,,
503,7,3,0.22841396722002041,46,4,0.0,0.0,0.0,False,30,46,,,,,
503,7,3,0.22841396722002041,46,5,0.0,0.0,0.0,False,30,46,,,,,
503,7,3,0.22841396722002041,46,6,0.0,0.0,0.0,False,29,46,,,,,
503,7,3,0.22841396722002041,46,7,0.0,0.0,0.0,False,28,46,,,,,
503,7,3,0.22841396722002041,46,8,0.0,0.0,0.0,False,21,46,,,,,
503,7,3,0.22841396722002041,46,9,0.0,0.0,0.0,False,21,46,,,,,
503,7,3,0.22841396722002041,46,10,0.0,0.0,0.0,False,21,46,,,,,
503,7,3,0.22841396722002041,46,11,0.0,0.0,0.0,False,18,46,,,,,
503,7,3,0.22841396722002041,46,12,0.0,0.0,0.0,False,17,46,,,,,
503,7,3,0.22841396722002041,46,13,0.0,0.0,0.0,False,14,46,,,,,
503,7,3,0.22841396722002041,46,14,0.2826086956521739,1.0,0.4406779661016949,False,13,46,,,,,
503,7,6,0.20804768575403332,16,0,0.0,0.0,0.0,False,50,16,,,,,
503,7,6,0.20804768575403332,16,1,0.0,0.0,0.0,False,36,16,,,,,
503,7,6,0.20804768575403332,16,2,0.0,0.0,0.0,False,33,16,,,,,
503,7,6,0.20804768575403332,16,3,0.0,0.0,0.0,False,31,16,,,,,
503,7,6,0.20804768575403332,16,4,0.0,0.0,0.0,False,30,16,,,,,
503,7,6,0.20804768575403332,16,5,0.0,0.0,0.0,False,30,16,,,,,
503,7,6,0.20804768575403332,16,6,0.0,0.0,0.0,False,29,16,,,,,
503,7,6,0.20804768575403332,16,7,0.0,0.0,0.0,False,28,16,,,,,
503,7,6,0.20804768575403332,16,8,0.0,0.0,0.0,False,21,16,,,,,
503,7,6,0.20804768575403332,16,9,0.0,0.0,0.0,False,21,16,,,,,
503,7,6,0.20804768575403332,16,10,0.0625,0.047619047619047616,0.05405405405405406,False,21,16,,,,,
503,7,6,0.20804768575403332,16,11,0.9375,0.8333333333333334,0.8823529411764706,True,18,16,0.6533698924000109,0.7907597216658867,0.2030324007757301,"[-0.03572711220608227, 0.31052081245817886]",0.3125693547299119
503,7,6,0.20804768575403332,16,12,0.0,0.0,0.0,False,17,16,,,,,
503,7,6,0.20804768575403332,16,13,0.0,0.0,0.0,False,14,16,,,,,
503,7,6,0.20804768575403332,16,14,0.0,0.0,0.0,False,13,16,,,,,
503,7,5,0.15143896734834583,20,0,0.0,0.0,0.0,False,50,20,,,,,
503,7,5,0.15143896734834583,20,1,0.0,0.0,0.0,False,36,20,,,,,
503,7,5,0.15143896734834583,20,2,0.0,0.0,0.0,False,33,20,,,,,
503,7,5,0.15143896734834583,20,3,1.0,0.6451612903225806,0.7843137254901961,True,31,20,0.51267407301941,0.6756578645018817,0.285442466611433,"[0.5134282752781534, -0.06945144516990709]",0.5181043303151286
503,7,5,0.15143896734834583,20,4,0.0,0.0,0.0,False,30,20,,,,,
503,7,5,0.15143896734834583,20,5,0.0,0.0,0.0,False,30,20,,,,,
503,7,5,0.15143896734834583,20,6,0.0,0.0,0.0,False,29,20,,,,,
503,7,5,0.15143896734834583,20,7,0.0,0.0,0.0,False,28,20,,,,,
503,7,5,0.15143896734834583,20,8,0.0,0.0,0.0,False,21,20,,,,,
503,7,5,0.15143896734834583,20,9,0.0,0.0,0.0,False,21,20,,,,,
503,7,5,0.15143896734834583,20,10,0.0,0.0,0.0,False,21,20,,,,,
503,7,5,0.15143896734834583,20,11,0.0,0.0,0.0,False,18,20,,,,,
503,7,5,0.15143896734834583,20,12,0.0,0.0,0.0,False,17,20,,,,,
503,7,5,0.15143896734834583,20,13,0.0,0.0,0.0,False,14,20,,,,,
503,7,5,0.15143896734834583,20,14,0.0,0.0,0.0,False,13,20,,,,,
503,8,4,0.4120993796776004,50,0,0.46,0.6571428571428571,0.5411764705882353,True,35,50,0.3920802882164761,0.4815379976395316,0.35607812436400904,"[0.051056242581734246, 0.12475372785342209]",0.13479700486246196
503,8,4,0.4120993796776004,50,1,0.0,0.0,0.0,False,35,50,,,,,
503,8,4,0.4120993796776004,50,2,0.0,0.0,0.0,False,33,50,,,,,
503,8,4,0.4120993796776004,50,3,0.0,0.0,0.0,False,31,50,,,,,
503,8,4,0.4120993796776004,50,4,0.0,0.0,0.0,False,30,50,,,,,
503,8,4,0.4120993796776004,50,5,0.06,0.10344827586206896,0.0759493670886076,False,29,50,,,,,
503,8,4,0.4120993796776004,50,6,0.0,0.0,0.0,False,25,50,,,,,
503,8,4,0.4120993796776004,50,7,0.0,0.0,0.0,False,24,50,,,,,
503,8,4,0.4120993796776004,50,8,0.0,0.0,0.0,False,21,50,,,,,
503,8,4,0.4120993796776004,50,9,0.0,0.0,0.0,False,21,50,,,,,
503,8,4,0.4120993796776004,50,10,0.14,0.3333333333333333,0.19718309859154928,False,21,50,,,,,
503,8,4,0.4120993796776004,50,11,0.0,0.0,0.0,False,19,50,,,,,
503,8,4,0.4120993796776004,50,12,0.34,1.0,0.5074626865671642,True,17,50,0.42505986189848,0.4745015566996905,0.3367609275181297,"[0.11868119058545279, -0.34349799847427676]",0.36342275651727535
503,8,4,0.4120993796776004,50,13,0.0,0.0,0.0,False,16,50,,,,,
503,8,4,0.4120993796776004,50,14,0.0,0.0,0.0,False,16,50,,,,,
503,8,3,0.22841396722002041,50,0,0.46,0.6571428571428571,0.5411764705882353,True,35,50,0.3920802882164761,0.4815379976395316,0.35607812436400904,"[0.051056242581734246, 0.12475372785342209]",0.13479700486246196
503,8,3,0.22841396722002041,50,1,0.0,0.0,0.0,False,35,50,,,,,
503,8,3,0.22841396722002041,50,2,0.0,0.0,0.0,False,33,50,,,,,
503,8,3,0.22841396722002041,50,3,0.0,0.0,0.0,False,31,50,,,,,
503,8,3,0.22841396722002041,50,4,0.0,0.0,0.0,False,30,50,,,,,
503,8,3,0.22841396722002041,50,5,0.06,0.10344827586206896,0.0759493670886076,False,29,50,,,,,
503,8,3,0.22841396722002041,50,6,0.0,0.0,0.0,False,25,50,,,,,
503,8,3,0.22841396722002041,50,7,0.0,0.0,0.0,False,24,50,,,,,
503,8,3,0.22841396722002041,50,8,0.0,0.0,0.0,False,21,50,,,,,
503,8,3,0.22841396722002041,50,9,0.0,0.0,0.0,False,21,50,,,,,
503,8,3,0.22841396722002041,50,10,0.14,0.3333333333333333,0.19718309859154928,False,21,50,,,,,
503,8,3,0.22841396722002041,50,11,0.0,0.0,0.0,False,19,50,,,,,
503,8,3,0.22841396722002041,50,12,0.34,1.0,0.5074626865671642,True,17,50,0.42505986189848,0.4745015566996905,0.3367609275181297,"[0.11868119058545279, -0.34349799847427676]",0.36342275651727535
503,8,3,0.22841396722002041,50,13,0.0,0.0,0.0,False,16,50,,,,,
503,8,3,0.22841396722002041,50,14,0.0,0.0,0.0,False,16,50,,,,,
503,8,6,0.20804768575403332,18,0,0.0,0.0,0.0,False,35,18,,,,,
503,8,6,0.20804768575403332,18,1,0.0,0.0,0.0,False,35,18,,,,,
503,8,6,0.20804768575403332,18,2,0.0,0.0,0.0,False,33,18,,,,,
503,8,6,0.20804768575403332,18,3,0.05555555555555555,0.03225806451612903,0.04081632653061224,False,31,18,,,,,
503,8,6,0.20804768575403332,18,4,0.0,0.0,0.0,False,30,18,,,,,
503,8,6,0.20804768575403332,18,5,0.3888888888888889,0.2413793103448276,0.2978723404255319,True,29,18,0.5150033168279806,0.3847247309865114,0.2840781536101174,"[-4.567768023227475, 1.2567023680495502]",4.737489372640406
503,8,6,0.20804768575403332,18,6,0.0,0.0,0.0,False,25,18,,,,,
503,8,6,0.20804768575403332,18,7,0.0,0.0,0.0,False,24,18,,,,,
503,8,6,0.20804768575403332,18,8,0.0,0.0,0.0,False,21,18,,,,,
503,8,6,0.20804768575403332,18,9,0.0,0.0,0.0,False,21,18,,,,,
503,8,6,0.20804768575403332,18,10,0.0,0.0,0.0,False,21,18,,,,,
503,8,6,0.20804768575403332,18,11,0.0,0.0,0.0,False,19,18,,,,,
503,8,6,0.20804768575403332,18,12,0.0,0.0,0.0,False,17,18,,,,,
503,8,6,0.20804768575403332,18,13,0.0,0.0,0.0,False,16,18,,,,,
503,8,6,0.20804768575403332,18,14,0.0,0.0,0.0,False,16,18,,,,,
503,8,5,0.15143896734834583,31,0,0.0,0.0,0.0,False,35,31,,,,,
503,8,5,0.15143896734834583,31,1,0.0,0.0,0.0,False,35,31,,,,,
503,8,5,0.15143896734834583,31,2,0.0,0.0,0.0,False,33,31,,,,,
503,8,5,0.15143896734834583,31,3,0.0,0.0,0.0,False,31,31,,,,,
503,8,5,0.15143896734834583,31,4,0.0,0.0,0.0,False,30,31,,,,,
503,8,5,0.15143896734834583,31,5,0.0,0.0,0.0,False,29,31,,,,,
503,8,5,0.15143896734834583,31,6,0.0,0.0,0.0,False,25,31,,,,,
503,8,5,0.15143896734834583,31,7,0.12903225806451613,0.16666666666666666,0.14545454545454545,False,24,31,,,,,
503,8,5,0.15143896734834583,31,8,0.0,0.0,0.0,False,21,31,,,,,
503,8,5,0.15143896734834583,31,9,0.0,0.0,0.0,False,21,31,,,,,
503,8,5,0.15143896734834583,31,10,0.0,0.0,0.0,False,21,31,,,,,
503,8,5,0.15143896734834583,31,11,0.6129032258064516,1.0,0.76,True,19,31,0.5136450766323778,0.6614580306529511,0.28487371857027827,"[0.30008880756584233, -23.528748915736404]",23.530662524293557
503,8,5,0.15143896734834583,31,12,0.0,0.0,0.0,False,17,31,,,,,
503,8,5,0.15143896734834583,31,13,0.0,0.0,0.0,False,16,31,,,,,
503,8,5,0.15143896734834583,31,14,0.0,0.0,0.0,False,16,31,,,,,
503,9,7,0.20894921137488903,35,0,0.0,0.0,0.0,False,38,35,,,,,
503,9,7,0.20894921137488903,35,1,0.0,0.0,0.0,False,37,35,,,,,
503,9,7,0.20894921137488903,35,2,0.0,0.0,0.0,False,34,35,,,,,
503,9,7,0.20894921137488903,35,3,0.0,0.0,0.0,False,31,35,,,,,
503,9,7,0.20894921137488903,35,4,0.0,0.0,0.0,False,29,35,,,,,
503,9,7,0.20894921137488903,35,5,0.6571428571428571,0.8518518518518519,0.7419354838709677,True,27,35,0.5020753989876665,0.6459914499176472,0.2916504508185855,"[-0.10806386575923099, -0.37353766871335026]",0.3888549717190635
503,9,7,0.20894921137488903,35,6,0.02857142857142857,0.04,0.03333333333333333,False,25,35,,,,,
503,9,7,0.20894921137488903,35,7,0.0,0.0,0.0,False,23,35,,,,,
503,9,7,0.20894921137488903,35,8,0.0,0.0,0.0,False,20,35,,,,,
503,9,7,0.20894921137488903,35,9,0.0,0.0,0.0,False,19,35,,,,,
503,9,7,0.20894921137488903,35,10,0.0,0.0,0.0,False,18,35,,,,,
503,9,7,0.20894921137488903,35,11,0.0,0.0,0.0,False,18,35,,,,,
503,9,7,0.20894921137488903,35,12,0.0,0.0,0.0,False,17,35,,,,,
503,9,7,0.20894921137488903,35,13,0.0,0.0,0.0,False,17,35,,,,,
503,9,7,0.20894921137488903,35,14,0.0,0.0,0.0,False,15,35,,,,,
503,9,7,0.20894921137488903,35,15,0.3142857142857143,0.9166666666666666,0.46808510638297873,True,12,35,0.36630832140229963,0.42737439239070707,0.371173594088852,"[0.9401092939738476, 0.03833278690591335]",0.9408904756495202
503,9,6,0.20804768575403335,29,0,0.0,0.0,0.0,False,38,29,,,,,
503,9,6,0.20804768575403335,29,1,0.0,0.0,0.0,False,37,29,,,,,
503,9,6,0.20804768575403335,29,2,0.0,0.0,0.0,False,34,29,,,,,
503,9,6,0.20804768575403335,29,3,0.0,0.0,0.0,False,31,29,,,,,
503,9,6,0.20804768575403335,29,4,0.0,0.0,0.0,False,29,29,,,,,
503,9,6,0.20804768575403335,29,5,0.10344827586206896,0.1111111111111111,0.10714285714285714,False,27,29,,,,,
503,9,6,0.20804768575403335,29,6,0.0,0.0,0.0,False,25,29,,,,,
503,9,6,0.20804768575403335,29,7,0.0,0.0,0.0,False,23,29,,,,,
503,9,6,0.20804768575403335,29,8,0.0,0.0,0.0,False,20,29,,,,,
503,9,6,0.20804768575403335,29,9,0.0,0.0,0.0,False,19,29,,,,,
503,9,6,0.20804768575403335,29,10,0.27586206896551724,0.4444444444444444,0.3404255319148936,False,18,29,,,,,
503,9,6,0.20804768575403335,29,11,0.6206896551724138,1.0,0.7659574468085106,True,18,29,0.5069117361869377,0.6623391625598815,0.28881765259650444,"[-0.3879114787681335, 0.2690196020097382]",0.47206658600832785
503,9,6,0.20804768575403335,29,12,0.0,0.0,0.0,False,17,29,,,,,
503,9,6,0.20804768575403335,29,13,0.0,0.0,0.0,False,17,29,,,,,
503,9,6,0.20804768575403335,29,14,0.0,0.0,0.0,False,15,29,,,,,
503,9,6,0.20804768575403335,29,15,0.0,0.0,0.0,False,12,29,,,,,
503,9,8,0.2031501683027114,17,0,0.0,0.0,0.0,False,38,17,,,,,
503,9,8,0.2031501683027114,17,1,0.0,0.0,0.0,False,37,17,,,,,
503,9,8,0.2031501683027114,17,2,0.0,0.0,0.0,False,34,17,,,,,
503,9,8,0.2031501683027114,17,3,0.0,0.0,0.0,False,31,17,,,,,
503,9,8,0.2031501683027114,17,4,0.0,0.0,0.0,False,29,17,,,,,
503,9,8,0.2031501683027114,17,5,0.0,0.0,0.0,False,27,17,,,,,
503,9,8,0.2031501683027114,17,6,0.0,0.0,0.0,False,25,17,,,,,
503,9,8,0.2031501683027114,17,7,0.0,0.0,0.0,False,23,17,,,,,
503,9,8,0.2031501683027114,17,8,0.0,0.0,0.0,False,20,17,,,,,
503,9,8,0.2031501683027114,17,9,1.0,0.8947368421052632,0.9444444444444444,True,19,17,0.767325842609735,0.8735970037105607,0.13628473620050038,"[0.30866863761552565, -0.02314535109610283]",0.3095351920618826
503,9,8,0.2031501683027114,17,10,0.0,0.0,0.0,False,18,17,,,,,
503,9,8,0.2031501683027114,17,11,0.0,0.0,0.0,False,18,17,,,,,
503,9,8,0.2031501683027114,17,12,0.0,0.0,0.0,False,17,17,,,,,
503,9,8,0.2031501683027114,17,13,0.0,0.0,0.0,False,17,17,,,,,
503,9,8,0.2031501683027114,17,14,0.0,0.0,0.0,False,15,17,,,,,
503,9,8,0.2031501683027114,17,15,0.0,0.0,0.0,False,12,17,,,,,
503,9,5,0.15143896734834586,19,0,0.0,0.0,0.0,False,38,19,,,,,
503,9,5,0.15143896734834586,19,1,0.0,0.0,0.0,False,37,19,,,,,
503,9,5,0.15143896734834586,19,2,0.0,0.0,0.0,False,34,19,,,,,
503,9,5,0.15143896734834586,19,3,0.0,0.0,0.0,False,31,19,,,,,
503,9,5,0.15143896734834586,19,4,1.0,0.6551724137931034,0.7916666666666666,True,29,19,0.6042803725219776,0.7167121490087911,0.23178571116406677,"[0.6184284551493313, 0.2600378984573375]",0.6708751469330915
503,9,5,0.15143896734834586,19,5,0.0,0.0,0.0,False,27,19,,,,,
503,9,5,0.15143896734834586,19,6,0.0,0.0,0.0,False,25,19,,,,,
503,9,5,0.15143896734834586,19,7,0.0,0.0,0.0,False,23,19,,,,,
503,9,5,0.15143896734834586,19,8,0.0,0.0,0.0,False,20,19,,,,,
503,9,5,0.15143896734834586,19,9,0.0,0.0,0.0,False,19,19,,,,,
503,9,5,0.15143896734834586,19,10,0.0,0.0,0.0,False,18,19,,,,,
503,9,5,0.15143896734834586,19,11,0.0,0.0,0.0,False,18,19,,,,,
503,9,5,0.15143896734834586,19,12,0.0,0.0,0.0,False,17,19,,,,,
503,9,5,0.15143896734834586,19,13,0.0,0.0,0.0,False,17,19,,,,,
503,9,5,0.15143896734834586,19,14,0.0,0.0,0.0,False,15,19,,,,,
503,9,5,0.15143896734834586,19,15,0.0,0.0,0.0,False,12,19,,,,,
503,9,9,0.11581409890733502,35,0,0.0,0.0,0.0,False,38,35,,,,,
503,9,9,0.11581409890733502,35,1,0.0,0.0,0.0,False,37,35,,,,,
503,9,9,0.11581409890733502,35,2,0.0,0.0,0.0,False,34,35,,,,,
503,9,9,0.11581409890733502,35,3,0.0,0.0,0.0,False,31,35,,,,,
503,9,9,0.11581409890733502,35,4,0.0,0.0,0.0,False,29,35,,,,,
503,9,9,0.11581409890733502,35,5,0.6571428571428571,0.8518518518518519,0.7419354838709677,True,27,35,0.5020753989876665,0.6459914499176472,0.2916504508185855,"[-0.10806386575923099, -0.37353766871335026]",0.3888549717190635
503,9,9,0.11581409890733502,35,6,0.02857142857142857,0.04,0.03333333333333333,False,25,35,,,,,
503,9,9,0.11581409890733502,35,7,0.0,0.0,0.0,False,23,35,,,,,
503,9,9,0.11581409890733502,35,8,0.0,0.0,0.0,False,20,35,,,,,
503,9,9,0.11581409890733502,35,9,0.0,0.0,0.0,False,19,35,,,,,
503,9,9,0.11581409890733502,35,10,0.0,0.0,0.0,False,18,35,,,,,
503,9,9,0.11581409890733502,35,11,0.0,0.0,0.0,False,18,35,,,,,
503,9,9,0.11581409890733502,35,12,0.0,0.0,0.0,False,17,35,,,,,
503,9,9,0.11581409890733502,35,13,0.0,0.0,0.0,False,17,35,,,,,
503,9,9,0.11581409890733502,35,14,0.0,0.0,0.0,False,15,35,,,,,
503,9,9,0.11581409890733502,35,15,0.3142857142857143,0.9166666666666666,0.46808510638297873,True,12,35,0.36630832140229963,0.42737439239070707,0.371173594088852,"[0.9401092939738476, 0.03833278690591335]",0.9408904756495202
503,9,10,0.11259986831268541,17,0,0.0,0.0,0.0,False,38,17,,,,,
503,9,10,0.11259986831268541,17,1,0.0,0.0,0.0,False,37,17,,,,,
503,9,10,0.11259986831268541,17,2,0.0,0.0,0.0,False,34,17,,,,,
503,9,10,0.11259986831268541,17,3,0.0,0.0,0.0,False,31,17,,,,,
503,9,10,0.11259986831268541,17,4,0.0,0.0,0.0,False,29,17,,,,,
503,9,10,0.11259986831268541,17,5,0.0,0.0,0.0,False,27,17,,,,,
503,9,10,0.11259986831268541,17,6,0.0,0.0,0.0,False,25,17,,,,,
503,9,10,0.11259986831268541,17,7,0.0,0.0,0.0,False,23,17,,,,,
503,9,10,0.11259986831268541,17,8,0.0,0.0,0.0,False,20,17,,,,,
503,9,10,0.11259986831268541,17,9,1.0,0.8947368421052632,0.9444444444444444,True,19,17,0.767325842609735,0.8735970037105607,0.13628473620050038,"[0.30866863761552565, -0.02314535109610283]",0.3095351920618826
503,9,10,0.11259986831268541,17,10,0.0,0.0,0.0,False,18,17,,,,,
503,9,10,0.11259986831268541,17,11,0.0,0.0,0.0,False,18,17,,,,,
503,9,10,0.11259986831268541,17,12,0.0,0.0,0.0,False,17,17,,,,,
503,9,10,0.11259986831268541,17,13,0.0,0.0,0.0,False,17,17,,,,,
503,9,10,0.11259986831268541,17,14,0.0,0.0,0.0,False,15,17,,,,,
503,9,10,0.11259986831268541,17,15,0.0,0.0,0.0,False,12,17,,,,,
503,10,6,0.23003592083094018,18,0,0.0,0.0,0.0,False,44,18,,,,,
503,10,6,0.23003592083094018,18,1,0.0,0.0,0.0,False,40,18,,,,,
503,10,6,0.23003592083094018,18,2,0.0,0.0,0.0,False,37,18,,,,,
503,10,6,0.23003592083094018,18,3,0.9444444444444444,0.4594594594594595,0.6181818181818182,True,37,18,0.4547714557574599,0.5528176732120749,0.3193578915446258,"[0.41791209737372537, -0.07965296173951586]",0.4254352071058328
503,10,6,0.23003592083094018,18,4,0.0,0.0,0.0,False,37,18,,,,,
503,10,6,0.23003592083094018,18,5,0.0,0.0,0.0,False,32,18,,,,,
503,10,6,0.23003592083094018,18,6,0.05555555555555555,0.034482758620689655,0.0425531914893617,False,29,18,,,,,
503,10,6,0.23003592083094018,18,7,0.0,0.0,0.0,False,24,18,,,,,
503,10,6,0.23003592083094018,18,8,0.0,0.0,0.0,False,23,18,,,,,
503,10,6,0.23003592083094018,18,9,0.0,0.0,0.0,False,20,18,,,,,
503,10,6,0.23003592083094018,18,10,0.0,0.0,0.0,False,20,18,,,,,
503,10,6,0.23003592083094018,18,11,0.0,0.0,0.0,False,18,18,,,,,
503,10,6,0.23003592083094018,18,12,0.0,0.0,0.0,False,16,18,,,,,
503,10,6,0.23003592083094018,18,13,0.0,0.0,0.0,False,12,18,,,,,
503,10,8,0.2246207924068135,19,0,0.0,0.0,0.0,False,44,19,,,,,
503,10,8,0.2246207924068135,19,1,0.0,0.0,0.0,False,40,19,,,,,
503,10,8,0.2246207924068135,19,2,0.0,0.0,0.0,False,37,19,,,,,
503,10,8,0.2246207924068135,19,3,0.0,0.0,0.0,False,37,19,,,,,
503,10,8,0.2246207924068135,19,4,0.0,0.0,0.0,False,37,19,,,,,
503,10,8,0.2246207924068135,19,5,0.0,0.0,0.0,False,32,19,,,,,
503,10,8,0.2246207924068135,19,6,0.05263157894736842,0.034482758620689655,0.041666666666666664,False,29,19,,,,,
503,10,8,0.2246207924068135,19,7,0.0,0.0,0.0,False,24,19,,,,,
503,10,8,0.2246207924068135,19,8,0.0,0.0,0.0,False,23,19,,,,,
503,10,8,0.2246207924068135,19,9,0.0,0.0,0.0,False,20,19,,,,,
503,10,8,0.2246207924068135,19,10,0.0,0.0,0.0,False,20,19,,,,,
503,10,8,0.2246207924068135,19,11,0.9473684210526315,1.0,0.972972972972973,True,18,19,0.732112876371444,0.8766289343323614,0.15691010288689722,"[0.035854375533343585, -0.13382089649384277]",0.13854085528573082
503,10,8,0.2246207924068135,19,12,0.0,0.0,0.0,False,16,19,,,,,
503,10,8,0.2246207924068135,19,13,0.0,0.0,0.0,False,12,19,,,,,
503,10,5,0.16744431536166735,29,0,0.0,0.0,0.0,False,44,29,,,,,
503,10,5,0.16744431536166735,29,1,0.0,0.0,0.0,False,40,29,,,,,
503,10,5,0.16744431536166735,29,2,0.9655172413793104,0.7567567567567568,0.8484848484848485,True,37,29,0.5849342573622862,0.7430646120358235,0.24311735293561387,"[0.07375516402012039, 0.14601506814250342]",0.16358552608435376
503,10,5,0.16744431536166735,29,3,0.034482758620689655,0.02702702702702703,0.030303030303030304,False,37,29,,,,,
503,10,5,0.16744431536166735,29,4,0.0,0.0,0.0,False,37,29,,,,,
503,10,5,0.16744431536166735,29,5,0.0,0.0,0.0,False,32,29,,,,,
503,10,5,0.16744431536166735,29,6,0.0,0.0,0.0,False,29,29,,,,,
503,10,5,0.16744431536166735,29,7,0.0,0.0,0.0,False,24,29,,,,,
503,10,5,0.16744431536166735,29,8,0.0,0.0,0.0,False,23,29,,,,,
503,10,5,0.16744431536166735,29,9,0.0,0.0,0.0,False,20,29,,,,,
503,10,5,0.16744431536166735,29,10,0.0,0.0,0.0,False,20,29,,,,,
503,10,5,0.16744431536166735,29,11,0.0,0.0,0.0,False,18,29,,,,,
503,10,5,0.16744431536166735,29,12,0.0,0.0,0.0,False,16,29,,,,,
503,10,5,0.16744431536166735,29,13,0.0,0.0,0.0,False,12,29,,,,,
503,10,11,0.16303392565827085,27,0,0.0,0.0,0.0,False,44,27,,,,,
503,10,11,0.16303392565827085,27,1,0.0,0.0,0.0,False,40,27,,,,,
503,10,11,0.16303392565827085,27,2,0.0,0.0,0.0,False,37,27,,,,,
503,10,11,0.16303392565827085,27,3,0.0,0.0,0.0,False,37,27,,,,,
503,10,11,0.16303392565827085,27,4,0.0,0.0,0.0,False,37,27,,,,,
503,10,11,0.16303392565827085,27,5,0.0,0.0,0.0,False,32,27,,,,,
503,10,11,0.16303392565827085,27,6,1.0,0.9310344827586207,0.9642857142857143,True,29,27,0.7054380288031887,0.860746640092704,0.1725344189037835,"[0.08919623842326985, -0.15723766772066838]",0.18077514513642665
503,10,11,0.16303392565827085,27,7,0.0,0.0,0.0,False,24,27,,,,,
503,10,11,0.16303392565827085,27,8,0.0,0.0,0.0,False,23,27,,,,,
503,10,11,0.16303392565827085,27,9,0.0,0.0,0.0,False,20,27,,,,,
503,10,11,0.16303392565827085,27,10,0.0,0.0,0.0,False,20,27,,,,,
503,10,11,0.16303392565827085,27,11,0.0,0.0,0.0,False,18,27,,,,,
503,10,11,0.16303392565827085,27,12,0.0,0.0,0.0,False,16,27,,,,,
503,10,11,0.16303392565827085,27,13,0.0,0.0,0.0,False,12,27,,,,,
503,10,10,0.12450037258945593,19,0,0.0,0.0,0.0,False,44,19,,,,,
503,10,10,0.12450037258945593,19,1,0.0,0.0,0.0,False,40,19,,,,,
503,10,10,0.12450037258945593,19,2,0.0,0.0,0.0,False,37,19,,,,,
503,10,10,0.12450037258945593,19,3,0.0,0.0,0.0,False,37,19,,,,,
503,10,10,0.12450037258945593,19,4,0.0,0.0,0.0,False,37,19,,,,,
503,10,10,0.12450037258945593,19,5,0.0,0.0,0.0,False,32,19,,,,,
503,10,10,0.12450037258945593,19,6,0.05263157894736842,0.034482758620689655,0.041666666666666664,False,29,19,,,,,
503,10,10,0.12450037258945593,19,7,0.0,0.0,0.0,False,24,19,,,,,
503,10,10,0.12450037258945593,19,8,0.0,0.0,0.0,False,23,19,,,,,
503,10,10,0.12450037258945593,19,9,0.0,0.0,0.0,False,20,19,,,,,
503,10,10,0.12450037258945593,19,10,0.0,0.0,0.0,False,20,19,,,,,
503,10,10,0.12450037258945593,19,11,0.9473684210526315,1.0,0.972972972972973,True,18,19,0.732112876371444,0.8766289343323614,0.15691010288689722,"[0.035854375533343585, -0.13382089649384277]",0.13854085528573082
503,10,10,0.12450037258945593,19,12,0.0,0.0,0.0,False,16,19,,,,,
503,10,10,0.12450037258945593,19,13,0.0,0.0,0.0,False,12,19,,,,,
503,10,13,0.09036467315285224,27,0,0.0,0.0,0.0,False,44,27,,,,,
503,10,13,0.09036467315285224,27,1,0.0,0.0,0.0,False,40,27,,,,,
503,10,13,0.09036467315285224,27,2,0.0,0.0,0.0,False,37,27,,,,,
503,10,13,0.09036467315285224,27,3,0.0,0.0,0.0,False,37,27,,,,,
503,10,13,0.09036467315285224,27,4,0.0,0.0,0.0,False,37,27,,,,,
503,10,13,0.09036467315285224,27,5,0.0,0.0,0.0,False,32,27,,,,,
503,10,13,0.09036467315285224,27,6,1.0,0.9310344827586207,0.9642857142857143,True,29,27,0.7054380288031887,0.860746640092704,0.1725344189037835,"[0.08919623842326985, -0.15723766772066838]",0.18077514513642665
503,10,13,0.09036467315285224,27,7,0.0,0.0,0.0,False,24,27,,,,,
503,10,13,0.09036467315285224,27,8,0.0,0.0,0.0,False,23,27,,,,,
503,10,13,0.09036467315285224,27,9,0.0,0.0,0.0,False,20,27,,,,,
503,10,13,0.09036467315285224,27,10,0.0,0.0,0.0,False,20,27,,,,,
503,10,13,0.09036467315285224,27,11,0.0,0.0,0.0,False,18,27,,,,,
503,10,13,0.09036467315285224,27,12,0.0,0.0,0.0,False,16,27,,,,,
503,10,13,0.09036467315285224,27,13,0.0,0.0,0.0,False,12,27,,,,,
503,11,6,0.23003592083094018,37,0,0.0,0.0,0.0,False,42,37,,,,,
503,11,6,0.23003592083094018,37,1,0.0,0.0,0.0,False,38,37,,,,,
503,11,6,0.23003592083094018,37,2,0.0,0.0,0.0,False,34,37,,,,,
503,11,6,0.23003592083094018,37,3,0.02702702702702703,0.030303030303030304,0.02857142857142857,False,33,37,,,,,
503,11,6,0.23003592083094018,37,4,0.0,0.0,0.0,False,31,37,,,,,
503,11,6,0.23003592083094018,37,5,0.0,0.0,0.0,False,28,37,,,,,
503,11,6,0.23003592083094018,37,6,0.0,0.0,0.0,False,25,37,,,,,
503,11,6,0.23003592083094018,37,7,0.0,0.0,0.0,False,24,37,,,,,
503,11,6,0.23003592083094018,37,8,0.4594594594594595,0.7083333333333334,0.5573770491803278,True,24,37,0.3935700129933203,0.4918542347055248,0.3552055446564009,"[-0.37339817716882706, -0.5753054715877197]",0.6858590120074033
503,11,6,0.23003592083094018,37,9,0.0,0.0,0.0,False,24,37,,,,,
503,11,6,0.23003592083094018,37,10,0.0,0.0,0.0,False,22,37,,,,,
503,11,6,0.23003592083094018,37,11,0.5135135135135135,1.0,0.6785714285714286,True,19,37,0.44876092725727224,0.5866472280457661,0.32287845137069926,"[0.10569873907482297, 0.03631982248709331]",0.11176472139052411
503,11,6,0.23003592083094018,37,12,0.0,0.0,0.0,False,19,37,,,,,
503,11,6,0.23003592083094018,37,13,0.0,0.0,0.0,False,15,37,,,,,
503,11,6,0.23003592083094018,37,14,0.0,0.0,0.0,False,12,37,,,,,
503,11,8,0.2246207924068135,18,0,0.0,0.0,0.0,False,42,18,,,,,
503,11,8,0.2246207924068135,18,1,0.0,0.0,0.0,False,38,18,,,,,
503,11,8,0.2246207924068135,18,2,0.0,0.0,0.0,False,34,18,,,,,
503,11,8,0.2246207924068135,18,3,0.0,0.0,0.0,False,33,18,,,,,
503,11,8,0.2246207924068135,18,4,0.0,0.0,0.0,False,31,18,,,,,
503,11,8,0.2246207924068135,18,5,0.0,0.0,0.0,False,28,18,,,,,
503,11,8,0.2246207924068135,18,6,0.0,0.0,0.0,False,25,18,,,,,
503,11,8,0.2246207924068135,18,7,0.0,0.0,0.0,False,24,18,,,,,
503,11,8,0.2246207924068135,18,8,0.0,0.0,0.0,False,24,18,,,,,
503,11,8,0.2246207924068135,18,9,0.0,0.0,0.0,False,24,18,,,,,
503,11,8,0.2246207924068135,18,10,0.0,0.0,0.0,False,22,18,,,,,
503,11,8,0.2246207924068135,18,11,0.0,0.0,0.0,False,19,18,,,,,
503,11,8,0.2246207924068135,18,12,1.0,0.9473684210526315,0.972972972972973,True,19,18,0.7801247956857309,0.8958337020580762,0.12878797780167678,"[-0.12427542816492121, 0.015926159651737493]",0.12529175793653438
503,11,8,0.2246207924068135,18,13,0.0,0.0,0.0,False,15,18,,,,,
503,11,8,0.2246207924068135,18,14,0.0,0.0,0.0,False,12,18,,,,,
503,11,5,0.16744431536166735,37,0,0.0,0.0,0.0,False,42,37,,,,,
503,11,5,0.16744431536166735,37,1,0.0,0.0,0.0,False,38,37,,,,,
503,11,5,0.16744431536166735,37,2,0.0,0.0,0.0,False,34,37,,,,,
503,11,5,0.16744431536166735,37,3,0.0,0.0,0.0,False,33,37,,,,,
503,11,5,0.16744431536166735,37,4,0.8378378378378378,1.0,0.9117647058823529,True,31,37,0.6817542486525059,0.8197605229904141,0.18640677054897523,"[0.13110131816557313, 24.231022534635436]",24.231377192178638
503,11,5,0.16744431536166735,37,5,0.0,0.0,0.0,False,28,37,,,,,
503,11,5,0.16744431536166735,37,6,0.0,0.0,0.0,False,25,37,,,,,
503,11,5,0.16744431536166735,37,7,0.0,0.0,0.0,False,24,37,,,,,
503,11,5,0.16744431536166735,37,8,0.0,0.0,0.0,False,24,37,,,,,
503,11,5,0.16744431536166735,37,9,0.0,0.0,0.0,False,24,37,,,,,
503,11,5,0.16744431536166735,37,10,0.0,0.0,0.0,False,22,37,,,,,
503,11,5,0.16744431536166735,37,11,0.0,0.0,0.0,False,19,37,,,,,
503,11,5,0.16744431536166735,37,12,0.0,0.0,0.0,False,19,37,,,,,
503,11,5,0.16744431536166735,37,13,0.0,0.0,0.0,False,15,37,,,,,
503,11,5,0.16744431536166735,37,14,0.0,0.0,0.0,False,12,37,,,,,
503,11,11,0.16303392565827085,29,0,0.0,0.0,0.0,False,42,29,,,,,
503,11,11,0.16303392565827085,29,1,0.0,0.0,0.0,False,38,29,,,,,
503,11,11,0.16303392565827085,29,2,0.0,0.0,0.0,False,34,29,,,,,
503,11,11,0.16303392565827085,29,3,0.0,0.0,0.0,False,33,29,,,,,
503,11,11,0.16303392565827085,29,4,0.0,0.0,0.0,False,31,29,,,,,
503,11,11,0.16303392565827085,29,5,0.9655172413793104,1.0,0.9824561403508771,True,28,29,0.684931269699531,0.8634461920903387,0.18454588715670828,"[-0.1917779447626815, 0.05185162871787874]",0.19866396627998462
503,11,11,0.16303392565827085,29,6,0.0,0.0,0.0,False,25,29,,,,,
503,11,11,0.16303392565827085,29,7,0.0,0.0,0.0,False,24,29,,,,,
503,11,11,0.16303392565827085,29,8,0.0,0.0,0.0,False,24,29,,,,,
503,11,11,0.16303392565827085,29,9,0.0,0.0,0.0,False,24,29,,,,,
503,11,11,0.16303392565827085,29,10,0.0,0.0,0.0,False,22,29,,,,,
503,11,11,0.16303392565827085,29,11,0.0,0.0,0.0,False,19,29,,,,,
503,11,11,0.16303392565827085,29,12,0.034482758620689655,0.05263157894736842,0.041666666666666664,False,19,29,,,,,
503,11,11,0.16303392565827085,29,13,0.0,0.0,0.0,False,15,29,,,,,
503,11,11,0.16303392565827085,29,14,0.0,0.0,0.0,False,12,29,,,,,
503,11,10,0.12450037258945593,18,0,0.0,0.0,0.0,False,42,18,,,,,
503,11,10,0.12450037258945593,18,1,0.0,0.0,0.0,False,38,18,,,,,
503,11,10,0.12450037258945593,18,2,0.0,0.0,0.0,False,34,18,,,,,
503,11,10,0.12450037258945593,18,3,0.0,0.0,0.0,False,33,18,,,,,
503,11,10,0.12450037258945593,18,4,0.0,0.0,0.0,False,31,18,,,,,
503,11,10,0.12450037258945593,18,5,0.0,0.0,0.0,False,28,18,,,,,
503,11,10,0.12450037258945593,18,6,0.0,0.0,0.0,False,25,18,,,,,
503,11,10,0.12450037258945593,18,7,0.0,0.0,0.0,False,24,18,,,,,
503,11,10,0.12450037258945593,18,8,0.0,0.0,0.0,False,24,18,,,,,
503,11,10,0.12450037258945593,18,9,0.0,0.0,0.0,False,24,18,,,,,
503,11,10,0.12450037258945593,18,10,0.0,0.0,0.0,False,22,18,,,,,
503,11,10,0.12450037258945593,18,11,0.0,0.0,0.0,False,19,18,,,,,
503,11,10,0.12450037258945593,18,12,1.0,0.9473684210526315,0.972972972972973,True,19,18,0.7801247956857309,0.8958337020580762,0.12878797780167678,"[-0.12427542816492121, 0.015926159651737493]",0.12529175793653438
503,11,10,0.12450037258945593,18,13,0.0,0.0,0.0,False,15,18,,,,,
503,11,10,0.12450037258945593,18,14,0.0,0.0,0.0,False,12,18,,,,,
503,11,13,0.09036467315285224,29,0,0.0,0.0,0.0,False,42,29,,,,,
503,11,13,0.09036467315285224,29,1,0.0,0.0,0.0,False,38,29,,,,,
503,11,13,0.09036467315285224,29,2,0.0,0.0,0.0,False,34,29,,,,,
503,11,13,0.09036467315285224,29,3,0.0,0.0,0.0,False,33,29,,,,,
503,11,13,0.09036467315285224,29,4,0.0,0.0,0.0,False,31,29,,,,,
503,11,13,0.09036467315285224,29,5,0.9655172413793104,1.0,0.9824561403508771,True,28,29,0.684931269699531,0.8634461920903387,0.18454588715670828,"[-0.1917779447626815, 0.05185162871787874]",0.19866396627998462
503,11,13,0.09036467315285224,29,6,0.0,0.0,0.0,False,25,29,,,,,
503,11,13,0.09036467315285224,29,7,0.0,0.0,0.0,False,24,29,,,,,
503,11,13,0.09036467315285224,29,8,0.0,0.0,0.0,False,24,29,,,,,
503,11,13,0.09036467315285224,29,9,0.0,0.0,0.0,False,24,29,,,,,
503,11,13,0.09036467315285224,29,10,0.0,0.0,0.0,False,22,29,,,,,
503,11,13,0.09036467315285224,29,11,0.0,0.0,0.0,False,19,29,,,,,
503,11,13,0.09036467315285224,29,12,0.034482758620689655,0.05263157894736842,0.041666666666666664,False,19,29,,,,,
503,11,13,0.09036467315285224,29,13,0.0,0.0,0.0,False,15,29,,,,,
503,11,13,0.09036467315285224,29,14,0.0,0.0,0.0,False,12,29,,,,,
503,12,8,0.2469349922736214,19,0,0.0,0.0,0.0,False,46,19,,,,,
503,12,8,0.2469349922736214,19,1,0.0,0.0,0.0,False,40,19,,,,,
503,12,8,0.2469349922736214,19,2,0.0,0.0,0.0,False,39,19,,,,,
503,12,8,0.2469349922736214,19,3,0.05263157894736842,0.027777777777777776,0.03636363636363636,False,36,19,,,,,
503,12,8,0.2469349922736214,19,4,0.0,0.0,0.0,False,35,19,,,,,
503,12,8,0.2469349922736214,19,5,0.0,0.0,0.0,False,25,19,,,,,
503,12,8,0.2469349922736214,19,6,0.0,0.0,0.0,False,22,19,,,,,
503,12,8,0.2469349922736214,19,7,0.0,0.0,0.0,False,21,19,,,,,
503,12,8,0.2469349922736214,19,8,0.0,0.0,0.0,False,21,19,,,,,
503,12,8,0.2469349922736214,19,9,0.0,0.0,0.0,False,21,19,,,,,
503,12,8,0.2469349922736214,19,10,0.0,0.0,0.0,False,21,19,,,,,
503,12,8,0.2469349922736214,19,11,0.0,0.0,0.0,False,18,19,,,,,
503,12,8,0.2469349922736214,19,12,0.9473684210526315,1.0,0.972972972972973,True,18,19,0.7848381387530703,0.897719039285012,0.12602722119785084,"[-0.19429402451195266, -0.117801538498858]",0.22721657165301387
503,12,8,0.2469349922736214,19,13,0.0,0.0,0.0,False,15,19,,,,,
503,12,8,0.2469349922736214,19,14,0.0,0.0,0.0,False,12,19,,,,,
503,12,5,0.18407850972767262,31,0,0.0,0.0,0.0,False,46,31,,,,,
503,12,5,0.18407850972767262,31,1,0.0,0.0,0.0,False,40,31,,,,,
503,12,5,0.18407850972767262,31,2,1.0,0.7948717948717948,0.8857142857142857,True,39,31,0.6548555313692925,0.7933707839762885,0.2021622142570007,"[-0.0848259117297534, -24.082623476380967]",24.082772866520923
503,12,5,0.18407850972767262,31,3,0.0,0.0,0.0,False,36,31,,,,,
503,12,5,0.18407850972767262,31,4,0.0,0.0,0.0,False,35,31,,,,,
503,12,5,0.18407850972767262,31,5,0.0,0.0,0.0,False,25,31,,,,,
503,12,5,0.18407850972767262,31,6,0.0,0.0,0.0,False,22,31,,,,,
503,12,5,0.18407850972767262,31,7,0.0,0.0,0.0,False,21,31,,,,,
503,12,5,0.18407850972767262,31,8,0.0,0.0,0.0,False,21,31,,,,,
503,12,5,0.18407850972767262,31,9,0.0,0.0,0.0,False,21,31,,,,,
503,12,5,0.18407850972767262,31,10,0.0,0.0,0.0,False,21,31,,,,,
503,12,5,0.18407850972767262,31,11,0.0,0.0,0.0,False,18,31,,,,,
503,12,5,0.18407850972767262,31,12,0.0,0.0,0.0,False,18,31,,,,,
503,12,5,0.18407850972767262,31,13,0.0,0.0,0.0,False,15,31,,,,,
503,12,5,0.18407850972767262,31,14,0.0,0.0,0.0,False,12,31,,,,,
503,12,11,0.17922998463940104,28,0,0.07142857142857142,0.043478260869565216,0.05405405405405406,False,46,28,,,,,
503,12,11,0.17922998463940104,28,1,0.0,0.0,0.0,False,40,28,,,,,
503,12,11,0.17922998463940104,28,2,0.0,0.0,0.0,False,39,28,,,,,
503,12,11,0.17922998463940104,28,3,0.0,0.0,0.0,False,36,28,,,,,
503,12,11,0.17922998463940104,28,4,0.0,0.0,0.0,False,35,28,,,,,
503,12,11,0.17922998463940104,28,5,0.0,0.0,0.0,False,25,28,,,,,
503,12,11,0.17922998463940104,28,6,0.0,0.0,0.0,False,22,28,,,,,
503,12,11,0.17922998463940104,28,7,0.75,1.0,0.8571428571428571,True,21,28,0.6393937291340526,0.7700432059393353,0.21121868903894034,"[-0.06191846280259927, -0.09375568428211167]",0.1123566836954699
503,12,11,0.17922998463940104,28,8,0.14285714285714285,0.19047619047619047,0.16326530612244897,False,21,28,,,,,
503,12,11,0.17922998463940104,28,9,0.0,0.0,0.0,False,21,28,,,,,
503,12,11,0.17922998463940104,28,10,0.03571428571428571,0.047619047619047616,0.04081632653061224,False,21,28,,,,,
503,12,11,0.17922998463940104,28,11,0.0,0.0,0.0,False,18,28,,,,,
503,12,11,0.17922998463940104,28,12,0.0,0.0,0.0,False,18,28,,,,,
503,12,11,0.17922998463940104,28,13,0.0,0.0,0.0,False,15,28,,,,,
503,12,11,0.17922998463940104,28,14,0.0,0.0,0.0,False,12,28,,,,,
503,12,16,0.1501329137370885,19,0,0.0,0.0,0.0,False,46,19,,,,,
503,12,16,0.1501329137370885,19,1,0.0,0.0,0.0,False,40,19,,,,,
503,12,16,0.1501329137370885,19,2,0.0,0.0,0.0,False,39,19,,,,,
503,12,16,0.1501329137370885,19,3,0.0,0.0,0.0,False,36,19,,,,,
503,12,16,0.1501329137370885,19,4,0.0,0.0,0.0,False,35,19,,,,,
503,12,16,0.1501329137370885,19,5,0.0,0.0,0.0,False,25,19,,,,,
503,12,16,0.1501329137370885,19,6,0.0,0.0,0.0,False,22,19,,,,,
503,12,16,0.1501329137370885,19,7,0.0,0.0,0.0,False,21,19,,,,,
503,12,16,0.1501329137370885,19,8,0.0,0.0,0.0,False,21,19,,,,,
503,12,16,0.1501329137370885,19,9,0.05263157894736842,0.047619047619047616,0.05,False,21,19,,,,,
503,12,16,0.1501329137370885,19,10,0.0,0.0,0.0,False,21,19,,,,,
503,12,16,0.1501329137370885,19,11,0.9473684210526315,1.0,0.972972972972973,True,18,19,0.6680012235681637,0.8509842732110493,0.19446235960364894,"[0.19312680633336043, 0.022738278271007495]",0.19446077399633346
503,12,16,0.1501329137370885,19,12,0.0,0.0,0.0,False,18,19,,,,,
503,12,16,0.1501329137370885,19,13,0.0,0.0,0.0,False,15,19,,,,,
503,12,16,0.1501329137370885,19,14,0.0,0.0,0.0,False,12,19,,,,,
503,12,10,0.1368684448755766,19,0,0.0,0.0,0.0,False,46,19,,,,,
503,12,10,0.1368684448755766,19,1,0.0,0.0,0.0,False,40,19,,,,,
503,12,10,0.1368684448755766,19,2,0.0,0.0,0.0,False,39,19,,,,,
503,12,10,0.1368684448755766,19,3,0.05263157894736842,0.027777777777777776,0.03636363636363636,False,36,19,,,,,
503,12,10,0.1368684448755766,19,4,0.0,0.0,0.0,False,35,19,,,,,
503,12,10,0.1368684448755766,19,5,0.0,0.0,0.0,False,25,19,,,,,
503,12,10,0.1368684448755766,19,6,0.0,0.0,0.0,False,22,19,,,,,
503,12,10,0.1368684448755766,19,7,0.0,0.0,0.0,False,21,19,,,,,
503,12,10,0.1368684448755766,19,8,0.0,0.0,0.0,False,21,19,,,,,
503,12,10,0.1368684448755766,19,9,0.0,0.0,0.0,False,21,19,,,,,
503,12,10,0.1368684448755766,19,10,0.0,0.0,0.0,False,21,19,,,,,
503,12,10,0.1368684448755766,19,11,0.0,0.0,0.0,False,18,19,,,,,
503,12,10,0.1368684448755766,19,12,0.9473684210526315,1.0,0.972972972972973,True,18,19,0.7848381387530703,0.897719039285012,0.12602722119785084,"[-0.19429402451195266, -0.117801538498858]",0.22721657165301387
503,12,10,0.1368684448755766,19,13,0.0,0.0,0.0,False,15,19,,,,,
503,12,10,0.1368684448755766,19,14,0.0,0.0,0.0,False,12,19,,,,,
503,12,15,0.1027551547466399,24,0,0.0,0.0,0.0,False,46,24,,,,,
503,12,15,0.1027551547466399,24,1,0.0,0.0,0.0,False,40,24,,,,,
503,12,15,0.1027551547466399,24,2,0.041666666666666664,0.02564102564102564,0.031746031746031744,False,39,24,,,,,
503,12,15,0.1027551547466399,24,3,0.0,0.0,0.0,False,36,24,,,,,
503,12,15,0.1027551547466399,24,4,0.0,0.0,0.0,False,35,24,,,,,
503,12,15,0.1027551547466399,24,5,0.0,0.0,0.0,False,25,24,,,,,
503,12,15,0.1027551547466399,24,6,0.0,0.0,0.0,False,22,24,,,,,
503,12,15,0.1027551547466399,24,7,0.0,0.0,0.0,False,21,24,,,,,
503,12,15,0.1027551547466399,24,8,0.7083333333333334,0.8095238095238095,0.7555555555555555,True,21,24,0.5431428592244218,0.670590477023102,0.26759591873145255,"[-0.07583137104978199, 0.25327852704355314]",0.26438685499971737
503,12,15,0.1027551547466399,24,9,0.25,0.2857142857142857,0.26666666666666666,False,21,24,,,,,
503,12,15,0.1027551547466399,24,10,0.0,0.0,0.0,False,21,24,,,,,
503,12,15,0.1027551547466399,24,11,0.0,0.0,0.0,False,18,24,,,,,
503,12,15,0.1027551547466399,24,12,0.0,0.0,0.0,False,18,24,,,,,
503,12,15,0.1027551547466399,24,13,0.0,0.0,0.0,False,15,24,,,,,
503,12,15,0.1027551547466399,24,14,0.0,0.0,0.0,False,12,24,,,,,
503,13,8,0.2469349922736214,18,0,0.0,0.0,0.0,False,44,18,,,,,
503,13,8,0.2469349922736214,18,1,0.0,0.0,0.0,False,37,18,,,,,
503,13,8,0.2469349922736214,18,2,0.0,0.0,0.0,False,36,18,,,,,
503,13,8,0.2469349922736214,18,3,0.0,0.0,0.0,False,34,18,,,,,
503,13,8,0.2469349922736214,18,4,0.0,0.0,0.0,False,31,18,,,,,
503,13,8,0.2469349922736214,18,5,0.0,0.0,0.0,False,29,18,,,,,
503,13,8,0.2469349922736214,18,6,0.0,0.0,0.0,False,26,18,,,,,
503,13,8,0.2469349922736214,18,7,0.0,0.0,0.0,False,24,18,,,,,
503,13,8,0.2469349922736214,18,8,0.0,0.0,0.0,False,24,18,,,,,
503,13,8,0.2469349922736214,18,9,0.0,0.0,0.0,False,21,18,,,,,
503,13,8,0.2469349922736214,18,10,0.0,0.0,0.0,False,19,18,,,,,
503,13,8,0.2469349922736214,18,11,1.0,1.0,1.0,True,18,18,0.8403331989944611,0.9361332795977845,0.09352197983259186,"[-0.015555555555554434, -0.10888888888888815]",0.10999438818457316
503,13,8,0.2469349922736214,18,12,0.0,0.0,0.0,False,17,18,,,,,
503,13,8,0.2469349922736214,18,13,0.0,0.0,0.0,False,15,18,,,,,
503,13,8,0.2469349922736214,18,14,0.0,0.0,0.0,False,14,18,,,,,
503,13,5,0.18407850972767262,39,0,0.7948717948717948,0.7045454545454546,0.7469879518072289,True,44,39,0.5964845669606254,0.6867865978685874,0.23635196517489465,"[0.023566712330385542, 0.3925306083596105]",0.393237419924947
503,13,5,0.18407850972767262,39,1,0.0,0.0,0.0,False,37,39,,,,,
503,13,5,0.18407850972767262,39,2,0.0,0.0,0.0,False,36,39,,,,,
503,13,5,0.18407850972767262,39,3,0.02564102564102564,0.029411764705882353,0.0273972602739726,False,34,39,,,,,
503,13,5,0.18407850972767262,39,4,0.0,0.0,0.0,False,31,39,,,,,
503,13,5,0.18407850972767262,39,5,0.1794871794871795,0.2413793103448276,0.20588235294117646,False,29,39,,,,,
503,13,5,0.18407850972767262,39,6,0.0,0.0,0.0,False,26,39,,,,,
503,13,5,0.18407850972767262,39,7,0.0,0.0,0.0,False,24,39,,,,,
503,13,5,0.18407850972767262,39,8,0.0,0.0,0.0,False,24,39,,,,,
503,13,5,0.18407850972767262,39,9,0.0,0.0,0.0,False,21,39,,,,,
503,13,5,0.18407850972767262,39,10,0.0,0.0,0.0,False,19,39,,,,,
503,13,5,0.18407850972767262,39,11,0.0,0.0,0.0,False,18,39,,,,,
503,13,5,0.18407850972767262,39,12,0.0,0.0,0.0,False,17,39,,,,,
503,13,5,0.18407850972767262,39,13,0.0,0.0,0.0,False,15,39,,,,,
503,13,5,0.18407850972767262,39,14,0.0,0.0,0.0,False,14,39,,,,,
503,13,11,0.17922998463940104,21,0,0.0,0.0,0.0,False,44,21,,,,,
503,13,11,0.17922998463940104,21,1,0.0,0.0,0.0,False,37,21,,,,,
503,13,11,0.17922998463940104,21,2,0.0,0.0,0.0,False,36,21,,,,,
503,13,11,0.17922998463940104,21,3,0.0,0.0,0.0,False,34,21,,,,,
503,13,11,0.17922998463940104,21,4,0.0,0.0,0.0,False,31,21,,,,,
503,13,11,0.17922998463940104,21,5,0.0,0.0,0.0,False,29,21,,,,,
503,13,11,0.17922998463940104,21,6,0.0,0.0,0.0,False,26,21,,,,,
503,13,11,0.17922998463940104,21,7,1.0,0.875,0.9333333333333333,True,24,21,0.6700423506529269,0.8280169402611708,0.1932668058325781,"[-0.000507874758144844, 0.06807578475996401]",0.06807767921613449
503,13,11,0.17922998463940104,21,8,0.0,0.0,0.0,False,24,21,,,,,
503,13,11,0.17922998463940104,21,9,0.0,0.0,0.0,False,21,21,,,,,
503,13,11,0.17922998463940104,21,10,0.0,0.0,0.0,False,19,21,,,,,
503,13,11,0.17922998463940104,21,11,0.0,0.0,0.0,False,18,21,,,,,
503,13,11,0.17922998463940104,21,12,0.0,0.0,0.0,False,17,21,,,,,
503,13,11,0.17922998463940104,21,13,0.0,0.0,0.0,False,15,21,,,,,
503,13,11,0.17922998463940104,21,14,0.0,0.0,0.0,False,14,21,,,,,
503,13,16,0.1501329137370885,18,0,0.7222222222222222,0.29545454545454547,0.41935483870967744,True,44,18,0.29277747089150696,0.3687238915824092,0.4142429778006552,"[0.6710439057930362, -3.265142399375532]",3.333384888023251
503,13,16,0.1501329137370885,18,1,0.0,0.0,0.0,False,37,18,,,,,
503,13,16,0.1501329137370885,18,2,0.0,0.0,0.0,False,36,18,,,,,
503,13,16,0.1501329137370885,18,3,0.2777777777777778,0.14705882352941177,0.19230769230769232,False,34,18,,,,,
503,13,16,0.1501329137370885,18,4,0.0,0.0,0.0,False,31,18,,,,,
503,13,16,0.1501329137370885,18,5,0.0,0.0,0.0,False,29,18,,,,,
503,13,16,0.1501329137370885,18,6,0.0,0.0,0.0,False,26,18,,,,,
503,13,16,0.1501329137370885,18,7,0.0,0.0,0.0,False,24,18,,,,,
503,13,16,0.1501329137370885,18,8,0.0,0.0,0.0,False,24,18,,,,,
503,13,16,0.1501329137370885,18,9,0.0,0.0,0.0,False,21,18,,,,,
503,13,16,0.1501329137370885,18,10,0.0,0.0,0.0,False,19,18,,,,,
503,13,16,0.1501329137370885,18,11,0.0,0.0,0.0,False,18,18,,,,,
503,13,16,0.1501329137370885,18,12,0.0,0.0,0.0,False,17,18,,,,,
503,13,16,0.1501329137370885,18,13,0.0,0.0,0.0,False,15,18,,,,,
503,13,16,0.1501329137370885,18,14,0.0,0.0,0.0,False,14,18,,,,,
503,13,10,0.1368684448755766,18,0,0.0,0.0,0.0,False,44,18,,,,,
503,13,10,0.1368684448755766,18,1,0.0,0.0,0.0,False,37,18,,,,,
503,13,10,0.1368684448755766,18,2,0.0,0.0,0.0,False,36,18,,,,,
503,13,10,0.1368684448755766,18,3,0.0,0.0,0.0,False,34,18,,,,,
503,13,10,0.1368684448755766,18,4,0.0,0.0,0.0,False,31,18,,,,,
503,13,10,0.1368684448755766,18,5,0.0,0.0,0.0,False,29,18,,,,,
503,13,10,0.1368684448755766,18,6,0.0,0.0,0.0,False,26,18,,,,,
503,13,10,0.1368684448755766,18,7,0.0,0.0,0.0,False,24,18,,,,,
503,13,10,0.1368684448755766,18,8,0.0,0.0,0.0,False,24,18,,,,,
503,13,10,0.1368684448755766,18,9,0.0,0.0,0.0,False,21,18,,,,,
503,13,10,0.1368684448755766,18,10,0.0,0.0,0.0,False,19,18,,,,,
503,13,10,0.1368684448755766,18,11,1.0,1.0,1.0,True,18,18,0.8403331989944611,0.9361332795977845,0.09352197983259186,"[-0.015555555555554434, -0.10888888888888815]",0.10999438818457316
503,13,10,0.1368684448755766,18,12,0.0,0.0,0.0,False,17,18,,,,,
503,13,10,0.1368684448755766,18,13,0.0,0.0,0.0,False,15,18,,,,,
503,13,10,0.1368684448755766,18,14,0.0,0.0,0.0,False,14,18,,,,,
503,13,15,0.1027551547466399,21,0,0.0,0.0,0.0,False,44,21,,,,,
503,13,15,0.1027551547466399,21,1,0.0,0.0,0.0,False,37,21,,,,,
503,13,15,0.1027551547466399,21,2,0.0,0.0,0.0,False,36,21,,,,,
503,13,15,0.1027551547466399,21,3,1.0,0.6176470588235294,0.7636363636363637,True,34,21,0.4859797589715199,0.6525737217704262,0.30107818477143455,"[0.18919972210243063, -0.06360116834102314]",0.19960371604251295
503,13,15,0.1027551547466399,21,4,0.0,0.0,0.0,False,31,21,,,,,
503,13,15,0.1027551547466399,21,5,0.0,0.0,0.0,False,29,21,,,,,
503,13,15,0.1027551547466399,21,6,0.0,0.0,0.0,False,26,21,,,,,
503,13,15,0.1027551547466399,21,7,0.0,0.0,0.0,False,24,21,,,,,
503,13,15,0.1027551547466399,21,8,0.0,0.0,0.0,False,24,21,,,,,
503,13,15,0.1027551547466399,21,9,0.0,0.0,0.0,False,21,21,,,,,
503,13,15,0.1027551547466399,21,10,0.0,0.0,0.0,False,19,21,,,,,
503,13,15,0.1027551547466399,21,11,0.0,0.0,0.0,False,18,21,,,,,
503,13,15,0.1027551547466399,21,12,0.0,0.0,0.0,False,17,21,,,,,
503,13,15,0.1027551547466399,21,13,0.0,0.0,0.0,False,15,21,,,,,
503,13,15,0.1027551547466399,21,14,0.0,0.0,0.0,False,14,21,,,,,
503,14,8,0.2469349922736214,18,0,0.0,0.0,0.0,False,53,18,,,,,
503,14,8,0.2469349922736214,18,1,0.0,0.0,0.0,False,37,18,,,,,
503,14,8,0.2469349922736214,18,2,0.0,0.0,0.0,False,36,18,,,,,
503,14,8,0.2469349922736214,18,3,0.0,0.0,0.0,False,34,18,,,,,
503,14,8,0.2469349922736214,18,4,0.0,0.0,0.0,False,32,18,,,,,
503,14,8,0.2469349922736214,18,5,0.0,0.0,0.0,False,29,18,,,,,
503,14,8,0.2469349922736214,18,6,0.0,0.0,0.0,False,26,18,,,,,
503,14,8,0.2469349922736214,18,7,0.0,0.0,0.0,False,22,18,,,,,
503,14,8,0.2469349922736214,18,8,0.0,0.0,0.0,False,21,18,,,,,
503,14,8,0.2469349922736214,18,9,0.0,0.0,0.0,False,20,18,,,,,
503,14,8,0.2469349922736214,18,10,0.9444444444444444,0.8947368421052632,0.918918918918919,True,19,18,0.741773441057439,0.8480607277743271,0.15125159949079212,"[0.10724458905018075, -0.03380455525613435]",0.11244620863598376
503,14,8,0.2469349922736214,18,11,0.0,0.0,0.0,False,18,18,,,,,
503,14,8,0.2469349922736214,18,12,0.05555555555555555,0.07142857142857142,0.0625,False,14,18,,,,,
503,14,8,0.2469349922736214,18,13,0.0,0.0,0.0,False,14,18,,,,,
503,14,8,0.2469349922736214,18,14,0.0,0.0,0.0,False,13,18,,,,,
503,14,8,0.2469349922736214,18,15,0.0,0.0,0.0,False,12,18,,,,,
503,14,5,0.18407850972767262,44,0,0.0,0.0,0.0,False,53,44,,,,,
503,14,5,0.18407850972767262,44,1,0.0,0.0,0.0,False,37,44,,,,,
503,14,5,0.18407850972767262,44,2,0.0,0.0,0.0,False,36,44,,,,,
503,14,5,0.18407850972767262,44,3,0.0,0.0,0.0,False,34,44,,,,,
503,14,5,0.18407850972767262,44,4,0.7272727272727273,1.0,0.8421052631578947,True,32,44,0.6261442491977236,0.7557208575738261,0.21897933550767432,"[0.1510889371286197, 0.015638695531159486]",0.15189613464658114
503,14,5,0.18407850972767262,44,5,0.0,0.0,0.0,False,29,44,,,,,
503,14,5,0.18407850972767262,44,6,0.0,0.0,0.0,False,26,44,,,,,
503,14,5,0.18407850972767262,44,7,0.0,0.0,0.0,False,22,44,,,,,
503,14,5,0.18407850972767262,44,8,0.0,0.0,0.0,False,21,44,,,,,
503,14,5,0.18407850972767262,44,9,0.0,0.0,0.0,False,20,44,,,,,
503,14,5,0.18407850972767262,44,10,0.0,0.0,0.0,False,19,44,,,,,
503,14,5,0.18407850972767262,44,11,0.0,0.0,0.0,False,18,44,,,,,
503,14,5,0.18407850972767262,44,12,0.0,0.0,0.0,False,14,44,,,,,
503,14,5,0.18407850972767262,44,13,0.0,0.0,0.0,False,14,44,,,,,
503,14,5,0.18407850972767262,44,14,0.0,0.0,0.0,False,13,44,,,,,
503,14,5,0.18407850972767262,44,15,0.2727272727272727,1.0,0.42857142857142855,False,12,44,,,,,
503,14,11,0.17922998463940104,24,0,0.0,0.0,0.0,False,53,24,,,,,
503,14,11,0.17922998463940104,24,1,0.0,0.0,0.0,False,37,24,,,,,
503,14,11,0.17922998463940104,24,2,0.0,0.0,0.0,False,36,24,,,,,
503,14,11,0.17922998463940104,24,3,0.0,0.0,0.0,False,34,24,,,,,
503,14,11,0.17922998463940104,24,4,0.0,0.0,0.0,False,32,24,,,,,
503,14,11,0.17922998463940104,24,5,0.0,0.0,0.0,False,29,24,,,,,
503,14,11,0.17922998463940104,24,6,0.0,0.0,0.0,False,26,24,,,,,
503,14,11,0.17922998463940104,24,7,0.125,0.13636363636363635,0.13043478260869565,False,22,24,,,,,
503,14,11,0.17922998463940104,24,8,0.0,0.0,0.0,False,21,24,,,,,
503,14,11,0.17922998463940104,24,9,0.7916666666666666,0.95,0.8636363636363636,True,20,24,0.5781782930641535,0.7494531354074796,0.24707453847988836,"[-0.252423228928758, -0.16625502423410943]",0.30225522259491977
503,14,11,0.17922998463940104,24,10,0.08333333333333333,0.10526315789473684,0.09302325581395349,False,19,24,,,,,
503,14,11,0.17922998463940104,24,11,0.0,0.0,0.0,False,18,24,,,,,
503,14,11,0.17922998463940104,24,12,0.0,0.0,0.0,False,14,24,,,,,
503,14,11,0.17922998463940104,24,13,0.0,0.0,0.0,False,14,24,,,,,
503,14,11,0.17922998463940104,24,14,0.0,0.0,0.0,False,13,24,,,,,
503,14,11,0.17922998463940104,24,15,0.0,0.0,0.0,False,12,24,,,,,
503,14,16,0.1501329137370885,44,0,0.0,0.0,0.0,False,53,44,,,,,
503,14,16,0.1501329137370885,44,1,0.0,0.0,0.0,False,37,44,,,,,
503,14,16,0.1501329137370885,44,2,0.0,0.0,0.0,False,36,44,,,,,
503,14,16,0.1501329137370885,44,3,0.0,0.0,0.0,False,34,44,,,,,
503,14,16,0.1501329137370885,44,4,0.7272727272727273,1.0,0.8421052631578947,True,32,44,0.6261442491977236,0.7557208575738261,0.21897933550767432,"[0.1510889371286197, 0.015638695531159486]",0.15189613464658114
503,14,16,0.1501329137370885,44,5,0.0,0.0,0.0,False,29,44,,,,,
503,14,16,0.1501329137370885,44,6,0.0,0.0,0.0,False,26,44,,,,,
503,14,16,0.1501329137370885,44,7,0.0,0.0,0.0,False,22,44,,,,,
503,14,16,0.1501329137370885,44,8,0.0,0.0,0.0,False,21,44,,,,,
503,14,16,0.1501329137370885,44,9,0.0,0.0,0.0,False,20,44,,,,,
503,14,16,0.1501329137370885,44,10,0.0,0.0,0.0,False,19,44,,,,,
503,14,16,0.1501329137370885,44,11,0.0,0.0,0.0,False,18,44,,,,,
503,14,16,0.1501329137370885,44,12,0.0,0.0,0.0,False,14,44,,,,,
503,14,16,0.1501329137370885,44,13,0.0,0.0,0.0,False,14,44,,,,,
503,14,16,0.1501329137370885,44,14,0.0,0.0,0.0,False,13,44,,,,,
503,14,16,0.1501329137370885,44,15,0.2727272727272727,1.0,0.42857142857142855,False,12,44,,,,,
503,14,10,0.1368684448755766,18,0,0.0,0.0,0.0,False,53,18,,,,,
503,14,10,0.1368684448755766,18,1,0.0,0.0,0.0,False,37,18,,,,,
503,14,10,0.1368684448755766,18,2,0.0,0.0,0.0,False,36,18,,,,,
503,14,10,0.1368684448755766,18,3,0.0,0.0,0.0,False,34,18,,,,,
503,14,10,0.1368684448755766,18,4,0.0,0.0,0.0,False,32,18,,,,,
503,14,10,0.1368684448755766,18,5,0.0,0.0,0.0,False,29,18,,,,,
503,14,10,0.1368684448755766,18,6,0.0,0.0,0.0,False,26,18,,,,,
503,14,10,0.1368684448755766,18,7,0.0,0.0,0.0,False,22,18,,,,,
503,14,10,0.1368684448755766,18,8,0.0,0.0,0.0,False,21,18,,,,,
503,14,10,0.1368684448755766,18,9,0.0,0.0,0.0,False,20,18,,,,,
503,14,10,0.1368684448755766,18,10,0.9444444444444444,0.8947368421052632,0.918918918918919,True,19,18,0.741773441057439,0.8480607277743271,0.15125159949079212,"[0.10724458905018075, -0.03380455525613435]",0.11244620863598376
503,14,10,0.1368684448755766,18,11,0.0,0.0,0.0,False,18,18,,,,,
503,14,10,0.1368684448755766,18,12,0.05555555555555555,0.07142857142857142,0.0625,False,14,18,,,,,
503,14,10,0.1368684448755766,18,13,0.0,0.0,0.0,False,14,18,,,,,
503,14,10,0.1368684448755766,18,14,0.0,0.0,0.0,False,13,18,,,,,
503,14,10,0.1368684448755766,18,15,0.0,0.0,0.0,False,12,18,,,,,
503,14,15,0.1027551547466399,34,0,0.0,0.0,0.0,False,53,34,,,,,
503,14,15,0.1027551547466399,34,1,0.0,0.0,0.0,False,37,34,,,,,
503,14,15,0.1027551547466399,34,2,0.0,0.0,0.0,False,36,34,,,,,
503,14,15,0.1027551547466399,34,3,1.0,1.0,1.0,True,34,34,0.7460666728783418,0.8984266691513367,0.14873691555372756,"[-0.016470588235294237, -0.049411764705883154]",0.05208457322630352
503,14,15,0.1027551547466399,34,4,0.0,0.0,0.0,False,32,34,,,,,
503,14,15,0.1027551547466399,34,5,0.0,0.0,0.0,False,29,34,,,,,
503,14,15,0.1027551547466399,34,6,0.0,0.0,0.0,False,26,34,,,,,
503,14,15,0.1027551547466399,34,7,0.0,0.0,0.0,False,22,34,,,,,
503,14,15,0.1027551547466399,34,8,0.0,0.0,0.0,False,21,34,,,,,
503,14,15,0.1027551547466399,34,9,0.0,0.0,0.0,False,20,34,,,,,
503,14,15,0.1027551547466399,34,10,0.0,0.0,0.0,False,19,34,,,,,
503,14,15,0.1027551547466399,34,11,0.0,0.0,0.0,False,18,34,,,,,
503,14,15,0.1027551547466399,34,12,0.0,0.0,0.0,False,14,34,,,,,
503,14,15,0.1027551547466399,34,13,0.0,0.0,0.0,False,14,34,,,,,
503,14,15,0.1027551547466399,34,14,0.0,0.0,0.0,False,13,34,,,,,
503,14,15,0.1027551547466399,34,15,0.0,0.0,0.0,False,12,34,,,,,
503,15,8,0.2469349922736214,19,0,0.0,0.0,0.0,False,47,19,,,,,
503,15,8,0.2469349922736214,19,1,0.0,0.0,0.0,False,44,19,,,,,
503,15,8,0.2469349922736214,19,2,0.0,0.0,0.0,False,40,19,,,,,
503,15,8,0.2469349922736214,19,3,0.0,0.0,0.0,False,37,19,,,,,
503,15,8,0.2469349922736214,19,4,0.0,0.0,0.0,False,33,19,,,,,
503,15,8,0.2469349922736214,19,5,0.0,0.0,0.0,False,30,19,,,,,
503,15,8,0.2469349922736214,19,6,0.0,0.0,0.0,False,26,19,,,,,
503,15,8,0.2469349922736214,19,7,0.0,0.0,0.0,False,24,19,,,,,
503,15,8,0.2469349922736214,19,8,0.0,0.0,0.0,False,23,19,,,,,
503,15,8,0.2469349922736214,19,9,0.0,0.0,0.0,False,22,19,,,,,
503,15,8,0.2469349922736214,19,10,1.0,0.95,0.9743589743589743,True,20,19,0.7986569379169449,0.9040781597821625,0.11793310614966565,"[0.07320701243017602, -0.08879611371817386]",0.11508265064901317
503,15,8,0.2469349922736214,19,11,0.0,0.0,0.0,False,19,19,,,,,
503,15,8,0.2469349922736214,19,12,0.0,0.0,0.0,False,13,19,,,,,
503,15,8,0.2469349922736214,19,13,0.0,0.0,0.0,False,13,19,,,,,
503,15,5,0.18407850972767262,32,0,0.0,0.0,0.0,False,47,32,,,,,
503,15,5,0.18407850972767262,32,1,1.0,0.7272727272727273,0.8421052631578947,True,44,32,0.6473071663075987,0.7641860244177763,0.20658353441011307,"[-0.131998028037712, 0.5670885771961136]",0.5822481719955479
503,15,5,0.18407850972767262,32,2,0.0,0.0,0.0,False,40,32,,,,,
503,15,5,0.18407850972767262,32,3,0.0,0.0,0.0,False,37,32,,,,,
503,15,5,0.18407850972767262,32,4,0.0,0.0,0.0,False,33,32,,,,,
503,15,5,0.18407850972767262,32,5,0.0,0.0,0.0,False,30,32,,,,,
503,15,5,0.18407850972767262,32,6,0.0,0.0,0.0,False,26,32,,,,,
503,15,5,0.18407850972767262,32,7,0.0,0.0,0.0,False,24,32,,,,,
503,15,5,0.18407850972767262,32,8,0.0,0.0,0.0,False,23,32,,,,,
503,15,5,0.18407850972767262,32,9,0.0,0.0,0.0,False,22,32,,,,,
503,15,5,0.18407850972767262,32,10,0.0,0.0,0.0,False,20,32,,,,,
503,15,5,0.18407850972767262,32,11,0.0,0.0,0.0,False,19,32,,,,,
503,15,5,0.18407850972767262,32,12,0.0,0.0,0.0,False,13,32,,,,,
503,15,5,0.18407850972767262,32,13,0.0,0.0,0.0,False,13,32,,,,,
503,15,11,0.17922998463940104,20,0,0.05,0.02127659574468085,0.029850746268656716,False,47,20,,,,,
503,15,11,0.17922998463940104,20,1,0.0,0.0,0.0,False,44,20,,,,,
503,15,11,0.17922998463940104,20,2,0.0,0.0,0.0,False,40,20,,,,,
503,15,11,0.17922998463940104,20,3,0.0,0.0,0.0,False,37,20,,,,,
503,15,11,0.17922998463940104,20,4,0.0,0.0,0.0,False,33,20,,,,,
503,15,11,0.17922998463940104,20,5,0.0,0.0,0.0,False,30,20,,,,,
503,15,11,0.17922998463940104,20,6,0.0,0.0,0.0,False,26,20,,,,,
503,15,11,0.17922998463940104,20,7,0.0,0.0,0.0,False,24,20,,,,,
503,15,11,0.17922998463940104,20,8,0.95,0.8260869565217391,0.8837209302325582,True,23,20,0.6359667372109679,0.784619253023922,0.21322598841175153,"[0.09566408697966544, 0.037190515437671934]",0.10263893986286447
503,15,11,0.17922998463940104,20,9,0.0,0.0,0.0,False,22,20,,,,,
503,15,11,0.17922998463940104,20,10,0.0,0.0,0.0,False,20,20,,,,,
503,15,11,0.17922998463940104,20,11,0.0,0.0,0.0,False,19,20,,,,,
503,15,11,0.17922998463940104,20,12,0.0,0.0,0.0,False,13,20,,,,,
503,15,11,0.17922998463940104,20,13,0.0,0.0,0.0,False,13,20,,,,,
503,15,16,0.1501329137370885,32,0,0.0,0.0,0.0,False,47,32,,,,,
503,15,16,0.1501329137370885,32,1,1.0,0.7272727272727273,0.8421052631578947,True,44,32,0.6473071663075987,0.7641860244177763,0.20658353441011307,"[-0.131998028037712, 0.5670885771961136]",0.5822481719955479
503,15,16,0.1501329137370885,32,2,0.0,0.0,0.0,False,40,32,,,,,
503,15,16,0.1501329137370885,32,3,0.0,0.0,0.0,False,37,32,,,,,
503,15,16,0.1501329137370885,32,4,0.0,0.0,0.0,False,33,32,,,,,
503,15,16,0.1501329137370885,32,5,0.0,0.0,0.0,False,30,32,,,,,
503,15,16,0.1501329137370885,32,6,0.0,0.0,0.0,False,26,32,,,,,
503,15,16,0.1501329137370885,32,7,0.0,0.0,0.0,False,24,32,,,,,
503,15,16,0.1501329137370885,32,8,0.0,0.0,0.0,False,23,32,,,,,
503,15,16,0.1501329137370885,32,9,0.0,0.0,0.0,False,22,32,,,,,
503,15,16,0.1501329137370885,32,10,0.0,0.0,0.0,False,20,32,,,,,
503,15,16,0.1501329137370885,32,11,0.0,0.0,0.0,False,19,32,,,,,
503,15,16,0.1501329137370885,32,12,0.0,0.0,0.0,False,13,32,,,,,
503,15,16,0.1501329137370885,32,13,0.0,0.0,0.0,False,13,32,,,,,
503,15,10,0.1368684448755766,19,0,0.0,0.0,0.0,False,47,19,,,,,
503,15,10,0.1368684448755766,19,1,0.0,0.0,0.0,False,44,19,,,,,
503,15,10,0.1368684448755766,19,2,0.0,0.0,0.0,False,40,19,,,,,
503,15,10,0.1368684448755766,19,3,0.0,0.0,0.0,False,37,19,,,,,
503,15,10,0.1368684448755766,19,4,0.0,0.0,0.0,False,33,19,,,,,
503,15,10,0.1368684448755766,19,5,0.0,0.0,0.0,False,30,19,,,,,
503,15,10,0.1368684448755766,19,6,0.0,0.0,0.0,False,26,19,,,,,
503,15,10,0.1368684448755766,19,7,0.0,0.0,0.0,False,24,19,,,,,
503,15,10,0.1368684448755766,19,8,0.0,0.0,0.0,False,23,19,,,,,
503,15,10,0.1368684448755766,19,9,0.0,0.0,0.0,False,22,19,,,,,
503,15,10,0.1368684448755766,19,10,1.0,0.95,0.9743589743589743,True,20,19,0.7986569379169449,0.9040781597821625,0.11793310614966565,"[0.07320701243017602, -0.08879611371817386]",0.11508265064901317
503,15,10,0.1368684448755766,19,11,0.0,0.0,0.0,False,19,19,,,,,
503,15,10,0.1368684448755766,19,12,0.0,0.0,0.0,False,13,19,,,,,
503,15,10,0.1368684448755766,19,13,0.0,0.0,0.0,False,13,19,,,,,
503,15,15,0.1027551547466399,34,0,0.0,0.0,0.0,False,47,34,,,,,
503,15,15,0.1027551547466399,34,1,0.0,0.0,0.0,False,44,34,,,,,
503,15,15,0.1027551547466399,34,2,0.0,0.0,0.0,False,40,34,,,,,
503,15,15,0.1027551547466399,34,3,0.0,0.0,0.0,False,37,34,,,,,
503,15,15,0.1027551547466399,34,4,0.9705882352941176,1.0,0.9850746268656716,True,33,34,0.695103884911994,0.8690863300842007,0.1785874593009909,"[0.1310112981832834, -0.21632810760998433]",0.25290672271370357
503,15,15,0.1027551547466399,34,5,0.0,0.0,0.0,False,30,34,,,,,
503,15,15,0.1027551547466399,34,6,0.0,0.0,0.0,False,26,34,,,,,
503,15,15,0.1027551547466399,34,7,0.0,0.0,0.0,False,24,34,,,,,
503,15,15,0.1027551547466399,34,8,0.0,0.0,0.0,False,23,34,,,,,
503,15,15,0.1027551547466399,34,9,0.029411764705882353,0.045454545454545456,0.03571428571428571,False,22,34,,,,,
503,15,15,0.1027551547466399,34,10,0.0,0.0,0.0,False,20,34,,,,,
503,15,15,0.1027551547466399,34,11,0.0,0.0,0.0,False,19,34,,,,,
503,15,15,0.1027551547466399,34,12,0.0,0.0,0.0,False,13,34,,,,,
503,15,15,0.1027551547466399,34,13,0.0,0.0,0.0,False,13,34,,,,,
503,16,8,0.2469349922736214,20,0,0.0,0.0,0.0,False,44,20,,,,,
503,16,8,0.2469349922736214,20,1,0.0,0.0,0.0,False,38,20,,,,,
503,16,8,0.2469349922736214,20,2,0.0,0.0,0.0,False,37,20,,,,,
503,16,8,0.2469349922736214,20,3,0.0,0.0,0.0,False,33,20,,,,,
503,16,8,0.2469349922736214,20,4,0.0,0.0,0.0,False,33,20,,,,,
503,16,8,0.2469349922736214,20,5,0.0,0.0,0.0,False,32,20,,,,,
503,16,8,0.2469349922736214,20,6,0.0,0.0,0.0,False,31,20,,,,,
503,16,8,0.2469349922736214,20,7,0.0,0.0,0.0,False,31,20,,,,,
503,16,8,0.2469349922736214,20,8,0.0,0.0,0.0,False,26,20,,,,,
503,16,8,0.2469349922736214,20,9,0.0,0.0,0.0,False,23,20,,,,,
503,16,8,0.2469349922736214,20,10,0.0,0.0,0.0,False,23,20,,,,,
503,16,8,0.2469349922736214,20,11,0.95,0.95,0.95,True,20,20,0.8107420500283369,0.8942968200113347,0.11085446735914467,"[0.1037878591814465, -0.14215775250066098]",0.17601348331734973
503,16,8,0.2469349922736214,20,12,0.0,0.0,0.0,False,19,20,,,,,
503,16,5,0.18407850972767262,44,0,1.0,1.0,1.0,True,44,44,0.8091024654019586,0.9236409861607835,0.11181482479974156,"[-0.01272727272727181, 0.05090909090909057]",0.052475889780587856
503,16,5,0.18407850972767262,44,1,0.0,0.0,0.0,False,38,44,,,,,
503,16,5,0.18407850972767262,44,2,0.0,0.0,0.0,False,37,44,,,,,
503,16,5,0.18407850972767262,44,3,0.0,0.0,0.0,False,33,44,,,,,
503,16,5,0.18407850972767262,44,4,0.0,0.0,0.0,False,33,44,,,,,
503,16,5,0.18407850972767262,44,5,0.0,0.0,0.0,False,32,44,,,,,
503,16,5,0.18407850972767262,44,6,0.0,0.0,0.0,False,31,44,,,,,
503,16,5,0.18407850972767262,44,7,0.0,0.0,0.0,False,31,44,,,,,
503,16,5,0.18407850972767262,44,8,0.0,0.0,0.0,False,26,44,,,,,
503,16,5,0.18407850972767262,44,9,0.0,0.0,0.0,False,23,44,,,,,
503,16,5,0.18407850972767262,44,10,0.0,0.0,0.0,False,23,44,,,,,
503,16,5,0.18407850972767262,44,11,0.0,0.0,0.0,False,20,44,,,,,
503,16,5,0.18407850972767262,44,12,0.0,0.0,0.0,False,19,44,,,,,
503,16,11,0.17922998463940104,23,0,0.0,0.0,0.0,False,44,23,,,,,
503,16,11,0.17922998463940104,23,1,0.0,0.0,0.0,False,38,23,,,,,
503,16,11,0.17922998463940104,23,2,0.0,0.0,0.0,False,37,23,,,,,
503,16,11,0.17922998463940104,23,3,0.0,0.0,0.0,False,33,23,,,,,
503,16,11,0.17922998463940104,23,4,0.043478260869565216,0.030303030303030304,0.03571428571428571,False,33,23,,,,,
503,16,11,0.17922998463940104,23,5,0.0,0.0,0.0,False,32,23,,,,,
503,16,11,0.17922998463940104,23,6,0.0,0.0,0.0,False,31,23,,,,,
503,16,11,0.17922998463940104,23,7,0.0,0.0,0.0,False,31,23,,,,,
503,16,11,0.17922998463940104,23,8,0.0,0.0,0.0,False,26,23,,,,,
503,16,11,0.17922998463940104,23,9,0.9565217391304348,0.9565217391304348,0.9565217391304348,True,23,23,0.7325214136114482,0.8669216089228402,0.15667080948789436,"[0.05853610071012749, 0.003172812938919023]",0.05862202511250836
503,16,11,0.17922998463940104,23,10,0.0,0.0,0.0,False,23,23,,,,,
503,16,11,0.17922998463940104,23,11,0.0,0.0,0.0,False,20,23,,,,,
503,16,11,0.17922998463940104,23,12,0.0,0.0,0.0,False,19,23,,,,,
503,16,16,0.1501329137370885,44,0,1.0,1.0,1.0,True,44,44,0.8091024654019586,0.9236409861607835,0.11181482479974156,"[-0.01272727272727181, 0.05090909090909057]",0.052475889780587856
503,16,16,0.1501329137370885,44,1,0.0,0.0,0.0,False,38,44,,,,,
503,16,16,0.1501329137370885,44,2,0.0,0.0,0.0,False,37,44,,,,,
503,16,16,0.1501329137370885,44,3,0.0,0.0,0.0,False,33,44,,,,,
503,16,16,0.1501329137370885,44,4,0.0,0.0,0.0,False,33,44,,,,,
503,16,16,0.1501329137370885,44,5,0.0,0.0,0.0,False,32,44,,,,,
503,16,16,0.1501329137370885,44,6,0.0,0.0,0.0,False,31,44,,,,,
503,16,16,0.1501329137370885,44,7,0.0,0.0,0.0,False,31,44,,,,,
503,16,16,0.1501329137370885,44,8,0.0,0.0,0.0,False,26,44,,,,,
503,16,16,0.1501329137370885,44,9,0.0,0.0,0.0,False,23,44,,,,,
503,16,16,0.1501329137370885,44,10,0.0,0.0,0.0,False,23,44,,,,,
503,16,16,0.1501329137370885,44,11,0.0,0.0,0.0,False,20,44,,,,,
503,16,16,0.1501329137370885,44,12,0.0,0.0,0.0,False,19,44,,,,,
503,16,10,0.1368684448755766,20,0,0.0,0.0,0.0,False,44,20,,,,,
503,16,10,0.1368684448755766,20,1,0.0,0.0,0.0,False,38,20,,,,,
503,16,10,0.1368684448755766,20,2,0.0,0.0,0.0,False,37,20,,,,,
503,16,10,0.1368684448755766,20,3,0.0,0.0,0.0,False,33,20,,,,,
503,16,10,0.1368684448755766,20,4,0.0,0.0,0.0,False,33,20,,,,,
503,16,10,0.1368684448755766,20,5,0.0,0.0,0.0,False,32,20,,,,,
503,16,10,0.1368684448755766,20,6,0.0,0.0,0.0,False,31,20,,,,,
503,16,10,0.1368684448755766,20,7,0.0,0.0,0.0,False,31,20,,,,,
503,16,10,0.1368684448755766,20,8,0.0,0.0,0.0,False,26,20,,,,,
503,16,10,0.1368684448755766,20,9,0.0,0.0,0.0,False,23,20,,,,,
503,16,10,0.1368684448755766,20,10,0.0,0.0,0.0,False,23,20,,,,,
503,16,10,0.1368684448755766,20,11,0.95,0.95,0.95,True,20,20,0.8107420500283369,0.8942968200113347,0.11085446735914467,"[0.1037878591814465, -0.14215775250066098]",0.17601348331734973
503,16,10,0.1368684448755766,20,12,0.0,0.0,0.0,False,19,20,,,,,
503,16,15,0.1027551547466399,33,0,0.0,0.0,0.0,False,44,33,,,,,
503,16,15,0.1027551547466399,33,1,0.0,0.0,0.0,False,38,33,,,,,
503,16,15,0.1027551547466399,33,2,0.0,0.0,0.0,False,37,33,,,,,
503,16,15,0.1027551547466399,33,3,1.0,1.0,1.0,True,33,33,0.7934316273332336,0.9173726509332935,0.1209937385914212,"[-0.016969696969697523, -0.09333333333333416]",0.09486348995453744
503,16,15,0.1027551547466399,33,4,0.0,0.0,0.0,False,33,33,,,,,
503,16,15,0.1027551547466399,33,5,0.0,0.0,0.0,False,32,33,,,,,
503,16,15,0.1027551547466399,33,6,0.0,0.0,0.0,False,31,33,,,,,
503,16,15,0.1027551547466399,33,7,0.0,0.0,0.0,False,31,33,,,,,
503,16,15,0.1027551547466399,33,8,0.0,0.0,0.0,False,26,33,,,,,
503,16,15,0.1027551547466399,33,9,0.0,0.0,0.0,False,23,33,,,,,
503,16,15,0.1027551547466399,33,10,0.0,0.0,0.0,False,23,33,,,,,
503,16,15,0.1027551547466399,33,11,0.0,0.0,0.0,False,20,33,,,,,
503,16,15,0.1027551547466399,33,12,0.0,0.0,0.0,False,19,33,,,,,
503,17,8,0.2469349922736214,20,0,0.0,0.0,0.0,False,44,20,,,,,
503,17,8,0.2469349922736214,20,1,0.0,0.0,0.0,False,37,20,,,,,
503,17,8,0.2469349922736214,20,2,0.0,0.0,0.0,False,36,20,,,,,
503,17,8,0.2469349922736214,20,3,0.0,0.0,0.0,False,32,20,,,,,
503,17,8,0.2469349922736214,20,4,0.0,0.0,0.0,False,32,20,,,,,
503,17,8,0.2469349922736214,20,5,0.0,0.0,0.0,False,28,20,,,,,
503,17,8,0.2469349922736214,20,6,0.0,0.0,0.0,False,27,20,,,,,
503,17,8,0.2469349922736214,20,7,0.0,0.0,0.0,False,27,20,,,,,
503,17,8,0.2469349922736214,20,8,0.1,0.08333333333333333,0.09090909090909091,False,24,20,,,,,
503,17,8,0.2469349922736214,20,9,0.0,0.0,0.0,False,22,20,,,,,
503,17,8,0.2469349922736214,20,10,0.9,0.9473684210526315,0.9230769230769231,True,19,20,0.7882902431717591,0.8691622511148576,0.12400521262880951,"[0.3666627509846503, -0.18644588797938866]",0.41134370312921337
503,17,8,0.2469349922736214,20,11,0.0,0.0,0.0,False,19,20,,,,,
503,17,8,0.2469349922736214,20,12,0.0,0.0,0.0,False,16,20,,,,,
503,17,8,0.2469349922736214,20,13,0.0,0.0,0.0,False,15,20,,,,,
503,17,8,0.2469349922736214,20,14,0.0,0.0,0.0,False,13,20,,,,,
503,17,5,0.18407850972767262,44,0,1.0,1.0,1.0,True,44,44,0.7997006123108782,0.9198802449243513,0.11732179249518945,"[-0.006363636363635905, 0.0700000000000005]",0.07028866101846484
503,17,5,0.18407850972767262,44,1,0.0,0.0,0.0,False,37,44,,,,,
503,17,5,0.18407850972767262,44,2,0.0,0.0,0.0,False,36,44,,,,,
503,17,5,0.18407850972767262,44,3,0.0,0.0,0.0,False,32,44,,,,,
503,17,5,0.18407850972767262,44,4,0.0,0.0,0.0,False,32,44,,,,,
503,17,5,0.18407850972767262,44,5,0.0,0.0,0.0,False,28,44,,,,,
503,17,5,0.18407850972767262,44,6,0.0,0.0,0.0,False,27,44,,,,,
503,17,5,0.18407850972767262,44,7,0.0,0.0,0.0,False,27,44,,,,,
503,17,5,0.18407850972767262,44,8,0.0,0.0,0.0,False,24,44,,,,,
503,17,5,0.18407850972767262,44,9,0.0,0.0,0.0,False,22,44,,,,,
503,17,5,0.18407850972767262,44,10,0.0,0.0,0.0,False,19,44,,,,,
503,17,5,0.18407850972767262,44,11,0.0,0.0,0.0,False,19,44,,,,,
503,17,5,0.18407850972767262,44,12,0.0,0.0,0.0,False,16,44,,,,,
503,17,5,0.18407850972767262,44,13,0.0,0.0,0.0,False,15,44,,,,,
503,17,5,0.18407850972767262,44,14,0.0,0.0,0.0,False,13,44,,,,,
503,17,11,0.17922998463940104,23,0,0.0,0.0,0.0,False,44,23,,,,,
503,17,11,0.17922998463940104,23,1,0.0,0.0,0.0,False,37,23,,,,,
503,17,11,0.17922998463940104,23,2,0.0,0.0,0.0,False,36,23,,,,,
503,17,11,0.17922998463940104,23,3,0.0,0.0,0.0,False,32,23,,,,,
503,17,11,0.17922998463940104,23,4,0.0,0.0,0.0,False,32,23,,,,,
503,17,11,0.17922998463940104,23,5,0.08695652173913043,0.07142857142857142,0.0784313725490196,False,28,23,,,,,
503,17,11,0.17922998463940104,23,6,0.0,0.0,0.0,False,27,23,,,,,
503,17,11,0.17922998463940104,23,7,0.0,0.0,0.0,False,27,23,,,,,
503,17,11,0.17922998463940104,23,8,0.9130434782608695,0.875,0.8936170212765957,True,24,23,0.7110216603179171,0.8205788768931244,0.16926390637002925,"[0.06930215034599296, -0.01474358672517262]",0.07085309726540752
503,17,11,0.17922998463940104,23,9,0.0,0.0,0.0,False,22,23,,,,,
503,17,11,0.17922998463940104,23,10,0.0,0.0,0.0,False,19,23,,,,,
503,17,11,0.17922998463940104,23,11,0.0,0.0,0.0,False,19,23,,,,,
503,17,11,0.17922998463940104,23,12,0.0,0.0,0.0,False,16,23,,,,,
503,17,11,0.17922998463940104,23,13,0.0,0.0,0.0,False,15,23,,,,,
503,17,11,0.17922998463940104,23,14,0.0,0.0,0.0,False,13,23,,,,,
503,17,16,0.1501329137370885,44,0,1.0,1.0,1.0,True,44,44,0.7997006123108782,0.9198802449243513,0.11732179249518945,"[-0.006363636363635905, 0.0700000000000005]",0.07028866101846484
503,17,16,0.1501329137370885,44,1,0.0,0.0,0.0,False,37,44,,,,,
503,17,16,0.1501329137370885,44,2,0.0,0.0,0.0,False,36,44,,,,,
503,17,16,0.1501329137370885,44,3,0.0,0.0,0.0,False,32,44,,,,,
503,17,16,0.1501329137370885,44,4,0.0,0.0,0.0,False,32,44,,,,,
503,17,16,0.1501329137370885,44,5,0.0,0.0,0.0,False,28,44,,,,,
503,17,16,0.1501329137370885,44,6,0.0,0.0,0.0,False,27,44,,,,,
503,17,16,0.1501329137370885,44,7,0.0,0.0,0.0,False,27,44,,,,,
503,17,16,0.1501329137370885,44,8,0.0,0.0,0.0,False,24,44,,,,,
503,17,16,0.1501329137370885,44,9,0.0,0.0,0.0,False,22,44,,,,,
503,17,16,0.1501329137370885,44,10,0.0,0.0,0.0,False,19,44,,,,,
503,17,16,0.1501329137370885,44,11,0.0,0.0,0.0,False,19,44,,,,,
503,17,16,0.1501329137370885,44,12,0.0,0.0,0.0,False,16,44,,,,,
503,17,16,0.1501329137370885,44,13,0.0,0.0,0.0,False,15,44,,,,,
503,17,16,0.1501329137370885,44,14,0.0,0.0,0.0,False,13,44,,,,,
503,17,10,0.1368684448755766,20,0,0.0,0.0,0.0,False,44,20,,,,,
503,17,10,0.1368684448755766,20,1,0.0,0.0,0.0,False,37,20,,,,,
503,17,10,0.1368684448755766,20,2,0.0,0.0,0.0,False,36,20,,,,,
503,17,10,0.1368684448755766,20,3,0.0,0.0,0.0,False,32,20,,,,,
503,17,10,0.1368684448755766,20,4,0.0,0.0,0.0,False,32,20,,,,,
503,17,10,0.1368684448755766,20,5,0.0,0.0,0.0,False,28,20,,,,,
503,17,10,0.1368684448755766,20,6,0.0,0.0,0.0,False,27,20,,,,,
503,17,10,0.1368684448755766,20,7,0.0,0.0,0.0,False,27,20,,,,,
503,17,10,0.1368684448755766,20,8,0.1,0.08333333333333333,0.09090909090909091,False,24,20,,,,,
503,17,10,0.1368684448755766,20,9,0.0,0.0,0.0,False,22,20,,,,,
503,17,10,0.1368684448755766,20,10,0.9,0.9473684210526315,0.9230769230769231,True,19,20,0.7882902431717591,0.8691622511148576,0.12400521262880951,"[0.3666627509846503, -0.18644588797938866]",0.41134370312921337
503,17,10,0.1368684448755766,20,11,0.0,0.0,0.0,False,19,20,,,,,
503,17,10,0.1368684448755766,20,12,0.0,0.0,0.0,False,16,20,,,,,
503,17,10,0.1368684448755766,20,13,0.0,0.0,0.0,False,15,20,,,,,
503,17,10,0.1368684448755766,20,14,0.0,0.0,0.0,False,13,20,,,,,
503,17,15,0.1027551547466399,33,0,0.0,0.0,0.0,False,44,33,,,,,
503,17,15,0.1027551547466399,33,1,0.0,0.0,0.0,False,37,33,,,,,
503,17,15,0.1027551547466399,33,2,0.0,0.0,0.0,False,36,33,,,,,
503,17,15,0.1027551547466399,33,3,0.0,0.0,0.0,False,32,33,,,,,
503,17,15,0.1027551547466399,33,4,0.0,0.0,0.0,False,32,33,,,,,
503,17,15,0.1027551547466399,33,5,0.0,0.0,0.0,False,28,33,,,,,
503,17,15,0.1027551547466399,33,6,0.15151515151515152,0.18518518518518517,0.16666666666666666,False,27,33,,,,,
503,17,15,0.1027551547466399,33,7,0.0,0.0,0.0,False,27,33,,,,,
503,17,15,0.1027551547466399,33,8,0.0,0.0,0.0,False,24,33,,,,,
503,17,15,0.1027551547466399,33,9,0.0,0.0,0.0,False,22,33,,,,,
503,17,15,0.1027551547466399,33,10,0.0,0.0,0.0,False,19,33,,,,,
503,17,15,0.1027551547466399,33,11,0.0,0.0,0.0,False,19,33,,,,,
503,17,15,0.1027551547466399,33,12,0.0,0.0,0.0,False,16,33,,,,,
503,17,15,0.1027551547466399,33,13,0.45454545454545453,1.0,0.625,True,15,33,0.441634470054838,0.5516537880219352,0.3270526465231453,"[0.5233159860254499, -0.5845588549822316]",0.7845818479724894
503,17,15,0.1027551547466399,33,14,0.3939393939393939,1.0,0.5652173913043478,True,13,33,0.39342853194641103,0.4965018475611731,0.35528841465525113,"[-0.10496930989016562, 0.15782653289612947]",0.18954622260765489
503,18,8,0.2587693705204176,19,0,0.0,0.0,0.0,False,44,19,,,,,
503,18,8,0.2587693705204176,19,1,0.0,0.0,0.0,False,37,19,,,,,
503,18,8,0.2587693705204176,19,2,0.0,0.0,0.0,False,31,19,,,,,
503,18,8,0.2587693705204176,19,3,0.0,0.0,0.0,False,30,19,,,,,
503,18,8,0.2587693705204176,19,4,0.0,0.0,0.0,False,30,19,,,,,
503,18,8,0.2587693705204176,19,5,0.0,0.0,0.0,False,30,19,,,,,
503,18,8,0.2587693705204176,19,6,1.0,0.6785714285714286,0.8085106382978723,True,28,19,0.5958680459966755,0.7234536013773936,0.23671308132924712,"[-0.1435725047886791, 0.34102739255727244]",0.3700172247419129
503,18,8,0.2587693705204176,19,7,0.0,0.0,0.0,False,26,19,,,,,
503,18,8,0.2587693705204176,19,8,0.0,0.0,0.0,False,24,19,,,,,
503,18,8,0.2587693705204176,19,9,0.0,0.0,0.0,False,22,19,,,,,
503,18,8,0.2587693705204176,19,10,0.0,0.0,0.0,False,21,19,,,,,
503,18,8,0.2587693705204176,19,11,0.0,0.0,0.0,False,21,19,,,,,
503,18,8,0.2587693705204176,19,12,0.0,0.0,0.0,False,16,19,,,,,
503,18,8,0.2587693705204176,19,13,0.0,0.0,0.0,False,14,19,,,,,
503,18,8,0.2587693705204176,19,14,0.0,0.0,0.0,False,13,19,,,,,
503,18,8,0.2587693705204176,19,15,0.0,0.0,0.0,False,13,19,,,,,
503,18,5,0.19290048627771925,44,0,1.0,1.0,1.0,True,44,44,0.7696854314909374,0.9078741725963749,0.13490264911432298,"[-0.04454545454545489, 0.03181818181818197]",0.054742069881180716
503,18,5,0.19290048627771925,44,1,0.0,0.0,0.0,False,37,44,,,,,
503,18,5,0.19290048627771925,44,2,0.0,0.0,0.0,False,31,44,,,,,
503,18,5,0.19290048627771925,44,3,0.0,0.0,0.0,False,30,44,,,,,
503,18,5,0.19290048627771925,44,4,0.0,0.0,0.0,False,30,44,,,,,
503,18,5,0.19290048627771925,44,5,0.0,0.0,0.0,False,30,44,,,,,
503,18,5,0.19290048627771925,44,6,0.0,0.0,0.0,False,28,44,,,,,
503,18,5,0.19290048627771925,44,7,0.0,0.0,0.0,False,26,44,,,,,
503,18,5,0.19290048627771925,44,8,0.0,0.0,0.0,False,24,44,,,,,
503,18,5,0.19290048627771925,44,9,0.0,0.0,0.0,False,22,44,,,,,
503,18,5,0.19290048627771925,44,10,0.0,0.0,0.0,False,21,44,,,,,
503,18,5,0.19290048627771925,44,11,0.0,0.0,0.0,False,21,44,,,,,
503,18,5,0.19290048627771925,44,12,0.0,0.0,0.0,False,16,44,,,,,
503,18,5,0.19290048627771925,44,13,0.0,0.0,0.0,False,14,44,,,,,
503,18,5,0.19290048627771925,44,14,0.0,0.0,0.0,False,13,44,,,,,
503,18,5,0.19290048627771925,44,15,0.0,0.0,0.0,False,13,44,,,,,
503,18,11,0.18781959525659475,24,0,0.0,0.0,0.0,False,44,24,,,,,
503,18,11,0.18781959525659475,24,1,0.0,0.0,0.0,False,37,24,,,,,
503,18,11,0.18781959525659475,24,2,0.0,0.0,0.0,False,31,24,,,,,
503,18,11,0.18781959525659475,24,3,0.0,0.0,0.0,False,30,24,,,,,
503,18,11,0.18781959525659475,24,4,0.0,0.0,0.0,False,30,24,,,,,
503,18,11,0.18781959525659475,24,5,0.0,0.0,0.0,False,30,24,,,,,
503,18,11,0.18781959525659475,24,6,0.0,0.0,0.0,False,28,24,,,,,
503,18,11,0.18781959525659475,24,7,0.0,0.0,0.0,False,26,24,,,,,
503,18,11,0.18781959525659475,24,8,1.0,1.0,1.0,True,24,24,0.8339853085831639,0.9335941234332655,0.09724014337871463,"[0.12833333333333297, 0.011666666666666714]",0.12886254520051768
503,18,11,0.18781959525659475,24,9,0.0,0.0,0.0,False,22,24,,,,,
503,18,11,0.18781959525659475,24,10,0.0,0.0,0.0,False,21,24,,,,,
503,18,11,0.18781959525659475,24,11,0.0,0.0,0.0,False,21,24,,,,,
503,18,11,0.18781959525659475,24,12,0.0,0.0,0.0,False,16,24,,,,,
503,18,11,0.18781959525659475,24,13,0.0,0.0,0.0,False,14,24,,,,,
503,18,11,0.18781959525659475,24,14,0.0,0.0,0.0,False,13,24,,,,,
503,18,11,0.18781959525659475,24,15,0.0,0.0,0.0,False,13,24,,,,,
503,18,16,0.15732804502285455,44,0,1.0,1.0,1.0,True,44,44,0.7696854314909374,0.9078741725963749,0.13490264911432298,"[-0.04454545454545489, 0.03181818181818197]",0.054742069881180716
503,18,16,0.15732804502285455,44,1,0.0,0.0,0.0,False,37,44,,,,,
503,18,16,0.15732804502285455,44,2,0.0,0.0,0.0,False,31,44,,,,,
503,18,16,0.15732804502285455,44,3,0.0,0.0,0.0,False,30,44,,,,,
503,18,16,0.15732804502285455,44,4,0.0,0.0,0.0,False,30,44,,,,,
503,18,16,0.15732804502285455,44,5,0.0,0.0,0.0,False,30,44,,,,,
503,18,16,0.15732804502285455,44,6,0.0,0.0,0.0,False,28,44,,,,,
503,18,16,0.15732804502285455,44,7,0.0,0.0,0.0,False,26,44,,,,,
503,18,16,0.15732804502285455,44,8,0.0,0.0,0.0,False,24,44,,,,,
503,18,16,0.15732804502285455,44,9,0.0,0.0,0.0,False,22,44,,,,,
503,18,16,0.15732804502285455,44,10,0.0,0.0,0.0,False,21,44,,,,,
503,18,16,0.15732804502285455,44,11,0.0,0.0,0.0,False,21,44,,,,,
503,18,16,0.15732804502285455,44,12,0.0,0.0,0.0,False,16,44,,,,,
503,18,16,0.15732804502285455,44,13,0.0,0.0,0.0,False,14,44,,,,,
503,18,16,0.15732804502285455,44,14,0.0,0.0,0.0,False,13,44,,,,,
503,18,16,0.15732804502285455,44,15,0.0,0.0,0.0,False,13,44,,,,,
503,18,10,0.1434278754843967,19,0,0.0,0.0,0.0,False,44,19,,,,,
503,18,10,0.1434278754843967,19,1,0.0,0.0,0.0,False,37,19,,,,,
503,18,10,0.1434278754843967,19,2,0.0,0.0,0.0,False,31,19,,,,,
503,18,10,0.1434278754843967,19,3,0.0,0.0,0.0,False,30,19,,,,,
503,18,10,0.1434278754843967,19,4,0.0,0.0,0.0,False,30,19,,,,,
503,18,10,0.1434278754843967,19,5,0.0,0.0,0.0,False,30,19,,,,,
503,18,10,0.1434278754843967,19,6,1.0,0.6785714285714286,0.8085106382978723,True,28,19,0.5958680459966755,0.7234536013773936,0.23671308132924712,"[-0.1435725047886791, 0.34102739255727244]",0.3700172247419129
503,18,10,0.1434278754843967,19,7,0.0,0.0,0.0,False,26,19,,,,,
503,18,10,0.1434278754843967,19,8,0.0,0.0,0.0,False,24,19,,,,,
503,18,10,0.1434278754843967,19,9,0.0,0.0,0.0,False,22,19,,,,,
503,18,10,0.1434278754843967,19,10,0.0,0.0,0.0,False,21,19,,,,,
503,18,10,0.1434278754843967,19,11,0.0,0.0,0.0,False,21,19,,,,,
503,18,10,0.1434278754843967,19,12,0.0,0.0,0.0,False,16,19,,,,,
503,18,10,0.1434278754843967,19,13,0.0,0.0,0.0,False,14,19,,,,,
503,18,10,0.1434278754843967,19,14,0.0,0.0,0.0,False,13,19,,,,,
503,18,10,0.1434278754843967,19,15,0.0,0.0,0.0,False,13,19,,,,,
503,18,17,0.0597546274380172,15,0,0.0,0.0,0.0,False,44,15,,,,,
503,18,17,0.0597546274380172,15,1,0.0,0.0,0.0,False,37,15,,,,,
503,18,17,0.0597546274380172,15,2,0.0,0.0,0.0,False,31,15,,,,,
503,18,17,0.0597546274380172,15,3,0.0,0.0,0.0,False,30,15,,,,,
503,18,17,0.0597546274380172,15,4,0.06666666666666667,0.03333333333333333,0.044444444444444446,False,30,15,,,,,
503,18,17,0.0597546274380172,15,5,0.0,0.0,0.0,False,30,15,,,,,
503,18,17,0.0597546274380172,15,6,0.0,0.0,0.0,False,28,15,,,,,
503,18,17,0.0597546274380172,15,7,0.0,0.0,0.0,False,26,15,,,,,
503,18,17,0.0597546274380172,15,8,0.0,0.0,0.0,False,24,15,,,,,
503,18,17,0.0597546274380172,15,9,0.0,0.0,0.0,False,22,15,,,,,
503,18,17,0.0597546274380172,15,10,0.0,0.0,0.0,False,21,15,,,,,
503,18,17,0.0597546274380172,15,11,0.0,0.0,0.0,False,21,15,,,,,
503,18,17,0.0597546274380172,15,12,0.0,0.0,0.0,False,16,15,,,,,
503,18,17,0.0597546274380172,15,13,0.9333333333333333,1.0,0.9655172413793104,True,14,15,0.7167162744293589,0.8659968545993298,0.16592838776045823,"[0.005299318070076886, -0.32373680699509677]",0.323780176933963
503,18,17,0.0597546274380172,15,14,0.0,0.0,0.0,False,13,15,,,,,
503,18,17,0.0597546274380172,15,15,0.0,0.0,0.0,False,13,15,,,,,
503,19,8,0.2587693705204176,28,0,0.0,0.0,0.0,False,58,28,,,,,
503,19,8,0.2587693705204176,28,1,0.0,0.0,0.0,False,37,28,,,,,
503,19,8,0.2587693705204176,28,2,0.03571428571428571,0.03125,0.03333333333333333,False,32,28,,,,,
503,19,8,0.2587693705204176,28,3,0.0,0.0,0.0,False,31,28,,,,,
503,19,8,0.2587693705204176,28,4,0.0,0.0,0.0,False,31,28,,,,,
503,19,8,0.2587693705204176,28,5,0.0,0.0,0.0,False,30,28,,,,,
503,19,8,0.2587693705204176,28,6,0.0,0.0,0.0,False,29,28,,,,,
503,19,8,0.2587693705204176,28,7,0.9642857142857143,1.0,0.9818181818181818,True,27,28,0.8591902842411887,0.9327670227873845,0.08247677860704249,"[-0.10814119683055168, -0.14508500138015812]",0.18095351910760013
503,19,8,0.2587693705204176,28,8,0.0,0.0,0.0,False,26,28,,,,,
503,19,8,0.2587693705204176,28,9,0.0,0.0,0.0,False,26,28,,,,,
503,19,8,0.2587693705204176,28,10,0.0,0.0,0.0,False,21,28,,,,,
503,19,8,0.2587693705204176,28,11,0.0,0.0,0.0,False,19,28,,,,,
503,19,8,0.2587693705204176,28,12,0.0,0.0,0.0,False,14,28,,,,,
503,19,8,0.2587693705204176,28,13,0.0,0.0,0.0,False,13,28,,,,,
503,19,5,0.19290048627771925,44,0,1.0,0.7586206896551724,0.8627450980392157,True,58,44,0.6415908242699832,0.7742833885315228,0.20993177976475969,"[-0.24048870827196112, -0.1453989859117879]",0.281026126740011
503,19,5,0.19290048627771925,44,1,0.0,0.0,0.0,False,37,44,,,,,
503,19,5,0.19290048627771925,44,2,0.0,0.0,0.0,False,32,44,,,,,
503,19,5,0.19290048627771925,44,3,0.0,0.0,0.0,False,31,44,,,,,
503,19,5,0.19290048627771925,44,4,0.0,0.0,0.0,False,31,44,,,,,
503,19,5,0.19290048627771925,44,5,0.0,0.0,0.0,False,30,44,,,,,
503,19,5,0.19290048627771925,44,6,0.0,0.0,0.0,False,29,44,,,,,
503,19,5,0.19290048627771925,44,7,0.0,0.0,0.0,False,27,44,,,,,
503,19,5,0.19290048627771925,44,8,0.0,0.0,0.0,False,26,44,,,,,
503,19,5,0.19290048627771925,44,9,0.0,0.0,0.0,False,26,44,,,,,
503,19,5,0.19290048627771925,44,10,0.0,0.0,0.0,False,21,44,,,,,
503,19,5,0.19290048627771925,44,11,0.0,0.0,0.0,False,19,44,,,,,
503,19,5,0.19290048627771925,44,12,0.0,0.0,0.0,False,14,44,,,,,
503,19,5,0.19290048627771925,44,13,0.0,0.0,0.0,False,13,44,,,,,
503,19,11,0.18781959525659475,24,0,0.0,0.0,0.0,False,58,24,,,,,
503,19,11,0.18781959525659475,24,1,0.0,0.0,0.0,False,37,24,,,,,
503,19,11,0.18781959525659475,24,2,0.0,0.0,0.0,False,32,24,,,,,
503,19,11,0.18781959525659475,24,3,0.0,0.0,0.0,False,31,24,,,,,
503,19,11,0.18781959525659475,24,4,0.0,0.0,0.0,False,31,24,,,,,
503,19,11,0.18781959525659475,24,5,0.0,0.0,0.0,False,30,24,,,,,
503,19,11,0.18781959525659475,24,6,0.0,0.0,0.0,False,29,24,,,,,
503,19,11,0.18781959525659475,24,7,0.0,0.0,0.0,False,27,24,,,,,
503,19,11,0.18781959525659475,24,8,0.0,0.0,0.0,False,26,24,,,,,
503,19,11,0.18781959525659475,24,9,1.0,0.9230769230769231,0.96,True,26,24,0.7411753406573708,0.8724701362629483,0.15160192612852008,"[0.002043453567606157, -0.1884749996099302]",0.18848607688751481
503,19,11,0.18781959525659475,24,10,0.0,0.0,0.0,False,21,24,,,,,
503,19,11,0.18781959525659475,24,11,0.0,0.0,0.0,False,19,24,,,,,
503,19,11,0.18781959525659475,24,12,0.0,0.0,0.0,False,14,24,,,,,
503,19,11,0.18781959525659475,24,13,0.0,0.0,0.0,False,13,24,,,,,
503,19,16,0.15732804502285455,44,0,1.0,0.7586206896551724,0.8627450980392157,True,58,44,0.6415908242699832,0.7742833885315228,0.20993177976475969,"[-0.24048870827196112, -0.1453989859117879]",0.281026126740011
503,19,16,0.15732804502285455,44,1,0.0,0.0,0.0,False,37,44,,,,,
503,19,16,0.15732804502285455,44,2,0.0,0.0,0.0,False,32,44,,,,,
503,19,16,0.15732804502285455,44,3,0.0,0.0,0.0,False,31,44,,,,,
503,19,16,0.15732804502285455,44,4,0.0,0.0,0.0,False,31,44,,,,,
503,19,16,0.15732804502285455,44,5,0.0,0.0,0.0,False,30,44,,,,,
503,19,16,0.15732804502285455,44,6,0.0,0.0,0.0,False,29,44,,,,,
503,19,16,0.15732804502285455,44,7,0.0,0.0,0.0,False,27,44,,,,,
503,19,16,0.15732804502285455,44,8,0.0,0.0,0.0,False,26,44,,,,,
503,19,16,0.15732804502285455,44,9,0.0,0.0,0.0,False,26,44,,,,,
503,19,16,0.15732804502285455,44,10,0.0,0.0,0.0,False,21,44,,,,,
503,19,16,0.15732804502285455,44,11,0.0,0.0,0.0,False,19,44,,,,,
503,19,16,0.15732804502285455,44,12,0.0,0.0,0.0,False,14,44,,,,,
503,19,16,0.15732804502285455,44,13,0.0,0.0,0.0,False,13,44,,,,,
503,19,10,0.1434278754843967,28,0,0.0,0.0,0.0,False,58,28,,,,,
503,19,10,0.1434278754843967,28,1,0.0,0.0,0.0,False,37,28,,,,,
503,19,10,0.1434278754843967,28,2,0.03571428571428571,0.03125,0.03333333333333333,False,32,28,,,,,
503,19,10,0.1434278754843967,28,3,0.0,0.0,0.0,False,31,28,,,,,
503,19,10,0.1434278754843967,28,4,0.0,0.0,0.0,False,31,28,,,,,
503,19,10,0.1434278754843967,28,5,0.0,0.0,0.0,False,30,28,,,,,
503,19,10,0.1434278754843967,28,6,0.0,0.0,0.0,False,29,28,,,,,
503,19,10,0.1434278754843967,28,7,0.9642857142857143,1.0,0.9818181818181818,True,27,28,0.8591902842411887,0.9327670227873845,0.08247677860704249,"[-0.10814119683055168, -0.14508500138015812]",0.18095351910760013
503,19,10,0.1434278754843967,28,8,0.0,0.0,0.0,False,26,28,,,,,
503,19,10,0.1434278754843967,28,9,0.0,0.0,0.0,False,26,28,,,,,
503,19,10,0.1434278754843967,28,10,0.0,0.0,0.0,False,21,28,,,,,
503,19,10,0.1434278754843967,28,11,0.0,0.0,0.0,False,19,28,,,,,
503,19,10,0.1434278754843967,28,12,0.0,0.0,0.0,False,14,28,,,,,
503,19,10,0.1434278754843967,28,13,0.0,0.0,0.0,False,13,28,,,,,
503,19,17,0.0597546274380172,14,0,1.0,0.2413793103448276,0.3888888888888889,True,58,14,0.2641345203463513,0.33898714147187387,0.43102007502036493,"[0.8186787974261636, 0.5369682414370467]",0.9790658127353563
503,19,17,0.0597546274380172,14,1,0.0,0.0,0.0,False,37,14,,,,,
503,19,17,0.0597546274380172,14,2,0.0,0.0,0.0,False,32,14,,,,,
503,19,17,0.0597546274380172,14,3,0.0,0.0,0.0,False,31,14,,,,,
503,19,17,0.0597546274380172,14,4,0.0,0.0,0.0,False,31,14,,,,,
503,19,17,0.0597546274380172,14,5,0.0,0.0,0.0,False,30,14,,,,,
503,19,17,0.0597546274380172,14,6,0.0,0.0,0.0,False,29,14,,,,,
503,19,17,0.0597546274380172,14,7,0.0,0.0,0.0,False,27,14,,,,,
503,19,17,0.0597546274380172,14,8,0.0,0.0,0.0,False,26,14,,,,,
503,19,17,0.0597546274380172,14,9,0.0,0.0,0.0,False,26,14,,,,,
503,19,17,0.0597546274380172,14,10,0.0,0.0,0.0,False,21,14,,,,,
503,19,17,0.0597546274380172,14,11,0.0,0.0,0.0,False,19,14,,,,,
503,19,17,0.0597546274380172,14,12,0.0,0.0,0.0,False,14,14,,,,,
503,19,17,0.0597546274380172,14,13,0.0,0.0,0.0,False,13,14,,,,,
503,20,8,0.2587693705204176,27,0,0.0,0.0,0.0,False,53,27,,,,,
503,20,8,0.2587693705204176,27,1,0.0,0.0,0.0,False,36,27,,,,,
503,20,8,0.2587693705204176,27,2,0.0,0.0,0.0,False,31,27,,,,,
503,20,8,0.2587693705204176,27,3,0.0,0.0,0.0,False,30,27,,,,,
503,20,8,0.2587693705204176,27,4,1.0,1.0,1.0,True,27,27,0.8907147819269885,0.9562859127707954,0.06401186656373245,"[-0.05185185185185048, -0.10370370370370274]",0.11594426549998763
503,20,8,0.2587693705204176,27,5,0.0,0.0,0.0,False,27,27,,,,,
503,20,8,0.2587693705204176,27,6,0.0,0.0,0.0,False,26,27,,,,,
503,20,8,0.2587693705204176,27,7,0.0,0.0,0.0,False,25,27,,,,,
503,20,8,0.2587693705204176,27,8,0.0,0.0,0.0,False,25,27,,,,,
503,20,8,0.2587693705204176,27,9,0.0,0.0,0.0,False,24,27,,,,,
503,20,8,0.2587693705204176,27,10,0.0,0.0,0.0,False,21,27,,,,,
503,20,8,0.2587693705204176,27,11,0.0,0.0,0.0,False,18,27,,,,,
503,20,8,0.2587693705204176,27,12,0.0,0.0,0.0,False,17,27,,,,,
503,20,8,0.2587693705204176,27,13,0.0,0.0,0.0,False,17,27,,,,,
503,20,8,0.2587693705204176,27,14,0.0,0.0,0.0,False,13,27,,,,,
503,20,5,0.19290048627771925,58,0,0.9137931034482759,1.0,0.954954954954955,True,53,58,0.686783569615897,0.8476864008193319,0.18346093553037557,"[-0.11558024436491543, -0.13840869280739976]",0.18032126644438454
503,20,5,0.19290048627771925,58,1,0.0,0.0,0.0,False,36,58,,,,,
503,20,5,0.19290048627771925,58,2,0.0,0.0,0.0,False,31,58,,,,,
503,20,5,0.19290048627771925,58,3,0.0,0.0,0.0,False,30,58,,,,,
503,20,5,0.19290048627771925,58,4,0.0,0.0,0.0,False,27,58,,,,,
503,20,5,0.19290048627771925,58,5,0.0,0.0,0.0,False,27,58,,,,,
503,20,5,0.19290048627771925,58,6,0.08620689655172414,0.19230769230769232,0.11904761904761904,False,26,58,,,,,
503,20,5,0.19290048627771925,58,7,0.0,0.0,0.0,False,25,58,,,,,
503,20,5,0.19290048627771925,58,8,0.0,0.0,0.0,False,25,58,,,,,
503,20,5,0.19290048627771925,58,9,0.0,0.0,0.0,False,24,58,,,,,
503,20,5,0.19290048627771925,58,10,0.0,0.0,0.0,False,21,58,,,,,
503,20,5,0.19290048627771925,58,11,0.0,0.0,0.0,False,18,58,,,,,
503,20,5,0.19290048627771925,58,12,0.0,0.0,0.0,False,17,58,,,,,
503,20,5,0.19290048627771925,58,13,0.0,0.0,0.0,False,17,58,,,,,
503,20,5,0.19290048627771925,58,14,0.0,0.0,0.0,False,13,58,,,,,
503,20,11,0.18781959525659475,26,0,0.0,0.0,0.0,False,53,26,,,,,
503,20,11,0.18781959525659475,26,1,0.0,0.0,0.0,False,36,26,,,,,
503,20,11,0.18781959525659475,26,2,0.0,0.0,0.0,False,31,26,,,,,
503,20,11,0.18781959525659475,26,3,0.0,0.0,0.0,False,30,26,,,,,
503,20,11,0.18781959525659475,26,4,0.0,0.0,0.0,False,27,26,,,,,
503,20,11,0.18781959525659475,26,5,0.0,0.0,0.0,False,27,26,,,,,
503,20,11,0.18781959525659475,26,6,0.07692307692307693,0.07692307692307693,0.07692307692307693,False,26,26,,,,,
503,20,11,0.18781959525659475,26,7,0.0,0.0,0.0,False,25,26,,,,,
503,20,11,0.18781959525659475,26,8,0.0,0.0,0.0,False,25,26,,,,,
503,20,11,0.18781959525659475,26,9,0.9230769230769231,1.0,0.96,True,24,26,0.7561074644873569,0.8784429857949427,0.14285570102166592,"[0.1379565464323944, 0.11847499960992991]",0.18184700777336504
503,20,11,0.18781959525659475,26,10,0.0,0.0,0.0,False,21,26,,,,,
503,20,11,0.18781959525659475,26,11,0.0,0.0,0.0,False,18,26,,,,,
503,20,11,0.18781959525659475,26,12,0.0,0.0,0.0,False,17,26,,,,,
503,20,11,0.18781959525659475,26,13,0.0,0.0,0.0,False,17,26,,,,,
503,20,11,0.18781959525659475,26,14,0.0,0.0,0.0,False,13,26,,,,,
503,20,16,0.15732804502285455,58,0,0.9137931034482759,1.0,0.954954954954955,True,53,58,0.686783569615897,0.8476864008193319,0.18346093553037557,"[-0.11558024436491543, -0.13840869280739976]",0.18032126644438454
503,20,16,0.15732804502285455,58,1,0.0,0.0,0.0,False,36,58,,,,,
503,20,16,0.15732804502285455,58,2,0.0,0.0,0.0,False,31,58,,,,,
503,20,16,0.15732804502285455,58,3,0.0,0.0,0.0,False,30,58,,,,,
503,20,16,0.15732804502285455,58,4,0.0,0.0,0.0,False,27,58,,,,,
503,20,16,0.15732804502285455,58,5,0.0,0.0,0.0,False,27,58,,,,,
503,20,16,0.15732804502285455,58,6,0.08620689655172414,0.19230769230769232,0.11904761904761904,False,26,58,,,,,
503,20,16,0.15732804502285455,58,7,0.0,0.0,0.0,False,25,58,,,,,
503,20,16,0.15732804502285455,58,8,0.0,0.0,0.0,False,25,58,,,,,
503,20,16,0.15732804502285455,58,9,0.0,0.0,0.0,False,24,58,,,,,
503,20,16,0.15732804502285455,58,10,0.0,0.0,0.0,False,21,58,,,,,
503,20,16,0.15732804502285455,58,11,0.0,0.0,0.0,False,18,58,,,,,
503,20,16,0.15732804502285455,58,12,0.0,0.0,0.0,False,17,58,,,,,
503,20,16,0.15732804502285455,58,13,0.0,0.0,0.0,False,17,58,,,,,
503,20,16,0.15732804502285455,58,14,0.0,0.0,0.0,False,13,58,,,,,
503,20,10,0.1434278754843967,27,0,0.0,0.0,0.0,False,53,27,,,,,
503,20,10,0.1434278754843967,27,1,0.0,0.0,0.0,False,36,27,,,,,
503,20,10,0.1434278754843967,27,2,0.0,0.0,0.0,False,31,27,,,,,
503,20,10,0.1434278754843967,27,3,0.0,0.0,0.0,False,30,27,,,,,
503,20,10,0.1434278754843967,27,4,1.0,1.0,1.0,True,27,27,0.8907147819269885,0.9562859127707954,0.06401186656373245,"[-0.05185185185185048, -0.10370370370370274]",0.11594426549998763
503,20,10,0.1434278754843967,27,5,0.0,0.0,0.0,False,27,27,,,,,
503,20,10,0.1434278754843967,27,6,0.0,0.0,0.0,False,26,27,,,,,
503,20,10,0.1434278754843967,27,7,0.0,0.0,0.0,False,25,27,,,,,
503,20,10,0.1434278754843967,27,8,0.0,0.0,0.0,False,25,27,,,,,
503,20,10,0.1434278754843967,27,9,0.0,0.0,0.0,False,24,27,,,,,
503,20,10,0.1434278754843967,27,10,0.0,0.0,0.0,False,21,27,,,,,
503,20,10,0.1434278754843967,27,11,0.0,0.0,0.0,False,18,27,,,,,
503,20,10,0.1434278754843967,27,12,0.0,0.0,0.0,False,17,27,,,,,
503,20,10,0.1434278754843967,27,13,0.0,0.0,0.0,False,17,27,,,,,
503,20,10,0.1434278754843967,27,14,0.0,0.0,0.0,False,13,27,,,,,
503,20,17,0.0597546274380172,58,0,0.9137931034482759,1.0,0.954954954954955,True,53,58,0.686783569615897,0.8476864008193319,0.18346093553037557,"[-0.11558024436491543, -0.13840869280739976]",0.18032126644438454
503,20,17,0.0597546274380172,58,1,0.0,0.0,0.0,False,36,58,,,,,
503,20,17,0.0597546274380172,58,2,0.0,0.0,0.0,False,31,58,,,,,
503,20,17,0.0597546274380172,58,3,0.0,0.0,0.0,False,30,58,,,,,
503,20,17,0.0597546274380172,58,4,0.0,0.0,0.0,False,27,58,,,,,
503,20,17,0.0597546274380172,58,5,0.0,0.0,0.0,False,27,58,,,,,
503,20,17,0.0597546274380172,58,6,0.08620689655172414,0.19230769230769232,0.11904761904761904,False,26,58,,,,,
503,20,17,0.0597546274380172,58,7,0.0,0.0,0.0,False,25,58,,,,,
503,20,17,0.0597546274380172,58,8,0.0,0.0,0.0,False,25,58,,,,,
503,20,17,0.0597546274380172,58,9,0.0,0.0,0.0,False,24,58,,,,,
503,20,17,0.0597546274380172,58,10,0.0,0.0,0.0,False,21,58,,,,,
503,20,17,0.0597546274380172,58,11,0.0,0.0,0.0,False,18,58,,,,,
503,20,17,0.0597546274380172,58,12,0.0,0.0,0.0,False,17,58,,,,,
503,20,17,0.0597546274380172,58,13,0.0,0.0,0.0,False,17,58,,,,,
503,20,17,0.0597546274380172,58,14,0.0,0.0,0.0,False,13,58,,,,,
503,21,8,0.2587693705204176,27,0,0.0,0.0,0.0,False,41,27,,,,,
503,21,8,0.2587693705204176,27,1,0.0,0.0,0.0,False,41,27,,,,,
503,21,8,0.2587693705204176,27,2,0.0,0.0,0.0,False,32,27,,,,,
503,21,8,0.2587693705204176,27,3,0.0,0.0,0.0,False,29,27,,,,,
503,21,8,0.2587693705204176,27,4,1.0,0.9642857142857143,0.9818181818181818,True,28,27,0.8335545567147752,0.9225127317768191,0.09749244859992909,"[0.03999304868240117, -0.0312112949161385]",0.05073055167505162
503,21,8,0.2587693705204176,27,5,0.0,0.0,0.0,False,28,27,,,,,
503,21,8,0.2587693705204176,27,6,0.0,0.0,0.0,False,27,27,,,,,
503,21,8,0.2587693705204176,27,7,0.0,0.0,0.0,False,26,27,,,,,
503,21,8,0.2587693705204176,27,8,0.0,0.0,0.0,False,24,27,,,,,
503,21,8,0.2587693705204176,27,9,0.0,0.0,0.0,False,24,27,,,,,
503,21,8,0.2587693705204176,27,10,0.0,0.0,0.0,False,21,27,,,,,
503,21,8,0.2587693705204176,27,11,0.0,0.0,0.0,False,21,27,,,,,
503,21,8,0.2587693705204176,27,12,0.0,0.0,0.0,False,20,27,,,,,
503,21,8,0.2587693705204176,27,13,0.0,0.0,0.0,False,14,27,,,,,
503,21,5,0.19290048627771925,53,0,0.6226415094339622,0.8048780487804879,0.7021276595744681,True,41,53,0.48714626267956207,0.6161351008165057,0.30039492603780227,"[-0.16475586741590575, -0.34241321650915313]",0.3799885612595617
503,21,5,0.19290048627771925,53,1,0.0,0.0,0.0,False,41,53,,,,,
503,21,5,0.19290048627771925,53,2,0.0,0.0,0.0,False,32,53,,,,,
503,21,5,0.19290048627771925,53,3,0.0,0.0,0.0,False,29,53,,,,,
503,21,5,0.19290048627771925,53,4,0.0,0.0,0.0,False,28,53,,,,,
503,21,5,0.19290048627771925,53,5,0.0,0.0,0.0,False,28,53,,,,,
503,21,5,0.19290048627771925,53,6,0.0,0.0,0.0,False,27,53,,,,,
503,21,5,0.19290048627771925,53,7,0.0,0.0,0.0,False,26,53,,,,,
503,21,5,0.19290048627771925,53,8,0.0,0.0,0.0,False,24,53,,,,,
503,21,5,0.19290048627771925,53,9,0.0,0.0,0.0,False,24,53,,,,,
503,21,5,0.19290048627771925,53,10,0.0,0.0,0.0,False,21,53,,,,,
503,21,5,0.19290048627771925,53,11,0.0,0.0,0.0,False,21,53,,,,,
503,21,5,0.19290048627771925,53,12,0.37735849056603776,1.0,0.547945205479452,True,20,53,0.3764095253243539,0.4793309334174128,0.3652569941223349,"[2.830267911856133, 1.4278431718797184]",3.170039838293205
503,21,5,0.19290048627771925,53,13,0.0,0.0,0.0,False,14,53,,,,,
503,21,11,0.18781959525659475,24,0,0.0,0.0,0.0,False,41,24,,,,,
503,21,11,0.18781959525659475,24,1,0.0,0.0,0.0,False,41,24,,,,,
503,21,11,0.18781959525659475,24,2,0.0,0.0,0.0,False,32,24,,,,,
503,21,11,0.18781959525659475,24,3,0.0,0.0,0.0,False,29,24,,,,,
503,21,11,0.18781959525659475,24,4,0.0,0.0,0.0,False,28,24,,,,,
503,21,11,0.18781959525659475,24,5,0.0,0.0,0.0,False,28,24,,,,,
503,21,11,0.18781959525659475,24,6,0.0,0.0,0.0,False,27,24,,,,,
503,21,11,0.18781959525659475,24,7,0.0,0.0,0.0,False,26,24,,,,,
503,21,11,0.18781959525659475,24,8,1.0,1.0,1.0,True,24,24,0.6816078173812674,0.872643126952507,0.18649254005340185,"[0.011666666666665826, 0.011666666666666714]",0.016499158227685547
503,21,11,0.18781959525659475,24,9,0.0,0.0,0.0,False,24,24,,,,,
503,21,11,0.18781959525659475,24,10,0.0,0.0,0.0,False,21,24,,,,,
503,21,11,0.18781959525659475,24,11,0.0,0.0,0.0,False,21,24,,,,,
503,21,11,0.18781959525659475,24,12,0.0,0.0,0.0,False,20,24,,,,,
503,21,11,0.18781959525659475,24,13,0.0,0.0,0.0,False,14,24,,,,,
503,21,16,0.15732804502285455,53,0,0.6226415094339622,0.8048780487804879,0.7021276595744681,True,41,53,0.48714626267956207,0.6161351008165057,0.30039492603780227,"[-0.16475586741590575, -0.34241321650915313]",0.3799885612595617
503,21,16,0.15732804502285455,53,1,0.0,0.0,0.0,False,41,53,,,,,
503,21,16,0.15732804502285455,53,2,0.0,0.0,0.0,False,32,53,,,,,
503,21,16,0.15732804502285455,53,3,0.0,0.0,0.0,False,29,53,,,,,
503,21,16,0.15732804502285455,53,4,0.0,0.0,0.0,False,28,53,,,,,
503,21,16,0.15732804502285455,53,5,0.0,0.0,0.0,False,28,53,,,,,
503,21,16,0.15732804502285455,53,6,0.0,0.0,0.0,False,27,53,,,,,
503,21,16,0.15732804502285455,53,7,0.0,0.0,0.0,False,26,53,,,,,
503,21,16,0.15732804502285455,53,8,0.0,0.0,0.0,False,24,53,,,,,
503,21,16,0.15732804502285455,53,9,0.0,0.0,0.0,False,24,53,,,,,
503,21,16,0.15732804502285455,53,10,0.0,0.0,0.0,False,21,53,,,,,
503,21,16,0.15732804502285455,53,11,0.0,0.0,0.0,False,21,53,,,,,
503,21,16,0.15732804502285455,53,12,0.37735849056603776,1.0,0.547945205479452,True,20,53,0.3764095253243539,0.4793309334174128,0.3652569941223349,"[2.830267911856133, 1.4278431718797184]",3.170039838293205
503,21,16,0.15732804502285455,53,13,0.0,0.0,0.0,False,14,53,,,,,
503,21,10,0.1434278754843967,27,0,0.0,0.0,0.0,False,41,27,,,,,
503,21,10,0.1434278754843967,27,1,0.0,0.0,0.0,False,41,27,,,,,
503,21,10,0.1434278754843967,27,2,0.0,0.0,0.0,False,32,27,,,,,
503,21,10,0.1434278754843967,27,3,0.0,0.0,0.0,False,29,27,,,,,
503,21,10,0.1434278754843967,27,4,1.0,0.9642857142857143,0.9818181818181818,True,28,27,0.8335545567147752,0.9225127317768191,0.09749244859992909,"[0.03999304868240117, -0.0312112949161385]",0.05073055167505162
503,21,10,0.1434278754843967,27,5,0.0,0.0,0.0,False,28,27,,,,,
503,21,10,0.1434278754843967,27,6,0.0,0.0,0.0,False,27,27,,,,,
503,21,10,0.1434278754843967,27,7,0.0,0.0,0.0,False,26,27,,,,,
503,21,10,0.1434278754843967,27,8,0.0,0.0,0.0,False,24,27,,,,,
503,21,10,0.1434278754843967,27,9,0.0,0.0,0.0,False,24,27,,,,,
503,21,10,0.1434278754843967,27,10,0.0,0.0,0.0,False,21,27,,,,,
503,21,10,0.1434278754843967,27,11,0.0,0.0,0.0,False,21,27,,,,,
503,21,10,0.1434278754843967,27,12,0.0,0.0,0.0,False,20,27,,,,,
503,21,10,0.1434278754843967,27,13,0.0,0.0,0.0,False,14,27,,,,,
503,21,17,0.0597546274380172,53,0,0.6226415094339622,0.8048780487804879,0.7021276595744681,True,41,53,0.48714626267956207,0.6161351008165057,0.30039492603780227,"[-0.16475586741590575, -0.34241321650915313]",0.3799885612595617
503,21,17,0.0597546274380172,53,1,0.0,0.0,0.0,False,41,53,,,,,
503,21,17,0.0597546274380172,53,2,0.0,0.0,0.0,False,32,53,,,,,
503,21,17,0.0597546274380172,53,3,0.0,0.0,0.0,False,29,53,,,,,
503,21,17,0.0597546274380172,53,4,0.0,0.0,0.0,False,28,53,,,,,
503,21,17,0.0597546274380172,53,5,0.0,0.0,0.0,False,28,53,,,,,
503,21,17,0.0597546274380172,53,6,0.0,0.0,0.0,False,27,53,,,,,
503,21,17,0.0597546274380172,53,7,0.0,0.0,0.0,False,26,53,,,,,
503,21,17,0.0597546274380172,53,8,0.0,0.0,0.0,False,24,53,,,,,
503,21,17,0.0597546274380172,53,9,0.0,0.0,0.0,False,24,53,,,,,
503,21,17,0.0597546274380172,53,10,0.0,0.0,0.0,False,21,53,,,,,
503,21,17,0.0597546274380172,53,11,0.0,0.0,0.0,False,21,53,,,,,
503,21,17,0.0597546274380172,53,12,0.37735849056603776,1.0,0.547945205479452,True,20,53,0.3764095253243539,0.4793309334174128,0.3652569941223349,"[2.830267911856133, 1.4278431718797184]",3.170039838293205
503,21,17,0.0597546274380172,53,13,0.0,0.0,0.0,False,14,53,,,,,
503,22,8,0.29319550499911096,28,0,0.0,0.0,0.0,False,41,28,,,,,
503,22,8,0.29319550499911096,28,1,0.0,0.0,0.0,False,38,28,,,,,
503,22,8,0.29319550499911096,28,2,0.0,0.0,0.0,False,37,28,,,,,
503,22,8,0.29319550499911096,28,3,0.0,0.0,0.0,False,33,28,,,,,
503,22,8,0.29319550499911096,28,4,1.0,1.0,1.0,True,28,28,0.8412588962830788,0.9365035585132315,0.09297976916254663,"[-0.05999999999999872, 0.0]",0.05999999999999872
503,22,8,0.29319550499911096,28,5,0.0,0.0,0.0,False,27,28,,,,,
503,22,8,0.29319550499911096,28,6,0.0,0.0,0.0,False,26,28,,,,,
503,22,8,0.29319550499911096,28,7,0.0,0.0,0.0,False,25,28,,,,,
503,22,8,0.29319550499911096,28,8,0.0,0.0,0.0,False,24,28,,,,,
503,22,8,0.29319550499911096,28,9,0.0,0.0,0.0,False,21,28,,,,,
503,22,8,0.29319550499911096,28,10,0.0,0.0,0.0,False,20,28,,,,,
503,22,8,0.29319550499911096,28,11,0.0,0.0,0.0,False,20,28,,,,,
503,22,8,0.29319550499911096,28,12,0.0,0.0,0.0,False,15,28,,,,,
503,22,8,0.29319550499911096,28,13,0.0,0.0,0.0,False,15,28,,,,,
503,22,8,0.29319550499911096,28,14,0.0,0.0,0.0,False,13,28,,,,,
503,22,11,0.21280672039831283,24,0,0.0,0.0,0.0,False,41,24,,,,,
503,22,11,0.21280672039831283,24,1,0.0,0.0,0.0,False,38,24,,,,,
503,22,11,0.21280672039831283,24,2,0.0,0.0,0.0,False,37,24,,,,,
503,22,11,0.21280672039831283,24,3,0.0,0.0,0.0,False,33,24,,,,,
503,22,11,0.21280672039831283,24,4,0.0,0.0,0.0,False,28,24,,,,,
503,22,11,0.21280672039831283,24,5,0.0,0.0,0.0,False,27,24,,,,,
503,22,11,0.21280672039831283,24,6,0.0,0.0,0.0,False,26,24,,,,,
503,22,11,0.21280672039831283,24,7,1.0,0.96,0.9795918367346939,True,25,24,0.7338475938914142,0.8812941395973819,0.15589402305128838,"[-0.053687893150075716, 0.15749536098086914]",0.16639464715365163
503,22,11,0.21280672039831283,24,8,0.0,0.0,0.0,False,24,24,,,,,
503,22,11,0.21280672039831283,24,9,0.0,0.0,0.0,False,21,24,,,,,
503,22,11,0.21280672039831283,24,10,0.0,0.0,0.0,False,20,24,,,,,
503,22,11,0.21280672039831283,24,11,0.0,0.0,0.0,False,20,24,,,,,
503,22,11,0.21280672039831283,24,12,0.0,0.0,0.0,False,15,24,,,,,
503,22,11,0.21280672039831283,24,13,0.0,0.0,0.0,False,15,24,,,,,
503,22,11,0.21280672039831283,24,14,0.0,0.0,0.0,False,13,24,,,,,
503,22,10,0.16250921930607412,28,0,0.0,0.0,0.0,False,41,28,,,,,
503,22,10,0.16250921930607412,28,1,0.0,0.0,0.0,False,38,28,,,,,
503,22,10,0.16250921930607412,28,2,0.0,0.0,0.0,False,37,28,,,,,
503,22,10,0.16250921930607412,28,3,0.0,0.0,0.0,False,33,28,,,,,
503,22,10,0.16250921930607412,28,4,1.0,1.0,1.0,True,28,28,0.8412588962830788,0.9365035585132315,0.09297976916254663,"[-0.05999999999999872, 0.0]",0.05999999999999872
503,22,10,0.16250921930607412,28,5,0.0,0.0,0.0,False,27,28,,,,,
503,22,10,0.16250921930607412,28,6,0.0,0.0,0.0,False,26,28,,,,,
503,22,10,0.16250921930607412,28,7,0.0,0.0,0.0,False,25,28,,,,,
503,22,10,0.16250921930607412,28,8,0.0,0.0,0.0,False,24,28,,,,,
503,22,10,0.16250921930607412,28,9,0.0,0.0,0.0,False,21,28,,,,,
503,22,10,0.16250921930607412,28,10,0.0,0.0,0.0,False,20,28,,,,,
503,22,10,0.16250921930607412,28,11,0.0,0.0,0.0,False,20,28,,,,,
503,22,10,0.16250921930607412,28,12,0.0,0.0,0.0,False,15,28,,,,,
503,22,10,0.16250921930607412,28,13,0.0,0.0,0.0,False,15,28,,,,,
503,22,10,0.16250921930607412,28,14,0.0,0.0,0.0,False,13,28,,,,,
503,22,19,0.13845774298370572,41,0,1.0,1.0,1.0,True,41,41,0.7420252557954568,0.8968101023181827,0.1511041035010051,"[-0.03414634146341555, 0.06829268292682933]",0.07635354069511524
503,22,19,0.13845774298370572,41,1,0.0,0.0,0.0,False,38,41,,,,,
503,22,19,0.13845774298370572,41,2,0.0,0.0,0.0,False,37,41,,,,,
503,22,19,0.13845774298370572,41,3,0.0,0.0,0.0,False,33,41,,,,,
503,22,19,0.13845774298370572,41,4,0.0,0.0,0.0,False,28,41,,,,,
503,22,19,0.13845774298370572,41,5,0.0,0.0,0.0,False,27,41,,,,,
503,22,19,0.13845774298370572,41,6,0.0,0.0,0.0,False,26,41,,,,,
503,22,19,0.13845774298370572,41,7,0.0,0.0,0.0,False,25,41,,,,,
503,22,19,0.13845774298370572,41,8,0.0,0.0,0.0,False,24,41,,,,,
503,22,19,0.13845774298370572,41,9,0.0,0.0,0.0,False,21,41,,,,,
503,22,19,0.13845774298370572,41,10,0.0,0.0,0.0,False,20,41,,,,,
503,22,19,0.13845774298370572,41,11,0.0,0.0,0.0,False,20,41,,,,,
503,22,19,0.13845774298370572,41,12,0.0,0.0,0.0,False,15,41,,,,,
503,22,19,0.13845774298370572,41,13,0.0,0.0,0.0,False,15,41,,,,,
503,22,19,0.13845774298370572,41,14,0.0,0.0,0.0,False,13,41,,,,,
503,22,21,0.11292499278898567,41,0,1.0,1.0,1.0,True,41,41,0.7420252557954568,0.8968101023181827,0.1511041035010051,"[-0.03414634146341555, 0.06829268292682933]",0.07635354069511524
503,22,21,0.11292499278898567,41,1,0.0,0.0,0.0,False,38,41,,,,,
503,22,21,0.11292499278898567,41,2,0.0,0.0,0.0,False,37,41,,,,,
503,22,21,0.11292499278898567,41,3,0.0,0.0,0.0,False,33,41,,,,,
503,22,21,0.11292499278898567,41,4,0.0,0.0,0.0,False,28,41,,,,,
503,22,21,0.11292499278898567,41,5,0.0,0.0,0.0,False,27,41,,,,,
503,22,21,0.11292499278898567,41,6,0.0,0.0,0.0,False,26,41,,,,,
503,22,21,0.11292499278898567,41,7,0.0,0.0,0.0,False,25,41,,,,,
503,22,21,0.11292499278898567,41,8,0.0,0.0,0.0,False,24,41,,,,,
503,22,21,0.11292499278898567,41,9,0.0,0.0,0.0,False,21,41,,,,,
503,22,21,0.11292499278898567,41,10,0.0,0.0,0.0,False,20,41,,,,,
503,22,21,0.11292499278898567,41,11,0.0,0.0,0.0,False,20,41,,,,,
503,22,21,0.11292499278898567,41,12,0.0,0.0,0.0,False,15,41,,,,,
503,22,21,0.11292499278898567,41,13,0.0,0.0,0.0,False,15,41,,,,,
503,22,21,0.11292499278898567,41,14,0.0,0.0,0.0,False,13,41,,,,,
503,22,20,0.08010581952381068,20,0,0.0,0.0,0.0,False,41,20,,,,,
503,22,20,0.08010581952381068,20,1,0.0,0.0,0.0,False,38,20,,,,,
503,22,20,0.08010581952381068,20,2,0.0,0.0,0.0,False,37,20,,,,,
503,22,20,0.08010581952381068,20,3,0.0,0.0,0.0,False,33,20,,,,,
503,22,20,0.08010581952381068,20,4,0.0,0.0,0.0,False,28,20,,,,,
503,22,20,0.08010581952381068,20,5,0.0,0.0,0.0,False,27,20,,,,,
503,22,20,0.08010581952381068,20,6,0.0,0.0,0.0,False,26,20,,,,,
503,22,20,0.08010581952381068,20,7,0.0,0.0,0.0,False,25,20,,,,,
503,22,20,0.08010581952381068,20,8,0.0,0.0,0.0,False,24,20,,,,,
503,22,20,0.08010581952381068,20,9,0.0,0.0,0.0,False,21,20,,,,,
503,22,20,0.08010581952381068,20,10,1.0,1.0,1.0,True,20,20,0.7658564953881386,0.9063425981552554,0.1371453801187088,"[0.02800000000000047, 0.08399999999999963]",0.08854377448471441
503,22,20,0.08010581952381068,20,11,0.0,0.0,0.0,False,20,20,,,,,
503,22,20,0.08010581952381068,20,12,0.0,0.0,0.0,False,15,20,,,,,
503,22,20,0.08010581952381068,20,13,0.0,0.0,0.0,False,15,20,,,,,
503,22,20,0.08010581952381068,20,14,0.0,0.0,0.0,False,13,20,,,,,
503,23,8,0.29319550499911096,28,0,0.0,0.0,0.0,False,39,28,,,,,
503,23,8,0.29319550499911096,28,1,0.0,0.0,0.0,False,38,28,,,,,
503,23,8,0.29319550499911096,28,2,0.0,0.0,0.0,False,33,28,,,,,
503,23,8,0.29319550499911096,28,3,1.0,1.0,1.0,True,28,28,0.8309234528141536,0.9323693811256615,0.09903357076422205,"[-0.040000000000000924, 0.019999999999999574]",0.04472135954999643
503,23,8,0.29319550499911096,28,4,0.0,0.0,0.0,False,27,28,,,,,
503,23,8,0.29319550499911096,28,5,0.0,0.0,0.0,False,25,28,,,,,
503,23,8,0.29319550499911096,28,6,0.0,0.0,0.0,False,25,28,,,,,
503,23,8,0.29319550499911096,28,7,0.0,0.0,0.0,False,25,28,,,,,
503,23,8,0.29319550499911096,28,8,0.0,0.0,0.0,False,24,28,,,,,
503,23,8,0.29319550499911096,28,9,0.0,0.0,0.0,False,23,28,,,,,
503,23,8,0.29319550499911096,28,10,0.0,0.0,0.0,False,21,28,,,,,
503,23,8,0.29319550499911096,28,11,0.0,0.0,0.0,False,20,28,,,,,
503,23,8,0.29319550499911096,28,12,0.0,0.0,0.0,False,17,28,,,,,
503,23,8,0.29319550499911096,28,13,0.0,0.0,0.0,False,14,28,,,,,
503,23,8,0.29319550499911096,28,14,0.0,0.0,0.0,False,14,28,,,,,
503,23,8,0.29319550499911096,28,15,0.0,0.0,0.0,False,12,28,,,,,
503,23,11,0.21280672039831283,25,0,0.0,0.0,0.0,False,39,25,,,,,
503,23,11,0.21280672039831283,25,1,0.0,0.0,0.0,False,38,25,,,,,
503,23,11,0.21280672039831283,25,2,0.0,0.0,0.0,False,33,25,,,,,
503,23,11,0.21280672039831283,25,3,0.0,0.0,0.0,False,28,25,,,,,
503,23,11,0.21280672039831283,25,4,0.0,0.0,0.0,False,27,25,,,,,
503,23,11,0.21280672039831283,25,5,0.0,0.0,0.0,False,25,25,,,,,
503,23,11,0.21280672039831283,25,6,1.0,1.0,1.0,True,25,25,0.7808141847675628,0.9123256739070251,0.1283841804474249,"[-0.04479999999999951, 0.011200000000000543]",0.046178783006917454
503,23,11,0.21280672039831283,25,7,0.0,0.0,0.0,False,25,25,,,,,
503,23,11,0.21280672039831283,25,8,0.0,0.0,0.0,False,24,25,,,,,
503,23,11,0.21280672039831283,25,9,0.0,0.0,0.0,False,23,25,,,,,
503,23,11,0.21280672039831283,25,10,0.0,0.0,0.0,False,21,25,,,,,
503,23,11,0.21280672039831283,25,11,0.0,0.0,0.0,False,20,25,,,,,
503,23,11,0.21280672039831283,25,12,0.0,0.0,0.0,False,17,25,,,,,
503,23,11,0.21280672039831283,25,13,0.0,0.0,0.0,False,14,25,,,,,
503,23,11,0.21280672039831283,25,14,0.0,0.0,0.0,False,14,25,,,,,
503,23,11,0.21280672039831283,25,15,0.0,0.0,0.0,False,12,25,,,,,
503,23,10,0.16250921930607412,28,0,0.0,0.0,0.0,False,39,28,,,,,
503,23,10,0.16250921930607412,28,1,0.0,0.0,0.0,False,38,28,,,,,
503,23,10,0.16250921930607412,28,2,0.0,0.0,0.0,False,33,28,,,,,
503,23,10,0.16250921930607412,28,3,1.0,1.0,1.0,True,28,28,0.8309234528141536,0.9323693811256615,0.09903357076422205,"[-0.040000000000000924, 0.019999999999999574]",0.04472135954999643
503,23,10,0.16250921930607412,28,4,0.0,0.0,0.0,False,27,28,,,,,
503,23,10,0.16250921930607412,28,5,0.0,0.0,0.0,False,25,28,,,,,
503,23,10,0.16250921930607412,28,6,0.0,0.0,0.0,False,25,28,,,,,
503,23,10,0.16250921930607412,28,7,0.0,0.0,0.0,False,25,28,,,,,
503,23,10,0.16250921930607412,28,8,0.0,0.0,0.0,False,24,28,,,,,
503,23,10,0.16250921930607412,28,9,0.0,0.0,0.0,False,23,28,,,,,
503,23,10,0.16250921930607412,28,10,0.0,0.0,0.0,False,21,28,,,,,
503,23,10,0.16250921930607412,28,11,0.0,0.0,0.0,False,20,28,,,,,
503,23,10,0.16250921930607412,28,12,0.0,0.0,0.0,False,17,28,,,,,
503,23,10,0.16250921930607412,28,13,0.0,0.0,0.0,False,14,28,,,,,
503,23,10,0.16250921930607412,28,14,0.0,0.0,0.0,False,14,28,,,,,
503,23,10,0.16250921930607412,28,15,0.0,0.0,0.0,False,12,28,,,,,
503,23,19,0.13845774298370572,41,0,0.0,0.0,0.0,False,39,41,,,,,
503,23,19,0.13845774298370572,41,1,0.926829268292683,1.0,0.9620253164556962,True,38,41,0.7054113930844161,0.8593797471071842,0.1725500203008064,"[0.21886135960872544, 0.37921190572830055]",0.4378378286259301
503,23,19,0.13845774298370572,41,2,0.0,0.0,0.0,False,33,41,,,,,
503,23,19,0.13845774298370572,41,3,0.0,0.0,0.0,False,28,41,,,,,
503,23,19,0.13845774298370572,41,4,0.0,0.0,0.0,False,27,41,,,,,
503,23,19,0.13845774298370572,41,5,0.0,0.0,0.0,False,25,41,,,,,
503,23,19,0.13845774298370572,41,6,0.0,0.0,0.0,False,25,41,,,,,
503,23,19,0.13845774298370572,41,7,0.0,0.0,0.0,False,25,41,,,,,
503,23,19,0.13845774298370572,41,8,0.0,0.0,0.0,False,24,41,,,,,
503,23,19,0.13845774298370572,41,9,0.07317073170731707,0.13043478260869565,0.09375,False,23,41,,,,,
503,23,19,0.13845774298370572,41,10,0.0,0.0,0.0,False,21,41,,,,,
503,23,19,0.13845774298370572,41,11,0.0,0.0,0.0,False,20,41,,,,,
503,23,19,0.13845774298370572,41,12,0.0,0.0,0.0,False,17,41,,,,,
503,23,19,0.13845774298370572,41,13,0.0,0.0,0.0,False,14,41,,,,,
503,23,19,0.13845774298370572,41,14,0.0,0.0,0.0,False,14,41,,,,,
503,23,19,0.13845774298370572,41,15,0.0,0.0,0.0,False,12,41,,,,,
503,23,21,0.11292499278898567,41,0,0.0,0.0,0.0,False,39,41,,,,,
503,23,21,0.11292499278898567,41,1,0.926829268292683,1.0,0.9620253164556962,True,38,41,0.7054113930844161,0.8593797471071842,0.1725500203008064,"[0.21886135960872544, 0.37921190572830055]",0.4378378286259301
503,23,21,0.11292499278898567,41,2,0.0,0.0,0.0,False,33,41,,,,,
503,23,21,0.11292499278898567,41,3,0.0,0.0,0.0,False,28,41,,,,,
503,23,21,0.11292499278898567,41,4,0.0,0.0,0.0,False,27,41,,,,,
503,23,21,0.11292499278898567,41,5,0.0,0.0,0.0,False,25,41,,,,,
503,23,21,0.11292499278898567,41,6,0.0,0.0,0.0,False,25,41,,,,,
503,23,21,0.11292499278898567,41,7,0.0,0.0,0.0,False,25,41,,,,,
503,23,21,0.11292499278898567,41,8,0.0,0.0,0.0,False,24,41,,,,,
503,23,21,0.11292499278898567,41,9,0.07317073170731707,0.13043478260869565,0.09375,False,23,41,,,,,
503,23,21,0.11292499278898567,41,10,0.0,0.0,0.0,False,21,41,,,,,
503,23,21,0.11292499278898567,41,11,0.0,0.0,0.0,False,20,41,,,,,
503,23,21,0.11292499278898567,41,12,0.0,0.0,0.0,False,17,41,,,,,
503,23,21,0.11292499278898567,41,13,0.0,0.0,0.0,False,14,41,,,,,
503,23,21,0.11292499278898567,41,14,0.0,0.0,0.0,False,14,41,,,,,
503,23,21,0.11292499278898567,41,15,0.0,0.0,0.0,False,12,41,,,,,
503,23,20,0.08010581952381068,20,0,0.0,0.0,0.0,False,39,20,,,,,
503,23,20,0.08010581952381068,20,1,0.0,0.0,0.0,False,38,20,,,,,
503,23,20,0.08010581952381068,20,2,0.0,0.0,0.0,False,33,20,,,,,
503,23,20,0.08010581952381068,20,3,0.0,0.0,0.0,False,28,20,,,,,
503,23,20,0.08010581952381068,20,4,0.0,0.0,0.0,False,27,20,,,,,
503,23,20,0.08010581952381068,20,5,0.0,0.0,0.0,False,25,20,,,,,
503,23,20,0.08010581952381068,20,6,0.0,0.0,0.0,False,25,20,,,,,
503,23,20,0.08010581952381068,20,7,0.0,0.0,0.0,False,25,20,,,,,
503,23,20,0.08010581952381068,20,8,0.0,0.0,0.0,False,24,20,,,,,
503,23,20,0.08010581952381068,20,9,0.0,0.0,0.0,False,23,20,,,,,
503,23,20,0.08010581952381068,20,10,0.0,0.0,0.0,False,21,20,,,,,
503,23,20,0.08010581952381068,20,11,1.0,1.0,1.0,True,20,20,0.7880290945258032,0.9152116378103212,0.12415817578863102,"[0.041999999999999815, 0.01399999999999979]",0.04427188724235707
503,23,20,0.08010581952381068,20,12,0.0,0.0,0.0,False,17,20,,,,,
503,23,20,0.08010581952381068,20,13,0.0,0.0,0.0,False,14,20,,,,,
503,23,20,0.08010581952381068,20,14,0.0,0.0,0.0,False,14,20,,,,,
503,23,20,0.08010581952381068,20,15,0.0,0.0,0.0,False,12,20,,,,,
503,24,8,0.29319550499911096,28,0,0.0,0.0,0.0,False,44,28,,,,,
503,24,8,0.29319550499911096,28,1,0.0,0.0,0.0,False,39,28,,,,,
503,24,8,0.29319550499911096,28,2,0.0,0.0,0.0,False,36,28,,,,,
503,24,8,0.29319550499911096,28,3,0.0,0.0,0.0,False,35,28,,,,,
503,24,8,0.29319550499911096,28,4,1.0,0.8235294117647058,0.9032258064516129,True,34,28,0.7628711891433488,0.8470839595283073,0.13889396998623962,"[-0.253739760211511, -0.31273700254677284]",0.40272608392570663
503,24,8,0.29319550499911096,28,5,0.0,0.0,0.0,False,31,28,,,,,
503,24,8,0.29319550499911096,28,6,0.0,0.0,0.0,False,26,28,,,,,
503,24,8,0.29319550499911096,28,7,0.0,0.0,0.0,False,25,28,,,,,
503,24,8,0.29319550499911096,28,8,0.0,0.0,0.0,False,24,28,,,,,
503,24,8,0.29319550499911096,28,9,0.0,0.0,0.0,False,24,28,,,,,
503,24,8,0.29319550499911096,28,10,0.0,0.0,0.0,False,21,28,,,,,
503,24,8,0.29319550499911096,28,11,0.0,0.0,0.0,False,20,28,,,,,
503,24,8,0.29319550499911096,28,12,0.0,0.0,0.0,False,14,28,,,,,
503,24,8,0.29319550499911096,28,13,0.0,0.0,0.0,False,12,28,,,,,
503,24,11,0.21280672039831283,25,0,0.0,0.0,0.0,False,44,25,,,,,
503,24,11,0.21280672039831283,25,1,0.0,0.0,0.0,False,39,25,,,,,
503,24,11,0.21280672039831283,25,2,0.0,0.0,0.0,False,36,25,,,,,
503,24,11,0.21280672039831283,25,3,0.0,0.0,0.0,False,35,25,,,,,
503,24,11,0.21280672039831283,25,4,0.0,0.0,0.0,False,34,25,,,,,
503,24,11,0.21280672039831283,25,5,0.96,0.7741935483870968,0.8571428571428571,True,31,25,0.6676517104056154,0.7813463984479605,0.19466708070241973,"[0.2242838020364939, -0.19791116371417417]",0.29911879342268655
503,24,11,0.21280672039831283,25,6,0.04,0.038461538461538464,0.0392156862745098,False,26,25,,,,,
503,24,11,0.21280672039831283,25,7,0.0,0.0,0.0,False,25,25,,,,,
503,24,11,0.21280672039831283,25,8,0.0,0.0,0.0,False,24,25,,,,,
503,24,11,0.21280672039831283,25,9,0.0,0.0,0.0,False,24,25,,,,,
503,24,11,0.21280672039831283,25,10,0.0,0.0,0.0,False,21,25,,,,,
503,24,11,0.21280672039831283,25,11,0.0,0.0,0.0,False,20,25,,,,,
503,24,11,0.21280672039831283,25,12,0.0,0.0,0.0,False,14,25,,,,,
503,24,11,0.21280672039831283,25,13,0.0,0.0,0.0,False,12,25,,,,,
503,24,10,0.16250921930607412,28,0,0.0,0.0,0.0,False,44,28,,,,,
503,24,10,0.16250921930607412,28,1,0.0,0.0,0.0,False,39,28,,,,,
503,24,10,0.16250921930607412,28,2,0.0,0.0,0.0,False,36,28,,,,,
503,24,10,0.16250921930607412,28,3,0.0,0.0,0.0,False,35,28,,,,,
503,24,10,0.16250921930607412,28,4,1.0,0.8235294117647058,0.9032258064516129,True,34,28,0.7628711891433488,0.8470839595283073,0.13889396998623962,"[-0.253739760211511, -0.31273700254677284]",0.40272608392570663
503,24,10,0.16250921930607412,28,5,0.0,0.0,0.0,False,31,28,,,,,
503,24,10,0.16250921930607412,28,6,0.0,0.0,0.0,False,26,28,,,,,
503,24,10,0.16250921930607412,28,7,0.0,0.0,0.0,False,25,28,,,,,
503,24,10,0.16250921930607412,28,8,0.0,0.0,0.0,False,24,28,,,,,
503,24,10,0.16250921930607412,28,9,0.0,0.0,0.0,False,24,28,,,,,
503,24,10,0.16250921930607412,28,10,0.0,0.0,0.0,False,21,28,,,,,
503,24,10,0.16250921930607412,28,11,0.0,0.0,0.0,False,20,28,,,,,
503,24,10,0.16250921930607412,28,12,0.0,0.0,0.0,False,14,28,,,,,
503,24,10,0.16250921930607412,28,13,0.0,0.0,0.0,False,12,28,,,,,
503,24,19,0.13845774298370572,38,0,0.0,0.0,0.0,False,44,38,,,,,
503,24,19,0.13845774298370572,38,1,0.0,0.0,0.0,False,39,38,,,,,
503,24,19,0.13845774298370572,38,2,0.07894736842105263,0.08333333333333333,0.08108108108108109,False,36,38,,,,,
503,24,19,0.13845774298370572,38,3,0.9210526315789473,1.0,0.958904109589041,True,35,38,0.7032542094487931,0.8566441495329419,0.17381355212580324,"[0.23982901647660704, 0.18155424394113107]",0.30079877100342745
503,24,19,0.13845774298370572,38,4,0.0,0.0,0.0,False,34,38,,,,,
503,24,19,0.13845774298370572,38,5,0.0,0.0,0.0,False,31,38,,,,,
503,24,19,0.13845774298370572,38,6,0.0,0.0,0.0,False,26,38,,,,,
503,24,19,0.13845774298370572,38,7,0.0,0.0,0.0,False,25,38,,,,,
503,24,19,0.13845774298370572,38,8,0.0,0.0,0.0,False,24,38,,,,,
503,24,19,0.13845774298370572,38,9,0.0,0.0,0.0,False,24,38,,,,,
503,24,19,0.13845774298370572,38,10,0.0,0.0,0.0,False,21,38,,,,,
503,24,19,0.13845774298370572,38,11,0.0,0.0,0.0,False,20,38,,,,,
503,24,19,0.13845774298370572,38,12,0.0,0.0,0.0,False,14,38,,,,,
503,24,19,0.13845774298370572,38,13,0.0,0.0,0.0,False,12,38,,,,,
503,24,21,0.11292499278898567,38,0,0.0,0.0,0.0,False,44,38,,,,,
503,24,21,0.11292499278898567,38,1,0.0,0.0,0.0,False,39,38,,,,,
503,24,21,0.11292499278898567,38,2,0.07894736842105263,0.08333333333333333,0.08108108108108109,False,36,38,,,,,
503,24,21,0.11292499278898567,38,3,0.9210526315789473,1.0,0.958904109589041,True,35,38,0.7032542094487931,0.8566441495329419,0.17381355212580324,"[0.23982901647660704, 0.18155424394113107]",0.30079877100342745
503,24,21,0.11292499278898567,38,4,0.0,0.0,0.0,False,34,38,,,,,
503,24,21,0.11292499278898567,38,5,0.0,0.0,0.0,False,31,38,,,,,
503,24,21,0.11292499278898567,38,6,0.0,0.0,0.0,False,26,38,,,,,
503,24,21,0.11292499278898567,38,7,0.0,0.0,0.0,False,25,38,,,,,
503,24,21,0.11292499278898567,38,8,0.0,0.0,0.0,False,24,38,,,,,
503,24,21,0.11292499278898567,38,9,0.0,0.0,0.0,False,24,38,,,,,
503,24,21,0.11292499278898567,38,10,0.0,0.0,0.0,False,21,38,,,,,
503,24,21,0.11292499278898567,38,11,0.0,0.0,0.0,False,20,38,,,,,
503,24,21,0.11292499278898567,38,12,0.0,0.0,0.0,False,14,38,,,,,
503,24,21,0.11292499278898567,38,13,0.0,0.0,0.0,False,12,38,,,,,
503,24,20,0.08010581952381068,20,0,0.0,0.0,0.0,False,44,20,,,,,
503,24,20,0.08010581952381068,20,1,0.0,0.0,0.0,False,39,20,,,,,
503,24,20,0.08010581952381068,20,2,0.0,0.0,0.0,False,36,20,,,,,
503,24,20,0.08010581952381068,20,3,0.0,0.0,0.0,False,35,20,,,,,
503,24,20,0.08010581952381068,20,4,0.0,0.0,0.0,False,34,20,,,,,
503,24,20,0.08010581952381068,20,5,0.0,0.0,0.0,False,31,20,,,,,
503,24,20,0.08010581952381068,20,6,0.0,0.0,0.0,False,26,20,,,,,
503,24,20,0.08010581952381068,20,7,0.0,0.0,0.0,False,25,20,,,,,
503,24,20,0.08010581952381068,20,8,0.0,0.0,0.0,False,24,20,,,,,
503,24,20,0.08010581952381068,20,9,0.0,0.0,0.0,False,24,20,,,,,
503,24,20,0.08010581952381068,20,10,0.0,0.0,0.0,False,21,20,,,,,
503,24,20,0.08010581952381068,20,11,1.0,1.0,1.0,True,20,20,0.8382192498543886,0.9352876999417554,0.09476018782323188,"[0.013999999999999346, 0.04200000000000026]",0.04427188724235735
503,24,20,0.08010581952381068,20,12,0.0,0.0,0.0,False,14,20,,,,,
503,24,20,0.08010581952381068,20,13,0.0,0.0,0.0,False,12,20,,,,,
503,25,8,0.29319550499911096,34,0,0.0,0.0,0.0,False,44,34,,,,,
503,25,8,0.29319550499911096,34,1,0.0,0.0,0.0,False,39,34,,,,,
503,25,8,0.29319550499911096,34,2,0.0,0.0,0.0,False,35,34,,,,,
503,25,8,0.29319550499911096,34,3,0.0,0.0,0.0,False,34,34,,,,,
503,25,8,0.29319550499911096,34,4,0.8529411764705882,1.0,0.9206349206349206,True,29,34,0.7271191588137471,0.8432286159064512,0.1598350838458656,"[0.07856929147624037, 0.25846378154825]",0.27014192554155664
503,25,8,0.29319550499911096,34,5,0.0,0.0,0.0,False,29,34,,,,,
503,25,8,0.29319550499911096,34,6,0.0,0.0,0.0,False,26,34,,,,,
503,25,8,0.29319550499911096,34,7,0.0,0.0,0.0,False,24,34,,,,,
503,25,8,0.29319550499911096,34,8,0.0,0.0,0.0,False,24,34,,,,,
503,25,8,0.29319550499911096,34,9,0.0,0.0,0.0,False,23,34,,,,,
503,25,8,0.29319550499911096,34,10,0.0,0.0,0.0,False,21,34,,,,,
503,25,8,0.29319550499911096,34,11,0.0,0.0,0.0,False,20,34,,,,,
503,25,8,0.29319550499911096,34,12,0.0,0.0,0.0,False,13,34,,,,,
503,25,8,0.29319550499911096,34,13,0.0,0.0,0.0,False,12,34,,,,,
503,25,8,0.29319550499911096,34,14,0.14705882352941177,0.4166666666666667,0.21739130434782608,False,12,34,,,,,
503,25,11,0.21280672039831283,31,0,0.0,0.0,0.0,False,44,31,,,,,
503,25,11,0.21280672039831283,31,1,0.0,0.0,0.0,False,39,31,,,,,
503,25,11,0.21280672039831283,31,2,0.0,0.0,0.0,False,35,31,,,,,
503,25,11,0.21280672039831283,31,3,0.0,0.0,0.0,False,34,31,,,,,
503,25,11,0.21280672039831283,31,4,0.0,0.0,0.0,False,29,31,,,,,
503,25,11,0.21280672039831283,31,5,0.9032258064516129,0.9655172413793104,0.9333333333333333,True,29,31,0.6828290844046383,0.8331316337618553,0.1857772046849307,"[0.1371430123367965, 0.027995152830545322]",0.13997119137456931
503,25,11,0.21280672039831283,31,6,0.0,0.0,0.0,False,26,31,,,,,
503,25,11,0.21280672039831283,31,7,0.0,0.0,0.0,False,24,31,,,,,
503,25,11,0.21280672039831283,31,8,0.0,0.0,0.0,False,24,31,,,,,
503,25,11,0.21280672039831283,31,9,0.0,0.0,0.0,False,23,31,,,,,
503,25,11,0.21280672039831283,31,10,0.0,0.0,0.0,False,21,31,,,,,
503,25,11,0.21280672039831283,31,11,0.0,0.0,0.0,False,20,31,,,,,
503,25,11,0.21280672039831283,31,12,0.0,0.0,0.0,False,13,31,,,,,
503,25,11,0.21280672039831283,31,13,0.0,0.0,0.0,False,12,31,,,,,
503,25,11,0.21280672039831283,31,14,0.0967741935483871,0.25,0.13953488372093023,False,12,31,,,,,
503,25,10,0.16250921930607412,34,0,0.0,0.0,0.0,False,44,34,,,,,
503,25,10,0.16250921930607412,34,1,0.0,0.0,0.0,False,39,34,,,,,
503,25,10,0.16250921930607412,34,2,0.0,0.0,0.0,False,35,34,,,,,
503,25,10,0.16250921930607412,34,3,0.0,0.0,0.0,False,34,34,,,,,
503,25,10,0.16250921930607412,34,4,0.8529411764705882,1.0,0.9206349206349206,True,29,34,0.7271191588137471,0.8432286159064512,0.1598350838458656,"[0.07856929147624037, 0.25846378154825]",0.27014192554155664
503,25,10,0.16250921930607412,34,5,0.0,0.0,0.0,False,29,34,,,,,
503,25,10,0.16250921930607412,34,6,0.0,0.0,0.0,False,26,34,,,,,
503,25,10,0.16250921930607412,34,7,0.0,0.0,0.0,False,24,34,,,,,
503,25,10,0.16250921930607412,34,8,0.0,0.0,0.0,False,24,34,,,,,
503,25,10,0.16250921930607412,34,9,0.0,0.0,0.0,False,23,34,,,,,
503,25,10,0.16250921930607412,34,10,0.0,0.0,0.0,False,21,34,,,,,
503,25,10,0.16250921930607412,34,11,0.0,0.0,0.0,False,20,34,,,,,
503,25,10,0.16250921930607412,34,12,0.0,0.0,0.0,False,13,34,,,,,
503,25,10,0.16250921930607412,34,13,0.0,0.0,0.0,False,12,34,,,,,
503,25,10,0.16250921930607412,34,14,0.14705882352941177,0.4166666666666667,0.21739130434782608,False,12,34,,,,,
503,25,19,0.13845774298370572,35,0,0.0,0.0,0.0,False,44,35,,,,,
503,25,19,0.13845774298370572,35,1,0.0,0.0,0.0,False,39,35,,,,,
503,25,19,0.13845774298370572,35,2,0.0,0.0,0.0,False,35,35,,,,,
503,25,19,0.13845774298370572,35,3,0.8857142857142857,0.9117647058823529,0.8985507246376812,True,34,35,0.6479900433208396,0.7983264521109446,0.20618355138384675,"[0.19723751897015163, 0.07559927338903139]",0.2112294700709407
503,25,19,0.13845774298370572,35,4,0.0,0.0,0.0,False,29,35,,,,,
503,25,19,0.13845774298370572,35,5,0.0,0.0,0.0,False,29,35,,,,,
503,25,19,0.13845774298370572,35,6,0.0,0.0,0.0,False,26,35,,,,,
503,25,19,0.13845774298370572,35,7,0.0,0.0,0.0,False,24,35,,,,,
503,25,19,0.13845774298370572,35,8,0.0,0.0,0.0,False,24,35,,,,,
503,25,19,0.13845774298370572,35,9,0.0,0.0,0.0,False,23,35,,,,,
503,25,19,0.13845774298370572,35,10,0.0,0.0,0.0,False,21,35,,,,,
503,25,19,0.13845774298370572,35,11,0.0,0.0,0.0,False,20,35,,,,,
503,25,19,0.13845774298370572,35,12,0.0,0.0,0.0,False,13,35,,,,,
503,25,19,0.13845774298370572,35,13,0.0,0.0,0.0,False,12,35,,,,,
503,25,19,0.13845774298370572,35,14,0.11428571428571428,0.3333333333333333,0.1702127659574468,False,12,35,,,,,
503,25,21,0.11292499278898567,35,0,0.0,0.0,0.0,False,44,35,,,,,
503,25,21,0.11292499278898567,35,1,0.0,0.0,0.0,False,39,35,,,,,
503,25,21,0.11292499278898567,35,2,0.0,0.0,0.0,False,35,35,,,,,
503,25,21,0.11292499278898567,35,3,0.8857142857142857,0.9117647058823529,0.8985507246376812,True,34,35,0.6479900433208396,0.7983264521109446,0.20618355138384675,"[0.19723751897015163, 0.07559927338903139]",0.2112294700709407
503,25,21,0.11292499278898567,35,4,0.0,0.0,0.0,False,29,35,,,,,
503,25,21,0.11292499278898567,35,5,0.0,0.0,0.0,False,29,35,,,,,
503,25,21,0.11292499278898567,35,6,0.0,0.0,0.0,False,26,35,,,,,
503,25,21,0.11292499278898567,35,7,0.0,0.0,0.0,False,24,35,,,,,
503,25,21,0.11292499278898567,35,8,0.0,0.0,0.0,False,24,35,,,,,
503,25,21,0.11292499278898567,35,9,0.0,0.0,0.0,False,23,35,,,,,
503,25,21,0.11292499278898567,35,10,0.0,0.0,0.0,False,21,35,,,,,
503,25,21,0.11292499278898567,35,11,0.0,0.0,0.0,False,20,35,,,,,
503,25,21,0.11292499278898567,35,12,0.0,0.0,0.0,False,13,35,,,,,
503,25,21,0.11292499278898567,35,13,0.0,0.0,0.0,False,12,35,,,,,
503,25,21,0.11292499278898567,35,14,0.11428571428571428,0.3333333333333333,0.1702127659574468,False,12,35,,,,,
503,25,20,0.08010581952381068,20,0,0.0,0.0,0.0,False,44,20,,,,,
503,25,20,0.08010581952381068,20,1,0.0,0.0,0.0,False,39,20,,,,,
503,25,20,0.08010581952381068,20,2,0.0,0.0,0.0,False,35,20,,,,,
503,25,20,0.08010581952381068,20,3,0.0,0.0,0.0,False,34,20,,,,,
503,25,20,0.08010581952381068,20,4,0.0,0.0,0.0,False,29,20,,,,,
503,25,20,0.08010581952381068,20,5,0.0,0.0,0.0,False,29,20,,,,,
503,25,20,0.08010581952381068,20,6,0.0,0.0,0.0,False,26,20,,,,,
503,25,20,0.08010581952381068,20,7,0.0,0.0,0.0,False,24,20,,,,,
503,25,20,0.08010581952381068,20,8,0.0,0.0,0.0,False,24,20,,,,,
503,25,20,0.08010581952381068,20,9,0.0,0.0,0.0,False,23,20,,,,,
503,25,20,0.08010581952381068,20,10,0.0,0.0,0.0,False,21,20,,,,,
503,25,20,0.08010581952381068,20,11,1.0,1.0,1.0,True,20,20,0.7297820714037089,0.8919128285614835,0.15827533030933846,"[-0.027999999999998693, 0.14000000000000012]",0.14277254638059783
503,25,20,0.08010581952381068,20,12,0.0,0.0,0.0,False,13,20,,,,,
503,25,20,0.08010581952381068,20,13,0.0,0.0,0.0,False,12,20,,,,,
503,25,20,0.08010581952381068,20,14,0.0,0.0,0.0,False,12,20,,,,,
503,26,8,0.29319550499911096,29,0,0.0,0.0,0.0,False,45,29,,,,,
503,26,8,0.29319550499911096,29,1,0.0,0.0,0.0,False,40,29,,,,,
503,26,8,0.29319550499911096,29,2,0.0,0.0,0.0,False,38,29,,,,,
503,26,8,0.29319550499911096,29,3,0.0,0.0,0.0,False,33,29,,,,,
503,26,8,0.29319550499911096,29,4,0.0,0.0,0.0,False,30,29,,,,,
503,26,8,0.29319550499911096,29,5,0.9655172413793104,1.0,0.9824561403508771,True,28,29,0.838554285384224,0.9248953983642159,0.0945639467395053,"[-0.11839224225571954, 0.008872562204901513]",0.11872424093847402
503,26,8,0.29319550499911096,29,6,0.0,0.0,0.0,False,25,29,,,,,
503,26,8,0.29319550499911096,29,7,0.034482758620689655,0.04,0.037037037037037035,False,25,29,,,,,
503,26,8,0.29319550499911096,29,8,0.0,0.0,0.0,False,24,29,,,,,
503,26,8,0.29319550499911096,29,9,0.0,0.0,0.0,False,20,29,,,,,
503,26,8,0.29319550499911096,29,10,0.0,0.0,0.0,False,20,29,,,,,
503,26,8,0.29319550499911096,29,11,0.0,0.0,0.0,False,14,29,,,,,
503,26,8,0.29319550499911096,29,12,0.0,0.0,0.0,False,13,29,,,,,
503,26,11,0.21280672039831283,29,0,0.0,0.0,0.0,False,45,29,,,,,
503,26,11,0.21280672039831283,29,1,0.0,0.0,0.0,False,40,29,,,,,
503,26,11,0.21280672039831283,29,2,0.0,0.0,0.0,False,38,29,,,,,
503,26,11,0.21280672039831283,29,3,0.0,0.0,0.0,False,33,29,,,,,
503,26,11,0.21280672039831283,29,4,1.0,0.9666666666666667,0.9830508474576272,True,30,29,0.7245590588171855,0.8796541320014506,0.16133461674024321,"[0.01716212500083003, 0.1946201558141496]",0.19537539144853422
503,26,11,0.21280672039831283,29,5,0.0,0.0,0.0,False,28,29,,,,,
503,26,11,0.21280672039831283,29,6,0.0,0.0,0.0,False,25,29,,,,,
503,26,11,0.21280672039831283,29,7,0.0,0.0,0.0,False,25,29,,,,,
503,26,11,0.21280672039831283,29,8,0.0,0.0,0.0,False,24,29,,,,,
503,26,11,0.21280672039831283,29,9,0.0,0.0,0.0,False,20,29,,,,,
503,26,11,0.21280672039831283,29,10,0.0,0.0,0.0,False,20,29,,,,,
503,26,11,0.21280672039831283,29,11,0.0,0.0,0.0,False,14,29,,,,,
503,26,11,0.21280672039831283,29,12,0.0,0.0,0.0,False,13,29,,,,,
503,26,10,0.16250921930607412,29,0,0.0,0.0,0.0,False,45,29,,,,,
503,26,10,0.16250921930607412,29,1,0.0,0.0,0.0,False,40,29,,,,,
503,26,10,0.16250921930607412,29,2,0.0,0.0,0.0,False,38,29,,,,,
503,26,10,0.16250921930607412,29,3,0.0,0.0,0.0,False,33,29,,,,,
503,26,10,0.16250921930607412,29,4,0.0,0.0,0.0,False,30,29,,,,,
503,26,10,0.16250921930607412,29,5,0.9655172413793104,1.0,0.9824561403508771,True,28,29,0.838554285384224,0.9248953983642159,0.0945639467395053,"[-0.11839224225571954, 0.008872562204901513]",0.11872424093847402
503,26,10,0.16250921930607412,29,6,0.0,0.0,0.0,False,25,29,,,,,
503,26,10,0.16250921930607412,29,7,0.034482758620689655,0.04,0.037037037037037035,False,25,29,,,,,
503,26,10,0.16250921930607412,29,8,0.0,0.0,0.0,False,24,29,,,,,
503,26,10,0.16250921930607412,29,9,0.0,0.0,0.0,False,20,29,,,,,
503,26,10,0.16250921930607412,29,10,0.0,0.0,0.0,False,20,29,,,,,
503,26,10,0.16250921930607412,29,11,0.0,0.0,0.0,False,14,29,,,,,
503,26,10,0.16250921930607412,29,12,0.0,0.0,0.0,False,13,29,,,,,
503,26,19,0.13845774298370572,34,0,0.0,0.0,0.0,False,45,34,,,,,
503,26,19,0.13845774298370572,34,1,0.14705882352941177,0.125,0.13513513513513514,False,40,34,,,,,
503,26,19,0.13845774298370572,34,2,0.0,0.0,0.0,False,38,34,,,,,
503,26,19,0.13845774298370572,34,3,0.0,0.0,0.0,False,33,34,,,,,
503,26,19,0.13845774298370572,34,4,0.0,0.0,0.0,False,30,34,,,,,
503,26,19,0.13845774298370572,34,5,0.0,0.0,0.0,False,28,34,,,,,
503,26,19,0.13845774298370572,34,6,0.0,0.0,0.0,False,25,34,,,,,
503,26,19,0.13845774298370572,34,7,0.0,0.0,0.0,False,25,34,,,,,
503,26,19,0.13845774298370572,34,8,0.0,0.0,0.0,False,24,34,,,,,
503,26,19,0.13845774298370572,34,9,0.0,0.0,0.0,False,20,34,,,,,
503,26,19,0.13845774298370572,34,10,0.5882352941176471,1.0,0.7407407407407407,True,20,34,0.5862079147632445,0.6789276103497422,0.2423713308382467,"[-0.24047459348244438, 0.5076016315681127]",0.5616826919900211
503,26,19,0.13845774298370572,34,11,0.0,0.0,0.0,False,14,34,,,,,
503,26,19,0.13845774298370572,34,12,0.0,0.0,0.0,False,13,34,,,,,
503,26,21,0.11292499278898567,34,0,0.0,0.0,0.0,False,45,34,,,,,
503,26,21,0.11292499278898567,34,1,0.14705882352941177,0.125,0.13513513513513514,False,40,34,,,,,
503,26,21,0.11292499278898567,34,2,0.0,0.0,0.0,False,38,34,,,,,
503,26,21,0.11292499278898567,34,3,0.0,0.0,0.0,False,33,34,,,,,
503,26,21,0.11292499278898567,34,4,0.0,0.0,0.0,False,30,34,,,,,
503,26,21,0.11292499278898567,34,5,0.0,0.0,0.0,False,28,34,,,,,
503,26,21,0.11292499278898567,34,6,0.0,0.0,0.0,False,25,34,,,,,
503,26,21,0.11292499278898567,34,7,0.0,0.0,0.0,False,25,34,,,,,
503,26,21,0.11292499278898567,34,8,0.0,0.0,0.0,False,24,34,,,,,
503,26,21,0.11292499278898567,34,9,0.0,0.0,0.0,False,20,34,,,,,
503,26,21,0.11292499278898567,34,10,0.5882352941176471,1.0,0.7407407407407407,True,20,34,0.5862079147632445,0.6789276103497422,0.2423713308382467,"[-0.24047459348244438, 0.5076016315681127]",0.5616826919900211
503,26,21,0.11292499278898567,34,11,0.0,0.0,0.0,False,14,34,,,,,
503,26,21,0.11292499278898567,34,12,0.0,0.0,0.0,False,13,34,,,,,
503,26,20,0.08010581952381068,20,0,0.0,0.0,0.0,False,45,20,,,,,
503,26,20,0.08010581952381068,20,1,0.0,0.0,0.0,False,40,20,,,,,
503,26,20,0.08010581952381068,20,2,0.0,0.0,0.0,False,38,20,,,,,
503,26,20,0.08010581952381068,20,3,0.0,0.0,0.0,False,33,20,,,,,
503,26,20,0.08010581952381068,20,4,0.0,0.0,0.0,False,30,20,,,,,
503,26,20,0.08010581952381068,20,5,0.0,0.0,0.0,False,28,20,,,,,
503,26,20,0.08010581952381068,20,6,0.0,0.0,0.0,False,25,20,,,,,
503,26,20,0.08010581952381068,20,7,0.0,0.0,0.0,False,25,20,,,,,
503,26,20,0.08010581952381068,20,8,0.0,0.0,0.0,False,24,20,,,,,
503,26,20,0.08010581952381068,20,9,1.0,1.0,1.0,True,20,20,0.8192196329587483,0.9276878531834993,0.10588887441900952,"[-0.014000000000001123, 0.09799999999999986]",0.09899494936611668
503,26,20,0.08010581952381068,20,10,0.0,0.0,0.0,False,20,20,,,,,
503,26,20,0.08010581952381068,20,11,0.0,0.0,0.0,False,14,20,,,,,
503,26,20,0.08010581952381068,20,12,0.0,0.0,0.0,False,13,20,,,,,
503,27,8,0.29319550499911096,28,0,0.0,0.0,0.0,False,45,28,,,,,
503,27,8,0.29319550499911096,28,1,0.0,0.0,0.0,False,38,28,,,,,
503,27,8,0.29319550499911096,28,2,0.0,0.0,0.0,False,36,28,,,,,
503,27,8,0.29319550499911096,28,3,0.0,0.0,0.0,False,31,28,,,,,
503,27,8,0.29319550499911096,28,4,0.0,0.0,0.0,False,30,28,,,,,
503,27,8,0.29319550499911096,28,5,1.0,1.0,1.0,True,28,28,0.8074431595962595,0.9229772638385038,0.11278673356925033,"[-0.02999999999999936, 0.009999999999999787]",0.03162277660168312
503,27,8,0.29319550499911096,28,6,0.0,0.0,0.0,False,25,28,,,,,
503,27,8,0.29319550499911096,28,7,0.0,0.0,0.0,False,25,28,,,,,
503,27,8,0.29319550499911096,28,8,0.0,0.0,0.0,False,25,28,,,,,
503,27,8,0.29319550499911096,28,9,0.0,0.0,0.0,False,23,28,,,,,
503,27,8,0.29319550499911096,28,10,0.0,0.0,0.0,False,20,28,,,,,
503,27,8,0.29319550499911096,28,11,0.0,0.0,0.0,False,14,28,,,,,
503,27,8,0.29319550499911096,28,12,0.0,0.0,0.0,False,14,28,,,,,
503,27,8,0.29319550499911096,28,13,0.0,0.0,0.0,False,13,28,,,,,
503,27,11,0.21280672039831283,30,0,0.0,0.0,0.0,False,45,30,,,,,
503,27,11,0.21280672039831283,30,1,0.0,0.0,0.0,False,38,30,,,,,
503,27,11,0.21280672039831283,30,2,0.0,0.0,0.0,False,36,30,,,,,
503,27,11,0.21280672039831283,30,3,0.0,0.0,0.0,False,31,30,,,,,
503,27,11,0.21280672039831283,30,4,1.0,1.0,1.0,True,30,30,0.7817847430306523,0.9127138972122609,0.12781569326201522,"[-0.009333333333334082, 0.027999999999998693]",0.02951459149490387
503,27,11,0.21280672039831283,30,5,0.0,0.0,0.0,False,28,30,,,,,
503,27,11,0.21280672039831283,30,6,0.0,0.0,0.0,False,25,30,,,,,
503,27,11,0.21280672039831283,30,7,0.0,0.0,0.0,False,25,30,,,,,
503,27,11,0.21280672039831283,30,8,0.0,0.0,0.0,False,25,30,,,,,
503,27,11,0.21280672039831283,30,9,0.0,0.0,0.0,False,23,30,,,,,
503,27,11,0.21280672039831283,30,10,0.0,0.0,0.0,False,20,30,,,,,
503,27,11,0.21280672039831283,30,11,0.0,0.0,0.0,False,14,30,,,,,
503,27,11,0.21280672039831283,30,12,0.0,0.0,0.0,False,14,30,,,,,
503,27,11,0.21280672039831283,30,13,0.0,0.0,0.0,False,13,30,,,,,
503,27,10,0.16250921930607412,28,0,0.0,0.0,0.0,False,45,28,,,,,
503,27,10,0.16250921930607412,28,1,0.0,0.0,0.0,False,38,28,,,,,
503,27,10,0.16250921930607412,28,2,0.0,0.0,0.0,False,36,28,,,,,
503,27,10,0.16250921930607412,28,3,0.0,0.0,0.0,False,31,28,,,,,
503,27,10,0.16250921930607412,28,4,0.0,0.0,0.0,False,30,28,,,,,
503,27,10,0.16250921930607412,28,5,1.0,1.0,1.0,True,28,28,0.8074431595962595,0.9229772638385038,0.11278673356925033,"[-0.02999999999999936, 0.009999999999999787]",0.03162277660168312
503,27,10,0.16250921930607412,28,6,0.0,0.0,0.0,False,25,28,,,,,
503,27,10,0.16250921930607412,28,7,0.0,0.0,0.0,False,25,28,,,,,
503,27,10,0.16250921930607412,28,8,0.0,0.0,0.0,False,25,28,,,,,
503,27,10,0.16250921930607412,28,9,0.0,0.0,0.0,False,23,28,,,,,
503,27,10,0.16250921930607412,28,10,0.0,0.0,0.0,False,20,28,,,,,
503,27,10,0.16250921930607412,28,11,0.0,0.0,0.0,False,14,28,,,,,
503,27,10,0.16250921930607412,28,12,0.0,0.0,0.0,False,14,28,,,,,
503,27,10,0.16250921930607412,28,13,0.0,0.0,0.0,False,13,28,,,,,
503,27,19,0.13845774298370572,20,0,0.0,0.0,0.0,False,45,20,,,,,
503,27,19,0.13845774298370572,20,1,0.0,0.0,0.0,False,38,20,,,,,
503,27,19,0.13845774298370572,20,2,0.0,0.0,0.0,False,36,20,,,,,
503,27,19,0.13845774298370572,20,3,0.0,0.0,0.0,False,31,20,,,,,
503,27,19,0.13845774298370572,20,4,0.0,0.0,0.0,False,30,20,,,,,
503,27,19,0.13845774298370572,20,5,0.0,0.0,0.0,False,28,20,,,,,
503,27,19,0.13845774298370572,20,6,1.0,0.8,0.8888888888888888,True,25,20,0.6799460847577969,0.805311767236452,0.18746587028811967,"[-0.21520572929285464, 0.02139481045017]",0.21626660360459757
503,27,19,0.13845774298370572,20,7,0.0,0.0,0.0,False,25,20,,,,,
503,27,19,0.13845774298370572,20,8,0.0,0.0,0.0,False,25,20,,,,,
503,27,19,0.13845774298370572,20,9,0.0,0.0,0.0,False,23,20,,,,,
503,27,19,0.13845774298370572,20,10,0.0,0.0,0.0,False,20,20,,,,,
503,27,19,0.13845774298370572,20,11,0.0,0.0,0.0,False,14,20,,,,,
503,27,19,0.13845774298370572,20,12,0.0,0.0,0.0,False,14,20,,,,,
503,27,19,0.13845774298370572,20,13,0.0,0.0,0.0,False,13,20,,,,,
503,27,21,0.11292499278898567,20,0,0.0,0.0,0.0,False,45,20,,,,,
503,27,21,0.11292499278898567,20,1,0.0,0.0,0.0,False,38,20,,,,,
503,27,21,0.11292499278898567,20,2,0.0,0.0,0.0,False,36,20,,,,,
503,27,21,0.11292499278898567,20,3,0.0,0.0,0.0,False,31,20,,,,,
503,27,21,0.11292499278898567,20,4,0.0,0.0,0.0,False,30,20,,,,,
503,27,21,0.11292499278898567,20,5,0.0,0.0,0.0,False,28,20,,,,,
503,27,21,0.11292499278898567,20,6,1.0,0.8,0.8888888888888888,True,25,20,0.6799460847577969,0.805311767236452,0.18746587028811967,"[-0.21520572929285464, 0.02139481045017]",0.21626660360459757
503,27,21,0.11292499278898567,20,7,0.0,0.0,0.0,False,25,20,,,,,
503,27,21,0.11292499278898567,20,8,0.0,0.0,0.0,False,25,20,,,,,
503,27,21,0.11292499278898567,20,9,0.0,0.0,0.0,False,23,20,,,,,
503,27,21,0.11292499278898567,20,10,0.0,0.0,0.0,False,20,20,,,,,
503,27,21,0.11292499278898567,20,11,0.0,0.0,0.0,False,14,20,,,,,
503,27,21,0.11292499278898567,20,12,0.0,0.0,0.0,False,14,20,,,,,
503,27,21,0.11292499278898567,20,13,0.0,0.0,0.0,False,13,20,,,,,
503,27,20,0.08010581952381068,20,0,0.0,0.0,0.0,False,45,20,,,,,
503,27,20,0.08010581952381068,20,1,0.0,0.0,0.0,False,38,20,,,,,
503,27,20,0.08010581952381068,20,2,0.0,0.0,0.0,False,36,20,,,,,
503,27,20,0.08010581952381068,20,3,0.0,0.0,0.0,False,31,20,,,,,
503,27,20,0.08010581952381068,20,4,0.0,0.0,0.0,False,30,20,,,,,
503,27,20,0.08010581952381068,20,5,0.0,0.0,0.0,False,28,20,,,,,
503,27,20,0.08010581952381068,20,6,0.0,0.0,0.0,False,25,20,,,,,
503,27,20,0.08010581952381068,20,7,0.0,0.0,0.0,False,25,20,,,,,
503,27,20,0.08010581952381068,20,8,0.0,0.0,0.0,False,25,20,,,,,
503,27,20,0.08010581952381068,20,9,0.0,0.0,0.0,False,23,20,,,,,
503,27,20,0.08010581952381068,20,10,1.0,1.0,1.0,True,20,20,0.8672023516343146,0.9468809406537259,0.07778385308690702,"[-0.041999999999999815, 0.12600000000000033]",0.13281566172707218
503,27,20,0.08010581952381068,20,11,0.0,0.0,0.0,False,14,20,,,,,
503,27,20,0.08010581952381068,20,12,0.0,0.0,0.0,False,14,20,,,,,
503,27,20,0.08010581952381068,20,13,0.0,0.0,0.0,False,13,20,,,,,
503,28,8,0.29319550499911096,28,0,0.0,0.0,0.0,False,46,28,,,,,
503,28,8,0.29319550499911096,28,1,0.0,0.0,0.0,False,40,28,,,,,
503,28,8,0.29319550499911096,28,2,0.0,0.0,0.0,False,36,28,,,,,
503,28,8,0.29319550499911096,28,3,0.0,0.0,0.0,False,34,28,,,,,
503,28,8,0.29319550499911096,28,4,0.0,0.0,0.0,False,31,28,,,,,
503,28,8,0.29319550499911096,28,5,1.0,1.0,1.0,True,28,28,0.8545026479681401,0.9418010591872561,0.08522247791478627,"[-0.049999999999998934, 0.009999999999999787]",0.05099019513592676
503,28,8,0.29319550499911096,28,6,0.0,0.0,0.0,False,26,28,,,,,
503,28,8,0.29319550499911096,28,7,0.0,0.0,0.0,False,25,28,,,,,
503,28,8,0.29319550499911096,28,8,0.0,0.0,0.0,False,23,28,,,,,
503,28,8,0.29319550499911096,28,9,0.0,0.0,0.0,False,21,28,,,,,
503,28,8,0.29319550499911096,28,10,0.0,0.0,0.0,False,20,28,,,,,
503,28,8,0.29319550499911096,28,11,0.0,0.0,0.0,False,20,28,,,,,
503,28,8,0.29319550499911096,28,12,0.0,0.0,0.0,False,17,28,,,,,
503,28,8,0.29319550499911096,28,13,0.0,0.0,0.0,False,14,28,,,,,
503,28,11,0.21280672039831283,30,0,0.0,0.0,0.0,False,46,30,,,,,
503,28,11,0.21280672039831283,30,1,0.0,0.0,0.0,False,40,30,,,,,
503,28,11,0.21280672039831283,30,2,0.0,0.0,0.0,False,36,30,,,,,
503,28,11,0.21280672039831283,30,3,0.9666666666666667,0.8529411764705882,0.90625,True,34,30,0.6940899893180241,0.8213859957272096,0.17918133055471705,"[0.02263091343700907, 0.22158710681869564]",0.22273976778131344
503,28,11,0.21280672039831283,30,4,0.0,0.0,0.0,False,31,30,,,,,
503,28,11,0.21280672039831283,30,5,0.0,0.0,0.0,False,28,30,,,,,
503,28,11,0.21280672039831283,30,6,0.03333333333333333,0.038461538461538464,0.03571428571428571,False,26,30,,,,,
503,28,11,0.21280672039831283,30,7,0.0,0.0,0.0,False,25,30,,,,,
503,28,11,0.21280672039831283,30,8,0.0,0.0,0.0,False,23,30,,,,,
503,28,11,0.21280672039831283,30,9,0.0,0.0,0.0,False,21,30,,,,,
503,28,11,0.21280672039831283,30,10,0.0,0.0,0.0,False,20,30,,,,,
503,28,11,0.21280672039831283,30,11,0.0,0.0,0.0,False,20,30,,,,,
503,28,11,0.21280672039831283,30,12,0.0,0.0,0.0,False,17,30,,,,,
503,28,11,0.21280672039831283,30,13,0.0,0.0,0.0,False,14,30,,,,,
503,28,10,0.16250921930607412,28,0,0.0,0.0,0.0,False,46,28,,,,,
503,28,10,0.16250921930607412,28,1,0.0,0.0,0.0,False,40,28,,,,,
503,28,10,0.16250921930607412,28,2,0.0,0.0,0.0,False,36,28,,,,,
503,28,10,0.16250921930607412,28,3,0.0,0.0,0.0,False,34,28,,,,,
503,28,10,0.16250921930607412,28,4,0.0,0.0,0.0,False,31,28,,,,,
503,28,10,0.16250921930607412,28,5,1.0,1.0,1.0,True,28,28,0.8545026479681401,0.9418010591872561,0.08522247791478627,"[-0.049999999999998934, 0.009999999999999787]",0.05099019513592676
503,28,10,0.16250921930607412,28,6,0.0,0.0,0.0,False,26,28,,,,,
503,28,10,0.16250921930607412,28,7,0.0,0.0,0.0,False,25,28,,,,,
503,28,10,0.16250921930607412,28,8,0.0,0.0,0.0,False,23,28,,,,,
503,28,10,0.16250921930607412,28,9,0.0,0.0,0.0,False,21,28,,,,,
503,28,10,0.16250921930607412,28,10,0.0,0.0,0.0,False,20,28,,,,,
503,28,10,0.16250921930607412,28,11,0.0,0.0,0.0,False,20,28,,,,,
503,28,10,0.16250921930607412,28,12,0.0,0.0,0.0,False,17,28,,,,,
503,28,10,0.16250921930607412,28,13,0.0,0.0,0.0,False,14,28,,,,,
503,28,19,0.13845774298370572,25,0,0.0,0.0,0.0,False,46,25,,,,,
503,28,19,0.13845774298370572,25,1,0.0,0.0,0.0,False,40,25,,,,,
503,28,19,0.13845774298370572,25,2,0.0,0.0,0.0,False,36,25,,,,,
503,28,19,0.13845774298370572,25,3,0.0,0.0,0.0,False,34,25,,,,,
503,28,19,0.13845774298370572,25,4,0.0,0.0,0.0,False,31,25,,,,,
503,28,19,0.13845774298370572,25,5,0.0,0.0,0.0,False,28,25,,,,,
503,28,19,0.13845774298370572,25,6,0.0,0.0,0.0,False,26,25,,,,,
503,28,19,0.13845774298370572,25,7,0.0,0.0,0.0,False,25,25,,,,,
503,28,19,0.13845774298370572,25,8,0.0,0.0,0.0,False,23,25,,,,,
503,28,19,0.13845774298370572,25,9,0.0,0.0,0.0,False,21,25,,,,,
503,28,19,0.13845774298370572,25,10,0.0,0.0,0.0,False,20,25,,,,,
503,28,19,0.13845774298370572,25,11,0.32,0.4,0.35555555555555557,True,20,25,0.3606760870837975,0.35760376816685235,0.3744725748477207,"[-5.43088496668436, 3.0641206183143885]",6.235651263896782
503,28,19,0.13845774298370572,25,12,0.68,1.0,0.8095238095238095,True,17,25,0.6763313414657075,0.7562468223005687,0.18958314167536977,"[0.1841321841923662, 0.20689540294043907]",0.276966368018462
503,28,19,0.13845774298370572,25,13,0.0,0.0,0.0,False,14,25,,,,,
503,28,21,0.11292499278898567,25,0,0.0,0.0,0.0,False,46,25,,,,,
503,28,21,0.11292499278898567,25,1,0.0,0.0,0.0,False,40,25,,,,,
503,28,21,0.11292499278898567,25,2,0.0,0.0,0.0,False,36,25,,,,,
503,28,21,0.11292499278898567,25,3,0.0,0.0,0.0,False,34,25,,,,,
503,28,21,0.11292499278898567,25,4,0.0,0.0,0.0,False,31,25,,,,,
503,28,21,0.11292499278898567,25,5,0.0,0.0,0.0,False,28,25,,,,,
503,28,21,0.11292499278898567,25,6,0.0,0.0,0.0,False,26,25,,,,,
503,28,21,0.11292499278898567,25,7,0.0,0.0,0.0,False,25,25,,,,,
503,28,21,0.11292499278898567,25,8,0.0,0.0,0.0,False,23,25,,,,,
503,28,21,0.11292499278898567,25,9,0.0,0.0,0.0,False,21,25,,,,,
503,28,21,0.11292499278898567,25,10,0.0,0.0,0.0,False,20,25,,,,,
503,28,21,0.11292499278898567,25,11,0.32,0.4,0.35555555555555557,True,20,25,0.3606760870837975,0.35760376816685235,0.3744725748477207,"[-5.43088496668436, 3.0641206183143885]",6.235651263896782
503,28,21,0.11292499278898567,25,12,0.68,1.0,0.8095238095238095,True,17,25,0.6763313414657075,0.7562468223005687,0.18958314167536977,"[0.1841321841923662, 0.20689540294043907]",0.276966368018462
503,28,21,0.11292499278898567,25,13,0.0,0.0,0.0,False,14,25,,,,,
503,28,20,0.08010581952381068,20,0,0.0,0.0,0.0,False,46,20,,,,,
503,28,20,0.08010581952381068,20,1,0.0,0.0,0.0,False,40,20,,,,,
503,28,20,0.08010581952381068,20,2,0.0,0.0,0.0,False,36,20,,,,,
503,28,20,0.08010581952381068,20,3,0.0,0.0,0.0,False,34,20,,,,,
503,28,20,0.08010581952381068,20,4,0.0,0.0,0.0,False,31,20,,,,,
503,28,20,0.08010581952381068,20,5,0.0,0.0,0.0,False,28,20,,,,,
503,28,20,0.08010581952381068,20,6,0.0,0.0,0.0,False,26,20,,,,,
503,28,20,0.08010581952381068,20,7,0.0,0.0,0.0,False,25,20,,,,,
503,28,20,0.08010581952381068,20,8,0.0,0.0,0.0,False,23,20,,,,,
503,28,20,0.08010581952381068,20,9,0.0,0.0,0.0,False,21,20,,,,,
503,28,20,0.08010581952381068,20,10,1.0,1.0,1.0,True,20,20,0.8548896549698977,0.9419558619879591,0.08499579546868291,"[-0.08399999999999963, 0.1120000000000001]",0.13999999999999985
503,28,20,0.08010581952381068,20,11,0.0,0.0,0.0,False,20,20,,,,,
503,28,20,0.08010581952381068,20,12,0.0,0.0,0.0,False,17,20,,,,,
503,28,20,0.08010581952381068,20,13,0.0,0.0,0.0,False,14,20,,,,,
503,29,8,0.30618341430778245,28,0,0.0,0.0,0.0,False,41,28,,,,,
503,29,8,0.30618341430778245,28,1,0.0,0.0,0.0,False,39,28,,,,,
503,29,8,0.30618341430778245,28,2,0.0,0.0,0.0,False,35,28,,,,,
503,29,8,0.30618341430778245,28,3,0.0,0.0,0.0,False,34,28,,,,,
503,29,8,0.30618341430778245,28,4,0.0,0.0,0.0,False,34,28,,,,,
503,29,8,0.30618341430778245,28,5,1.0,1.0,1.0,True,28,28,0.8178871942058121,0.9271548776823249,0.10666932664449083,"[-0.07000000000000028, 0.06999999999999851]",0.0989949493661158
503,29,8,0.30618341430778245,28,6,0.0,0.0,0.0,False,26,28,,,,,
503,29,8,0.30618341430778245,28,7,0.0,0.0,0.0,False,21,28,,,,,
503,29,8,0.30618341430778245,28,8,0.0,0.0,0.0,False,21,28,,,,,
503,29,8,0.30618341430778245,28,9,0.0,0.0,0.0,False,20,28,,,,,
503,29,8,0.30618341430778245,28,10,0.0,0.0,0.0,False,18,28,,,,,
503,29,8,0.30618341430778245,28,11,0.0,0.0,0.0,False,17,28,,,,,
503,29,8,0.30618341430778245,28,12,0.0,0.0,0.0,False,15,28,,,,,
503,29,8,0.30618341430778245,28,13,0.0,0.0,0.0,False,14,28,,,,,
503,29,8,0.30618341430778245,28,14,0.0,0.0,0.0,False,14,28,,,,,
503,29,8,0.30618341430778245,28,15,0.0,0.0,0.0,False,14,28,,,,,
503,29,11,0.2222335851956346,34,0,0.0,0.0,0.0,False,41,34,,,,,
503,29,11,0.2222335851956346,34,1,0.0,0.0,0.0,False,39,34,,,,,
503,29,11,0.2222335851956346,34,2,0.0,0.0,0.0,False,35,34,,,,,
503,29,11,0.2222335851956346,34,3,1.0,1.0,1.0,True,34,34,0.8056261221804327,0.9222504488721731,0.11385103081506363,"[0.016470588235294237, 0.0823529411764703]",0.08398385081211619
503,29,11,0.2222335851956346,34,4,0.0,0.0,0.0,False,34,34,,,,,
503,29,11,0.2222335851956346,34,5,0.0,0.0,0.0,False,28,34,,,,,
503,29,11,0.2222335851956346,34,6,0.0,0.0,0.0,False,26,34,,,,,
503,29,11,0.2222335851956346,34,7,0.0,0.0,0.0,False,21,34,,,,,
503,29,11,0.2222335851956346,34,8,0.0,0.0,0.0,False,21,34,,,,,
503,29,11,0.2222335851956346,34,9,0.0,0.0,0.0,False,20,34,,,,,
503,29,11,0.2222335851956346,34,10,0.0,0.0,0.0,False,18,34,,,,,
503,29,11,0.2222335851956346,34,11,0.0,0.0,0.0,False,17,34,,,,,
503,29,11,0.2222335851956346,34,12,0.0,0.0,0.0,False,15,34,,,,,
503,29,11,0.2222335851956346,34,13,0.0,0.0,0.0,False,14,34,,,,,
503,29,11,0.2222335851956346,34,14,0.0,0.0,0.0,False,14,34,,,,,
503,29,11,0.2222335851956346,34,15,0.0,0.0,0.0,False,14,34,,,,,
503,29,10,0.1697080165801889,28,0,0.0,0.0,0.0,False,41,28,,,,,
503,29,10,0.1697080165801889,28,1,0.0,0.0,0.0,False,39,28,,,,,
503,29,10,0.1697080165801889,28,2,0.0,0.0,0.0,False,35,28,,,,,
503,29,10,0.1697080165801889,28,3,0.0,0.0,0.0,False,34,28,,,,,
503,29,10,0.1697080165801889,28,4,0.0,0.0,0.0,False,34,28,,,,,
503,29,10,0.1697080165801889,28,5,1.0,1.0,1.0,True,28,28,0.8178871942058121,0.9271548776823249,0.10666932664449083,"[-0.07000000000000028, 0.06999999999999851]",0.0989949493661158
503,29,10,0.1697080165801889,28,6,0.0,0.0,0.0,False,26,28,,,,,
503,29,10,0.1697080165801889,28,7,0.0,0.0,0.0,False,21,28,,,,,
503,29,10,0.1697080165801889,28,8,0.0,0.0,0.0,False,21,28,,,,,
503,29,10,0.1697080165801889,28,9,0.0,0.0,0.0,False,20,28,,,,,
503,29,10,0.1697080165801889,28,10,0.0,0.0,0.0,False,18,28,,,,,
503,29,10,0.1697080165801889,28,11,0.0,0.0,0.0,False,17,28,,,,,
503,29,10,0.1697080165801889,28,12,0.0,0.0,0.0,False,15,28,,,,,
503,29,10,0.1697080165801889,28,13,0.0,0.0,0.0,False,14,28,,,,,
503,29,10,0.1697080165801889,28,14,0.0,0.0,0.0,False,14,28,,,,,
503,29,10,0.1697080165801889,28,15,0.0,0.0,0.0,False,14,28,,,,,
503,29,26,0.1201925789223637,17,0,0.0,0.0,0.0,False,41,17,,,,,
503,29,26,0.1201925789223637,17,1,0.0,0.0,0.0,False,39,17,,,,,
503,29,26,0.1201925789223637,17,2,0.0,0.0,0.0,False,35,17,,,,,
503,29,26,0.1201925789223637,17,3,0.0,0.0,0.0,False,34,17,,,,,
503,29,26,0.1201925789223637,17,4,0.0,0.0,0.0,False,34,17,,,,,
503,29,26,0.1201925789223637,17,5,0.0,0.0,0.0,False,28,17,,,,,
503,29,26,0.1201925789223637,17,6,0.0,0.0,0.0,False,26,17,,,,,
503,29,26,0.1201925789223637,17,7,0.0,0.0,0.0,False,21,17,,,,,
503,29,26,0.1201925789223637,17,8,0.0,0.0,0.0,False,21,17,,,,,
503,29,26,0.1201925789223637,17,9,0.0,0.0,0.0,False,20,17,,,,,
503,29,26,0.1201925789223637,17,10,0.0,0.0,0.0,False,18,17,,,,,
503,29,26,0.1201925789223637,17,11,1.0,1.0,1.0,True,17,17,0.872948255925531,0.9491793023702124,0.07441829216967845,"[0.0, 0.18117647058823527]",0.18117647058823527
503,29,26,0.1201925789223637,17,12,0.0,0.0,0.0,False,15,17,,,,,
503,29,26,0.1201925789223637,17,13,0.0,0.0,0.0,False,14,17,,,,,
503,29,26,0.1201925789223637,17,14,0.0,0.0,0.0,False,14,17,,,,,
503,29,26,0.1201925789223637,17,15,0.0,0.0,0.0,False,14,17,,,,,
503,29,28,0.09802807568295266,17,0,0.0,0.0,0.0,False,41,17,,,,,
503,29,28,0.09802807568295266,17,1,0.0,0.0,0.0,False,39,17,,,,,
503,29,28,0.09802807568295266,17,2,0.0,0.0,0.0,False,35,17,,,,,
503,29,28,0.09802807568295266,17,3,0.0,0.0,0.0,False,34,17,,,,,
503,29,28,0.09802807568295266,17,4,0.0,0.0,0.0,False,34,17,,,,,
503,29,28,0.09802807568295266,17,5,0.0,0.0,0.0,False,28,17,,,,,
503,29,28,0.09802807568295266,17,6,0.0,0.0,0.0,False,26,17,,,,,
503,29,28,0.09802807568295266,17,7,0.0,0.0,0.0,False,21,17,,,,,
503,29,28,0.09802807568295266,17,8,0.0,0.0,0.0,False,21,17,,,,,
503,29,28,0.09802807568295266,17,9,0.0,0.0,0.0,False,20,17,,,,,
503,29,28,0.09802807568295266,17,10,0.0,0.0,0.0,False,18,17,,,,,
503,29,28,0.09802807568295266,17,11,1.0,1.0,1.0,True,17,17,0.872948255925531,0.9491793023702124,0.07441829216967845,"[0.0, 0.18117647058823527]",0.18117647058823527
503,29,28,0.09802807568295266,17,12,0.0,0.0,0.0,False,15,17,,,,,
503,29,28,0.09802807568295266,17,13,0.0,0.0,0.0,False,14,17,,,,,
503,29,28,0.09802807568295266,17,14,0.0,0.0,0.0,False,14,17,,,,,
503,29,28,0.09802807568295266,17,15,0.0,0.0,0.0,False,14,17,,,,,
503,29,20,0.08365432931107776,20,0,0.0,0.0,0.0,False,41,20,,,,,
503,29,20,0.08365432931107776,20,1,0.0,0.0,0.0,False,39,20,,,,,
503,29,20,0.08365432931107776,20,2,0.0,0.0,0.0,False,35,20,,,,,
503,29,20,0.08365432931107776,20,3,0.0,0.0,0.0,False,34,20,,,,,
503,29,20,0.08365432931107776,20,4,0.0,0.0,0.0,False,34,20,,,,,
503,29,20,0.08365432931107776,20,5,0.0,0.0,0.0,False,28,20,,,,,
503,29,20,0.08365432931107776,20,6,0.0,0.0,0.0,False,26,20,,,,,
503,29,20,0.08365432931107776,20,7,0.0,0.0,0.0,False,21,20,,,,,
503,29,20,0.08365432931107776,20,8,0.0,0.0,0.0,False,21,20,,,,,
503,29,20,0.08365432931107776,20,9,1.0,1.0,1.0,True,20,20,0.8519807627214596,0.9407923050885838,0.08669962720126811,"[-0.07000000000000028, 0.15400000000000036]",0.16916264363032446
503,29,20,0.08365432931107776,20,10,0.0,0.0,0.0,False,18,20,,,,,
503,29,20,0.08365432931107776,20,11,0.0,0.0,0.0,False,17,20,,,,,
503,29,20,0.08365432931107776,20,12,0.0,0.0,0.0,False,15,20,,,,,
503,29,20,0.08365432931107776,20,13,0.0,0.0,0.0,False,14,20,,,,,
503,29,20,0.08365432931107776,20,14,0.0,0.0,0.0,False,14,20,,,,,
503,29,20,0.08365432931107776,20,15,0.0,0.0,0.0,False,14,20,,,,,
503,30,8,0.30618341430778245,28,0,0.0,0.0,0.0,False,40,28,,,,,
503,30,8,0.30618341430778245,28,1,0.0,0.0,0.0,False,36,28,,,,,
503,30,8,0.30618341430778245,28,2,0.0,0.0,0.0,False,35,28,,,,,
503,30,8,0.30618341430778245,28,3,0.0,0.0,0.0,False,32,28,,,,,
503,30,8,0.30618341430778245,28,4,1.0,1.0,1.0,True,28,28,0.8723729716346227,0.948949188653849,0.07475525467856267,"[-0.07000000000000028, 0.030000000000001137]",0.0761577310586398
503,30,8,0.30618341430778245,28,5,0.0,0.0,0.0,False,27,28,,,,,
503,30,8,0.30618341430778245,28,6,0.0,0.0,0.0,False,25,28,,,,,
503,30,8,0.30618341430778245,28,7,0.0,0.0,0.0,False,24,28,,,,,
503,30,8,0.30618341430778245,28,8,0.0,0.0,0.0,False,21,28,,,,,
503,30,8,0.30618341430778245,28,9,0.0,0.0,0.0,False,20,28,,,,,
503,30,8,0.30618341430778245,28,10,0.0,0.0,0.0,False,20,28,,,,,
503,30,8,0.30618341430778245,28,11,0.0,0.0,0.0,False,18,28,,,,,
503,30,8,0.30618341430778245,28,12,0.0,0.0,0.0,False,17,28,,,,,
503,30,8,0.30618341430778245,28,13,0.0,0.0,0.0,False,15,28,,,,,
503,30,8,0.30618341430778245,28,14,0.0,0.0,0.0,False,14,28,,,,,
503,30,8,0.30618341430778245,28,15,0.0,0.0,0.0,False,14,28,,,,,
503,30,11,0.2222335851956346,34,0,0.0,0.0,0.0,False,40,34,,,,,
503,30,11,0.2222335851956346,34,1,0.0,0.0,0.0,False,36,34,,,,,
503,30,11,0.2222335851956346,34,2,0.0,0.0,0.0,False,35,34,,,,,
503,30,11,0.2222335851956346,34,3,0.0,0.0,0.0,False,32,34,,,,,
503,30,11,0.2222335851956346,34,4,0.0,0.0,0.0,False,28,34,,,,,
503,30,11,0.2222335851956346,34,5,0.0,0.0,0.0,False,27,34,,,,,
503,30,11,0.2222335851956346,34,6,0.14705882352941177,0.2,0.1694915254237288,False,25,34,,,,,
503,30,11,0.2222335851956346,34,7,0.7058823529411765,1.0,0.8275862068965517,True,24,34,0.6864822894235296,0.7711446399073429,0.18363740502746018,"[-0.17153588122968166, 0.24299377942677758]",0.2974399693876949
503,30,11,0.2222335851956346,34,8,0.0,0.0,0.0,False,21,34,,,,,
503,30,11,0.2222335851956346,34,9,0.0,0.0,0.0,False,20,34,,,,,
503,30,11,0.2222335851956346,34,10,0.0,0.0,0.0,False,20,34,,,,,
503,30,11,0.2222335851956346,34,11,0.0,0.0,0.0,False,18,34,,,,,
503,30,11,0.2222335851956346,34,12,0.0,0.0,0.0,False,17,34,,,,,
503,30,11,0.2222335851956346,34,13,0.0,0.0,0.0,False,15,34,,,,,
503,30,11,0.2222335851956346,34,14,0.0,0.0,0.0,False,14,34,,,,,
503,30,11,0.2222335851956346,34,15,0.0,0.0,0.0,False,14,34,,,,,
503,30,10,0.1697080165801889,28,0,0.0,0.0,0.0,False,40,28,,,,,
503,30,10,0.1697080165801889,28,1,0.0,0.0,0.0,False,36,28,,,,,
503,30,10,0.1697080165801889,28,2,0.0,0.0,0.0,False,35,28,,,,,
503,30,10,0.1697080165801889,28,3,0.0,0.0,0.0,False,32,28,,,,,
503,30,10,0.1697080165801889,28,4,1.0,1.0,1.0,True,28,28,0.8723729716346227,0.948949188653849,0.07475525467856267,"[-0.07000000000000028, 0.030000000000001137]",0.0761577310586398
503,30,10,0.1697080165801889,28,5,0.0,0.0,0.0,False,27,28,,,,,
503,30,10,0.1697080165801889,28,6,0.0,0.0,0.0,False,25,28,,,,,
503,30,10,0.1697080165801889,28,7,0.0,0.0,0.0,False,24,28,,,,,
503,30,10,0.1697080165801889,28,8,0.0,0.0,0.0,False,21,28,,,,,
503,30,10,0.1697080165801889,28,9,0.0,0.0,0.0,False,20,28,,,,,
503,30,10,0.1697080165801889,28,10,0.0,0.0,0.0,False,20,28,,,,,
503,30,10,0.1697080165801889,28,11,0.0,0.0,0.0,False,18,28,,,,,
503,30,10,0.1697080165801889,28,12,0.0,0.0,0.0,False,17,28,,,,,
503,30,10,0.1697080165801889,28,13,0.0,0.0,0.0,False,15,28,,,,,
503,30,10,0.1697080165801889,28,14,0.0,0.0,0.0,False,14,28,,,,,
503,30,10,0.1697080165801889,28,15,0.0,0.0,0.0,False,14,28,,,,,
503,30,26,0.1201925789223637,17,0,0.0,0.0,0.0,False,40,17,,,,,
503,30,26,0.1201925789223637,17,1,0.0,0.0,0.0,False,36,17,,,,,
503,30,26,0.1201925789223637,17,2,0.0,0.0,0.0,False,35,17,,,,,
503,30,26,0.1201925789223637,17,3,0.0,0.0,0.0,False,32,17,,,,,
503,30,26,0.1201925789223637,17,4,0.0,0.0,0.0,False,28,17,,,,,
503,30,26,0.1201925789223637,17,5,0.0,0.0,0.0,False,27,17,,,,,
503,30,26,0.1201925789223637,17,6,0.0,0.0,0.0,False,25,17,,,,,
503,30,26,0.1201925789223637,17,7,0.0,0.0,0.0,False,24,17,,,,,
503,30,26,0.1201925789223637,17,8,0.0,0.0,0.0,False,21,17,,,,,
503,30,26,0.1201925789223637,17,9,0.0,0.0,0.0,False,20,17,,,,,
503,30,26,0.1201925789223637,17,10,0.0,0.0,0.0,False,20,17,,,,,
503,30,26,0.1201925789223637,17,11,0.0,0.0,0.0,False,18,17,,,,,
503,30,26,0.1201925789223637,17,12,1.0,1.0,1.0,True,17,17,0.7881279359696827,0.9152511743878731,0.12410028117645801,"[0.04941176470588182, 0.09882352941176498]",0.11048806477057785
503,30,26,0.1201925789223637,17,13,0.0,0.0,0.0,False,15,17,,,,,
503,30,26,0.1201925789223637,17,14,0.0,0.0,0.0,False,14,17,,,,,
503,30,26,0.1201925789223637,17,15,0.0,0.0,0.0,False,14,17,,,,,
503,30,28,0.09802807568295266,17,0,0.0,0.0,0.0,False,40,17,,,,,
503,30,28,0.09802807568295266,17,1,0.0,0.0,0.0,False,36,17,,,,,
503,30,28,0.09802807568295266,17,2,0.0,0.0,0.0,False,35,17,,,,,
503,30,28,0.09802807568295266,17,3,0.0,0.0,0.0,False,32,17,,,,,
503,30,28,0.09802807568295266,17,4,0.0,0.0,0.0,False,28,17,,,,,
503,30,28,0.09802807568295266,17,5,0.0,0.0,0.0,False,27,17,,,,,
503,30,28,0.09802807568295266,17,6,0.0,0.0,0.0,False,25,17,,,,,
503,30,28,0.09802807568295266,17,7,0.0,0.0,0.0,False,24,17,,,,,
503,30,28,0.09802807568295266,17,8,0.0,0.0,0.0,False,21,17,,,,,
503,30,28,0.09802807568295266,17,9,0.0,0.0,0.0,False,20,17,,,,,
503,30,28,0.09802807568295266,17,10,0.0,0.0,0.0,False,20,17,,,,,
503,30,28,0.09802807568295266,17,11,0.0,0.0,0.0,False,18,17,,,,,
503,30,28,0.09802807568295266,17,12,1.0,1.0,1.0,True,17,17,0.7881279359696827,0.9152511743878731,0.12410028117645801,"[0.04941176470588182, 0.09882352941176498]",0.11048806477057785
503,30,28,0.09802807568295266,17,13,0.0,0.0,0.0,False,15,17,,,,,
503,30,28,0.09802807568295266,17,14,0.0,0.0,0.0,False,14,17,,,,,
503,30,28,0.09802807568295266,17,15,0.0,0.0,0.0,False,14,17,,,,,
503,30,20,0.08365432931107776,20,0,0.0,0.0,0.0,False,40,20,,,,,
503,30,20,0.08365432931107776,20,1,0.0,0.0,0.0,False,36,20,,,,,
503,30,20,0.08365432931107776,20,2,0.0,0.0,0.0,False,35,20,,,,,
503,30,20,0.08365432931107776,20,3,0.0,0.0,0.0,False,32,20,,,,,
503,30,20,0.08365432931107776,20,4,0.0,0.0,0.0,False,28,20,,,,,
503,30,20,0.08365432931107776,20,5,0.0,0.0,0.0,False,27,20,,,,,
503,30,20,0.08365432931107776,20,6,0.0,0.0,0.0,False,25,20,,,,,
503,30,20,0.08365432931107776,20,7,0.0,0.0,0.0,False,24,20,,,,,
503,30,20,0.08365432931107776,20,8,0.0,0.0,0.0,False,21,20,,,,,
503,30,20,0.08365432931107776,20,9,0.0,0.0,0.0,False,20,20,,,,,
503,30,20,0.08365432931107776,20,10,1.0,1.0,1.0,True,20,20,0.8552956265245585,0.9421182506098233,0.08475800487409162,"[-0.05599999999999916, 0.14000000000000012]",0.15078461459976591
503,30,20,0.08365432931107776,20,11,0.0,0.0,0.0,False,18,20,,,,,
503,30,20,0.08365432931107776,20,12,0.0,0.0,0.0,False,17,20,,,,,
503,30,20,0.08365432931107776,20,13,0.0,0.0,0.0,False,15,20,,,,,
503,30,20,0.08365432931107776,20,14,0.0,0.0,0.0,False,14,20,,,,,
503,30,20,0.08365432931107776,20,15,0.0,0.0,0.0,False,14,20,,,,,
503,31,8,0.30618341430778245,28,0,0.0,0.0,0.0,False,53,28,,,,,
503,31,8,0.30618341430778245,28,1,0.0,0.0,0.0,False,43,28,,,,,
503,31,8,0.30618341430778245,28,2,0.0,0.0,0.0,False,41,28,,,,,
503,31,8,0.30618341430778245,28,3,0.0,0.0,0.0,False,37,28,,,,,
503,31,8,0.30618341430778245,28,4,0.0,0.0,0.0,False,34,28,,,,,
503,31,8,0.30618341430778245,28,5,1.0,1.0,1.0,True,28,28,0.8279322282690575,0.931172891307623,0.10078562717055989,"[-0.08999999999999986, 0.07000000000000028]",0.11401754250991386
503,31,8,0.30618341430778245,28,6,0.0,0.0,0.0,False,28,28,,,,,
503,31,8,0.30618341430778245,28,7,0.0,0.0,0.0,False,27,28,,,,,
503,31,8,0.30618341430778245,28,8,0.0,0.0,0.0,False,21,28,,,,,
503,31,8,0.30618341430778245,28,9,0.0,0.0,0.0,False,18,28,,,,,
503,31,8,0.30618341430778245,28,10,0.0,0.0,0.0,False,17,28,,,,,
503,31,8,0.30618341430778245,28,11,0.0,0.0,0.0,False,15,28,,,,,
503,31,8,0.30618341430778245,28,12,0.0,0.0,0.0,False,15,28,,,,,
503,31,8,0.30618341430778245,28,13,0.0,0.0,0.0,False,14,28,,,,,
503,31,11,0.2222335851956346,24,0,0.0,0.0,0.0,False,53,24,,,,,
503,31,11,0.2222335851956346,24,1,0.0,0.0,0.0,False,43,24,,,,,
503,31,11,0.2222335851956346,24,2,0.0,0.0,0.0,False,41,24,,,,,
503,31,11,0.2222335851956346,24,3,0.0,0.0,0.0,False,37,24,,,,,
503,31,11,0.2222335851956346,24,4,0.0,0.0,0.0,False,34,24,,,,,
503,31,11,0.2222335851956346,24,5,0.0,0.0,0.0,False,28,24,,,,,
503,31,11,0.2222335851956346,24,6,0.0,0.0,0.0,False,28,24,,,,,
503,31,11,0.2222335851956346,24,7,1.0,0.8888888888888888,0.9411764705882353,True,27,24,0.7605635713752781,0.8689313109030524,0.1402456159201953,"[0.11970346601210391, 0.2276526696556438]",0.25720547773453933
503,31,11,0.2222335851956346,24,8,0.0,0.0,0.0,False,21,24,,,,,
503,31,11,0.2222335851956346,24,9,0.0,0.0,0.0,False,18,24,,,,,
503,31,11,0.2222335851956346,24,10,0.0,0.0,0.0,False,17,24,,,,,
503,31,11,0.2222335851956346,24,11,0.0,0.0,0.0,False,15,24,,,,,
503,31,11,0.2222335851956346,24,12,0.0,0.0,0.0,False,15,24,,,,,
503,31,11,0.2222335851956346,24,13,0.0,0.0,0.0,False,14,24,,,,,
503,31,10,0.1697080165801889,28,0,0.0,0.0,0.0,False,53,28,,,,,
503,31,10,0.1697080165801889,28,1,0.0,0.0,0.0,False,43,28,,,,,
503,31,10,0.1697080165801889,28,2,0.0,0.0,0.0,False,41,28,,,,,
503,31,10,0.1697080165801889,28,3,0.0,0.0,0.0,False,37,28,,,,,
503,31,10,0.1697080165801889,28,4,0.0,0.0,0.0,False,34,28,,,,,
503,31,10,0.1697080165801889,28,5,1.0,1.0,1.0,True,28,28,0.8279322282690575,0.931172891307623,0.10078562717055989,"[-0.08999999999999986, 0.07000000000000028]",0.11401754250991386
503,31,10,0.1697080165801889,28,6,0.0,0.0,0.0,False,28,28,,,,,
503,31,10,0.1697080165801889,28,7,0.0,0.0,0.0,False,27,28,,,,,
503,31,10,0.1697080165801889,28,8,0.0,0.0,0.0,False,21,28,,,,,
503,31,10,0.1697080165801889,28,9,0.0,0.0,0.0,False,18,28,,,,,
503,31,10,0.1697080165801889,28,10,0.0,0.0,0.0,False,17,28,,,,,
503,31,10,0.1697080165801889,28,11,0.0,0.0,0.0,False,15,28,,,,,
503,31,10,0.1697080165801889,28,12,0.0,0.0,0.0,False,15,28,,,,,
503,31,10,0.1697080165801889,28,13,0.0,0.0,0.0,False,14,28,,,,,
503,31,26,0.1201925789223637,17,0,0.0,0.0,0.0,False,53,17,,,,,
503,31,26,0.1201925789223637,17,1,0.0,0.0,0.0,False,43,17,,,,,
503,31,26,0.1201925789223637,17,2,0.0,0.0,0.0,False,41,17,,,,,
503,31,26,0.1201925789223637,17,3,1.0,0.4594594594594595,0.6296296296296297,True,37,17,0.4769440495745192,0.5685553976075854,0.3063706903309976,"[-0.016011567807014515, 0.11713861483505816]",0.11822785369410514
503,31,26,0.1201925789223637,17,4,0.0,0.0,0.0,False,34,17,,,,,
503,31,26,0.1201925789223637,17,5,0.0,0.0,0.0,False,28,17,,,,,
503,31,26,0.1201925789223637,17,6,0.0,0.0,0.0,False,28,17,,,,,
503,31,26,0.1201925789223637,17,7,0.0,0.0,0.0,False,27,17,,,,,
503,31,26,0.1201925789223637,17,8,0.0,0.0,0.0,False,21,17,,,,,
503,31,26,0.1201925789223637,17,9,0.0,0.0,0.0,False,18,17,,,,,
503,31,26,0.1201925789223637,17,10,0.0,0.0,0.0,False,17,17,,,,,
503,31,26,0.1201925789223637,17,11,0.0,0.0,0.0,False,15,17,,,,,
503,31,26,0.1201925789223637,17,12,0.0,0.0,0.0,False,15,17,,,,,
503,31,26,0.1201925789223637,17,13,0.0,0.0,0.0,False,14,17,,,,,
503,31,28,0.09802807568295266,17,0,0.0,0.0,0.0,False,53,17,,,,,
503,31,28,0.09802807568295266,17,1,0.0,0.0,0.0,False,43,17,,,,,
503,31,28,0.09802807568295266,17,2,0.0,0.0,0.0,False,41,17,,,,,
503,31,28,0.09802807568295266,17,3,1.0,0.4594594594594595,0.6296296296296297,True,37,17,0.4769440495745192,0.5685553976075854,0.3063706903309976,"[-0.016011567807014515, 0.11713861483505816]",0.11822785369410514
503,31,28,0.09802807568295266,17,4,0.0,0.0,0.0,False,34,17,,,,,
503,31,28,0.09802807568295266,17,5,0.0,0.0,0.0,False,28,17,,,,,
503,31,28,0.09802807568295266,17,6,0.0,0.0,0.0,False,28,17,,,,,
503,31,28,0.09802807568295266,17,7,0.0,0.0,0.0,False,27,17,,,,,
503,31,28,0.09802807568295266,17,8,0.0,0.0,0.0,False,21,17,,,,,
503,31,28,0.09802807568295266,17,9,0.0,0.0,0.0,False,18,17,,,,,
503,31,28,0.09802807568295266,17,10,0.0,0.0,0.0,False,17,17,,,,,
503,31,28,0.09802807568295266,17,11,0.0,0.0,0.0,False,15,17,,,,,
503,31,28,0.09802807568295266,17,12,0.0,0.0,0.0,False,15,17,,,,,
503,31,28,0.09802807568295266,17,13,0.0,0.0,0.0,False,14,17,,,,,
503,31,20,0.08365432931107776,20,0,0.0,0.0,0.0,False,53,20,,,,,
503,31,20,0.08365432931107776,20,1,0.0,0.0,0.0,False,43,20,,,,,
503,31,20,0.08365432931107776,20,2,0.0,0.0,0.0,False,41,20,,,,,
503,31,20,0.08365432931107776,20,3,1.0,0.5405405405405406,0.7017543859649122,True,37,20,0.5004054601521589,0.621214815639811,0.2926285876955846,"[0.09860983263596346, -0.3425678226097997]",0.35647806689908973
503,31,20,0.08365432931107776,20,4,0.0,0.0,0.0,False,34,20,,,,,
503,31,20,0.08365432931107776,20,5,0.0,0.0,0.0,False,28,20,,,,,
503,31,20,0.08365432931107776,20,6,0.0,0.0,0.0,False,28,20,,,,,
503,31,20,0.08365432931107776,20,7,0.0,0.0,0.0,False,27,20,,,,,
503,31,20,0.08365432931107776,20,8,0.0,0.0,0.0,False,21,20,,,,,
503,31,20,0.08365432931107776,20,9,0.0,0.0,0.0,False,18,20,,,,,
503,31,20,0.08365432931107776,20,10,0.0,0.0,0.0,False,17,20,,,,,
503,31,20,0.08365432931107776,20,11,0.0,0.0,0.0,False,15,20,,,,,
503,31,20,0.08365432931107776,20,12,0.0,0.0,0.0,False,15,20,,,,,
503,31,20,0.08365432931107776,20,13,0.0,0.0,0.0,False,14,20,,,,,
503,32,8,0.30618341430778245,28,0,0.0,0.0,0.0,False,49,28,,,,,
503,32,8,0.30618341430778245,28,1,0.0,0.0,0.0,False,45,28,,,,,
503,32,8,0.30618341430778245,28,2,0.0,0.0,0.0,False,40,28,,,,,
503,32,8,0.30618341430778245,28,3,0.0,0.0,0.0,False,40,28,,,,,
503,32,8,0.30618341430778245,28,4,0.0,0.0,0.0,False,37,28,,,,,
503,32,8,0.30618341430778245,28,5,0.0,0.0,0.0,False,29,28,,,,,
503,32,8,0.30618341430778245,28,6,1.0,1.0,1.0,True,28,28,0.8363885372755062,0.9345554149102024,0.09583249505180574,"[-0.1399999999999988, 0.08000000000000007]",0.16124515496596997
503,32,8,0.30618341430778245,28,7,0.0,0.0,0.0,False,24,28,,,,,
503,32,8,0.30618341430778245,28,8,0.0,0.0,0.0,False,21,28,,,,,
503,32,8,0.30618341430778245,28,9,0.0,0.0,0.0,False,21,28,,,,,
503,32,8,0.30618341430778245,28,10,0.0,0.0,0.0,False,18,28,,,,,
503,32,8,0.30618341430778245,28,11,0.0,0.0,0.0,False,17,28,,,,,
503,32,8,0.30618341430778245,28,12,0.0,0.0,0.0,False,15,28,,,,,
503,32,11,0.2222335851956346,27,0,0.0,0.0,0.0,False,49,27,,,,,
503,32,11,0.2222335851956346,27,1,0.0,0.0,0.0,False,45,27,,,,,
503,32,11,0.2222335851956346,27,2,0.0,0.0,0.0,False,40,27,,,,,
503,32,11,0.2222335851956346,27,3,0.0,0.0,0.0,False,40,27,,,,,
503,32,11,0.2222335851956346,27,4,0.0,0.0,0.0,False,37,27,,,,,
503,32,11,0.2222335851956346,27,5,0.1111111111111111,0.10344827586206896,0.10714285714285714,False,29,27,,,,,
503,32,11,0.2222335851956346,27,6,0.0,0.0,0.0,False,28,27,,,,,
503,32,11,0.2222335851956346,27,7,0.0,0.0,0.0,False,24,27,,,,,
503,32,11,0.2222335851956346,27,8,0.0,0.0,0.0,False,21,27,,,,,
503,32,11,0.2222335851956346,27,9,0.7777777777777778,1.0,0.875,True,21,27,0.657011976835785,0.787804790734314,0.2008991148014013,"[-0.04580252550006669, 0.19419210755343386]",0.19952054024142146
503,32,11,0.2222335851956346,27,10,0.0,0.0,0.0,False,18,27,,,,,
503,32,11,0.2222335851956346,27,11,0.0,0.0,0.0,False,17,27,,,,,
503,32,11,0.2222335851956346,27,12,0.0,0.0,0.0,False,15,27,,,,,
503,32,10,0.1697080165801889,28,0,0.0,0.0,0.0,False,49,28,,,,,
503,32,10,0.1697080165801889,28,1,0.0,0.0,0.0,False,45,28,,,,,
503,32,10,0.1697080165801889,28,2,0.0,0.0,0.0,False,40,28,,,,,
503,32,10,0.1697080165801889,28,3,0.0,0.0,0.0,False,40,28,,,,,
503,32,10,0.1697080165801889,28,4,0.0,0.0,0.0,False,37,28,,,,,
503,32,10,0.1697080165801889,28,5,0.0,0.0,0.0,False,29,28,,,,,
503,32,10,0.1697080165801889,28,6,1.0,1.0,1.0,True,28,28,0.8363885372755062,0.9345554149102024,0.09583249505180574,"[-0.1399999999999988, 0.08000000000000007]",0.16124515496596997
503,32,10,0.1697080165801889,28,7,0.0,0.0,0.0,False,24,28,,,,,
503,32,10,0.1697080165801889,28,8,0.0,0.0,0.0,False,21,28,,,,,
503,32,10,0.1697080165801889,28,9,0.0,0.0,0.0,False,21,28,,,,,
503,32,10,0.1697080165801889,28,10,0.0,0.0,0.0,False,18,28,,,,,
503,32,10,0.1697080165801889,28,11,0.0,0.0,0.0,False,17,28,,,,,
503,32,10,0.1697080165801889,28,12,0.0,0.0,0.0,False,15,28,,,,,
503,32,26,0.1201925789223637,37,0,0.0,0.0,0.0,False,49,37,,,,,
503,32,26,0.1201925789223637,37,1,0.0,0.0,0.0,False,45,37,,,,,
503,32,26,0.1201925789223637,37,2,0.0,0.0,0.0,False,40,37,,,,,
503,32,26,0.1201925789223637,37,3,0.0,0.0,0.0,False,40,37,,,,,
503,32,26,0.1201925789223637,37,4,1.0,1.0,1.0,True,37,37,0.8476806835199716,0.9390722734079886,0.08921832186933601,"[-0.08324324324324373, 0.09081081081081077]",0.12319107478129537
503,32,26,0.1201925789223637,37,5,0.0,0.0,0.0,False,29,37,,,,,
503,32,26,0.1201925789223637,37,6,0.0,0.0,0.0,False,28,37,,,,,
503,32,26,0.1201925789223637,37,7,0.0,0.0,0.0,False,24,37,,,,,
503,32,26,0.1201925789223637,37,8,0.0,0.0,0.0,False,21,37,,,,,
503,32,26,0.1201925789223637,37,9,0.0,0.0,0.0,False,21,37,,,,,
503,32,26,0.1201925789223637,37,10,0.0,0.0,0.0,False,18,37,,,,,
503,32,26,0.1201925789223637,37,11,0.0,0.0,0.0,False,17,37,,,,,
503,32,26,0.1201925789223637,37,12,0.0,0.0,0.0,False,15,37,,,,,
503,32,28,0.09802807568295266,37,0,0.0,0.0,0.0,False,49,37,,,,,
503,32,28,0.09802807568295266,37,1,0.0,0.0,0.0,False,45,37,,,,,
503,32,28,0.09802807568295266,37,2,0.0,0.0,0.0,False,40,37,,,,,
503,32,28,0.09802807568295266,37,3,0.0,0.0,0.0,False,40,37,,,,,
503,32,28,0.09802807568295266,37,4,1.0,1.0,1.0,True,37,37,0.8476806835199716,0.9390722734079886,0.08921832186933601,"[-0.08324324324324373, 0.09081081081081077]",0.12319107478129537
503,32,28,0.09802807568295266,37,5,0.0,0.0,0.0,False,29,37,,,,,
503,32,28,0.09802807568295266,37,6,0.0,0.0,0.0,False,28,37,,,,,
503,32,28,0.09802807568295266,37,7,0.0,0.0,0.0,False,24,37,,,,,
503,32,28,0.09802807568295266,37,8,0.0,0.0,0.0,False,21,37,,,,,
503,32,28,0.09802807568295266,37,9,0.0,0.0,0.0,False,21,37,,,,,
503,32,28,0.09802807568295266,37,10,0.0,0.0,0.0,False,18,37,,,,,
503,32,28,0.09802807568295266,37,11,0.0,0.0,0.0,False,17,37,,,,,
503,32,28,0.09802807568295266,37,12,0.0,0.0,0.0,False,15,37,,,,,
503,32,20,0.08365432931107776,37,0,0.0,0.0,0.0,False,49,37,,,,,
503,32,20,0.08365432931107776,37,1,0.0,0.0,0.0,False,45,37,,,,,
503,32,20,0.08365432931107776,37,2,0.0,0.0,0.0,False,40,37,,,,,
503,32,20,0.08365432931107776,37,3,0.0,0.0,0.0,False,40,37,,,,,
503,32,20,0.08365432931107776,37,4,1.0,1.0,1.0,True,37,37,0.8476806835199716,0.9390722734079886,0.08921832186933601,"[-0.08324324324324373, 0.09081081081081077]",0.12319107478129537
503,32,20,0.08365432931107776,37,5,0.0,0.0,0.0,False,29,37,,,,,
503,32,20,0.08365432931107776,37,6,0.0,0.0,0.0,False,28,37,,,,,
503,32,20,0.08365432931107776,37,7,0.0,0.0,0.0,False,24,37,,,,,
503,32,20,0.08365432931107776,37,8,0.0,0.0,0.0,False,21,37,,,,,
503,32,20,0.08365432931107776,37,9,0.0,0.0,0.0,False,21,37,,,,,
503,32,20,0.08365432931107776,37,10,0.0,0.0,0.0,False,18,37,,,,,
503,32,20,0.08365432931107776,37,11,0.0,0.0,0.0,False,17,37,,,,,
503,32,20,0.08365432931107776,37,12,0.0,0.0,0.0,False,15,37,,,,,
503,33,8,0.30618341430778245,28,0,0.0,0.0,0.0,False,49,28,,,,,
503,33,8,0.30618341430778245,28,1,0.0,0.0,0.0,False,44,28,,,,,
503,33,8,0.30618341430778245,28,2,0.0,0.0,0.0,False,40,28,,,,,
503,33,8,0.30618341430778245,28,3,0.0,0.0,0.0,False,37,28,,,,,
503,33,8,0.30618341430778245,28,4,1.0,0.7777777777777778,0.875,True,36,28,0.7632355938134758,0.8302942375253903,0.13868052645260648,"[-0.250456926924171, 0.12120588032453128]",0.27824366600076295
503,33,8,0.30618341430778245,28,5,0.0,0.0,0.0,False,32,28,,,,,
503,33,8,0.30618341430778245,28,6,0.0,0.0,0.0,False,29,28,,,,,
503,33,8,0.30618341430778245,28,7,0.0,0.0,0.0,False,25,28,,,,,
503,33,8,0.30618341430778245,28,8,0.0,0.0,0.0,False,24,28,,,,,
503,33,8,0.30618341430778245,28,9,0.0,0.0,0.0,False,18,28,,,,,
503,33,8,0.30618341430778245,28,10,0.0,0.0,0.0,False,17,28,,,,,
503,33,8,0.30618341430778245,28,11,0.0,0.0,0.0,False,16,28,,,,,
503,33,8,0.30618341430778245,28,12,0.0,0.0,0.0,False,15,28,,,,,
503,33,11,0.2222335851956346,21,0,0.0,0.0,0.0,False,49,21,,,,,
503,33,11,0.2222335851956346,21,1,0.0,0.0,0.0,False,44,21,,,,,
503,33,11,0.2222335851956346,21,2,0.0,0.0,0.0,False,40,21,,,,,
503,33,11,0.2222335851956346,21,3,0.0,0.0,0.0,False,37,21,,,,,
503,33,11,0.2222335851956346,21,4,0.19047619047619047,0.1111111111111111,0.14035087719298245,False,36,21,,,,,
503,33,11,0.2222335851956346,21,5,0.0,0.0,0.0,False,32,21,,,,,
503,33,11,0.2222335851956346,21,6,0.0,0.0,0.0,False,29,21,,,,,
503,33,11,0.2222335851956346,21,7,0.0,0.0,0.0,False,25,21,,,,,
503,33,11,0.2222335851956346,21,8,0.0,0.0,0.0,False,24,21,,,,,
503,33,11,0.2222335851956346,21,9,0.0,0.0,0.0,False,18,21,,,,,
503,33,11,0.2222335851956346,21,10,0.8095238095238095,1.0,0.8947368421052632,True,17,21,0.7731397430199269,0.8460980024711287,0.13287934776980334,"[0.10808760962827968, 0.47920750760878406]",0.4912461365789844
503,33,11,0.2222335851956346,21,11,0.0,0.0,0.0,False,16,21,,,,,
503,33,11,0.2222335851956346,21,12,0.0,0.0,0.0,False,15,21,,,,,
503,33,10,0.1697080165801889,28,0,0.0,0.0,0.0,False,49,28,,,,,
503,33,10,0.1697080165801889,28,1,0.0,0.0,0.0,False,44,28,,,,,
503,33,10,0.1697080165801889,28,2,0.0,0.0,0.0,False,40,28,,,,,
503,33,10,0.1697080165801889,28,3,0.0,0.0,0.0,False,37,28,,,,,
503,33,10,0.1697080165801889,28,4,1.0,0.7777777777777778,0.875,True,36,28,0.7632355938134758,0.8302942375253903,0.13868052645260648,"[-0.250456926924171, 0.12120588032453128]",0.27824366600076295
503,33,10,0.1697080165801889,28,5,0.0,0.0,0.0,False,32,28,,,,,
503,33,10,0.1697080165801889,28,6,0.0,0.0,0.0,False,29,28,,,,,
503,33,10,0.1697080165801889,28,7,0.0,0.0,0.0,False,25,28,,,,,
503,33,10,0.1697080165801889,28,8,0.0,0.0,0.0,False,24,28,,,,,
503,33,10,0.1697080165801889,28,9,0.0,0.0,0.0,False,18,28,,,,,
503,33,10,0.1697080165801889,28,10,0.0,0.0,0.0,False,17,28,,,,,
503,33,10,0.1697080165801889,28,11,0.0,0.0,0.0,False,16,28,,,,,
503,33,10,0.1697080165801889,28,12,0.0,0.0,0.0,False,15,28,,,,,
503,33,26,0.1201925789223637,37,0,0.0,0.0,0.0,False,49,37,,,,,
503,33,26,0.1201925789223637,37,1,0.0,0.0,0.0,False,44,37,,,,,
503,33,26,0.1201925789223637,37,2,0.0,0.0,0.0,False,40,37,,,,,
503,33,26,0.1201925789223637,37,3,1.0,1.0,1.0,True,37,37,0.8671376078065954,0.9468550431226381,0.07782177562880116,"[-0.037837837837837895, 0.06054054054054081]",0.07139228964799618
503,33,26,0.1201925789223637,37,4,0.0,0.0,0.0,False,36,37,,,,,
503,33,26,0.1201925789223637,37,5,0.0,0.0,0.0,False,32,37,,,,,
503,33,26,0.1201925789223637,37,6,0.0,0.0,0.0,False,29,37,,,,,
503,33,26,0.1201925789223637,37,7,0.0,0.0,0.0,False,25,37,,,,,
503,33,26,0.1201925789223637,37,8,0.0,0.0,0.0,False,24,37,,,,,
503,33,26,0.1201925789223637,37,9,0.0,0.0,0.0,False,18,37,,,,,
503,33,26,0.1201925789223637,37,10,0.0,0.0,0.0,False,17,37,,,,,
503,33,26,0.1201925789223637,37,11,0.0,0.0,0.0,False,16,37,,,,,
503,33,26,0.1201925789223637,37,12,0.0,0.0,0.0,False,15,37,,,,,
503,33,28,0.09802807568295266,37,0,0.0,0.0,0.0,False,49,37,,,,,
503,33,28,0.09802807568295266,37,1,0.0,0.0,0.0,False,44,37,,,,,
503,33,28,0.09802807568295266,37,2,0.0,0.0,0.0,False,40,37,,,,,
503,33,28,0.09802807568295266,37,3,1.0,1.0,1.0,True,37,37,0.8671376078065954,0.9468550431226381,0.07782177562880116,"[-0.037837837837837895, 0.06054054054054081]",0.07139228964799618
503,33,28,0.09802807568295266,37,4,0.0,0.0,0.0,False,36,37,,,,,
503,33,28,0.09802807568295266,37,5,0.0,0.0,0.0,False,32,37,,,,,
503,33,28,0.09802807568295266,37,6,0.0,0.0,0.0,False,29,37,,,,,
503,33,28,0.09802807568295266,37,7,0.0,0.0,0.0,False,25,37,,,,,
503,33,28,0.09802807568295266,37,8,0.0,0.0,0.0,False,24,37,,,,,
503,33,28,0.09802807568295266,37,9,0.0,0.0,0.0,False,18,37,,,,,
503,33,28,0.09802807568295266,37,10,0.0,0.0,0.0,False,17,37,,,,,
503,33,28,0.09802807568295266,37,11,0.0,0.0,0.0,False,16,37,,,,,
503,33,28,0.09802807568295266,37,12,0.0,0.0,0.0,False,15,37,,,,,
503,33,20,0.08365432931107776,37,0,0.0,0.0,0.0,False,49,37,,,,,
503,33,20,0.08365432931107776,37,1,0.0,0.0,0.0,False,44,37,,,,,
503,33,20,0.08365432931107776,37,2,0.0,0.0,0.0,False,40,37,,,,,
503,33,20,0.08365432931107776,37,3,1.0,1.0,1.0,True,37,37,0.8671376078065954,0.9468550431226381,0.07782177562880116,"[-0.037837837837837895, 0.06054054054054081]",0.07139228964799618
503,33,20,0.08365432931107776,37,4,0.0,0.0,0.0,False,36,37,,,,,
503,33,20,0.08365432931107776,37,5,0.0,0.0,0.0,False,32,37,,,,,
503,33,20,0.08365432931107776,37,6,0.0,0.0,0.0,False,29,37,,,,,
503,33,20,0.08365432931107776,37,7,0.0,0.0,0.0,False,25,37,,,,,
503,33,20,0.08365432931107776,37,8,0.0,0.0,0.0,False,24,37,,,,,
503,33,20,0.08365432931107776,37,9,0.0,0.0,0.0,False,18,37,,,,,
503,33,20,0.08365432931107776,37,10,0.0,0.0,0.0,False,17,37,,,,,
503,33,20,0.08365432931107776,37,11,0.0,0.0,0.0,False,16,37,,,,,
503,33,20,0.08365432931107776,37,12,0.0,0.0,0.0,False,15,37,,,,,
503,34,8,0.30618341430778245,36,0,0.0,0.0,0.0,False,48,36,,,,,
503,34,8,0.30618341430778245,36,1,0.0,0.0,0.0,False,44,36,,,,,
503,34,8,0.30618341430778245,36,2,0.0,0.0,0.0,False,41,36,,,,,
503,34,8,0.30618341430778245,36,3,0.0,0.0,0.0,False,37,36,,,,,
503,34,8,0.30618341430778245,36,4,0.9722222222222222,1.0,0.9859154929577465,True,35,36,0.8212625217313116,0.9200543044671725,0.10469228877074271,"[-0.04570240481192833, -0.017153058759021178]",0.04881533806483166
503,34,8,0.30618341430778245,36,5,0.0,0.0,0.0,False,33,36,,,,,
503,34,8,0.30618341430778245,36,6,0.027777777777777776,0.03333333333333333,0.030303030303030304,False,30,36,,,,,
503,34,8,0.30618341430778245,36,7,0.0,0.0,0.0,False,25,36,,,,,
503,34,8,0.30618341430778245,36,8,0.0,0.0,0.0,False,24,36,,,,,
503,34,8,0.30618341430778245,36,9,0.0,0.0,0.0,False,18,36,,,,,
503,34,8,0.30618341430778245,36,10,0.0,0.0,0.0,False,17,36,,,,,
503,34,8,0.30618341430778245,36,11,0.0,0.0,0.0,False,16,36,,,,,
503,34,8,0.30618341430778245,36,12,0.0,0.0,0.0,False,15,36,,,,,
503,34,11,0.2222335851956346,17,0,0.0,0.0,0.0,False,48,17,,,,,
503,34,11,0.2222335851956346,17,1,0.0,0.0,0.0,False,44,17,,,,,
503,34,11,0.2222335851956346,17,2,0.0,0.0,0.0,False,41,17,,,,,
503,34,11,0.2222335851956346,17,3,0.0,0.0,0.0,False,37,17,,,,,
503,34,11,0.2222335851956346,17,4,0.0,0.0,0.0,False,35,17,,,,,
503,34,11,0.2222335851956346,17,5,0.0,0.0,0.0,False,33,17,,,,,
503,34,11,0.2222335851956346,17,6,0.0,0.0,0.0,False,30,17,,,,,
503,34,11,0.2222335851956346,17,7,0.0,0.0,0.0,False,25,17,,,,,
503,34,11,0.2222335851956346,17,8,0.0,0.0,0.0,False,24,17,,,,,
503,34,11,0.2222335851956346,17,9,0.0,0.0,0.0,False,18,17,,,,,
503,34,11,0.2222335851956346,17,10,1.0,1.0,1.0,True,17,17,0.7839739815287972,0.9135895926115188,0.12653338587323543,"[0.032941176470588474, 0.2141176470588224]",0.21663676486061384
503,34,11,0.2222335851956346,17,11,0.0,0.0,0.0,False,16,17,,,,,
503,34,11,0.2222335851956346,17,12,0.0,0.0,0.0,False,15,17,,,,,
503,34,10,0.1697080165801889,36,0,0.0,0.0,0.0,False,48,36,,,,,
503,34,10,0.1697080165801889,36,1,0.0,0.0,0.0,False,44,36,,,,,
503,34,10,0.1697080165801889,36,2,0.0,0.0,0.0,False,41,36,,,,,
503,34,10,0.1697080165801889,36,3,0.0,0.0,0.0,False,37,36,,,,,
503,34,10,0.1697080165801889,36,4,0.9722222222222222,1.0,0.9859154929577465,True,35,36,0.8212625217313116,0.9200543044671725,0.10469228877074271,"[-0.04570240481192833, -0.017153058759021178]",0.04881533806483166
503,34,10,0.1697080165801889,36,5,0.0,0.0,0.0,False,33,36,,,,,
503,34,10,0.1697080165801889,36,6,0.027777777777777776,0.03333333333333333,0.030303030303030304,False,30,36,,,,,
503,34,10,0.1697080165801889,36,7,0.0,0.0,0.0,False,25,36,,,,,
503,34,10,0.1697080165801889,36,8,0.0,0.0,0.0,False,24,36,,,,,
503,34,10,0.1697080165801889,36,9,0.0,0.0,0.0,False,18,36,,,,,
503,34,10,0.1697080165801889,36,10,0.0,0.0,0.0,False,17,36,,,,,
503,34,10,0.1697080165801889,36,11,0.0,0.0,0.0,False,16,36,,,,,
503,34,10,0.1697080165801889,36,12,0.0,0.0,0.0,False,15,36,,,,,
503,34,26,0.1201925789223637,37,0,0.0,0.0,0.0,False,48,37,,,,,
503,34,26,0.1201925789223637,37,1,0.0,0.0,0.0,False,44,37,,,,,
503,34,26,0.1201925789223637,37,2,0.0,0.0,0.0,False,41,37,,,,,
503,34,26,0.1201925789223637,37,3,1.0,1.0,1.0,True,37,37,0.8373841666882365,0.9349536666752946,0.09524932288782617,"[-0.06054054054053992, 0.09837837837837782]",0.11551390557547621
503,34,26,0.1201925789223637,37,4,0.0,0.0,0.0,False,35,37,,,,,
503,34,26,0.1201925789223637,37,5,0.0,0.0,0.0,False,33,37,,,,,
503,34,26,0.1201925789223637,37,6,0.0,0.0,0.0,False,30,37,,,,,
503,34,26,0.1201925789223637,37,7,0.0,0.0,0.0,False,25,37,,,,,
503,34,26,0.1201925789223637,37,8,0.0,0.0,0.0,False,24,37,,,,,
503,34,26,0.1201925789223637,37,9,0.0,0.0,0.0,False,18,37,,,,,
503,34,26,0.1201925789223637,37,10,0.0,0.0,0.0,False,17,37,,,,,
503,34,26,0.1201925789223637,37,11,0.0,0.0,0.0,False,16,37,,,,,
503,34,26,0.1201925789223637,37,12,0.0,0.0,0.0,False,15,37,,,,,
503,34,28,0.09802807568295266,37,0,0.0,0.0,0.0,False,48,37,,,,,
503,34,28,0.09802807568295266,37,1,0.0,0.0,0.0,False,44,37,,,,,
503,34,28,0.09802807568295266,37,2,0.0,0.0,0.0,False,41,37,,,,,
503,34,28,0.09802807568295266,37,3,1.0,1.0,1.0,True,37,37,0.8373841666882365,0.9349536666752946,0.09524932288782617,"[-0.06054054054053992, 0.09837837837837782]",0.11551390557547621
503,34,28,0.09802807568295266,37,4,0.0,0.0,0.0,False,35,37,,,,,
503,34,28,0.09802807568295266,37,5,0.0,0.0,0.0,False,33,37,,,,,
503,34,28,0.09802807568295266,37,6,0.0,0.0,0.0,False,30,37,,,,,
503,34,28,0.09802807568295266,37,7,0.0,0.0,0.0,False,25,37,,,,,
503,34,28,0.09802807568295266,37,8,0.0,0.0,0.0,False,24,37,,,,,
503,34,28,0.09802807568295266,37,9,0.0,0.0,0.0,False,18,37,,,,,
503,34,28,0.09802807568295266,37,10,0.0,0.0,0.0,False,17,37,,,,,
503,34,28,0.09802807568295266,37,11,0.0,0.0,0.0,False,16,37,,,,,
503,34,28,0.09802807568295266,37,12,0.0,0.0,0.0,False,15,37,,,,,
503,34,20,0.08365432931107776,37,0,0.0,0.0,0.0,False,48,37,,,,,
503,34,20,0.08365432931107776,37,1,0.0,0.0,0.0,False,44,37,,,,,
503,34,20,0.08365432931107776,37,2,0.0,0.0,0.0,False,41,37,,,,,
503,34,20,0.08365432931107776,37,3,1.0,1.0,1.0,True,37,37,0.8373841666882365,0.9349536666752946,0.09524932288782617,"[-0.06054054054053992, 0.09837837837837782]",0.11551390557547621
503,34,20,0.08365432931107776,37,4,0.0,0.0,0.0,False,35,37,,,,,
503,34,20,0.08365432931107776,37,5,0.0,0.0,0.0,False,33,37,,,,,
503,34,20,0.08365432931107776,37,6,0.0,0.0,0.0,False,30,37,,,,,
503,34,20,0.08365432931107776,37,7,0.0,0.0,0.0,False,25,37,,,,,
503,34,20,0.08365432931107776,37,8,0.0,0.0,0.0,False,24,37,,,,,
503,34,20,0.08365432931107776,37,9,0.0,0.0,0.0,False,18,37,,,,,
503,34,20,0.08365432931107776,37,10,0.0,0.0,0.0,False,17,37,,,,,
503,34,20,0.08365432931107776,37,11,0.0,0.0,0.0,False,16,37,,,,,
503,34,20,0.08365432931107776,37,12,0.0,0.0,0.0,False,15,37,,,,,
503,35,8,0.30618341430778245,35,0,0.0,0.0,0.0,False,44,35,,,,,
503,35,8,0.30618341430778245,35,1,0.0,0.0,0.0,False,40,35,,,,,
503,35,8,0.30618341430778245,35,2,0.0,0.0,0.0,False,37,35,,,,,
503,35,8,0.30618341430778245,35,3,0.0,0.0,0.0,False,37,35,,,,,
503,35,8,0.30618341430778245,35,4,0.0,0.0,0.0,False,27,35,,,,,
503,35,8,0.30618341430778245,35,5,0.0,0.0,0.0,False,26,35,,,,,
503,35,8,0.30618341430778245,35,6,0.0,0.0,0.0,False,26,35,,,,,
503,35,8,0.30618341430778245,35,7,0.0,0.0,0.0,False,24,35,,,,,
503,35,8,0.30618341430778245,35,8,0.0,0.0,0.0,False,23,35,,,,,
503,35,8,0.30618341430778245,35,9,0.0,0.0,0.0,False,21,35,,,,,
503,35,8,0.30618341430778245,35,10,0.5428571428571428,1.0,0.7037037037037037,True,19,35,0.6060473614238958,0.6646411667917805,0.23075072894228432,"[0.07260321370880973, -0.20258961935647513]",0.2152063672660467
503,35,8,0.30618341430778245,35,11,0.45714285714285713,1.0,0.6274509803921569,True,16,35,0.4949884524700614,0.5744659692233187,0.29580150329236254,"[0.020033683720788176, 0.5505751729858144]",0.5509395335168679
503,35,8,0.30618341430778245,35,12,0.0,0.0,0.0,False,16,35,,,,,
503,35,8,0.30618341430778245,35,13,0.0,0.0,0.0,False,15,35,,,,,
503,35,8,0.30618341430778245,35,14,0.0,0.0,0.0,False,12,35,,,,,
503,35,11,0.2222335851956346,17,0,0.0,0.0,0.0,False,44,17,,,,,
503,35,11,0.2222335851956346,17,1,0.0,0.0,0.0,False,40,17,,,,,
503,35,11,0.2222335851956346,17,2,0.0,0.0,0.0,False,37,17,,,,,
503,35,11,0.2222335851956346,17,3,0.0,0.0,0.0,False,37,17,,,,,
503,35,11,0.2222335851956346,17,4,0.0,0.0,0.0,False,27,17,,,,,
503,35,11,0.2222335851956346,17,5,0.0,0.0,0.0,False,26,17,,,,,
503,35,11,0.2222335851956346,17,6,0.0,0.0,0.0,False,26,17,,,,,
503,35,11,0.2222335851956346,17,7,0.0,0.0,0.0,False,24,17,,,,,
503,35,11,0.2222335851956346,17,8,0.0,0.0,0.0,False,23,17,,,,,
503,35,11,0.2222335851956346,17,9,1.0,0.8095238095238095,0.8947368421052632,True,21,17,0.780904769158293,0.8492040129264751,0.12833112225680754,"[0.2668065714429986, 0.3830550139906119]",0.46681569201186435
503,35,11,0.2222335851956346,17,10,0.0,0.0,0.0,False,19,17,,,,,
503,35,11,0.2222335851956346,17,11,0.0,0.0,0.0,False,16,17,,,,,
503,35,11,0.2222335851956346,17,12,0.0,0.0,0.0,False,16,17,,,,,
503,35,11,0.2222335851956346,17,13,0.0,0.0,0.0,False,15,17,,,,,
503,35,11,0.2222335851956346,17,14,0.0,0.0,0.0,False,12,17,,,,,
503,35,10,0.1697080165801889,35,0,0.0,0.0,0.0,False,44,35,,,,,
503,35,10,0.1697080165801889,35,1,0.0,0.0,0.0,False,40,35,,,,,
503,35,10,0.1697080165801889,35,2,0.0,0.0,0.0,False,37,35,,,,,
503,35,10,0.1697080165801889,35,3,0.0,0.0,0.0,False,37,35,,,,,
503,35,10,0.1697080165801889,35,4,0.0,0.0,0.0,False,27,35,,,,,
503,35,10,0.1697080165801889,35,5,0.0,0.0,0.0,False,26,35,,,,,
503,35,10,0.1697080165801889,35,6,0.0,0.0,0.0,False,26,35,,,,,
503,35,10,0.1697080165801889,35,7,0.0,0.0,0.0,False,24,35,,,,,
503,35,10,0.1697080165801889,35,8,0.0,0.0,0.0,False,23,35,,,,,
503,35,10,0.1697080165801889,35,9,0.0,0.0,0.0,False,21,35,,,,,
503,35,10,0.1697080165801889,35,10,0.5428571428571428,1.0,0.7037037037037037,True,19,35,0.6060473614238958,0.6646411667917805,0.23075072894228432,"[0.07260321370880973, -0.20258961935647513]",0.2152063672660467
503,35,10,0.1697080165801889,35,11,0.45714285714285713,1.0,0.6274509803921569,True,16,35,0.4949884524700614,0.5744659692233187,0.29580150329236254,"[0.020033683720788176, 0.5505751729858144]",0.5509395335168679
503,35,10,0.1697080165801889,35,12,0.0,0.0,0.0,False,16,35,,,,,
503,35,10,0.1697080165801889,35,13,0.0,0.0,0.0,False,15,35,,,,,
503,35,10,0.1697080165801889,35,14,0.0,0.0,0.0,False,12,35,,,,,
503,35,26,0.1201925789223637,37,0,0.0,0.0,0.0,False,44,37,,,,,
503,35,26,0.1201925789223637,37,1,0.0,0.0,0.0,False,40,37,,,,,
503,35,26,0.1201925789223637,37,2,1.0,1.0,1.0,True,37,37,0.881548471826154,0.9526193887304616,0.06938086915532188,"[-0.08324324324324195, 0.10594594594594664]",0.13473670994957163
503,35,26,0.1201925789223637,37,3,0.0,0.0,0.0,False,37,37,,,,,
503,35,26,0.1201925789223637,37,4,0.0,0.0,0.0,False,27,37,,,,,
503,35,26,0.1201925789223637,37,5,0.0,0.0,0.0,False,26,37,,,,,
503,35,26,0.1201925789223637,37,6,0.0,0.0,0.0,False,26,37,,,,,
503,35,26,0.1201925789223637,37,7,0.0,0.0,0.0,False,24,37,,,,,
503,35,26,0.1201925789223637,37,8,0.0,0.0,0.0,False,23,37,,,,,
503,35,26,0.1201925789223637,37,9,0.0,0.0,0.0,False,21,37,,,,,
503,35,26,0.1201925789223637,37,10,0.0,0.0,0.0,False,19,37,,,,,
503,35,26,0.1201925789223637,37,11,0.0,0.0,0.0,False,16,37,,,,,
503,35,26,0.1201925789223637,37,12,0.0,0.0,0.0,False,16,37,,,,,
503,35,26,0.1201925789223637,37,13,0.0,0.0,0.0,False,15,37,,,,,
503,35,26,0.1201925789223637,37,14,0.0,0.0,0.0,False,12,37,,,,,
503,35,28,0.09802807568295266,37,0,0.0,0.0,0.0,False,44,37,,,,,
503,35,28,0.09802807568295266,37,1,0.0,0.0,0.0,False,40,37,,,,,
503,35,28,0.09802807568295266,37,2,1.0,1.0,1.0,True,37,37,0.881548471826154,0.9526193887304616,0.06938086915532188,"[-0.08324324324324195, 0.10594594594594664]",0.13473670994957163
503,35,28,0.09802807568295266,37,3,0.0,0.0,0.0,False,37,37,,,,,
503,35,28,0.09802807568295266,37,4,0.0,0.0,0.0,False,27,37,,,,,
503,35,28,0.09802807568295266,37,5,0.0,0.0,0.0,False,26,37,,,,,
503,35,28,0.09802807568295266,37,6,0.0,0.0,0.0,False,26,37,,,,,
503,35,28,0.09802807568295266,37,7,0.0,0.0,0.0,False,24,37,,,,,
503,35,28,0.09802807568295266,37,8,0.0,0.0,0.0,False,23,37,,,,,
503,35,28,0.09802807568295266,37,9,0.0,0.0,0.0,False,21,37,,,,,
503,35,28,0.09802807568295266,37,10,0.0,0.0,0.0,False,19,37,,,,,
503,35,28,0.09802807568295266,37,11,0.0,0.0,0.0,False,16,37,,,,,
503,35,28,0.09802807568295266,37,12,0.0,0.0,0.0,False,16,37,,,,,
503,35,28,0.09802807568295266,37,13,0.0,0.0,0.0,False,15,37,,,,,
503,35,28,0.09802807568295266,37,14,0.0,0.0,0.0,False,12,37,,,,,
503,35,20,0.08365432931107776,37,0,0.0,0.0,0.0,False,44,37,,,,,
503,35,20,0.08365432931107776,37,1,0.0,0.0,0.0,False,40,37,,,,,
503,35,20,0.08365432931107776,37,2,1.0,1.0,1.0,True,37,37,0.881548471826154,0.9526193887304616,0.06938086915532188,"[-0.08324324324324195, 0.10594594594594664]",0.13473670994957163
503,35,20,0.08365432931107776,37,3,0.0,0.0,0.0,False,37,37,,,,,
503,35,20,0.08365432931107776,37,4,0.0,0.0,0.0,False,27,37,,,,,
503,35,20,0.08365432931107776,37,5,0.0,0.0,0.0,False,26,37,,,,,
503,35,20,0.08365432931107776,37,6,0.0,0.0,0.0,False,26,37,,,,,
503,35,20,0.08365432931107776,37,7,0.0,0.0,0.0,False,24,37,,,,,
503,35,20,0.08365432931107776,37,8,0.0,0.0,0.0,False,23,37,,,,,
503,35,20,0.08365432931107776,37,9,0.0,0.0,0.0,False,21,37,,,,,
503,35,20,0.08365432931107776,37,10,0.0,0.0,0.0,False,19,37,,,,,
503,35,20,0.08365432931107776,37,11,0.0,0.0,0.0,False,16,37,,,,,
503,35,20,0.08365432931107776,37,12,0.0,0.0,0.0,False,16,37,,,,,
503,35,20,0.08365432931107776,37,13,0.0,0.0,0.0,False,15,37,,,,,
503,35,20,0.08365432931107776,37,14,0.0,0.0,0.0,False,12,37,,,,,
503,36,11,0.2624915692077248,21,0,0.0,0.0,0.0,False,45,21,,,,,
503,36,11,0.2624915692077248,21,1,0.0,0.0,0.0,False,40,21,,,,,
503,36,11,0.2624915692077248,21,2,0.0,0.0,0.0,False,37,21,,,,,
503,36,11,0.2624915692077248,21,3,0.0,0.0,0.0,False,36,21,,,,,
503,36,11,0.2624915692077248,21,4,0.0,0.0,0.0,False,28,21,,,,,
503,36,11,0.2624915692077248,21,5,0.0,0.0,0.0,False,27,21,,,,,
503,36,11,0.2624915692077248,21,6,0.0,0.0,0.0,False,26,21,,,,,
503,36,11,0.2624915692077248,21,7,0.0,0.0,0.0,False,25,21,,,,,
503,36,11,0.2624915692077248,21,8,0.0,0.0,0.0,False,25,21,,,,,
503,36,11,0.2624915692077248,21,9,0.0,0.0,0.0,False,23,21,,,,,
503,36,11,0.2624915692077248,21,10,1.0,1.0,1.0,True,21,21,0.8177856973572445,0.9271142789428978,0.1067287766125809,"[0.06666666666666643, 0.10666666666666558]",0.125786415094087
503,36,11,0.2624915692077248,21,11,0.0,0.0,0.0,False,20,21,,,,,
503,36,11,0.2624915692077248,21,12,0.0,0.0,0.0,False,15,21,,,,,
503,36,11,0.2624915692077248,21,13,0.0,0.0,0.0,False,15,21,,,,,
503,36,29,0.2130872600644857,19,0,0.0,0.0,0.0,False,45,19,,,,,
503,36,29,0.2130872600644857,19,1,0.0,0.0,0.0,False,40,19,,,,,
503,36,29,0.2130872600644857,19,2,0.0,0.0,0.0,False,37,19,,,,,
503,36,29,0.2130872600644857,19,3,1.0,0.5277777777777778,0.6909090909090909,True,36,19,0.5678356543399303,0.6416797162814267,0.2531325545739731,"[-0.28713555324812745, 0.09171753080012124]",0.30142815295718384
503,36,29,0.2130872600644857,19,4,0.0,0.0,0.0,False,28,19,,,,,
503,36,29,0.2130872600644857,19,5,0.0,0.0,0.0,False,27,19,,,,,
503,36,29,0.2130872600644857,19,6,0.0,0.0,0.0,False,26,19,,,,,
503,36,29,0.2130872600644857,19,7,0.0,0.0,0.0,False,25,19,,,,,
503,36,29,0.2130872600644857,19,8,0.0,0.0,0.0,False,25,19,,,,,
503,36,29,0.2130872600644857,19,9,0.0,0.0,0.0,False,23,19,,,,,
503,36,29,0.2130872600644857,19,10,0.0,0.0,0.0,False,21,19,,,,,
503,36,29,0.2130872600644857,19,11,0.0,0.0,0.0,False,20,19,,,,,
503,36,29,0.2130872600644857,19,12,0.0,0.0,0.0,False,15,19,,,,,
503,36,29,0.2130872600644857,19,13,0.0,0.0,0.0,False,15,19,,,,,
503,36,30,0.14856178958873253,16,0,0.0,0.0,0.0,False,45,16,,,,,
503,36,30,0.14856178958873253,16,1,0.0,0.0,0.0,False,40,16,,,,,
503,36,30,0.14856178958873253,16,2,0.0,0.0,0.0,False,37,16,,,,,
503,36,30,0.14856178958873253,16,3,0.0625,0.027777777777777776,0.038461538461538464,False,36,16,,,,,
503,36,30,0.14856178958873253,16,4,0.0,0.0,0.0,False,28,16,,,,,
503,36,30,0.14856178958873253,16,5,0.0,0.0,0.0,False,27,16,,,,,
503,36,30,0.14856178958873253,16,6,0.0,0.0,0.0,False,26,16,,,,,
503,36,30,0.14856178958873253,16,7,0.0,0.0,0.0,False,25,16,,,,,
503,36,30,0.14856178958873253,16,8,0.0,0.0,0.0,False,25,16,,,,,
503,36,30,0.14856178958873253,16,9,0.0,0.0,0.0,False,23,16,,,,,
503,36,30,0.14856178958873253,16,10,0.0,0.0,0.0,False,21,16,,,,,
503,36,30,0.14856178958873253,16,11,0.0,0.0,0.0,False,20,16,,,,,
503,36,30,0.14856178958873253,16,12,0.9375,1.0,0.967741935483871,True,15,16,0.8135104898555977,0.9060493572325617,0.10923290312624033,"[0.03698329831683722, 0.22637927451610373]",0.22938033979578465
503,36,30,0.14856178958873253,16,13,0.0,0.0,0.0,False,15,16,,,,,
503,36,26,0.14196566473371322,37,0,0.0,0.0,0.0,False,45,37,,,,,
503,36,26,0.14196566473371322,37,1,0.0,0.0,0.0,False,40,37,,,,,
503,36,26,0.14196566473371322,37,2,1.0,1.0,1.0,True,37,37,0.841258425376063,0.9365033701504252,0.09298004498792899,"[-0.09081081081081166, 0.0983783783783787]",0.1338839373953294
503,36,26,0.14196566473371322,37,3,0.0,0.0,0.0,False,36,37,,,,,
503,36,26,0.14196566473371322,37,4,0.0,0.0,0.0,False,28,37,,,,,
503,36,26,0.14196566473371322,37,5,0.0,0.0,0.0,False,27,37,,,,,
503,36,26,0.14196566473371322,37,6,0.0,0.0,0.0,False,26,37,,,,,
503,36,26,0.14196566473371322,37,7,0.0,0.0,0.0,False,25,37,,,,,
503,36,26,0.14196566473371322,37,8,0.0,0.0,0.0,False,25,37,,,,,
503,36,26,0.14196566473371322,37,9,0.0,0.0,0.0,False,23,37,,,,,
503,36,26,0.14196566473371322,37,10,0.0,0.0,0.0,False,21,37,,,,,
503,36,26,0.14196566473371322,37,11,0.0,0.0,0.0,False,20,37,,,,,
503,36,26,0.14196566473371322,37,12,0.0,0.0,0.0,False,15,37,,,,,
503,36,26,0.14196566473371322,37,13,0.0,0.0,0.0,False,15,37,,,,,
503,36,31,0.11810769158024767,19,0,0.0,0.0,0.0,False,45,19,,,,,
503,36,31,0.11810769158024767,19,1,0.0,0.0,0.0,False,40,19,,,,,
503,36,31,0.11810769158024767,19,2,0.0,0.0,0.0,False,37,19,,,,,
503,36,31,0.11810769158024767,19,3,1.0,0.5277777777777778,0.6909090909090909,True,36,19,0.5678356543399303,0.6416797162814267,0.2531325545739731,"[-0.28713555324812745, 0.09171753080012124]",0.30142815295718384
503,36,31,0.11810769158024767,19,4,0.0,0.0,0.0,False,28,19,,,,,
503,36,31,0.11810769158024767,19,5,0.0,0.0,0.0,False,27,19,,,,,
503,36,31,0.11810769158024767,19,6,0.0,0.0,0.0,False,26,19,,,,,
503,36,31,0.11810769158024767,19,7,0.0,0.0,0.0,False,25,19,,,,,
503,36,31,0.11810769158024767,19,8,0.0,0.0,0.0,False,25,19,,,,,
503,36,31,0.11810769158024767,19,9,0.0,0.0,0.0,False,23,19,,,,,
503,36,31,0.11810769158024767,19,10,0.0,0.0,0.0,False,21,19,,,,,
503,36,31,0.11810769158024767,19,11,0.0,0.0,0.0,False,20,19,,,,,
503,36,31,0.11810769158024767,19,12,0.0,0.0,0.0,False,15,19,,,,,
503,36,31,0.11810769158024767,19,13,0.0,0.0,0.0,False,15,19,,,,,
503,36,28,0.11578602482509609,37,0,0.0,0.0,0.0,False,45,37,,,,,
503,36,28,0.11578602482509609,37,1,0.0,0.0,0.0,False,40,37,,,,,
503,36,28,0.11578602482509609,37,2,1.0,1.0,1.0,True,37,37,0.841258425376063,0.9365033701504252,0.09298004498792899,"[-0.09081081081081166, 0.0983783783783787]",0.1338839373953294
503,36,28,0.11578602482509609,37,3,0.0,0.0,0.0,False,36,37,,,,,
503,36,28,0.11578602482509609,37,4,0.0,0.0,0.0,False,28,37,,,,,
503,36,28,0.11578602482509609,37,5,0.0,0.0,0.0,False,27,37,,,,,
503,36,28,0.11578602482509609,37,6,0.0,0.0,0.0,False,26,37,,,,,
503,36,28,0.11578602482509609,37,7,0.0,0.0,0.0,False,25,37,,,,,
503,36,28,0.11578602482509609,37,8,0.0,0.0,0.0,False,25,37,,,,,
503,36,28,0.11578602482509609,37,9,0.0,0.0,0.0,False,23,37,,,,,
503,36,28,0.11578602482509609,37,10,0.0,0.0,0.0,False,21,37,,,,,
503,36,28,0.11578602482509609,37,11,0.0,0.0,0.0,False,20,37,,,,,
503,36,28,0.11578602482509609,37,12,0.0,0.0,0.0,False,15,37,,,,,
503,36,28,0.11578602482509609,37,13,0.0,0.0,0.0,False,15,37,,,,,
503,37,11,0.2624915692077248,21,0,0.0,0.0,0.0,False,45,21,,,,,
503,37,11,0.2624915692077248,21,1,0.0,0.0,0.0,False,42,21,,,,,
503,37,11,0.2624915692077248,21,2,0.0,0.0,0.0,False,40,21,,,,,
503,37,11,0.2624915692077248,21,3,0.0,0.0,0.0,False,37,21,,,,,
503,37,11,0.2624915692077248,21,4,0.0,0.0,0.0,False,37,21,,,,,
503,37,11,0.2624915692077248,21,5,0.0,0.0,0.0,False,35,21,,,,,
503,37,11,0.2624915692077248,21,6,0.047619047619047616,0.037037037037037035,0.041666666666666664,False,27,21,,,,,
503,37,11,0.2624915692077248,21,7,0.0,0.0,0.0,False,27,21,,,,,
503,37,11,0.2624915692077248,21,8,0.0,0.0,0.0,False,25,21,,,,,
503,37,11,0.2624915692077248,21,9,0.23809523809523808,0.23809523809523808,0.23809523809523808,False,21,21,,,,,
503,37,11,0.2624915692077248,21,10,0.0,0.0,0.0,False,17,21,,,,,
503,37,11,0.2624915692077248,21,11,0.0,0.0,0.0,False,15,21,,,,,
503,37,11,0.2624915692077248,21,12,0.7142857142857143,1.0,0.8333333333333334,True,15,21,0.7084829745380863,0.7833931898152345,0.17075089626904022,"[0.006904687471995352, 0.18349746763160013]",0.1836273273134913
503,37,29,0.2130872600644857,36,0,0.0,0.0,0.0,False,45,36,,,,,
503,37,29,0.2130872600644857,36,1,0.0,0.0,0.0,False,42,36,,,,,
503,37,29,0.2130872600644857,36,2,0.0,0.0,0.0,False,40,36,,,,,
503,37,29,0.2130872600644857,36,3,0.0,0.0,0.0,False,37,36,,,,,
503,37,29,0.2130872600644857,36,4,0.0,0.0,0.0,False,37,36,,,,,
503,37,29,0.2130872600644857,36,5,0.9722222222222222,1.0,0.9859154929577465,True,35,36,0.725436290553255,0.8817238119959498,0.16082079390285603,"[-0.13542332995735862, -0.01730737553715933]",0.1365248092645578
503,37,29,0.2130872600644857,36,6,0.0,0.0,0.0,False,27,36,,,,,
503,37,29,0.2130872600644857,36,7,0.0,0.0,0.0,False,27,36,,,,,
503,37,29,0.2130872600644857,36,8,0.0,0.0,0.0,False,25,36,,,,,
503,37,29,0.2130872600644857,36,9,0.027777777777777776,0.047619047619047616,0.03508771929824561,False,21,36,,,,,
503,37,29,0.2130872600644857,36,10,0.0,0.0,0.0,False,17,36,,,,,
503,37,29,0.2130872600644857,36,11,0.0,0.0,0.0,False,15,36,,,,,
503,37,29,0.2130872600644857,36,12,0.0,0.0,0.0,False,15,36,,,,,
503,37,30,0.14856178958873253,15,0,0.0,0.0,0.0,False,45,15,,,,,
503,37,30,0.14856178958873253,15,1,0.0,0.0,0.0,False,42,15,,,,,
503,37,30,0.14856178958873253,15,2,0.0,0.0,0.0,False,40,15,,,,,
503,37,30,0.14856178958873253,15,3,0.0,0.0,0.0,False,37,15,,,,,
503,37,30,0.14856178958873253,15,4,0.0,0.0,0.0,False,37,15,,,,,
503,37,30,0.14856178958873253,15,5,0.0,0.0,0.0,False,35,15,,,,,
503,37,30,0.14856178958873253,15,6,0.0,0.0,0.0,False,27,15,,,,,
503,37,30,0.14856178958873253,15,7,0.0,0.0,0.0,False,27,15,,,,,
503,37,30,0.14856178958873253,15,8,0.0,0.0,0.0,False,25,15,,,,,
503,37,30,0.14856178958873253,15,9,1.0,0.7142857142857143,0.8333333333333334,True,21,15,0.7017182216994402,0.7806872886797761,0.17471322954411084,"[-0.11925657801731049, 0.0015654084056961892]",0.1192668516557534
503,37,30,0.14856178958873253,15,10,0.0,0.0,0.0,False,17,15,,,,,
503,37,30,0.14856178958873253,15,11,0.0,0.0,0.0,False,15,15,,,,,
503,37,30,0.14856178958873253,15,12,0.0,0.0,0.0,False,15,15,,,,,
503,37,26,0.14196566473371322,37,0,0.0,0.0,0.0,False,45,37,,,,,
503,37,26,0.14196566473371322,37,1,0.0,0.0,0.0,False,42,37,,,,,
503,37,26,0.14196566473371322,37,2,0.0,0.0,0.0,False,40,37,,,,,
503,37,26,0.14196566473371322,37,3,1.0,1.0,1.0,True,37,37,0.8497833749049654,0.9399133499619862,0.08798670790786677,"[-0.14378378378378365, 0.09081081081081077]",0.1700599301402265
503,37,26,0.14196566473371322,37,4,0.0,0.0,0.0,False,37,37,,,,,
503,37,26,0.14196566473371322,37,5,0.0,0.0,0.0,False,35,37,,,,,
503,37,26,0.14196566473371322,37,6,0.0,0.0,0.0,False,27,37,,,,,
503,37,26,0.14196566473371322,37,7,0.0,0.0,0.0,False,27,37,,,,,
503,37,26,0.14196566473371322,37,8,0.0,0.0,0.0,False,25,37,,,,,
503,37,26,0.14196566473371322,37,9,0.0,0.0,0.0,False,21,37,,,,,
503,37,26,0.14196566473371322,37,10,0.0,0.0,0.0,False,17,37,,,,,
503,37,26,0.14196566473371322,37,11,0.0,0.0,0.0,False,15,37,,,,,
503,37,26,0.14196566473371322,37,12,0.0,0.0,0.0,False,15,37,,,,,
503,37,31,0.11810769158024767,36,0,0.0,0.0,0.0,False,45,36,,,,,
503,37,31,0.11810769158024767,36,1,0.0,0.0,0.0,False,42,36,,,,,
503,37,31,0.11810769158024767,36,2,0.0,0.0,0.0,False,40,36,,,,,
503,37,31,0.11810769158024767,36,3,0.0,0.0,0.0,False,37,36,,,,,
503,37,31,0.11810769158024767,36,4,0.0,0.0,0.0,False,37,36,,,,,
503,37,31,0.11810769158024767,36,5,0.9722222222222222,1.0,0.9859154929577465,True,35,36,0.725436290553255,0.8817238119959498,0.16082079390285603,"[-0.13542332995735862, -0.01730737553715933]",0.1365248092645578
503,37,31,0.11810769158024767,36,6,0.0,0.0,0.0,False,27,36,,,,,
503,37,31,0.11810769158024767,36,7,0.0,0.0,0.0,False,27,36,,,,,
503,37,31,0.11810769158024767,36,8,0.0,0.0,0.0,False,25,36,,,,,
503,37,31,0.11810769158024767,36,9,0.027777777777777776,0.047619047619047616,0.03508771929824561,False,21,36,,,,,
503,37,31,0.11810769158024767,36,10,0.0,0.0,0.0,False,17,36,,,,,
503,37,31,0.11810769158024767,36,11,0.0,0.0,0.0,False,15,36,,,,,
503,37,31,0.11810769158024767,36,12,0.0,0.0,0.0,False,15,36,,,,,
503,37,28,0.11578602482509609,37,0,0.0,0.0,0.0,False,45,37,,,,,
503,37,28,0.11578602482509609,37,1,0.0,0.0,0.0,False,42,37,,,,,
503,37,28,0.11578602482509609,37,2,0.0,0.0,0.0,False,40,37,,,,,
503,37,28,0.11578602482509609,37,3,1.0,1.0,1.0,True,37,37,0.8497833749049654,0.9399133499619862,0.08798670790786677,"[-0.14378378378378365, 0.09081081081081077]",0.1700599301402265
503,37,28,0.11578602482509609,37,4,0.0,0.0,0.0,False,37,37,,,,,
503,37,28,0.11578602482509609,37,5,0.0,0.0,0.0,False,35,37,,,,,
503,37,28,0.11578602482509609,37,6,0.0,0.0,0.0,False,27,37,,,,,
503,37,28,0.11578602482509609,37,7,0.0,0.0,0.0,False,27,37,,,,,
503,37,28,0.11578602482509609,37,8,0.0,0.0,0.0,False,25,37,,,,,
503,37,28,0.11578602482509609,37,9,0.0,0.0,0.0,False,21,37,,,,,
503,37,28,0.11578602482509609,37,10,0.0,0.0,0.0,False,17,37,,,,,
503,37,28,0.11578602482509609,37,11,0.0,0.0,0.0,False,15,37,,,,,
503,37,28,0.11578602482509609,37,12,0.0,0.0,0.0,False,15,37,,,,,
503,38,11,0.2624915692077248,15,0,0.0,0.0,0.0,False,45,15,,,,,
503,38,11,0.2624915692077248,15,1,0.0,0.0,0.0,False,42,15,,,,,
503,38,11,0.2624915692077248,15,2,0.0,0.0,0.0,False,39,15,,,,,
503,38,11,0.2624915692077248,15,3,0.0,0.0,0.0,False,38,15,,,,,
503,38,11,0.2624915692077248,15,4,0.0,0.0,0.0,False,29,15,,,,,
503,38,11,0.2624915692077248,15,5,0.0,0.0,0.0,False,27,15,,,,,
503,38,11,0.2624915692077248,15,6,0.0,0.0,0.0,False,26,15,,,,,
503,38,11,0.2624915692077248,15,7,0.0,0.0,0.0,False,25,15,,,,,
503,38,11,0.2624915692077248,15,8,0.0,0.0,0.0,False,24,15,,,,,
503,38,11,0.2624915692077248,15,9,0.0,0.0,0.0,False,23,15,,,,,
503,38,11,0.2624915692077248,15,10,0.0,0.0,0.0,False,21,15,,,,,
503,38,11,0.2624915692077248,15,11,0.0,0.0,0.0,False,19,15,,,,,
503,38,11,0.2624915692077248,15,12,1.0,1.0,1.0,True,15,15,0.889238644720241,0.9556954578880964,0.06487648759459284,"[0.09333333333333371, 0.11199999999999832]",0.14579132728358984
503,38,11,0.2624915692077248,15,13,0.0,0.0,0.0,False,15,15,,,,,
503,38,29,0.2130872600644857,35,0,0.0,0.0,0.0,False,45,35,,,,,
503,38,29,0.2130872600644857,35,1,0.11428571428571428,0.09523809523809523,0.1038961038961039,False,42,35,,,,,
503,38,29,0.2130872600644857,35,2,0.0,0.0,0.0,False,39,35,,,,,
503,38,29,0.2130872600644857,35,3,0.0,0.0,0.0,False,38,35,,,,,
503,38,29,0.2130872600644857,35,4,0.0,0.0,0.0,False,29,35,,,,,
503,38,29,0.2130872600644857,35,5,0.7714285714285715,1.0,0.8709677419354839,True,27,35,0.6910684135629972,0.7990080105864892,0.1809511646407302,"[-0.5310176117992569, 0.1966063407214662]",0.5662453154356966
503,38,29,0.2130872600644857,35,6,0.0,0.0,0.0,False,26,35,,,,,
503,38,29,0.2130872600644857,35,7,0.11428571428571428,0.16,0.13333333333333333,False,25,35,,,,,
503,38,29,0.2130872600644857,35,8,0.0,0.0,0.0,False,24,35,,,,,
503,38,29,0.2130872600644857,35,9,0.0,0.0,0.0,False,23,35,,,,,
503,38,29,0.2130872600644857,35,10,0.0,0.0,0.0,False,21,35,,,,,
503,38,29,0.2130872600644857,35,11,0.0,0.0,0.0,False,19,35,,,,,
503,38,29,0.2130872600644857,35,12,0.0,0.0,0.0,False,15,35,,,,,
503,38,29,0.2130872600644857,35,13,0.0,0.0,0.0,False,15,35,,,,,
503,38,30,0.14856178958873253,21,0,0.0,0.0,0.0,False,45,21,,,,,
503,38,30,0.14856178958873253,21,1,0.0,0.0,0.0,False,42,21,,,,,
503,38,30,0.14856178958873253,21,2,0.0,0.0,0.0,False,39,21,,,,,
503,38,30,0.14856178958873253,21,3,0.0,0.0,0.0,False,38,21,,,,,
503,38,30,0.14856178958873253,21,4,0.0,0.0,0.0,False,29,21,,,,,
503,38,30,0.14856178958873253,21,5,0.0,0.0,0.0,False,27,21,,,,,
503,38,30,0.14856178958873253,21,6,0.0,0.0,0.0,False,26,21,,,,,
503,38,30,0.14856178958873253,21,7,1.0,0.84,0.9130434782608695,True,25,21,0.7611946597285044,0.8523039508479235,0.13987596717749284,"[-0.3769864121306199, 0.30667435700108214]",0.4859711063151232
503,38,30,0.14856178958873253,21,8,0.0,0.0,0.0,False,24,21,,,,,
503,38,30,0.14856178958873253,21,9,0.0,0.0,0.0,False,23,21,,,,,
503,38,30,0.14856178958873253,21,10,0.0,0.0,0.0,False,21,21,,,,,
503,38,30,0.14856178958873253,21,11,0.0,0.0,0.0,False,19,21,,,,,
503,38,30,0.14856178958873253,21,12,0.0,0.0,0.0,False,15,21,,,,,
503,38,30,0.14856178958873253,21,13,0.0,0.0,0.0,False,15,21,,,,,
503,38,26,0.14196566473371322,37,0,0.0,0.0,0.0,False,45,37,,,,,
503,38,26,0.14196566473371322,37,1,0.0,0.0,0.0,False,42,37,,,,,
503,38,26,0.14196566473371322,37,2,1.0,0.9487179487179487,0.9736842105263158,True,39,37,0.8339594355038588,0.917794300517333,0.09725529807327699,"[-0.040745771513869045, 0.25220245624661874]",0.2554726929303562
503,38,26,0.14196566473371322,37,3,0.0,0.0,0.0,False,38,37,,,,,
503,38,26,0.14196566473371322,37,4,0.0,0.0,0.0,False,29,37,,,,,
503,38,26,0.14196566473371322,37,5,0.0,0.0,0.0,False,27,37,,,,,
503,38,26,0.14196566473371322,37,6,0.0,0.0,0.0,False,26,37,,,,,
503,38,26,0.14196566473371322,37,7,0.0,0.0,0.0,False,25,37,,,,,
503,38,26,0.14196566473371322,37,8,0.0,0.0,0.0,False,24,37,,,,,
503,38,26,0.14196566473371322,37,9,0.0,0.0,0.0,False,23,37,,,,,
503,38,26,0.14196566473371322,37,10,0.0,0.0,0.0,False,21,37,,,,,
503,38,26,0.14196566473371322,37,11,0.0,0.0,0.0,False,19,37,,,,,
503,38,26,0.14196566473371322,37,12,0.0,0.0,0.0,False,15,37,,,,,
503,38,26,0.14196566473371322,37,13,0.0,0.0,0.0,False,15,37,,,,,
503,38,31,0.11810769158024767,35,0,0.0,0.0,0.0,False,45,35,,,,,
503,38,31,0.11810769158024767,35,1,0.11428571428571428,0.09523809523809523,0.1038961038961039,False,42,35,,,,,
503,38,31,0.11810769158024767,35,2,0.0,0.0,0.0,False,39,35,,,,,
503,38,31,0.11810769158024767,35,3,0.0,0.0,0.0,False,38,35,,,,,
503,38,31,0.11810769158024767,35,4,0.0,0.0,0.0,False,29,35,,,,,
503,38,31,0.11810769158024767,35,5,0.7714285714285715,1.0,0.8709677419354839,True,27,35,0.6910684135629972,0.7990080105864892,0.1809511646407302,"[-0.5310176117992569, 0.1966063407214662]",0.5662453154356966
503,38,31,0.11810769158024767,35,6,0.0,0.0,0.0,False,26,35,,,,,
503,38,31,0.11810769158024767,35,7,0.11428571428571428,0.16,0.13333333333333333,False,25,35,,,,,
503,38,31,0.11810769158024767,35,8,0.0,0.0,0.0,False,24,35,,,,,
503,38,31,0.11810769158024767,35,9,0.0,0.0,0.0,False,23,35,,,,,
503,38,31,0.11810769158024767,35,10,0.0,0.0,0.0,False,21,35,,,,,
503,38,31,0.11810769158024767,35,11,0.0,0.0,0.0,False,19,35,,,,,
503,38,31,0.11810769158024767,35,12,0.0,0.0,0.0,False,15,35,,,,,
503,38,31,0.11810769158024767,35,13,0.0,0.0,0.0,False,15,35,,,,,
503,38,28,0.11578602482509609,37,0,0.0,0.0,0.0,False,45,37,,,,,
503,38,28,0.11578602482509609,37,1,0.0,0.0,0.0,False,42,37,,,,,
503,38,28,0.11578602482509609,37,2,1.0,0.9487179487179487,0.9736842105263158,True,39,37,0.8339594355038588,0.917794300517333,0.09725529807327699,"[-0.040745771513869045, 0.25220245624661874]",0.2554726929303562
503,38,28,0.11578602482509609,37,3,0.0,0.0,0.0,False,38,37,,,,,
503,38,28,0.11578602482509609,37,4,0.0,0.0,0.0,False,29,37,,,,,
503,38,28,0.11578602482509609,37,5,0.0,0.0,0.0,False,27,37,,,,,
503,38,28,0.11578602482509609,37,6,0.0,0.0,0.0,False,26,37,,,,,
503,38,28,0.11578602482509609,37,7,0.0,0.0,0.0,False,25,37,,,,,
503,38,28,0.11578602482509609,37,8,0.0,0.0,0.0,False,24,37,,,,,
503,38,28,0.11578602482509609,37,9,0.0,0.0,0.0,False,23,37,,,,,
503,38,28,0.11578602482509609,37,10,0.0,0.0,0.0,False,21,37,,,,,
503,38,28,0.11578602482509609,37,11,0.0,0.0,0.0,False,19,37,,,,,
503,38,28,0.11578602482509609,37,12,0.0,0.0,0.0,False,15,37,,,,,
503,38,28,0.11578602482509609,37,13,0.0,0.0,0.0,False,15,37,,,,,
503,39,11,0.2624915692077248,15,0,0.0,0.0,0.0,False,45,15,,,,,
503,39,11,0.2624915692077248,15,1,0.0,0.0,0.0,False,44,15,,,,,
503,39,11,0.2624915692077248,15,2,0.0,0.0,0.0,False,36,15,,,,,
503,39,11,0.2624915692077248,15,3,0.0,0.0,0.0,False,32,15,,,,,
503,39,11,0.2624915692077248,15,4,0.0,0.0,0.0,False,29,15,,,,,
503,39,11,0.2624915692077248,15,5,0.0,0.0,0.0,False,27,15,,,,,
503,39,11,0.2624915692077248,15,6,0.0,0.0,0.0,False,26,15,,,,,
503,39,11,0.2624915692077248,15,7,0.0,0.0,0.0,False,26,15,,,,,
503,39,11,0.2624915692077248,15,8,0.0,0.0,0.0,False,24,15,,,,,
503,39,11,0.2624915692077248,15,9,0.0,0.0,0.0,False,23,15,,,,,
503,39,11,0.2624915692077248,15,10,0.0,0.0,0.0,False,20,15,,,,,
503,39,11,0.2624915692077248,15,11,0.0,0.0,0.0,False,19,15,,,,,
503,39,11,0.2624915692077248,15,12,1.0,1.0,1.0,True,15,15,0.9288429588562853,0.9715371835425142,0.04167896722975327,"[0.07466666666666644, 0.1306666666666665]",0.1504954779682393
503,39,11,0.2624915692077248,15,13,0.0,0.0,0.0,False,15,15,,,,,
503,39,29,0.2130872600644857,27,0,0.0,0.0,0.0,False,45,27,,,,,
503,39,29,0.2130872600644857,27,1,0.0,0.0,0.0,False,44,27,,,,,
503,39,29,0.2130872600644857,27,2,0.0,0.0,0.0,False,36,27,,,,,
503,39,29,0.2130872600644857,27,3,0.0,0.0,0.0,False,32,27,,,,,
503,39,29,0.2130872600644857,27,4,0.0,0.0,0.0,False,29,27,,,,,
503,39,29,0.2130872600644857,27,5,1.0,1.0,1.0,True,27,27,0.8504419254692797,0.9401767701877118,0.08760097366501432,"[-0.0725925925925921, 0.04148148148148145]",0.08360859887124378
503,39,29,0.2130872600644857,27,6,0.0,0.0,0.0,False,26,27,,,,,
503,39,29,0.2130872600644857,27,7,0.0,0.0,0.0,False,26,27,,,,,
503,39,29,0.2130872600644857,27,8,0.0,0.0,0.0,False,24,27,,,,,
503,39,29,0.2130872600644857,27,9,0.0,0.0,0.0,False,23,27,,,,,
503,39,29,0.2130872600644857,27,10,0.0,0.0,0.0,False,20,27,,,,,
503,39,29,0.2130872600644857,27,11,0.0,0.0,0.0,False,19,27,,,,,
503,39,29,0.2130872600644857,27,12,0.0,0.0,0.0,False,15,27,,,,,
503,39,29,0.2130872600644857,27,13,0.0,0.0,0.0,False,15,27,,,,,
503,39,30,0.14856178958873253,25,0,0.0,0.0,0.0,False,45,25,,,,,
503,39,30,0.14856178958873253,25,1,0.0,0.0,0.0,False,44,25,,,,,
503,39,30,0.14856178958873253,25,2,0.0,0.0,0.0,False,36,25,,,,,
503,39,30,0.14856178958873253,25,3,0.0,0.0,0.0,False,32,25,,,,,
503,39,30,0.14856178958873253,25,4,0.0,0.0,0.0,False,29,25,,,,,
503,39,30,0.14856178958873253,25,5,0.0,0.0,0.0,False,27,25,,,,,
503,39,30,0.14856178958873253,25,6,0.04,0.038461538461538464,0.0392156862745098,False,26,25,,,,,
503,39,30,0.14856178958873253,25,7,0.0,0.0,0.0,False,26,25,,,,,
503,39,30,0.14856178958873253,25,8,0.96,1.0,0.9795918367346939,True,24,25,0.8161884968089935,0.9142305007644137,0.10766430833565305,"[-0.022187829989537278, -0.06063814528140199]",0.06456999661462763
503,39,30,0.14856178958873253,25,9,0.0,0.0,0.0,False,23,25,,,,,
503,39,30,0.14856178958873253,25,10,0.0,0.0,0.0,False,20,25,,,,,
503,39,30,0.14856178958873253,25,11,0.0,0.0,0.0,False,19,25,,,,,
503,39,30,0.14856178958873253,25,12,0.0,0.0,0.0,False,15,25,,,,,
503,39,30,0.14856178958873253,25,13,0.0,0.0,0.0,False,15,25,,,,,
503,39,26,0.14196566473371322,39,0,0.0,0.0,0.0,False,45,39,,,,,
503,39,26,0.14196566473371322,39,1,0.0,0.0,0.0,False,44,39,,,,,
503,39,26,0.14196566473371322,39,2,0.9230769230769231,1.0,0.96,True,36,39,0.8219596069376459,0.9047838427750583,0.1042839835488818,"[0.2268301317956638, -0.03917073326122633]",0.23018743457161242
503,39,26,0.14196566473371322,39,3,0.0,0.0,0.0,False,32,39,,,,,
503,39,26,0.14196566473371322,39,4,0.0,0.0,0.0,False,29,39,,,,,
503,39,26,0.14196566473371322,39,5,0.0,0.0,0.0,False,27,39,,,,,
503,39,26,0.14196566473371322,39,6,0.0,0.0,0.0,False,26,39,,,,,
503,39,26,0.14196566473371322,39,7,0.07692307692307693,0.11538461538461539,0.09230769230769231,False,26,39,,,,,
503,39,26,0.14196566473371322,39,8,0.0,0.0,0.0,False,24,39,,,,,
503,39,26,0.14196566473371322,39,9,0.0,0.0,0.0,False,23,39,,,,,
503,39,26,0.14196566473371322,39,10,0.0,0.0,0.0,False,20,39,,,,,
503,39,26,0.14196566473371322,39,11,0.0,0.0,0.0,False,19,39,,,,,
503,39,26,0.14196566473371322,39,12,0.0,0.0,0.0,False,15,39,,,,,
503,39,26,0.14196566473371322,39,13,0.0,0.0,0.0,False,15,39,,,,,
503,39,31,0.11810769158024767,27,0,0.0,0.0,0.0,False,45,27,,,,,
503,39,31,0.11810769158024767,27,1,0.0,0.0,0.0,False,44,27,,,,,
503,39,31,0.11810769158024767,27,2,0.0,0.0,0.0,False,36,27,,,,,
503,39,31,0.11810769158024767,27,3,0.0,0.0,0.0,False,32,27,,,,,
503,39,31,0.11810769158024767,27,4,0.0,0.0,0.0,False,29,27,,,,,
503,39,31,0.11810769158024767,27,5,1.0,1.0,1.0,True,27,27,0.8504419254692797,0.9401767701877118,0.08760097366501432,"[-0.0725925925925921, 0.04148148148148145]",0.08360859887124378
503,39,31,0.11810769158024767,27,6,0.0,0.0,0.0,False,26,27,,,,,
503,39,31,0.11810769158024767,27,7,0.0,0.0,0.0,False,26,27,,,,,
503,39,31,0.11810769158024767,27,8,0.0,0.0,0.0,False,24,27,,,,,
503,39,31,0.11810769158024767,27,9,0.0,0.0,0.0,False,23,27,,,,,
503,39,31,0.11810769158024767,27,10,0.0,0.0,0.0,False,20,27,,,,,
503,39,31,0.11810769158024767,27,11,0.0,0.0,0.0,False,19,27,,,,,
503,39,31,0.11810769158024767,27,12,0.0,0.0,0.0,False,15,27,,,,,
503,39,31,0.11810769158024767,27,13,0.0,0.0,0.0,False,15,27,,,,,
503,39,28,0.11578602482509609,39,0,0.0,0.0,0.0,False,45,39,,,,,
503,39,28,0.11578602482509609,39,1,0.0,0.0,0.0,False,44,39,,,,,
503,39,28,0.11578602482509609,39,2,0.9230769230769231,1.0,0.96,True,36,39,0.8219596069376459,0.9047838427750583,0.1042839835488818,"[0.2268301317956638, -0.03917073326122633]",0.23018743457161242
503,39,28,0.11578602482509609,39,3,0.0,0.0,0.0,False,32,39,,,,,
503,39,28,0.11578602482509609,39,4,0.0,0.0,0.0,False,29,39,,,,,
503,39,28,0.11578602482509609,39,5,0.0,0.0,0.0,False,27,39,,,,,
503,39,28,0.11578602482509609,39,6,0.0,0.0,0.0,False,26,39,,,,,
503,39,28,0.11578602482509609,39,7,0.07692307692307693,0.11538461538461539,0.09230769230769231,False,26,39,,,,,
503,39,28,0.11578602482509609,39,8,0.0,0.0,0.0,False,24,39,,,,,
503,39,28,0.11578602482509609,39,9,0.0,0.0,0.0,False,23,39,,,,,
503,39,28,0.11578602482509609,39,10,0.0,0.0,0.0,False,20,39,,,,,
503,39,28,0.11578602482509609,39,11,0.0,0.0,0.0,False,19,39,,,,,
503,39,28,0.11578602482509609,39,12,0.0,0.0,0.0,False,15,39,,,,,
503,39,28,0.11578602482509609,39,13,0.0,0.0,0.0,False,15,39,,,,,
503,40,11,0.2624915692077248,15,0,0.0,0.0,0.0,False,54,15,,,,,
503,40,11,0.2624915692077248,15,1,0.0,0.0,0.0,False,45,15,,,,,
503,40,11,0.2624915692077248,15,2,0.0,0.0,0.0,False,39,15,,,,,
503,40,11,0.2624915692077248,15,3,0.0,0.0,0.0,False,36,15,,,,,
503,40,11,0.2624915692077248,15,4,0.0,0.0,0.0,False,31,15,,,,,
503,40,11,0.2624915692077248,15,5,0.0,0.0,0.0,False,31,15,,,,,
503,40,11,0.2624915692077248,15,6,0.0,0.0,0.0,False,27,15,,,,,
503,40,11,0.2624915692077248,15,7,0.0,0.0,0.0,False,26,15,,,,,
503,40,11,0.2624915692077248,15,8,0.0,0.0,0.0,False,26,15,,,,,
503,40,11,0.2624915692077248,15,9,0.0,0.0,0.0,False,24,15,,,,,
503,40,11,0.2624915692077248,15,10,0.0,0.0,0.0,False,19,15,,,,,
503,40,11,0.2624915692077248,15,11,1.0,1.0,1.0,True,15,15,0.8140194906085709,0.9256077962434284,0.10893476501703703,"[-0.03733333333333366, 0.1306666666666665]",0.1358953845999029
503,40,11,0.2624915692077248,15,12,0.0,0.0,0.0,False,15,15,,,,,
503,40,29,0.2130872600644857,27,0,0.0,0.0,0.0,False,54,27,,,,,
503,40,29,0.2130872600644857,27,1,0.0,0.0,0.0,False,45,27,,,,,
503,40,29,0.2130872600644857,27,2,0.0,0.0,0.0,False,39,27,,,,,
503,40,29,0.2130872600644857,27,3,0.0,0.0,0.0,False,36,27,,,,,
503,40,29,0.2130872600644857,27,4,1.0,0.8709677419354839,0.9310344827586207,True,31,27,0.7149824487074112,0.844613669138137,0.1669439452412873,"[-0.40755766627919776, 0.15760068731216226]",0.43696822308288263
503,40,29,0.2130872600644857,27,5,0.0,0.0,0.0,False,31,27,,,,,
503,40,29,0.2130872600644857,27,6,0.0,0.0,0.0,False,27,27,,,,,
503,40,29,0.2130872600644857,27,7,0.0,0.0,0.0,False,26,27,,,,,
503,40,29,0.2130872600644857,27,8,0.0,0.0,0.0,False,26,27,,,,,
503,40,29,0.2130872600644857,27,9,0.0,0.0,0.0,False,24,27,,,,,
503,40,29,0.2130872600644857,27,10,0.0,0.0,0.0,False,19,27,,,,,
503,40,29,0.2130872600644857,27,11,0.0,0.0,0.0,False,15,27,,,,,
503,40,29,0.2130872600644857,27,12,0.0,0.0,0.0,False,15,27,,,,,
503,40,30,0.14856178958873253,24,0,0.0,0.0,0.0,False,54,24,,,,,
503,40,30,0.14856178958873253,24,1,0.0,0.0,0.0,False,45,24,,,,,
503,40,30,0.14856178958873253,24,2,0.0,0.0,0.0,False,39,24,,,,,
503,40,30,0.14856178958873253,24,3,0.0,0.0,0.0,False,36,24,,,,,
503,40,30,0.14856178958873253,24,4,0.0,0.0,0.0,False,31,24,,,,,
503,40,30,0.14856178958873253,24,5,0.0,0.0,0.0,False,31,24,,,,,
503,40,30,0.14856178958873253,24,6,0.0,0.0,0.0,False,27,24,,,,,
503,40,30,0.14856178958873253,24,7,0.0,0.0,0.0,False,26,24,,,,,
503,40,30,0.14856178958873253,24,8,0.0,0.0,0.0,False,26,24,,,,,
503,40,30,0.14856178958873253,24,9,1.0,1.0,1.0,True,24,24,0.8691812259095818,0.9476724903638327,0.07662476278825213,"[-0.05833333333333357, 0.05833333333333357]",0.08249579113843088
503,40,30,0.14856178958873253,24,10,0.0,0.0,0.0,False,19,24,,,,,
503,40,30,0.14856178958873253,24,11,0.0,0.0,0.0,False,15,24,,,,,
503,40,30,0.14856178958873253,24,12,0.0,0.0,0.0,False,15,24,,,,,
503,40,26,0.14196566473371322,36,0,0.0,0.0,0.0,False,54,36,,,,,
503,40,26,0.14196566473371322,36,1,0.0,0.0,0.0,False,45,36,,,,,
503,40,26,0.14196566473371322,36,2,0.0,0.0,0.0,False,39,36,,,,,
503,40,26,0.14196566473371322,36,3,1.0,1.0,1.0,True,36,36,0.8530868967708065,0.9412347587083226,0.08605172891807038,"[-0.07000000000000028, 0.1633333333333331]",0.17770137247015777
503,40,26,0.14196566473371322,36,4,0.0,0.0,0.0,False,31,36,,,,,
503,40,26,0.14196566473371322,36,5,0.0,0.0,0.0,False,31,36,,,,,
503,40,26,0.14196566473371322,36,6,0.0,0.0,0.0,False,27,36,,,,,
503,40,26,0.14196566473371322,36,7,0.0,0.0,0.0,False,26,36,,,,,
503,40,26,0.14196566473371322,36,8,0.0,0.0,0.0,False,26,36,,,,,
503,40,26,0.14196566473371322,36,9,0.0,0.0,0.0,False,24,36,,,,,
503,40,26,0.14196566473371322,36,10,0.0,0.0,0.0,False,19,36,,,,,
503,40,26,0.14196566473371322,36,11,0.0,0.0,0.0,False,15,36,,,,,
503,40,26,0.14196566473371322,36,12,0.0,0.0,0.0,False,15,36,,,,,
503,40,31,0.11810769158024767,27,0,0.0,0.0,0.0,False,54,27,,,,,
503,40,31,0.11810769158024767,27,1,0.0,0.0,0.0,False,45,27,,,,,
503,40,31,0.11810769158024767,27,2,0.0,0.0,0.0,False,39,27,,,,,
503,40,31,0.11810769158024767,27,3,0.0,0.0,0.0,False,36,27,,,,,
503,40,31,0.11810769158024767,27,4,1.0,0.8709677419354839,0.9310344827586207,True,31,27,0.7149824487074112,0.844613669138137,0.1669439452412873,"[-0.40755766627919776, 0.15760068731216226]",0.43696822308288263
503,40,31,0.11810769158024767,27,5,0.0,0.0,0.0,False,31,27,,,,,
503,40,31,0.11810769158024767,27,6,0.0,0.0,0.0,False,27,27,,,,,
503,40,31,0.11810769158024767,27,7,0.0,0.0,0.0,False,26,27,,,,,
503,40,31,0.11810769158024767,27,8,0.0,0.0,0.0,False,26,27,,,,,
503,40,31,0.11810769158024767,27,9,0.0,0.0,0.0,False,24,27,,,,,
503,40,31,0.11810769158024767,27,10,0.0,0.0,0.0,False,19,27,,,,,
503,40,31,0.11810769158024767,27,11,0.0,0.0,0.0,False,15,27,,,,,
503,40,31,0.11810769158024767,27,12,0.0,0.0,0.0,False,15,27,,,,,
503,40,28,0.11578602482509609,36,0,0.0,0.0,0.0,False,54,36,,,,,
503,40,28,0.11578602482509609,36,1,0.0,0.0,0.0,False,45,36,,,,,
503,40,28,0.11578602482509609,36,2,0.0,0.0,0.0,False,39,36,,,,,
503,40,28,0.11578602482509609,36,3,1.0,1.0,1.0,True,36,36,0.8530868967708065,0.9412347587083226,0.08605172891807038,"[-0.07000000000000028, 0.1633333333333331]",0.17770137247015777
503,40,28,0.11578602482509609,36,4,0.0,0.0,0.0,False,31,36,,,,,
503,40,28,0.11578602482509609,36,5,0.0,0.0,0.0,False,31,36,,,,,
503,40,28,0.11578602482509609,36,6,0.0,0.0,0.0,False,27,36,,,,,
503,40,28,0.11578602482509609,36,7,0.0,0.0,0.0,False,26,36,,,,,
503,40,28,0.11578602482509609,36,8,0.0,0.0,0.0,False,26,36,,,,,
503,40,28,0.11578602482509609,36,9,0.0,0.0,0.0,False,24,36,,,,,
503,40,28,0.11578602482509609,36,10,0.0,0.0,0.0,False,19,36,,,,,
503,40,28,0.11578602482509609,36,11,0.0,0.0,0.0,False,15,36,,,,,
503,40,28,0.11578602482509609,36,12,0.0,0.0,0.0,False,15,36,,,,,
503,41,11,0.2624915692077248,15,0,0.0,0.0,0.0,False,45,15,,,,,
503,41,11,0.2624915692077248,15,1,0.0,0.0,0.0,False,42,15,,,,,
503,41,11,0.2624915692077248,15,2,0.0,0.0,0.0,False,36,15,,,,,
503,41,11,0.2624915692077248,15,3,0.0,0.0,0.0,False,33,15,,,,,
503,41,11,0.2624915692077248,15,4,0.0,0.0,0.0,False,31,15,,,,,
503,41,11,0.2624915692077248,15,5,0.0,0.0,0.0,False,31,15,,,,,
503,41,11,0.2624915692077248,15,6,0.0,0.0,0.0,False,27,15,,,,,
503,41,11,0.2624915692077248,15,7,0.0,0.0,0.0,False,26,15,,,,,
503,41,11,0.2624915692077248,15,8,0.0,0.0,0.0,False,26,15,,,,,
503,41,11,0.2624915692077248,15,9,0.0,0.0,0.0,False,25,15,,,,,
503,41,11,0.2624915692077248,15,10,0.0,0.0,0.0,False,23,15,,,,,
503,41,11,0.2624915692077248,15,11,0.0,0.0,0.0,False,19,15,,,,,
503,41,11,0.2624915692077248,15,12,1.0,0.9375,0.967741935483871,True,16,15,0.8623620498939218,0.9255899812478914,0.08061897346821262,"[0.14637457444630453, 0.21657030650416687]",0.26139665970254006
503,41,11,0.2624915692077248,15,13,0.0,0.0,0.0,False,15,15,,,,,
503,41,29,0.2130872600644857,31,0,0.0,0.0,0.0,False,45,31,,,,,
503,41,29,0.2130872600644857,31,1,0.0,0.0,0.0,False,42,31,,,,,
503,41,29,0.2130872600644857,31,2,0.0,0.0,0.0,False,36,31,,,,,
503,41,29,0.2130872600644857,31,3,0.0,0.0,0.0,False,33,31,,,,,
503,41,29,0.2130872600644857,31,4,1.0,1.0,1.0,True,31,31,0.8487254259350501,0.93949017037402,0.0886063826405302,"[-0.04516129032258043, 0.018064516129032704]",0.048640198257989035
503,41,29,0.2130872600644857,31,5,0.0,0.0,0.0,False,31,31,,,,,
503,41,29,0.2130872600644857,31,6,0.0,0.0,0.0,False,27,31,,,,,
503,41,29,0.2130872600644857,31,7,0.0,0.0,0.0,False,26,31,,,,,
503,41,29,0.2130872600644857,31,8,0.0,0.0,0.0,False,26,31,,,,,
503,41,29,0.2130872600644857,31,9,0.0,0.0,0.0,False,25,31,,,,,
503,41,29,0.2130872600644857,31,10,0.0,0.0,0.0,False,23,31,,,,,
503,41,29,0.2130872600644857,31,11,0.0,0.0,0.0,False,19,31,,,,,
503,41,29,0.2130872600644857,31,12,0.0,0.0,0.0,False,16,31,,,,,
503,41,29,0.2130872600644857,31,13,0.0,0.0,0.0,False,15,31,,,,,
503,41,30,0.14856178958873253,24,0,0.0,0.0,0.0,False,45,24,,,,,
503,41,30,0.14856178958873253,24,1,0.0,0.0,0.0,False,42,24,,,,,
503,41,30,0.14856178958873253,24,2,0.0,0.0,0.0,False,36,24,,,,,
503,41,30,0.14856178958873253,24,3,0.0,0.0,0.0,False,33,24,,,,,
503,41,30,0.14856178958873253,24,4,0.0,0.0,0.0,False,31,24,,,,,
503,41,30,0.14856178958873253,24,5,0.0,0.0,0.0,False,31,24,,,,,
503,41,30,0.14856178958873253,24,6,0.0,0.0,0.0,False,27,24,,,,,
503,41,30,0.14856178958873253,24,7,0.0,0.0,0.0,False,26,24,,,,,
503,41,30,0.14856178958873253,24,8,0.0,0.0,0.0,False,26,24,,,,,
503,41,30,0.14856178958873253,24,9,1.0,0.96,0.9795918367346939,True,25,24,0.8040463090145885,0.9093736256466517,0.11477637818912555,"[-0.042678836677129794, 0.1591048119480689]",0.16472954891319133
503,41,30,0.14856178958873253,24,10,0.0,0.0,0.0,False,23,24,,,,,
503,41,30,0.14856178958873253,24,11,0.0,0.0,0.0,False,19,24,,,,,
503,41,30,0.14856178958873253,24,12,0.0,0.0,0.0,False,16,24,,,,,
503,41,30,0.14856178958873253,24,13,0.0,0.0,0.0,False,15,24,,,,,
503,41,26,0.14196566473371322,36,0,0.0,0.0,0.0,False,45,36,,,,,
503,41,26,0.14196566473371322,36,1,0.0,0.0,0.0,False,42,36,,,,,
503,41,26,0.14196566473371322,36,2,1.0,1.0,1.0,True,36,36,0.9213793675221726,0.968551747008869,0.046050632684511,"[-0.05444444444444407, 0.1633333333333331]",0.17216845038694475
503,41,26,0.14196566473371322,36,3,0.0,0.0,0.0,False,33,36,,,,,
503,41,26,0.14196566473371322,36,4,0.0,0.0,0.0,False,31,36,,,,,
503,41,26,0.14196566473371322,36,5,0.0,0.0,0.0,False,31,36,,,,,
503,41,26,0.14196566473371322,36,6,0.0,0.0,0.0,False,27,36,,,,,
503,41,26,0.14196566473371322,36,7,0.0,0.0,0.0,False,26,36,,,,,
503,41,26,0.14196566473371322,36,8,0.0,0.0,0.0,False,26,36,,,,,
503,41,26,0.14196566473371322,36,9,0.0,0.0,0.0,False,25,36,,,,,
503,41,26,0.14196566473371322,36,10,0.0,0.0,0.0,False,23,36,,,,,
503,41,26,0.14196566473371322,36,11,0.0,0.0,0.0,False,19,36,,,,,
503,41,26,0.14196566473371322,36,12,0.0,0.0,0.0,False,16,36,,,,,
503,41,26,0.14196566473371322,36,13,0.0,0.0,0.0,False,15,36,,,,,
503,41,31,0.11810769158024767,31,0,0.0,0.0,0.0,False,45,31,,,,,
503,41,31,0.11810769158024767,31,1,0.0,0.0,0.0,False,42,31,,,,,
503,41,31,0.11810769158024767,31,2,0.0,0.0,0.0,False,36,31,,,,,
503,41,31,0.11810769158024767,31,3,0.0,0.0,0.0,False,33,31,,,,,
503,41,31,0.11810769158024767,31,4,1.0,1.0,1.0,True,31,31,0.8487254259350501,0.93949017037402,0.0886063826405302,"[-0.04516129032258043, 0.018064516129032704]",0.048640198257989035
503,41,31,0.11810769158024767,31,5,0.0,0.0,0.0,False,31,31,,,,,
503,41,31,0.11810769158024767,31,6,0.0,0.0,0.0,False,27,31,,,,,
503,41,31,0.11810769158024767,31,7,0.0,0.0,0.0,False,26,31,,,,,
503,41,31,0.11810769158024767,31,8,0.0,0.0,0.0,False,26,31,,,,,
503,41,31,0.11810769158024767,31,9,0.0,0.0,0.0,False,25,31,,,,,
503,41,31,0.11810769158024767,31,10,0.0,0.0,0.0,False,23,31,,,,,
503,41,31,0.11810769158024767,31,11,0.0,0.0,0.0,False,19,31,,,,,
503,41,31,0.11810769158024767,31,12,0.0,0.0,0.0,False,16,31,,,,,
503,41,31,0.11810769158024767,31,13,0.0,0.0,0.0,False,15,31,,,,,
503,41,28,0.11578602482509609,36,0,0.0,0.0,0.0,False,45,36,,,,,
503,41,28,0.11578602482509609,36,1,0.0,0.0,0.0,False,42,36,,,,,
503,41,28,0.11578602482509609,36,2,1.0,1.0,1.0,True,36,36,0.9213793675221726,0.968551747008869,0.046050632684511,"[-0.05444444444444407, 0.1633333333333331]",0.17216845038694475
503,41,28,0.11578602482509609,36,3,0.0,0.0,0.0,False,33,36,,,,,
503,41,28,0.11578602482509609,36,4,0.0,0.0,0.0,False,31,36,,,,,
503,41,28,0.11578602482509609,36,5,0.0,0.0,0.0,False,31,36,,,,,
503,41,28,0.11578602482509609,36,6,0.0,0.0,0.0,False,27,36,,,,,
503,41,28,0.11578602482509609,36,7,0.0,0.0,0.0,False,26,36,,,,,
503,41,28,0.11578602482509609,36,8,0.0,0.0,0.0,False,26,36,,,,,
503,41,28,0.11578602482509609,36,9,0.0,0.0,0.0,False,25,36,,,,,
503,41,28,0.11578602482509609,36,10,0.0,0.0,0.0,False,23,36,,,,,
503,41,28,0.11578602482509609,36,11,0.0,0.0,0.0,False,19,36,,,,,
503,41,28,0.11578602482509609,36,12,0.0,0.0,0.0,False,16,36,,,,,
503,41,28,0.11578602482509609,36,13,0.0,0.0,0.0,False,15,36,,,,,
503,42,11,0.2624915692077248,16,0,0.0,0.0,0.0,False,45,16,,,,,
503,42,11,0.2624915692077248,16,1,0.0,0.0,0.0,False,42,16,,,,,
503,42,11,0.2624915692077248,16,2,0.0,0.0,0.0,False,38,16,,,,,
503,42,11,0.2624915692077248,16,3,0.0,0.0,0.0,False,33,16,,,,,
503,42,11,0.2624915692077248,16,4,0.0,0.0,0.0,False,31,16,,,,,
503,42,11,0.2624915692077248,16,5,0.0,0.0,0.0,False,28,16,,,,,
503,42,11,0.2624915692077248,16,6,0.0,0.0,0.0,False,26,16,,,,,
503,42,11,0.2624915692077248,16,7,0.0,0.0,0.0,False,25,16,,,,,
503,42,11,0.2624915692077248,16,8,0.0,0.0,0.0,False,25,16,,,,,
503,42,11,0.2624915692077248,16,9,0.0,0.0,0.0,False,24,16,,,,,
503,42,11,0.2624915692077248,16,10,0.0,0.0,0.0,False,24,16,,,,,
503,42,11,0.2624915692077248,16,11,0.0,0.0,0.0,False,18,16,,,,,
503,42,11,0.2624915692077248,16,12,1.0,1.0,1.0,True,16,16,0.8296481019856803,0.9318592407942721,0.09978058475654104,"[8.881784197001252e-16, 0.1750000000000007]",0.1750000000000007
503,42,11,0.2624915692077248,16,13,0.0,0.0,0.0,False,13,16,,,,,
503,42,29,0.2130872600644857,31,0,0.0,0.0,0.0,False,45,31,,,,,
503,42,29,0.2130872600644857,31,1,0.0,0.0,0.0,False,42,31,,,,,
503,42,29,0.2130872600644857,31,2,0.0,0.0,0.0,False,38,31,,,,,
503,42,29,0.2130872600644857,31,3,0.0,0.0,0.0,False,33,31,,,,,
503,42,29,0.2130872600644857,31,4,0.0,0.0,0.0,False,31,31,,,,,
503,42,29,0.2130872600644857,31,5,0.0,0.0,0.0,False,28,31,,,,,
503,42,29,0.2130872600644857,31,6,0.0,0.0,0.0,False,26,31,,,,,
503,42,29,0.2130872600644857,31,7,0.8064516129032258,1.0,0.8928571428571429,True,25,31,0.7083392409072019,0.8190499820771664,0.17083508567876207,"[-0.06125143611466477, -0.028770691896513156]",0.06767193759833501
503,42,29,0.2130872600644857,31,8,0.0,0.0,0.0,False,25,31,,,,,
503,42,29,0.2130872600644857,31,9,0.0,0.0,0.0,False,24,31,,,,,
503,42,29,0.2130872600644857,31,10,0.0,0.0,0.0,False,24,31,,,,,
503,42,29,0.2130872600644857,31,11,0.0,0.0,0.0,False,18,31,,,,,
503,42,29,0.2130872600644857,31,12,0.0,0.0,0.0,False,16,31,,,,,
503,42,29,0.2130872600644857,31,13,0.0,0.0,0.0,False,13,31,,,,,
503,42,30,0.14856178958873253,25,0,0.0,0.0,0.0,False,45,25,,,,,
503,42,30,0.14856178958873253,25,1,0.0,0.0,0.0,False,42,25,,,,,
503,42,30,0.14856178958873253,25,2,0.0,0.0,0.0,False,38,25,,,,,
503,42,30,0.14856178958873253,25,3,0.0,0.0,0.0,False,33,25,,,,,
503,42,30,0.14856178958873253,25,4,0.0,0.0,0.0,False,31,25,,,,,
503,42,30,0.14856178958873253,25,5,0.0,0.0,0.0,False,28,25,,,,,
503,42,30,0.14856178958873253,25,6,0.0,0.0,0.0,False,26,25,,,,,
503,42,30,0.14856178958873253,25,7,0.0,0.0,0.0,False,25,25,,,,,
503,42,30,0.14856178958873253,25,8,1.0,1.0,1.0,True,25,25,0.7989977845905955,0.9195991138362382,0.11773346129213486,"[-0.07839999999999847, 0.02239999999999931]",0.08153723075994014
503,42,30,0.14856178958873253,25,9,0.0,0.0,0.0,False,24,25,,,,,
503,42,30,0.14856178958873253,25,10,0.0,0.0,0.0,False,24,25,,,,,
503,42,30,0.14856178958873253,25,11,0.0,0.0,0.0,False,18,25,,,,,
503,42,30,0.14856178958873253,25,12,0.0,0.0,0.0,False,16,25,,,,,
503,42,30,0.14856178958873253,25,13,0.0,0.0,0.0,False,13,25,,,,,
503,42,26,0.14196566473371322,36,0,0.0,0.0,0.0,False,45,36,,,,,
503,42,26,0.14196566473371322,36,1,0.0,0.0,0.0,False,42,36,,,,,
503,42,26,0.14196566473371322,36,2,0.0,0.0,0.0,False,38,36,,,,,
503,42,26,0.14196566473371322,36,3,0.9166666666666666,1.0,0.9565217391304348,True,33,36,0.8698117253606669,0.9218377336225276,0.0762554589844715,"[-0.022106291541096112, -0.014393203193935555]",0.02637901483910751
503,42,26,0.14196566473371322,36,4,0.0,0.0,0.0,False,31,36,,,,,
503,42,26,0.14196566473371322,36,5,0.0,0.0,0.0,False,28,36,,,,,
503,42,26,0.14196566473371322,36,6,0.0,0.0,0.0,False,26,36,,,,,
503,42,26,0.14196566473371322,36,7,0.0,0.0,0.0,False,25,36,,,,,
503,42,26,0.14196566473371322,36,8,0.0,0.0,0.0,False,25,36,,,,,
503,42,26,0.14196566473371322,36,9,0.0,0.0,0.0,False,24,36,,,,,
503,42,26,0.14196566473371322,36,10,0.0,0.0,0.0,False,24,36,,,,,
503,42,26,0.14196566473371322,36,11,0.0,0.0,0.0,False,18,36,,,,,
503,42,26,0.14196566473371322,36,12,0.0,0.0,0.0,False,16,36,,,,,
503,42,26,0.14196566473371322,36,13,0.08333333333333333,0.23076923076923078,0.12244897959183673,False,13,36,,,,,
503,42,31,0.11810769158024767,31,0,0.0,0.0,0.0,False,45,31,,,,,
503,42,31,0.11810769158024767,31,1,0.0,0.0,0.0,False,42,31,,,,,
503,42,31,0.11810769158024767,31,2,0.0,0.0,0.0,False,38,31,,,,,
503,42,31,0.11810769158024767,31,3,0.0,0.0,0.0,False,33,31,,,,,
503,42,31,0.11810769158024767,31,4,0.0,0.0,0.0,False,31,31,,,,,
503,42,31,0.11810769158024767,31,5,0.0,0.0,0.0,False,28,31,,,,,
503,42,31,0.11810769158024767,31,6,0.0,0.0,0.0,False,26,31,,,,,
503,42,31,0.11810769158024767,31,7,0.8064516129032258,1.0,0.8928571428571429,True,25,31,0.7083392409072019,0.8190499820771664,0.17083508567876207,"[-0.06125143611466477, -0.028770691896513156]",0.06767193759833501
503,42,31,0.11810769158024767,31,8,0.0,0.0,0.0,False,25,31,,,,,
503,42,31,0.11810769158024767,31,9,0.0,0.0,0.0,False,24,31,,,,,
503,42,31,0.11810769158024767,31,10,0.0,0.0,0.0,False,24,31,,,,,
503,42,31,0.11810769158024767,31,11,0.0,0.0,0.0,False,18,31,,,,,
503,42,31,0.11810769158024767,31,12,0.0,0.0,0.0,False,16,31,,,,,
503,42,31,0.11810769158024767,31,13,0.0,0.0,0.0,False,13,31,,,,,
503,42,28,0.11578602482509609,36,0,0.0,0.0,0.0,False,45,36,,,,,
503,42,28,0.11578602482509609,36,1,0.0,0.0,0.0,False,42,36,,,,,
503,42,28,0.11578602482509609,36,2,0.0,0.0,0.0,False,38,36,,,,,
503,42,28,0.11578602482509609,36,3,0.9166666666666666,1.0,0.9565217391304348,True,33,36,0.8698117253606669,0.9218377336225276,0.0762554589844715,"[-0.022106291541096112, -0.014393203193935555]",0.02637901483910751
503,42,28,0.11578602482509609,36,4,0.0,0.0,0.0,False,31,36,,,,,
503,42,28,0.11578602482509609,36,5,0.0,0.0,0.0,False,28,36,,,,,
503,42,28,0.11578602482509609,36,6,0.0,0.0,0.0,False,26,36,,,,,
503,42,28,0.11578602482509609,36,7,0.0,0.0,0.0,False,25,36,,,,,
503,42,28,0.11578602482509609,36,8,0.0,0.0,0.0,False,25,36,,,,,
503,42,28,0.11578602482509609,36,9,0.0,0.0,0.0,False,24,36,,,,,
503,42,28,0.11578602482509609,36,10,0.0,0.0,0.0,False,24,36,,,,,
503,42,28,0.11578602482509609,36,11,0.0,0.0,0.0,False,18,36,,,,,
503,42,28,0.11578602482509609,36,12,0.0,0.0,0.0,False,16,36,,,,,
503,42,28,0.11578602482509609,36,13,0.08333333333333333,0.23076923076923078,0.12244897959183673,False,13,36,,,,,
503,43,11,0.2624915692077248,16,0,0.0,0.0,0.0,False,45,16,,,,,
503,43,11,0.2624915692077248,16,1,1.0,0.38095238095238093,0.5517241379310345,True,42,16,0.4755678466547062,0.5212616214205031,0.30717677663636445,"[0.47302049643462585, 1.1153031407859064]",1.211465841818979
503,43,11,0.2624915692077248,16,2,0.0,0.0,0.0,False,42,16,,,,,
503,43,11,0.2624915692077248,16,3,0.0,0.0,0.0,False,36,16,,,,,
503,43,11,0.2624915692077248,16,4,0.0,0.0,0.0,False,31,16,,,,,
503,43,11,0.2624915692077248,16,5,0.0,0.0,0.0,False,31,16,,,,,
503,43,11,0.2624915692077248,16,6,0.0,0.0,0.0,False,28,16,,,,,
503,43,11,0.2624915692077248,16,7,0.0,0.0,0.0,False,25,16,,,,,
503,43,11,0.2624915692077248,16,8,0.0,0.0,0.0,False,24,16,,,,,
503,43,11,0.2624915692077248,16,9,0.0,0.0,0.0,False,24,16,,,,,
503,43,11,0.2624915692077248,16,10,0.0,0.0,0.0,False,23,16,,,,,
503,43,11,0.2624915692077248,16,11,0.0,0.0,0.0,False,22,16,,,,,
503,43,11,0.2624915692077248,16,12,0.0,0.0,0.0,False,15,16,,,,,
503,43,29,0.2130872600644857,25,0,0.0,0.0,0.0,False,45,25,,,,,
503,43,29,0.2130872600644857,25,1,0.0,0.0,0.0,False,42,25,,,,,
503,43,29,0.2130872600644857,25,2,0.0,0.0,0.0,False,42,25,,,,,
503,43,29,0.2130872600644857,25,3,0.0,0.0,0.0,False,36,25,,,,,
503,43,29,0.2130872600644857,25,4,0.0,0.0,0.0,False,31,25,,,,,
503,43,29,0.2130872600644857,25,5,0.0,0.0,0.0,False,31,25,,,,,
503,43,29,0.2130872600644857,25,6,0.0,0.0,0.0,False,28,25,,,,,
503,43,29,0.2130872600644857,25,7,1.0,1.0,1.0,True,25,25,0.8952959936360244,0.9581183974544097,0.0613285035454778,"[-0.0671999999999997, 0.011199999999999655]",0.0681269403393397
503,43,29,0.2130872600644857,25,8,0.0,0.0,0.0,False,24,25,,,,,
503,43,29,0.2130872600644857,25,9,0.0,0.0,0.0,False,24,25,,,,,
503,43,29,0.2130872600644857,25,10,0.0,0.0,0.0,False,23,25,,,,,
503,43,29,0.2130872600644857,25,11,0.0,0.0,0.0,False,22,25,,,,,
503,43,29,0.2130872600644857,25,12,0.0,0.0,0.0,False,15,25,,,,,
503,43,30,0.14856178958873253,25,0,0.0,0.0,0.0,False,45,25,,,,,
503,43,30,0.14856178958873253,25,1,0.04,0.023809523809523808,0.029850746268656716,False,42,25,,,,,
503,43,30,0.14856178958873253,25,2,0.0,0.0,0.0,False,42,25,,,,,
503,43,30,0.14856178958873253,25,3,0.0,0.0,0.0,False,36,25,,,,,
503,43,30,0.14856178958873253,25,4,0.0,0.0,0.0,False,31,25,,,,,
503,43,30,0.14856178958873253,25,5,0.0,0.0,0.0,False,31,25,,,,,
503,43,30,0.14856178958873253,25,6,0.0,0.0,0.0,False,28,25,,,,,
503,43,30,0.14856178958873253,25,7,0.0,0.0,0.0,False,25,25,,,,,
503,43,30,0.14856178958873253,25,8,0.0,0.0,0.0,False,24,25,,,,,
503,43,30,0.14856178958873253,25,9,0.96,1.0,0.9795918367346939,True,24,25,0.8387260771437544,0.923245532898318,0.09446332278155657,"[-0.11225449665620424, -0.11150481194806794]",0.15822261250248576
503,43,30,0.14856178958873253,25,10,0.0,0.0,0.0,False,23,25,,,,,
503,43,30,0.14856178958873253,25,11,0.0,0.0,0.0,False,22,25,,,,,
503,43,30,0.14856178958873253,25,12,0.0,0.0,0.0,False,15,25,,,,,
503,43,26,0.14196566473371322,33,0,0.0,0.0,0.0,False,45,33,,,,,
503,43,26,0.14196566473371322,33,1,0.0,0.0,0.0,False,42,33,,,,,
503,43,26,0.14196566473371322,33,2,0.0,0.0,0.0,False,42,33,,,,,
503,43,26,0.14196566473371322,33,3,1.0,0.9166666666666666,0.9565217391304348,True,36,33,0.8253915316915372,0.9040696561548758,0.10227379485843971,"[0.15616927478510156, 0.40555564723056126]",0.4345851186908084
503,43,26,0.14196566473371322,33,4,0.0,0.0,0.0,False,31,33,,,,,
503,43,26,0.14196566473371322,33,5,0.0,0.0,0.0,False,31,33,,,,,
503,43,26,0.14196566473371322,33,6,0.0,0.0,0.0,False,28,33,,,,,
503,43,26,0.14196566473371322,33,7,0.0,0.0,0.0,False,25,33,,,,,
503,43,26,0.14196566473371322,33,8,0.0,0.0,0.0,False,24,33,,,,,
503,43,26,0.14196566473371322,33,9,0.0,0.0,0.0,False,24,33,,,,,
503,43,26,0.14196566473371322,33,10,0.0,0.0,0.0,False,23,33,,,,,
503,43,26,0.14196566473371322,33,11,0.0,0.0,0.0,False,22,33,,,,,
503,43,26,0.14196566473371322,33,12,0.0,0.0,0.0,False,15,33,,,,,
503,43,31,0.11810769158024767,25,0,0.0,0.0,0.0,False,45,25,,,,,
503,43,31,0.11810769158024767,25,1,0.0,0.0,0.0,False,42,25,,,,,
503,43,31,0.11810769158024767,25,2,0.0,0.0,0.0,False,42,25,,,,,
503,43,31,0.11810769158024767,25,3,0.0,0.0,0.0,False,36,25,,,,,
503,43,31,0.11810769158024767,25,4,0.0,0.0,0.0,False,31,25,,,,,
503,43,31,0.11810769158024767,25,5,0.0,0.0,0.0,False,31,25,,,,,
503,43,31,0.11810769158024767,25,6,0.0,0.0,0.0,False,28,25,,,,,
503,43,31,0.11810769158024767,25,7,1.0,1.0,1.0,True,25,25,0.8952959936360244,0.9581183974544097,0.0613285035454778,"[-0.0671999999999997, 0.011199999999999655]",0.0681269403393397
503,43,31,0.11810769158024767,25,8,0.0,0.0,0.0,False,24,25,,,,,
503,43,31,0.11810769158024767,25,9,0.0,0.0,0.0,False,24,25,,,,,
503,43,31,0.11810769158024767,25,10,0.0,0.0,0.0,False,23,25,,,,,
503,43,31,0.11810769158024767,25,11,0.0,0.0,0.0,False,22,25,,,,,
503,43,31,0.11810769158024767,25,12,0.0,0.0,0.0,False,15,25,,,,,
503,43,28,0.11578602482509609,33,0,0.0,0.0,0.0,False,45,33,,,,,
503,43,28,0.11578602482509609,33,1,0.0,0.0,0.0,False,42,33,,,,,
503,43,28,0.11578602482509609,33,2,0.0,0.0,0.0,False,42,33,,,,,
503,43,28,0.11578602482509609,33,3,1.0,0.9166666666666666,0.9565217391304348,True,36,33,0.8253915316915372,0.9040696561548758,0.10227379485843971,"[0.15616927478510156, 0.40555564723056126]",0.4345851186908084
503,43,28,0.11578602482509609,33,4,0.0,0.0,0.0,False,31,33,,,,,
503,43,28,0.11578602482509609,33,5,0.0,0.0,0.0,False,31,33,,,,,
503,43,28,0.11578602482509609,33,6,0.0,0.0,0.0,False,28,33,,,,,
503,43,28,0.11578602482509609,33,7,0.0,0.0,0.0,False,25,33,,,,,
503,43,28,0.11578602482509609,33,8,0.0,0.0,0.0,False,24,33,,,,,
503,43,28,0.11578602482509609,33,9,0.0,0.0,0.0,False,24,33,,,,,
503,43,28,0.11578602482509609,33,10,0.0,0.0,0.0,False,23,33,,,,,
503,43,28,0.11578602482509609,33,11,0.0,0.0,0.0,False,22,33,,,,,
503,43,28,0.11578602482509609,33,12,0.0,0.0,0.0,False,15,33,,,,,
503,44,11,0.2624915692077248,42,0,0.0,0.0,0.0,False,45,42,,,,,
503,44,11,0.2624915692077248,42,1,0.0,0.0,0.0,False,41,42,,,,,
503,44,11,0.2624915692077248,42,2,0.9047619047619048,1.0,0.95,True,38,42,0.8307837944236711,0.9023135177694684,0.09911537317459099,"[0.04124069959600707, -0.05072189387915138]",0.06537205688867372
503,44,11,0.2624915692077248,42,3,0.0,0.0,0.0,False,36,42,,,,,
503,44,11,0.2624915692077248,42,4,0.07142857142857142,0.08823529411764706,0.07894736842105263,False,34,42,,,,,
503,44,11,0.2624915692077248,42,5,0.0,0.0,0.0,False,31,42,,,,,
503,44,11,0.2624915692077248,42,6,0.0,0.0,0.0,False,30,42,,,,,
503,44,11,0.2624915692077248,42,7,0.0,0.0,0.0,False,25,42,,,,,
503,44,11,0.2624915692077248,42,8,0.023809523809523808,0.04,0.029850746268656716,False,25,42,,,,,
503,44,11,0.2624915692077248,42,9,0.0,0.0,0.0,False,24,42,,,,,
503,44,11,0.2624915692077248,42,10,0.0,0.0,0.0,False,23,42,,,,,
503,44,11,0.2624915692077248,42,11,0.0,0.0,0.0,False,13,42,,,,,
503,44,11,0.2624915692077248,42,12,0.0,0.0,0.0,False,12,42,,,,,
503,44,29,0.2130872600644857,25,0,0.0,0.0,0.0,False,45,25,,,,,
503,44,29,0.2130872600644857,25,1,0.0,0.0,0.0,False,41,25,,,,,
503,44,29,0.2130872600644857,25,2,0.0,0.0,0.0,False,38,25,,,,,
503,44,29,0.2130872600644857,25,3,0.0,0.0,0.0,False,36,25,,,,,
503,44,29,0.2130872600644857,25,4,0.0,0.0,0.0,False,34,25,,,,,
503,44,29,0.2130872600644857,25,5,0.0,0.0,0.0,False,31,25,,,,,
503,44,29,0.2130872600644857,25,6,0.0,0.0,0.0,False,30,25,,,,,
503,44,29,0.2130872600644857,25,7,1.0,1.0,1.0,True,25,25,0.8299607568854597,0.9319843027541839,0.09959745272754328,"[-0.06720000000000059, -0.03359999999999985]",0.0751318840439934
503,44,29,0.2130872600644857,25,8,0.0,0.0,0.0,False,25,25,,,,,
503,44,29,0.2130872600644857,25,9,0.0,0.0,0.0,False,24,25,,,,,
503,44,29,0.2130872600644857,25,10,0.0,0.0,0.0,False,23,25,,,,,
503,44,29,0.2130872600644857,25,11,0.0,0.0,0.0,False,13,25,,,,,
503,44,29,0.2130872600644857,25,12,0.0,0.0,0.0,False,12,25,,,,,
503,44,30,0.14856178958873253,24,0,0.0,0.0,0.0,False,45,24,,,,,
503,44,30,0.14856178958873253,24,1,0.0,0.0,0.0,False,41,24,,,,,
503,44,30,0.14856178958873253,24,2,0.0,0.0,0.0,False,38,24,,,,,
503,44,30,0.14856178958873253,24,3,0.0,0.0,0.0,False,36,24,,,,,
503,44,30,0.14856178958873253,24,4,0.0,0.0,0.0,False,34,24,,,,,
503,44,30,0.14856178958873253,24,5,0.0,0.0,0.0,False,31,24,,,,,
503,44,30,0.14856178958873253,24,6,0.0,0.0,0.0,False,30,24,,,,,
503,44,30,0.14856178958873253,24,7,0.0,0.0,0.0,False,25,24,,,,,
503,44,30,0.14856178958873253,24,8,1.0,0.96,0.9795918367346939,True,25,24,0.7489407024582604,0.8873313830241205,0.14705350400719017,"[-0.21254550334379552, 0.12270481194806848]",0.24542221143751078
503,44,30,0.14856178958873253,24,9,0.0,0.0,0.0,False,24,24,,,,,
503,44,30,0.14856178958873253,24,10,0.0,0.0,0.0,False,23,24,,,,,
503,44,30,0.14856178958873253,24,11,0.0,0.0,0.0,False,13,24,,,,,
503,44,30,0.14856178958873253,24,12,0.0,0.0,0.0,False,12,24,,,,,
503,44,26,0.14196566473371322,36,0,0.0,0.0,0.0,False,45,36,,,,,
503,44,26,0.14196566473371322,36,1,0.0,0.0,0.0,False,41,36,,,,,
503,44,26,0.14196566473371322,36,2,0.0,0.0,0.0,False,38,36,,,,,
503,44,26,0.14196566473371322,36,3,1.0,1.0,1.0,True,36,36,0.9368151257141366,0.9747260502856546,0.037009412736229236,"[-0.015555555555554434, 0.21777777777777807]",0.21833262651850555
503,44,26,0.14196566473371322,36,4,0.0,0.0,0.0,False,34,36,,,,,
503,44,26,0.14196566473371322,36,5,0.0,0.0,0.0,False,31,36,,,,,
503,44,26,0.14196566473371322,36,6,0.0,0.0,0.0,False,30,36,,,,,
503,44,26,0.14196566473371322,36,7,0.0,0.0,0.0,False,25,36,,,,,
503,44,26,0.14196566473371322,36,8,0.0,0.0,0.0,False,25,36,,,,,
503,44,26,0.14196566473371322,36,9,0.0,0.0,0.0,False,24,36,,,,,
503,44,26,0.14196566473371322,36,10,0.0,0.0,0.0,False,23,36,,,,,
503,44,26,0.14196566473371322,36,11,0.0,0.0,0.0,False,13,36,,,,,
503,44,26,0.14196566473371322,36,12,0.0,0.0,0.0,False,12,36,,,,,
503,44,31,0.11810769158024767,25,0,0.0,0.0,0.0,False,45,25,,,,,
503,44,31,0.11810769158024767,25,1,0.0,0.0,0.0,False,41,25,,,,,
503,44,31,0.11810769158024767,25,2,0.0,0.0,0.0,False,38,25,,,,,
503,44,31,0.11810769158024767,25,3,0.0,0.0,0.0,False,36,25,,,,,
503,44,31,0.11810769158024767,25,4,0.0,0.0,0.0,False,34,25,,,,,
503,44,31,0.11810769158024767,25,5,0.0,0.0,0.0,False,31,25,,,,,
503,44,31,0.11810769158024767,25,6,0.0,0.0,0.0,False,30,25,,,,,
503,44,31,0.11810769158024767,25,7,1.0,1.0,1.0,True,25,25,0.8299607568854597,0.9319843027541839,0.09959745272754328,"[-0.06720000000000059, -0.03359999999999985]",0.0751318840439934
503,44,31,0.11810769158024767,25,8,0.0,0.0,0.0,False,25,25,,,,,
503,44,31,0.11810769158024767,25,9,0.0,0.0,0.0,False,24,25,,,,,
503,44,31,0.11810769158024767,25,10,0.0,0.0,0.0,False,23,25,,,,,
503,44,31,0.11810769158024767,25,11,0.0,0.0,0.0,False,13,25,,,,,
503,44,31,0.11810769158024767,25,12,0.0,0.0,0.0,False,12,25,,,,,
503,44,28,0.11578602482509609,36,0,0.0,0.0,0.0,False,45,36,,,,,
503,44,28,0.11578602482509609,36,1,0.0,0.0,0.0,False,41,36,,,,,
503,44,28,0.11578602482509609,36,2,0.0,0.0,0.0,False,38,36,,,,,
503,44,28,0.11578602482509609,36,3,1.0,1.0,1.0,True,36,36,0.9368151257141366,0.9747260502856546,0.037009412736229236,"[-0.015555555555554434, 0.21777777777777807]",0.21833262651850555
503,44,28,0.11578602482509609,36,4,0.0,0.0,0.0,False,34,36,,,,,
503,44,28,0.11578602482509609,36,5,0.0,0.0,0.0,False,31,36,,,,,
503,44,28,0.11578602482509609,36,6,0.0,0.0,0.0,False,30,36,,,,,
503,44,28,0.11578602482509609,36,7,0.0,0.0,0.0,False,25,36,,,,,
503,44,28,0.11578602482509609,36,8,0.0,0.0,0.0,False,25,36,,,,,
503,44,28,0.11578602482509609,36,9,0.0,0.0,0.0,False,24,36,,,,,
503,44,28,0.11578602482509609,36,10,0.0,0.0,0.0,False,23,36,,,,,
503,44,28,0.11578602482509609,36,11,0.0,0.0,0.0,False,13,36,,,,,
503,44,28,0.11578602482509609,36,12,0.0,0.0,0.0,False,12,36,,,,,
503,45,11,0.2624915692077248,38,0,0.0,0.0,0.0,False,45,38,,,,,
503,45,11,0.2624915692077248,38,1,0.0,0.0,0.0,False,42,38,,,,,
503,45,11,0.2624915692077248,38,2,0.13157894736842105,0.125,0.1282051282051282,False,40,38,,,,,
503,45,11,0.2624915692077248,38,3,0.0,0.0,0.0,False,35,38,,,,,
503,45,11,0.2624915692077248,38,4,0.868421052631579,1.0,0.9295774647887324,True,33,38,0.7380152856606434,0.8529525931374968,0.153452871959542,"[0.1712173676625408, -0.017330368952467978]",0.17209220981008508
503,45,11,0.2624915692077248,38,5,0.0,0.0,0.0,False,31,38,,,,,
503,45,11,0.2624915692077248,38,6,0.0,0.0,0.0,False,31,38,,,,,
503,45,11,0.2624915692077248,38,7,0.0,0.0,0.0,False,30,38,,,,,
503,45,11,0.2624915692077248,38,8,0.0,0.0,0.0,False,25,38,,,,,
503,45,11,0.2624915692077248,38,9,0.0,0.0,0.0,False,24,38,,,,,
503,45,11,0.2624915692077248,38,10,0.0,0.0,0.0,False,23,38,,,,,
503,45,11,0.2624915692077248,38,11,0.0,0.0,0.0,False,22,38,,,,,
503,45,11,0.2624915692077248,38,12,0.0,0.0,0.0,False,13,38,,,,,
503,45,29,0.2130872600644857,25,0,0.0,0.0,0.0,False,45,25,,,,,
503,45,29,0.2130872600644857,25,1,0.0,0.0,0.0,False,42,25,,,,,
503,45,29,0.2130872600644857,25,2,0.0,0.0,0.0,False,40,25,,,,,
503,45,29,0.2130872600644857,25,3,0.0,0.0,0.0,False,35,25,,,,,
503,45,29,0.2130872600644857,25,4,0.0,0.0,0.0,False,33,25,,,,,
503,45,29,0.2130872600644857,25,5,1.0,0.8064516129032258,0.8928571428571429,True,31,25,0.7692176457389901,0.8434013440098818,0.1351766462720544,"[-0.04821953162727066, 0.04213843383199656]",0.06403726131063779
503,45,29,0.2130872600644857,25,6,0.0,0.0,0.0,False,31,25,,,,,
503,45,29,0.2130872600644857,25,7,0.0,0.0,0.0,False,30,25,,,,,
503,45,29,0.2130872600644857,25,8,0.0,0.0,0.0,False,25,25,,,,,
503,45,29,0.2130872600644857,25,9,0.0,0.0,0.0,False,24,25,,,,,
503,45,29,0.2130872600644857,25,10,0.0,0.0,0.0,False,23,25,,,,,
503,45,29,0.2130872600644857,25,11,0.0,0.0,0.0,False,22,25,,,,,
503,45,29,0.2130872600644857,25,12,0.0,0.0,0.0,False,13,25,,,,,
503,45,30,0.14856178958873253,25,0,0.0,0.0,0.0,False,45,25,,,,,
503,45,30,0.14856178958873253,25,1,0.0,0.0,0.0,False,42,25,,,,,
503,45,30,0.14856178958873253,25,2,0.0,0.0,0.0,False,40,25,,,,,
503,45,30,0.14856178958873253,25,3,0.0,0.0,0.0,False,35,25,,,,,
503,45,30,0.14856178958873253,25,4,0.0,0.0,0.0,False,33,25,,,,,
503,45,30,0.14856178958873253,25,5,0.0,0.0,0.0,False,31,25,,,,,
503,45,30,0.14856178958873253,25,6,0.0,0.0,0.0,False,31,25,,,,,
503,45,30,0.14856178958873253,25,7,0.0,0.0,0.0,False,30,25,,,,,
503,45,30,0.14856178958873253,25,8,1.0,1.0,1.0,True,25,25,0.9031945883322343,0.9612778353328937,0.056702042632923236,"[-0.21279999999999966, -0.022400000000001086]",0.21397569955487913
503,45,30,0.14856178958873253,25,9,0.0,0.0,0.0,False,24,25,,,,,
503,45,30,0.14856178958873253,25,10,0.0,0.0,0.0,False,23,25,,,,,
503,45,30,0.14856178958873253,25,11,0.0,0.0,0.0,False,22,25,,,,,
503,45,30,0.14856178958873253,25,12,0.0,0.0,0.0,False,13,25,,,,,
503,45,26,0.14196566473371322,36,0,0.0,0.0,0.0,False,45,36,,,,,
503,45,26,0.14196566473371322,36,1,0.0,0.0,0.0,False,42,36,,,,,
503,45,26,0.14196566473371322,36,2,0.0,0.0,0.0,False,40,36,,,,,
503,45,26,0.14196566473371322,36,3,0.9722222222222222,1.0,0.9859154929577465,True,35,36,0.9051385968527169,0.9536047345157347,0.055563374328040885,"[-0.001139784356558593, 0.2516545118315765]",0.25165709295302713
503,45,26,0.14196566473371322,36,4,0.0,0.0,0.0,False,33,36,,,,,
503,45,26,0.14196566473371322,36,5,0.0,0.0,0.0,False,31,36,,,,,
503,45,26,0.14196566473371322,36,6,0.0,0.0,0.0,False,31,36,,,,,
503,45,26,0.14196566473371322,36,7,0.0,0.0,0.0,False,30,36,,,,,
503,45,26,0.14196566473371322,36,8,0.0,0.0,0.0,False,25,36,,,,,
503,45,26,0.14196566473371322,36,9,0.027777777777777776,0.041666666666666664,0.03333333333333333,False,24,36,,,,,
503,45,26,0.14196566473371322,36,10,0.0,0.0,0.0,False,23,36,,,,,
503,45,26,0.14196566473371322,36,11,0.0,0.0,0.0,False,22,36,,,,,
503,45,26,0.14196566473371322,36,12,0.0,0.0,0.0,False,13,36,,,,,
503,45,31,0.11810769158024767,25,0,0.0,0.0,0.0,False,45,25,,,,,
503,45,31,0.11810769158024767,25,1,0.0,0.0,0.0,False,42,25,,,,,
503,45,31,0.11810769158024767,25,2,0.0,0.0,0.0,False,40,25,,,,,
503,45,31,0.11810769158024767,25,3,0.0,0.0,0.0,False,35,25,,,,,
503,45,31,0.11810769158024767,25,4,0.0,0.0,0.0,False,33,25,,,,,
503,45,31,0.11810769158024767,25,5,1.0,0.8064516129032258,0.8928571428571429,True,31,25,0.7692176457389901,0.8434013440098818,0.1351766462720544,"[-0.04821953162727066, 0.04213843383199656]",0.06403726131063779
503,45,31,0.11810769158024767,25,6,0.0,0.0,0.0,False,31,25,,,,,
503,45,31,0.11810769158024767,25,7,0.0,0.0,0.0,False,30,25,,,,,
503,45,31,0.11810769158024767,25,8,0.0,0.0,0.0,False,25,25,,,,,
503,45,31,0.11810769158024767,25,9,0.0,0.0,0.0,False,24,25,,,,,
503,45,31,0.11810769158024767,25,10,0.0,0.0,0.0,False,23,25,,,,,
503,45,31,0.11810769158024767,25,11,0.0,0.0,0.0,False,22,25,,,,,
503,45,31,0.11810769158024767,25,12,0.0,0.0,0.0,False,13,25,,,,,
503,45,28,0.11578602482509609,36,0,0.0,0.0,0.0,False,45,36,,,,,
503,45,28,0.11578602482509609,36,1,0.0,0.0,0.0,False,42,36,,,,,
503,45,28,0.11578602482509609,36,2,0.0,0.0,0.0,False,40,36,,,,,
503,45,28,0.11578602482509609,36,3,0.9722222222222222,1.0,0.9859154929577465,True,35,36,0.9051385968527169,0.9536047345157347,0.055563374328040885,"[-0.001139784356558593, 0.2516545118315765]",0.25165709295302713
503,45,28,0.11578602482509609,36,4,0.0,0.0,0.0,False,33,36,,,,,
503,45,28,0.11578602482509609,36,5,0.0,0.0,0.0,False,31,36,,,,,
503,45,28,0.11578602482509609,36,6,0.0,0.0,0.0,False,31,36,,,,,
503,45,28,0.11578602482509609,36,7,0.0,0.0,0.0,False,30,36,,,,,
503,45,28,0.11578602482509609,36,8,0.0,0.0,0.0,False,25,36,,,,,
503,45,28,0.11578602482509609,36,9,0.027777777777777776,0.041666666666666664,0.03333333333333333,False,24,36,,,,,
503,45,28,0.11578602482509609,36,10,0.0,0.0,0.0,False,23,36,,,,,
503,45,28,0.11578602482509609,36,11,0.0,0.0,0.0,False,22,36,,,,,
503,45,28,0.11578602482509609,36,12,0.0,0.0,0.0,False,13,36,,,,,
503,46,11,0.2624915692077248,33,0,0.0,0.0,0.0,False,45,33,,,,,
503,46,11,0.2624915692077248,33,1,0.0,0.0,0.0,False,42,33,,,,,
503,46,11,0.2624915692077248,33,2,1.0,0.8918918918918919,0.9428571428571428,True,37,33,0.8257604688697784,0.8960184732621971,0.10205769648905008,"[0.0073781463940418845, 0.2623190247446061]",0.26242276537521125
503,46,11,0.2624915692077248,33,3,0.0,0.0,0.0,False,36,33,,,,,
503,46,11,0.2624915692077248,33,4,0.0,0.0,0.0,False,36,33,,,,,
503,46,11,0.2624915692077248,33,5,0.0,0.0,0.0,False,31,33,,,,,
503,46,11,0.2624915692077248,33,6,0.0,0.0,0.0,False,31,33,,,,,
503,46,11,0.2624915692077248,33,7,0.0,0.0,0.0,False,30,33,,,,,
503,46,11,0.2624915692077248,33,8,0.0,0.0,0.0,False,25,33,,,,,
503,46,11,0.2624915692077248,33,9,0.0,0.0,0.0,False,24,33,,,,,
503,46,11,0.2624915692077248,33,10,0.0,0.0,0.0,False,23,33,,,,,
503,46,11,0.2624915692077248,33,11,0.0,0.0,0.0,False,22,33,,,,,
503,46,11,0.2624915692077248,33,12,0.0,0.0,0.0,False,12,33,,,,,
503,46,29,0.2130872600644857,31,0,0.0,0.0,0.0,False,45,31,,,,,
503,46,29,0.2130872600644857,31,1,0.0,0.0,0.0,False,42,31,,,,,
503,46,29,0.2130872600644857,31,2,0.0,0.0,0.0,False,37,31,,,,,
503,46,29,0.2130872600644857,31,3,0.0,0.0,0.0,False,36,31,,,,,
503,46,29,0.2130872600644857,31,4,0.0,0.0,0.0,False,36,31,,,,,
503,46,29,0.2130872600644857,31,5,1.0,1.0,1.0,True,31,31,0.8266012197903432,0.9306404879161373,0.10156524163843547,"[-0.018064516129032704, -0.08129032258064495]",0.08327330477554855
503,46,29,0.2130872600644857,31,6,0.0,0.0,0.0,False,31,31,,,,,
503,46,29,0.2130872600644857,31,7,0.0,0.0,0.0,False,30,31,,,,,
503,46,29,0.2130872600644857,31,8,0.0,0.0,0.0,False,25,31,,,,,
503,46,29,0.2130872600644857,31,9,0.0,0.0,0.0,False,24,31,,,,,
503,46,29,0.2130872600644857,31,10,0.0,0.0,0.0,False,23,31,,,,,
503,46,29,0.2130872600644857,31,11,0.0,0.0,0.0,False,22,31,,,,,
503,46,29,0.2130872600644857,31,12,0.0,0.0,0.0,False,12,31,,,,,
503,46,30,0.14856178958873253,25,0,0.0,0.0,0.0,False,45,25,,,,,
503,46,30,0.14856178958873253,25,1,0.0,0.0,0.0,False,42,25,,,,,
503,46,30,0.14856178958873253,25,2,0.0,0.0,0.0,False,37,25,,,,,
503,46,30,0.14856178958873253,25,3,0.0,0.0,0.0,False,36,25,,,,,
503,46,30,0.14856178958873253,25,4,0.0,0.0,0.0,False,36,25,,,,,
503,46,30,0.14856178958873253,25,5,0.0,0.0,0.0,False,31,25,,,,,
503,46,30,0.14856178958873253,25,6,0.0,0.0,0.0,False,31,25,,,,,
503,46,30,0.14856178958873253,25,7,0.0,0.0,0.0,False,30,25,,,,,
503,46,30,0.14856178958873253,25,8,1.0,1.0,1.0,True,25,25,0.8336641721022879,0.9334656688409152,0.09742824334250709,"[-0.12319999999999887, -0.02239999999999931]",0.12521980673998698
503,46,30,0.14856178958873253,25,9,0.0,0.0,0.0,False,24,25,,,,,
503,46,30,0.14856178958873253,25,10,0.0,0.0,0.0,False,23,25,,,,,
503,46,30,0.14856178958873253,25,11,0.0,0.0,0.0,False,22,25,,,,,
503,46,30,0.14856178958873253,25,12,0.0,0.0,0.0,False,12,25,,,,,
503,46,26,0.14196566473371322,35,0,0.0,0.0,0.0,False,45,35,,,,,
503,46,26,0.14196566473371322,35,1,0.0,0.0,0.0,False,42,35,,,,,
503,46,26,0.14196566473371322,35,2,0.0,0.0,0.0,False,37,35,,,,,
503,46,26,0.14196566473371322,35,3,1.0,0.9722222222222222,0.9859154929577465,True,36,35,0.8990991179361809,0.9511889429491203,0.05910089134394232,"[0.001139784356558593, 0.1527899326128681]",0.15279418384292065
503,46,26,0.14196566473371322,35,4,0.0,0.0,0.0,False,36,35,,,,,
503,46,26,0.14196566473371322,35,5,0.0,0.0,0.0,False,31,35,,,,,
503,46,26,0.14196566473371322,35,6,0.0,0.0,0.0,False,31,35,,,,,
503,46,26,0.14196566473371322,35,7,0.0,0.0,0.0,False,30,35,,,,,
503,46,26,0.14196566473371322,35,8,0.0,0.0,0.0,False,25,35,,,,,
503,46,26,0.14196566473371322,35,9,0.0,0.0,0.0,False,24,35,,,,,
503,46,26,0.14196566473371322,35,10,0.0,0.0,0.0,False,23,35,,,,,
503,46,26,0.14196566473371322,35,11,0.0,0.0,0.0,False,22,35,,,,,
503,46,26,0.14196566473371322,35,12,0.0,0.0,0.0,False,12,35,,,,,
503,46,31,0.11810769158024767,31,0,0.0,0.0,0.0,False,45,31,,,,,
503,46,31,0.11810769158024767,31,1,0.0,0.0,0.0,False,42,31,,,,,
503,46,31,0.11810769158024767,31,2,0.0,0.0,0.0,False,37,31,,,,,
503,46,31,0.11810769158024767,31,3,0.0,0.0,0.0,False,36,31,,,,,
503,46,31,0.11810769158024767,31,4,0.0,0.0,0.0,False,36,31,,,,,
503,46,31,0.11810769158024767,31,5,1.0,1.0,1.0,True,31,31,0.8266012197903432,0.9306404879161373,0.10156524163843547,"[-0.018064516129032704, -0.08129032258064495]",0.08327330477554855
503,46,31,0.11810769158024767,31,6,0.0,0.0,0.0,False,31,31,,,,,
503,46,31,0.11810769158024767,31,7,0.0,0.0,0.0,False,30,31,,,,,
503,46,31,0.11810769158024767,31,8,0.0,0.0,0.0,False,25,31,,,,,
503,46,31,0.11810769158024767,31,9,0.0,0.0,0.0,False,24,31,,,,,
503,46,31,0.11810769158024767,31,10,0.0,0.0,0.0,False,23,31,,,,,
503,46,31,0.11810769158024767,31,11,0.0,0.0,0.0,False,22,31,,,,,
503,46,31,0.11810769158024767,31,12,0.0,0.0,0.0,False,12,31,,,,,
503,46,28,0.11578602482509609,35,0,0.0,0.0,0.0,False,45,35,,,,,
503,46,28,0.11578602482509609,35,1,0.0,0.0,0.0,False,42,35,,,,,
503,46,28,0.11578602482509609,35,2,0.0,0.0,0.0,False,37,35,,,,,
503,46,28,0.11578602482509609,35,3,1.0,0.9722222222222222,0.9859154929577465,True,36,35,0.8990991179361809,0.9511889429491203,0.05910089134394232,"[0.001139784356558593, 0.1527899326128681]",0.15279418384292065
503,46,28,0.11578602482509609,35,4,0.0,0.0,0.0,False,36,35,,,,,
503,46,28,0.11578602482509609,35,5,0.0,0.0,0.0,False,31,35,,,,,
503,46,28,0.11578602482509609,35,6,0.0,0.0,0.0,False,31,35,,,,,
503,46,28,0.11578602482509609,35,7,0.0,0.0,0.0,False,30,35,,,,,
503,46,28,0.11578602482509609,35,8,0.0,0.0,0.0,False,25,35,,,,,
503,46,28,0.11578602482509609,35,9,0.0,0.0,0.0,False,24,35,,,,,
503,46,28,0.11578602482509609,35,10,0.0,0.0,0.0,False,23,35,,,,,
503,46,28,0.11578602482509609,35,11,0.0,0.0,0.0,False,22,35,,,,,
503,46,28,0.11578602482509609,35,12,0.0,0.0,0.0,False,12,35,,,,,
503,47,11,0.2624915692077248,37,0,0.0,0.0,0.0,False,45,37,,,,,
503,47,11,0.2624915692077248,37,1,0.0,0.0,0.0,False,41,37,,,,,
503,47,11,0.2624915692077248,37,2,0.08108108108108109,0.07692307692307693,0.07894736842105263,False,39,37,,,,,
503,47,11,0.2624915692077248,37,3,0.0,0.0,0.0,False,36,37,,,,,
503,47,11,0.2624915692077248,37,4,0.0,0.0,0.0,False,32,37,,,,,
503,47,11,0.2624915692077248,37,5,0.0,0.0,0.0,False,31,37,,,,,
503,47,11,0.2624915692077248,37,6,0.0,0.0,0.0,False,28,37,,,,,
503,47,11,0.2624915692077248,37,7,0.0,0.0,0.0,False,28,37,,,,,
503,47,11,0.2624915692077248,37,8,0.0,0.0,0.0,False,25,37,,,,,
503,47,11,0.2624915692077248,37,9,0.0,0.0,0.0,False,24,37,,,,,
503,47,11,0.2624915692077248,37,10,0.0,0.0,0.0,False,24,37,,,,,
503,47,11,0.2624915692077248,37,11,0.4864864864864865,1.0,0.6545454545454545,True,18,37,0.49372407072275815,0.590216901016376,0.2965420923411022,"[0.91546678835536, 0.3592803422798365]",0.9834438494039169
503,47,11,0.2624915692077248,37,12,0.43243243243243246,1.0,0.6037735849056604,True,16,37,0.5003228209287479,0.5623932793148954,0.29267699214620646,"[-0.29785671008721604, 0.13543009730110356]",0.32720013905707046
503,47,11,0.2624915692077248,37,13,0.0,0.0,0.0,False,12,37,,,,,
503,47,29,0.2130872600644857,31,0,0.0,0.0,0.0,False,45,31,,,,,
503,47,29,0.2130872600644857,31,1,0.0,0.0,0.0,False,41,31,,,,,
503,47,29,0.2130872600644857,31,2,0.0,0.0,0.0,False,39,31,,,,,
503,47,29,0.2130872600644857,31,3,0.0,0.0,0.0,False,36,31,,,,,
503,47,29,0.2130872600644857,31,4,0.0,0.0,0.0,False,32,31,,,,,
503,47,29,0.2130872600644857,31,5,1.0,1.0,1.0,True,31,31,0.8370761109451732,0.9348304443780693,0.09542976104283803,"[-0.02709677419354861, -0.03612903225806452]",0.04516129032258078
503,47,29,0.2130872600644857,31,6,0.0,0.0,0.0,False,28,31,,,,,
503,47,29,0.2130872600644857,31,7,0.0,0.0,0.0,False,28,31,,,,,
503,47,29,0.2130872600644857,31,8,0.0,0.0,0.0,False,25,31,,,,,
503,47,29,0.2130872600644857,31,9,0.0,0.0,0.0,False,24,31,,,,,
503,47,29,0.2130872600644857,31,10,0.0,0.0,0.0,False,24,31,,,,,
503,47,29,0.2130872600644857,31,11,0.0,0.0,0.0,False,18,31,,,,,
503,47,29,0.2130872600644857,31,12,0.0,0.0,0.0,False,16,31,,,,,
503,47,29,0.2130872600644857,31,13,0.0,0.0,0.0,False,12,31,,,,,
503,47,30,0.14856178958873253,25,0,0.0,0.0,0.0,False,45,25,,,,,
503,47,30,0.14856178958873253,25,1,0.0,0.0,0.0,False,41,25,,,,,
503,47,30,0.14856178958873253,25,2,0.0,0.0,0.0,False,39,25,,,,,
503,47,30,0.14856178958873253,25,3,0.0,0.0,0.0,False,36,25,,,,,
503,47,30,0.14856178958873253,25,4,0.0,0.0,0.0,False,32,25,,,,,
503,47,30,0.14856178958873253,25,5,0.0,0.0,0.0,False,31,25,,,,,
503,47,30,0.14856178958873253,25,6,0.0,0.0,0.0,False,28,25,,,,,
503,47,30,0.14856178958873253,25,7,0.0,0.0,0.0,False,28,25,,,,,
503,47,30,0.14856178958873253,25,8,1.0,1.0,1.0,True,25,25,0.8727239637834073,0.949089585513363,0.07454966728999275,"[-0.1568000000000005, 0.011200000000000543]",0.15719949109332437
503,47,30,0.14856178958873253,25,9,0.0,0.0,0.0,False,24,25,,,,,
503,47,30,0.14856178958873253,25,10,0.0,0.0,0.0,False,24,25,,,,,
503,47,30,0.14856178958873253,25,11,0.0,0.0,0.0,False,18,25,,,,,
503,47,30,0.14856178958873253,25,12,0.0,0.0,0.0,False,16,25,,,,,
503,47,30,0.14856178958873253,25,13,0.0,0.0,0.0,False,12,25,,,,,
503,47,26,0.14196566473371322,36,0,0.0,0.0,0.0,False,45,36,,,,,
503,47,26,0.14196566473371322,36,1,0.0,0.0,0.0,False,41,36,,,,,
503,47,26,0.14196566473371322,36,2,0.0,0.0,0.0,False,39,36,,,,,
503,47,26,0.14196566473371322,36,3,1.0,1.0,1.0,True,36,36,0.8970497639977294,0.9588199055990918,0.06030126384777334,"[-0.01555555555555621, 0.21777777777777896]",0.21833262651850655
503,47,26,0.14196566473371322,36,4,0.0,0.0,0.0,False,32,36,,,,,
503,47,26,0.14196566473371322,36,5,0.0,0.0,0.0,False,31,36,,,,,
503,47,26,0.14196566473371322,36,6,0.0,0.0,0.0,False,28,36,,,,,
503,47,26,0.14196566473371322,36,7,0.0,0.0,0.0,False,28,36,,,,,
503,47,26,0.14196566473371322,36,8,0.0,0.0,0.0,False,25,36,,,,,
503,47,26,0.14196566473371322,36,9,0.0,0.0,0.0,False,24,36,,,,,
503,47,26,0.14196566473371322,36,10,0.0,0.0,0.0,False,24,36,,,,,
503,47,26,0.14196566473371322,36,11,0.0,0.0,0.0,False,18,36,,,,,
503,47,26,0.14196566473371322,36,12,0.0,0.0,0.0,False,16,36,,,,,
503,47,26,0.14196566473371322,36,13,0.0,0.0,0.0,False,12,36,,,,,
503,47,31,0.11810769158024767,31,0,0.0,0.0,0.0,False,45,31,,,,,
503,47,31,0.11810769158024767,31,1,0.0,0.0,0.0,False,41,31,,,,,
503,47,31,0.11810769158024767,31,2,0.0,0.0,0.0,False,39,31,,,,,
503,47,31,0.11810769158024767,31,3,0.0,0.0,0.0,False,36,31,,,,,
503,47,31,0.11810769158024767,31,4,0.0,0.0,0.0,False,32,31,,,,,
503,47,31,0.11810769158024767,31,5,1.0,1.0,1.0,True,31,31,0.8370761109451732,0.9348304443780693,0.09542976104283803,"[-0.02709677419354861, -0.03612903225806452]",0.04516129032258078
503,47,31,0.11810769158024767,31,6,0.0,0.0,0.0,False,28,31,,,,,
503,47,31,0.11810769158024767,31,7,0.0,0.0,0.0,False,28,31,,,,,
503,47,31,0.11810769158024767,31,8,0.0,0.0,0.0,False,25,31,,,,,
503,47,31,0.11810769158024767,31,9,0.0,0.0,0.0,False,24,31,,,,,
503,47,31,0.11810769158024767,31,10,0.0,0.0,0.0,False,24,31,,,,,
503,47,31,0.11810769158024767,31,11,0.0,0.0,0.0,False,18,31,,,,,
503,47,31,0.11810769158024767,31,12,0.0,0.0,0.0,False,16,31,,,,,
503,47,31,0.11810769158024767,31,13,0.0,0.0,0.0,False,12,31,,,,,
503,47,28,0.11578602482509609,36,0,0.0,0.0,0.0,False,45,36,,,,,
503,47,28,0.11578602482509609,36,1,0.0,0.0,0.0,False,41,36,,,,,
503,47,28,0.11578602482509609,36,2,0.0,0.0,0.0,False,39,36,,,,,
503,47,28,0.11578602482509609,36,3,1.0,1.0,1.0,True,36,36,0.8970497639977294,0.9588199055990918,0.06030126384777334,"[-0.01555555555555621, 0.21777777777777896]",0.21833262651850655
503,47,28,0.11578602482509609,36,4,0.0,0.0,0.0,False,32,36,,,,,
503,47,28,0.11578602482509609,36,5,0.0,0.0,0.0,False,31,36,,,,,
503,47,28,0.11578602482509609,36,6,0.0,0.0,0.0,False,28,36,,,,,
503,47,28,0.11578602482509609,36,7,0.0,0.0,0.0,False,28,36,,,,,
503,47,28,0.11578602482509609,36,8,0.0,0.0,0.0,False,25,36,,,,,
503,47,28,0.11578602482509609,36,9,0.0,0.0,0.0,False,24,36,,,,,
503,47,28,0.11578602482509609,36,10,0.0,0.0,0.0,False,24,36,,,,,
503,47,28,0.11578602482509609,36,11,0.0,0.0,0.0,False,18,36,,,,,
503,47,28,0.11578602482509609,36,12,0.0,0.0,0.0,False,16,36,,,,,
503,47,28,0.11578602482509609,36,13,0.0,0.0,0.0,False,12,36,,,,,
503,48,29,0.24099060413779988,31,0,0.0,0.0,0.0,False,55,31,,,,,
503,48,29,0.24099060413779988,31,1,0.0,0.0,0.0,False,45,31,,,,,
503,48,29,0.24099060413779988,31,2,0.0,0.0,0.0,False,38,31,,,,,
503,48,29,0.24099060413779988,31,3,0.0,0.0,0.0,False,36,31,,,,,
503,48,29,0.24099060413779988,31,4,0.0,0.0,0.0,False,32,31,,,,,
503,48,29,0.24099060413779988,31,5,0.0,0.0,0.0,False,31,31,,,,,
503,48,29,0.24099060413779988,31,6,1.0,1.0,1.0,True,31,31,0.7722191590588205,0.9088876636235282,0.13341856339949343,"[-0.09935483870967676, -0.07225806451612904]",0.12285199169180348
503,48,29,0.24099060413779988,31,7,0.0,0.0,0.0,False,28,31,,,,,
503,48,29,0.24099060413779988,31,8,0.0,0.0,0.0,False,25,31,,,,,
503,48,29,0.24099060413779988,31,9,0.0,0.0,0.0,False,24,31,,,,,
503,48,29,0.24099060413779988,31,10,0.0,0.0,0.0,False,24,31,,,,,
503,48,29,0.24099060413779988,31,11,0.0,0.0,0.0,False,18,31,,,,,
503,48,29,0.24099060413779988,31,12,0.0,0.0,0.0,False,12,31,,,,,
503,48,30,0.1680156543096324,25,0,0.0,0.0,0.0,False,55,25,,,,,
503,48,30,0.1680156543096324,25,1,0.0,0.0,0.0,False,45,25,,,,,
503,48,30,0.1680156543096324,25,2,0.0,0.0,0.0,False,38,25,,,,,
503,48,30,0.1680156543096324,25,3,0.0,0.0,0.0,False,36,25,,,,,
503,48,30,0.1680156543096324,25,4,0.0,0.0,0.0,False,32,25,,,,,
503,48,30,0.1680156543096324,25,5,0.0,0.0,0.0,False,31,25,,,,,
503,48,30,0.1680156543096324,25,6,0.0,0.0,0.0,False,31,25,,,,,
503,48,30,0.1680156543096324,25,7,0.0,0.0,0.0,False,28,25,,,,,
503,48,30,0.1680156543096324,25,8,1.0,1.0,1.0,True,25,25,0.8229529721177953,0.9291811888471181,0.10370213761873687,"[-0.1120000000000001, -0.03359999999999985]",0.11693143289979821
503,48,30,0.1680156543096324,25,9,0.0,0.0,0.0,False,24,25,,,,,
503,48,30,0.1680156543096324,25,10,0.0,0.0,0.0,False,24,25,,,,,
503,48,30,0.1680156543096324,25,11,0.0,0.0,0.0,False,18,25,,,,,
503,48,30,0.1680156543096324,25,12,0.0,0.0,0.0,False,12,25,,,,,
503,48,26,0.16055578029699358,36,0,0.0,0.0,0.0,False,55,36,,,,,
503,48,26,0.16055578029699358,36,1,0.0,0.0,0.0,False,45,36,,,,,
503,48,26,0.16055578029699358,36,2,0.0,0.0,0.0,False,38,36,,,,,
503,48,26,0.16055578029699358,36,3,1.0,1.0,1.0,True,36,36,0.9118622839084182,0.9647449135633672,0.05162509460261357,"[0.0, 0.2333333333333325]",0.2333333333333325
503,48,26,0.16055578029699358,36,4,0.0,0.0,0.0,False,32,36,,,,,
503,48,26,0.16055578029699358,36,5,0.0,0.0,0.0,False,31,36,,,,,
503,48,26,0.16055578029699358,36,6,0.0,0.0,0.0,False,31,36,,,,,
503,48,26,0.16055578029699358,36,7,0.0,0.0,0.0,False,28,36,,,,,
503,48,26,0.16055578029699358,36,8,0.0,0.0,0.0,False,25,36,,,,,
503,48,26,0.16055578029699358,36,9,0.0,0.0,0.0,False,24,36,,,,,
503,48,26,0.16055578029699358,36,10,0.0,0.0,0.0,False,24,36,,,,,
503,48,26,0.16055578029699358,36,11,0.0,0.0,0.0,False,18,36,,,,,
503,48,26,0.16055578029699358,36,12,0.0,0.0,0.0,False,12,36,,,,,
503,48,33,0.15668347850760594,18,0,0.05555555555555555,0.01818181818181818,0.0273972602739726,False,55,18,,,,,
503,48,33,0.15668347850760594,18,1,0.0,0.0,0.0,False,45,18,,,,,
503,48,33,0.15668347850760594,18,2,0.0,0.0,0.0,False,38,18,,,,,
503,48,33,0.15668347850760594,18,3,0.0,0.0,0.0,False,36,18,,,,,
503,48,33,0.15668347850760594,18,4,0.0,0.0,0.0,False,32,18,,,,,
503,48,33,0.15668347850760594,18,5,0.0,0.0,0.0,False,31,18,,,,,
503,48,33,0.15668347850760594,18,6,0.0,0.0,0.0,False,31,18,,,,,
503,48,33,0.15668347850760594,18,7,0.0,0.0,0.0,False,28,18,,,,,
503,48,33,0.15668347850760594,18,8,0.0,0.0,0.0,False,25,18,,,,,
503,48,33,0.15668347850760594,18,9,0.0,0.0,0.0,False,24,18,,,,,
503,48,33,0.15668347850760594,18,10,0.0,0.0,0.0,False,24,18,,,,,
503,48,33,0.15668347850760594,18,11,0.9444444444444444,0.9444444444444444,0.9444444444444444,True,18,18,0.8324742065582363,0.8996563492899612,0.09812524442796383,"[0.12258823592238599, -0.23702615775350466]",0.26685066056870055
503,48,33,0.15668347850760594,18,12,0.0,0.0,0.0,False,12,18,,,,,
503,48,34,0.14018082874992419,16,0,0.9375,0.2727272727272727,0.4225352112676056,True,55,16,0.2948512223116265,0.37146161568521396,0.41302831490724945,"[0.19649086345125877, -0.02034575417362028]",0.19754141118437574
503,48,34,0.14018082874992419,16,1,0.0,0.0,0.0,False,45,16,,,,,
503,48,34,0.14018082874992419,16,2,0.0,0.0,0.0,False,38,16,,,,,
503,48,34,0.14018082874992419,16,3,0.0,0.0,0.0,False,36,16,,,,,
503,48,34,0.14018082874992419,16,4,0.0,0.0,0.0,False,32,16,,,,,
503,48,34,0.14018082874992419,16,5,0.0,0.0,0.0,False,31,16,,,,,
503,48,34,0.14018082874992419,16,6,0.0,0.0,0.0,False,31,16,,,,,
503,48,34,0.14018082874992419,16,7,0.0,0.0,0.0,False,28,16,,,,,
503,48,34,0.14018082874992419,16,8,0.0,0.0,0.0,False,25,16,,,,,
503,48,34,0.14018082874992419,16,9,0.0,0.0,0.0,False,24,16,,,,,
503,48,34,0.14018082874992419,16,10,0.0,0.0,0.0,False,24,16,,,,,
503,48,34,0.14018082874992419,16,11,0.0625,0.05555555555555555,0.058823529411764705,False,18,16,,,,,
503,48,34,0.14018082874992419,16,12,0.0,0.0,0.0,False,12,16,,,,,
503,48,31,0.13357365399804397,31,0,0.0,0.0,0.0,False,55,31,,,,,
503,48,31,0.13357365399804397,31,1,0.0,0.0,0.0,False,45,31,,,,,
503,48,31,0.13357365399804397,31,2,0.0,0.0,0.0,False,38,31,,,,,
503,48,31,0.13357365399804397,31,3,0.0,0.0,0.0,False,36,31,,,,,
503,48,31,0.13357365399804397,31,4,0.0,0.0,0.0,False,32,31,,,,,
503,48,31,0.13357365399804397,31,5,0.0,0.0,0.0,False,31,31,,,,,
503,48,31,0.13357365399804397,31,6,1.0,1.0,1.0,True,31,31,0.7722191590588205,0.9088876636235282,0.13341856339949343,"[-0.09935483870967676, -0.07225806451612904]",0.12285199169180348
503,48,31,0.13357365399804397,31,7,0.0,0.0,0.0,False,28,31,,,,,
503,48,31,0.13357365399804397,31,8,0.0,0.0,0.0,False,25,31,,,,,
503,48,31,0.13357365399804397,31,9,0.0,0.0,0.0,False,24,31,,,,,
503,48,31,0.13357365399804397,31,10,0.0,0.0,0.0,False,24,31,,,,,
503,48,31,0.13357365399804397,31,11,0.0,0.0,0.0,False,18,31,,,,,
503,48,31,0.13357365399804397,31,12,0.0,0.0,0.0,False,12,31,,,,,
503,49,29,0.24099060413779988,31,0,0.0,0.0,0.0,False,51,31,,,,,
503,49,29,0.24099060413779988,31,1,0.0,0.0,0.0,False,45,31,,,,,
503,49,29,0.24099060413779988,31,2,0.0,0.0,0.0,False,38,31,,,,,
503,49,29,0.24099060413779988,31,3,0.0,0.0,0.0,False,36,31,,,,,
503,49,29,0.24099060413779988,31,4,1.0,0.9393939393939394,0.96875,True,33,31,0.7682502306572268,0.8885500922628906,0.13574329239508456,"[0.10499046698936265, -0.13586734776996234]",0.1717059531544796
503,49,29,0.24099060413779988,31,5,0.0,0.0,0.0,False,31,31,,,,,
503,49,29,0.24099060413779988,31,6,0.0,0.0,0.0,False,30,31,,,,,
503,49,29,0.24099060413779988,31,7,0.0,0.0,0.0,False,28,31,,,,,
503,49,29,0.24099060413779988,31,8,0.0,0.0,0.0,False,27,31,,,,,
503,49,29,0.24099060413779988,31,9,0.0,0.0,0.0,False,26,31,,,,,
503,49,29,0.24099060413779988,31,10,0.0,0.0,0.0,False,24,31,,,,,
503,49,29,0.24099060413779988,31,11,0.0,0.0,0.0,False,15,31,,,,,
503,49,29,0.24099060413779988,31,12,0.0,0.0,0.0,False,15,31,,,,,
503,49,30,0.1680156543096324,25,0,0.0,0.0,0.0,False,51,25,,,,,
503,49,30,0.1680156543096324,25,1,0.0,0.0,0.0,False,45,25,,,,,
503,49,30,0.1680156543096324,25,2,0.0,0.0,0.0,False,38,25,,,,,
503,49,30,0.1680156543096324,25,3,0.0,0.0,0.0,False,36,25,,,,,
503,49,30,0.1680156543096324,25,4,0.0,0.0,0.0,False,33,25,,,,,
503,49,30,0.1680156543096324,25,5,0.0,0.0,0.0,False,31,25,,,,,
503,49,30,0.1680156543096324,25,6,0.0,0.0,0.0,False,30,25,,,,,
503,49,30,0.1680156543096324,25,7,0.0,0.0,0.0,False,28,25,,,,,
503,49,30,0.1680156543096324,25,8,0.0,0.0,0.0,False,27,25,,,,,
503,49,30,0.1680156543096324,25,9,1.0,0.9615384615384616,0.9803921568627451,True,26,25,0.8251991293144275,0.918314945843418,0.10238649111789054,"[-0.11811140639074758, 0.06432261066466971]",0.1344905296380344
503,49,30,0.1680156543096324,25,10,0.0,0.0,0.0,False,24,25,,,,,
503,49,30,0.1680156543096324,25,11,0.0,0.0,0.0,False,15,25,,,,,
503,49,30,0.1680156543096324,25,12,0.0,0.0,0.0,False,15,25,,,,,
503,49,26,0.16055578029699358,36,0,0.0,0.0,0.0,False,51,36,,,,,
503,49,26,0.16055578029699358,36,1,0.0,0.0,0.0,False,45,36,,,,,
503,49,26,0.16055578029699358,36,2,0.0,0.0,0.0,False,38,36,,,,,
503,49,26,0.16055578029699358,36,3,1.0,1.0,1.0,True,36,36,0.9262492416680093,0.9704996966672037,0.0431981907943626,"[-0.01555555555555621, 0.2488888888888896]",0.2493745262070447
503,49,26,0.16055578029699358,36,4,0.0,0.0,0.0,False,33,36,,,,,
503,49,26,0.16055578029699358,36,5,0.0,0.0,0.0,False,31,36,,,,,
503,49,26,0.16055578029699358,36,6,0.0,0.0,0.0,False,30,36,,,,,
503,49,26,0.16055578029699358,36,7,0.0,0.0,0.0,False,28,36,,,,,
503,49,26,0.16055578029699358,36,8,0.0,0.0,0.0,False,27,36,,,,,
503,49,26,0.16055578029699358,36,9,0.0,0.0,0.0,False,26,36,,,,,
503,49,26,0.16055578029699358,36,10,0.0,0.0,0.0,False,24,36,,,,,
503,49,26,0.16055578029699358,36,11,0.0,0.0,0.0,False,15,36,,,,,
503,49,26,0.16055578029699358,36,12,0.0,0.0,0.0,False,15,36,,,,,
503,49,33,0.15668347850760594,18,0,0.0,0.0,0.0,False,51,18,,,,,
503,49,33,0.15668347850760594,18,1,0.0,0.0,0.0,False,45,18,,,,,
503,49,33,0.15668347850760594,18,2,0.0,0.0,0.0,False,38,18,,,,,
503,49,33,0.15668347850760594,18,3,0.0,0.0,0.0,False,36,18,,,,,
503,49,33,0.15668347850760594,18,4,0.0,0.0,0.0,False,33,18,,,,,
503,49,33,0.15668347850760594,18,5,0.0,0.0,0.0,False,31,18,,,,,
503,49,33,0.15668347850760594,18,6,0.0,0.0,0.0,False,30,18,,,,,
503,49,33,0.15668347850760594,18,7,0.0,0.0,0.0,False,28,18,,,,,
503,49,33,0.15668347850760594,18,8,0.9444444444444444,0.6296296296296297,0.7555555555555555,True,27,18,0.6645839912172051,0.7191669298202154,0.1964639424812225,"[0.10897355500452477, -0.18660405200500563]",0.2160932852149993
503,49,33,0.15668347850760594,18,9,0.05555555555555555,0.038461538461538464,0.045454545454545456,False,26,18,,,,,
503,49,33,0.15668347850760594,18,10,0.0,0.0,0.0,False,24,18,,,,,
503,49,33,0.15668347850760594,18,11,0.0,0.0,0.0,False,15,18,,,,,
503,49,33,0.15668347850760594,18,12,0.0,0.0,0.0,False,15,18,,,,,
503,49,34,0.14018082874992419,55,0,0.9272727272727272,1.0,0.9622641509433962,True,51,55,0.8182337821360783,0.904652003420469,0.10646631894833589,"[-0.14753691034151029, 0.19798463728081472]",0.2469110295477596
503,49,34,0.14018082874992419,55,1,0.0,0.0,0.0,False,45,55,,,,,
503,49,34,0.14018082874992419,55,2,0.0,0.0,0.0,False,38,55,,,,,
503,49,34,0.14018082874992419,55,3,0.0,0.0,0.0,False,36,55,,,,,
503,49,34,0.14018082874992419,55,4,0.0,0.0,0.0,False,33,55,,,,,
503,49,34,0.14018082874992419,55,5,0.0,0.0,0.0,False,31,55,,,,,
503,49,34,0.14018082874992419,55,6,0.0,0.0,0.0,False,30,55,,,,,
503,49,34,0.14018082874992419,55,7,0.0,0.0,0.0,False,28,55,,,,,
503,49,34,0.14018082874992419,55,8,0.01818181818181818,0.037037037037037035,0.024390243902439025,False,27,55,,,,,
503,49,34,0.14018082874992419,55,9,0.0,0.0,0.0,False,26,55,,,,,
503,49,34,0.14018082874992419,55,10,0.0,0.0,0.0,False,24,55,,,,,
503,49,34,0.14018082874992419,55,11,0.0,0.0,0.0,False,15,55,,,,,
503,49,34,0.14018082874992419,55,12,0.05454545454545454,0.2,0.08571428571428572,False,15,55,,,,,
503,49,31,0.13357365399804397,31,0,0.0,0.0,0.0,False,51,31,,,,,
503,49,31,0.13357365399804397,31,1,0.0,0.0,0.0,False,45,31,,,,,
503,49,31,0.13357365399804397,31,2,0.0,0.0,0.0,False,38,31,,,,,
503,49,31,0.13357365399804397,31,3,0.0,0.0,0.0,False,36,31,,,,,
503,49,31,0.13357365399804397,31,4,1.0,0.9393939393939394,0.96875,True,33,31,0.7682502306572268,0.8885500922628906,0.13574329239508456,"[0.10499046698936265, -0.13586734776996234]",0.1717059531544796
503,49,31,0.13357365399804397,31,5,0.0,0.0,0.0,False,31,31,,,,,
503,49,31,0.13357365399804397,31,6,0.0,0.0,0.0,False,30,31,,,,,
503,49,31,0.13357365399804397,31,7,0.0,0.0,0.0,False,28,31,,,,,
503,49,31,0.13357365399804397,31,8,0.0,0.0,0.0,False,27,31,,,,,
503,49,31,0.13357365399804397,31,9,0.0,0.0,0.0,False,26,31,,,,,
503,49,31,0.13357365399804397,31,10,0.0,0.0,0.0,False,24,31,,,,,
503,49,31,0.13357365399804397,31,11,0.0,0.0,0.0,False,15,31,,,,,
503,49,31,0.13357365399804397,31,12,0.0,0.0,0.0,False,15,31,,,,,
503,50,29,0.24099060413779988,33,0,0.0,0.0,0.0,False,52,33,,,,,
503,50,29,0.24099060413779988,33,1,0.0,0.0,0.0,False,45,33,,,,,
503,50,29,0.24099060413779988,33,2,0.0,0.0,0.0,False,39,33,,,,,
503,50,29,0.24099060413779988,33,3,0.0,0.0,0.0,False,36,33,,,,,
503,50,29,0.24099060413779988,33,4,1.0,1.0,1.0,True,33,33,0.8224069290157445,0.9289627716062978,0.10402197262298396,"[-0.13575757575757574, -0.025454545454545396]",0.13812332626993687
503,50,29,0.24099060413779988,33,5,0.0,0.0,0.0,False,30,33,,,,,
503,50,29,0.24099060413779988,33,6,0.0,0.0,0.0,False,29,33,,,,,
503,50,29,0.24099060413779988,33,7,0.0,0.0,0.0,False,28,33,,,,,
503,50,29,0.24099060413779988,33,8,0.0,0.0,0.0,False,28,33,,,,,
503,50,29,0.24099060413779988,33,9,0.0,0.0,0.0,False,25,33,,,,,
503,50,29,0.24099060413779988,33,10,0.0,0.0,0.0,False,24,33,,,,,
503,50,29,0.24099060413779988,33,11,0.0,0.0,0.0,False,16,33,,,,,
503,50,29,0.24099060413779988,33,12,0.0,0.0,0.0,False,15,33,,,,,
503,50,30,0.1680156543096324,26,0,0.0,0.0,0.0,False,52,26,,,,,
503,50,30,0.1680156543096324,26,1,0.0,0.0,0.0,False,45,26,,,,,
503,50,30,0.1680156543096324,26,2,0.0,0.0,0.0,False,39,26,,,,,
503,50,30,0.1680156543096324,26,3,0.0,0.0,0.0,False,36,26,,,,,
503,50,30,0.1680156543096324,26,4,0.0,0.0,0.0,False,33,26,,,,,
503,50,30,0.1680156543096324,26,5,0.0,0.0,0.0,False,30,26,,,,,
503,50,30,0.1680156543096324,26,6,0.0,0.0,0.0,False,29,26,,,,,
503,50,30,0.1680156543096324,26,7,0.0,0.0,0.0,False,28,26,,,,,
503,50,30,0.1680156543096324,26,8,0.07692307692307693,0.07142857142857142,0.07407407407407407,False,28,26,,,,,
503,50,30,0.1680156543096324,26,9,0.0,0.0,0.0,False,25,26,,,,,
503,50,30,0.1680156543096324,26,10,0.9230769230769231,1.0,0.96,True,24,26,0.8117792415734861,0.9007116966293944,0.11024695091767342,"[0.04879024306787727, -0.35316075594607277]",0.3565150871408167
503,50,30,0.1680156543096324,26,11,0.0,0.0,0.0,False,16,26,,,,,
503,50,30,0.1680156543096324,26,12,0.0,0.0,0.0,False,15,26,,,,,
503,50,26,0.16055578029699358,36,0,0.0,0.0,0.0,False,52,36,,,,,
503,50,26,0.16055578029699358,36,1,0.0,0.0,0.0,False,45,36,,,,,
503,50,26,0.16055578029699358,36,2,0.0,0.0,0.0,False,39,36,,,,,
503,50,26,0.16055578029699358,36,3,1.0,1.0,1.0,True,36,36,0.9415557613738166,0.9766223045495266,0.034232669983408154,"[-0.015555555555554434, 0.2644444444444449]",0.26490156569218887
503,50,26,0.16055578029699358,36,4,0.0,0.0,0.0,False,33,36,,,,,
503,50,26,0.16055578029699358,36,5,0.0,0.0,0.0,False,30,36,,,,,
503,50,26,0.16055578029699358,36,6,0.0,0.0,0.0,False,29,36,,,,,
503,50,26,0.16055578029699358,36,7,0.0,0.0,0.0,False,28,36,,,,,
503,50,26,0.16055578029699358,36,8,0.0,0.0,0.0,False,28,36,,,,,
503,50,26,0.16055578029699358,36,9,0.0,0.0,0.0,False,25,36,,,,,
503,50,26,0.16055578029699358,36,10,0.0,0.0,0.0,False,24,36,,,,,
503,50,26,0.16055578029699358,36,11,0.0,0.0,0.0,False,16,36,,,,,
503,50,26,0.16055578029699358,36,12,0.0,0.0,0.0,False,15,36,,,,,
503,50,33,0.15668347850760594,27,0,0.0,0.0,0.0,False,52,27,,,,,
503,50,33,0.15668347850760594,27,1,0.0,0.0,0.0,False,45,27,,,,,
503,50,33,0.15668347850760594,27,2,0.0,0.0,0.0,False,39,27,,,,,
503,50,33,0.15668347850760594,27,3,0.0,0.0,0.0,False,36,27,,,,,
503,50,33,0.15668347850760594,27,4,0.0,0.0,0.0,False,33,27,,,,,
503,50,33,0.15668347850760594,27,5,0.0,0.0,0.0,False,30,27,,,,,
503,50,33,0.15668347850760594,27,6,0.0,0.0,0.0,False,29,27,,,,,
503,50,33,0.15668347850760594,27,7,0.0,0.0,0.0,False,28,27,,,,,
503,50,33,0.15668347850760594,27,8,0.9629629629629629,0.9285714285714286,0.9454545454545454,True,28,27,0.7527562835761146,0.8683752407031731,0.1448185954469491,"[0.03917593070844205, -0.2906574524195946]",0.2932857108587487
503,50,33,0.15668347850760594,27,9,0.0,0.0,0.0,False,25,27,,,,,
503,50,33,0.15668347850760594,27,10,0.0,0.0,0.0,False,24,27,,,,,
503,50,33,0.15668347850760594,27,11,0.037037037037037035,0.0625,0.046511627906976744,False,16,27,,,,,
503,50,33,0.15668347850760594,27,12,0.0,0.0,0.0,False,15,27,,,,,
503,50,34,0.14018082874992419,51,0,1.0,0.9807692307692307,0.9902912621359223,True,52,51,0.8521521233021241,0.935035606602403,0.08659925579864666,"[-0.09086592458530784, -0.044762993848181054]",0.10129334563037765
503,50,34,0.14018082874992419,51,1,0.0,0.0,0.0,False,45,51,,,,,
503,50,34,0.14018082874992419,51,2,0.0,0.0,0.0,False,39,51,,,,,
503,50,34,0.14018082874992419,51,3,0.0,0.0,0.0,False,36,51,,,,,
503,50,34,0.14018082874992419,51,4,0.0,0.0,0.0,False,33,51,,,,,
503,50,34,0.14018082874992419,51,5,0.0,0.0,0.0,False,30,51,,,,,
503,50,34,0.14018082874992419,51,6,0.0,0.0,0.0,False,29,51,,,,,
503,50,34,0.14018082874992419,51,7,0.0,0.0,0.0,False,28,51,,,,,
503,50,34,0.14018082874992419,51,8,0.0,0.0,0.0,False,28,51,,,,,
503,50,34,0.14018082874992419,51,9,0.0,0.0,0.0,False,25,51,,,,,
503,50,34,0.14018082874992419,51,10,0.0,0.0,0.0,False,24,51,,,,,
503,50,34,0.14018082874992419,51,11,0.0,0.0,0.0,False,16,51,,,,,
503,50,34,0.14018082874992419,51,12,0.0,0.0,0.0,False,15,51,,,,,
503,50,31,0.13357365399804397,33,0,0.0,0.0,0.0,False,52,33,,,,,
503,50,31,0.13357365399804397,33,1,0.0,0.0,0.0,False,45,33,,,,,
503,50,31,0.13357365399804397,33,2,0.0,0.0,0.0,False,39,33,,,,,
503,50,31,0.13357365399804397,33,3,0.0,0.0,0.0,False,36,33,,,,,
503,50,31,0.13357365399804397,33,4,1.0,1.0,1.0,True,33,33,0.8224069290157445,0.9289627716062978,0.10402197262298396,"[-0.13575757575757574, -0.025454545454545396]",0.13812332626993687
503,50,31,0.13357365399804397,33,5,0.0,0.0,0.0,False,30,33,,,,,
503,50,31,0.13357365399804397,33,6,0.0,0.0,0.0,False,29,33,,,,,
503,50,31,0.13357365399804397,33,7,0.0,0.0,0.0,False,28,33,,,,,
503,50,31,0.13357365399804397,33,8,0.0,0.0,0.0,False,28,33,,,,,
503,50,31,0.13357365399804397,33,9,0.0,0.0,0.0,False,25,33,,,,,
503,50,31,0.13357365399804397,33,10,0.0,0.0,0.0,False,24,33,,,,,
503,50,31,0.13357365399804397,33,11,0.0,0.0,0.0,False,16,33,,,,,
503,50,31,0.13357365399804397,33,12,0.0,0.0,0.0,False,15,33,,,,,
503,51,29,0.24099060413779988,33,0,0.0,0.0,0.0,False,50,33,,,,,
503,51,29,0.24099060413779988,33,1,0.0,0.0,0.0,False,42,33,,,,,
503,51,29,0.24099060413779988,33,2,0.0,0.0,0.0,False,39,33,,,,,
503,51,29,0.24099060413779988,33,3,0.0,0.0,0.0,False,36,33,,,,,
503,51,29,0.24099060413779988,33,4,1.0,1.0,1.0,True,33,33,0.8485688351570025,0.939427534062801,0.08869810289479907,"[-0.15272727272727327, -0.008484848484848762]",0.1529627813833213
503,51,29,0.24099060413779988,33,5,0.0,0.0,0.0,False,30,33,,,,,
503,51,29,0.24099060413779988,33,6,0.0,0.0,0.0,False,29,33,,,,,
503,51,29,0.24099060413779988,33,7,0.0,0.0,0.0,False,28,33,,,,,
503,51,29,0.24099060413779988,33,8,0.0,0.0,0.0,False,28,33,,,,,
503,51,29,0.24099060413779988,33,9,0.0,0.0,0.0,False,25,33,,,,,
503,51,29,0.24099060413779988,33,10,0.0,0.0,0.0,False,24,33,,,,,
503,51,29,0.24099060413779988,33,11,0.0,0.0,0.0,False,18,33,,,,,
503,51,29,0.24099060413779988,33,12,0.0,0.0,0.0,False,18,33,,,,,
503,51,30,0.1680156543096324,24,0,0.0,0.0,0.0,False,50,24,,,,,
503,51,30,0.1680156543096324,24,1,0.0,0.0,0.0,False,42,24,,,,,
503,51,30,0.1680156543096324,24,2,0.0,0.0,0.0,False,39,24,,,,,
503,51,30,0.1680156543096324,24,3,0.0,0.0,0.0,False,36,24,,,,,
503,51,30,0.1680156543096324,24,4,0.0,0.0,0.0,False,33,24,,,,,
503,51,30,0.1680156543096324,24,5,0.0,0.0,0.0,False,30,24,,,,,
503,51,30,0.1680156543096324,24,6,0.0,0.0,0.0,False,29,24,,,,,
503,51,30,0.1680156543096324,24,7,0.0,0.0,0.0,False,28,24,,,,,
503,51,30,0.1680156543096324,24,8,0.0,0.0,0.0,False,28,24,,,,,
503,51,30,0.1680156543096324,24,9,0.0,0.0,0.0,False,25,24,,,,,
503,51,30,0.1680156543096324,24,10,1.0,1.0,1.0,True,24,24,0.8694795122299906,0.9477918048919962,0.07645004689824915,"[-0.05833333333333357, -0.05833333333333357]",0.08249579113843088
503,51,30,0.1680156543096324,24,11,0.0,0.0,0.0,False,18,24,,,,,
503,51,30,0.1680156543096324,24,12,0.0,0.0,0.0,False,18,24,,,,,
503,51,26,0.16055578029699358,36,0,0.0,0.0,0.0,False,50,36,,,,,
503,51,26,0.16055578029699358,36,1,0.0,0.0,0.0,False,42,36,,,,,
503,51,26,0.16055578029699358,36,2,0.0,0.0,0.0,False,39,36,,,,,
503,51,26,0.16055578029699358,36,3,1.0,1.0,1.0,True,36,36,0.9025434504189135,0.9610173801675654,0.0570834350477165,"[0.0, 0.2333333333333334]",0.2333333333333334
503,51,26,0.16055578029699358,36,4,0.0,0.0,0.0,False,33,36,,,,,
503,51,26,0.16055578029699358,36,5,0.0,0.0,0.0,False,30,36,,,,,
503,51,26,0.16055578029699358,36,6,0.0,0.0,0.0,False,29,36,,,,,
503,51,26,0.16055578029699358,36,7,0.0,0.0,0.0,False,28,36,,,,,
503,51,26,0.16055578029699358,36,8,0.0,0.0,0.0,False,28,36,,,,,
503,51,26,0.16055578029699358,36,9,0.0,0.0,0.0,False,25,36,,,,,
503,51,26,0.16055578029699358,36,10,0.0,0.0,0.0,False,24,36,,,,,
503,51,26,0.16055578029699358,36,11,0.0,0.0,0.0,False,18,36,,,,,
503,51,26,0.16055578029699358,36,12,0.0,0.0,0.0,False,18,36,,,,,
503,51,33,0.15668347850760594,28,0,0.0,0.0,0.0,False,50,28,,,,,
503,51,33,0.15668347850760594,28,1,0.0,0.0,0.0,False,42,28,,,,,
503,51,33,0.15668347850760594,28,2,0.0,0.0,0.0,False,39,28,,,,,
503,51,33,0.15668347850760594,28,3,0.0,0.0,0.0,False,36,28,,,,,
503,51,33,0.15668347850760594,28,4,0.0,0.0,0.0,False,33,28,,,,,
503,51,33,0.15668347850760594,28,5,0.0,0.0,0.0,False,30,28,,,,,
503,51,33,0.15668347850760594,28,6,0.0,0.0,0.0,False,29,28,,,,,
503,51,33,0.15668347850760594,28,7,1.0,1.0,1.0,True,28,28,0.7949849169429415,0.9179939667771766,0.1200839269171193,"[0.040000000000000924, 0.0]",0.040000000000000924
503,51,33,0.15668347850760594,28,8,0.0,0.0,0.0,False,28,28,,,,,
503,51,33,0.15668347850760594,28,9,0.0,0.0,0.0,False,25,28,,,,,
503,51,33,0.15668347850760594,28,10,0.0,0.0,0.0,False,24,28,,,,,
503,51,33,0.15668347850760594,28,11,0.0,0.0,0.0,False,18,28,,,,,
503,51,33,0.15668347850760594,28,12,0.0,0.0,0.0,False,18,28,,,,,
503,51,34,0.14018082874992419,52,0,0.9615384615384616,1.0,0.9803921568627451,True,50,52,0.8482809753794809,0.9275476842694393,0.08886671162334163,"[-0.11969292714234658, -0.11232669674341622]",0.16414531248010245
503,51,34,0.14018082874992419,52,1,0.0,0.0,0.0,False,42,52,,,,,
503,51,34,0.14018082874992419,52,2,0.0,0.0,0.0,False,39,52,,,,,
503,51,34,0.14018082874992419,52,3,0.0,0.0,0.0,False,36,52,,,,,
503,51,34,0.14018082874992419,52,4,0.0,0.0,0.0,False,33,52,,,,,
503,51,34,0.14018082874992419,52,5,0.0,0.0,0.0,False,30,52,,,,,
503,51,34,0.14018082874992419,52,6,0.0,0.0,0.0,False,29,52,,,,,
503,51,34,0.14018082874992419,52,7,0.0,0.0,0.0,False,28,52,,,,,
503,51,34,0.14018082874992419,52,8,0.0,0.0,0.0,False,28,52,,,,,
503,51,34,0.14018082874992419,52,9,0.0,0.0,0.0,False,25,52,,,,,
503,51,34,0.14018082874992419,52,10,0.0,0.0,0.0,False,24,52,,,,,
503,51,34,0.14018082874992419,52,11,0.0,0.0,0.0,False,18,52,,,,,
503,51,34,0.14018082874992419,52,12,0.038461538461538464,0.1111111111111111,0.05714285714285714,False,18,52,,,,,
503,51,31,0.13357365399804397,33,0,0.0,0.0,0.0,False,50,33,,,,,
503,51,31,0.13357365399804397,33,1,0.0,0.0,0.0,False,42,33,,,,,
503,51,31,0.13357365399804397,33,2,0.0,0.0,0.0,False,39,33,,,,,
503,51,31,0.13357365399804397,33,3,0.0,0.0,0.0,False,36,33,,,,,
503,51,31,0.13357365399804397,33,4,1.0,1.0,1.0,True,33,33,0.8485688351570025,0.939427534062801,0.08869810289479907,"[-0.15272727272727327, -0.008484848484848762]",0.1529627813833213
503,51,31,0.13357365399804397,33,5,0.0,0.0,0.0,False,30,33,,,,,
503,51,31,0.13357365399804397,33,6,0.0,0.0,0.0,False,29,33,,,,,
503,51,31,0.13357365399804397,33,7,0.0,0.0,0.0,False,28,33,,,,,
503,51,31,0.13357365399804397,33,8,0.0,0.0,0.0,False,28,33,,,,,
503,51,31,0.13357365399804397,33,9,0.0,0.0,0.0,False,25,33,,,,,
503,51,31,0.13357365399804397,33,10,0.0,0.0,0.0,False,24,33,,,,,
503,51,31,0.13357365399804397,33,11,0.0,0.0,0.0,False,18,33,,,,,
503,51,31,0.13357365399804397,33,12,0.0,0.0,0.0,False,18,33,,,,,
503,52,29,0.24099060413779988,33,0,0.0,0.0,0.0,False,49,33,,,,,
503,52,29,0.24099060413779988,33,1,0.0,0.0,0.0,False,42,33,,,,,
503,52,29,0.24099060413779988,33,2,0.0,0.0,0.0,False,39,33,,,,,
503,52,29,0.24099060413779988,33,3,0.0,0.0,0.0,False,36,33,,,,,
503,52,29,0.24099060413779988,33,4,0.06060606060606061,0.0625,0.06153846153846154,False,32,33,,,,,
503,52,29,0.24099060413779988,33,5,0.0,0.0,0.0,False,32,33,,,,,
503,52,29,0.24099060413779988,33,6,0.9393939393939394,1.0,0.96875,True,31,33,0.7693283902111547,0.8889813560844618,0.13511177967344326,"[-0.3403765862464505, 0.09754867719322746]",0.35407903762710363
503,52,29,0.24099060413779988,33,7,0.0,0.0,0.0,False,28,33,,,,,
503,52,29,0.24099060413779988,33,8,0.0,0.0,0.0,False,28,33,,,,,
503,52,29,0.24099060413779988,33,9,0.0,0.0,0.0,False,24,33,,,,,
503,52,29,0.24099060413779988,33,10,0.0,0.0,0.0,False,23,33,,,,,
503,52,29,0.24099060413779988,33,11,0.0,0.0,0.0,False,18,33,,,,,
503,52,29,0.24099060413779988,33,12,0.0,0.0,0.0,False,18,33,,,,,
503,52,30,0.1680156543096324,24,0,0.0,0.0,0.0,False,49,24,,,,,
503,52,30,0.1680156543096324,24,1,0.0,0.0,0.0,False,42,24,,,,,
503,52,30,0.1680156543096324,24,2,0.0,0.0,0.0,False,39,24,,,,,
503,52,30,0.1680156543096324,24,3,0.0,0.0,0.0,False,36,24,,,,,
503,52,30,0.1680156543096324,24,4,0.0,0.0,0.0,False,32,24,,,,,
503,52,30,0.1680156543096324,24,5,0.0,0.0,0.0,False,32,24,,,,,
503,52,30,0.1680156543096324,24,6,0.0,0.0,0.0,False,31,24,,,,,
503,52,30,0.1680156543096324,24,7,0.0,0.0,0.0,False,28,24,,,,,
503,52,30,0.1680156543096324,24,8,0.0,0.0,0.0,False,28,24,,,,,
503,52,30,0.1680156543096324,24,9,1.0,1.0,1.0,True,24,24,0.8631300891502256,0.9452520356600902,0.08016910817758036,"[-0.03500000000000014, -0.08166666666666522]",0.08885068623507766
503,52,30,0.1680156543096324,24,10,0.0,0.0,0.0,False,23,24,,,,,
503,52,30,0.1680156543096324,24,11,0.0,0.0,0.0,False,18,24,,,,,
503,52,30,0.1680156543096324,24,12,0.0,0.0,0.0,False,18,24,,,,,
503,52,26,0.16055578029699358,36,0,0.0,0.0,0.0,False,49,36,,,,,
503,52,26,0.16055578029699358,36,1,0.0,0.0,0.0,False,42,36,,,,,
503,52,26,0.16055578029699358,36,2,0.0,0.0,0.0,False,39,36,,,,,
503,52,26,0.16055578029699358,36,3,1.0,1.0,1.0,True,36,36,0.9286940216033343,0.9714776086413337,0.04176620456825501,"[-0.01555555555555621, 0.2333333333333334]",0.23385127699691202
503,52,26,0.16055578029699358,36,4,0.0,0.0,0.0,False,32,36,,,,,
503,52,26,0.16055578029699358,36,5,0.0,0.0,0.0,False,32,36,,,,,
503,52,26,0.16055578029699358,36,6,0.0,0.0,0.0,False,31,36,,,,,
503,52,26,0.16055578029699358,36,7,0.0,0.0,0.0,False,28,36,,,,,
503,52,26,0.16055578029699358,36,8,0.0,0.0,0.0,False,28,36,,,,,
503,52,26,0.16055578029699358,36,9,0.0,0.0,0.0,False,24,36,,,,,
503,52,26,0.16055578029699358,36,10,0.0,0.0,0.0,False,23,36,,,,,
503,52,26,0.16055578029699358,36,11,0.0,0.0,0.0,False,18,36,,,,,
503,52,26,0.16055578029699358,36,12,0.0,0.0,0.0,False,18,36,,,,,
503,52,33,0.15668347850760594,28,0,0.0,0.0,0.0,False,49,28,,,,,
503,52,33,0.15668347850760594,28,1,0.0,0.0,0.0,False,42,28,,,,,
503,52,33,0.15668347850760594,28,2,0.0,0.0,0.0,False,39,28,,,,,
503,52,33,0.15668347850760594,28,3,0.0,0.0,0.0,False,36,28,,,,,
503,52,33,0.15668347850760594,28,4,0.0,0.0,0.0,False,32,28,,,,,
503,52,33,0.15668347850760594,28,5,0.0,0.0,0.0,False,32,28,,,,,
503,52,33,0.15668347850760594,28,6,0.0,0.0,0.0,False,31,28,,,,,
503,52,33,0.15668347850760594,28,7,0.0,0.0,0.0,False,28,28,,,,,
503,52,33,0.15668347850760594,28,8,1.0,1.0,1.0,True,28,28,0.8295192262655149,0.9318076905062059,0.09985607141016167,"[0.08000000000000007, 0.0400000000000027]",0.08944271909999287
503,52,33,0.15668347850760594,28,9,0.0,0.0,0.0,False,24,28,,,,,
503,52,33,0.15668347850760594,28,10,0.0,0.0,0.0,False,23,28,,,,,
503,52,33,0.15668347850760594,28,11,0.0,0.0,0.0,False,18,28,,,,,
503,52,33,0.15668347850760594,28,12,0.0,0.0,0.0,False,18,28,,,,,
503,52,34,0.14018082874992419,50,0,0.98,1.0,0.98989898989899,True,49,50,0.915440422324757,0.9601155628692968,0.04952926386821154,"[-0.027867974965135822, 0.032869101826811686]",0.04309294470744315
503,52,34,0.14018082874992419,50,1,0.0,0.0,0.0,False,42,50,,,,,
503,52,34,0.14018082874992419,50,2,0.0,0.0,0.0,False,39,50,,,,,
503,52,34,0.14018082874992419,50,3,0.0,0.0,0.0,False,36,50,,,,,
503,52,34,0.14018082874992419,50,4,0.0,0.0,0.0,False,32,50,,,,,
503,52,34,0.14018082874992419,50,5,0.02,0.03125,0.024390243902439025,False,32,50,,,,,
503,52,34,0.14018082874992419,50,6,0.0,0.0,0.0,False,31,50,,,,,
503,52,34,0.14018082874992419,50,7,0.0,0.0,0.0,False,28,50,,,,,
503,52,34,0.14018082874992419,50,8,0.0,0.0,0.0,False,28,50,,,,,
503,52,34,0.14018082874992419,50,9,0.0,0.0,0.0,False,24,50,,,,,
503,52,34,0.14018082874992419,50,10,0.0,0.0,0.0,False,23,50,,,,,
503,52,34,0.14018082874992419,50,11,0.0,0.0,0.0,False,18,50,,,,,
503,52,34,0.14018082874992419,50,12,0.0,0.0,0.0,False,18,50,,,,,
503,52,31,0.13357365399804397,33,0,0.0,0.0,0.0,False,49,33,,,,,
503,52,31,0.13357365399804397,33,1,0.0,0.0,0.0,False,42,33,,,,,
503,52,31,0.13357365399804397,33,2,0.0,0.0,0.0,False,39,33,,,,,
503,52,31,0.13357365399804397,33,3,0.0,0.0,0.0,False,36,33,,,,,
503,52,31,0.13357365399804397,33,4,0.06060606060606061,0.0625,0.06153846153846154,False,32,33,,,,,
503,52,31,0.13357365399804397,33,5,0.0,0.0,0.0,False,32,33,,,,,
503,52,31,0.13357365399804397,33,6,0.9393939393939394,1.0,0.96875,True,31,33,0.7693283902111547,0.8889813560844618,0.13511177967344326,"[-0.3403765862464505, 0.09754867719322746]",0.35407903762710363
503,52,31,0.13357365399804397,33,7,0.0,0.0,0.0,False,28,33,,,,,
503,52,31,0.13357365399804397,33,8,0.0,0.0,0.0,False,28,33,,,,,
503,52,31,0.13357365399804397,33,9,0.0,0.0,0.0,False,24,33,,,,,
503,52,31,0.13357365399804397,33,10,0.0,0.0,0.0,False,23,33,,,,,
503,52,31,0.13357365399804397,33,11,0.0,0.0,0.0,False,18,33,,,,,
503,52,31,0.13357365399804397,33,12,0.0,0.0,0.0,False,18,33,,,,,
503,53,29,0.24099060413779988,31,0,0.0,0.0,0.0,False,42,31,,,,,
503,53,29,0.24099060413779988,31,1,0.0,0.0,0.0,False,38,31,,,,,
503,53,29,0.24099060413779988,31,2,0.0,0.0,0.0,False,38,31,,,,,
503,53,29,0.24099060413779988,31,3,0.0,0.0,0.0,False,36,31,,,,,
503,53,29,0.24099060413779988,31,4,1.0,0.9393939393939394,0.96875,True,33,31,0.7907120860169745,0.8975348344067897,0.12258666139397839,"[-0.3717446258747623, -0.17391231355686365]",0.4104138882560724
503,53,29,0.24099060413779988,31,5,0.0,0.0,0.0,False,31,31,,,,,
503,53,29,0.24099060413779988,31,6,0.0,0.0,0.0,False,28,31,,,,,
503,53,29,0.24099060413779988,31,7,0.0,0.0,0.0,False,26,31,,,,,
503,53,29,0.24099060413779988,31,8,0.0,0.0,0.0,False,26,31,,,,,
503,53,29,0.24099060413779988,31,9,0.0,0.0,0.0,False,23,31,,,,,
503,53,29,0.24099060413779988,31,10,0.0,0.0,0.0,False,22,31,,,,,
503,53,29,0.24099060413779988,31,11,0.0,0.0,0.0,False,21,31,,,,,
503,53,29,0.24099060413779988,31,12,0.0,0.0,0.0,False,18,31,,,,,
503,53,29,0.24099060413779988,31,13,0.0,0.0,0.0,False,18,31,,,,,
503,53,30,0.1680156543096324,24,0,0.0,0.0,0.0,False,42,24,,,,,
503,53,30,0.1680156543096324,24,1,0.0,0.0,0.0,False,38,24,,,,,
503,53,30,0.1680156543096324,24,2,0.0,0.0,0.0,False,38,24,,,,,
503,53,30,0.1680156543096324,24,3,0.0,0.0,0.0,False,36,24,,,,,
503,53,30,0.1680156543096324,24,4,0.0,0.0,0.0,False,33,24,,,,,
503,53,30,0.1680156543096324,24,5,0.0,0.0,0.0,False,31,24,,,,,
503,53,30,0.1680156543096324,24,6,0.0,0.0,0.0,False,28,24,,,,,
503,53,30,0.1680156543096324,24,7,1.0,0.9230769230769231,0.96,True,26,24,0.7465880293656249,0.8746352117462499,0.14843154029360953,"[-0.21391844819608252, 0.19162229440761003]",0.2871936736640569
503,53,30,0.1680156543096324,24,8,0.0,0.0,0.0,False,26,24,,,,,
503,53,30,0.1680156543096324,24,9,0.0,0.0,0.0,False,23,24,,,,,
503,53,30,0.1680156543096324,24,10,0.0,0.0,0.0,False,22,24,,,,,
503,53,30,0.1680156543096324,24,11,0.0,0.0,0.0,False,21,24,,,,,
503,53,30,0.1680156543096324,24,12,0.0,0.0,0.0,False,18,24,,,,,
503,53,30,0.1680156543096324,24,13,0.0,0.0,0.0,False,18,24,,,,,
503,53,26,0.16055578029699358,36,0,0.0,0.0,0.0,False,42,36,,,,,
503,53,26,0.16055578029699358,36,1,0.0,0.0,0.0,False,38,36,,,,,
503,53,26,0.16055578029699358,36,2,0.0,0.0,0.0,False,38,36,,,,,
503,53,26,0.16055578029699358,36,3,1.0,1.0,1.0,True,36,36,0.9304384352460977,0.9721753740984391,0.04074444540172317,"[0.0, 0.2333333333333334]",0.2333333333333334
503,53,26,0.16055578029699358,36,4,0.0,0.0,0.0,False,33,36,,,,,
503,53,26,0.16055578029699358,36,5,0.0,0.0,0.0,False,31,36,,,,,
503,53,26,0.16055578029699358,36,6,0.0,0.0,0.0,False,28,36,,,,,
503,53,26,0.16055578029699358,36,7,0.0,0.0,0.0,False,26,36,,,,,
503,53,26,0.16055578029699358,36,8,0.0,0.0,0.0,False,26,36,,,,,
503,53,26,0.16055578029699358,36,9,0.0,0.0,0.0,False,23,36,,,,,
503,53,26,0.16055578029699358,36,10,0.0,0.0,0.0,False,22,36,,,,,
503,53,26,0.16055578029699358,36,11,0.0,0.0,0.0,False,21,36,,,,,
503,53,26,0.16055578029699358,36,12,0.0,0.0,0.0,False,18,36,,,,,
503,53,26,0.16055578029699358,36,13,0.0,0.0,0.0,False,18,36,,,,,
503,53,33,0.15668347850760594,28,0,0.0,0.0,0.0,False,42,28,,,,,
503,53,33,0.15668347850760594,28,1,0.0,0.0,0.0,False,38,28,,,,,
503,53,33,0.15668347850760594,28,2,0.0,0.0,0.0,False,38,28,,,,,
503,53,33,0.15668347850760594,28,3,0.0,0.0,0.0,False,36,28,,,,,
503,53,33,0.15668347850760594,28,4,0.0,0.0,0.0,False,33,28,,,,,
503,53,33,0.15668347850760594,28,5,0.0,0.0,0.0,False,31,28,,,,,
503,53,33,0.15668347850760594,28,6,0.0,0.0,0.0,False,28,28,,,,,
503,53,33,0.15668347850760594,28,7,0.07142857142857142,0.07692307692307693,0.07407407407407407,False,26,28,,,,,
503,53,33,0.15668347850760594,28,8,0.9285714285714286,1.0,0.9629629629629629,True,26,28,0.7765024045065549,0.8883787395803997,0.1309097288023303,"[0.2581646431099358, 0.20085724465399935]",0.32709725722188054
503,53,33,0.15668347850760594,28,9,0.0,0.0,0.0,False,23,28,,,,,
503,53,33,0.15668347850760594,28,10,0.0,0.0,0.0,False,22,28,,,,,
503,53,33,0.15668347850760594,28,11,0.0,0.0,0.0,False,21,28,,,,,
503,53,33,0.15668347850760594,28,12,0.0,0.0,0.0,False,18,28,,,,,
503,53,33,0.15668347850760594,28,13,0.0,0.0,0.0,False,18,28,,,,,
503,53,34,0.14018082874992419,49,0,0.0,0.0,0.0,False,42,49,,,,,
503,53,34,0.14018082874992419,49,1,0.7755102040816326,1.0,0.8735632183908046,True,38,49,0.749315019753009,0.8238639389356863,0.146834254330551,"[-0.11836175861147602, 0.11162278232436051]",0.16269342775734025
503,53,34,0.14018082874992419,49,2,0.0,0.0,0.0,False,38,49,,,,,
503,53,34,0.14018082874992419,49,3,0.0,0.0,0.0,False,36,49,,,,,
503,53,34,0.14018082874992419,49,4,0.0,0.0,0.0,False,33,49,,,,,
503,53,34,0.14018082874992419,49,5,0.0,0.0,0.0,False,31,49,,,,,
503,53,34,0.14018082874992419,49,6,0.0,0.0,0.0,False,28,49,,,,,
503,53,34,0.14018082874992419,49,7,0.0,0.0,0.0,False,26,49,,,,,
503,53,34,0.14018082874992419,49,8,0.0,0.0,0.0,False,26,49,,,,,
503,53,34,0.14018082874992419,49,9,0.0,0.0,0.0,False,23,49,,,,,
503,53,34,0.14018082874992419,49,10,0.22448979591836735,0.5,0.30985915492957744,False,22,49,,,,,
503,53,34,0.14018082874992419,49,11,0.0,0.0,0.0,False,21,49,,,,,
503,53,34,0.14018082874992419,49,12,0.0,0.0,0.0,False,18,49,,,,,
503,53,34,0.14018082874992419,49,13,0.0,0.0,0.0,False,18,49,,,,,
503,53,31,0.13357365399804397,31,0,0.0,0.0,0.0,False,42,31,,,,,
503,53,31,0.13357365399804397,31,1,0.0,0.0,0.0,False,38,31,,,,,
503,53,31,0.13357365399804397,31,2,0.0,0.0,0.0,False,38,31,,,,,
503,53,31,0.13357365399804397,31,3,0.0,0.0,0.0,False,36,31,,,,,
503,53,31,0.13357365399804397,31,4,1.0,0.9393939393939394,0.96875,True,33,31,0.7907120860169745,0.8975348344067897,0.12258666139397839,"[-0.3717446258747623, -0.17391231355686365]",0.4104138882560724
503,53,31,0.13357365399804397,31,5,0.0,0.0,0.0,False,31,31,,,,,
503,53,31,0.13357365399804397,31,6,0.0,0.0,0.0,False,28,31,,,,,
503,53,31,0.13357365399804397,31,7,0.0,0.0,0.0,False,26,31,,,,,
503,53,31,0.13357365399804397,31,8,0.0,0.0,0.0,False,26,31,,,,,
503,53,31,0.13357365399804397,31,9,0.0,0.0,0.0,False,23,31,,,,,
503,53,31,0.13357365399804397,31,10,0.0,0.0,0.0,False,22,31,,,,,
503,53,31,0.13357365399804397,31,11,0.0,0.0,0.0,False,21,31,,,,,
503,53,31,0.13357365399804397,31,12,0.0,0.0,0.0,False,18,31,,,,,
503,53,31,0.13357365399804397,31,13,0.0,0.0,0.0,False,18,31,,,,,
503,54,29,0.24099060413779988,33,0,0.0,0.0,0.0,False,42,33,,,,,
503,54,29,0.24099060413779988,33,1,0.0,0.0,0.0,False,40,33,,,,,
503,54,29,0.24099060413779988,33,2,0.0,0.0,0.0,False,39,33,,,,,
503,54,29,0.24099060413779988,33,3,0.0,0.0,0.0,False,35,33,,,,,
503,54,29,0.24099060413779988,33,4,0.06060606060606061,0.0625,0.06153846153846154,False,32,33,,,,,
503,54,29,0.24099060413779988,33,5,0.9393939393939394,1.0,0.96875,True,31,33,0.8019445168428848,0.9020278067371539,0.11600746545245438,"[-0.39019085799620523, 0.11068650710525052]",0.4055864994288832
503,54,29,0.24099060413779988,33,6,0.0,0.0,0.0,False,28,33,,,,,
503,54,29,0.24099060413779988,33,7,0.0,0.0,0.0,False,27,33,,,,,
503,54,29,0.24099060413779988,33,8,0.0,0.0,0.0,False,25,33,,,,,
503,54,29,0.24099060413779988,33,9,0.0,0.0,0.0,False,22,33,,,,,
503,54,29,0.24099060413779988,33,10,0.0,0.0,0.0,False,21,33,,,,,
503,54,29,0.24099060413779988,33,11,0.0,0.0,0.0,False,21,33,,,,,
503,54,29,0.24099060413779988,33,12,0.0,0.0,0.0,False,18,33,,,,,
503,54,29,0.24099060413779988,33,13,0.0,0.0,0.0,False,17,33,,,,,
503,54,30,0.1680156543096324,26,0,0.0,0.0,0.0,False,42,26,,,,,
503,54,30,0.1680156543096324,26,1,0.07692307692307693,0.05,0.06060606060606061,False,40,26,,,,,
503,54,30,0.1680156543096324,26,2,0.0,0.0,0.0,False,39,26,,,,,
503,54,30,0.1680156543096324,26,3,0.0,0.0,0.0,False,35,26,,,,,
503,54,30,0.1680156543096324,26,4,0.0,0.0,0.0,False,32,26,,,,,
503,54,30,0.1680156543096324,26,5,0.0,0.0,0.0,False,31,26,,,,,
503,54,30,0.1680156543096324,26,6,0.0,0.0,0.0,False,28,26,,,,,
503,54,30,0.1680156543096324,26,7,0.0,0.0,0.0,False,27,26,,,,,
503,54,30,0.1680156543096324,26,8,0.9230769230769231,0.96,0.9411764705882353,True,25,26,0.8250115296251733,0.8947104942030105,0.10249637428862197,"[0.00864928837690826, 0.03551343410929064]",0.036551527897775334
503,54,30,0.1680156543096324,26,9,0.0,0.0,0.0,False,22,26,,,,,
503,54,30,0.1680156543096324,26,10,0.0,0.0,0.0,False,21,26,,,,,
503,54,30,0.1680156543096324,26,11,0.0,0.0,0.0,False,21,26,,,,,
503,54,30,0.1680156543096324,26,12,0.0,0.0,0.0,False,18,26,,,,,
503,54,30,0.1680156543096324,26,13,0.0,0.0,0.0,False,17,26,,,,,
503,54,26,0.16055578029699358,36,0,0.0,0.0,0.0,False,42,36,,,,,
503,54,26,0.16055578029699358,36,1,0.0,0.0,0.0,False,40,36,,,,,
503,54,26,0.16055578029699358,36,2,0.0,0.0,0.0,False,39,36,,,,,
503,54,26,0.16055578029699358,36,3,0.9722222222222222,1.0,0.9859154929577465,True,35,36,0.903009822146121,0.9527532246330963,0.05681026612974667,"[0.0534996892716606, 0.27394851509261287]",0.2791236386865358
503,54,26,0.16055578029699358,36,4,0.0,0.0,0.0,False,32,36,,,,,
503,54,26,0.16055578029699358,36,5,0.0,0.0,0.0,False,31,36,,,,,
503,54,26,0.16055578029699358,36,6,0.0,0.0,0.0,False,28,36,,,,,
503,54,26,0.16055578029699358,36,7,0.0,0.0,0.0,False,27,36,,,,,
503,54,26,0.16055578029699358,36,8,0.027777777777777776,0.04,0.03278688524590164,False,25,36,,,,,
503,54,26,0.16055578029699358,36,9,0.0,0.0,0.0,False,22,36,,,,,
503,54,26,0.16055578029699358,36,10,0.0,0.0,0.0,False,21,36,,,,,
503,54,26,0.16055578029699358,36,11,0.0,0.0,0.0,False,21,36,,,,,
503,54,26,0.16055578029699358,36,12,0.0,0.0,0.0,False,18,36,,,,,
503,54,26,0.16055578029699358,36,13,0.0,0.0,0.0,False,17,36,,,,,
503,54,33,0.15668347850760594,26,0,0.0,0.0,0.0,False,42,26,,,,,
503,54,33,0.15668347850760594,26,1,0.0,0.0,0.0,False,40,26,,,,,
503,54,33,0.15668347850760594,26,2,0.0,0.0,0.0,False,39,26,,,,,
503,54,33,0.15668347850760594,26,3,0.0,0.0,0.0,False,35,26,,,,,
503,54,33,0.15668347850760594,26,4,0.0,0.0,0.0,False,32,26,,,,,
503,54,33,0.15668347850760594,26,5,0.0,0.0,0.0,False,31,26,,,,,
503,54,33,0.15668347850760594,26,6,0.0,0.0,0.0,False,28,26,,,,,
503,54,33,0.15668347850760594,26,7,1.0,0.9629629629629629,0.9811320754716981,True,27,26,0.7631643194446752,0.8939449730608889,0.13872227414241786,"[0.10117794470013841, 0.03942983739522177]",0.10858954171907116
503,54,33,0.15668347850760594,26,8,0.0,0.0,0.0,False,25,26,,,,,
503,54,33,0.15668347850760594,26,9,0.0,0.0,0.0,False,22,26,,,,,
503,54,33,0.15668347850760594,26,10,0.0,0.0,0.0,False,21,26,,,,,
503,54,33,0.15668347850760594,26,11,0.0,0.0,0.0,False,21,26,,,,,
503,54,33,0.15668347850760594,26,12,0.0,0.0,0.0,False,18,26,,,,,
503,54,33,0.15668347850760594,26,13,0.0,0.0,0.0,False,17,26,,,,,
503,54,34,0.14018082874992419,38,0,0.0,0.0,0.0,False,42,38,,,,,
503,54,34,0.14018082874992419,38,1,1.0,0.95,0.9743589743589743,True,40,38,0.8419169391165346,0.9213821602619985,0.09259433231398534,"[0.035787774592164645, -0.1003311337184094]",0.10652277316837434
503,54,34,0.14018082874992419,38,2,0.0,0.0,0.0,False,39,38,,,,,
503,54,34,0.14018082874992419,38,3,0.0,0.0,0.0,False,35,38,,,,,
503,54,34,0.14018082874992419,38,4,0.0,0.0,0.0,False,32,38,,,,,
503,54,34,0.14018082874992419,38,5,0.0,0.0,0.0,False,31,38,,,,,
503,54,34,0.14018082874992419,38,6,0.0,0.0,0.0,False,28,38,,,,,
503,54,34,0.14018082874992419,38,7,0.0,0.0,0.0,False,27,38,,,,,
503,54,34,0.14018082874992419,38,8,0.0,0.0,0.0,False,25,38,,,,,
503,54,34,0.14018082874992419,38,9,0.0,0.0,0.0,False,22,38,,,,,
503,54,34,0.14018082874992419,38,10,0.0,0.0,0.0,False,21,38,,,,,
503,54,34,0.14018082874992419,38,11,0.0,0.0,0.0,False,21,38,,,,,
503,54,34,0.14018082874992419,38,12,0.0,0.0,0.0,False,18,38,,,,,
503,54,34,0.14018082874992419,38,13,0.0,0.0,0.0,False,17,38,,,,,
503,54,31,0.13357365399804397,33,0,0.0,0.0,0.0,False,42,33,,,,,
503,54,31,0.13357365399804397,33,1,0.0,0.0,0.0,False,40,33,,,,,
503,54,31,0.13357365399804397,33,2,0.0,0.0,0.0,False,39,33,,,,,
503,54,31,0.13357365399804397,33,3,0.0,0.0,0.0,False,35,33,,,,,
503,54,31,0.13357365399804397,33,4,0.06060606060606061,0.0625,0.06153846153846154,False,32,33,,,,,
503,54,31,0.13357365399804397,33,5,0.9393939393939394,1.0,0.96875,True,31,33,0.8019445168428848,0.9020278067371539,0.11600746545245438,"[-0.39019085799620523, 0.11068650710525052]",0.4055864994288832
503,54,31,0.13357365399804397,33,6,0.0,0.0,0.0,False,28,33,,,,,
503,54,31,0.13357365399804397,33,7,0.0,0.0,0.0,False,27,33,,,,,
503,54,31,0.13357365399804397,33,8,0.0,0.0,0.0,False,25,33,,,,,
503,54,31,0.13357365399804397,33,9,0.0,0.0,0.0,False,22,33,,,,,
503,54,31,0.13357365399804397,33,10,0.0,0.0,0.0,False,21,33,,,,,
503,54,31,0.13357365399804397,33,11,0.0,0.0,0.0,False,21,33,,,,,
503,54,31,0.13357365399804397,33,12,0.0,0.0,0.0,False,18,33,,,,,
503,54,31,0.13357365399804397,33,13,0.0,0.0,0.0,False,17,33,,,,,
503,55,29,0.24099060413779988,31,0,0.0,0.0,0.0,False,55,31,,,,,
503,55,29,0.24099060413779988,31,1,0.0,0.0,0.0,False,44,31,,,,,
503,55,29,0.24099060413779988,31,2,0.0,0.0,0.0,False,42,31,,,,,
503,55,29,0.24099060413779988,31,3,0.0,0.0,0.0,False,39,31,,,,,
503,55,29,0.24099060413779988,31,4,0.0,0.0,0.0,False,35,31,,,,,
503,55,29,0.24099060413779988,31,5,1.0,0.9393939393939394,0.96875,True,33,31,0.7997062277588322,0.9011324911035328,0.11731850334674411,"[-0.36435459654924873, -0.1615955980143422]",0.39858174735451535
503,55,29,0.24099060413779988,31,6,0.0,0.0,0.0,False,30,31,,,,,
503,55,29,0.24099060413779988,31,7,0.0,0.0,0.0,False,28,31,,,,,
503,55,29,0.24099060413779988,31,8,0.0,0.0,0.0,False,25,31,,,,,
503,55,29,0.24099060413779988,31,9,0.0,0.0,0.0,False,22,31,,,,,
503,55,29,0.24099060413779988,31,10,0.0,0.0,0.0,False,21,31,,,,,
503,55,29,0.24099060413779988,31,11,0.0,0.0,0.0,False,18,31,,,,,
503,55,30,0.1680156543096324,25,0,0.0,0.0,0.0,False,55,25,,,,,
503,55,30,0.1680156543096324,25,1,0.0,0.0,0.0,False,44,25,,,,,
503,55,30,0.1680156543096324,25,2,0.0,0.0,0.0,False,42,25,,,,,
503,55,30,0.1680156543096324,25,3,0.0,0.0,0.0,False,39,25,,,,,
503,55,30,0.1680156543096324,25,4,0.0,0.0,0.0,False,35,25,,,,,
503,55,30,0.1680156543096324,25,5,0.0,0.0,0.0,False,33,25,,,,,
503,55,30,0.1680156543096324,25,6,0.0,0.0,0.0,False,30,25,,,,,
503,55,30,0.1680156543096324,25,7,0.0,0.0,0.0,False,28,25,,,,,
503,55,30,0.1680156543096324,25,8,1.0,1.0,1.0,True,25,25,0.8208595402026191,0.9283438160810477,0.1049283280109727,"[-0.1791999999999998, -0.03359999999999985]",0.1823227906763165
503,55,30,0.1680156543096324,25,9,0.0,0.0,0.0,False,22,25,,,,,
503,55,30,0.1680156543096324,25,10,0.0,0.0,0.0,False,21,25,,,,,
503,55,30,0.1680156543096324,25,11,0.0,0.0,0.0,False,18,25,,,,,
503,55,26,0.16055578029699358,35,0,0.0,0.0,0.0,False,55,35,,,,,
503,55,26,0.16055578029699358,35,1,0.0,0.0,0.0,False,44,35,,,,,
503,55,26,0.16055578029699358,35,2,0.0,0.0,0.0,False,42,35,,,,,
503,55,26,0.16055578029699358,35,3,0.0,0.0,0.0,False,39,35,,,,,
503,55,26,0.16055578029699358,35,4,1.0,1.0,1.0,True,35,35,0.9416687263015545,0.9766674905206219,0.034166502792563454,"[-0.008000000000000895, 0.2400000000000002]",0.2401332963168584
503,55,26,0.16055578029699358,35,5,0.0,0.0,0.0,False,33,35,,,,,
503,55,26,0.16055578029699358,35,6,0.0,0.0,0.0,False,30,35,,,,,
503,55,26,0.16055578029699358,35,7,0.0,0.0,0.0,False,28,35,,,,,
503,55,26,0.16055578029699358,35,8,0.0,0.0,0.0,False,25,35,,,,,
503,55,26,0.16055578029699358,35,9,0.0,0.0,0.0,False,22,35,,,,,
503,55,26,0.16055578029699358,35,10,0.0,0.0,0.0,False,21,35,,,,,
503,55,26,0.16055578029699358,35,11,0.0,0.0,0.0,False,18,35,,,,,
503,55,33,0.15668347850760594,27,0,0.0,0.0,0.0,False,55,27,,,,,
503,55,33,0.15668347850760594,27,1,0.9629629629629629,0.5909090909090909,0.7323943661971831,True,44,27,0.6531945822060321,0.7007144526007227,0.20313508559387944,"[0.10574220472748408, 0.07620674974878483]",0.13034140772564592
503,55,33,0.15668347850760594,27,2,0.0,0.0,0.0,False,42,27,,,,,
503,55,33,0.15668347850760594,27,3,0.0,0.0,0.0,False,39,27,,,,,
503,55,33,0.15668347850760594,27,4,0.0,0.0,0.0,False,35,27,,,,,
503,55,33,0.15668347850760594,27,5,0.0,0.0,0.0,False,33,27,,,,,
503,55,33,0.15668347850760594,27,6,0.0,0.0,0.0,False,30,27,,,,,
503,55,33,0.15668347850760594,27,7,0.0,0.0,0.0,False,28,27,,,,,
503,55,33,0.15668347850760594,27,8,0.0,0.0,0.0,False,25,27,,,,,
503,55,33,0.15668347850760594,27,9,0.0,0.0,0.0,False,22,27,,,,,
503,55,33,0.15668347850760594,27,10,0.0,0.0,0.0,False,21,27,,,,,
503,55,33,0.15668347850760594,27,11,0.037037037037037035,0.05555555555555555,0.044444444444444446,False,18,27,,,,,
503,55,34,0.14018082874992419,40,0,1.0,0.7272727272727273,0.8421052631578947,True,55,40,0.7916748495468933,0.8219330977134941,0.12202273983444581,"[0.04166192653094747, -0.2218506071362043]",0.22572861583984546
503,55,34,0.14018082874992419,40,1,0.0,0.0,0.0,False,44,40,,,,,
503,55,34,0.14018082874992419,40,2,0.0,0.0,0.0,False,42,40,,,,,
503,55,34,0.14018082874992419,40,3,0.0,0.0,0.0,False,39,40,,,,,
503,55,34,0.14018082874992419,40,4,0.0,0.0,0.0,False,35,40,,,,,
503,55,34,0.14018082874992419,40,5,0.0,0.0,0.0,False,33,40,,,,,
503,55,34,0.14018082874992419,40,6,0.0,0.0,0.0,False,30,40,,,,,
503,55,34,0.14018082874992419,40,7,0.0,0.0,0.0,False,28,40,,,,,
503,55,34,0.14018082874992419,40,8,0.0,0.0,0.0,False,25,40,,,,,
503,55,34,0.14018082874992419,40,9,0.0,0.0,0.0,False,22,40,,,,,
503,55,34,0.14018082874992419,40,10,0.0,0.0,0.0,False,21,40,,,,,
503,55,34,0.14018082874992419,40,11,0.0,0.0,0.0,False,18,40,,,,,
503,55,31,0.13357365399804397,31,0,0.0,0.0,0.0,False,55,31,,,,,
503,55,31,0.13357365399804397,31,1,0.0,0.0,0.0,False,44,31,,,,,
503,55,31,0.13357365399804397,31,2,0.0,0.0,0.0,False,42,31,,,,,
503,55,31,0.13357365399804397,31,3,0.0,0.0,0.0,False,39,31,,,,,
503,55,31,0.13357365399804397,31,4,0.0,0.0,0.0,False,35,31,,,,,
503,55,31,0.13357365399804397,31,5,1.0,0.9393939393939394,0.96875,True,33,31,0.7997062277588322,0.9011324911035328,0.11731850334674411,"[-0.36435459654924873, -0.1615955980143422]",0.39858174735451535
503,55,31,0.13357365399804397,31,6,0.0,0.0,0.0,False,30,31,,,,,
503,55,31,0.13357365399804397,31,7,0.0,0.0,0.0,False,28,31,,,,,
503,55,31,0.13357365399804397,31,8,0.0,0.0,0.0,False,25,31,,,,,
503,55,31,0.13357365399804397,31,9,0.0,0.0,0.0,False,22,31,,,,,
503,55,31,0.13357365399804397,31,10,0.0,0.0,0.0,False,21,31,,,,,
503,55,31,0.13357365399804397,31,11,0.0,0.0,0.0,False,18,31,,,,,
503,56,29,0.24099060413779988,33,0,0.0,0.0,0.0,False,55,33,,,,,
503,56,29,0.24099060413779988,33,1,0.0,0.0,0.0,False,44,33,,,,,
503,56,29,0.24099060413779988,33,2,0.0,0.0,0.0,False,42,33,,,,,
503,56,29,0.24099060413779988,33,3,0.0,0.0,0.0,False,37,33,,,,,
503,56,29,0.24099060413779988,33,4,0.0,0.0,0.0,False,35,33,,,,,
503,56,29,0.24099060413779988,33,5,0.06060606060606061,0.058823529411764705,0.05970149253731343,False,34,33,,,,,
503,56,29,0.24099060413779988,33,6,0.9393939393939394,1.0,0.96875,True,31,33,0.7917944266197232,0.8979677706478892,0.12195269969759076,"[-0.3975808873217188, 0.1344988238207936]",0.41971477883522534
503,56,29,0.24099060413779988,33,7,0.0,0.0,0.0,False,28,33,,,,,
503,56,29,0.24099060413779988,33,8,0.0,0.0,0.0,False,25,33,,,,,
503,56,29,0.24099060413779988,33,9,0.0,0.0,0.0,False,22,33,,,,,
503,56,29,0.24099060413779988,33,10,0.0,0.0,0.0,False,21,33,,,,,
503,56,29,0.24099060413779988,33,11,0.0,0.0,0.0,False,18,33,,,,,
503,56,30,0.1680156543096324,25,0,0.0,0.0,0.0,False,55,25,,,,,
503,56,30,0.1680156543096324,25,1,0.0,0.0,0.0,False,44,25,,,,,
503,56,30,0.1680156543096324,25,2,0.0,0.0,0.0,False,42,25,,,,,
503,56,30,0.1680156543096324,25,3,0.0,0.0,0.0,False,37,25,,,,,
503,56,30,0.1680156543096324,25,4,0.0,0.0,0.0,False,35,25,,,,,
503,56,30,0.1680156543096324,25,5,0.0,0.0,0.0,False,34,25,,,,,
503,56,30,0.1680156543096324,25,6,0.0,0.0,0.0,False,31,25,,,,,
503,56,30,0.1680156543096324,25,7,0.0,0.0,0.0,False,28,25,,,,,
503,56,30,0.1680156543096324,25,8,1.0,1.0,1.0,True,25,25,0.8493931616090782,0.9397572646436313,0.08821526838354828,"[-0.2240000000000002, -0.011200000000000543]",0.22427982521840903
503,56,30,0.1680156543096324,25,9,0.0,0.0,0.0,False,22,25,,,,,
503,56,30,0.1680156543096324,25,10,0.0,0.0,0.0,False,21,25,,,,,
503,56,30,0.1680156543096324,25,11,0.0,0.0,0.0,False,18,25,,,,,
503,56,26,0.16055578029699358,35,0,0.0,0.0,0.0,False,55,35,,,,,
503,56,26,0.16055578029699358,35,1,0.0,0.0,0.0,False,44,35,,,,,
503,56,26,0.16055578029699358,35,2,0.0,0.0,0.0,False,42,35,,,,,
503,56,26,0.16055578029699358,35,3,0.0,0.0,0.0,False,37,35,,,,,
503,56,26,0.16055578029699358,35,4,1.0,1.0,1.0,True,35,35,0.9384360266372188,0.9753744106548875,0.036059998941473846,"[0.0, 0.2159999999999993]",0.2159999999999993
503,56,26,0.16055578029699358,35,5,0.0,0.0,0.0,False,34,35,,,,,
503,56,26,0.16055578029699358,35,6,0.0,0.0,0.0,False,31,35,,,,,
503,56,26,0.16055578029699358,35,7,0.0,0.0,0.0,False,28,35,,,,,
503,56,26,0.16055578029699358,35,8,0.0,0.0,0.0,False,25,35,,,,,
503,56,26,0.16055578029699358,35,9,0.0,0.0,0.0,False,22,35,,,,,
503,56,26,0.16055578029699358,35,10,0.0,0.0,0.0,False,21,35,,,,,
503,56,26,0.16055578029699358,35,11,0.0,0.0,0.0,False,18,35,,,,,
503,56,33,0.15668347850760594,44,0,0.0,0.0,0.0,False,55,44,,,,,
503,56,33,0.15668347850760594,44,1,1.0,1.0,1.0,True,44,44,0.846311077114393,0.9385244308457572,0.09002054438418843,"[0.1399999999999988, -0.01272727272727181]",0.1405773220369275
503,56,33,0.15668347850760594,44,2,0.0,0.0,0.0,False,42,44,,,,,
503,56,33,0.15668347850760594,44,3,0.0,0.0,0.0,False,37,44,,,,,
503,56,33,0.15668347850760594,44,4,0.0,0.0,0.0,False,35,44,,,,,
503,56,33,0.15668347850760594,44,5,0.0,0.0,0.0,False,34,44,,,,,
503,56,33,0.15668347850760594,44,6,0.0,0.0,0.0,False,31,44,,,,,
503,56,33,0.15668347850760594,44,7,0.0,0.0,0.0,False,28,44,,,,,
503,56,33,0.15668347850760594,44,8,0.0,0.0,0.0,False,25,44,,,,,
503,56,33,0.15668347850760594,44,9,0.0,0.0,0.0,False,22,44,,,,,
503,56,33,0.15668347850760594,44,10,0.0,0.0,0.0,False,21,44,,,,,
503,56,33,0.15668347850760594,44,11,0.0,0.0,0.0,False,18,44,,,,,
503,56,34,0.14018082874992419,55,0,1.0,1.0,1.0,True,55,55,0.8432904243962193,0.9373161697584877,0.09178983781783413,"[-0.06618181818181856, 0.03054545454545554]",0.07289072541304402
503,56,34,0.14018082874992419,55,1,0.0,0.0,0.0,False,44,55,,,,,
503,56,34,0.14018082874992419,55,2,0.0,0.0,0.0,False,42,55,,,,,
503,56,34,0.14018082874992419,55,3,0.0,0.0,0.0,False,37,55,,,,,
503,56,34,0.14018082874992419,55,4,0.0,0.0,0.0,False,35,55,,,,,
503,56,34,0.14018082874992419,55,5,0.0,0.0,0.0,False,34,55,,,,,
503,56,34,0.14018082874992419,55,6,0.0,0.0,0.0,False,31,55,,,,,
503,56,34,0.14018082874992419,55,7,0.0,0.0,0.0,False,28,55,,,,,
503,56,34,0.14018082874992419,55,8,0.0,0.0,0.0,False,25,55,,,,,
503,56,34,0.14018082874992419,55,9,0.0,0.0,0.0,False,22,55,,,,,
503,56,34,0.14018082874992419,55,10,0.0,0.0,0.0,False,21,55,,,,,
503,56,34,0.14018082874992419,55,11,0.0,0.0,0.0,False,18,55,,,,,
503,56,31,0.13357365399804397,33,0,0.0,0.0,0.0,False,55,33,,,,,
503,56,31,0.13357365399804397,33,1,0.0,0.0,0.0,False,44,33,,,,,
503,56,31,0.13357365399804397,33,2,0.0,0.0,0.0,False,42,33,,,,,
503,56,31,0.13357365399804397,33,3,0.0,0.0,0.0,False,37,33,,,,,
503,56,31,0.13357365399804397,33,4,0.0,0.0,0.0,False,35,33,,,,,
503,56,31,0.13357365399804397,33,5,0.06060606060606061,0.058823529411764705,0.05970149253731343,False,34,33,,,,,
503,56,31,0.13357365399804397,33,6,0.9393939393939394,1.0,0.96875,True,31,33,0.7917944266197232,0.8979677706478892,0.12195269969759076,"[-0.3975808873217188, 0.1344988238207936]",0.41971477883522534
503,56,31,0.13357365399804397,33,7,0.0,0.0,0.0,False,28,33,,,,,
503,56,31,0.13357365399804397,33,8,0.0,0.0,0.0,False,25,33,,,,,
503,56,31,0.13357365399804397,33,9,0.0,0.0,0.0,False,22,33,,,,,
503,56,31,0.13357365399804397,33,10,0.0,0.0,0.0,False,21,33,,,,,
503,56,31,0.13357365399804397,33,11,0.0,0.0,0.0,False,18,33,,,,,
503,57,29,0.24099060413779988,31,0,0.0,0.0,0.0,False,44,31,,,,,
503,57,29,0.24099060413779988,31,1,0.0,0.0,0.0,False,42,31,,,,,
503,57,29,0.24099060413779988,31,2,0.0,0.0,0.0,False,41,31,,,,,
503,57,29,0.24099060413779988,31,3,0.0,0.0,0.0,False,38,31,,,,,
503,57,29,0.24099060413779988,31,4,0.0,0.0,0.0,False,35,31,,,,,
503,57,29,0.24099060413779988,31,5,0.0,0.0,0.0,False,33,31,,,,,
503,57,29,0.24099060413779988,31,6,1.0,1.0,1.0,True,31,31,0.8478090251522443,0.9391236100608977,0.08914314804816906,"[-0.1896774193548394, 0.0]",0.1896774193548394
503,57,29,0.24099060413779988,31,7,0.0,0.0,0.0,False,28,31,,,,,
503,57,29,0.24099060413779988,31,8,0.0,0.0,0.0,False,25,31,,,,,
503,57,29,0.24099060413779988,31,9,0.0,0.0,0.0,False,23,31,,,,,
503,57,29,0.24099060413779988,31,10,0.0,0.0,0.0,False,21,31,,,,,
503,57,29,0.24099060413779988,31,11,0.0,0.0,0.0,False,19,31,,,,,
503,57,29,0.24099060413779988,31,12,0.0,0.0,0.0,False,18,31,,,,,
503,57,30,0.1680156543096324,25,0,0.0,0.0,0.0,False,44,25,,,,,
503,57,30,0.1680156543096324,25,1,0.0,0.0,0.0,False,42,25,,,,,
503,57,30,0.1680156543096324,25,2,0.0,0.0,0.0,False,41,25,,,,,
503,57,30,0.1680156543096324,25,3,0.0,0.0,0.0,False,38,25,,,,,
503,57,30,0.1680156543096324,25,4,0.0,0.0,0.0,False,35,25,,,,,
503,57,30,0.1680156543096324,25,5,0.0,0.0,0.0,False,33,25,,,,,
503,57,30,0.1680156543096324,25,6,0.0,0.0,0.0,False,31,25,,,,,
503,57,30,0.1680156543096324,25,7,0.0,0.0,0.0,False,28,25,,,,,
503,57,30,0.1680156543096324,25,8,1.0,1.0,1.0,True,25,25,0.8525506969918661,0.9410202787967464,0.08636579837143508,"[-0.2015999999999991, 0.011200000000000543]",0.20191087142598255
503,57,30,0.1680156543096324,25,9,0.0,0.0,0.0,False,23,25,,,,,
503,57,30,0.1680156543096324,25,10,0.0,0.0,0.0,False,21,25,,,,,
503,57,30,0.1680156543096324,25,11,0.0,0.0,0.0,False,19,25,,,,,
503,57,30,0.1680156543096324,25,12,0.0,0.0,0.0,False,18,25,,,,,
503,57,26,0.16055578029699358,35,0,0.0,0.0,0.0,False,44,35,,,,,
503,57,26,0.16055578029699358,35,1,0.0,0.0,0.0,False,42,35,,,,,
503,57,26,0.16055578029699358,35,2,0.0,0.0,0.0,False,41,35,,,,,
503,57,26,0.16055578029699358,35,3,0.0,0.0,0.0,False,38,35,,,,,
503,57,26,0.16055578029699358,35,4,1.0,1.0,1.0,True,35,35,0.9249335334315666,0.9699734133726267,0.04396884341832223,"[-0.016000000000000014, 0.24799999999999933]",0.2485155930721444
503,57,26,0.16055578029699358,35,5,0.0,0.0,0.0,False,33,35,,,,,
503,57,26,0.16055578029699358,35,6,0.0,0.0,0.0,False,31,35,,,,,
503,57,26,0.16055578029699358,35,7,0.0,0.0,0.0,False,28,35,,,,,
503,57,26,0.16055578029699358,35,8,0.0,0.0,0.0,False,25,35,,,,,
503,57,26,0.16055578029699358,35,9,0.0,0.0,0.0,False,23,35,,,,,
503,57,26,0.16055578029699358,35,10,0.0,0.0,0.0,False,21,35,,,,,
503,57,26,0.16055578029699358,35,11,0.0,0.0,0.0,False,19,35,,,,,
503,57,26,0.16055578029699358,35,12,0.0,0.0,0.0,False,18,35,,,,,
503,57,33,0.15668347850760594,44,0,1.0,1.0,1.0,True,44,44,0.8424763682388028,0.9369905472955211,0.09226665668723617,"[0.17181818181818187, -0.006363636363634129]",0.17193598655044373
503,57,33,0.15668347850760594,44,1,0.0,0.0,0.0,False,42,44,,,,,
503,57,33,0.15668347850760594,44,2,0.0,0.0,0.0,False,41,44,,,,,
503,57,33,0.15668347850760594,44,3,0.0,0.0,0.0,False,38,44,,,,,
503,57,33,0.15668347850760594,44,4,0.0,0.0,0.0,False,35,44,,,,,
503,57,33,0.15668347850760594,44,5,0.0,0.0,0.0,False,33,44,,,,,
503,57,33,0.15668347850760594,44,6,0.0,0.0,0.0,False,31,44,,,,,
503,57,33,0.15668347850760594,44,7,0.0,0.0,0.0,False,28,44,,,,,
503,57,33,0.15668347850760594,44,8,0.0,0.0,0.0,False,25,44,,,,,
503,57,33,0.15668347850760594,44,9,0.0,0.0,0.0,False,23,44,,,,,
503,57,33,0.15668347850760594,44,10,0.0,0.0,0.0,False,21,44,,,,,
503,57,33,0.15668347850760594,44,11,0.0,0.0,0.0,False,19,44,,,,,
503,57,33,0.15668347850760594,44,12,0.0,0.0,0.0,False,18,44,,,,,
503,57,34,0.14018082874992419,55,0,0.0,0.0,0.0,False,44,55,,,,,
503,57,34,0.14018082874992419,55,1,0.0,0.0,0.0,False,42,55,,,,,
503,57,34,0.14018082874992419,55,2,0.7454545454545455,1.0,0.8541666666666666,True,41,55,0.76448054023612,0.8182922160944479,0.13795132129851095,"[-0.24237985553911479, 0.14779997091190467]",0.2838887559814971
503,57,34,0.14018082874992419,55,3,0.0,0.0,0.0,False,38,55,,,,,
503,57,34,0.14018082874992419,55,4,0.0,0.0,0.0,False,35,55,,,,,
503,57,34,0.14018082874992419,55,5,0.0,0.0,0.0,False,33,55,,,,,
503,57,34,0.14018082874992419,55,6,0.0,0.0,0.0,False,31,55,,,,,
503,57,34,0.14018082874992419,55,7,0.0,0.0,0.0,False,28,55,,,,,
503,57,34,0.14018082874992419,55,8,0.0,0.0,0.0,False,25,55,,,,,
503,57,34,0.14018082874992419,55,9,0.01818181818181818,0.043478260869565216,0.02564102564102564,False,23,55,,,,,
503,57,34,0.14018082874992419,55,10,0.0,0.0,0.0,False,21,55,,,,,
503,57,34,0.14018082874992419,55,11,0.23636363636363636,0.6842105263157895,0.35135135135135137,False,19,55,,,,,
503,57,34,0.14018082874992419,55,12,0.0,0.0,0.0,False,18,55,,,,,
503,57,31,0.13357365399804397,31,0,0.0,0.0,0.0,False,44,31,,,,,
503,57,31,0.13357365399804397,31,1,0.0,0.0,0.0,False,42,31,,,,,
503,57,31,0.13357365399804397,31,2,0.0,0.0,0.0,False,41,31,,,,,
503,57,31,0.13357365399804397,31,3,0.0,0.0,0.0,False,38,31,,,,,
503,57,31,0.13357365399804397,31,4,0.0,0.0,0.0,False,35,31,,,,,
503,57,31,0.13357365399804397,31,5,0.0,0.0,0.0,False,33,31,,,,,
503,57,31,0.13357365399804397,31,6,1.0,1.0,1.0,True,31,31,0.8478090251522443,0.9391236100608977,0.08914314804816906,"[-0.1896774193548394, 0.0]",0.1896774193548394
503,57,31,0.13357365399804397,31,7,0.0,0.0,0.0,False,28,31,,,,,
503,57,31,0.13357365399804397,31,8,0.0,0.0,0.0,False,25,31,,,,,
503,57,31,0.13357365399804397,31,9,0.0,0.0,0.0,False,23,31,,,,,
503,57,31,0.13357365399804397,31,10,0.0,0.0,0.0,False,21,31,,,,,
503,57,31,0.13357365399804397,31,11,0.0,0.0,0.0,False,19,31,,,,,
503,57,31,0.13357365399804397,31,12,0.0,0.0,0.0,False,18,31,,,,,
503,58,29,0.24099060413779988,31,0,0.0,0.0,0.0,False,45,31,,,,,
503,58,29,0.24099060413779988,31,1,0.0,0.0,0.0,False,42,31,,,,,
503,58,29,0.24099060413779988,31,2,0.0,0.0,0.0,False,40,31,,,,,
503,58,29,0.24099060413779988,31,3,0.0,0.0,0.0,False,37,31,,,,,
503,58,29,0.24099060413779988,31,4,0.0,0.0,0.0,False,36,31,,,,,
503,58,29,0.24099060413779988,31,5,0.967741935483871,0.9375,0.9523809523809523,True,32,31,0.8133063532592162,0.8967511127322578,0.10935247249526167,"[-0.42795056089029604, -0.1981944460316365]",0.471617133917022
503,58,29,0.24099060413779988,31,6,0.0,0.0,0.0,False,32,31,,,,,
503,58,29,0.24099060413779988,31,7,0.0,0.0,0.0,False,28,31,,,,,
503,58,29,0.24099060413779988,31,8,0.03225806451612903,0.04,0.03571428571428571,False,25,31,,,,,
503,58,29,0.24099060413779988,31,9,0.0,0.0,0.0,False,23,31,,,,,
503,58,29,0.24099060413779988,31,10,0.0,0.0,0.0,False,21,31,,,,,
503,58,29,0.24099060413779988,31,11,0.0,0.0,0.0,False,19,31,,,,,
503,58,29,0.24099060413779988,31,12,0.0,0.0,0.0,False,18,31,,,,,
503,58,30,0.1680156543096324,25,0,0.0,0.0,0.0,False,45,25,,,,,
503,58,30,0.1680156543096324,25,1,0.0,0.0,0.0,False,42,25,,,,,
503,58,30,0.1680156543096324,25,2,0.0,0.0,0.0,False,40,25,,,,,
503,58,30,0.1680156543096324,25,3,0.0,0.0,0.0,False,37,25,,,,,
503,58,30,0.1680156543096324,25,4,0.04,0.027777777777777776,0.03278688524590164,False,36,25,,,,,
503,58,30,0.1680156543096324,25,5,0.0,0.0,0.0,False,32,25,,,,,
503,58,30,0.1680156543096324,25,6,0.0,0.0,0.0,False,32,25,,,,,
503,58,30,0.1680156543096324,25,7,0.0,0.0,0.0,False,28,25,,,,,
503,58,30,0.1680156543096324,25,8,0.96,0.96,0.96,True,25,25,0.8257638096413839,0.9063055238565535,0.1020557396916899,"[-0.3765335885216583, 0.060403801813855296]",0.38134782359227515
503,58,30,0.1680156543096324,25,9,0.0,0.0,0.0,False,23,25,,,,,
503,58,30,0.1680156543096324,25,10,0.0,0.0,0.0,False,21,25,,,,,
503,58,30,0.1680156543096324,25,11,0.0,0.0,0.0,False,19,25,,,,,
503,58,30,0.1680156543096324,25,12,0.0,0.0,0.0,False,18,25,,,,,
503,58,26,0.16055578029699358,35,0,0.0,0.0,0.0,False,45,35,,,,,
503,58,26,0.16055578029699358,35,1,0.0,0.0,0.0,False,42,35,,,,,
503,58,26,0.16055578029699358,35,2,0.0,0.0,0.0,False,40,35,,,,,
503,58,26,0.16055578029699358,35,3,0.0,0.0,0.0,False,37,35,,,,,
503,58,26,0.16055578029699358,35,4,1.0,0.9722222222222222,0.9859154929577465,True,36,35,0.9167991672237897,0.9582689626641638,0.04873340328702176,"[-0.06838857816054755, 0.1964959293518298]",0.20805683808676081
503,58,26,0.16055578029699358,35,5,0.0,0.0,0.0,False,32,35,,,,,
503,58,26,0.16055578029699358,35,6,0.0,0.0,0.0,False,32,35,,,,,
503,58,26,0.16055578029699358,35,7,0.0,0.0,0.0,False,28,35,,,,,
503,58,26,0.16055578029699358,35,8,0.0,0.0,0.0,False,25,35,,,,,
503,58,26,0.16055578029699358,35,9,0.0,0.0,0.0,False,23,35,,,,,
503,58,26,0.16055578029699358,35,10,0.0,0.0,0.0,False,21,35,,,,,
503,58,26,0.16055578029699358,35,11,0.0,0.0,0.0,False,19,35,,,,,
503,58,26,0.16055578029699358,35,12,0.0,0.0,0.0,False,18,35,,,,,
503,58,33,0.15668347850760594,44,0,1.0,0.9777777777777777,0.9887640449438202,True,45,44,0.7937550586758548,0.910760450436634,0.12080429445330763,"[0.015872420181539226, -0.0870818510771798]",0.08851656629946428
503,58,33,0.15668347850760594,44,1,0.0,0.0,0.0,False,42,44,,,,,
503,58,33,0.15668347850760594,44,2,0.0,0.0,0.0,False,40,44,,,,,
503,58,33,0.15668347850760594,44,3,0.0,0.0,0.0,False,37,44,,,,,
503,58,33,0.15668347850760594,44,4,0.0,0.0,0.0,False,36,44,,,,,
503,58,33,0.15668347850760594,44,5,0.0,0.0,0.0,False,32,44,,,,,
503,58,33,0.15668347850760594,44,6,0.0,0.0,0.0,False,32,44,,,,,
503,58,33,0.15668347850760594,44,7,0.0,0.0,0.0,False,28,44,,,,,
503,58,33,0.15668347850760594,44,8,0.0,0.0,0.0,False,25,44,,,,,
503,58,33,0.15668347850760594,44,9,0.0,0.0,0.0,False,23,44,,,,,
503,58,33,0.15668347850760594,44,10,0.0,0.0,0.0,False,21,44,,,,,
503,58,33,0.15668347850760594,44,11,0.0,0.0,0.0,False,19,44,,,,,
503,58,33,0.15668347850760594,44,12,0.0,0.0,0.0,False,18,44,,,,,
503,58,34,0.14018082874992419,41,0,0.024390243902439025,0.022222222222222223,0.023255813953488372,False,45,41,,,,,
503,58,34,0.14018082874992419,41,1,0.0,0.0,0.0,False,42,41,,,,,
503,58,34,0.14018082874992419,41,2,0.975609756097561,1.0,0.9876543209876543,True,40,41,0.8957784088281053,0.9509039561238347,0.06104593745421401,"[-0.15985424268488124, 0.11382306385586993]",0.19623727670831134
503,58,34,0.14018082874992419,41,3,0.0,0.0,0.0,False,37,41,,,,,
503,58,34,0.14018082874992419,41,4,0.0,0.0,0.0,False,36,41,,,,,
503,58,34,0.14018082874992419,41,5,0.0,0.0,0.0,False,32,41,,,,,
503,58,34,0.14018082874992419,41,6,0.0,0.0,0.0,False,32,41,,,,,
503,58,34,0.14018082874992419,41,7,0.0,0.0,0.0,False,28,41,,,,,
503,58,34,0.14018082874992419,41,8,0.0,0.0,0.0,False,25,41,,,,,
503,58,34,0.14018082874992419,41,9,0.0,0.0,0.0,False,23,41,,,,,
503,58,34,0.14018082874992419,41,10,0.0,0.0,0.0,False,21,41,,,,,
503,58,34,0.14018082874992419,41,11,0.0,0.0,0.0,False,19,41,,,,,
503,58,34,0.14018082874992419,41,12,0.0,0.0,0.0,False,18,41,,,,,
503,58,31,0.13357365399804397,31,0,0.0,0.0,0.0,False,45,31,,,,,
503,58,31,0.13357365399804397,31,1,0.0,0.0,0.0,False,42,31,,,,,
503,58,31,0.13357365399804397,31,2,0.0,0.0,0.0,False,40,31,,,,,
503,58,31,0.13357365399804397,31,3,0.0,0.0,0.0,False,37,31,,,,,
503,58,31,0.13357365399804397,31,4,0.0,0.0,0.0,False,36,31,,,,,
503,58,31,0.13357365399804397,31,5,0.967741935483871,0.9375,0.9523809523809523,True,32,31,0.8133063532592162,0.8967511127322578,0.10935247249526167,"[-0.42795056089029604, -0.1981944460316365]",0.471617133917022
503,58,31,0.13357365399804397,31,6,0.0,0.0,0.0,False,32,31,,,,,
503,58,31,0.13357365399804397,31,7,0.0,0.0,0.0,False,28,31,,,,,
503,58,31,0.13357365399804397,31,8,0.03225806451612903,0.04,0.03571428571428571,False,25,31,,,,,
503,58,31,0.13357365399804397,31,9,0.0,0.0,0.0,False,23,31,,,,,
503,58,31,0.13357365399804397,31,10,0.0,0.0,0.0,False,21,31,,,,,
503,58,31,0.13357365399804397,31,11,0.0,0.0,0.0,False,19,31,,,,,
503,58,31,0.13357365399804397,31,12,0.0,0.0,0.0,False,18,31,,,,,
503,59,29,0.24099060413779988,32,0,0.0,0.0,0.0,False,42,32,,,,,
503,59,29,0.24099060413779988,32,1,0.0,0.0,0.0,False,40,32,,,,,
503,59,29,0.24099060413779988,32,2,0.0,0.0,0.0,False,36,32,,,,,
503,59,29,0.24099060413779988,32,3,0.0,0.0,0.0,False,35,32,,,,,
503,59,29,0.24099060413779988,32,4,1.0,1.0,1.0,True,32,32,0.8271843360430851,0.930873734417234,0.10122369169764917,"[-0.16625000000000023, 0.008749999999999147]",0.1664801039163541
503,59,29,0.24099060413779988,32,5,0.0,0.0,0.0,False,32,32,,,,,
503,59,29,0.24099060413779988,32,6,0.0,0.0,0.0,False,28,32,,,,,
503,59,29,0.24099060413779988,32,7,0.0,0.0,0.0,False,27,32,,,,,
503,59,29,0.24099060413779988,32,8,0.0,0.0,0.0,False,25,32,,,,,
503,59,29,0.24099060413779988,32,9,0.0,0.0,0.0,False,23,32,,,,,
503,59,29,0.24099060413779988,32,10,0.0,0.0,0.0,False,21,32,,,,,
503,59,29,0.24099060413779988,32,11,0.0,0.0,0.0,False,20,32,,,,,
503,59,29,0.24099060413779988,32,12,0.0,0.0,0.0,False,19,32,,,,,
503,59,29,0.24099060413779988,32,13,0.0,0.0,0.0,False,18,32,,,,,
503,59,30,0.1680156543096324,25,0,0.0,0.0,0.0,False,42,25,,,,,
503,59,30,0.1680156543096324,25,1,0.0,0.0,0.0,False,40,25,,,,,
503,59,30,0.1680156543096324,25,2,0.0,0.0,0.0,False,36,25,,,,,
503,59,30,0.1680156543096324,25,3,0.0,0.0,0.0,False,35,25,,,,,
503,59,30,0.1680156543096324,25,4,0.0,0.0,0.0,False,32,25,,,,,
503,59,30,0.1680156543096324,25,5,0.0,0.0,0.0,False,32,25,,,,,
503,59,30,0.1680156543096324,25,6,0.0,0.0,0.0,False,28,25,,,,,
503,59,30,0.1680156543096324,25,7,0.0,0.0,0.0,False,27,25,,,,,
503,59,30,0.1680156543096324,25,8,1.0,1.0,1.0,True,25,25,0.8597885947033559,0.9439154378813424,0.08212632892918814,"[-0.19040000000000035, 0.0]",0.19040000000000035
503,59,30,0.1680156543096324,25,9,0.0,0.0,0.0,False,23,25,,,,,
503,59,30,0.1680156543096324,25,10,0.0,0.0,0.0,False,21,25,,,,,
503,59,30,0.1680156543096324,25,11,0.0,0.0,0.0,False,20,25,,,,,
503,59,30,0.1680156543096324,25,12,0.0,0.0,0.0,False,19,25,,,,,
503,59,30,0.1680156543096324,25,13,0.0,0.0,0.0,False,18,25,,,,,
503,59,26,0.16055578029699358,36,0,0.0,0.0,0.0,False,42,36,,,,,
503,59,26,0.16055578029699358,36,1,0.0,0.0,0.0,False,40,36,,,,,
503,59,26,0.16055578029699358,36,2,1.0,1.0,1.0,True,36,36,0.9104859873589366,0.9641943949435746,0.052431235749888214,"[-0.007777777777778994, 0.25666666666666593]",0.25678448474340876
503,59,26,0.16055578029699358,36,3,0.0,0.0,0.0,False,35,36,,,,,
503,59,26,0.16055578029699358,36,4,0.0,0.0,0.0,False,32,36,,,,,
503,59,26,0.16055578029699358,36,5,0.0,0.0,0.0,False,32,36,,,,,
503,59,26,0.16055578029699358,36,6,0.0,0.0,0.0,False,28,36,,,,,
503,59,26,0.16055578029699358,36,7,0.0,0.0,0.0,False,27,36,,,,,
503,59,26,0.16055578029699358,36,8,0.0,0.0,0.0,False,25,36,,,,,
503,59,26,0.16055578029699358,36,9,0.0,0.0,0.0,False,23,36,,,,,
503,59,26,0.16055578029699358,36,10,0.0,0.0,0.0,False,21,36,,,,,
503,59,26,0.16055578029699358,36,11,0.0,0.0,0.0,False,20,36,,,,,
503,59,26,0.16055578029699358,36,12,0.0,0.0,0.0,False,19,36,,,,,
503,59,26,0.16055578029699358,36,13,0.0,0.0,0.0,False,18,36,,,,,
503,59,33,0.15668347850760594,45,0,0.0,0.0,0.0,False,42,45,,,,,
503,59,33,0.15668347850760594,45,1,0.0,0.0,0.0,False,40,45,,,,,
503,59,33,0.15668347850760594,45,2,0.0,0.0,0.0,False,36,45,,,,,
503,59,33,0.15668347850760594,45,3,0.0,0.0,0.0,False,35,45,,,,,
503,59,33,0.15668347850760594,45,4,0.0,0.0,0.0,False,32,45,,,,,
503,59,33,0.15668347850760594,45,5,0.0,0.0,0.0,False,32,45,,,,,
503,59,33,0.15668347850760594,45,6,0.0,0.0,0.0,False,28,45,,,,,
503,59,33,0.15668347850760594,45,7,0.6,1.0,0.75,True,27,45,0.62076667654772,0.6983066706190879,0.22212915273802317,"[0.30068544262506514, -0.15102447958406628]",0.33648198887944863
503,59,33,0.15668347850760594,45,8,0.0,0.0,0.0,False,25,45,,,,,
503,59,33,0.15668347850760594,45,9,0.0,0.0,0.0,False,23,45,,,,,
503,59,33,0.15668347850760594,45,10,0.0,0.0,0.0,False,21,45,,,,,
503,59,33,0.15668347850760594,45,11,0.4,0.9,0.5538461538461539,True,20,45,0.42636157520473505,0.5028523223895863,0.3359984721748227,"[0.5646019521606824, 0.028497720992977094]",0.5653206917188217
503,59,33,0.15668347850760594,45,12,0.0,0.0,0.0,False,19,45,,,,,
503,59,33,0.15668347850760594,45,13,0.0,0.0,0.0,False,18,45,,,,,
503,59,34,0.14018082874992419,40,0,0.0,0.0,0.0,False,42,40,,,,,
503,59,34,0.14018082874992419,40,1,1.0,1.0,1.0,True,40,40,0.8594435207604131,0.9437774083041652,0.08232844983428177,"[-0.09100000000000108, 0.06299999999999883]",0.1106797181058935
503,59,34,0.14018082874992419,40,2,0.0,0.0,0.0,False,36,40,,,,,
503,59,34,0.14018082874992419,40,3,0.0,0.0,0.0,False,35,40,,,,,
503,59,34,0.14018082874992419,40,4,0.0,0.0,0.0,False,32,40,,,,,
503,59,34,0.14018082874992419,40,5,0.0,0.0,0.0,False,32,40,,,,,
503,59,34,0.14018082874992419,40,6,0.0,0.0,0.0,False,28,40,,,,,
503,59,34,0.14018082874992419,40,7,0.0,0.0,0.0,False,27,40,,,,,
503,59,34,0.14018082874992419,40,8,0.0,0.0,0.0,False,25,40,,,,,
503,59,34,0.14018082874992419,40,9,0.0,0.0,0.0,False,23,40,,,,,
503,59,34,0.14018082874992419,40,10,0.0,0.0,0.0,False,21,40,,,,,
503,59,34,0.14018082874992419,40,11,0.0,0.0,0.0,False,20,40,,,,,
503,59,34,0.14018082874992419,40,12,0.0,0.0,0.0,False,19,40,,,,,
503,59,34,0.14018082874992419,40,13,0.0,0.0,0.0,False,18,40,,,,,
503,59,31,0.13357365399804397,32,0,0.0,0.0,0.0,False,42,32,,,,,
503,59,31,0.13357365399804397,32,1,0.0,0.0,0.0,False,40,32,,,,,
503,59,31,0.13357365399804397,32,2,0.0,0.0,0.0,False,36,32,,,,,
503,59,31,0.13357365399804397,32,3,0.0,0.0,0.0,False,35,32,,,,,
503,59,31,0.13357365399804397,32,4,1.0,1.0,1.0,True,32,32,0.8271843360430851,0.930873734417234,0.10122369169764917,"[-0.16625000000000023, 0.008749999999999147]",0.1664801039163541
503,59,31,0.13357365399804397,32,5,0.0,0.0,0.0,False,32,32,,,,,
503,59,31,0.13357365399804397,32,6,0.0,0.0,0.0,False,28,32,,,,,
503,59,31,0.13357365399804397,32,7,0.0,0.0,0.0,False,27,32,,,,,
503,59,31,0.13357365399804397,32,8,0.0,0.0,0.0,False,25,32,,,,,
503,59,31,0.13357365399804397,32,9,0.0,0.0,0.0,False,23,32,,,,,
503,59,31,0.13357365399804397,32,10,0.0,0.0,0.0,False,21,32,,,,,
503,59,31,0.13357365399804397,32,11,0.0,0.0,0.0,False,20,32,,,,,
503,59,31,0.13357365399804397,32,12,0.0,0.0,0.0,False,19,32,,,,,
503,59,31,0.13357365399804397,32,13,0.0,0.0,0.0,False,18,32,,,,,
503,60,29,0.2534575159247285,32,0,0.0,0.0,0.0,False,42,32,,,,,
503,60,29,0.2534575159247285,32,1,0.0,0.0,0.0,False,40,32,,,,,
503,60,29,0.2534575159247285,32,2,0.0,0.0,0.0,False,36,32,,,,,
503,60,29,0.2534575159247285,32,3,0.0,0.0,0.0,False,35,32,,,,,
503,60,29,0.2534575159247285,32,4,1.0,0.9696969696969697,0.9846153846153847,True,33,32,0.8518219934158362,0.9314980281355654,0.08679262348919416,"[-0.11611689000890424, 0.046460773725995885]",0.12506692464659933
503,60,29,0.2534575159247285,32,5,0.0,0.0,0.0,False,28,32,,,,,
503,60,29,0.2534575159247285,32,6,0.0,0.0,0.0,False,27,32,,,,,
503,60,29,0.2534575159247285,32,7,0.0,0.0,0.0,False,24,32,,,,,
503,60,29,0.2534575159247285,32,8,0.0,0.0,0.0,False,23,32,,,,,
503,60,29,0.2534575159247285,32,9,0.0,0.0,0.0,False,21,32,,,,,
503,60,29,0.2534575159247285,32,10,0.0,0.0,0.0,False,20,32,,,,,
503,60,29,0.2534575159247285,32,11,0.0,0.0,0.0,False,20,32,,,,,
503,60,29,0.2534575159247285,32,12,0.0,0.0,0.0,False,19,32,,,,,
503,60,29,0.2534575159247285,32,13,0.0,0.0,0.0,False,18,32,,,,,
503,60,29,0.2534575159247285,32,14,0.0,0.0,0.0,False,12,32,,,,,
503,60,30,0.17670743027573418,25,0,0.0,0.0,0.0,False,42,25,,,,,
503,60,30,0.17670743027573418,25,1,0.0,0.0,0.0,False,40,25,,,,,
503,60,30,0.17670743027573418,25,2,0.0,0.0,0.0,False,36,25,,,,,
503,60,30,0.17670743027573418,25,3,0.0,0.0,0.0,False,35,25,,,,,
503,60,30,0.17670743027573418,25,4,0.04,0.030303030303030304,0.034482758620689655,False,33,25,,,,,
503,60,30,0.17670743027573418,25,5,0.0,0.0,0.0,False,28,25,,,,,
503,60,30,0.17670743027573418,25,6,0.0,0.0,0.0,False,27,25,,,,,
503,60,30,0.17670743027573418,25,7,0.96,1.0,0.9795918367346939,True,24,25,0.8757825308826694,0.938068114393884,0.07275816618411228,"[-0.09299725165916684, 0.08272713633590989]",0.12446793925545097
503,60,30,0.17670743027573418,25,8,0.0,0.0,0.0,False,23,25,,,,,
503,60,30,0.17670743027573418,25,9,0.0,0.0,0.0,False,21,25,,,,,
503,60,30,0.17670743027573418,25,10,0.0,0.0,0.0,False,20,25,,,,,
503,60,30,0.17670743027573418,25,11,0.0,0.0,0.0,False,20,25,,,,,
503,60,30,0.17670743027573418,25,12,0.0,0.0,0.0,False,19,25,,,,,
503,60,30,0.17670743027573418,25,13,0.0,0.0,0.0,False,18,25,,,,,
503,60,30,0.17670743027573418,25,14,0.0,0.0,0.0,False,12,25,,,,,
503,60,26,0.16886164249857372,36,0,0.0,0.0,0.0,False,42,36,,,,,
503,60,26,0.16886164249857372,36,1,0.0,0.0,0.0,False,40,36,,,,,
503,60,26,0.16886164249857372,36,2,1.0,1.0,1.0,True,36,36,0.8757955020073666,0.9503182008029466,0.0727505685792584,"[-0.007777777777777217, 0.2255555555555553]",0.22568961533295162
503,60,26,0.16886164249857372,36,3,0.0,0.0,0.0,False,35,36,,,,,
503,60,26,0.16886164249857372,36,4,0.0,0.0,0.0,False,33,36,,,,,
503,60,26,0.16886164249857372,36,5,0.0,0.0,0.0,False,28,36,,,,,
503,60,26,0.16886164249857372,36,6,0.0,0.0,0.0,False,27,36,,,,,
503,60,26,0.16886164249857372,36,7,0.0,0.0,0.0,False,24,36,,,,,
503,60,26,0.16886164249857372,36,8,0.0,0.0,0.0,False,23,36,,,,,
503,60,26,0.16886164249857372,36,9,0.0,0.0,0.0,False,21,36,,,,,
503,60,26,0.16886164249857372,36,10,0.0,0.0,0.0,False,20,36,,,,,
503,60,26,0.16886164249857372,36,11,0.0,0.0,0.0,False,20,36,,,,,
503,60,26,0.16886164249857372,36,12,0.0,0.0,0.0,False,19,36,,,,,
503,60,26,0.16886164249857372,36,13,0.0,0.0,0.0,False,18,36,,,,,
503,60,26,0.16886164249857372,36,14,0.0,0.0,0.0,False,12,36,,,,,
503,60,34,0.14743265515409615,40,0,0.0,0.0,0.0,False,42,40,,,,,
503,60,34,0.14743265515409615,40,1,1.0,1.0,1.0,True,40,40,0.8611917641501925,0.944476705660077,0.08130444746176764,"[-0.07699999999999818, 0.06299999999999883]",0.09948869282486113
503,60,34,0.14743265515409615,40,2,0.0,0.0,0.0,False,36,40,,,,,
503,60,34,0.14743265515409615,40,3,0.0,0.0,0.0,False,35,40,,,,,
503,60,34,0.14743265515409615,40,4,0.0,0.0,0.0,False,33,40,,,,,
503,60,34,0.14743265515409615,40,5,0.0,0.0,0.0,False,28,40,,,,,
503,60,34,0.14743265515409615,40,6,0.0,0.0,0.0,False,27,40,,,,,
503,60,34,0.14743265515409615,40,7,0.0,0.0,0.0,False,24,40,,,,,
503,60,34,0.14743265515409615,40,8,0.0,0.0,0.0,False,23,40,,,,,
503,60,34,0.14743265515409615,40,9,0.0,0.0,0.0,False,21,40,,,,,
503,60,34,0.14743265515409615,40,10,0.0,0.0,0.0,False,20,40,,,,,
503,60,34,0.14743265515409615,40,11,0.0,0.0,0.0,False,20,40,,,,,
503,60,34,0.14743265515409615,40,12,0.0,0.0,0.0,False,19,40,,,,,
503,60,34,0.14743265515409615,40,13,0.0,0.0,0.0,False,18,40,,,,,
503,60,34,0.14743265515409615,40,14,0.0,0.0,0.0,False,12,40,,,,,
503,60,31,0.14048367842579776,32,0,0.0,0.0,0.0,False,42,32,,,,,
503,60,31,0.14048367842579776,32,1,0.0,0.0,0.0,False,40,32,,,,,
503,60,31,0.14048367842579776,32,2,0.0,0.0,0.0,False,36,32,,,,,
503,60,31,0.14048367842579776,32,3,0.0,0.0,0.0,False,35,32,,,,,
503,60,31,0.14048367842579776,32,4,1.0,0.9696969696969697,0.9846153846153847,True,33,32,0.8518219934158362,0.9314980281355654,0.08679262348919416,"[-0.11611689000890424, 0.046460773725995885]",0.12506692464659933
503,60,31,0.14048367842579776,32,5,0.0,0.0,0.0,False,28,32,,,,,
503,60,31,0.14048367842579776,32,6,0.0,0.0,0.0,False,27,32,,,,,
503,60,31,0.14048367842579776,32,7,0.0,0.0,0.0,False,24,32,,,,,
503,60,31,0.14048367842579776,32,8,0.0,0.0,0.0,False,23,32,,,,,
503,60,31,0.14048367842579776,32,9,0.0,0.0,0.0,False,21,32,,,,,
503,60,31,0.14048367842579776,32,10,0.0,0.0,0.0,False,20,32,,,,,
503,60,31,0.14048367842579776,32,11,0.0,0.0,0.0,False,20,32,,,,,
503,60,31,0.14048367842579776,32,12,0.0,0.0,0.0,False,19,32,,,,,
503,60,31,0.14048367842579776,32,13,0.0,0.0,0.0,False,18,32,,,,,
503,60,31,0.14048367842579776,32,14,0.0,0.0,0.0,False,12,32,,,,,
503,60,35,0.11305707772106965,27,0,0.0,0.0,0.0,False,42,27,,,,,
503,60,35,0.11305707772106965,27,1,0.0,0.0,0.0,False,40,27,,,,,
503,60,35,0.11305707772106965,27,2,0.0,0.0,0.0,False,36,27,,,,,
503,60,35,0.11305707772106965,27,3,0.0,0.0,0.0,False,35,27,,,,,
503,60,35,0.11305707772106965,27,4,0.0,0.0,0.0,False,33,27,,,,,
503,60,35,0.11305707772106965,27,5,0.0,0.0,0.0,False,28,27,,,,,
503,60,35,0.11305707772106965,27,6,1.0,1.0,1.0,True,27,27,0.7830154225770625,0.913206169030825,0.12709484467611684,"[0.09333333333333371, 0.020740740740741614]",0.0956100906682231
503,60,35,0.11305707772106965,27,7,0.0,0.0,0.0,False,24,27,,,,,
503,60,35,0.11305707772106965,27,8,0.0,0.0,0.0,False,23,27,,,,,
503,60,35,0.11305707772106965,27,9,0.0,0.0,0.0,False,21,27,,,,,
503,60,35,0.11305707772106965,27,10,0.0,0.0,0.0,False,20,27,,,,,
503,60,35,0.11305707772106965,27,11,0.0,0.0,0.0,False,20,27,,,,,
503,60,35,0.11305707772106965,27,12,0.0,0.0,0.0,False,19,27,,,,,
503,60,35,0.11305707772106965,27,13,0.0,0.0,0.0,False,18,27,,,,,
503,60,35,0.11305707772106965,27,14,0.0,0.0,0.0,False,12,27,,,,,
503,61,29,0.2534575159247285,33,0,0.0,0.0,0.0,False,47,33,,,,,
503,61,29,0.2534575159247285,33,1,0.0,0.0,0.0,False,42,33,,,,,
503,61,29,0.2534575159247285,33,2,0.0,0.0,0.0,False,40,33,,,,,
503,61,29,0.2534575159247285,33,3,0.0,0.0,0.0,False,36,33,,,,,
503,61,29,0.2534575159247285,33,4,0.0,0.0,0.0,False,35,33,,,,,
503,61,29,0.2534575159247285,33,5,0.9696969696969697,1.0,0.9846153846153847,True,32,33,0.8563319520621702,0.9333020115940989,0.08415099568108374,"[-0.1988831099910957, -0.028960773725995814]",0.2009806404968862
503,61,29,0.2534575159247285,33,6,0.0,0.0,0.0,False,28,33,,,,,
503,61,29,0.2534575159247285,33,7,0.030303030303030304,0.04,0.034482758620689655,False,25,33,,,,,
503,61,29,0.2534575159247285,33,8,0.0,0.0,0.0,False,25,33,,,,,
503,61,29,0.2534575159247285,33,9,0.0,0.0,0.0,False,21,33,,,,,
503,61,29,0.2534575159247285,33,10,0.0,0.0,0.0,False,20,33,,,,,
503,61,29,0.2534575159247285,33,11,0.0,0.0,0.0,False,19,33,,,,,
503,61,29,0.2534575159247285,33,12,0.0,0.0,0.0,False,18,33,,,,,
503,61,29,0.2534575159247285,33,13,0.0,0.0,0.0,False,12,33,,,,,
503,61,30,0.17670743027573418,24,0,0.0,0.0,0.0,False,47,24,,,,,
503,61,30,0.17670743027573418,24,1,0.0,0.0,0.0,False,42,24,,,,,
503,61,30,0.17670743027573418,24,2,0.0,0.0,0.0,False,40,24,,,,,
503,61,30,0.17670743027573418,24,3,0.0,0.0,0.0,False,36,24,,,,,
503,61,30,0.17670743027573418,24,4,0.0,0.0,0.0,False,35,24,,,,,
503,61,30,0.17670743027573418,24,5,0.0,0.0,0.0,False,32,24,,,,,
503,61,30,0.17670743027573418,24,6,0.0,0.0,0.0,False,28,24,,,,,
503,61,30,0.17670743027573418,24,7,1.0,0.96,0.9795918367346939,True,25,24,0.8379749187794624,0.9229450695526012,0.09490330039089037,"[-0.23180274834083292, -0.09392713633591043]",0.2501096181249898
503,61,30,0.17670743027573418,24,8,0.0,0.0,0.0,False,25,24,,,,,
503,61,30,0.17670743027573418,24,9,0.0,0.0,0.0,False,21,24,,,,,
503,61,30,0.17670743027573418,24,10,0.0,0.0,0.0,False,20,24,,,,,
503,61,30,0.17670743027573418,24,11,0.0,0.0,0.0,False,19,24,,,,,
503,61,30,0.17670743027573418,24,12,0.0,0.0,0.0,False,18,24,,,,,
503,61,30,0.17670743027573418,24,13,0.0,0.0,0.0,False,12,24,,,,,
503,61,26,0.16886164249857372,36,0,0.0,0.0,0.0,False,47,36,,,,,
503,61,26,0.16886164249857372,36,1,0.0,0.0,0.0,False,42,36,,,,,
503,61,26,0.16886164249857372,36,2,0.0,0.0,0.0,False,40,36,,,,,
503,61,26,0.16886164249857372,36,3,1.0,1.0,1.0,True,36,36,0.9444155467951186,0.9777662187180475,0.03255760169862883,"[0.007777777777777217, 0.2411111111111115]",0.24123652652199093
503,61,26,0.16886164249857372,36,4,0.0,0.0,0.0,False,35,36,,,,,
503,61,26,0.16886164249857372,36,5,0.0,0.0,0.0,False,32,36,,,,,
503,61,26,0.16886164249857372,36,6,0.0,0.0,0.0,False,28,36,,,,,
503,61,26,0.16886164249857372,36,7,0.0,0.0,0.0,False,25,36,,,,,
503,61,26,0.16886164249857372,36,8,0.0,0.0,0.0,False,25,36,,,,,
503,61,26,0.16886164249857372,36,9,0.0,0.0,0.0,False,21,36,,,,,
503,61,26,0.16886164249857372,36,10,0.0,0.0,0.0,False,20,36,,,,,
503,61,26,0.16886164249857372,36,11,0.0,0.0,0.0,False,19,36,,,,,
503,61,26,0.16886164249857372,36,12,0.0,0.0,0.0,False,18,36,,,,,
503,61,26,0.16886164249857372,36,13,0.0,0.0,0.0,False,12,36,,,,,
503,61,34,0.14743265515409615,40,0,0.0,0.0,0.0,False,47,40,,,,,
503,61,34,0.14743265515409615,40,1,0.0,0.0,0.0,False,42,40,,,,,
503,61,34,0.14743265515409615,40,2,1.0,1.0,1.0,True,40,40,0.893734616718785,0.957493846687514,0.06224305221586843,"[-0.10500000000000131, 0.06300000000000239]",0.12244998979175367
503,61,34,0.14743265515409615,40,3,0.0,0.0,0.0,False,36,40,,,,,
503,61,34,0.14743265515409615,40,4,0.0,0.0,0.0,False,35,40,,,,,
503,61,34,0.14743265515409615,40,5,0.0,0.0,0.0,False,32,40,,,,,
503,61,34,0.14743265515409615,40,6,0.0,0.0,0.0,False,28,40,,,,,
503,61,34,0.14743265515409615,40,7,0.0,0.0,0.0,False,25,40,,,,,
503,61,34,0.14743265515409615,40,8,0.0,0.0,0.0,False,25,40,,,,,
503,61,34,0.14743265515409615,40,9,0.0,0.0,0.0,False,21,40,,,,,
503,61,34,0.14743265515409615,40,10,0.0,0.0,0.0,False,20,40,,,,,
503,61,34,0.14743265515409615,40,11,0.0,0.0,0.0,False,19,40,,,,,
503,61,34,0.14743265515409615,40,12,0.0,0.0,0.0,False,18,40,,,,,
503,61,34,0.14743265515409615,40,13,0.0,0.0,0.0,False,12,40,,,,,
503,61,31,0.14048367842579776,33,0,0.0,0.0,0.0,False,47,33,,,,,
503,61,31,0.14048367842579776,33,1,0.0,0.0,0.0,False,42,33,,,,,
503,61,31,0.14048367842579776,33,2,0.0,0.0,0.0,False,40,33,,,,,
503,61,31,0.14048367842579776,33,3,0.0,0.0,0.0,False,36,33,,,,,
503,61,31,0.14048367842579776,33,4,0.0,0.0,0.0,False,35,33,,,,,
503,61,31,0.14048367842579776,33,5,0.9696969696969697,1.0,0.9846153846153847,True,32,33,0.8563319520621702,0.9333020115940989,0.08415099568108374,"[-0.1988831099910957, -0.028960773725995814]",0.2009806404968862
503,61,31,0.14048367842579776,33,6,0.0,0.0,0.0,False,28,33,,,,,
503,61,31,0.14048367842579776,33,7,0.030303030303030304,0.04,0.034482758620689655,False,25,33,,,,,
503,61,31,0.14048367842579776,33,8,0.0,0.0,0.0,False,25,33,,,,,
503,61,31,0.14048367842579776,33,9,0.0,0.0,0.0,False,21,33,,,,,
503,61,31,0.14048367842579776,33,10,0.0,0.0,0.0,False,20,33,,,,,
503,61,31,0.14048367842579776,33,11,0.0,0.0,0.0,False,19,33,,,,,
503,61,31,0.14048367842579776,33,12,0.0,0.0,0.0,False,18,33,,,,,
503,61,31,0.14048367842579776,33,13,0.0,0.0,0.0,False,12,33,,,,,
503,61,35,0.11305707772106965,27,0,1.0,0.574468085106383,0.7297297297297297,True,47,27,0.5030765885268641,0.6390684732485834,0.29106402190973424,"[0.6781205005116107, 0.25054530205800063]",0.7229248658038069
503,61,35,0.11305707772106965,27,1,0.0,0.0,0.0,False,42,27,,,,,
503,61,35,0.11305707772106965,27,2,0.0,0.0,0.0,False,40,27,,,,,
503,61,35,0.11305707772106965,27,3,0.0,0.0,0.0,False,36,27,,,,,
503,61,35,0.11305707772106965,27,4,0.0,0.0,0.0,False,35,27,,,,,
503,61,35,0.11305707772106965,27,5,0.0,0.0,0.0,False,32,27,,,,,
503,61,35,0.11305707772106965,27,6,0.0,0.0,0.0,False,28,27,,,,,
503,61,35,0.11305707772106965,27,7,0.0,0.0,0.0,False,25,27,,,,,
503,61,35,0.11305707772106965,27,8,0.0,0.0,0.0,False,25,27,,,,,
503,61,35,0.11305707772106965,27,9,0.0,0.0,0.0,False,21,27,,,,,
503,61,35,0.11305707772106965,27,10,0.0,0.0,0.0,False,20,27,,,,,
503,61,35,0.11305707772106965,27,11,0.0,0.0,0.0,False,19,27,,,,,
503,61,35,0.11305707772106965,27,12,0.0,0.0,0.0,False,18,27,,,,,
503,61,35,0.11305707772106965,27,13,0.0,0.0,0.0,False,12,27,,,,,
503,62,29,0.2534575159247285,32,0,0.0,0.0,0.0,False,45,32,,,,,
503,62,29,0.2534575159247285,32,1,0.0,0.0,0.0,False,42,32,,,,,
503,62,29,0.2534575159247285,32,2,0.0,0.0,0.0,False,41,32,,,,,
503,62,29,0.2534575159247285,32,3,0.0,0.0,0.0,False,36,32,,,,,
503,62,29,0.2534575159247285,32,4,0.0,0.0,0.0,False,36,32,,,,,
503,62,29,0.2534575159247285,32,5,0.96875,1.0,0.9841269841269841,True,31,32,0.8420010806280857,0.9272766227274247,0.09254504792489002,"[-0.1897580568548647, -0.09659244860591087]",0.2129277371997824
503,62,29,0.2534575159247285,32,6,0.0,0.0,0.0,False,28,32,,,,,
503,62,29,0.2534575159247285,32,7,0.0,0.0,0.0,False,26,32,,,,,
503,62,29,0.2534575159247285,32,8,0.0,0.0,0.0,False,21,32,,,,,
503,62,29,0.2534575159247285,32,9,0.0,0.0,0.0,False,20,32,,,,,
503,62,29,0.2534575159247285,32,10,0.03125,0.05263157894736842,0.0392156862745098,False,19,32,,,,,
503,62,29,0.2534575159247285,32,11,0.0,0.0,0.0,False,18,32,,,,,
503,62,29,0.2534575159247285,32,12,0.0,0.0,0.0,False,18,32,,,,,
503,62,29,0.2534575159247285,32,13,0.0,0.0,0.0,False,12,32,,,,,
503,62,30,0.17670743027573418,25,0,0.0,0.0,0.0,False,45,25,,,,,
503,62,30,0.17670743027573418,25,1,0.0,0.0,0.0,False,42,25,,,,,
503,62,30,0.17670743027573418,25,2,0.0,0.0,0.0,False,41,25,,,,,
503,62,30,0.17670743027573418,25,3,0.0,0.0,0.0,False,36,25,,,,,
503,62,30,0.17670743027573418,25,4,0.0,0.0,0.0,False,36,25,,,,,
503,62,30,0.17670743027573418,25,5,0.0,0.0,0.0,False,31,25,,,,,
503,62,30,0.17670743027573418,25,6,0.0,0.0,0.0,False,28,25,,,,,
503,62,30,0.17670743027573418,25,7,0.0,0.0,0.0,False,26,25,,,,,
503,62,30,0.17670743027573418,25,8,0.0,0.0,0.0,False,21,25,,,,,
503,62,30,0.17670743027573418,25,9,0.0,0.0,0.0,False,20,25,,,,,
503,62,30,0.17670743027573418,25,10,0.72,0.9473684210526315,0.8181818181818182,True,19,25,0.7504134827102027,0.791074483993172,0.14619084925271045,"[-0.14490135185889752, 0.2138807123234674]",0.2583434939659403
503,62,30,0.17670743027573418,25,11,0.0,0.0,0.0,False,18,25,,,,,
503,62,30,0.17670743027573418,25,12,0.0,0.0,0.0,False,18,25,,,,,
503,62,30,0.17670743027573418,25,13,0.0,0.0,0.0,False,12,25,,,,,
503,62,26,0.16886164249857372,36,0,0.0,0.0,0.0,False,45,36,,,,,
503,62,26,0.16886164249857372,36,1,0.0,0.0,0.0,False,42,36,,,,,
503,62,26,0.16886164249857372,36,2,0.0,0.0,0.0,False,41,36,,,,,
503,62,26,0.16886164249857372,36,3,1.0,1.0,1.0,True,36,36,0.8613291459848984,0.9445316583939594,0.08122397850332531,"[-0.015555555555554434, 0.26444444444444315]",0.2649015656921871
503,62,26,0.16886164249857372,36,4,0.0,0.0,0.0,False,36,36,,,,,
503,62,26,0.16886164249857372,36,5,0.0,0.0,0.0,False,31,36,,,,,
503,62,26,0.16886164249857372,36,6,0.0,0.0,0.0,False,28,36,,,,,
503,62,26,0.16886164249857372,36,7,0.0,0.0,0.0,False,26,36,,,,,
503,62,26,0.16886164249857372,36,8,0.0,0.0,0.0,False,21,36,,,,,
503,62,26,0.16886164249857372,36,9,0.0,0.0,0.0,False,20,36,,,,,
503,62,26,0.16886164249857372,36,10,0.0,0.0,0.0,False,19,36,,,,,
503,62,26,0.16886164249857372,36,11,0.0,0.0,0.0,False,18,36,,,,,
503,62,26,0.16886164249857372,36,12,0.0,0.0,0.0,False,18,36,,,,,
503,62,26,0.16886164249857372,36,13,0.0,0.0,0.0,False,12,36,,,,,
503,62,34,0.14743265515409615,40,0,0.0,0.0,0.0,False,45,40,,,,,
503,62,34,0.14743265515409615,40,1,0.0,0.0,0.0,False,42,40,,,,,
503,62,34,0.14743265515409615,40,2,1.0,0.975609756097561,0.9876543209876543,True,41,40,0.7926407020557772,0.9096488734149035,0.12145700896059958,"[-0.11348722072975281, -0.009164527270502987]",0.11385665474207218
503,62,34,0.14743265515409615,40,3,0.0,0.0,0.0,False,36,40,,,,,
503,62,34,0.14743265515409615,40,4,0.0,0.0,0.0,False,36,40,,,,,
503,62,34,0.14743265515409615,40,5,0.0,0.0,0.0,False,31,40,,,,,
503,62,34,0.14743265515409615,40,6,0.0,0.0,0.0,False,28,40,,,,,
503,62,34,0.14743265515409615,40,7,0.0,0.0,0.0,False,26,40,,,,,
503,62,34,0.14743265515409615,40,8,0.0,0.0,0.0,False,21,40,,,,,
503,62,34,0.14743265515409615,40,9,0.0,0.0,0.0,False,20,40,,,,,
503,62,34,0.14743265515409615,40,10,0.0,0.0,0.0,False,19,40,,,,,
503,62,34,0.14743265515409615,40,11,0.0,0.0,0.0,False,18,40,,,,,
503,62,34,0.14743265515409615,40,12,0.0,0.0,0.0,False,18,40,,,,,
503,62,34,0.14743265515409615,40,13,0.0,0.0,0.0,False,12,40,,,,,
503,62,31,0.14048367842579776,32,0,0.0,0.0,0.0,False,45,32,,,,,
503,62,31,0.14048367842579776,32,1,0.0,0.0,0.0,False,42,32,,,,,
503,62,31,0.14048367842579776,32,2,0.0,0.0,0.0,False,41,32,,,,,
503,62,31,0.14048367842579776,32,3,0.0,0.0,0.0,False,36,32,,,,,
503,62,31,0.14048367842579776,32,4,0.0,0.0,0.0,False,36,32,,,,,
503,62,31,0.14048367842579776,32,5,0.96875,1.0,0.9841269841269841,True,31,32,0.8420010806280857,0.9272766227274247,0.09254504792489002,"[-0.1897580568548647, -0.09659244860591087]",0.2129277371997824
503,62,31,0.14048367842579776,32,6,0.0,0.0,0.0,False,28,32,,,,,
503,62,31,0.14048367842579776,32,7,0.0,0.0,0.0,False,26,32,,,,,
503,62,31,0.14048367842579776,32,8,0.0,0.0,0.0,False,21,32,,,,,
503,62,31,0.14048367842579776,32,9,0.0,0.0,0.0,False,20,32,,,,,
503,62,31,0.14048367842579776,32,10,0.03125,0.05263157894736842,0.0392156862745098,False,19,32,,,,,
503,62,31,0.14048367842579776,32,11,0.0,0.0,0.0,False,18,32,,,,,
503,62,31,0.14048367842579776,32,12,0.0,0.0,0.0,False,18,32,,,,,
503,62,31,0.14048367842579776,32,13,0.0,0.0,0.0,False,12,32,,,,,
503,62,35,0.11305707772106965,47,0,0.0,0.0,0.0,False,45,47,,,,,
503,62,35,0.11305707772106965,47,1,0.0,0.0,0.0,False,42,47,,,,,
503,62,35,0.11305707772106965,47,2,0.02127659574468085,0.024390243902439025,0.022727272727272728,False,41,47,,,,,
503,62,35,0.11305707772106965,47,3,0.0,0.0,0.0,False,36,47,,,,,
503,62,35,0.11305707772106965,47,4,0.0425531914893617,0.05555555555555555,0.04819277108433735,False,36,47,,,,,
503,62,35,0.11305707772106965,47,5,0.0,0.0,0.0,False,31,47,,,,,
503,62,35,0.11305707772106965,47,6,0.0,0.0,0.0,False,28,47,,,,,
503,62,35,0.11305707772106965,47,7,0.5531914893617021,1.0,0.7123287671232876,True,26,47,0.5272395357216653,0.6382930745626387,0.2769110067179926,"[-0.3898269509742782, -0.20511000557521442]",0.44049422935262933
503,62,35,0.11305707772106965,47,8,0.0,0.0,0.0,False,21,47,,,,,
503,62,35,0.11305707772106965,47,9,0.0,0.0,0.0,False,20,47,,,,,
503,62,35,0.11305707772106965,47,10,0.0,0.0,0.0,False,19,47,,,,,
503,62,35,0.11305707772106965,47,11,0.0,0.0,0.0,False,18,47,,,,,
503,62,35,0.11305707772106965,47,12,0.3829787234042553,1.0,0.5538461538461539,True,18,47,0.38485070166142643,0.48624797297226285,0.3603127256946631,"[0.22349922625905805, 0.21516404505031517]",0.3102377643369867
503,62,35,0.11305707772106965,47,13,0.0,0.0,0.0,False,12,47,,,,,
503,63,29,0.26397692340335177,31,0,0.0,0.0,0.0,False,42,31,,,,,
503,63,29,0.26397692340335177,31,1,0.0,0.0,0.0,False,40,31,,,,,
503,63,29,0.26397692340335177,31,2,0.0,0.0,0.0,False,36,31,,,,,
503,63,29,0.26397692340335177,31,3,0.0,0.0,0.0,False,35,31,,,,,
503,63,29,0.26397692340335177,31,4,0.0,0.0,0.0,False,35,31,,,,,
503,63,29,0.26397692340335177,31,5,0.967741935483871,1.0,0.9836065573770492,True,30,31,0.8920383464164383,0.9469792729928048,0.06323661227974915,"[-0.265127497405389, -0.019713536189515324]",0.26585938649884056
503,63,29,0.26397692340335177,31,6,0.0,0.0,0.0,False,28,31,,,,,
503,63,29,0.26397692340335177,31,7,0.0,0.0,0.0,False,27,31,,,,,
503,63,29,0.26397692340335177,31,8,0.0,0.0,0.0,False,22,31,,,,,
503,63,29,0.26397692340335177,31,9,0.0,0.0,0.0,False,21,31,,,,,
503,63,29,0.26397692340335177,31,10,0.03225806451612903,0.05,0.0392156862745098,False,20,31,,,,,
503,63,29,0.26397692340335177,31,11,0.0,0.0,0.0,False,18,31,,,,,
503,63,29,0.26397692340335177,31,12,0.0,0.0,0.0,False,12,31,,,,,
503,63,29,0.26397692340335177,31,13,0.0,0.0,0.0,False,12,31,,,,,
503,63,30,0.18404143044057011,19,0,0.0,0.0,0.0,False,42,19,,,,,
503,63,30,0.18404143044057011,19,1,0.0,0.0,0.0,False,40,19,,,,,
503,63,30,0.18404143044057011,19,2,0.0,0.0,0.0,False,36,19,,,,,
503,63,30,0.18404143044057011,19,3,0.0,0.0,0.0,False,35,19,,,,,
503,63,30,0.18404143044057011,19,4,0.0,0.0,0.0,False,35,19,,,,,
503,63,30,0.18404143044057011,19,5,0.0,0.0,0.0,False,30,19,,,,,
503,63,30,0.18404143044057011,19,6,0.0,0.0,0.0,False,28,19,,,,,
503,63,30,0.18404143044057011,19,7,0.0,0.0,0.0,False,27,19,,,,,
503,63,30,0.18404143044057011,19,8,0.0,0.0,0.0,False,22,19,,,,,
503,63,30,0.18404143044057011,19,9,0.0,0.0,0.0,False,21,19,,,,,
503,63,30,0.18404143044057011,19,10,1.0,0.95,0.9743589743589743,True,20,19,0.831471206375866,0.917203867165731,0.09871273388874706,"[-0.23087201863602314, -0.12445119401318117]",0.2622784563786715
503,63,30,0.18404143044057011,19,11,0.0,0.0,0.0,False,18,19,,,,,
503,63,30,0.18404143044057011,19,12,0.0,0.0,0.0,False,12,19,,,,,
503,63,30,0.18404143044057011,19,13,0.0,0.0,0.0,False,12,19,,,,,
503,63,26,0.1758700139744452,36,0,0.0,0.0,0.0,False,42,36,,,,,
503,63,26,0.1758700139744452,36,1,0.0,0.0,0.0,False,40,36,,,,,
503,63,26,0.1758700139744452,36,2,1.0,1.0,1.0,True,36,36,0.9077004607729221,0.9630801843091689,0.05406280824686186,"[-0.01555555555555621, 0.24888888888888872]",0.24937452620704384
503,63,26,0.1758700139744452,36,3,0.0,0.0,0.0,False,35,36,,,,,
503,63,26,0.1758700139744452,36,4,0.0,0.0,0.0,False,35,36,,,,,
503,63,26,0.1758700139744452,36,5,0.0,0.0,0.0,False,30,36,,,,,
503,63,26,0.1758700139744452,36,6,0.0,0.0,0.0,False,28,36,,,,,
503,63,26,0.1758700139744452,36,7,0.0,0.0,0.0,False,27,36,,,,,
503,63,26,0.1758700139744452,36,8,0.0,0.0,0.0,False,22,36,,,,,
503,63,26,0.1758700139744452,36,9,0.0,0.0,0.0,False,21,36,,,,,
503,63,26,0.1758700139744452,36,10,0.0,0.0,0.0,False,20,36,,,,,
503,63,26,0.1758700139744452,36,11,0.0,0.0,0.0,False,18,36,,,,,
503,63,26,0.1758700139744452,36,12,0.0,0.0,0.0,False,12,36,,,,,
503,63,26,0.1758700139744452,36,13,0.0,0.0,0.0,False,12,36,,,,,
503,63,34,0.15355164582424016,41,0,0.0,0.0,0.0,False,42,41,,,,,
503,63,34,0.15355164582424016,41,1,0.975609756097561,1.0,0.9876543209876543,True,40,41,0.8842806758444832,0.9463048629303858,0.06778052940096148,"[-0.25751277927024674, 0.10016452727050051]",0.2763073723424868
503,63,34,0.15355164582424016,41,2,0.0,0.0,0.0,False,36,41,,,,,
503,63,34,0.15355164582424016,41,3,0.0,0.0,0.0,False,35,41,,,,,
503,63,34,0.15355164582424016,41,4,0.0,0.0,0.0,False,35,41,,,,,
503,63,34,0.15355164582424016,41,5,0.0,0.0,0.0,False,30,41,,,,,
503,63,34,0.15355164582424016,41,6,0.0,0.0,0.0,False,28,41,,,,,
503,63,34,0.15355164582424016,41,7,0.024390243902439025,0.037037037037037035,0.029411764705882353,False,27,41,,,,,
503,63,34,0.15355164582424016,41,8,0.0,0.0,0.0,False,22,41,,,,,
503,63,34,0.15355164582424016,41,9,0.0,0.0,0.0,False,21,41,,,,,
503,63,34,0.15355164582424016,41,10,0.0,0.0,0.0,False,20,41,,,,,
503,63,34,0.15355164582424016,41,11,0.0,0.0,0.0,False,18,41,,,,,
503,63,34,0.15355164582424016,41,12,0.0,0.0,0.0,False,12,41,,,,,
503,63,34,0.15355164582424016,41,13,0.0,0.0,0.0,False,12,41,,,,,
503,63,31,0.1463142613227584,31,0,0.0,0.0,0.0,False,42,31,,,,,
503,63,31,0.1463142613227584,31,1,0.0,0.0,0.0,False,40,31,,,,,
503,63,31,0.1463142613227584,31,2,0.0,0.0,0.0,False,36,31,,,,,
503,63,31,0.1463142613227584,31,3,0.0,0.0,0.0,False,35,31,,,,,
503,63,31,0.1463142613227584,31,4,0.0,0.0,0.0,False,35,31,,,,,
503,63,31,0.1463142613227584,31,5,0.967741935483871,1.0,0.9836065573770492,True,30,31,0.8920383464164383,0.9469792729928048,0.06323661227974915,"[-0.265127497405389, -0.019713536189515324]",0.26585938649884056
503,63,31,0.1463142613227584,31,6,0.0,0.0,0.0,False,28,31,,,,,
503,63,31,0.1463142613227584,31,7,0.0,0.0,0.0,False,27,31,,,,,
503,63,31,0.1463142613227584,31,8,0.0,0.0,0.0,False,22,31,,,,,
503,63,31,0.1463142613227584,31,9,0.0,0.0,0.0,False,21,31,,,,,
503,63,31,0.1463142613227584,31,10,0.03225806451612903,0.05,0.0392156862745098,False,20,31,,,,,
503,63,31,0.1463142613227584,31,11,0.0,0.0,0.0,False,18,31,,,,,
503,63,31,0.1463142613227584,31,12,0.0,0.0,0.0,False,12,31,,,,,
503,63,31,0.1463142613227584,31,13,0.0,0.0,0.0,False,12,31,,,,,
503,63,37,0.07624572503463438,26,0,0.0,0.0,0.0,False,42,26,,,,,
503,63,37,0.07624572503463438,26,1,0.0,0.0,0.0,False,40,26,,,,,
503,63,37,0.07624572503463438,26,2,0.0,0.0,0.0,False,36,26,,,,,
503,63,37,0.07624572503463438,26,3,0.0,0.0,0.0,False,35,26,,,,,
503,63,37,0.07624572503463438,26,4,0.0,0.0,0.0,False,35,26,,,,,
503,63,37,0.07624572503463438,26,5,0.0,0.0,0.0,False,30,26,,,,,
503,63,37,0.07624572503463438,26,6,0.0,0.0,0.0,False,28,26,,,,,
503,63,37,0.07624572503463438,26,7,1.0,0.9629629629629629,0.9811320754716981,True,27,26,0.7345126696951427,0.882484313161076,0.15550446676587565,"[-0.15347873472251905, -0.14913900018649073]",0.21400505458668834
503,63,37,0.07624572503463438,26,8,0.0,0.0,0.0,False,22,26,,,,,
503,63,37,0.07624572503463438,26,9,0.0,0.0,0.0,False,21,26,,,,,
503,63,37,0.07624572503463438,26,10,0.0,0.0,0.0,False,20,26,,,,,
503,63,37,0.07624572503463438,26,11,0.0,0.0,0.0,False,18,26,,,,,
503,63,37,0.07624572503463438,26,12,0.0,0.0,0.0,False,12,26,,,,,
503,63,37,0.07624572503463438,26,13,0.0,0.0,0.0,False,12,26,,,,,
503,64,29,0.26397692340335177,30,0,0.0,0.0,0.0,False,44,30,,,,,
503,64,29,0.26397692340335177,30,1,0.0,0.0,0.0,False,44,30,,,,,
503,64,29,0.26397692340335177,30,2,0.0,0.0,0.0,False,39,30,,,,,
503,64,29,0.26397692340335177,30,3,0.0,0.0,0.0,False,35,30,,,,,
503,64,29,0.26397692340335177,30,4,0.0,0.0,0.0,False,35,30,,,,,
503,64,29,0.26397692340335177,30,5,0.9666666666666667,1.0,0.9830508474576272,True,29,30,0.8523708933099865,0.9307788657985709,0.08647111516994718,"[-0.12471926618820639, 0.06182808875411894]",0.13920347667178393
503,64,29,0.26397692340335177,30,6,0.0,0.0,0.0,False,27,30,,,,,
503,64,29,0.26397692340335177,30,7,0.0,0.0,0.0,False,24,30,,,,,
503,64,29,0.26397692340335177,30,8,0.0,0.0,0.0,False,20,30,,,,,
503,64,29,0.26397692340335177,30,9,0.0,0.0,0.0,False,19,30,,,,,
503,64,29,0.26397692340335177,30,10,0.0,0.0,0.0,False,18,30,,,,,
503,64,29,0.26397692340335177,30,11,0.03333333333333333,0.06666666666666667,0.044444444444444446,False,15,30,,,,,
503,64,29,0.26397692340335177,30,12,0.0,0.0,0.0,False,12,30,,,,,
503,64,29,0.26397692340335177,30,13,0.0,0.0,0.0,False,12,30,,,,,
503,64,30,0.18404143044057011,20,0,0.0,0.0,0.0,False,44,20,,,,,
503,64,30,0.18404143044057011,20,1,0.0,0.0,0.0,False,44,20,,,,,
503,64,30,0.18404143044057011,20,2,0.0,0.0,0.0,False,39,20,,,,,
503,64,30,0.18404143044057011,20,3,0.0,0.0,0.0,False,35,20,,,,,
503,64,30,0.18404143044057011,20,4,0.0,0.0,0.0,False,35,20,,,,,
503,64,30,0.18404143044057011,20,5,0.0,0.0,0.0,False,29,20,,,,,
503,64,30,0.18404143044057011,20,6,0.0,0.0,0.0,False,27,20,,,,,
503,64,30,0.18404143044057011,20,7,0.0,0.0,0.0,False,24,20,,,,,
503,64,30,0.18404143044057011,20,8,1.0,1.0,1.0,True,20,20,0.8817972913082789,0.9527189165233115,0.06923512758323119,"[-0.21000000000000085, -0.014000000000001123]",0.21046614929722163
503,64,30,0.18404143044057011,20,9,0.0,0.0,0.0,False,19,20,,,,,
503,64,30,0.18404143044057011,20,10,0.0,0.0,0.0,False,18,20,,,,,
503,64,30,0.18404143044057011,20,11,0.0,0.0,0.0,False,15,20,,,,,
503,64,30,0.18404143044057011,20,12,0.0,0.0,0.0,False,12,20,,,,,
503,64,30,0.18404143044057011,20,13,0.0,0.0,0.0,False,12,20,,,,,
503,64,26,0.1758700139744452,36,0,1.0,0.8181818181818182,0.9,True,44,36,0.7874212115947891,0.8549684846379157,0.12451423236931561,"[-0.023079619544610352, 0.12180589737034175]",0.12397316432405114
503,64,26,0.1758700139744452,36,1,0.0,0.0,0.0,False,44,36,,,,,
503,64,26,0.1758700139744452,36,2,0.0,0.0,0.0,False,39,36,,,,,
503,64,26,0.1758700139744452,36,3,0.0,0.0,0.0,False,35,36,,,,,
503,64,26,0.1758700139744452,36,4,0.0,0.0,0.0,False,35,36,,,,,
503,64,26,0.1758700139744452,36,5,0.0,0.0,0.0,False,29,36,,,,,
503,64,26,0.1758700139744452,36,6,0.0,0.0,0.0,False,27,36,,,,,
503,64,26,0.1758700139744452,36,7,0.0,0.0,0.0,False,24,36,,,,,
503,64,26,0.1758700139744452,36,8,0.0,0.0,0.0,False,20,36,,,,,
503,64,26,0.1758700139744452,36,9,0.0,0.0,0.0,False,19,36,,,,,
503,64,26,0.1758700139744452,36,10,0.0,0.0,0.0,False,18,36,,,,,
503,64,26,0.1758700139744452,36,11,0.0,0.0,0.0,False,15,36,,,,,
503,64,26,0.1758700139744452,36,12,0.0,0.0,0.0,False,12,36,,,,,
503,64,26,0.1758700139744452,36,13,0.0,0.0,0.0,False,12,36,,,,,
503,64,34,0.15355164582424016,40,0,0.025,0.022727272727272728,0.023809523809523808,False,44,40,,,,,
503,64,34,0.15355164582424016,40,1,0.0,0.0,0.0,False,44,40,,,,,
503,64,34,0.15355164582424016,40,2,0.975,1.0,0.9873417721518988,True,39,40,0.8567249801045003,0.9350950553329394,0.08392078651789542,"[-0.21393383241466246, 0.08939674942469011]",0.23186087091039254
503,64,34,0.15355164582424016,40,3,0.0,0.0,0.0,False,35,40,,,,,
503,64,34,0.15355164582424016,40,4,0.0,0.0,0.0,False,35,40,,,,,
503,64,34,0.15355164582424016,40,5,0.0,0.0,0.0,False,29,40,,,,,
503,64,34,0.15355164582424016,40,6,0.0,0.0,0.0,False,27,40,,,,,
503,64,34,0.15355164582424016,40,7,0.0,0.0,0.0,False,24,40,,,,,
503,64,34,0.15355164582424016,40,8,0.0,0.0,0.0,False,20,40,,,,,
503,64,34,0.15355164582424016,40,9,0.0,0.0,0.0,False,19,40,,,,,
503,64,34,0.15355164582424016,40,10,0.0,0.0,0.0,False,18,40,,,,,
503,64,34,0.15355164582424016,40,11,0.0,0.0,0.0,False,15,40,,,,,
503,64,34,0.15355164582424016,40,12,0.0,0.0,0.0,False,12,40,,,,,
503,64,34,0.15355164582424016,40,13,0.0,0.0,0.0,False,12,40,,,,,
503,64,31,0.1463142613227584,30,0,0.0,0.0,0.0,False,44,30,,,,,
503,64,31,0.1463142613227584,30,1,0.0,0.0,0.0,False,44,30,,,,,
503,64,31,0.1463142613227584,30,2,0.0,0.0,0.0,False,39,30,,,,,
503,64,31,0.1463142613227584,30,3,0.0,0.0,0.0,False,35,30,,,,,
503,64,31,0.1463142613227584,30,4,0.0,0.0,0.0,False,35,30,,,,,
503,64,31,0.1463142613227584,30,5,0.9666666666666667,1.0,0.9830508474576272,True,29,30,0.8523708933099865,0.9307788657985709,0.08647111516994718,"[-0.12471926618820639, 0.06182808875411894]",0.13920347667178393
503,64,31,0.1463142613227584,30,6,0.0,0.0,0.0,False,27,30,,,,,
503,64,31,0.1463142613227584,30,7,0.0,0.0,0.0,False,24,30,,,,,
503,64,31,0.1463142613227584,30,8,0.0,0.0,0.0,False,20,30,,,,,
503,64,31,0.1463142613227584,30,9,0.0,0.0,0.0,False,19,30,,,,,
503,64,31,0.1463142613227584,30,10,0.0,0.0,0.0,False,18,30,,,,,
503,64,31,0.1463142613227584,30,11,0.03333333333333333,0.06666666666666667,0.044444444444444446,False,15,30,,,,,
503,64,31,0.1463142613227584,30,12,0.0,0.0,0.0,False,12,30,,,,,
503,64,31,0.1463142613227584,30,13,0.0,0.0,0.0,False,12,30,,,,,
503,64,37,0.07624572503463438,27,0,0.0,0.0,0.0,False,44,27,,,,,
503,64,37,0.07624572503463438,27,1,0.0,0.0,0.0,False,44,27,,,,,
503,64,37,0.07624572503463438,27,2,0.0,0.0,0.0,False,39,27,,,,,
503,64,37,0.07624572503463438,27,3,0.0,0.0,0.0,False,35,27,,,,,
503,64,37,0.07624572503463438,27,4,0.0,0.0,0.0,False,35,27,,,,,
503,64,37,0.07624572503463438,27,5,0.0,0.0,0.0,False,29,27,,,,,
503,64,37,0.07624572503463438,27,6,1.0,1.0,1.0,True,27,27,0.7816143364343973,0.9126457345737589,0.12791550588529027,"[-0.04148148148148145, -0.09333333333333371]",0.10213630312973772
503,64,37,0.07624572503463438,27,7,0.0,0.0,0.0,False,24,27,,,,,
503,64,37,0.07624572503463438,27,8,0.0,0.0,0.0,False,20,27,,,,,
503,64,37,0.07624572503463438,27,9,0.0,0.0,0.0,False,19,27,,,,,
503,64,37,0.07624572503463438,27,10,0.0,0.0,0.0,False,18,27,,,,,
503,64,37,0.07624572503463438,27,11,0.0,0.0,0.0,False,15,27,,,,,
503,64,37,0.07624572503463438,27,12,0.0,0.0,0.0,False,12,27,,,,,
503,64,37,0.07624572503463438,27,13,0.0,0.0,0.0,False,12,27,,,,,
503,65,29,0.26397692340335177,29,0,0.0,0.0,0.0,False,63,29,,,,,
503,65,29,0.26397692340335177,29,1,0.0,0.0,0.0,False,63,29,,,,,
503,65,29,0.26397692340335177,29,2,0.0,0.0,0.0,False,35,29,,,,,
503,65,29,0.26397692340335177,29,3,0.0,0.0,0.0,False,34,29,,,,,
503,65,29,0.26397692340335177,29,4,0.10344827586206896,0.1,0.1016949152542373,False,30,29,,,,,
503,65,29,0.26397692340335177,29,5,0.896551724137931,1.0,0.9454545454545454,True,26,29,0.8597246428650023,0.9111625844187282,0.0821637875774425,"[-0.23385128835592495, 0.17230144225450506]",0.2904723946758254
503,65,29,0.26397692340335177,29,6,0.0,0.0,0.0,False,26,29,,,,,
503,65,29,0.26397692340335177,29,7,0.0,0.0,0.0,False,25,29,,,,,
503,65,29,0.26397692340335177,29,8,0.0,0.0,0.0,False,20,29,,,,,
503,65,29,0.26397692340335177,29,9,0.0,0.0,0.0,False,18,29,,,,,
503,65,29,0.26397692340335177,29,10,0.0,0.0,0.0,False,14,29,,,,,
503,65,29,0.26397692340335177,29,11,0.0,0.0,0.0,False,12,29,,,,,
503,65,30,0.18404143044057011,20,0,0.0,0.0,0.0,False,63,20,,,,,
503,65,30,0.18404143044057011,20,1,0.0,0.0,0.0,False,63,20,,,,,
503,65,30,0.18404143044057011,20,2,0.0,0.0,0.0,False,35,20,,,,,
503,65,30,0.18404143044057011,20,3,0.0,0.0,0.0,False,34,20,,,,,
503,65,30,0.18404143044057011,20,4,0.0,0.0,0.0,False,30,20,,,,,
503,65,30,0.18404143044057011,20,5,0.0,0.0,0.0,False,26,20,,,,,
503,65,30,0.18404143044057011,20,6,0.0,0.0,0.0,False,26,20,,,,,
503,65,30,0.18404143044057011,20,7,0.0,0.0,0.0,False,25,20,,,,,
503,65,30,0.18404143044057011,20,8,1.0,1.0,1.0,True,20,20,0.8522617959369648,0.940904718374786,0.0865350170096237,"[-0.1819999999999995, -0.013999999999999346]",0.18253766734567362
503,65,30,0.18404143044057011,20,9,0.0,0.0,0.0,False,18,20,,,,,
503,65,30,0.18404143044057011,20,10,0.0,0.0,0.0,False,14,20,,,,,
503,65,30,0.18404143044057011,20,11,0.0,0.0,0.0,False,12,20,,,,,
503,65,26,0.1758700139744452,44,0,0.0,0.0,0.0,False,63,44,,,,,
503,65,26,0.1758700139744452,44,1,0.0,0.0,0.0,False,63,44,,,,,
503,65,26,0.1758700139744452,44,2,0.7954545454545454,1.0,0.8860759493670886,True,35,44,0.8265196544369375,0.8622534313950281,0.10161301708886221,"[0.06635708659404926, 0.47703150661115856]",0.4816246684306795
503,65,26,0.1758700139744452,44,3,0.0,0.0,0.0,False,34,44,,,,,
503,65,26,0.1758700139744452,44,4,0.0,0.0,0.0,False,30,44,,,,,
503,65,26,0.1758700139744452,44,5,0.0,0.0,0.0,False,26,44,,,,,
503,65,26,0.1758700139744452,44,6,0.0,0.0,0.0,False,26,44,,,,,
503,65,26,0.1758700139744452,44,7,0.0,0.0,0.0,False,25,44,,,,,
503,65,26,0.1758700139744452,44,8,0.0,0.0,0.0,False,20,44,,,,,
503,65,26,0.1758700139744452,44,9,0.0,0.0,0.0,False,18,44,,,,,
503,65,26,0.1758700139744452,44,10,0.0,0.0,0.0,False,14,44,,,,,
503,65,26,0.1758700139744452,44,11,0.0,0.0,0.0,False,12,44,,,,,
503,65,34,0.15355164582424016,39,0,0.7948717948717948,0.49206349206349204,0.6078431372549019,True,63,39,0.5852157449914939,0.5987921803495387,0.2429524765792511,"[-0.6767412091641676, 0.034505638311355114]",0.6776203238217208
503,65,34,0.15355164582424016,39,1,0.0,0.0,0.0,False,63,39,,,,,
503,65,34,0.15355164582424016,39,2,0.0,0.0,0.0,False,35,39,,,,,
503,65,34,0.15355164582424016,39,3,0.0,0.0,0.0,False,34,39,,,,,
503,65,34,0.15355164582424016,39,4,0.0,0.0,0.0,False,30,39,,,,,
503,65,34,0.15355164582424016,39,5,0.0,0.0,0.0,False,26,39,,,,,
503,65,34,0.15355164582424016,39,6,0.0,0.0,0.0,False,26,39,,,,,
503,65,34,0.15355164582424016,39,7,0.0,0.0,0.0,False,25,39,,,,,
503,65,34,0.15355164582424016,39,8,0.0,0.0,0.0,False,20,39,,,,,
503,65,34,0.15355164582424016,39,9,0.0,0.0,0.0,False,18,39,,,,,
503,65,34,0.15355164582424016,39,10,0.20512820512820512,0.5714285714285714,0.3018867924528302,False,14,39,,,,,
503,65,34,0.15355164582424016,39,11,0.0,0.0,0.0,False,12,39,,,,,
503,65,31,0.1463142613227584,29,0,0.0,0.0,0.0,False,63,29,,,,,
503,65,31,0.1463142613227584,29,1,0.0,0.0,0.0,False,63,29,,,,,
503,65,31,0.1463142613227584,29,2,0.0,0.0,0.0,False,35,29,,,,,
503,65,31,0.1463142613227584,29,3,0.0,0.0,0.0,False,34,29,,,,,
503,65,31,0.1463142613227584,29,4,0.10344827586206896,0.1,0.1016949152542373,False,30,29,,,,,
503,65,31,0.1463142613227584,29,5,0.896551724137931,1.0,0.9454545454545454,True,26,29,0.8597246428650023,0.9111625844187282,0.0821637875774425,"[-0.23385128835592495, 0.17230144225450506]",0.2904723946758254
503,65,31,0.1463142613227584,29,6,0.0,0.0,0.0,False,26,29,,,,,
503,65,31,0.1463142613227584,29,7,0.0,0.0,0.0,False,25,29,,,,,
503,65,31,0.1463142613227584,29,8,0.0,0.0,0.0,False,20,29,,,,,
503,65,31,0.1463142613227584,29,9,0.0,0.0,0.0,False,18,29,,,,,
503,65,31,0.1463142613227584,29,10,0.0,0.0,0.0,False,14,29,,,,,
503,65,31,0.1463142613227584,29,11,0.0,0.0,0.0,False,12,29,,,,,
503,65,37,0.07624572503463438,27,0,0.0,0.0,0.0,False,63,27,,,,,
503,65,37,0.07624572503463438,27,1,0.0,0.0,0.0,False,63,27,,,,,
503,65,37,0.07624572503463438,27,2,0.0,0.0,0.0,False,35,27,,,,,
503,65,37,0.07624572503463438,27,3,0.0,0.0,0.0,False,34,27,,,,,
503,65,37,0.07624572503463438,27,4,0.0,0.0,0.0,False,30,27,,,,,
503,65,37,0.07624572503463438,27,5,0.0,0.0,0.0,False,26,27,,,,,
503,65,37,0.07624572503463438,27,6,0.9629629629629629,1.0,0.9811320754716981,True,26,27,0.7830902249044072,0.9019153352447817,0.12705103054753591,"[0.14111406235784685, 0.059395410442903085]",0.1531045178197404
503,65,37,0.07624572503463438,27,7,0.0,0.0,0.0,False,25,27,,,,,
503,65,37,0.07624572503463438,27,8,0.0,0.0,0.0,False,20,27,,,,,
503,65,37,0.07624572503463438,27,9,0.0,0.0,0.0,False,18,27,,,,,
503,65,37,0.07624572503463438,27,10,0.0,0.0,0.0,False,14,27,,,,,
503,65,37,0.07624572503463438,27,11,0.0,0.0,0.0,False,12,27,,,,,
503,66,29,0.26397692340335177,26,0,0.0,0.0,0.0,False,66,26,,,,,
503,66,29,0.26397692340335177,26,1,0.0,0.0,0.0,False,63,26,,,,,
503,66,29,0.26397692340335177,26,2,0.0,0.0,0.0,False,52,26,,,,,
503,66,29,0.26397692340335177,26,3,0.0,0.0,0.0,False,42,26,,,,,
503,66,29,0.26397692340335177,26,4,1.0,0.9285714285714286,0.9629629629629629,True,28,26,0.8873871815376773,0.9327326503928486,0.0659609491190302,"[-0.11170431512113677, -0.10620237656462184]",0.15413240673088824
503,66,29,0.26397692340335177,26,5,0.0,0.0,0.0,False,28,26,,,,,
503,66,29,0.26397692340335177,26,6,0.0,0.0,0.0,False,25,26,,,,,
503,66,29,0.26397692340335177,26,7,0.0,0.0,0.0,False,20,26,,,,,
503,66,29,0.26397692340335177,26,8,0.0,0.0,0.0,False,16,26,,,,,
503,66,29,0.26397692340335177,26,9,0.0,0.0,0.0,False,14,26,,,,,
503,66,29,0.26397692340335177,26,10,0.0,0.0,0.0,False,12,26,,,,,
503,66,30,0.18404143044057011,20,0,0.0,0.0,0.0,False,66,20,,,,,
503,66,30,0.18404143044057011,20,1,0.0,0.0,0.0,False,63,20,,,,,
503,66,30,0.18404143044057011,20,2,0.0,0.0,0.0,False,52,20,,,,,
503,66,30,0.18404143044057011,20,3,0.0,0.0,0.0,False,42,20,,,,,
503,66,30,0.18404143044057011,20,4,0.0,0.0,0.0,False,28,20,,,,,
503,66,30,0.18404143044057011,20,5,0.0,0.0,0.0,False,28,20,,,,,
503,66,30,0.18404143044057011,20,6,0.0,0.0,0.0,False,25,20,,,,,
503,66,30,0.18404143044057011,20,7,1.0,1.0,1.0,True,20,20,0.8734151801809019,0.9493660720723608,0.0741447996181954,"[-0.18200000000000038, -0.041999999999999815]",0.186783296897769
503,66,30,0.18404143044057011,20,8,0.0,0.0,0.0,False,16,20,,,,,
503,66,30,0.18404143044057011,20,9,0.0,0.0,0.0,False,14,20,,,,,
503,66,30,0.18404143044057011,20,10,0.0,0.0,0.0,False,12,20,,,,,
503,66,26,0.1758700139744452,35,0,0.0,0.0,0.0,False,66,35,,,,,
503,66,26,0.1758700139744452,35,1,0.0,0.0,0.0,False,63,35,,,,,
503,66,26,0.1758700139744452,35,2,0.0,0.0,0.0,False,52,35,,,,,
503,66,26,0.1758700139744452,35,3,1.0,0.8333333333333334,0.9090909090909091,True,42,35,0.8481366172543241,0.8847091923562751,0.08895126681944097,"[0.027923306939170445, 0.4848589044318299]",0.48566229859569443
503,66,26,0.1758700139744452,35,4,0.0,0.0,0.0,False,28,35,,,,,
503,66,26,0.1758700139744452,35,5,0.0,0.0,0.0,False,28,35,,,,,
503,66,26,0.1758700139744452,35,6,0.0,0.0,0.0,False,25,35,,,,,
503,66,26,0.1758700139744452,35,7,0.0,0.0,0.0,False,20,35,,,,,
503,66,26,0.1758700139744452,35,8,0.0,0.0,0.0,False,16,35,,,,,
503,66,26,0.1758700139744452,35,9,0.0,0.0,0.0,False,14,35,,,,,
503,66,26,0.1758700139744452,35,10,0.0,0.0,0.0,False,12,35,,,,,
503,66,34,0.15355164582424016,63,0,1.0,0.9545454545454546,0.9767441860465116,True,66,63,0.8427473462457176,0.923145450126194,0.09210793615461343,"[-0.2783719842707546, 0.05890991989356209]",0.2845370631195577
503,66,34,0.15355164582424016,63,1,0.0,0.0,0.0,False,63,63,,,,,
503,66,34,0.15355164582424016,63,2,0.0,0.0,0.0,False,52,63,,,,,
503,66,34,0.15355164582424016,63,3,0.0,0.0,0.0,False,42,63,,,,,
503,66,34,0.15355164582424016,63,4,0.0,0.0,0.0,False,28,63,,,,,
503,66,34,0.15355164582424016,63,5,0.0,0.0,0.0,False,28,63,,,,,
503,66,34,0.15355164582424016,63,6,0.0,0.0,0.0,False,25,63,,,,,
503,66,34,0.15355164582424016,63,7,0.0,0.0,0.0,False,20,63,,,,,
503,66,34,0.15355164582424016,63,8,0.0,0.0,0.0,False,16,63,,,,,
503,66,34,0.15355164582424016,63,9,0.0,0.0,0.0,False,14,63,,,,,
503,66,34,0.15355164582424016,63,10,0.0,0.0,0.0,False,12,63,,,,,
503,66,31,0.1463142613227584,26,0,0.0,0.0,0.0,False,66,26,,,,,
503,66,31,0.1463142613227584,26,1,0.0,0.0,0.0,False,63,26,,,,,
503,66,31,0.1463142613227584,26,2,0.0,0.0,0.0,False,52,26,,,,,
503,66,31,0.1463142613227584,26,3,0.0,0.0,0.0,False,42,26,,,,,
503,66,31,0.1463142613227584,26,4,1.0,0.9285714285714286,0.9629629629629629,True,28,26,0.8873871815376773,0.9327326503928486,0.0659609491190302,"[-0.11170431512113677, -0.10620237656462184]",0.15413240673088824
503,66,31,0.1463142613227584,26,5,0.0,0.0,0.0,False,28,26,,,,,
503,66,31,0.1463142613227584,26,6,0.0,0.0,0.0,False,25,26,,,,,
503,66,31,0.1463142613227584,26,7,0.0,0.0,0.0,False,20,26,,,,,
503,66,31,0.1463142613227584,26,8,0.0,0.0,0.0,False,16,26,,,,,
503,66,31,0.1463142613227584,26,9,0.0,0.0,0.0,False,14,26,,,,,
503,66,31,0.1463142613227584,26,10,0.0,0.0,0.0,False,12,26,,,,,
503,66,37,0.07624572503463438,26,0,0.0,0.0,0.0,False,66,26,,,,,
503,66,37,0.07624572503463438,26,1,0.0,0.0,0.0,False,63,26,,,,,
503,66,37,0.07624572503463438,26,2,0.0,0.0,0.0,False,52,26,,,,,
503,66,37,0.07624572503463438,26,3,0.0,0.0,0.0,False,42,26,,,,,
503,66,37,0.07624572503463438,26,4,0.0,0.0,0.0,False,28,26,,,,,
503,66,37,0.07624572503463438,26,5,1.0,0.9285714285714286,0.9629629629629629,True,28,26,0.7354239206032388,0.8719473460190732,0.15497071780546132,"[0.16875843381314048, -0.17239570619246436]",0.24124611602399448
503,66,37,0.07624572503463438,26,6,0.0,0.0,0.0,False,25,26,,,,,
503,66,37,0.07624572503463438,26,7,0.0,0.0,0.0,False,20,26,,,,,
503,66,37,0.07624572503463438,26,8,0.0,0.0,0.0,False,16,26,,,,,
503,66,37,0.07624572503463438,26,9,0.0,0.0,0.0,False,14,26,,,,,
503,66,37,0.07624572503463438,26,10,0.0,0.0,0.0,False,12,26,,,,,
503,67,29,0.26397692340335177,28,0,0.0,0.0,0.0,False,67,28,,,,,
503,67,29,0.26397692340335177,28,1,0.0,0.0,0.0,False,63,28,,,,,
503,67,29,0.26397692340335177,28,2,0.0,0.0,0.0,False,42,28,,,,,
503,67,29,0.26397692340335177,28,3,0.0,0.0,0.0,False,34,28,,,,,
503,67,29,0.26397692340335177,28,4,0.0,0.0,0.0,False,28,28,,,,,
503,67,29,0.26397692340335177,28,5,1.0,1.0,1.0,True,28,28,0.8691906792366031,0.9476762716946412,0.07661922567062047,"[-0.18000000000000016, 0.0]",0.18000000000000016
503,67,29,0.26397692340335177,28,6,0.0,0.0,0.0,False,25,28,,,,,
503,67,29,0.26397692340335177,28,7,0.0,0.0,0.0,False,20,28,,,,,
503,67,29,0.26397692340335177,28,8,0.0,0.0,0.0,False,20,28,,,,,
503,67,29,0.26397692340335177,28,9,0.0,0.0,0.0,False,16,28,,,,,
503,67,29,0.26397692340335177,28,10,0.0,0.0,0.0,False,16,28,,,,,
503,67,29,0.26397692340335177,28,11,0.0,0.0,0.0,False,13,28,,,,,
503,67,29,0.26397692340335177,28,12,0.0,0.0,0.0,False,12,28,,,,,
503,67,29,0.26397692340335177,28,13,0.0,0.0,0.0,False,12,28,,,,,
503,67,30,0.18404143044057011,20,0,0.0,0.0,0.0,False,67,20,,,,,
503,67,30,0.18404143044057011,20,1,0.0,0.0,0.0,False,63,20,,,,,
503,67,30,0.18404143044057011,20,2,0.0,0.0,0.0,False,42,20,,,,,
503,67,30,0.18404143044057011,20,3,0.0,0.0,0.0,False,34,20,,,,,
503,67,30,0.18404143044057011,20,4,0.0,0.0,0.0,False,28,20,,,,,
503,67,30,0.18404143044057011,20,5,0.0,0.0,0.0,False,28,20,,,,,
503,67,30,0.18404143044057011,20,6,0.0,0.0,0.0,False,25,20,,,,,
503,67,30,0.18404143044057011,20,7,1.0,1.0,1.0,True,20,20,0.8387993608927795,0.9355197443571118,0.09442039813313105,"[-0.16800000000000015, 0.0]",0.16800000000000015
503,67,30,0.18404143044057011,20,8,0.0,0.0,0.0,False,20,20,,,,,
503,67,30,0.18404143044057011,20,9,0.0,0.0,0.0,False,16,20,,,,,
503,67,30,0.18404143044057011,20,10,0.0,0.0,0.0,False,16,20,,,,,
503,67,30,0.18404143044057011,20,11,0.0,0.0,0.0,False,13,20,,,,,
503,67,30,0.18404143044057011,20,12,0.0,0.0,0.0,False,12,20,,,,,
503,67,30,0.18404143044057011,20,13,0.0,0.0,0.0,False,12,20,,,,,
503,67,26,0.1758700139744452,42,0,0.0,0.0,0.0,False,67,42,,,,,
503,67,26,0.1758700139744452,42,1,0.0,0.0,0.0,False,63,42,,,,,
503,67,26,0.1758700139744452,42,2,1.0,1.0,1.0,True,42,42,0.9377247853065213,0.9750899141226085,0.036476595860599766,"[0.0, 0.22666666666666657]",0.22666666666666657
503,67,26,0.1758700139744452,42,3,0.0,0.0,0.0,False,34,42,,,,,
503,67,26,0.1758700139744452,42,4,0.0,0.0,0.0,False,28,42,,,,,
503,67,26,0.1758700139744452,42,5,0.0,0.0,0.0,False,28,42,,,,,
503,67,26,0.1758700139744452,42,6,0.0,0.0,0.0,False,25,42,,,,,
503,67,26,0.1758700139744452,42,7,0.0,0.0,0.0,False,20,42,,,,,
503,67,26,0.1758700139744452,42,8,0.0,0.0,0.0,False,20,42,,,,,
503,67,26,0.1758700139744452,42,9,0.0,0.0,0.0,False,16,42,,,,,
503,67,26,0.1758700139744452,42,10,0.0,0.0,0.0,False,16,42,,,,,
503,67,26,0.1758700139744452,42,11,0.0,0.0,0.0,False,13,42,,,,,
503,67,26,0.1758700139744452,42,12,0.0,0.0,0.0,False,12,42,,,,,
503,67,26,0.1758700139744452,42,13,0.0,0.0,0.0,False,12,42,,,,,
503,67,34,0.15355164582424016,66,0,1.0,0.9850746268656716,0.9924812030075187,True,67,66,0.8116306299514463,0.9201409737850897,0.11033399752367892,"[-0.06714714972468272, 0.014973329364934784]",0.06879636842464708
503,67,34,0.15355164582424016,66,1,0.0,0.0,0.0,False,63,66,,,,,
503,67,34,0.15355164582424016,66,2,0.0,0.0,0.0,False,42,66,,,,,
503,67,34,0.15355164582424016,66,3,0.0,0.0,0.0,False,34,66,,,,,
503,67,34,0.15355164582424016,66,4,0.0,0.0,0.0,False,28,66,,,,,
503,67,34,0.15355164582424016,66,5,0.0,0.0,0.0,False,28,66,,,,,
503,67,34,0.15355164582424016,66,6,0.0,0.0,0.0,False,25,66,,,,,
503,67,34,0.15355164582424016,66,7,0.0,0.0,0.0,False,20,66,,,,,
503,67,34,0.15355164582424016,66,8,0.0,0.0,0.0,False,20,66,,,,,
503,67,34,0.15355164582424016,66,9,0.0,0.0,0.0,False,16,66,,,,,
503,67,34,0.15355164582424016,66,10,0.0,0.0,0.0,False,16,66,,,,,
503,67,34,0.15355164582424016,66,11,0.0,0.0,0.0,False,13,66,,,,,
503,67,34,0.15355164582424016,66,12,0.0,0.0,0.0,False,12,66,,,,,
503,67,34,0.15355164582424016,66,13,0.0,0.0,0.0,False,12,66,,,,,
503,67,31,0.1463142613227584,28,0,0.0,0.0,0.0,False,67,28,,,,,
503,67,31,0.1463142613227584,28,1,0.0,0.0,0.0,False,63,28,,,,,
503,67,31,0.1463142613227584,28,2,0.0,0.0,0.0,False,42,28,,,,,
503,67,31,0.1463142613227584,28,3,0.0,0.0,0.0,False,34,28,,,,,
503,67,31,0.1463142613227584,28,4,0.0,0.0,0.0,False,28,28,,,,,
503,67,31,0.1463142613227584,28,5,1.0,1.0,1.0,True,28,28,0.8691906792366031,0.9476762716946412,0.07661922567062047,"[-0.18000000000000016, 0.0]",0.18000000000000016
503,67,31,0.1463142613227584,28,6,0.0,0.0,0.0,False,25,28,,,,,
503,67,31,0.1463142613227584,28,7,0.0,0.0,0.0,False,20,28,,,,,
503,67,31,0.1463142613227584,28,8,0.0,0.0,0.0,False,20,28,,,,,
503,67,31,0.1463142613227584,28,9,0.0,0.0,0.0,False,16,28,,,,,
503,67,31,0.1463142613227584,28,10,0.0,0.0,0.0,False,16,28,,,,,
503,67,31,0.1463142613227584,28,11,0.0,0.0,0.0,False,13,28,,,,,
503,67,31,0.1463142613227584,28,12,0.0,0.0,0.0,False,12,28,,,,,
503,67,31,0.1463142613227584,28,13,0.0,0.0,0.0,False,12,28,,,,,
503,67,37,0.07624572503463438,28,0,0.0,0.0,0.0,False,67,28,,,,,
503,67,37,0.07624572503463438,28,1,0.0,0.0,0.0,False,63,28,,,,,
503,67,37,0.07624572503463438,28,2,0.0,0.0,0.0,False,42,28,,,,,
503,67,37,0.07624572503463438,28,3,0.0,0.0,0.0,False,34,28,,,,,
503,67,37,0.07624572503463438,28,4,1.0,1.0,1.0,True,28,28,0.8171752721413816,0.9268701088565526,0.10708632229125492,"[-0.019999999999999574, 0.020000000000003126]",0.02828427124746381
503,67,37,0.07624572503463438,28,5,0.0,0.0,0.0,False,28,28,,,,,
503,67,37,0.07624572503463438,28,6,0.0,0.0,0.0,False,25,28,,,,,
503,67,37,0.07624572503463438,28,7,0.0,0.0,0.0,False,20,28,,,,,
503,67,37,0.07624572503463438,28,8,0.0,0.0,0.0,False,20,28,,,,,
503,67,37,0.07624572503463438,28,9,0.0,0.0,0.0,False,16,28,,,,,
503,67,37,0.07624572503463438,28,10,0.0,0.0,0.0,False,16,28,,,,,
503,67,37,0.07624572503463438,28,11,0.0,0.0,0.0,False,13,28,,,,,
503,67,37,0.07624572503463438,28,12,0.0,0.0,0.0,False,12,28,,,,,
503,67,37,0.07624572503463438,28,13,0.0,0.0,0.0,False,12,28,,,,,
503,68,29,0.31186418179098796,28,0,0.0,0.0,0.0,False,65,28,,,,,
503,68,29,0.31186418179098796,28,1,0.0,0.0,0.0,False,63,28,,,,,
503,68,29,0.31186418179098796,28,2,0.0,0.0,0.0,False,43,28,,,,,
503,68,29,0.31186418179098796,28,3,0.0,0.0,0.0,False,41,28,,,,,
503,68,29,0.31186418179098796,28,4,0.0,0.0,0.0,False,32,28,,,,,
503,68,29,0.31186418179098796,28,5,1.0,0.9032258064516129,0.9491525423728814,True,31,28,0.8474687504821838,0.9084790256166024,0.08934245786480291,"[-0.45991082350689805, -0.0562079804290363]",0.4633328205973586
503,68,29,0.31186418179098796,28,6,0.0,0.0,0.0,False,28,28,,,,,
503,68,29,0.31186418179098796,28,7,0.0,0.0,0.0,False,22,28,,,,,
503,68,29,0.31186418179098796,28,8,0.0,0.0,0.0,False,21,28,,,,,
503,68,29,0.31186418179098796,28,9,0.0,0.0,0.0,False,15,28,,,,,
503,68,29,0.31186418179098796,28,10,0.0,0.0,0.0,False,13,28,,,,,
503,68,29,0.31186418179098796,28,11,0.0,0.0,0.0,False,12,28,,,,,
503,68,30,0.21742783187260473,20,0,0.0,0.0,0.0,False,65,20,,,,,
503,68,30,0.21742783187260473,20,1,0.0,0.0,0.0,False,63,20,,,,,
503,68,30,0.21742783187260473,20,2,0.0,0.0,0.0,False,43,20,,,,,
503,68,30,0.21742783187260473,20,3,0.0,0.0,0.0,False,41,20,,,,,
503,68,30,0.21742783187260473,20,4,0.0,0.0,0.0,False,32,20,,,,,
503,68,30,0.21742783187260473,20,5,0.0,0.0,0.0,False,31,20,,,,,
503,68,30,0.21742783187260473,20,6,0.0,0.0,0.0,False,28,20,,,,,
503,68,30,0.21742783187260473,20,7,0.0,0.0,0.0,False,22,20,,,,,
503,68,30,0.21742783187260473,20,8,1.0,0.9523809523809523,0.975609756097561,True,21,20,0.7845701048086934,0.8991938955820139,0.12618421729837143,"[-0.12830210861756797, 0.14711204897971442]",0.1952008863471785
503,68,30,0.21742783187260473,20,9,0.0,0.0,0.0,False,15,20,,,,,
503,68,30,0.21742783187260473,20,10,0.0,0.0,0.0,False,13,20,,,,,
503,68,30,0.21742783187260473,20,11,0.0,0.0,0.0,False,12,20,,,,,
503,68,26,0.20777406336350068,42,0,0.0,0.0,0.0,False,65,42,,,,,
503,68,26,0.20777406336350068,42,1,0.0,0.0,0.0,False,63,42,,,,,
503,68,26,0.20777406336350068,42,2,0.0,0.0,0.0,False,43,42,,,,,
503,68,26,0.20777406336350068,42,3,0.9761904761904762,1.0,0.9879518072289156,True,41,42,0.9007032044409053,0.9530523661137116,0.058161326294728546,"[0.10117325670839428, 0.2291839817107313]",0.25052210550322196
503,68,26,0.20777406336350068,42,4,0.0,0.0,0.0,False,32,42,,,,,
503,68,26,0.20777406336350068,42,5,0.0,0.0,0.0,False,31,42,,,,,
503,68,26,0.20777406336350068,42,6,0.0,0.0,0.0,False,28,42,,,,,
503,68,26,0.20777406336350068,42,7,0.0,0.0,0.0,False,22,42,,,,,
503,68,26,0.20777406336350068,42,8,0.023809523809523808,0.047619047619047616,0.031746031746031744,False,21,42,,,,,
503,68,26,0.20777406336350068,42,9,0.0,0.0,0.0,False,15,42,,,,,
503,68,26,0.20777406336350068,42,10,0.0,0.0,0.0,False,13,42,,,,,
503,68,26,0.20777406336350068,42,11,0.0,0.0,0.0,False,12,42,,,,,
503,68,31,0.17285669066630038,28,0,0.0,0.0,0.0,False,65,28,,,,,
503,68,31,0.17285669066630038,28,1,0.0,0.0,0.0,False,63,28,,,,,
503,68,31,0.17285669066630038,28,2,0.0,0.0,0.0,False,43,28,,,,,
503,68,31,0.17285669066630038,28,3,0.0,0.0,0.0,False,41,28,,,,,
503,68,31,0.17285669066630038,28,4,0.0,0.0,0.0,False,32,28,,,,,
503,68,31,0.17285669066630038,28,5,1.0,0.9032258064516129,0.9491525423728814,True,31,28,0.8474687504821838,0.9084790256166024,0.08934245786480291,"[-0.45991082350689805, -0.0562079804290363]",0.4633328205973586
503,68,31,0.17285669066630038,28,6,0.0,0.0,0.0,False,28,28,,,,,
503,68,31,0.17285669066630038,28,7,0.0,0.0,0.0,False,22,28,,,,,
503,68,31,0.17285669066630038,28,8,0.0,0.0,0.0,False,21,28,,,,,
503,68,31,0.17285669066630038,28,9,0.0,0.0,0.0,False,15,28,,,,,
503,68,31,0.17285669066630038,28,10,0.0,0.0,0.0,False,13,28,,,,,
503,68,31,0.17285669066630038,28,11,0.0,0.0,0.0,False,12,28,,,,,
503,68,37,0.09007723230660616,28,0,0.0,0.0,0.0,False,65,28,,,,,
503,68,37,0.09007723230660616,28,1,0.0,0.0,0.0,False,63,28,,,,,
503,68,37,0.09007723230660616,28,2,0.0,0.0,0.0,False,43,28,,,,,
503,68,37,0.09007723230660616,28,3,0.0,0.0,0.0,False,41,28,,,,,
503,68,37,0.09007723230660616,28,4,0.0,0.0,0.0,False,32,28,,,,,
503,68,37,0.09007723230660616,28,5,0.0,0.0,0.0,False,31,28,,,,,
503,68,37,0.09007723230660616,28,6,1.0,1.0,1.0,True,28,28,0.7923429369357876,0.916937174774315,0.12163141956675652,"[-0.009999999999999787, -0.010000000000001563]",0.014142135623731905
503,68,37,0.09007723230660616,28,7,0.0,0.0,0.0,False,22,28,,,,,
503,68,37,0.09007723230660616,28,8,0.0,0.0,0.0,False,21,28,,,,,
503,68,37,0.09007723230660616,28,9,0.0,0.0,0.0,False,15,28,,,,,
503,68,37,0.09007723230660616,28,10,0.0,0.0,0.0,False,13,28,,,,,
503,68,37,0.09007723230660616,28,11,0.0,0.0,0.0,False,12,28,,,,,
503,69,29,0.311864181790988,31,0,0.0,0.0,0.0,False,66,31,,,,,
503,69,29,0.311864181790988,31,1,0.0,0.0,0.0,False,63,31,,,,,
503,69,29,0.311864181790988,31,2,0.0,0.0,0.0,False,41,31,,,,,
503,69,29,0.311864181790988,31,3,0.0,0.0,0.0,False,40,31,,,,,
503,69,29,0.311864181790988,31,4,0.0,0.0,0.0,False,37,31,,,,,
503,69,29,0.311864181790988,31,5,0.967741935483871,1.0,0.9836065573770492,True,30,31,0.8329726307248324,0.9233529867161625,0.09783330136551809,"[-0.31702896297552385, 0.032708548693799244]",0.31871180166882856
503,69,29,0.311864181790988,31,6,0.0,0.0,0.0,False,28,31,,,,,
503,69,29,0.311864181790988,31,7,0.0,0.0,0.0,False,21,31,,,,,
503,69,29,0.311864181790988,31,8,0.0,0.0,0.0,False,21,31,,,,,
503,69,29,0.311864181790988,31,9,0.0,0.0,0.0,False,15,31,,,,,
503,69,29,0.311864181790988,31,10,0.0,0.0,0.0,False,13,31,,,,,
503,69,29,0.311864181790988,31,11,0.03225806451612903,0.07692307692307693,0.045454545454545456,False,13,31,,,,,
503,69,30,0.21742783187260475,21,0,0.0,0.0,0.0,False,66,21,,,,,
503,69,30,0.21742783187260475,21,1,0.0,0.0,0.0,False,63,21,,,,,
503,69,30,0.21742783187260475,21,2,0.0,0.0,0.0,False,41,21,,,,,
503,69,30,0.21742783187260475,21,3,0.0,0.0,0.0,False,40,21,,,,,
503,69,30,0.21742783187260475,21,4,0.0,0.0,0.0,False,37,21,,,,,
503,69,30,0.21742783187260475,21,5,0.0,0.0,0.0,False,30,21,,,,,
503,69,30,0.21742783187260475,21,6,0.0,0.0,0.0,False,28,21,,,,,
503,69,30,0.21742783187260475,21,7,1.0,1.0,1.0,True,21,21,0.8651875296190832,0.9460750118476333,0.07896399913284803,"[-0.2400000000000002, -0.013333333333333641]",0.24037008503093285
503,69,30,0.21742783187260475,21,8,0.0,0.0,0.0,False,21,21,,,,,
503,69,30,0.21742783187260475,21,9,0.0,0.0,0.0,False,15,21,,,,,
503,69,30,0.21742783187260475,21,10,0.0,0.0,0.0,False,13,21,,,,,
503,69,30,0.21742783187260475,21,11,0.0,0.0,0.0,False,13,21,,,,,
503,69,26,0.2077740633635007,41,0,0.0,0.0,0.0,False,66,41,,,,,
503,69,26,0.2077740633635007,41,1,0.0,0.0,0.0,False,63,41,,,,,
503,69,26,0.2077740633635007,41,2,1.0,1.0,1.0,True,41,41,0.9595912123836744,0.9838364849534698,0.023668726352088602,"[0.006829268292683821, 0.23219512195121972]",0.2322955306572971
503,69,26,0.2077740633635007,41,3,0.0,0.0,0.0,False,40,41,,,,,
503,69,26,0.2077740633635007,41,4,0.0,0.0,0.0,False,37,41,,,,,
503,69,26,0.2077740633635007,41,5,0.0,0.0,0.0,False,30,41,,,,,
503,69,26,0.2077740633635007,41,6,0.0,0.0,0.0,False,28,41,,,,,
503,69,26,0.2077740633635007,41,7,0.0,0.0,0.0,False,21,41,,,,,
503,69,26,0.2077740633635007,41,8,0.0,0.0,0.0,False,21,41,,,,,
503,69,26,0.2077740633635007,41,9,0.0,0.0,0.0,False,15,41,,,,,
503,69,26,0.2077740633635007,41,10,0.0,0.0,0.0,False,13,41,,,,,
503,69,26,0.2077740633635007,41,11,0.0,0.0,0.0,False,13,41,,,,,
503,69,31,0.1728566906663004,31,0,0.0,0.0,0.0,False,66,31,,,,,
503,69,31,0.1728566906663004,31,1,0.0,0.0,0.0,False,63,31,,,,,
503,69,31,0.1728566906663004,31,2,0.0,0.0,0.0,False,41,31,,,,,
503,69,31,0.1728566906663004,31,3,0.0,0.0,0.0,False,40,31,,,,,
503,69,31,0.1728566906663004,31,4,0.0,0.0,0.0,False,37,31,,,,,
503,69,31,0.1728566906663004,31,5,0.967741935483871,1.0,0.9836065573770492,True,30,31,0.8329726307248324,0.9233529867161625,0.09783330136551809,"[-0.31702896297552385, 0.032708548693799244]",0.31871180166882856
503,69,31,0.1728566906663004,31,6,0.0,0.0,0.0,False,28,31,,,,,
503,69,31,0.1728566906663004,31,7,0.0,0.0,0.0,False,21,31,,,,,
503,69,31,0.1728566906663004,31,8,0.0,0.0,0.0,False,21,31,,,,,
503,69,31,0.1728566906663004,31,9,0.0,0.0,0.0,False,15,31,,,,,
503,69,31,0.1728566906663004,31,10,0.0,0.0,0.0,False,13,31,,,,,
503,69,31,0.1728566906663004,31,11,0.03225806451612903,0.07692307692307693,0.045454545454545456,False,13,31,,,,,
503,69,37,0.09007723230660618,28,0,0.0,0.0,0.0,False,66,28,,,,,
503,69,37,0.09007723230660618,28,1,0.0,0.0,0.0,False,63,28,,,,,
503,69,37,0.09007723230660618,28,2,0.0,0.0,0.0,False,41,28,,,,,
503,69,37,0.09007723230660618,28,3,0.0,0.0,0.0,False,40,28,,,,,
503,69,37,0.09007723230660618,28,4,0.0,0.0,0.0,False,37,28,,,,,
503,69,37,0.09007723230660618,28,5,0.0,0.0,0.0,False,30,28,,,,,
503,69,37,0.09007723230660618,28,6,1.0,1.0,1.0,True,28,28,0.8100410345688008,0.9240164138275203,0.11126507465669294,"[0.009999999999999787, -0.030000000000001137]",0.031622776601684804
503,69,37,0.09007723230660618,28,7,0.0,0.0,0.0,False,21,28,,,,,
503,69,37,0.09007723230660618,28,8,0.0,0.0,0.0,False,21,28,,,,,
503,69,37,0.09007723230660618,28,9,0.0,0.0,0.0,False,15,28,,,,,
503,69,37,0.09007723230660618,28,10,0.0,0.0,0.0,False,13,28,,,,,
503,69,37,0.09007723230660618,28,11,0.0,0.0,0.0,False,13,28,,,,,
503,70,29,0.311864181790988,30,0,0.0,0.0,0.0,False,63,30,,,,,
503,70,29,0.311864181790988,30,1,0.0,0.0,0.0,False,63,30,,,,,
503,70,29,0.311864181790988,30,2,0.0,0.0,0.0,False,41,30,,,,,
503,70,29,0.311864181790988,30,3,0.0,0.0,0.0,False,41,30,,,,,
503,70,29,0.311864181790988,30,4,0.0,0.0,0.0,False,36,30,,,,,
503,70,29,0.311864181790988,30,5,1.0,0.967741935483871,0.9836065573770492,True,31,30,0.8804275091343795,0.9423349380799813,0.07003745305124141,"[-0.23470731046433313, -0.07927233214768403]",0.24773296960544755
503,70,29,0.311864181790988,30,6,0.0,0.0,0.0,False,26,30,,,,,
503,70,29,0.311864181790988,30,7,0.0,0.0,0.0,False,23,30,,,,,
503,70,29,0.311864181790988,30,8,0.0,0.0,0.0,False,21,30,,,,,
503,70,29,0.311864181790988,30,9,0.0,0.0,0.0,False,14,30,,,,,
503,70,29,0.311864181790988,30,10,0.0,0.0,0.0,False,13,30,,,,,
503,70,29,0.311864181790988,30,11,0.0,0.0,0.0,False,13,30,,,,,
503,70,30,0.21742783187260475,21,0,0.0,0.0,0.0,False,63,21,,,,,
503,70,30,0.21742783187260475,21,1,0.0,0.0,0.0,False,63,21,,,,,
503,70,30,0.21742783187260475,21,2,0.0,0.0,0.0,False,41,21,,,,,
503,70,30,0.21742783187260475,21,3,0.0,0.0,0.0,False,41,21,,,,,
503,70,30,0.21742783187260475,21,4,0.0,0.0,0.0,False,36,21,,,,,
503,70,30,0.21742783187260475,21,5,0.0,0.0,0.0,False,31,21,,,,,
503,70,30,0.21742783187260475,21,6,0.0,0.0,0.0,False,26,21,,,,,
503,70,30,0.21742783187260475,21,7,0.0,0.0,0.0,False,23,21,,,,,
503,70,30,0.21742783187260475,21,8,1.0,1.0,1.0,True,21,21,0.8311452113766562,0.9324580845506625,0.09890367964296533,"[-0.25333333333333385, 0.0]",0.25333333333333385
503,70,30,0.21742783187260475,21,9,0.0,0.0,0.0,False,14,21,,,,,
503,70,30,0.21742783187260475,21,10,0.0,0.0,0.0,False,13,21,,,,,
503,70,30,0.21742783187260475,21,11,0.0,0.0,0.0,False,13,21,,,,,
503,70,26,0.2077740633635007,41,0,0.0,0.0,0.0,False,63,41,,,,,
503,70,26,0.2077740633635007,41,1,0.0,0.0,0.0,False,63,41,,,,,
503,70,26,0.2077740633635007,41,2,1.0,1.0,1.0,True,41,41,0.9413954324230647,0.9765581729692259,0.03432657980564028,"[0.006829268292683821, 0.23219512195121794]",0.23229553065729533
503,70,26,0.2077740633635007,41,3,0.0,0.0,0.0,False,41,41,,,,,
503,70,26,0.2077740633635007,41,4,0.0,0.0,0.0,False,36,41,,,,,
503,70,26,0.2077740633635007,41,5,0.0,0.0,0.0,False,31,41,,,,,
503,70,26,0.2077740633635007,41,6,0.0,0.0,0.0,False,26,41,,,,,
503,70,26,0.2077740633635007,41,7,0.0,0.0,0.0,False,23,41,,,,,
503,70,26,0.2077740633635007,41,8,0.0,0.0,0.0,False,21,41,,,,,
503,70,26,0.2077740633635007,41,9,0.0,0.0,0.0,False,14,41,,,,,
503,70,26,0.2077740633635007,41,10,0.0,0.0,0.0,False,13,41,,,,,
503,70,26,0.2077740633635007,41,11,0.0,0.0,0.0,False,13,41,,,,,
503,70,31,0.1728566906663004,30,0,0.0,0.0,0.0,False,63,30,,,,,
503,70,31,0.1728566906663004,30,1,0.0,0.0,0.0,False,63,30,,,,,
503,70,31,0.1728566906663004,30,2,0.0,0.0,0.0,False,41,30,,,,,
503,70,31,0.1728566906663004,30,3,0.0,0.0,0.0,False,41,30,,,,,
503,70,31,0.1728566906663004,30,4,0.0,0.0,0.0,False,36,30,,,,,
503,70,31,0.1728566906663004,30,5,1.0,0.967741935483871,0.9836065573770492,True,31,30,0.8804275091343795,0.9423349380799813,0.07003745305124141,"[-0.23470731046433313, -0.07927233214768403]",0.24773296960544755
503,70,31,0.1728566906663004,30,6,0.0,0.0,0.0,False,26,30,,,,,
503,70,31,0.1728566906663004,30,7,0.0,0.0,0.0,False,23,30,,,,,
503,70,31,0.1728566906663004,30,8,0.0,0.0,0.0,False,21,30,,,,,
503,70,31,0.1728566906663004,30,9,0.0,0.0,0.0,False,14,30,,,,,
503,70,31,0.1728566906663004,30,10,0.0,0.0,0.0,False,13,30,,,,,
503,70,31,0.1728566906663004,30,11,0.0,0.0,0.0,False,13,30,,,,,
503,70,37,0.09007723230660618,28,0,0.0,0.0,0.0,False,63,28,,,,,
503,70,37,0.09007723230660618,28,1,0.0,0.0,0.0,False,63,28,,,,,
503,70,37,0.09007723230660618,28,2,0.0,0.0,0.0,False,41,28,,,,,
503,70,37,0.09007723230660618,28,3,0.0,0.0,0.0,False,41,28,,,,,
503,70,37,0.09007723230660618,28,4,0.0,0.0,0.0,False,36,28,,,,,
503,70,37,0.09007723230660618,28,5,0.0,0.0,0.0,False,31,28,,,,,
503,70,37,0.09007723230660618,28,6,0.07142857142857142,0.07692307692307693,0.07407407407407407,False,26,28,,,,,
503,70,37,0.09007723230660618,28,7,0.8214285714285714,1.0,0.9019607843137255,True,23,28,0.7860509464077072,0.8555968491513182,0.1253168407536793,"[0.15826673247373968, -0.26656938957836473]",0.3100122547063201
503,70,37,0.09007723230660618,28,8,0.0,0.0,0.0,False,21,28,,,,,
503,70,37,0.09007723230660618,28,9,0.0,0.0,0.0,False,14,28,,,,,
503,70,37,0.09007723230660618,28,10,0.0,0.0,0.0,False,13,28,,,,,
503,70,37,0.09007723230660618,28,11,0.0,0.0,0.0,False,13,28,,,,,
503,71,29,0.311864181790988,31,0,0.0,0.0,0.0,False,64,31,,,,,
503,71,29,0.311864181790988,31,1,0.0,0.0,0.0,False,63,31,,,,,
503,71,29,0.311864181790988,31,2,0.0,0.0,0.0,False,41,31,,,,,
503,71,29,0.311864181790988,31,3,0.0,0.0,0.0,False,41,31,,,,,
503,71,29,0.311864181790988,31,4,0.0,0.0,0.0,False,36,31,,,,,
503,71,29,0.311864181790988,31,5,1.0,1.0,1.0,True,31,31,0.8964400361319131,0.9585760144527653,0.060658401066099994,"[-0.19870967741935464, -0.009032258064515908]",0.1989148500887955
503,71,29,0.311864181790988,31,6,0.0,0.0,0.0,False,23,31,,,,,
503,71,29,0.311864181790988,31,7,0.0,0.0,0.0,False,23,31,,,,,
503,71,29,0.311864181790988,31,8,0.0,0.0,0.0,False,21,31,,,,,
503,71,29,0.311864181790988,31,9,0.0,0.0,0.0,False,14,31,,,,,
503,71,29,0.311864181790988,31,10,0.0,0.0,0.0,False,13,31,,,,,
503,71,29,0.311864181790988,31,11,0.0,0.0,0.0,False,12,31,,,,,
503,71,30,0.21742783187260475,21,0,0.0,0.0,0.0,False,64,21,,,,,
503,71,30,0.21742783187260475,21,1,0.0,0.0,0.0,False,63,21,,,,,
503,71,30,0.21742783187260475,21,2,0.0,0.0,0.0,False,41,21,,,,,
503,71,30,0.21742783187260475,21,3,0.0,0.0,0.0,False,41,21,,,,,
503,71,30,0.21742783187260475,21,4,0.0,0.0,0.0,False,36,21,,,,,
503,71,30,0.21742783187260475,21,5,0.0,0.0,0.0,False,31,21,,,,,
503,71,30,0.21742783187260475,21,6,0.0,0.0,0.0,False,23,21,,,,,
503,71,30,0.21742783187260475,21,7,0.0,0.0,0.0,False,23,21,,,,,
503,71,30,0.21742783187260475,21,8,1.0,1.0,1.0,True,21,21,0.9148118996874168,0.9659247598749667,0.04989740978861243,"[-0.21333333333333293, 0.013333333333333641]",0.21374959389175158
503,71,30,0.21742783187260475,21,9,0.0,0.0,0.0,False,14,21,,,,,
503,71,30,0.21742783187260475,21,10,0.0,0.0,0.0,False,13,21,,,,,
503,71,30,0.21742783187260475,21,11,0.0,0.0,0.0,False,12,21,,,,,
503,71,26,0.2077740633635007,41,0,0.0,0.0,0.0,False,64,41,,,,,
503,71,26,0.2077740633635007,41,1,0.0,0.0,0.0,False,63,41,,,,,
503,71,26,0.2077740633635007,41,2,1.0,1.0,1.0,True,41,41,0.9391079740046061,0.9756431896018425,0.03566641776025394,"[-0.006829268292683821, 0.23219512195121972]",0.2322955306572971
503,71,26,0.2077740633635007,41,3,0.0,0.0,0.0,False,41,41,,,,,
503,71,26,0.2077740633635007,41,4,0.0,0.0,0.0,False,36,41,,,,,
503,71,26,0.2077740633635007,41,5,0.0,0.0,0.0,False,31,41,,,,,
503,71,26,0.2077740633635007,41,6,0.0,0.0,0.0,False,23,41,,,,,
503,71,26,0.2077740633635007,41,7,0.0,0.0,0.0,False,23,41,,,,,
503,71,26,0.2077740633635007,41,8,0.0,0.0,0.0,False,21,41,,,,,
503,71,26,0.2077740633635007,41,9,0.0,0.0,0.0,False,14,41,,,,,
503,71,26,0.2077740633635007,41,10,0.0,0.0,0.0,False,13,41,,,,,
503,71,26,0.2077740633635007,41,11,0.0,0.0,0.0,False,12,41,,,,,
503,71,31,0.1728566906663004,31,0,0.0,0.0,0.0,False,64,31,,,,,
503,71,31,0.1728566906663004,31,1,0.0,0.0,0.0,False,63,31,,,,,
503,71,31,0.1728566906663004,31,2,0.0,0.0,0.0,False,41,31,,,,,
503,71,31,0.1728566906663004,31,3,0.0,0.0,0.0,False,41,31,,,,,
503,71,31,0.1728566906663004,31,4,0.0,0.0,0.0,False,36,31,,,,,
503,71,31,0.1728566906663004,31,5,1.0,1.0,1.0,True,31,31,0.8964400361319131,0.9585760144527653,0.060658401066099994,"[-0.19870967741935464, -0.009032258064515908]",0.1989148500887955
503,71,31,0.1728566906663004,31,6,0.0,0.0,0.0,False,23,31,,,,,
503,71,31,0.1728566906663004,31,7,0.0,0.0,0.0,False,23,31,,,,,
503,71,31,0.1728566906663004,31,8,0.0,0.0,0.0,False,21,31,,,,,
503,71,31,0.1728566906663004,31,9,0.0,0.0,0.0,False,14,31,,,,,
503,71,31,0.1728566906663004,31,10,0.0,0.0,0.0,False,13,31,,,,,
503,71,31,0.1728566906663004,31,11,0.0,0.0,0.0,False,12,31,,,,,
503,71,37,0.09007723230660618,23,0,0.0,0.0,0.0,False,64,23,,,,,
503,71,37,0.09007723230660618,23,1,0.0,0.0,0.0,False,63,23,,,,,
503,71,37,0.09007723230660618,23,2,0.0,0.0,0.0,False,41,23,,,,,
503,71,37,0.09007723230660618,23,3,0.0,0.0,0.0,False,41,23,,,,,
503,71,37,0.09007723230660618,23,4,0.0,0.0,0.0,False,36,23,,,,,
503,71,37,0.09007723230660618,23,5,0.0,0.0,0.0,False,31,23,,,,,
503,71,37,0.09007723230660618,23,6,1.0,1.0,1.0,True,23,23,0.8473075252614957,0.9389230101045982,0.08943689266115856,"[0.0, 0.012173913043476148]",0.012173913043476148
503,71,37,0.09007723230660618,23,7,0.0,0.0,0.0,False,23,23,,,,,
503,71,37,0.09007723230660618,23,8,0.0,0.0,0.0,False,21,23,,,,,
503,71,37,0.09007723230660618,23,9,0.0,0.0,0.0,False,14,23,,,,,
503,71,37,0.09007723230660618,23,10,0.0,0.0,0.0,False,13,23,,,,,
503,71,37,0.09007723230660618,23,11,0.0,0.0,0.0,False,12,23,,,,,
503,72,29,0.311864181790988,31,0,0.0,0.0,0.0,False,63,31,,,,,
503,72,29,0.311864181790988,31,1,0.0,0.0,0.0,False,63,31,,,,,
503,72,29,0.311864181790988,31,2,0.0,0.0,0.0,False,41,31,,,,,
503,72,29,0.311864181790988,31,3,0.0,0.0,0.0,False,39,31,,,,,
503,72,29,0.311864181790988,31,4,0.0,0.0,0.0,False,38,31,,,,,
503,72,29,0.311864181790988,31,5,0.0,0.0,0.0,False,36,31,,,,,
503,72,29,0.311864181790988,31,6,1.0,0.8611111111111112,0.9253731343283582,True,36,31,0.8411582966070877,0.8916871992398501,0.09303869362780773,"[-0.39131671779595534, 0.04587810808842008]",0.3939969218513923
503,72,29,0.311864181790988,31,7,0.0,0.0,0.0,False,23,31,,,,,
503,72,29,0.311864181790988,31,8,0.0,0.0,0.0,False,23,31,,,,,
503,72,29,0.311864181790988,31,9,0.0,0.0,0.0,False,21,31,,,,,
503,72,29,0.311864181790988,31,10,0.0,0.0,0.0,False,13,31,,,,,
503,72,30,0.21742783187260475,21,0,0.0,0.0,0.0,False,63,21,,,,,
503,72,30,0.21742783187260475,21,1,0.0,0.0,0.0,False,63,21,,,,,
503,72,30,0.21742783187260475,21,2,0.0,0.0,0.0,False,41,21,,,,,
503,72,30,0.21742783187260475,21,3,0.0,0.0,0.0,False,39,21,,,,,
503,72,30,0.21742783187260475,21,4,0.0,0.0,0.0,False,38,21,,,,,
503,72,30,0.21742783187260475,21,5,0.0,0.0,0.0,False,36,21,,,,,
503,72,30,0.21742783187260475,21,6,0.0,0.0,0.0,False,36,21,,,,,
503,72,30,0.21742783187260475,21,7,0.0,0.0,0.0,False,23,21,,,,,
503,72,30,0.21742783187260475,21,8,0.0,0.0,0.0,False,23,21,,,,,
503,72,30,0.21742783187260475,21,9,1.0,1.0,1.0,True,21,21,0.8819314377215287,0.9527725750886115,0.06915655371517873,"[-0.18666666666666742, 0.013333333333333641]",0.18714225130157677
503,72,30,0.21742783187260475,21,10,0.0,0.0,0.0,False,13,21,,,,,
503,72,26,0.2077740633635007,41,0,0.0,0.0,0.0,False,63,41,,,,,
503,72,26,0.2077740633635007,41,1,0.0,0.0,0.0,False,63,41,,,,,
503,72,26,0.2077740633635007,41,2,0.0,0.0,0.0,False,41,41,,,,,
503,72,26,0.2077740633635007,41,3,0.07317073170731707,0.07692307692307693,0.075,False,39,41,,,,,
503,72,26,0.2077740633635007,41,4,0.926829268292683,1.0,0.9620253164556962,True,38,41,0.8915097083061887,0.9338190731958932,0.06354625262059735,"[0.13097768936012955, 0.27606248690582547]",0.30555793523773467
503,72,26,0.2077740633635007,41,5,0.0,0.0,0.0,False,36,41,,,,,
503,72,26,0.2077740633635007,41,6,0.0,0.0,0.0,False,36,41,,,,,
503,72,26,0.2077740633635007,41,7,0.0,0.0,0.0,False,23,41,,,,,
503,72,26,0.2077740633635007,41,8,0.0,0.0,0.0,False,23,41,,,,,
503,72,26,0.2077740633635007,41,9,0.0,0.0,0.0,False,21,41,,,,,
503,72,26,0.2077740633635007,41,10,0.0,0.0,0.0,False,13,41,,,,,
503,72,31,0.1728566906663004,31,0,0.0,0.0,0.0,False,63,31,,,,,
503,72,31,0.1728566906663004,31,1,0.0,0.0,0.0,False,63,31,,,,,
503,72,31,0.1728566906663004,31,2,0.0,0.0,0.0,False,41,31,,,,,
503,72,31,0.1728566906663004,31,3,0.0,0.0,0.0,False,39,31,,,,,
503,72,31,0.1728566906663004,31,4,0.0,0.0,0.0,False,38,31,,,,,
503,72,31,0.1728566906663004,31,5,0.0,0.0,0.0,False,36,31,,,,,
503,72,31,0.1728566906663004,31,6,1.0,0.8611111111111112,0.9253731343283582,True,36,31,0.8411582966070877,0.8916871992398501,0.09303869362780773,"[-0.39131671779595534, 0.04587810808842008]",0.3939969218513923
503,72,31,0.1728566906663004,31,7,0.0,0.0,0.0,False,23,31,,,,,
503,72,31,0.1728566906663004,31,8,0.0,0.0,0.0,False,23,31,,,,,
503,72,31,0.1728566906663004,31,9,0.0,0.0,0.0,False,21,31,,,,,
503,72,31,0.1728566906663004,31,10,0.0,0.0,0.0,False,13,31,,,,,
503,72,37,0.09007723230660618,23,0,0.0,0.0,0.0,False,63,23,,,,,
503,72,37,0.09007723230660618,23,1,0.0,0.0,0.0,False,63,23,,,,,
503,72,37,0.09007723230660618,23,2,0.0,0.0,0.0,False,41,23,,,,,
503,72,37,0.09007723230660618,23,3,0.0,0.0,0.0,False,39,23,,,,,
503,72,37,0.09007723230660618,23,4,0.0,0.0,0.0,False,38,23,,,,,
503,72,37,0.09007723230660618,23,5,0.0,0.0,0.0,False,36,23,,,,,
503,72,37,0.09007723230660618,23,6,0.0,0.0,0.0,False,36,23,,,,,
503,72,37,0.09007723230660618,23,7,0.0,0.0,0.0,False,23,23,,,,,
503,72,37,0.09007723230660618,23,8,1.0,1.0,1.0,True,23,23,0.8204567254003272,0.9281826901601309,0.10516426959418819,"[0.03652173913043555, -0.07304347826086754]",0.08166509135216476
503,72,37,0.09007723230660618,23,9,0.0,0.0,0.0,False,21,23,,,,,
503,72,37,0.09007723230660618,23,10,0.0,0.0,0.0,False,13,23,,,,,
503,73,29,0.311864181790988,36,0,0.0,0.0,0.0,False,63,36,,,,,
503,73,29,0.311864181790988,36,1,0.0,0.0,0.0,False,62,36,,,,,
503,73,29,0.311864181790988,36,2,0.0,0.0,0.0,False,41,36,,,,,
503,73,29,0.311864181790988,36,3,0.0,0.0,0.0,False,39,36,,,,,
503,73,29,0.311864181790988,36,4,0.0,0.0,0.0,False,38,36,,,,,
503,73,29,0.311864181790988,36,5,1.0,1.0,1.0,True,36,36,0.8367964780046052,0.9347185912018421,0.09559355104842229,"[-0.20999999999999974, 0.03888888888888875]",0.2135704700538261
503,73,29,0.311864181790988,36,6,0.0,0.0,0.0,False,32,36,,,,,
503,73,29,0.311864181790988,36,7,0.0,0.0,0.0,False,28,36,,,,,
503,73,29,0.311864181790988,36,8,0.0,0.0,0.0,False,21,36,,,,,
503,73,29,0.311864181790988,36,9,0.0,0.0,0.0,False,18,36,,,,,
503,73,29,0.311864181790988,36,10,0.0,0.0,0.0,False,13,36,,,,,
503,73,30,0.21742783187260475,21,0,0.0,0.0,0.0,False,63,21,,,,,
503,73,30,0.21742783187260475,21,1,0.0,0.0,0.0,False,62,21,,,,,
503,73,30,0.21742783187260475,21,2,0.0,0.0,0.0,False,41,21,,,,,
503,73,30,0.21742783187260475,21,3,0.0,0.0,0.0,False,39,21,,,,,
503,73,30,0.21742783187260475,21,4,0.0,0.0,0.0,False,38,21,,,,,
503,73,30,0.21742783187260475,21,5,0.0,0.0,0.0,False,36,21,,,,,
503,73,30,0.21742783187260475,21,6,0.0,0.0,0.0,False,32,21,,,,,
503,73,30,0.21742783187260475,21,7,0.0,0.0,0.0,False,28,21,,,,,
503,73,30,0.21742783187260475,21,8,1.0,1.0,1.0,True,21,21,0.8374163415775255,0.9349665366310103,0.0952304770205059,"[-0.22666666666666657, 0.0]",0.22666666666666657
503,73,30,0.21742783187260475,21,9,0.0,0.0,0.0,False,18,21,,,,,
503,73,30,0.21742783187260475,21,10,0.0,0.0,0.0,False,13,21,,,,,
503,73,26,0.2077740633635007,38,0,0.0,0.0,0.0,False,63,38,,,,,
503,73,26,0.2077740633635007,38,1,0.0,0.0,0.0,False,62,38,,,,,
503,73,26,0.2077740633635007,38,2,0.0,0.0,0.0,False,41,38,,,,,
503,73,26,0.2077740633635007,38,3,0.0,0.0,0.0,False,39,38,,,,,
503,73,26,0.2077740633635007,38,4,1.0,1.0,1.0,True,38,38,0.9496396812323963,0.9798558724929585,0.029497658163661362,"[-0.022105263157895294, 0.2284210526315782]",0.22948816950901416
503,73,26,0.2077740633635007,38,5,0.0,0.0,0.0,False,36,38,,,,,
503,73,26,0.2077740633635007,38,6,0.0,0.0,0.0,False,32,38,,,,,
503,73,26,0.2077740633635007,38,7,0.0,0.0,0.0,False,28,38,,,,,
503,73,26,0.2077740633635007,38,8,0.0,0.0,0.0,False,21,38,,,,,
503,73,26,0.2077740633635007,38,9,0.0,0.0,0.0,False,18,38,,,,,
503,73,26,0.2077740633635007,38,10,0.0,0.0,0.0,False,13,38,,,,,
503,73,31,0.1728566906663004,36,0,0.0,0.0,0.0,False,63,36,,,,,
503,73,31,0.1728566906663004,36,1,0.0,0.0,0.0,False,62,36,,,,,
503,73,31,0.1728566906663004,36,2,0.0,0.0,0.0,False,41,36,,,,,
503,73,31,0.1728566906663004,36,3,0.0,0.0,0.0,False,39,36,,,,,
503,73,31,0.1728566906663004,36,4,0.0,0.0,0.0,False,38,36,,,,,
503,73,31,0.1728566906663004,36,5,1.0,1.0,1.0,True,36,36,0.8367964780046052,0.9347185912018421,0.09559355104842229,"[-0.20999999999999974, 0.03888888888888875]",0.2135704700538261
503,73,31,0.1728566906663004,36,6,0.0,0.0,0.0,False,32,36,,,,,
503,73,31,0.1728566906663004,36,7,0.0,0.0,0.0,False,28,36,,,,,
503,73,31,0.1728566906663004,36,8,0.0,0.0,0.0,False,21,36,,,,,
503,73,31,0.1728566906663004,36,9,0.0,0.0,0.0,False,18,36,,,,,
503,73,31,0.1728566906663004,36,10,0.0,0.0,0.0,False,13,36,,,,,
503,73,37,0.09007723230660618,23,0,0.0,0.0,0.0,False,63,23,,,,,
503,73,37,0.09007723230660618,23,1,0.0,0.0,0.0,False,62,23,,,,,
503,73,37,0.09007723230660618,23,2,0.0,0.0,0.0,False,41,23,,,,,
503,73,37,0.09007723230660618,23,3,0.0,0.0,0.0,False,39,23,,,,,
503,73,37,0.09007723230660618,23,4,0.0,0.0,0.0,False,38,23,,,,,
503,73,37,0.09007723230660618,23,5,0.0,0.0,0.0,False,36,23,,,,,
503,73,37,0.09007723230660618,23,6,0.0,0.0,0.0,False,32,23,,,,,
503,73,37,0.09007723230660618,23,7,1.0,0.8214285714285714,0.9019607843137255,True,28,23,0.7954281999953366,0.8593477505863699,0.11982428177846088,"[0.09312785980419491, -0.2203809317175356]",0.23924998084931764
503,73,37,0.09007723230660618,23,8,0.0,0.0,0.0,False,21,23,,,,,
503,73,37,0.09007723230660618,23,9,0.0,0.0,0.0,False,18,23,,,,,
503,73,37,0.09007723230660618,23,10,0.0,0.0,0.0,False,13,23,,,,,
503,74,29,0.311864181790988,36,0,0.0,0.0,0.0,False,62,36,,,,,
503,74,29,0.311864181790988,36,1,0.0,0.0,0.0,False,61,36,,,,,
503,74,29,0.311864181790988,36,2,0.0,0.0,0.0,False,41,36,,,,,
503,74,29,0.311864181790988,36,3,0.0,0.0,0.0,False,38,36,,,,,
503,74,29,0.311864181790988,36,4,1.0,1.0,1.0,True,36,36,0.8921694966765685,0.9568677986706274,0.06315979335492765,"[-0.22555555555555706, 0.03888888888888875]",0.22888349508207953
503,74,29,0.311864181790988,36,5,0.0,0.0,0.0,False,36,36,,,,,
503,74,29,0.311864181790988,36,6,0.0,0.0,0.0,False,32,36,,,,,
503,74,29,0.311864181790988,36,7,0.0,0.0,0.0,False,32,36,,,,,
503,74,29,0.311864181790988,36,8,0.0,0.0,0.0,False,20,36,,,,,
503,74,29,0.311864181790988,36,9,0.0,0.0,0.0,False,20,36,,,,,
503,74,29,0.311864181790988,36,10,0.0,0.0,0.0,False,13,36,,,,,
503,74,30,0.21742783187260475,21,0,0.0,0.0,0.0,False,62,21,,,,,
503,74,30,0.21742783187260475,21,1,0.0,0.0,0.0,False,61,21,,,,,
503,74,30,0.21742783187260475,21,2,0.0,0.0,0.0,False,41,21,,,,,
503,74,30,0.21742783187260475,21,3,0.0,0.0,0.0,False,38,21,,,,,
503,74,30,0.21742783187260475,21,4,0.0,0.0,0.0,False,36,21,,,,,
503,74,30,0.21742783187260475,21,5,0.0,0.0,0.0,False,36,21,,,,,
503,74,30,0.21742783187260475,21,6,0.0,0.0,0.0,False,32,21,,,,,
503,74,30,0.21742783187260475,21,7,0.047619047619047616,0.03125,0.03773584905660377,False,32,21,,,,,
503,74,30,0.21742783187260475,21,8,0.9523809523809523,1.0,0.975609756097561,True,20,21,0.8355009339333693,0.9195662272318843,0.09635239287239142,"[-0.3616978913824327, -0.09044538231304777]",0.3728347245258299
503,74,30,0.21742783187260475,21,9,0.0,0.0,0.0,False,20,21,,,,,
503,74,30,0.21742783187260475,21,10,0.0,0.0,0.0,False,13,21,,,,,
503,74,26,0.2077740633635007,38,0,0.0,0.0,0.0,False,62,38,,,,,
503,74,26,0.2077740633635007,38,1,0.0,0.0,0.0,False,61,38,,,,,
503,74,26,0.2077740633635007,38,2,0.0,0.0,0.0,False,41,38,,,,,
503,74,26,0.2077740633635007,38,3,1.0,1.0,1.0,True,38,38,0.9068222857356649,0.962728914294266,0.054577183606088875,"[0.0, 0.23578947368421055]",0.23578947368421055
503,74,26,0.2077740633635007,38,4,0.0,0.0,0.0,False,36,38,,,,,
503,74,26,0.2077740633635007,38,5,0.0,0.0,0.0,False,36,38,,,,,
503,74,26,0.2077740633635007,38,6,0.0,0.0,0.0,False,32,38,,,,,
503,74,26,0.2077740633635007,38,7,0.0,0.0,0.0,False,32,38,,,,,
503,74,26,0.2077740633635007,38,8,0.0,0.0,0.0,False,20,38,,,,,
503,74,26,0.2077740633635007,38,9,0.0,0.0,0.0,False,20,38,,,,,
503,74,26,0.2077740633635007,38,10,0.0,0.0,0.0,False,13,38,,,,,
503,74,31,0.1728566906663004,36,0,0.0,0.0,0.0,False,62,36,,,,,
503,74,31,0.1728566906663004,36,1,0.0,0.0,0.0,False,61,36,,,,,
503,74,31,0.1728566906663004,36,2,0.0,0.0,0.0,False,41,36,,,,,
503,74,31,0.1728566906663004,36,3,0.0,0.0,0.0,False,38,36,,,,,
503,74,31,0.1728566906663004,36,4,1.0,1.0,1.0,True,36,36,0.8921694966765685,0.9568677986706274,0.06315979335492765,"[-0.22555555555555706, 0.03888888888888875]",0.22888349508207953
503,74,31,0.1728566906663004,36,5,0.0,0.0,0.0,False,36,36,,,,,
503,74,31,0.1728566906663004,36,6,0.0,0.0,0.0,False,32,36,,,,,
503,74,31,0.1728566906663004,36,7,0.0,0.0,0.0,False,32,36,,,,,
503,74,31,0.1728566906663004,36,8,0.0,0.0,0.0,False,20,36,,,,,
503,74,31,0.1728566906663004,36,9,0.0,0.0,0.0,False,20,36,,,,,
503,74,31,0.1728566906663004,36,10,0.0,0.0,0.0,False,13,36,,,,,
503,74,37,0.09007723230660618,28,0,0.0,0.0,0.0,False,62,28,,,,,
503,74,37,0.09007723230660618,28,1,0.0,0.0,0.0,False,61,28,,,,,
503,74,37,0.09007723230660618,28,2,0.0,0.0,0.0,False,41,28,,,,,
503,74,37,0.09007723230660618,28,3,0.0,0.0,0.0,False,38,28,,,,,
503,74,37,0.09007723230660618,28,4,0.0,0.0,0.0,False,36,28,,,,,
503,74,37,0.09007723230660618,28,5,0.0,0.0,0.0,False,36,28,,,,,
503,74,37,0.09007723230660618,28,6,0.0,0.0,0.0,False,32,28,,,,,
503,74,37,0.09007723230660618,28,7,1.0,0.875,0.9333333333333333,True,32,28,0.7303638875162819,0.8521455550065127,0.1579345419024583,"[0.37432788676762563, 0.1358785784977652]",0.39822651205876497
503,74,37,0.09007723230660618,28,8,0.0,0.0,0.0,False,20,28,,,,,
503,74,37,0.09007723230660618,28,9,0.0,0.0,0.0,False,20,28,,,,,
503,74,37,0.09007723230660618,28,10,0.0,0.0,0.0,False,13,28,,,,,
503,75,29,0.311864181790988,36,0,0.0,0.0,0.0,False,64,36,,,,,
503,75,29,0.311864181790988,36,1,0.027777777777777776,0.015873015873015872,0.020202020202020204,False,63,36,,,,,
503,75,29,0.311864181790988,36,2,0.0,0.0,0.0,False,45,36,,,,,
503,75,29,0.311864181790988,36,3,0.0,0.0,0.0,False,41,36,,,,,
503,75,29,0.311864181790988,36,4,0.0,0.0,0.0,False,37,36,,,,,
503,75,29,0.311864181790988,36,5,0.9166666666666666,1.0,0.9565217391304348,True,33,36,0.8556441795314831,0.9161707152908541,0.08455384616934582,"[23.686738443423778, 0.021603008730661344]",23.686748294714413
503,75,29,0.311864181790988,36,6,0.0,0.0,0.0,False,26,36,,,,,
503,75,29,0.311864181790988,36,7,0.0,0.0,0.0,False,24,36,,,,,
503,75,29,0.311864181790988,36,8,0.0,0.0,0.0,False,22,36,,,,,
503,75,29,0.311864181790988,36,9,0.0,0.0,0.0,False,20,36,,,,,
503,75,29,0.311864181790988,36,10,0.05555555555555555,0.13333333333333333,0.0784313725490196,False,15,36,,,,,
503,75,30,0.21742783187260475,20,0,0.0,0.0,0.0,False,64,20,,,,,
503,75,30,0.21742783187260475,20,1,0.0,0.0,0.0,False,63,20,,,,,
503,75,30,0.21742783187260475,20,2,0.0,0.0,0.0,False,45,20,,,,,
503,75,30,0.21742783187260475,20,3,0.0,0.0,0.0,False,41,20,,,,,
503,75,30,0.21742783187260475,20,4,0.0,0.0,0.0,False,37,20,,,,,
503,75,30,0.21742783187260475,20,5,0.0,0.0,0.0,False,33,20,,,,,
503,75,30,0.21742783187260475,20,6,0.0,0.0,0.0,False,26,20,,,,,
503,75,30,0.21742783187260475,20,7,0.0,0.0,0.0,False,24,20,,,,,
503,75,30,0.21742783187260475,20,8,0.0,0.0,0.0,False,22,20,,,,,
503,75,30,0.21742783187260475,20,9,1.0,1.0,1.0,True,20,20,0.9474002649156414,0.9789601059662566,0.030809356314393768,"[-0.23800000000000043, -0.014000000000001123]",0.23841140912297012
503,75,30,0.21742783187260475,20,10,0.0,0.0,0.0,False,15,20,,,,,
503,75,26,0.2077740633635007,38,0,0.0,0.0,0.0,False,64,38,,,,,
503,75,26,0.2077740633635007,38,1,0.0,0.0,0.0,False,63,38,,,,,
503,75,26,0.2077740633635007,38,2,1.0,0.8444444444444444,0.9156626506024096,True,45,38,0.8535873039788382,0.8908325119529811,0.08575862432448608,"[-0.14987345834002852, 0.06291045522750593]",0.16254162202873543
503,75,26,0.2077740633635007,38,3,0.0,0.0,0.0,False,41,38,,,,,
503,75,26,0.2077740633635007,38,4,0.0,0.0,0.0,False,37,38,,,,,
503,75,26,0.2077740633635007,38,5,0.0,0.0,0.0,False,33,38,,,,,
503,75,26,0.2077740633635007,38,6,0.0,0.0,0.0,False,26,38,,,,,
503,75,26,0.2077740633635007,38,7,0.0,0.0,0.0,False,24,38,,,,,
503,75,26,0.2077740633635007,38,8,0.0,0.0,0.0,False,22,38,,,,,
503,75,26,0.2077740633635007,38,9,0.0,0.0,0.0,False,20,38,,,,,
503,75,26,0.2077740633635007,38,10,0.0,0.0,0.0,False,15,38,,,,,
503,75,31,0.1728566906663004,36,0,0.0,0.0,0.0,False,64,36,,,,,
503,75,31,0.1728566906663004,36,1,0.027777777777777776,0.015873015873015872,0.020202020202020204,False,63,36,,,,,
503,75,31,0.1728566906663004,36,2,0.0,0.0,0.0,False,45,36,,,,,
503,75,31,0.1728566906663004,36,3,0.0,0.0,0.0,False,41,36,,,,,
503,75,31,0.1728566906663004,36,4,0.0,0.0,0.0,False,37,36,,,,,
503,75,31,0.1728566906663004,36,5,0.9166666666666666,1.0,0.9565217391304348,True,33,36,0.8556441795314831,0.9161707152908541,0.08455384616934582,"[23.686738443423778, 0.021603008730661344]",23.686748294714413
503,75,31,0.1728566906663004,36,6,0.0,0.0,0.0,False,26,36,,,,,
503,75,31,0.1728566906663004,36,7,0.0,0.0,0.0,False,24,36,,,,,
503,75,31,0.1728566906663004,36,8,0.0,0.0,0.0,False,22,36,,,,,
503,75,31,0.1728566906663004,36,9,0.0,0.0,0.0,False,20,36,,,,,
503,75,31,0.1728566906663004,36,10,0.05555555555555555,0.13333333333333333,0.0784313725490196,False,15,36,,,,,
503,75,37,0.09007723230660618,32,0,0.0,0.0,0.0,False,64,32,,,,,
503,75,37,0.09007723230660618,32,1,0.0,0.0,0.0,False,63,32,,,,,
503,75,37,0.09007723230660618,32,2,0.21875,0.15555555555555556,0.18181818181818182,False,45,32,,,,,
503,75,37,0.09007723230660618,32,3,0.0,0.0,0.0,False,41,32,,,,,
503,75,37,0.09007723230660618,32,4,0.03125,0.02702702702702703,0.028985507246376812,False,37,32,,,,,
503,75,37,0.09007723230660618,32,5,0.0,0.0,0.0,False,33,32,,,,,
503,75,37,0.09007723230660618,32,6,0.0,0.0,0.0,False,26,32,,,,,
503,75,37,0.09007723230660618,32,7,0.75,1.0,0.8571428571428571,True,24,32,0.6834512731208902,0.7876662235340703,0.18541276874579427,"[-0.038023521116786085, -0.15899103932065195]",0.16347458133416268
503,75,37,0.09007723230660618,32,8,0.0,0.0,0.0,False,22,32,,,,,
503,75,37,0.09007723230660618,32,9,0.0,0.0,0.0,False,20,32,,,,,
503,75,37,0.09007723230660618,32,10,0.0,0.0,0.0,False,15,32,,,,,
503,76,29,0.311864181790988,33,0,0.0,0.0,0.0,False,66,33,,,,,
503,76,29,0.311864181790988,33,1,0.0,0.0,0.0,False,64,33,,,,,
503,76,29,0.311864181790988,33,2,0.0,0.0,0.0,False,43,33,,,,,
503,76,29,0.311864181790988,33,3,0.0,0.0,0.0,False,41,33,,,,,
503,76,29,0.311864181790988,33,4,1.0,1.0,1.0,True,33,33,0.9243486728558474,0.969739469142339,0.044311415065169404,"[-0.20363636363636317, 0.025454545454545396]",0.20522110632032625
503,76,29,0.311864181790988,33,5,0.0,0.0,0.0,False,33,33,,,,,
503,76,29,0.311864181790988,33,6,0.0,0.0,0.0,False,29,33,,,,,
503,76,29,0.311864181790988,33,7,0.0,0.0,0.0,False,26,33,,,,,
503,76,29,0.311864181790988,33,8,0.0,0.0,0.0,False,23,33,,,,,
503,76,29,0.311864181790988,33,9,0.0,0.0,0.0,False,20,33,,,,,
503,76,29,0.311864181790988,33,10,0.0,0.0,0.0,False,15,33,,,,,
503,76,30,0.21742783187260475,20,0,0.0,0.0,0.0,False,66,20,,,,,
503,76,30,0.21742783187260475,20,1,0.0,0.0,0.0,False,64,20,,,,,
503,76,30,0.21742783187260475,20,2,0.0,0.0,0.0,False,43,20,,,,,
503,76,30,0.21742783187260475,20,3,0.0,0.0,0.0,False,41,20,,,,,
503,76,30,0.21742783187260475,20,4,0.0,0.0,0.0,False,33,20,,,,,
503,76,30,0.21742783187260475,20,5,0.0,0.0,0.0,False,33,20,,,,,
503,76,30,0.21742783187260475,20,6,0.0,0.0,0.0,False,29,20,,,,,
503,76,30,0.21742783187260475,20,7,0.0,0.0,0.0,False,26,20,,,,,
503,76,30,0.21742783187260475,20,8,0.0,0.0,0.0,False,23,20,,,,,
503,76,30,0.21742783187260475,20,9,1.0,1.0,1.0,True,20,20,0.825650019927631,0.9302600079710523,0.10212238998622661,"[-0.238, 0.041999999999999815]",0.24167747102284892
503,76,30,0.21742783187260475,20,10,0.0,0.0,0.0,False,15,20,,,,,
503,76,26,0.2077740633635007,45,0,0.0,0.0,0.0,False,66,45,,,,,
503,76,26,0.2077740633635007,45,1,0.0,0.0,0.0,False,64,45,,,,,
503,76,26,0.2077740633635007,45,2,0.9555555555555556,1.0,0.9772727272727273,True,43,45,0.8451785625237235,0.9244350613731257,0.09068389459877087,"[-0.16426719506660525, 0.20065557224713082]",0.2593190506863576
503,76,26,0.2077740633635007,45,3,0.0,0.0,0.0,False,41,45,,,,,
503,76,26,0.2077740633635007,45,4,0.0,0.0,0.0,False,33,45,,,,,
503,76,26,0.2077740633635007,45,5,0.0,0.0,0.0,False,33,45,,,,,
503,76,26,0.2077740633635007,45,6,0.044444444444444446,0.06896551724137931,0.05405405405405406,False,29,45,,,,,
503,76,26,0.2077740633635007,45,7,0.0,0.0,0.0,False,26,45,,,,,
503,76,26,0.2077740633635007,45,8,0.0,0.0,0.0,False,23,45,,,,,
503,76,26,0.2077740633635007,45,9,0.0,0.0,0.0,False,20,45,,,,,
503,76,26,0.2077740633635007,45,10,0.0,0.0,0.0,False,15,45,,,,,
503,76,31,0.1728566906663004,33,0,0.0,0.0,0.0,False,66,33,,,,,
503,76,31,0.1728566906663004,33,1,0.0,0.0,0.0,False,64,33,,,,,
503,76,31,0.1728566906663004,33,2,0.0,0.0,0.0,False,43,33,,,,,
503,76,31,0.1728566906663004,33,3,0.0,0.0,0.0,False,41,33,,,,,
503,76,31,0.1728566906663004,33,4,1.0,1.0,1.0,True,33,33,0.9243486728558474,0.969739469142339,0.044311415065169404,"[-0.20363636363636317, 0.025454545454545396]",0.20522110632032625
503,76,31,0.1728566906663004,33,5,0.0,0.0,0.0,False,33,33,,,,,
503,76,31,0.1728566906663004,33,6,0.0,0.0,0.0,False,29,33,,,,,
503,76,31,0.1728566906663004,33,7,0.0,0.0,0.0,False,26,33,,,,,
503,76,31,0.1728566906663004,33,8,0.0,0.0,0.0,False,23,33,,,,,
503,76,31,0.1728566906663004,33,9,0.0,0.0,0.0,False,20,33,,,,,
503,76,31,0.1728566906663004,33,10,0.0,0.0,0.0,False,15,33,,,,,
503,76,37,0.09007723230660618,24,0,0.0,0.0,0.0,False,66,24,,,,,
503,76,37,0.09007723230660618,24,1,0.0,0.0,0.0,False,64,24,,,,,
503,76,37,0.09007723230660618,24,2,0.0,0.0,0.0,False,43,24,,,,,
503,76,37,0.09007723230660618,24,3,0.0,0.0,0.0,False,41,24,,,,,
503,76,37,0.09007723230660618,24,4,0.0,0.0,0.0,False,33,24,,,,,
503,76,37,0.09007723230660618,24,5,0.0,0.0,0.0,False,33,24,,,,,
503,76,37,0.09007723230660618,24,6,1.0,0.8275862068965517,0.9056603773584906,True,29,24,0.6864373494705778,0.8179711662033254,0.18366372780306012,"[-0.04184482948359225, -0.29553707853462186]",0.2984847643403096
503,76,37,0.09007723230660618,24,7,0.0,0.0,0.0,False,26,24,,,,,
503,76,37,0.09007723230660618,24,8,0.0,0.0,0.0,False,23,24,,,,,
503,76,37,0.09007723230660618,24,9,0.0,0.0,0.0,False,20,24,,,,,
503,76,37,0.09007723230660618,24,10,0.0,0.0,0.0,False,15,24,,,,,
503,77,29,0.311864181790988,33,0,0.0,0.0,0.0,False,66,33,,,,,
503,77,29,0.311864181790988,33,1,0.0,0.0,0.0,False,64,33,,,,,
503,77,29,0.311864181790988,33,2,0.0,0.0,0.0,False,41,33,,,,,
503,77,29,0.311864181790988,33,3,0.0,0.0,0.0,False,41,33,,,,,
503,77,29,0.311864181790988,33,4,1.0,0.9428571428571428,0.9705882352941176,True,35,33,0.8117605188232634,0.9070571487057759,0.11025791743455551,"[-0.35963590714064964, -0.1539554844342188]",0.3912036258679781
503,77,29,0.311864181790988,33,5,0.0,0.0,0.0,False,34,33,,,,,
503,77,29,0.311864181790988,33,6,0.0,0.0,0.0,False,28,33,,,,,
503,77,29,0.311864181790988,33,7,0.0,0.0,0.0,False,24,33,,,,,
503,77,29,0.311864181790988,33,8,0.0,0.0,0.0,False,19,33,,,,,
503,77,29,0.311864181790988,33,9,0.0,0.0,0.0,False,19,33,,,,,
503,77,29,0.311864181790988,33,10,0.0,0.0,0.0,False,16,33,,,,,
503,77,30,0.21742783187260475,20,0,0.0,0.0,0.0,False,66,20,,,,,
503,77,30,0.21742783187260475,20,1,0.0,0.0,0.0,False,64,20,,,,,
503,77,30,0.21742783187260475,20,2,0.0,0.0,0.0,False,41,20,,,,,
503,77,30,0.21742783187260475,20,3,0.0,0.0,0.0,False,41,20,,,,,
503,77,30,0.21742783187260475,20,4,0.0,0.0,0.0,False,35,20,,,,,
503,77,30,0.21742783187260475,20,5,0.0,0.0,0.0,False,34,20,,,,,
503,77,30,0.21742783187260475,20,6,0.0,0.0,0.0,False,28,20,,,,,
503,77,30,0.21742783187260475,20,7,0.0,0.0,0.0,False,24,20,,,,,
503,77,30,0.21742783187260475,20,8,0.95,1.0,0.9743589743589743,True,19,20,0.8933861054627737,0.9419698268004941,0.062447186465761625,"[-0.3453385076797666, 0.15539856243423422]",0.3786916926645141
503,77,30,0.21742783187260475,20,9,0.0,0.0,0.0,False,19,20,,,,,
503,77,30,0.21742783187260475,20,10,0.05,0.0625,0.05555555555555555,False,16,20,,,,,
503,77,26,0.2077740633635007,43,0,0.0,0.0,0.0,False,66,43,,,,,
503,77,26,0.2077740633635007,43,1,0.0,0.0,0.0,False,64,43,,,,,
503,77,26,0.2077740633635007,43,2,0.9069767441860465,0.9512195121951219,0.9285714285714286,True,41,43,0.8590944585161119,0.900780640549302,0.08253290681573483,"[-0.006438196884154479, 0.2837095156961844]",0.2837825570321098
503,77,26,0.2077740633635007,43,3,0.0,0.0,0.0,False,41,43,,,,,
503,77,26,0.2077740633635007,43,4,0.0,0.0,0.0,False,35,43,,,,,
503,77,26,0.2077740633635007,43,5,0.0,0.0,0.0,False,34,43,,,,,
503,77,26,0.2077740633635007,43,6,0.09302325581395349,0.14285714285714285,0.11267605633802817,False,28,43,,,,,
503,77,26,0.2077740633635007,43,7,0.0,0.0,0.0,False,24,43,,,,,
503,77,26,0.2077740633635007,43,8,0.0,0.0,0.0,False,19,43,,,,,
503,77,26,0.2077740633635007,43,9,0.0,0.0,0.0,False,19,43,,,,,
503,77,26,0.2077740633635007,43,10,0.0,0.0,0.0,False,16,43,,,,,
503,77,31,0.1728566906663004,33,0,0.0,0.0,0.0,False,66,33,,,,,
503,77,31,0.1728566906663004,33,1,0.0,0.0,0.0,False,64,33,,,,,
503,77,31,0.1728566906663004,33,2,0.0,0.0,0.0,False,41,33,,,,,
503,77,31,0.1728566906663004,33,3,0.0,0.0,0.0,False,41,33,,,,,
503,77,31,0.1728566906663004,33,4,1.0,0.9428571428571428,0.9705882352941176,True,35,33,0.8117605188232634,0.9070571487057759,0.11025791743455551,"[-0.35963590714064964, -0.1539554844342188]",0.3912036258679781
503,77,31,0.1728566906663004,33,5,0.0,0.0,0.0,False,34,33,,,,,
503,77,31,0.1728566906663004,33,6,0.0,0.0,0.0,False,28,33,,,,,
503,77,31,0.1728566906663004,33,7,0.0,0.0,0.0,False,24,33,,,,,
503,77,31,0.1728566906663004,33,8,0.0,0.0,0.0,False,19,33,,,,,
503,77,31,0.1728566906663004,33,9,0.0,0.0,0.0,False,19,33,,,,,
503,77,31,0.1728566906663004,33,10,0.0,0.0,0.0,False,16,33,,,,,
503,77,37,0.09007723230660618,29,0,0.0,0.0,0.0,False,66,29,,,,,
503,77,37,0.09007723230660618,29,1,0.0,0.0,0.0,False,64,29,,,,,
503,77,37,0.09007723230660618,29,2,0.06896551724137931,0.04878048780487805,0.05714285714285714,False,41,29,,,,,
503,77,37,0.09007723230660618,29,3,0.0,0.0,0.0,False,41,29,,,,,
503,77,37,0.09007723230660618,29,4,0.0,0.0,0.0,False,35,29,,,,,
503,77,37,0.09007723230660618,29,5,0.10344827586206896,0.08823529411764706,0.09523809523809523,False,34,29,,,,,
503,77,37,0.09007723230660618,29,6,0.8275862068965517,0.8571428571428571,0.8421052631578947,True,28,29,0.6928051148399028,0.7823852038306979,0.17993392285489165,"[0.22848678014914015, -0.24146658839611312]",0.33243393631604373
503,77,37,0.09007723230660618,29,7,0.0,0.0,0.0,False,24,29,,,,,
503,77,37,0.09007723230660618,29,8,0.0,0.0,0.0,False,19,29,,,,,
503,77,37,0.09007723230660618,29,9,0.0,0.0,0.0,False,19,29,,,,,
503,77,37,0.09007723230660618,29,10,0.0,0.0,0.0,False,16,29,,,,,
503,78,29,0.311864181790988,35,0,0.0,0.0,0.0,False,67,35,,,,,
503,78,29,0.311864181790988,35,1,0.0,0.0,0.0,False,61,35,,,,,
503,78,29,0.311864181790988,35,2,0.0,0.0,0.0,False,48,35,,,,,
503,78,29,0.311864181790988,35,3,0.0,0.0,0.0,False,41,35,,,,,
503,78,29,0.311864181790988,35,4,0.0,0.0,0.0,False,41,35,,,,,
503,78,29,0.311864181790988,35,5,0.0,0.0,0.0,False,39,35,,,,,
503,78,29,0.311864181790988,35,6,1.0,1.0,1.0,True,35,35,0.8693049870770688,0.9477219948308275,0.07655227189260642,"[-0.1999999999999993, 0.0]",0.1999999999999993
503,78,29,0.311864181790988,35,7,0.0,0.0,0.0,False,31,35,,,,,
503,78,29,0.311864181790988,35,8,0.0,0.0,0.0,False,19,35,,,,,
503,78,29,0.311864181790988,35,9,0.0,0.0,0.0,False,16,35,,,,,
503,78,30,0.21742783187260475,19,0,0.0,0.0,0.0,False,67,19,,,,,
503,78,30,0.21742783187260475,19,1,0.0,0.0,0.0,False,61,19,,,,,
503,78,30,0.21742783187260475,19,2,0.0,0.0,0.0,False,48,19,,,,,
503,78,30,0.21742783187260475,19,3,0.0,0.0,0.0,False,41,19,,,,,
503,78,30,0.21742783187260475,19,4,0.0,0.0,0.0,False,41,19,,,,,
503,78,30,0.21742783187260475,19,5,0.0,0.0,0.0,False,39,19,,,,,
503,78,30,0.21742783187260475,19,6,0.0,0.0,0.0,False,35,19,,,,,
503,78,30,0.21742783187260475,19,7,0.0,0.0,0.0,False,31,19,,,,,
503,78,30,0.21742783187260475,19,8,1.0,1.0,1.0,True,19,19,0.9429008492733866,0.9771603397093547,0.03344480874597855,"[-0.2210526315789476, 0.029473684210525875]",0.22300888769042312
503,78,30,0.21742783187260475,19,9,0.0,0.0,0.0,False,16,19,,,,,
503,78,26,0.2077740633635007,41,0,0.0,0.0,0.0,False,67,41,,,,,
503,78,26,0.2077740633635007,41,1,0.0,0.0,0.0,False,61,41,,,,,
503,78,26,0.2077740633635007,41,2,0.0,0.0,0.0,False,48,41,,,,,
503,78,26,0.2077740633635007,41,3,0.975609756097561,0.975609756097561,0.975609756097561,True,41,41,0.8689056581892334,0.93292811693423,0.0767861716636266,"[-0.0913862759008417, 0.28876326376907535]",0.30287897570744876
503,78,26,0.2077740633635007,41,4,0.0,0.0,0.0,False,41,41,,,,,
503,78,26,0.2077740633635007,41,5,0.0,0.0,0.0,False,39,41,,,,,
503,78,26,0.2077740633635007,41,6,0.0,0.0,0.0,False,35,41,,,,,
503,78,26,0.2077740633635007,41,7,0.024390243902439025,0.03225806451612903,0.027777777777777776,False,31,41,,,,,
503,78,26,0.2077740633635007,41,8,0.0,0.0,0.0,False,19,41,,,,,
503,78,26,0.2077740633635007,41,9,0.0,0.0,0.0,False,16,41,,,,,
503,78,31,0.1728566906663004,35,0,0.0,0.0,0.0,False,67,35,,,,,
503,78,31,0.1728566906663004,35,1,0.0,0.0,0.0,False,61,35,,,,,
503,78,31,0.1728566906663004,35,2,0.0,0.0,0.0,False,48,35,,,,,
503,78,31,0.1728566906663004,35,3,0.0,0.0,0.0,False,41,35,,,,,
503,78,31,0.1728566906663004,35,4,0.0,0.0,0.0,False,41,35,,,,,
503,78,31,0.1728566906663004,35,5,0.0,0.0,0.0,False,39,35,,,,,
503,78,31,0.1728566906663004,35,6,1.0,1.0,1.0,True,35,35,0.8693049870770688,0.9477219948308275,0.07655227189260642,"[-0.1999999999999993, 0.0]",0.1999999999999993
503,78,31,0.1728566906663004,35,7,0.0,0.0,0.0,False,31,35,,,,,
503,78,31,0.1728566906663004,35,8,0.0,0.0,0.0,False,19,35,,,,,
503,78,31,0.1728566906663004,35,9,0.0,0.0,0.0,False,16,35,,,,,
503,78,37,0.09007723230660618,28,0,0.0,0.0,0.0,False,67,28,,,,,
503,78,37,0.09007723230660618,28,1,0.0,0.0,0.0,False,61,28,,,,,
503,78,37,0.09007723230660618,28,2,0.0,0.0,0.0,False,48,28,,,,,
503,78,37,0.09007723230660618,28,3,0.03571428571428571,0.024390243902439025,0.028985507246376812,False,41,28,,,,,
503,78,37,0.09007723230660618,28,4,0.9642857142857143,0.6585365853658537,0.782608695652174,True,41,28,0.5786208857300525,0.7010135716833255,0.2468152977228018,"[0.13949759664081895, -0.06992692170541481]",0.1560427949242125
503,78,37,0.09007723230660618,28,5,0.0,0.0,0.0,False,39,28,,,,,
503,78,37,0.09007723230660618,28,6,0.0,0.0,0.0,False,35,28,,,,,
503,78,37,0.09007723230660618,28,7,0.0,0.0,0.0,False,31,28,,,,,
503,78,37,0.09007723230660618,28,8,0.0,0.0,0.0,False,19,28,,,,,
503,78,37,0.09007723230660618,28,9,0.0,0.0,0.0,False,16,28,,,,,
503,79,29,0.311864181790988,35,0,0.0,0.0,0.0,False,67,35,,,,,
503,79,29,0.311864181790988,35,1,0.05714285714285714,0.03125,0.04040404040404041,False,64,35,,,,,
503,79,29,0.311864181790988,35,2,0.0,0.0,0.0,False,43,35,,,,,
503,79,29,0.311864181790988,35,3,0.0,0.0,0.0,False,43,35,,,,,
503,79,29,0.311864181790988,35,4,0.0,0.0,0.0,False,40,35,,,,,
503,79,29,0.311864181790988,35,5,0.0,0.0,0.0,False,37,35,,,,,
503,79,29,0.311864181790988,35,6,0.9428571428571428,0.9428571428571428,0.9428571428571428,True,35,35,0.7552885968201604,0.8678297244423498,0.14333533814707228,"[-0.03364833688925373, 0.1545021249800831]",0.15812374014920696
503,79,29,0.311864181790988,35,7,0.0,0.0,0.0,False,29,35,,,,,
503,79,29,0.311864181790988,35,8,0.0,0.0,0.0,False,19,35,,,,,
503,79,29,0.311864181790988,35,9,0.0,0.0,0.0,False,14,35,,,,,
503,79,30,0.21742783187260475,19,0,0.0,0.0,0.0,False,67,19,,,,,
503,79,30,0.21742783187260475,19,1,0.0,0.0,0.0,False,64,19,,,,,
503,79,30,0.21742783187260475,19,2,0.0,0.0,0.0,False,43,19,,,,,
503,79,30,0.21742783187260475,19,3,0.0,0.0,0.0,False,43,19,,,,,
503,79,30,0.21742783187260475,19,4,0.0,0.0,0.0,False,40,19,,,,,
503,79,30,0.21742783187260475,19,5,0.0,0.0,0.0,False,37,19,,,,,
503,79,30,0.21742783187260475,19,6,0.0,0.0,0.0,False,35,19,,,,,
503,79,30,0.21742783187260475,19,7,0.0,0.0,0.0,False,29,19,,,,,
503,79,30,0.21742783187260475,19,8,1.0,1.0,1.0,True,19,19,0.9414412332452479,0.9765764932980991,0.034299752791248056,"[-0.2210526315789476, 0.0]",0.2210526315789476
503,79,30,0.21742783187260475,19,9,0.0,0.0,0.0,False,14,19,,,,,
503,79,26,0.2077740633635007,41,0,0.0,0.0,0.0,False,67,41,,,,,
503,79,26,0.2077740633635007,41,1,0.0,0.0,0.0,False,64,41,,,,,
503,79,26,0.2077740633635007,41,2,0.024390243902439025,0.023255813953488372,0.023809523809523808,False,43,41,,,,,
503,79,26,0.2077740633635007,41,3,0.8780487804878049,0.8372093023255814,0.8571428571428571,True,43,41,0.7675410888903074,0.8213021498418371,0.13615865953218897,"[0.042678784221493515, 0.17865647371605498]",0.18368346202987423
503,79,26,0.2077740633635007,41,4,0.0,0.0,0.0,False,40,41,,,,,
503,79,26,0.2077740633635007,41,5,0.0,0.0,0.0,False,37,41,,,,,
503,79,26,0.2077740633635007,41,6,0.0,0.0,0.0,False,35,41,,,,,
503,79,26,0.2077740633635007,41,7,0.0975609756097561,0.13793103448275862,0.11428571428571428,False,29,41,,,,,
503,79,26,0.2077740633635007,41,8,0.0,0.0,0.0,False,19,41,,,,,
503,79,26,0.2077740633635007,41,9,0.0,0.0,0.0,False,14,41,,,,,
503,79,31,0.1728566906663004,35,0,0.0,0.0,0.0,False,67,35,,,,,
503,79,31,0.1728566906663004,35,1,0.05714285714285714,0.03125,0.04040404040404041,False,64,35,,,,,
503,79,31,0.1728566906663004,35,2,0.0,0.0,0.0,False,43,35,,,,,
503,79,31,0.1728566906663004,35,3,0.0,0.0,0.0,False,43,35,,,,,
503,79,31,0.1728566906663004,35,4,0.0,0.0,0.0,False,40,35,,,,,
503,79,31,0.1728566906663004,35,5,0.0,0.0,0.0,False,37,35,,,,,
503,79,31,0.1728566906663004,35,6,0.9428571428571428,0.9428571428571428,0.9428571428571428,True,35,35,0.7552885968201604,0.8678297244423498,0.14333533814707228,"[-0.03364833688925373, 0.1545021249800831]",0.15812374014920696
503,79,31,0.1728566906663004,35,7,0.0,0.0,0.0,False,29,35,,,,,
503,79,31,0.1728566906663004,35,8,0.0,0.0,0.0,False,19,35,,,,,
503,79,31,0.1728566906663004,35,9,0.0,0.0,0.0,False,14,35,,,,,
503,79,37,0.09007723230660618,41,0,0.0,0.0,0.0,False,67,41,,,,,
503,79,37,0.09007723230660618,41,1,0.04878048780487805,0.03125,0.0380952380952381,False,64,41,,,,,
503,79,37,0.09007723230660618,41,2,0.17073170731707318,0.16279069767441862,0.16666666666666666,False,43,41,,,,,
503,79,37,0.09007723230660618,41,3,0.17073170731707318,0.16279069767441862,0.16666666666666666,False,43,41,,,,,
503,79,37,0.09007723230660618,41,4,0.024390243902439025,0.025,0.024691358024691357,False,40,41,,,,,
503,79,37,0.09007723230660618,41,5,0.0,0.0,0.0,False,37,41,,,,,
503,79,37,0.09007723230660618,41,6,0.0,0.0,0.0,False,35,41,,,,,
503,79,37,0.09007723230660618,41,7,0.5853658536585366,0.8275862068965517,0.6857142857142857,True,29,41,0.4744472512850375,0.6012074719425864,0.30783314537991446,"[0.2169490531499374, -0.5585029112937221]",0.5991597396239317
503,79,37,0.09007723230660618,41,8,0.0,0.0,0.0,False,19,41,,,,,
503,79,37,0.09007723230660618,41,9,0.0,0.0,0.0,False,14,41,,,,,
503,80,29,0.311864181790988,35,0,0.0,0.0,0.0,False,67,35,,,,,
503,80,29,0.311864181790988,35,1,0.0,0.0,0.0,False,61,35,,,,,
503,80,29,0.311864181790988,35,2,0.0,0.0,0.0,False,56,35,,,,,
503,80,29,0.311864181790988,35,3,0.0,0.0,0.0,False,40,35,,,,,
503,80,29,0.311864181790988,35,4,0.0,0.0,0.0,False,39,35,,,,,
503,80,29,0.311864181790988,35,5,0.9714285714285714,0.9444444444444444,0.9577464788732394,True,36,35,0.8000094530911744,0.8946516685604133,0.11714089451862547,"[-0.32760512489114646, 0.2498915739455727]",0.41203266446234493
503,80,29,0.311864181790988,35,6,0.0,0.0,0.0,False,27,35,,,,,
503,80,29,0.311864181790988,35,7,0.0,0.0,0.0,False,19,35,,,,,
503,80,29,0.311864181790988,35,8,0.0,0.0,0.0,False,19,35,,,,,
503,80,29,0.311864181790988,35,9,0.02857142857142857,0.06666666666666667,0.04,False,15,35,,,,,
503,80,29,0.311864181790988,35,10,0.0,0.0,0.0,False,12,35,,,,,
503,80,30,0.21742783187260475,19,0,0.0,0.0,0.0,False,67,19,,,,,
503,80,30,0.21742783187260475,19,1,0.0,0.0,0.0,False,61,19,,,,,
503,80,30,0.21742783187260475,19,2,0.0,0.0,0.0,False,56,19,,,,,
503,80,30,0.21742783187260475,19,3,0.0,0.0,0.0,False,40,19,,,,,
503,80,30,0.21742783187260475,19,4,0.0,0.0,0.0,False,39,19,,,,,
503,80,30,0.21742783187260475,19,5,0.0,0.0,0.0,False,36,19,,,,,
503,80,30,0.21742783187260475,19,6,0.0,0.0,0.0,False,27,19,,,,,
503,80,30,0.21742783187260475,19,7,1.0,1.0,1.0,True,19,19,0.909608494739408,0.9638433978957632,0.05294521139510679,"[-0.26526315789473687, 0.014736842105264714]",0.26567219924471513
503,80,30,0.21742783187260475,19,8,0.0,0.0,0.0,False,19,19,,,,,
503,80,30,0.21742783187260475,19,9,0.0,0.0,0.0,False,15,19,,,,,
503,80,30,0.21742783187260475,19,10,0.0,0.0,0.0,False,12,19,,,,,
503,80,26,0.2077740633635007,43,0,0.0,0.0,0.0,False,67,43,,,,,
503,80,26,0.2077740633635007,43,1,0.0,0.0,0.0,False,61,43,,,,,
503,80,26,0.2077740633635007,43,2,1.0,0.7678571428571429,0.8686868686868687,True,56,43,0.7515403797209914,0.8218282731005178,0.14553078943531153,"[0.17327228752222723, 0.0681855571573955]",0.18620568151388353
503,80,26,0.2077740633635007,43,3,0.0,0.0,0.0,False,40,43,,,,,
503,80,26,0.2077740633635007,43,4,0.0,0.0,0.0,False,39,43,,,,,
503,80,26,0.2077740633635007,43,5,0.0,0.0,0.0,False,36,43,,,,,
503,80,26,0.2077740633635007,43,6,0.0,0.0,0.0,False,27,43,,,,,
503,80,26,0.2077740633635007,43,7,0.0,0.0,0.0,False,19,43,,,,,
503,80,26,0.2077740633635007,43,8,0.0,0.0,0.0,False,19,43,,,,,
503,80,26,0.2077740633635007,43,9,0.0,0.0,0.0,False,15,43,,,,,
503,80,26,0.2077740633635007,43,10,0.0,0.0,0.0,False,12,43,,,,,
503,80,31,0.1728566906663004,35,0,0.0,0.0,0.0,False,67,35,,,,,
503,80,31,0.1728566906663004,35,1,0.0,0.0,0.0,False,61,35,,,,,
503,80,31,0.1728566906663004,35,2,0.0,0.0,0.0,False,56,35,,,,,
503,80,31,0.1728566906663004,35,3,0.0,0.0,0.0,False,40,35,,,,,
503,80,31,0.1728566906663004,35,4,0.0,0.0,0.0,False,39,35,,,,,
503,80,31,0.1728566906663004,35,5,0.9714285714285714,0.9444444444444444,0.9577464788732394,True,36,35,0.8000094530911744,0.8946516685604133,0.11714089451862547,"[-0.32760512489114646, 0.2498915739455727]",0.41203266446234493
503,80,31,0.1728566906663004,35,6,0.0,0.0,0.0,False,27,35,,,,,
503,80,31,0.1728566906663004,35,7,0.0,0.0,0.0,False,19,35,,,,,
503,80,31,0.1728566906663004,35,8,0.0,0.0,0.0,False,19,35,,,,,
503,80,31,0.1728566906663004,35,9,0.02857142857142857,0.06666666666666667,0.04,False,15,35,,,,,
503,80,31,0.1728566906663004,35,10,0.0,0.0,0.0,False,12,35,,,,,
503,80,37,0.09007723230660618,29,0,0.0,0.0,0.0,False,67,29,,,,,
503,80,37,0.09007723230660618,29,1,0.0,0.0,0.0,False,61,29,,,,,
503,80,37,0.09007723230660618,29,2,0.4482758620689655,0.23214285714285715,0.3058823529411765,True,56,29,0.0979417427950241,0.22270610888271553,0.5283645291748542,"[0.3225341905993435, 0.4011203654195601]",0.5147094827763474
503,80,37,0.09007723230660618,29,3,0.0,0.0,0.0,False,40,29,,,,,
503,80,37,0.09007723230660618,29,4,0.0,0.0,0.0,False,39,29,,,,,
503,80,37,0.09007723230660618,29,5,0.0,0.0,0.0,False,36,29,,,,,
503,80,37,0.09007723230660618,29,6,0.3448275862068966,0.37037037037037035,0.35714285714285715,True,27,29,0.309653031041777,0.3381469267024251,0.40435841954497564,"[-3.868765139207576, 3.108019737854793]",4.962572960999444
503,80,37,0.09007723230660618,29,7,0.0,0.0,0.0,False,19,29,,,,,
503,80,37,0.09007723230660618,29,8,0.0,0.0,0.0,False,19,29,,,,,
503,80,37,0.09007723230660618,29,9,0.0,0.0,0.0,False,15,29,,,,,
503,80,37,0.09007723230660618,29,10,0.0,0.0,0.0,False,12,29,,,,,
503,81,29,0.311864181790988,36,0,0.0,0.0,0.0,False,66,36,,,,,
503,81,29,0.311864181790988,36,1,0.0,0.0,0.0,False,50,36,,,,,
503,81,29,0.311864181790988,36,2,0.0,0.0,0.0,False,48,36,,,,,
503,81,29,0.311864181790988,36,3,0.0,0.0,0.0,False,42,36,,,,,
503,81,29,0.311864181790988,36,4,0.0,0.0,0.0,False,37,36,,,,,
503,81,29,0.311864181790988,36,5,0.9722222222222222,1.0,0.9859154929577465,True,35,36,0.7743956042360323,0.9013075374690608,0.1321437494701853,"[-0.3347465382196013, 0.06360630107434417]",0.34073597753446455
503,81,29,0.311864181790988,36,6,0.027777777777777776,0.030303030303030304,0.028985507246376812,False,33,36,,,,,
503,81,29,0.311864181790988,36,7,0.0,0.0,0.0,False,26,36,,,,,
503,81,29,0.311864181790988,36,8,0.0,0.0,0.0,False,19,36,,,,,
503,81,29,0.311864181790988,36,9,0.0,0.0,0.0,False,19,36,,,,,
503,81,29,0.311864181790988,36,10,0.0,0.0,0.0,False,15,36,,,,,
503,81,30,0.21742783187260475,19,0,0.0,0.0,0.0,False,66,19,,,,,
503,81,30,0.21742783187260475,19,1,0.0,0.0,0.0,False,50,19,,,,,
503,81,30,0.21742783187260475,19,2,0.0,0.0,0.0,False,48,19,,,,,
503,81,30,0.21742783187260475,19,3,0.0,0.0,0.0,False,42,19,,,,,
503,81,30,0.21742783187260475,19,4,0.0,0.0,0.0,False,37,19,,,,,
503,81,30,0.21742783187260475,19,5,0.0,0.0,0.0,False,35,19,,,,,
503,81,30,0.21742783187260475,19,6,0.0,0.0,0.0,False,33,19,,,,,
503,81,30,0.21742783187260475,19,7,0.0,0.0,0.0,False,26,19,,,,,
503,81,30,0.21742783187260475,19,8,1.0,1.0,1.0,True,19,19,0.903772931586189,0.9615091726344756,0.0563632883910142,"[-0.2505263157894737, 0.0]",0.2505263157894737
503,81,30,0.21742783187260475,19,9,0.0,0.0,0.0,False,19,19,,,,,
503,81,30,0.21742783187260475,19,10,0.0,0.0,0.0,False,15,19,,,,,
503,81,26,0.2077740633635007,56,0,0.0,0.0,0.0,False,66,56,,,,,
503,81,26,0.2077740633635007,56,1,0.8928571428571429,1.0,0.9433962264150944,True,50,56,0.8541329780141411,0.9076909270547131,0.08543900549450152,"[0.0037860852436448766, 0.19144855106055836]",0.19148598419899918
503,81,26,0.2077740633635007,56,2,0.0,0.0,0.0,False,48,56,,,,,
503,81,26,0.2077740633635007,56,3,0.0,0.0,0.0,False,42,56,,,,,
503,81,26,0.2077740633635007,56,4,0.0,0.0,0.0,False,37,56,,,,,
503,81,26,0.2077740633635007,56,5,0.0,0.0,0.0,False,35,56,,,,,
503,81,26,0.2077740633635007,56,6,0.0,0.0,0.0,False,33,56,,,,,
503,81,26,0.2077740633635007,56,7,0.10714285714285714,0.23076923076923078,0.14634146341463414,False,26,56,,,,,
503,81,26,0.2077740633635007,56,8,0.0,0.0,0.0,False,19,56,,,,,
503,81,26,0.2077740633635007,56,9,0.0,0.0,0.0,False,19,56,,,,,
503,81,26,0.2077740633635007,56,10,0.0,0.0,0.0,False,15,56,,,,,
503,81,31,0.1728566906663004,36,0,0.0,0.0,0.0,False,66,36,,,,,
503,81,31,0.1728566906663004,36,1,0.0,0.0,0.0,False,50,36,,,,,
503,81,31,0.1728566906663004,36,2,0.0,0.0,0.0,False,48,36,,,,,
503,81,31,0.1728566906663004,36,3,0.0,0.0,0.0,False,42,36,,,,,
503,81,31,0.1728566906663004,36,4,0.0,0.0,0.0,False,37,36,,,,,
503,81,31,0.1728566906663004,36,5,0.9722222222222222,1.0,0.9859154929577465,True,35,36,0.7743956042360323,0.9013075374690608,0.1321437494701853,"[-0.3347465382196013, 0.06360630107434417]",0.34073597753446455
503,81,31,0.1728566906663004,36,6,0.027777777777777776,0.030303030303030304,0.028985507246376812,False,33,36,,,,,
503,81,31,0.1728566906663004,36,7,0.0,0.0,0.0,False,26,36,,,,,
503,81,31,0.1728566906663004,36,8,0.0,0.0,0.0,False,19,36,,,,,
503,81,31,0.1728566906663004,36,9,0.0,0.0,0.0,False,19,36,,,,,
503,81,31,0.1728566906663004,36,10,0.0,0.0,0.0,False,15,36,,,,,
503,81,40,0.05525629186697541,27,0,0.0,0.0,0.0,False,66,27,,,,,
503,81,40,0.05525629186697541,27,1,0.0,0.0,0.0,False,50,27,,,,,
503,81,40,0.05525629186697541,27,2,0.0,0.0,0.0,False,48,27,,,,,
503,81,40,0.05525629186697541,27,3,0.0,0.0,0.0,False,42,27,,,,,
503,81,40,0.05525629186697541,27,4,0.0,0.0,0.0,False,37,27,,,,,
503,81,40,0.05525629186697541,27,5,0.0,0.0,0.0,False,35,27,,,,,
503,81,40,0.05525629186697541,27,6,0.6296296296296297,0.5151515151515151,0.5666666666666667,True,33,27,0.37085480752356503,0.488341923009426,0.36851057096404227,"[-0.04513032856758681, -23.405979069393425]",23.40602257846129
503,81,40,0.05525629186697541,27,7,0.37037037037037035,0.38461538461538464,0.37735849056603776,True,26,27,0.37455419919328414,0.37623677401693634,0.36634371829993506,"[-0.1146097310459302, -4.971305136772759]",4.97262608219778
503,81,40,0.05525629186697541,27,8,0.0,0.0,0.0,False,19,27,,,,,
503,81,40,0.05525629186697541,27,9,0.0,0.0,0.0,False,19,27,,,,,
503,81,40,0.05525629186697541,27,10,0.0,0.0,0.0,False,15,27,,,,,
503,81,39,0.03482094043963077,56,0,0.0,0.0,0.0,False,66,56,,,,,
503,81,39,0.03482094043963077,56,1,0.8928571428571429,1.0,0.9433962264150944,True,50,56,0.8541329780141411,0.9076909270547131,0.08543900549450152,"[0.0037860852436448766, 0.19144855106055836]",0.19148598419899918
503,81,39,0.03482094043963077,56,2,0.0,0.0,0.0,False,48,56,,,,,
503,81,39,0.03482094043963077,56,3,0.0,0.0,0.0,False,42,56,,,,,
503,81,39,0.03482094043963077,56,4,0.0,0.0,0.0,False,37,56,,,,,
503,81,39,0.03482094043963077,56,5,0.0,0.0,0.0,False,35,56,,,,,
503,81,39,0.03482094043963077,56,6,0.0,0.0,0.0,False,33,56,,,,,
503,81,39,0.03482094043963077,56,7,0.10714285714285714,0.23076923076923078,0.14634146341463414,False,26,56,,,,,
503,81,39,0.03482094043963077,56,8,0.0,0.0,0.0,False,19,56,,,,,
503,81,39,0.03482094043963077,56,9,0.0,0.0,0.0,False,19,56,,,,,
503,81,39,0.03482094043963077,56,10,0.0,0.0,0.0,False,15,56,,,,,
