seed,t,hid,hyp_prob_prior,hyp_size_prior,cand_idx,r_retain,r_purity,dice,passes_gate,cand_size,prev_size,R_F,score,D_deform,bulk_delta,bulk_speed
502,2,0,1.0,46,0,0.0,0.0,0.0,False,44,46,,,,,
502,2,0,1.0,46,1,0.0,0.0,0.0,False,43,46,,,,,
502,2,0,1.0,46,2,0.0,0.0,0.0,False,35,46,,,,,
502,2,0,1.0,46,3,0.4782608695652174,0.6285714285714286,0.5432098765432098,True,35,46,0.3543046293357003,0.46764777766020604,0.33241224296101995,"[-1.0552165175309636, -21.041987573245194]",21.068429531682597
502,2,0,1.0,46,4,0.043478260869565216,0.058823529411764705,0.05,False,34,46,,,,,
502,2,0,1.0,46,5,0.021739130434782608,0.03125,0.02564102564102564,False,32,46,,,,,
502,2,0,1.0,46,6,0.06521739130434782,0.09375,0.07692307692307693,False,32,46,,,,,
502,2,0,1.0,46,7,0.0,0.0,0.0,False,32,46,,,,,
502,2,0,1.0,46,8,0.043478260869565216,0.06451612903225806,0.05194805194805195,False,31,46,,,,,
502,2,0,1.0,46,9,0.0,0.0,0.0,False,24,46,,,,,
502,2,0,1.0,46,10,0.0,0.0,0.0,False,21,46,,,,,
502,2,0,1.0,46,11,0.0,0.0,0.0,False,21,46,,,,,
502,2,0,1.0,46,12,0.34782608695652173,1.0,0.5161290322580645,True,16,46,0.2735108853240569,0.4190817734844614,0.37400589669358153,"[0.24399177033571995, 0.19206123127399266]",0.3105148958585414
502,3,1,0.5484138443329938,35,0,0.02857142857142857,0.02,0.023529411764705882,False,50,35,,,,,
502,3,1,0.5484138443329938,35,1,0.0,0.0,0.0,False,49,35,,,,,
502,3,1,0.5484138443329938,35,2,0.0,0.0,0.0,False,40,35,,,,,
502,3,1,0.5484138443329938,35,3,0.0,0.0,0.0,False,35,35,,,,,
502,3,1,0.5484138443329938,35,4,0.0,0.0,0.0,False,31,35,,,,,
502,3,1,0.5484138443329938,35,5,0.0,0.0,0.0,False,31,35,,,,,
502,3,1,0.5484138443329938,35,6,0.0,0.0,0.0,False,31,35,,,,,
502,3,1,0.5484138443329938,35,7,0.0,0.0,0.0,False,28,35,,,,,
502,3,1,0.5484138443329938,35,8,0.5142857142857142,0.6923076923076923,0.5901639344262295,True,26,35,0.42619163537673677,0.5245750148064324,0.2954038919591091,"[0.08223483119429087, -0.41413149620709344]",0.4222173179919073
502,3,1,0.5484138443329938,35,9,0.0,0.0,0.0,False,23,35,,,,,
502,3,1,0.5484138443329938,35,10,0.0,0.0,0.0,False,22,35,,,,,
502,3,1,0.5484138443329938,35,11,0.45714285714285713,0.7272727272727273,0.5614035087719298,True,22,35,0.3598956028343704,0.48080034639690605,0.329533938228687,"[-0.17882143939973538, 2.506351385132807]",2.5127225021768984
502,3,1,0.5484138443329938,35,12,0.0,0.0,0.0,False,12,35,,,,,
502,3,2,0.4515861556670063,16,0,0.3125,0.1,0.15151515151515152,True,50,16,0.25880877706318894,0.1944326017343665,0.38157473024154837,"[1.63309164701149, -19.47024363096552]",19.538612421988724
502,3,2,0.4515861556670063,16,1,0.0,0.0,0.0,False,49,16,,,,,
502,3,2,0.4515861556670063,16,2,0.3125,0.125,0.17857142857142858,True,40,16,0.3009641092748627,0.22752850085280224,0.35987262554962113,"[-7.400033402160217, -4.209986463727994]",8.51378179059458
502,3,2,0.4515861556670063,16,3,0.0,0.0,0.0,False,35,16,,,,,
502,3,2,0.4515861556670063,16,4,0.0,0.0,0.0,False,31,16,,,,,
502,3,2,0.4515861556670063,16,5,0.0,0.0,0.0,False,31,16,,,,,
502,3,2,0.4515861556670063,16,6,0.0,0.0,0.0,False,31,16,,,,,
502,3,2,0.4515861556670063,16,7,0.0,0.0,0.0,False,28,16,,,,,
502,3,2,0.4515861556670063,16,8,0.375,0.23076923076923078,0.2857142857142857,True,26,16,0.27243009799998563,0.2804006106285657,0.37456229984417055,"[-3.2169734566723927, -22.14818030072628]",22.380590002375147
502,3,2,0.4515861556670063,16,9,0.0,0.0,0.0,False,23,16,,,,,
502,3,2,0.4515861556670063,16,10,0.0,0.0,0.0,False,22,16,,,,,
502,3,2,0.4515861556670063,16,11,0.0,0.0,0.0,False,22,16,,,,,
502,3,2,0.4515861556670063,16,12,0.0,0.0,0.0,False,12,16,,,,,
502,4,3,0.298152407784145,26,0,0.23076923076923078,0.10909090909090909,0.14814814814814814,False,55,26,,,,,
502,4,3,0.298152407784145,26,1,0.0,0.0,0.0,False,52,26,,,,,
502,4,3,0.298152407784145,26,2,0.0,0.0,0.0,False,38,26,,,,,
502,4,3,0.298152407784145,26,3,0.0,0.0,0.0,False,35,26,,,,,
502,4,3,0.298152407784145,26,4,0.0,0.0,0.0,False,34,26,,,,,
502,4,3,0.298152407784145,26,5,0.0,0.0,0.0,False,34,26,,,,,
502,4,3,0.298152407784145,26,6,0.7692307692307693,0.5882352941176471,0.6666666666666666,True,34,26,0.44559434457490577,0.5782377378299624,0.2854151288718839,"[-0.17816049925336674, -0.02685926340633671]",0.18017375925738985
502,4,3,0.298152407784145,26,7,0.0,0.0,0.0,False,32,26,,,,,
502,4,3,0.298152407784145,26,8,0.0,0.0,0.0,False,25,26,,,,,
502,4,3,0.298152407784145,26,9,0.0,0.0,0.0,False,21,26,,,,,
502,4,3,0.298152407784145,26,10,0.0,0.0,0.0,False,20,26,,,,,
502,4,3,0.298152407784145,26,11,0.0,0.0,0.0,False,20,26,,,,,
502,4,4,0.25026143654884875,22,0,0.0,0.0,0.0,False,55,22,,,,,
502,4,4,0.25026143654884875,22,1,0.0,0.0,0.0,False,52,22,,,,,
502,4,4,0.25026143654884875,22,2,0.36363636363636365,0.21052631578947367,0.26666666666666666,True,38,22,0.36160827246079164,0.3046433089843167,0.328652233979539,"[-4.4456637624978015, 2.1950697899709457]",4.958049785150327
502,4,4,0.25026143654884875,22,3,0.0,0.0,0.0,False,35,22,,,,,
502,4,4,0.25026143654884875,22,4,0.0,0.0,0.0,False,34,22,,,,,
502,4,4,0.25026143654884875,22,5,0.0,0.0,0.0,False,34,22,,,,,
502,4,4,0.25026143654884875,22,6,0.6363636363636364,0.4117647058823529,0.5,True,34,22,0.3550346351931365,0.4420138540772546,0.33203642660013233,"[0.08289577134065951, -2.947342144746237]",2.9485076610216754
502,4,4,0.25026143654884875,22,7,0.0,0.0,0.0,False,32,22,,,,,
502,4,4,0.25026143654884875,22,8,0.0,0.0,0.0,False,25,22,,,,,
502,4,4,0.25026143654884875,22,9,0.0,0.0,0.0,False,21,22,,,,,
502,4,4,0.25026143654884875,22,10,0.0,0.0,0.0,False,20,22,,,,,
502,4,4,0.25026143654884875,22,11,0.0,0.0,0.0,False,20,22,,,,,
502,4,7,0.17931482780863278,26,0,0.23076923076923078,0.10909090909090909,0.14814814814814814,False,55,26,,,,,
502,4,7,0.17931482780863278,26,1,0.0,0.0,0.0,False,52,26,,,,,
502,4,7,0.17931482780863278,26,2,0.0,0.0,0.0,False,38,26,,,,,
502,4,7,0.17931482780863278,26,3,0.0,0.0,0.0,False,35,26,,,,,
502,4,7,0.17931482780863278,26,4,0.0,0.0,0.0,False,34,26,,,,,
502,4,7,0.17931482780863278,26,5,0.0,0.0,0.0,False,34,26,,,,,
502,4,7,0.17931482780863278,26,6,0.7692307692307693,0.5882352941176471,0.6666666666666666,True,34,26,0.44559434457490577,0.5782377378299624,0.2854151288718839,"[-0.17816049925336674, -0.02685926340633671]",0.18017375925738985
502,4,7,0.17931482780863278,26,7,0.0,0.0,0.0,False,32,26,,,,,
502,4,7,0.17931482780863278,26,8,0.0,0.0,0.0,False,25,26,,,,,
502,4,7,0.17931482780863278,26,9,0.0,0.0,0.0,False,21,26,,,,,
502,4,7,0.17931482780863278,26,10,0.0,0.0,0.0,False,20,26,,,,,
502,4,7,0.17931482780863278,26,11,0.0,0.0,0.0,False,20,26,,,,,
502,4,6,0.14513359113035812,40,0,0.0,0.0,0.0,False,55,40,,,,,
502,4,6,0.14513359113035812,40,1,0.1,0.07692307692307693,0.08695652173913043,False,52,40,,,,,
502,4,6,0.14513359113035812,40,2,0.0,0.0,0.0,False,38,40,,,,,
502,4,6,0.14513359113035812,40,3,0.2,0.22857142857142856,0.21333333333333335,False,35,40,,,,,
502,4,6,0.14513359113035812,40,4,0.0,0.0,0.0,False,34,40,,,,,
502,4,6,0.14513359113035812,40,5,0.025,0.029411764705882353,0.02702702702702703,False,34,40,,,,,
502,4,6,0.14513359113035812,40,6,0.0,0.0,0.0,False,34,40,,,,,
502,4,6,0.14513359113035812,40,7,0.675,0.84375,0.75,True,32,40,0.5241040673775631,0.6596416269510252,0.24499731849757422,"[0.5576436217634511, -0.3410535556602987]",0.6536695929305503
502,4,6,0.14513359113035812,40,8,0.0,0.0,0.0,False,25,40,,,,,
502,4,6,0.14513359113035812,40,9,0.0,0.0,0.0,False,21,40,,,,,
502,4,6,0.14513359113035812,40,10,0.0,0.0,0.0,False,20,40,,,,,
502,4,6,0.14513359113035812,40,11,0.0,0.0,0.0,False,20,40,,,,,
502,4,5,0.12713773672801534,50,0,0.78,0.7090909090909091,0.7428571428571429,True,55,50,0.4875990743154277,0.6407539154404568,0.263790556260107,"[-0.34134704981189223, -0.08054727818844198]",0.3507216452385691
502,4,5,0.12713773672801534,50,1,0.0,0.0,0.0,False,52,50,,,,,
502,4,5,0.12713773672801534,50,2,0.0,0.0,0.0,False,38,50,,,,,
502,4,5,0.12713773672801534,50,3,0.0,0.0,0.0,False,35,50,,,,,
502,4,5,0.12713773672801534,50,4,0.0,0.0,0.0,False,34,50,,,,,
502,4,5,0.12713773672801534,50,5,0.0,0.0,0.0,False,34,50,,,,,
502,4,5,0.12713773672801534,50,6,0.0,0.0,0.0,False,34,50,,,,,
502,4,5,0.12713773672801534,50,7,0.0,0.0,0.0,False,32,50,,,,,
502,4,5,0.12713773672801534,50,8,0.0,0.0,0.0,False,25,50,,,,,
502,4,5,0.12713773672801534,50,9,0.22,0.5238095238095238,0.30985915492957744,False,21,50,,,,,
502,4,5,0.12713773672801534,50,10,0.0,0.0,0.0,False,20,50,,,,,
502,4,5,0.12713773672801534,50,11,0.0,0.0,0.0,False,20,50,,,,,
502,5,3,0.298152407784145,34,0,0.0,0.0,0.0,False,49,34,,,,,
502,5,3,0.298152407784145,34,1,0.0,0.0,0.0,False,48,34,,,,,
502,5,3,0.298152407784145,34,2,0.0,0.0,0.0,False,38,34,,,,,
502,5,3,0.298152407784145,34,3,0.0,0.0,0.0,False,36,34,,,,,
502,5,3,0.298152407784145,34,4,0.0,0.0,0.0,False,36,34,,,,,
502,5,3,0.298152407784145,34,5,0.0,0.0,0.0,False,35,34,,,,,
502,5,3,0.298152407784145,34,6,0.0,0.0,0.0,False,34,34,,,,,
502,5,3,0.298152407784145,34,7,0.4117647058823529,0.42424242424242425,0.417910447761194,True,33,34,0.3058926537208885,0.3731033301450718,0.3573353477739558,"[1.9491297988733791, 5.031772472578602]",5.396094994406229
502,5,3,0.298152407784145,34,8,0.0,0.0,0.0,False,24,34,,,,,
502,5,3,0.298152407784145,34,9,0.0,0.0,0.0,False,21,34,,,,,
502,5,3,0.298152407784145,34,10,0.5882352941176471,1.0,0.7407407407407407,True,20,34,0.4051159179241177,0.6064908116140915,0.3062539411134497,"[-0.14707750074417358, -0.762628018706625]",0.7766809423061343
502,5,3,0.298152407784145,34,11,0.0,0.0,0.0,False,19,34,,,,,
502,5,7,0.17931482780863278,34,0,0.0,0.0,0.0,False,49,34,,,,,
502,5,7,0.17931482780863278,34,1,0.0,0.0,0.0,False,48,34,,,,,
502,5,7,0.17931482780863278,34,2,0.0,0.0,0.0,False,38,34,,,,,
502,5,7,0.17931482780863278,34,3,0.0,0.0,0.0,False,36,34,,,,,
502,5,7,0.17931482780863278,34,4,0.0,0.0,0.0,False,36,34,,,,,
502,5,7,0.17931482780863278,34,5,0.0,0.0,0.0,False,35,34,,,,,
502,5,7,0.17931482780863278,34,6,0.0,0.0,0.0,False,34,34,,,,,
502,5,7,0.17931482780863278,34,7,0.4117647058823529,0.42424242424242425,0.417910447761194,True,33,34,0.3058926537208885,0.3731033301450718,0.3573353477739558,"[1.9491297988733791, 5.031772472578602]",5.396094994406229
502,5,7,0.17931482780863278,34,8,0.0,0.0,0.0,False,24,34,,,,,
502,5,7,0.17931482780863278,34,9,0.0,0.0,0.0,False,21,34,,,,,
502,5,7,0.17931482780863278,34,10,0.5882352941176471,1.0,0.7407407407407407,True,20,34,0.4051159179241177,0.6064908116140915,0.3062539411134497,"[-0.14707750074417358, -0.762628018706625]",0.7766809423061343
502,5,7,0.17931482780863278,34,11,0.0,0.0,0.0,False,19,34,,,,,
502,5,9,0.15866961594893741,34,0,0.0,0.0,0.0,False,49,34,,,,,
502,5,9,0.15866961594893741,34,1,0.0,0.0,0.0,False,48,34,,,,,
502,5,9,0.15866961594893741,34,2,0.0,0.0,0.0,False,38,34,,,,,
502,5,9,0.15866961594893741,34,3,0.0,0.0,0.0,False,36,34,,,,,
502,5,9,0.15866961594893741,34,4,0.0,0.0,0.0,False,36,34,,,,,
502,5,9,0.15866961594893741,34,5,0.0,0.0,0.0,False,35,34,,,,,
502,5,9,0.15866961594893741,34,6,0.0,0.0,0.0,False,34,34,,,,,
502,5,9,0.15866961594893741,34,7,0.4117647058823529,0.42424242424242425,0.417910447761194,True,33,34,0.3058926537208885,0.3731033301450718,0.3573353477739558,"[1.9491297988733791, 5.031772472578602]",5.396094994406229
502,5,9,0.15866961594893741,34,8,0.0,0.0,0.0,False,24,34,,,,,
502,5,9,0.15866961594893741,34,9,0.0,0.0,0.0,False,21,34,,,,,
502,5,9,0.15866961594893741,34,10,0.5882352941176471,1.0,0.7407407407407407,True,20,34,0.4051159179241177,0.6064908116140915,0.3062539411134497,"[-0.14707750074417358, -0.762628018706625]",0.7766809423061343
502,5,9,0.15866961594893741,34,11,0.0,0.0,0.0,False,19,34,,,,,
502,5,6,0.14513359113035812,32,0,0.0,0.0,0.0,False,49,32,,,,,
502,5,6,0.14513359113035812,32,1,0.0,0.0,0.0,False,48,32,,,,,
502,5,6,0.14513359113035812,32,2,0.0,0.0,0.0,False,38,32,,,,,
502,5,6,0.14513359113035812,32,3,0.0,0.0,0.0,False,36,32,,,,,
502,5,6,0.14513359113035812,32,4,0.96875,0.8611111111111112,0.9117647058823529,True,36,32,0.6839632255919221,0.8206441137661806,0.16269977734403393,"[-0.02025033160032752, 0.050389480769489126]",0.05430631364898503
502,5,6,0.14513359113035812,32,5,0.0,0.0,0.0,False,35,32,,,,,
502,5,6,0.14513359113035812,32,6,0.0,0.0,0.0,False,34,32,,,,,
502,5,6,0.14513359113035812,32,7,0.0,0.0,0.0,False,33,32,,,,,
502,5,6,0.14513359113035812,32,8,0.0,0.0,0.0,False,24,32,,,,,
502,5,6,0.14513359113035812,32,9,0.03125,0.047619047619047616,0.03773584905660377,False,21,32,,,,,
502,5,6,0.14513359113035812,32,10,0.0,0.0,0.0,False,20,32,,,,,
502,5,6,0.14513359113035812,32,11,0.0,0.0,0.0,False,19,32,,,,,
502,5,5,0.12713773672801534,55,0,0.8909090909090909,1.0,0.9423076923076923,True,49,55,0.7154795814515886,0.8515764479652508,0.14647475387748632,"[0.15980671978220506, 0.22390676164523415]",0.2750862148454624
502,5,5,0.12713773672801534,55,1,0.0,0.0,0.0,False,48,55,,,,,
502,5,5,0.12713773672801534,55,2,0.05454545454545454,0.07894736842105263,0.06451612903225806,False,38,55,,,,,
502,5,5,0.12713773672801534,55,3,0.05454545454545454,0.08333333333333333,0.06593406593406594,False,36,55,,,,,
502,5,5,0.12713773672801534,55,4,0.0,0.0,0.0,False,36,55,,,,,
502,5,5,0.12713773672801534,55,5,0.0,0.0,0.0,False,35,55,,,,,
502,5,5,0.12713773672801534,55,6,0.0,0.0,0.0,False,34,55,,,,,
502,5,5,0.12713773672801534,55,7,0.0,0.0,0.0,False,33,55,,,,,
502,5,5,0.12713773672801534,55,8,0.0,0.0,0.0,False,24,55,,,,,
502,5,5,0.12713773672801534,55,9,0.0,0.0,0.0,False,21,55,,,,,
502,5,5,0.12713773672801534,55,10,0.0,0.0,0.0,False,20,55,,,,,
502,5,5,0.12713773672801534,55,11,0.0,0.0,0.0,False,19,55,,,,,
502,5,8,0.09159182059991132,38,0,0.0,0.0,0.0,False,49,38,,,,,
502,5,8,0.09159182059991132,38,1,0.0,0.0,0.0,False,48,38,,,,,
502,5,8,0.09159182059991132,38,2,0.0,0.0,0.0,False,38,38,,,,,
502,5,8,0.09159182059991132,38,3,0.0,0.0,0.0,False,36,38,,,,,
502,5,8,0.09159182059991132,38,4,0.0,0.0,0.0,False,36,38,,,,,
502,5,8,0.09159182059991132,38,5,0.0,0.0,0.0,False,35,38,,,,,
502,5,8,0.09159182059991132,38,6,0.7894736842105263,0.8823529411764706,0.8333333333333334,True,34,38,0.6086548222631891,0.7434619289052756,0.2014695074701189,"[-0.4937425423667965, 0.17582821498356438]",0.5241156926930679
502,5,8,0.09159182059991132,38,7,0.21052631578947367,0.24242424242424243,0.22535211267605634,False,33,38,,,,,
502,5,8,0.09159182059991132,38,8,0.0,0.0,0.0,False,24,38,,,,,
502,5,8,0.09159182059991132,38,9,0.0,0.0,0.0,False,21,38,,,,,
502,5,8,0.09159182059991132,38,10,0.0,0.0,0.0,False,20,38,,,,,
502,5,8,0.09159182059991132,38,11,0.0,0.0,0.0,False,19,38,,,,,
502,6,11,0.2608382405387556,20,0,0.0,0.0,0.0,False,51,20,,,,,
502,6,11,0.2608382405387556,20,1,0.0,0.0,0.0,False,41,20,,,,,
502,6,11,0.2608382405387556,20,2,0.0,0.0,0.0,False,36,20,,,,,
502,6,11,0.2608382405387556,20,3,0.0,0.0,0.0,False,31,20,,,,,
502,6,11,0.2608382405387556,20,4,0.0,0.0,0.0,False,26,20,,,,,
502,6,11,0.2608382405387556,20,5,0.0,0.0,0.0,False,24,20,,,,,
502,6,11,0.2608382405387556,20,6,0.0,0.0,0.0,False,23,20,,,,,
502,6,11,0.2608382405387556,20,7,1.0,0.8695652173913043,0.9302325581395349,True,23,20,0.6235140265169192,0.8075451454904886,0.19381979889389564,"[0.1997657918848219, 0.19382181132457932]",0.27834019859249726
502,6,11,0.2608382405387556,20,8,0.0,0.0,0.0,False,20,20,,,,,
502,6,11,0.2608382405387556,20,9,0.0,0.0,0.0,False,17,20,,,,,
502,6,11,0.2608382405387556,20,10,0.0,0.0,0.0,False,17,20,,,,,
502,6,11,0.2608382405387556,20,11,0.0,0.0,0.0,False,16,20,,,,,
502,6,11,0.2608382405387556,20,12,0.0,0.0,0.0,False,16,20,,,,,
502,6,11,0.2608382405387556,20,13,0.0,0.0,0.0,False,16,20,,,,,
502,6,11,0.2608382405387556,20,14,0.0,0.0,0.0,False,15,20,,,,,
502,6,11,0.2608382405387556,20,15,0.0,0.0,0.0,False,14,20,,,,,
502,6,11,0.2608382405387556,20,16,0.0,0.0,0.0,False,14,20,,,,,
502,6,6,0.17688886453320254,36,0,0.1111111111111111,0.0784313725490196,0.09195402298850575,False,51,36,,,,,
502,6,6,0.17688886453320254,36,1,0.0,0.0,0.0,False,41,36,,,,,
502,6,6,0.17688886453320254,36,2,0.8888888888888888,0.8888888888888888,0.8888888888888888,True,36,36,0.6150572824949161,0.7793562463312997,0.1981734389790168,"[0.1381564475144339, 0.20640088869101803]",0.2483717593492677
502,6,6,0.17688886453320254,36,3,0.0,0.0,0.0,False,31,36,,,,,
502,6,6,0.17688886453320254,36,4,0.0,0.0,0.0,False,26,36,,,,,
502,6,6,0.17688886453320254,36,5,0.0,0.0,0.0,False,24,36,,,,,
502,6,6,0.17688886453320254,36,6,0.0,0.0,0.0,False,23,36,,,,,
502,6,6,0.17688886453320254,36,7,0.0,0.0,0.0,False,23,36,,,,,
502,6,6,0.17688886453320254,36,8,0.0,0.0,0.0,False,20,36,,,,,
502,6,6,0.17688886453320254,36,9,0.0,0.0,0.0,False,17,36,,,,,
502,6,6,0.17688886453320254,36,10,0.0,0.0,0.0,False,17,36,,,,,
502,6,6,0.17688886453320254,36,11,0.0,0.0,0.0,False,16,36,,,,,
502,6,6,0.17688886453320254,36,12,0.0,0.0,0.0,False,16,36,,,,,
502,6,6,0.17688886453320254,36,13,0.0,0.0,0.0,False,16,36,,,,,
502,6,6,0.17688886453320254,36,14,0.0,0.0,0.0,False,15,36,,,,,
502,6,6,0.17688886453320254,36,15,0.0,0.0,0.0,False,14,36,,,,,
502,6,6,0.17688886453320254,36,16,0.0,0.0,0.0,False,14,36,,,,,
502,6,13,0.1568733405030074,20,0,0.0,0.0,0.0,False,51,20,,,,,
502,6,13,0.1568733405030074,20,1,0.0,0.0,0.0,False,41,20,,,,,
502,6,13,0.1568733405030074,20,2,0.0,0.0,0.0,False,36,20,,,,,
502,6,13,0.1568733405030074,20,3,0.0,0.0,0.0,False,31,20,,,,,
502,6,13,0.1568733405030074,20,4,0.0,0.0,0.0,False,26,20,,,,,
502,6,13,0.1568733405030074,20,5,0.0,0.0,0.0,False,24,20,,,,,
502,6,13,0.1568733405030074,20,6,0.0,0.0,0.0,False,23,20,,,,,
502,6,13,0.1568733405030074,20,7,1.0,0.8695652173913043,0.9302325581395349,True,23,20,0.6235140265169192,0.8075451454904886,0.19381979889389564,"[0.1997657918848219, 0.19382181132457932]",0.27834019859249726
502,6,13,0.1568733405030074,20,8,0.0,0.0,0.0,False,20,20,,,,,
502,6,13,0.1568733405030074,20,9,0.0,0.0,0.0,False,17,20,,,,,
502,6,13,0.1568733405030074,20,10,0.0,0.0,0.0,False,17,20,,,,,
502,6,13,0.1568733405030074,20,11,0.0,0.0,0.0,False,16,20,,,,,
502,6,13,0.1568733405030074,20,12,0.0,0.0,0.0,False,16,20,,,,,
502,6,13,0.1568733405030074,20,13,0.0,0.0,0.0,False,16,20,,,,,
502,6,13,0.1568733405030074,20,14,0.0,0.0,0.0,False,15,20,,,,,
502,6,13,0.1568733405030074,20,15,0.0,0.0,0.0,False,14,20,,,,,
502,6,13,0.1568733405030074,20,16,0.0,0.0,0.0,False,14,20,,,,,
502,6,5,0.15495551177356431,49,0,0.0,0.0,0.0,False,51,49,,,,,
502,6,5,0.15495551177356431,49,1,0.0,0.0,0.0,False,41,49,,,,,
502,6,5,0.15495551177356431,49,2,0.0,0.0,0.0,False,36,49,,,,,
502,6,5,0.15495551177356431,49,3,0.5714285714285714,0.9032258064516129,0.7,True,31,49,0.4251156326948361,0.5900462530779345,0.2959578319146561,"[0.13104161705039807, 0.71612335501158]",0.7280141241708327
502,6,5,0.15495551177356431,49,4,0.3877551020408163,0.7307692307692307,0.5066666666666667,True,26,49,0.4217148456857909,0.4726859382743164,0.29770860060352927,"[-0.05370906917026019, 23.818989662548802]",23.819050216344014
502,6,5,0.15495551177356431,49,5,0.0,0.0,0.0,False,24,49,,,,,
502,6,5,0.15495551177356431,49,6,0.0,0.0,0.0,False,23,49,,,,,
502,6,5,0.15495551177356431,49,7,0.0,0.0,0.0,False,23,49,,,,,
502,6,5,0.15495551177356431,49,8,0.0,0.0,0.0,False,20,49,,,,,
502,6,5,0.15495551177356431,49,9,0.0,0.0,0.0,False,17,49,,,,,
502,6,5,0.15495551177356431,49,10,0.0,0.0,0.0,False,17,49,,,,,
502,6,5,0.15495551177356431,49,11,0.0,0.0,0.0,False,16,49,,,,,
502,6,5,0.15495551177356431,49,12,0.02040816326530612,0.0625,0.03076923076923077,False,16,49,,,,,
502,6,5,0.15495551177356431,49,13,0.0,0.0,0.0,False,16,49,,,,,
502,6,5,0.15495551177356431,49,14,0.0,0.0,0.0,False,15,49,,,,,
502,6,5,0.15495551177356431,49,15,0.0,0.0,0.0,False,14,49,,,,,
502,6,5,0.15495551177356431,49,16,0.02040816326530612,0.07142857142857142,0.031746031746031744,False,14,49,,,,,
502,6,15,0.13881190414884775,20,0,0.0,0.0,0.0,False,51,20,,,,,
502,6,15,0.13881190414884775,20,1,0.0,0.0,0.0,False,41,20,,,,,
502,6,15,0.13881190414884775,20,2,0.0,0.0,0.0,False,36,20,,,,,
502,6,15,0.13881190414884775,20,3,0.0,0.0,0.0,False,31,20,,,,,
502,6,15,0.13881190414884775,20,4,0.0,0.0,0.0,False,26,20,,,,,
502,6,15,0.13881190414884775,20,5,0.0,0.0,0.0,False,24,20,,,,,
502,6,15,0.13881190414884775,20,6,0.0,0.0,0.0,False,23,20,,,,,
502,6,15,0.13881190414884775,20,7,1.0,0.8695652173913043,0.9302325581395349,True,23,20,0.6235140265169192,0.8075451454904886,0.19381979889389564,"[0.1997657918848219, 0.19382181132457932]",0.27834019859249726
502,6,15,0.13881190414884775,20,8,0.0,0.0,0.0,False,20,20,,,,,
502,6,15,0.13881190414884775,20,9,0.0,0.0,0.0,False,17,20,,,,,
502,6,15,0.13881190414884775,20,10,0.0,0.0,0.0,False,17,20,,,,,
502,6,15,0.13881190414884775,20,11,0.0,0.0,0.0,False,16,20,,,,,
502,6,15,0.13881190414884775,20,12,0.0,0.0,0.0,False,16,20,,,,,
502,6,15,0.13881190414884775,20,13,0.0,0.0,0.0,False,16,20,,,,,
502,6,15,0.13881190414884775,20,14,0.0,0.0,0.0,False,15,20,,,,,
502,6,15,0.13881190414884775,20,15,0.0,0.0,0.0,False,14,20,,,,,
502,6,15,0.13881190414884775,20,16,0.0,0.0,0.0,False,14,20,,,,,
502,6,8,0.11163213850262238,34,0,0.0,0.0,0.0,False,51,34,,,,,
502,6,8,0.11163213850262238,34,1,0.9411764705882353,0.7804878048780488,0.8533333333333334,True,41,34,0.6086144026148499,0.75544576104594,0.20149031602253323,"[0.3666527704325997, 0.19982825936725934]",0.4175710565971369
502,6,8,0.11163213850262238,34,2,0.0,0.0,0.0,False,36,34,,,,,
502,6,8,0.11163213850262238,34,3,0.0,0.0,0.0,False,31,34,,,,,
502,6,8,0.11163213850262238,34,4,0.0,0.0,0.0,False,26,34,,,,,
502,6,8,0.11163213850262238,34,5,0.0,0.0,0.0,False,24,34,,,,,
502,6,8,0.11163213850262238,34,6,0.0,0.0,0.0,False,23,34,,,,,
502,6,8,0.11163213850262238,34,7,0.058823529411764705,0.08695652173913043,0.07017543859649122,False,23,34,,,,,
502,6,8,0.11163213850262238,34,8,0.0,0.0,0.0,False,20,34,,,,,
502,6,8,0.11163213850262238,34,9,0.0,0.0,0.0,False,17,34,,,,,
502,6,8,0.11163213850262238,34,10,0.0,0.0,0.0,False,17,34,,,,,
502,6,8,0.11163213850262238,34,11,0.0,0.0,0.0,False,16,34,,,,,
502,6,8,0.11163213850262238,34,12,0.0,0.0,0.0,False,16,34,,,,,
502,6,8,0.11163213850262238,34,13,0.0,0.0,0.0,False,16,34,,,,,
502,6,8,0.11163213850262238,34,14,0.0,0.0,0.0,False,15,34,,,,,
502,6,8,0.11163213850262238,34,15,0.0,0.0,0.0,False,14,34,,,,,
502,6,8,0.11163213850262238,34,16,0.0,0.0,0.0,False,14,34,,,,,
502,7,11,0.27737503516178713,23,0,0.0,0.0,0.0,False,47,23,,,,,
502,7,11,0.27737503516178713,23,1,0.0,0.0,0.0,False,35,23,,,,,
502,7,11,0.27737503516178713,23,2,0.0,0.0,0.0,False,35,23,,,,,
502,7,11,0.27737503516178713,23,3,0.0,0.0,0.0,False,35,23,,,,,
502,7,11,0.27737503516178713,23,4,0.0,0.0,0.0,False,31,23,,,,,
502,7,11,0.27737503516178713,23,5,0.0,0.0,0.0,False,30,23,,,,,
502,7,11,0.27737503516178713,23,6,0.0,0.0,0.0,False,28,23,,,,,
502,7,11,0.27737503516178713,23,7,0.0,0.0,0.0,False,28,23,,,,,
502,7,11,0.27737503516178713,23,8,0.0,0.0,0.0,False,26,23,,,,,
502,7,11,0.27737503516178713,23,9,1.0,0.9583333333333334,0.9787234042553191,True,24,23,0.7019187890199377,0.8680015581611665,0.15345602342553383,"[-0.10833213491231852, -0.0255574313769813]",0.11130603646366126
502,7,11,0.27737503516178713,23,10,0.0,0.0,0.0,False,21,23,,,,,
502,7,11,0.27737503516178713,23,11,0.0,0.0,0.0,False,17,23,,,,,
502,7,11,0.27737503516178713,23,12,0.0,0.0,0.0,False,16,23,,,,,
502,7,11,0.27737503516178713,23,13,0.0,0.0,0.0,False,14,23,,,,,
502,7,11,0.27737503516178713,23,14,0.0,0.0,0.0,False,13,23,,,,,
502,7,6,0.18810338130744902,36,0,0.0,0.0,0.0,False,47,36,,,,,
502,7,6,0.18810338130744902,36,1,0.0,0.0,0.0,False,35,36,,,,,
502,7,6,0.18810338130744902,36,2,0.9444444444444444,0.9714285714285714,0.9577464788732394,True,35,36,0.6897996474098742,0.8505677462878933,0.1596951126747239,"[-0.09556417218096591, -0.00475735195062299]",0.09568251356551727
502,7,6,0.18810338130744902,36,3,0.0,0.0,0.0,False,35,36,,,,,
502,7,6,0.18810338130744902,36,4,0.0,0.0,0.0,False,31,36,,,,,
502,7,6,0.18810338130744902,36,5,0.0,0.0,0.0,False,30,36,,,,,
502,7,6,0.18810338130744902,36,6,0.027777777777777776,0.03571428571428571,0.03125,False,28,36,,,,,
502,7,6,0.18810338130744902,36,7,0.027777777777777776,0.03571428571428571,0.03125,False,28,36,,,,,
502,7,6,0.18810338130744902,36,8,0.0,0.0,0.0,False,26,36,,,,,
502,7,6,0.18810338130744902,36,9,0.0,0.0,0.0,False,24,36,,,,,
502,7,6,0.18810338130744902,36,10,0.0,0.0,0.0,False,21,36,,,,,
502,7,6,0.18810338130744902,36,11,0.0,0.0,0.0,False,17,36,,,,,
502,7,6,0.18810338130744902,36,12,0.0,0.0,0.0,False,16,36,,,,,
502,7,6,0.18810338130744902,36,13,0.0,0.0,0.0,False,14,36,,,,,
502,7,6,0.18810338130744902,36,14,0.0,0.0,0.0,False,13,36,,,,,
502,7,13,0.16681889989786033,23,0,0.0,0.0,0.0,False,47,23,,,,,
502,7,13,0.16681889989786033,23,1,0.0,0.0,0.0,False,35,23,,,,,
502,7,13,0.16681889989786033,23,2,0.0,0.0,0.0,False,35,23,,,,,
502,7,13,0.16681889989786033,23,3,0.0,0.0,0.0,False,35,23,,,,,
502,7,13,0.16681889989786033,23,4,0.0,0.0,0.0,False,31,23,,,,,
502,7,13,0.16681889989786033,23,5,0.0,0.0,0.0,False,30,23,,,,,
502,7,13,0.16681889989786033,23,6,0.0,0.0,0.0,False,28,23,,,,,
502,7,13,0.16681889989786033,23,7,0.0,0.0,0.0,False,28,23,,,,,
502,7,13,0.16681889989786033,23,8,0.0,0.0,0.0,False,26,23,,,,,
502,7,13,0.16681889989786033,23,9,1.0,0.9583333333333334,0.9787234042553191,True,24,23,0.7019187890199377,0.8680015581611665,0.15345602342553383,"[-0.10833213491231852, -0.0255574313769813]",0.11130603646366126
502,7,13,0.16681889989786033,23,10,0.0,0.0,0.0,False,21,23,,,,,
502,7,13,0.16681889989786033,23,11,0.0,0.0,0.0,False,17,23,,,,,
502,7,13,0.16681889989786033,23,12,0.0,0.0,0.0,False,16,23,,,,,
502,7,13,0.16681889989786033,23,13,0.0,0.0,0.0,False,14,23,,,,,
502,7,13,0.16681889989786033,23,14,0.0,0.0,0.0,False,13,23,,,,,
502,7,15,0.14761239270221369,23,0,0.0,0.0,0.0,False,47,23,,,,,
502,7,15,0.14761239270221369,23,1,0.0,0.0,0.0,False,35,23,,,,,
502,7,15,0.14761239270221369,23,2,0.0,0.0,0.0,False,35,23,,,,,
502,7,15,0.14761239270221369,23,3,0.0,0.0,0.0,False,35,23,,,,,
502,7,15,0.14761239270221369,23,4,0.0,0.0,0.0,False,31,23,,,,,
502,7,15,0.14761239270221369,23,5,0.0,0.0,0.0,False,30,23,,,,,
502,7,15,0.14761239270221369,23,6,0.0,0.0,0.0,False,28,23,,,,,
502,7,15,0.14761239270221369,23,7,0.0,0.0,0.0,False,28,23,,,,,
502,7,15,0.14761239270221369,23,8,0.0,0.0,0.0,False,26,23,,,,,
502,7,15,0.14761239270221369,23,9,1.0,0.9583333333333334,0.9787234042553191,True,24,23,0.7019187890199377,0.8680015581611665,0.15345602342553383,"[-0.10833213491231852, -0.0255574313769813]",0.11130603646366126
502,7,15,0.14761239270221369,23,10,0.0,0.0,0.0,False,21,23,,,,,
502,7,15,0.14761239270221369,23,11,0.0,0.0,0.0,False,17,23,,,,,
502,7,15,0.14761239270221369,23,12,0.0,0.0,0.0,False,16,23,,,,,
502,7,15,0.14761239270221369,23,13,0.0,0.0,0.0,False,14,23,,,,,
502,7,15,0.14761239270221369,23,14,0.0,0.0,0.0,False,13,23,,,,,
502,7,8,0.11870946636656873,41,0,0.0,0.0,0.0,False,47,41,,,,,
502,7,8,0.11870946636656873,41,1,0.5121951219512195,0.6,0.5526315789473685,True,35,41,0.42897256086065316,0.5031679717126823,0.29397223591879235,"[19.79760310095532, -2.76629282594687]",19.989934080477624
502,7,8,0.11870946636656873,41,2,0.0,0.0,0.0,False,35,41,,,,,
502,7,8,0.11870946636656873,41,3,0.4634146341463415,0.5428571428571428,0.5,True,35,41,0.3357645901739006,0.4343058360695602,0.3419568924696861,"[0.2757609570663515, 0.1783046382347413]",0.3283849105214369
502,7,8,0.11870946636656873,41,4,0.0,0.0,0.0,False,31,41,,,,,
502,7,8,0.11870946636656873,41,5,0.0,0.0,0.0,False,30,41,,,,,
502,7,8,0.11870946636656873,41,6,0.0,0.0,0.0,False,28,41,,,,,
502,7,8,0.11870946636656873,41,7,0.0,0.0,0.0,False,28,41,,,,,
502,7,8,0.11870946636656873,41,8,0.0,0.0,0.0,False,26,41,,,,,
502,7,8,0.11870946636656873,41,9,0.0,0.0,0.0,False,24,41,,,,,
502,7,8,0.11870946636656873,41,10,0.0,0.0,0.0,False,21,41,,,,,
502,7,8,0.11870946636656873,41,11,0.0,0.0,0.0,False,17,41,,,,,
502,7,8,0.11870946636656873,41,12,0.024390243902439025,0.0625,0.03508771929824561,False,16,41,,,,,
502,7,8,0.11870946636656873,41,13,0.0,0.0,0.0,False,14,41,,,,,
502,7,8,0.11870946636656873,41,14,0.0,0.0,0.0,False,13,41,,,,,
502,7,16,0.10138082456412112,31,0,0.0,0.0,0.0,False,47,31,,,,,
502,7,16,0.10138082456412112,31,1,0.0,0.0,0.0,False,35,31,,,,,
502,7,16,0.10138082456412112,31,2,0.0,0.0,0.0,False,35,31,,,,,
502,7,16,0.10138082456412112,31,3,0.0,0.0,0.0,False,35,31,,,,,
502,7,16,0.10138082456412112,31,4,0.967741935483871,0.967741935483871,0.967741935483871,True,31,31,0.6832339337211262,0.853938734778773,0.16307522613545883,"[-0.2365896359961983, 0.24782723789935024]",0.342626612664041
502,7,16,0.10138082456412112,31,5,0.0,0.0,0.0,False,30,31,,,,,
502,7,16,0.10138082456412112,31,6,0.0,0.0,0.0,False,28,31,,,,,
502,7,16,0.10138082456412112,31,7,0.0,0.0,0.0,False,28,31,,,,,
502,7,16,0.10138082456412112,31,8,0.0,0.0,0.0,False,26,31,,,,,
502,7,16,0.10138082456412112,31,9,0.0,0.0,0.0,False,24,31,,,,,
502,7,16,0.10138082456412112,31,10,0.0,0.0,0.0,False,21,31,,,,,
502,7,16,0.10138082456412112,31,11,0.0,0.0,0.0,False,17,31,,,,,
502,7,16,0.10138082456412112,31,12,0.0,0.0,0.0,False,16,31,,,,,
502,7,16,0.10138082456412112,31,13,0.0,0.0,0.0,False,14,31,,,,,
502,7,16,0.10138082456412112,31,14,0.03225806451612903,0.07692307692307693,0.045454545454545456,False,13,31,,,,,
502,8,11,0.2923526847057122,24,0,0.08333333333333333,0.04081632653061224,0.0547945205479452,False,49,24,,,,,
502,8,11,0.2923526847057122,24,1,0.0,0.0,0.0,False,44,24,,,,,
502,8,11,0.2923526847057122,24,2,0.125,0.08108108108108109,0.09836065573770492,False,37,24,,,,,
502,8,11,0.2923526847057122,24,3,0.0,0.0,0.0,False,35,24,,,,,
502,8,11,0.2923526847057122,24,4,0.0,0.0,0.0,False,30,24,,,,,
502,8,11,0.2923526847057122,24,5,0.0,0.0,0.0,False,27,24,,,,,
502,8,11,0.2923526847057122,24,6,0.0,0.0,0.0,False,27,24,,,,,
502,8,11,0.2923526847057122,24,7,0.0,0.0,0.0,False,25,24,,,,,
502,8,11,0.2923526847057122,24,8,0.0,0.0,0.0,False,23,24,,,,,
502,8,11,0.2923526847057122,24,9,0.0,0.0,0.0,False,22,24,,,,,
502,8,11,0.2923526847057122,24,10,0.7916666666666666,1.0,0.8837209302325582,True,19,24,0.6382320617141481,0.7855253828251941,0.18624276595519473,"[0.3375417279977455, -0.08871328143039836]",0.3490049633484502
502,8,11,0.2923526847057122,24,11,0.0,0.0,0.0,False,18,24,,,,,
502,8,11,0.2923526847057122,24,12,0.0,0.0,0.0,False,16,24,,,,,
502,8,11,0.2923526847057122,24,13,0.0,0.0,0.0,False,16,24,,,,,
502,8,11,0.2923526847057122,24,14,0.0,0.0,0.0,False,12,24,,,,,
502,8,6,0.1982605554078758,35,0,0.7428571428571429,0.5306122448979592,0.6190476190476191,True,49,35,0.3764694698684957,0.5220163593759697,0.32100149930213373,"[-0.20020092412113932, 0.3569617590346219]",0.4092702132235495
502,8,6,0.1982605554078758,35,1,0.0,0.0,0.0,False,44,35,,,,,
502,8,6,0.1982605554078758,35,2,0.0,0.0,0.0,False,37,35,,,,,
502,8,6,0.1982605554078758,35,3,0.0,0.0,0.0,False,35,35,,,,,
502,8,6,0.1982605554078758,35,4,0.0,0.0,0.0,False,30,35,,,,,
502,8,6,0.1982605554078758,35,5,0.0,0.0,0.0,False,27,35,,,,,
502,8,6,0.1982605554078758,35,6,0.0,0.0,0.0,False,27,35,,,,,
502,8,6,0.1982605554078758,35,7,0.0,0.0,0.0,False,25,35,,,,,
502,8,6,0.1982605554078758,35,8,0.0,0.0,0.0,False,23,35,,,,,
502,8,6,0.1982605554078758,35,9,0.2,0.3181818181818182,0.24561403508771928,False,22,35,,,,,
502,8,6,0.1982605554078758,35,10,0.0,0.0,0.0,False,19,35,,,,,
502,8,6,0.1982605554078758,35,11,0.05714285714285714,0.1111111111111111,0.07547169811320754,False,18,35,,,,,
502,8,6,0.1982605554078758,35,12,0.0,0.0,0.0,False,16,35,,,,,
502,8,6,0.1982605554078758,35,13,0.0,0.0,0.0,False,16,35,,,,,
502,8,6,0.1982605554078758,35,14,0.0,0.0,0.0,False,12,35,,,,,
502,8,13,0.1758267582241005,24,0,0.08333333333333333,0.04081632653061224,0.0547945205479452,False,49,24,,,,,
502,8,13,0.1758267582241005,24,1,0.0,0.0,0.0,False,44,24,,,,,
502,8,13,0.1758267582241005,24,2,0.125,0.08108108108108109,0.09836065573770492,False,37,24,,,,,
502,8,13,0.1758267582241005,24,3,0.0,0.0,0.0,False,35,24,,,,,
502,8,13,0.1758267582241005,24,4,0.0,0.0,0.0,False,30,24,,,,,
502,8,13,0.1758267582241005,24,5,0.0,0.0,0.0,False,27,24,,,,,
502,8,13,0.1758267582241005,24,6,0.0,0.0,0.0,False,27,24,,,,,
502,8,13,0.1758267582241005,24,7,0.0,0.0,0.0,False,25,24,,,,,
502,8,13,0.1758267582241005,24,8,0.0,0.0,0.0,False,23,24,,,,,
502,8,13,0.1758267582241005,24,9,0.0,0.0,0.0,False,22,24,,,,,
502,8,13,0.1758267582241005,24,10,0.7916666666666666,1.0,0.8837209302325582,True,19,24,0.6382320617141481,0.7855253828251941,0.18624276595519473,"[0.3375417279977455, -0.08871328143039836]",0.3490049633484502
502,8,13,0.1758267582241005,24,11,0.0,0.0,0.0,False,18,24,,,,,
502,8,13,0.1758267582241005,24,12,0.0,0.0,0.0,False,16,24,,,,,
502,8,13,0.1758267582241005,24,13,0.0,0.0,0.0,False,16,24,,,,,
502,8,13,0.1758267582241005,24,14,0.0,0.0,0.0,False,12,24,,,,,
502,8,15,0.15558314134923748,24,0,0.08333333333333333,0.04081632653061224,0.0547945205479452,False,49,24,,,,,
502,8,15,0.15558314134923748,24,1,0.0,0.0,0.0,False,44,24,,,,,
502,8,15,0.15558314134923748,24,2,0.125,0.08108108108108109,0.09836065573770492,False,37,24,,,,,
502,8,15,0.15558314134923748,24,3,0.0,0.0,0.0,False,35,24,,,,,
502,8,15,0.15558314134923748,24,4,0.0,0.0,0.0,False,30,24,,,,,
502,8,15,0.15558314134923748,24,5,0.0,0.0,0.0,False,27,24,,,,,
502,8,15,0.15558314134923748,24,6,0.0,0.0,0.0,False,27,24,,,,,
502,8,15,0.15558314134923748,24,7,0.0,0.0,0.0,False,25,24,,,,,
502,8,15,0.15558314134923748,24,8,0.0,0.0,0.0,False,23,24,,,,,
502,8,15,0.15558314134923748,24,9,0.0,0.0,0.0,False,22,24,,,,,
502,8,15,0.15558314134923748,24,10,0.7916666666666666,1.0,0.8837209302325582,True,19,24,0.6382320617141481,0.7855253828251941,0.18624276595519473,"[0.3375417279977455, -0.08871328143039836]",0.3490049633484502
502,8,15,0.15558314134923748,24,11,0.0,0.0,0.0,False,18,24,,,,,
502,8,15,0.15558314134923748,24,12,0.0,0.0,0.0,False,16,24,,,,,
502,8,15,0.15558314134923748,24,13,0.0,0.0,0.0,False,16,24,,,,,
502,8,15,0.15558314134923748,24,14,0.0,0.0,0.0,False,12,24,,,,,
502,8,16,0.10685516892935887,31,0,0.0,0.0,0.0,False,49,31,,,,,
502,8,16,0.10685516892935887,31,1,0.0,0.0,0.0,False,44,31,,,,,
502,8,16,0.10685516892935887,31,2,0.0,0.0,0.0,False,37,31,,,,,
502,8,16,0.10685516892935887,31,3,0.0,0.0,0.0,False,35,31,,,,,
502,8,16,0.10685516892935887,31,4,0.9354838709677419,0.9666666666666667,0.9508196721311475,True,30,31,0.7038861984146118,0.8520462826445332,0.15244317588253015,"[-0.06808777081974426, -0.03208883566876031]",0.07527043184264803
502,8,16,0.10685516892935887,31,5,0.0,0.0,0.0,False,27,31,,,,,
502,8,16,0.10685516892935887,31,6,0.03225806451612903,0.037037037037037035,0.034482758620689655,False,27,31,,,,,
502,8,16,0.10685516892935887,31,7,0.0,0.0,0.0,False,25,31,,,,,
502,8,16,0.10685516892935887,31,8,0.0,0.0,0.0,False,23,31,,,,,
502,8,16,0.10685516892935887,31,9,0.0,0.0,0.0,False,22,31,,,,,
502,8,16,0.10685516892935887,31,10,0.0,0.0,0.0,False,19,31,,,,,
502,8,16,0.10685516892935887,31,11,0.0,0.0,0.0,False,18,31,,,,,
502,8,16,0.10685516892935887,31,12,0.0,0.0,0.0,False,16,31,,,,,
502,8,16,0.10685516892935887,31,13,0.0,0.0,0.0,False,16,31,,,,,
502,8,16,0.10685516892935887,31,14,0.03225806451612903,0.08333333333333333,0.046511627906976744,False,12,31,,,,,
502,8,18,0.07112169138371514,35,0,0.0,0.0,0.0,False,49,35,,,,,
502,8,18,0.07112169138371514,35,1,0.02857142857142857,0.022727272727272728,0.02531645569620253,False,44,35,,,,,
502,8,18,0.07112169138371514,35,2,0.9714285714285714,0.918918918918919,0.9444444444444444,True,37,35,0.6550790883924645,0.8286983020236525,0.17756970094684288,"[0.3003201904205852, 0.06908011574994877]",0.30816274785619835
502,8,18,0.07112169138371514,35,3,0.0,0.0,0.0,False,35,35,,,,,
502,8,18,0.07112169138371514,35,4,0.0,0.0,0.0,False,30,35,,,,,
502,8,18,0.07112169138371514,35,5,0.0,0.0,0.0,False,27,35,,,,,
502,8,18,0.07112169138371514,35,6,0.0,0.0,0.0,False,27,35,,,,,
502,8,18,0.07112169138371514,35,7,0.0,0.0,0.0,False,25,35,,,,,
502,8,18,0.07112169138371514,35,8,0.0,0.0,0.0,False,23,35,,,,,
502,8,18,0.07112169138371514,35,9,0.0,0.0,0.0,False,22,35,,,,,
502,8,18,0.07112169138371514,35,10,0.0,0.0,0.0,False,19,35,,,,,
502,8,18,0.07112169138371514,35,11,0.0,0.0,0.0,False,18,35,,,,,
502,8,18,0.07112169138371514,35,12,0.0,0.0,0.0,False,16,35,,,,,
502,8,18,0.07112169138371514,35,13,0.0,0.0,0.0,False,16,35,,,,,
502,8,18,0.07112169138371514,35,14,0.0,0.0,0.0,False,12,35,,,,,
502,9,11,0.2923526847057122,19,0,0.0,0.0,0.0,False,45,19,,,,,
502,9,11,0.2923526847057122,19,1,0.0,0.0,0.0,False,42,19,,,,,
502,9,11,0.2923526847057122,19,2,0.0,0.0,0.0,False,36,19,,,,,
502,9,11,0.2923526847057122,19,3,0.0,0.0,0.0,False,31,19,,,,,
502,9,11,0.2923526847057122,19,4,0.0,0.0,0.0,False,29,19,,,,,
502,9,11,0.2923526847057122,19,5,0.0,0.0,0.0,False,27,19,,,,,
502,9,11,0.2923526847057122,19,6,0.0,0.0,0.0,False,26,19,,,,,
502,9,11,0.2923526847057122,19,7,1.0,0.7307692307692307,0.8444444444444444,True,26,19,0.6175907765181008,0.7537029772739069,0.19686916382228348,"[-0.5599555790921595, -0.023750302603371853]",0.5604590327849016
502,9,11,0.2923526847057122,19,8,0.0,0.0,0.0,False,25,19,,,,,
502,9,11,0.2923526847057122,19,9,0.0,0.0,0.0,False,23,19,,,,,
502,9,11,0.2923526847057122,19,10,0.0,0.0,0.0,False,17,19,,,,,
502,9,11,0.2923526847057122,19,11,0.0,0.0,0.0,False,16,19,,,,,
502,9,11,0.2923526847057122,19,12,0.0,0.0,0.0,False,16,19,,,,,
502,9,11,0.2923526847057122,19,13,0.0,0.0,0.0,False,15,19,,,,,
502,9,11,0.2923526847057122,19,14,0.0,0.0,0.0,False,14,19,,,,,
502,9,11,0.2923526847057122,19,15,0.0,0.0,0.0,False,12,19,,,,,
502,9,6,0.1982605554078758,49,0,0.02040816326530612,0.022222222222222223,0.02127659574468085,False,45,49,,,,,
502,9,6,0.1982605554078758,49,1,0.0,0.0,0.0,False,42,49,,,,,
502,9,6,0.1982605554078758,49,2,0.6122448979591837,0.8333333333333334,0.7058823529411765,True,36,49,0.4376750761823057,0.5985994422376282,0.2894920696222662,"[0.09057369295756934, -0.20683121381847158]",0.22579358907106808
502,9,6,0.1982605554078758,49,3,0.0,0.0,0.0,False,31,49,,,,,
502,9,6,0.1982605554078758,49,4,0.0,0.0,0.0,False,29,49,,,,,
502,9,6,0.1982605554078758,49,5,0.0,0.0,0.0,False,27,49,,,,,
502,9,6,0.1982605554078758,49,6,0.0,0.0,0.0,False,26,49,,,,,
502,9,6,0.1982605554078758,49,7,0.08163265306122448,0.15384615384615385,0.10666666666666667,False,26,49,,,,,
502,9,6,0.1982605554078758,49,8,0.0,0.0,0.0,False,25,49,,,,,
502,9,6,0.1982605554078758,49,9,0.0,0.0,0.0,False,23,49,,,,,
502,9,6,0.1982605554078758,49,10,0.0,0.0,0.0,False,17,49,,,,,
502,9,6,0.1982605554078758,49,11,0.0,0.0,0.0,False,16,49,,,,,
502,9,6,0.1982605554078758,49,12,0.0,0.0,0.0,False,16,49,,,,,
502,9,6,0.1982605554078758,49,13,0.0,0.0,0.0,False,15,49,,,,,
502,9,6,0.1982605554078758,49,14,0.2857142857142857,1.0,0.4444444444444444,False,14,49,,,,,
502,9,6,0.1982605554078758,49,15,0.0,0.0,0.0,False,12,49,,,,,
502,9,13,0.1758267582241005,19,0,0.0,0.0,0.0,False,45,19,,,,,
502,9,13,0.1758267582241005,19,1,0.0,0.0,0.0,False,42,19,,,,,
502,9,13,0.1758267582241005,19,2,0.0,0.0,0.0,False,36,19,,,,,
502,9,13,0.1758267582241005,19,3,0.0,0.0,0.0,False,31,19,,,,,
502,9,13,0.1758267582241005,19,4,0.0,0.0,0.0,False,29,19,,,,,
502,9,13,0.1758267582241005,19,5,0.0,0.0,0.0,False,27,19,,,,,
502,9,13,0.1758267582241005,19,6,0.0,0.0,0.0,False,26,19,,,,,
502,9,13,0.1758267582241005,19,7,1.0,0.7307692307692307,0.8444444444444444,True,26,19,0.6175907765181008,0.7537029772739069,0.19686916382228348,"[-0.5599555790921595, -0.023750302603371853]",0.5604590327849016
502,9,13,0.1758267582241005,19,8,0.0,0.0,0.0,False,25,19,,,,,
502,9,13,0.1758267582241005,19,9,0.0,0.0,0.0,False,23,19,,,,,
502,9,13,0.1758267582241005,19,10,0.0,0.0,0.0,False,17,19,,,,,
502,9,13,0.1758267582241005,19,11,0.0,0.0,0.0,False,16,19,,,,,
502,9,13,0.1758267582241005,19,12,0.0,0.0,0.0,False,16,19,,,,,
502,9,13,0.1758267582241005,19,13,0.0,0.0,0.0,False,15,19,,,,,
502,9,13,0.1758267582241005,19,14,0.0,0.0,0.0,False,14,19,,,,,
502,9,13,0.1758267582241005,19,15,0.0,0.0,0.0,False,12,19,,,,,
502,9,15,0.15558314134923748,19,0,0.0,0.0,0.0,False,45,19,,,,,
502,9,15,0.15558314134923748,19,1,0.0,0.0,0.0,False,42,19,,,,,
502,9,15,0.15558314134923748,19,2,0.0,0.0,0.0,False,36,19,,,,,
502,9,15,0.15558314134923748,19,3,0.0,0.0,0.0,False,31,19,,,,,
502,9,15,0.15558314134923748,19,4,0.0,0.0,0.0,False,29,19,,,,,
502,9,15,0.15558314134923748,19,5,0.0,0.0,0.0,False,27,19,,,,,
502,9,15,0.15558314134923748,19,6,0.0,0.0,0.0,False,26,19,,,,,
502,9,15,0.15558314134923748,19,7,1.0,0.7307692307692307,0.8444444444444444,True,26,19,0.6175907765181008,0.7537029772739069,0.19686916382228348,"[-0.5599555790921595, -0.023750302603371853]",0.5604590327849016
502,9,15,0.15558314134923748,19,8,0.0,0.0,0.0,False,25,19,,,,,
502,9,15,0.15558314134923748,19,9,0.0,0.0,0.0,False,23,19,,,,,
502,9,15,0.15558314134923748,19,10,0.0,0.0,0.0,False,17,19,,,,,
502,9,15,0.15558314134923748,19,11,0.0,0.0,0.0,False,16,19,,,,,
502,9,15,0.15558314134923748,19,12,0.0,0.0,0.0,False,16,19,,,,,
502,9,15,0.15558314134923748,19,13,0.0,0.0,0.0,False,15,19,,,,,
502,9,15,0.15558314134923748,19,14,0.0,0.0,0.0,False,14,19,,,,,
502,9,15,0.15558314134923748,19,15,0.0,0.0,0.0,False,12,19,,,,,
502,9,16,0.10685516892935887,30,0,0.0,0.0,0.0,False,45,30,,,,,
502,9,16,0.10685516892935887,30,1,0.0,0.0,0.0,False,42,30,,,,,
502,9,16,0.10685516892935887,30,2,0.0,0.0,0.0,False,36,30,,,,,
502,9,16,0.10685516892935887,30,3,1.0,0.967741935483871,0.9836065573770492,True,31,30,0.7352313442189831,0.8842564721138227,0.1363062935442666,"[-0.1305536133945715, -0.07470337717793196]",0.1504155594749679
502,9,16,0.10685516892935887,30,4,0.0,0.0,0.0,False,29,30,,,,,
502,9,16,0.10685516892935887,30,5,0.0,0.0,0.0,False,27,30,,,,,
502,9,16,0.10685516892935887,30,6,0.0,0.0,0.0,False,26,30,,,,,
502,9,16,0.10685516892935887,30,7,0.0,0.0,0.0,False,26,30,,,,,
502,9,16,0.10685516892935887,30,8,0.0,0.0,0.0,False,25,30,,,,,
502,9,16,0.10685516892935887,30,9,0.0,0.0,0.0,False,23,30,,,,,
502,9,16,0.10685516892935887,30,10,0.0,0.0,0.0,False,17,30,,,,,
502,9,16,0.10685516892935887,30,11,0.0,0.0,0.0,False,16,30,,,,,
502,9,16,0.10685516892935887,30,12,0.0,0.0,0.0,False,16,30,,,,,
502,9,16,0.10685516892935887,30,13,0.0,0.0,0.0,False,15,30,,,,,
502,9,16,0.10685516892935887,30,14,0.0,0.0,0.0,False,14,30,,,,,
502,9,16,0.10685516892935887,30,15,0.0,0.0,0.0,False,12,30,,,,,
502,9,18,0.07112169138371514,37,0,0.0,0.0,0.0,False,45,37,,,,,
502,9,18,0.07112169138371514,37,1,0.918918918918919,0.8095238095238095,0.8607594936708861,True,42,37,0.5999686070601375,0.7564431390265867,0.20594128225691638,"[0.39845852879122745, 0.5291519344962188]",0.6623978932239746
502,9,18,0.07112169138371514,37,2,0.0,0.0,0.0,False,36,37,,,,,
502,9,18,0.07112169138371514,37,3,0.0,0.0,0.0,False,31,37,,,,,
502,9,18,0.07112169138371514,37,4,0.0,0.0,0.0,False,29,37,,,,,
502,9,18,0.07112169138371514,37,5,0.0,0.0,0.0,False,27,37,,,,,
502,9,18,0.07112169138371514,37,6,0.0,0.0,0.0,False,26,37,,,,,
502,9,18,0.07112169138371514,37,7,0.08108108108108109,0.11538461538461539,0.09523809523809523,False,26,37,,,,,
502,9,18,0.07112169138371514,37,8,0.0,0.0,0.0,False,25,37,,,,,
502,9,18,0.07112169138371514,37,9,0.0,0.0,0.0,False,23,37,,,,,
502,9,18,0.07112169138371514,37,10,0.0,0.0,0.0,False,17,37,,,,,
502,9,18,0.07112169138371514,37,11,0.0,0.0,0.0,False,16,37,,,,,
502,9,18,0.07112169138371514,37,12,0.0,0.0,0.0,False,16,37,,,,,
502,9,18,0.07112169138371514,37,13,0.0,0.0,0.0,False,15,37,,,,,
502,9,18,0.07112169138371514,37,14,0.0,0.0,0.0,False,14,37,,,,,
502,9,18,0.07112169138371514,37,15,0.0,0.0,0.0,False,12,37,,,,,
502,10,11,0.2923526847057122,26,0,0.0,0.0,0.0,False,47,26,,,,,
502,10,11,0.2923526847057122,26,1,0.11538461538461539,0.06521739130434782,0.08333333333333333,False,46,26,,,,,
502,10,11,0.2923526847057122,26,2,0.0,0.0,0.0,False,39,26,,,,,
502,10,11,0.2923526847057122,26,3,0.0,0.0,0.0,False,31,26,,,,,
502,10,11,0.2923526847057122,26,4,0.0,0.0,0.0,False,27,26,,,,,
502,10,11,0.2923526847057122,26,5,0.0,0.0,0.0,False,27,26,,,,,
502,10,11,0.2923526847057122,26,6,0.0,0.0,0.0,False,26,26,,,,,
502,10,11,0.2923526847057122,26,7,0.0,0.0,0.0,False,25,26,,,,,
502,10,11,0.2923526847057122,26,8,0.8846153846153846,1.0,0.9387755102040817,True,23,26,0.7533957739596033,0.8646236157062903,0.12695501257414693,"[-0.0543708753144978, -0.1294032033497463]",0.14036160842495524
502,10,11,0.2923526847057122,26,9,0.0,0.0,0.0,False,22,26,,,,,
502,10,11,0.2923526847057122,26,10,0.0,0.0,0.0,False,17,26,,,,,
502,10,11,0.2923526847057122,26,11,0.0,0.0,0.0,False,16,26,,,,,
502,10,11,0.2923526847057122,26,12,0.0,0.0,0.0,False,16,26,,,,,
502,10,11,0.2923526847057122,26,13,0.0,0.0,0.0,False,14,26,,,,,
502,10,11,0.2923526847057122,26,14,0.0,0.0,0.0,False,13,26,,,,,
502,10,6,0.1982605554078758,36,0,0.08333333333333333,0.06382978723404255,0.07228915662650602,False,47,36,,,,,
502,10,6,0.1982605554078758,36,1,0.0,0.0,0.0,False,46,36,,,,,
502,10,6,0.1982605554078758,36,2,0.027777777777777776,0.02564102564102564,0.02666666666666667,False,39,36,,,,,
502,10,6,0.1982605554078758,36,3,0.8611111111111112,1.0,0.9253731343283582,True,31,36,0.628526634596532,0.8066345344356277,0.19123924408348347,"[-0.05104156531480086, -0.06461178085659114]",0.08234029156643326
502,10,6,0.1982605554078758,36,4,0.0,0.0,0.0,False,27,36,,,,,
502,10,6,0.1982605554078758,36,5,0.0,0.0,0.0,False,27,36,,,,,
502,10,6,0.1982605554078758,36,6,0.027777777777777776,0.038461538461538464,0.03225806451612903,False,26,36,,,,,
502,10,6,0.1982605554078758,36,7,0.0,0.0,0.0,False,25,36,,,,,
502,10,6,0.1982605554078758,36,8,0.0,0.0,0.0,False,23,36,,,,,
502,10,6,0.1982605554078758,36,9,0.0,0.0,0.0,False,22,36,,,,,
502,10,6,0.1982605554078758,36,10,0.0,0.0,0.0,False,17,36,,,,,
502,10,6,0.1982605554078758,36,11,0.0,0.0,0.0,False,16,36,,,,,
502,10,6,0.1982605554078758,36,12,0.0,0.0,0.0,False,16,36,,,,,
502,10,6,0.1982605554078758,36,13,0.0,0.0,0.0,False,14,36,,,,,
502,10,6,0.1982605554078758,36,14,0.0,0.0,0.0,False,13,36,,,,,
502,10,13,0.1758267582241005,26,0,0.0,0.0,0.0,False,47,26,,,,,
502,10,13,0.1758267582241005,26,1,0.11538461538461539,0.06521739130434782,0.08333333333333333,False,46,26,,,,,
502,10,13,0.1758267582241005,26,2,0.0,0.0,0.0,False,39,26,,,,,
502,10,13,0.1758267582241005,26,3,0.0,0.0,0.0,False,31,26,,,,,
502,10,13,0.1758267582241005,26,4,0.0,0.0,0.0,False,27,26,,,,,
502,10,13,0.1758267582241005,26,5,0.0,0.0,0.0,False,27,26,,,,,
502,10,13,0.1758267582241005,26,6,0.0,0.0,0.0,False,26,26,,,,,
502,10,13,0.1758267582241005,26,7,0.0,0.0,0.0,False,25,26,,,,,
502,10,13,0.1758267582241005,26,8,0.8846153846153846,1.0,0.9387755102040817,True,23,26,0.7533957739596033,0.8646236157062903,0.12695501257414693,"[-0.0543708753144978, -0.1294032033497463]",0.14036160842495524
502,10,13,0.1758267582241005,26,9,0.0,0.0,0.0,False,22,26,,,,,
502,10,13,0.1758267582241005,26,10,0.0,0.0,0.0,False,17,26,,,,,
502,10,13,0.1758267582241005,26,11,0.0,0.0,0.0,False,16,26,,,,,
502,10,13,0.1758267582241005,26,12,0.0,0.0,0.0,False,16,26,,,,,
502,10,13,0.1758267582241005,26,13,0.0,0.0,0.0,False,14,26,,,,,
502,10,13,0.1758267582241005,26,14,0.0,0.0,0.0,False,13,26,,,,,
502,10,15,0.15558314134923748,26,0,0.0,0.0,0.0,False,47,26,,,,,
502,10,15,0.15558314134923748,26,1,0.11538461538461539,0.06521739130434782,0.08333333333333333,False,46,26,,,,,
502,10,15,0.15558314134923748,26,2,0.0,0.0,0.0,False,39,26,,,,,
502,10,15,0.15558314134923748,26,3,0.0,0.0,0.0,False,31,26,,,,,
502,10,15,0.15558314134923748,26,4,0.0,0.0,0.0,False,27,26,,,,,
502,10,15,0.15558314134923748,26,5,0.0,0.0,0.0,False,27,26,,,,,
502,10,15,0.15558314134923748,26,6,0.0,0.0,0.0,False,26,26,,,,,
502,10,15,0.15558314134923748,26,7,0.0,0.0,0.0,False,25,26,,,,,
502,10,15,0.15558314134923748,26,8,0.8846153846153846,1.0,0.9387755102040817,True,23,26,0.7533957739596033,0.8646236157062903,0.12695501257414693,"[-0.0543708753144978, -0.1294032033497463]",0.14036160842495524
502,10,15,0.15558314134923748,26,9,0.0,0.0,0.0,False,22,26,,,,,
502,10,15,0.15558314134923748,26,10,0.0,0.0,0.0,False,17,26,,,,,
502,10,15,0.15558314134923748,26,11,0.0,0.0,0.0,False,16,26,,,,,
502,10,15,0.15558314134923748,26,12,0.0,0.0,0.0,False,16,26,,,,,
502,10,15,0.15558314134923748,26,13,0.0,0.0,0.0,False,14,26,,,,,
502,10,15,0.15558314134923748,26,14,0.0,0.0,0.0,False,13,26,,,,,
502,10,16,0.10685516892935887,31,0,0.0,0.0,0.0,False,47,31,,,,,
502,10,16,0.10685516892935887,31,1,0.0,0.0,0.0,False,46,31,,,,,
502,10,16,0.10685516892935887,31,2,0.16129032258064516,0.1282051282051282,0.14285714285714285,False,39,31,,,,,
502,10,16,0.10685516892935887,31,3,0.0,0.0,0.0,False,31,31,,,,,
502,10,16,0.10685516892935887,31,4,0.0,0.0,0.0,False,27,31,,,,,
502,10,16,0.10685516892935887,31,5,0.8387096774193549,0.9629629629629629,0.896551724137931,True,27,31,0.5781796247475411,0.7692028843817751,0.2171585292923358,"[0.019169174747148077, -0.14703286014069095]",0.14827717026447018
502,10,16,0.10685516892935887,31,6,0.0,0.0,0.0,False,26,31,,,,,
502,10,16,0.10685516892935887,31,7,0.0,0.0,0.0,False,25,31,,,,,
502,10,16,0.10685516892935887,31,8,0.0,0.0,0.0,False,23,31,,,,,
502,10,16,0.10685516892935887,31,9,0.0,0.0,0.0,False,22,31,,,,,
502,10,16,0.10685516892935887,31,10,0.0,0.0,0.0,False,17,31,,,,,
502,10,16,0.10685516892935887,31,11,0.0,0.0,0.0,False,16,31,,,,,
502,10,16,0.10685516892935887,31,12,0.0,0.0,0.0,False,16,31,,,,,
502,10,16,0.10685516892935887,31,13,0.0,0.0,0.0,False,14,31,,,,,
502,10,16,0.10685516892935887,31,14,0.0,0.0,0.0,False,13,31,,,,,
502,10,18,0.07112169138371514,42,0,0.0,0.0,0.0,False,47,42,,,,,
502,10,18,0.07112169138371514,42,1,1.0,0.9130434782608695,0.9545454545454546,True,46,42,0.607406887304073,0.815690027648902,0.2021119603630403,"[0.09204411742968688, -0.19843395576365364]",0.21874220981196482
502,10,18,0.07112169138371514,42,2,0.0,0.0,0.0,False,39,42,,,,,
502,10,18,0.07112169138371514,42,3,0.0,0.0,0.0,False,31,42,,,,,
502,10,18,0.07112169138371514,42,4,0.0,0.0,0.0,False,27,42,,,,,
502,10,18,0.07112169138371514,42,5,0.0,0.0,0.0,False,27,42,,,,,
502,10,18,0.07112169138371514,42,6,0.0,0.0,0.0,False,26,42,,,,,
502,10,18,0.07112169138371514,42,7,0.0,0.0,0.0,False,25,42,,,,,
502,10,18,0.07112169138371514,42,8,0.0,0.0,0.0,False,23,42,,,,,
502,10,18,0.07112169138371514,42,9,0.0,0.0,0.0,False,22,42,,,,,
502,10,18,0.07112169138371514,42,10,0.0,0.0,0.0,False,17,42,,,,,
502,10,18,0.07112169138371514,42,11,0.0,0.0,0.0,False,16,42,,,,,
502,10,18,0.07112169138371514,42,12,0.0,0.0,0.0,False,16,42,,,,,
502,10,18,0.07112169138371514,42,13,0.0,0.0,0.0,False,14,42,,,,,
502,10,18,0.07112169138371514,42,14,0.0,0.0,0.0,False,13,42,,,,,
502,11,11,0.3147373364130109,23,0,0.08695652173913043,0.0392156862745098,0.05405405405405406,False,51,23,,,,,
502,11,11,0.3147373364130109,23,1,0.0,0.0,0.0,False,48,23,,,,,
502,11,11,0.3147373364130109,23,2,0.0,0.0,0.0,False,34,23,,,,,
502,11,11,0.3147373364130109,23,3,0.0,0.0,0.0,False,33,23,,,,,
502,11,11,0.3147373364130109,23,4,0.0,0.0,0.0,False,30,23,,,,,
502,11,11,0.3147373364130109,23,5,0.0,0.0,0.0,False,27,23,,,,,
502,11,11,0.3147373364130109,23,6,0.0,0.0,0.0,False,23,23,,,,,
502,11,11,0.3147373364130109,23,7,0.0,0.0,0.0,False,22,23,,,,,
502,11,11,0.3147373364130109,23,8,0.9130434782608695,0.9545454545454546,0.9333333333333333,True,22,23,0.7121298137464289,0.8448519254985716,0.148199257175574,"[-0.11021949873153325, 0.047105170792103745]",0.1198634014867913
502,11,11,0.3147373364130109,23,9,0.0,0.0,0.0,False,21,23,,,,,
502,11,11,0.3147373364130109,23,10,0.0,0.0,0.0,False,20,23,,,,,
502,11,11,0.3147373364130109,23,11,0.0,0.0,0.0,False,17,23,,,,,
502,11,11,0.3147373364130109,23,12,0.0,0.0,0.0,False,15,23,,,,,
502,11,11,0.3147373364130109,23,13,0.0,0.0,0.0,False,13,23,,,,,
502,11,11,0.3147373364130109,23,14,0.0,0.0,0.0,False,13,23,,,,,
502,11,6,0.21344082811366014,31,0,0.0,0.0,0.0,False,51,31,,,,,
502,11,6,0.21344082811366014,31,1,0.0,0.0,0.0,False,48,31,,,,,
502,11,6,0.21344082811366014,31,2,0.0,0.0,0.0,False,34,31,,,,,
502,11,6,0.21344082811366014,31,3,1.0,0.9393939393939394,0.96875,True,33,31,0.7189818142557718,0.8688427257023086,0.1446717595945748,"[0.2698134543344226, 0.14121506329273714]",0.3045340608875226
502,11,6,0.21344082811366014,31,4,0.0,0.0,0.0,False,30,31,,,,,
502,11,6,0.21344082811366014,31,5,0.0,0.0,0.0,False,27,31,,,,,
502,11,6,0.21344082811366014,31,6,0.0,0.0,0.0,False,23,31,,,,,
502,11,6,0.21344082811366014,31,7,0.0,0.0,0.0,False,22,31,,,,,
502,11,6,0.21344082811366014,31,8,0.0,0.0,0.0,False,22,31,,,,,
502,11,6,0.21344082811366014,31,9,0.0,0.0,0.0,False,21,31,,,,,
502,11,6,0.21344082811366014,31,10,0.0,0.0,0.0,False,20,31,,,,,
502,11,6,0.21344082811366014,31,11,0.0,0.0,0.0,False,17,31,,,,,
502,11,6,0.21344082811366014,31,12,0.0,0.0,0.0,False,15,31,,,,,
502,11,6,0.21344082811366014,31,13,0.0,0.0,0.0,False,13,31,,,,,
502,11,6,0.21344082811366014,31,14,0.0,0.0,0.0,False,13,31,,,,,
502,11,13,0.18928933595835928,23,0,0.08695652173913043,0.0392156862745098,0.05405405405405406,False,51,23,,,,,
502,11,13,0.18928933595835928,23,1,0.0,0.0,0.0,False,48,23,,,,,
502,11,13,0.18928933595835928,23,2,0.0,0.0,0.0,False,34,23,,,,,
502,11,13,0.18928933595835928,23,3,0.0,0.0,0.0,False,33,23,,,,,
502,11,13,0.18928933595835928,23,4,0.0,0.0,0.0,False,30,23,,,,,
502,11,13,0.18928933595835928,23,5,0.0,0.0,0.0,False,27,23,,,,,
502,11,13,0.18928933595835928,23,6,0.0,0.0,0.0,False,23,23,,,,,
502,11,13,0.18928933595835928,23,7,0.0,0.0,0.0,False,22,23,,,,,
502,11,13,0.18928933595835928,23,8,0.9130434782608695,0.9545454545454546,0.9333333333333333,True,22,23,0.7121298137464289,0.8448519254985716,0.148199257175574,"[-0.11021949873153325, 0.047105170792103745]",0.1198634014867913
502,11,13,0.18928933595835928,23,9,0.0,0.0,0.0,False,21,23,,,,,
502,11,13,0.18928933595835928,23,10,0.0,0.0,0.0,False,20,23,,,,,
502,11,13,0.18928933595835928,23,11,0.0,0.0,0.0,False,17,23,,,,,
502,11,13,0.18928933595835928,23,12,0.0,0.0,0.0,False,15,23,,,,,
502,11,13,0.18928933595835928,23,13,0.0,0.0,0.0,False,13,23,,,,,
502,11,13,0.18928933595835928,23,14,0.0,0.0,0.0,False,13,23,,,,,
502,11,15,0.16749572027470838,23,0,0.08695652173913043,0.0392156862745098,0.05405405405405406,False,51,23,,,,,
502,11,15,0.16749572027470838,23,1,0.0,0.0,0.0,False,48,23,,,,,
502,11,15,0.16749572027470838,23,2,0.0,0.0,0.0,False,34,23,,,,,
502,11,15,0.16749572027470838,23,3,0.0,0.0,0.0,False,33,23,,,,,
502,11,15,0.16749572027470838,23,4,0.0,0.0,0.0,False,30,23,,,,,
502,11,15,0.16749572027470838,23,5,0.0,0.0,0.0,False,27,23,,,,,
502,11,15,0.16749572027470838,23,6,0.0,0.0,0.0,False,23,23,,,,,
502,11,15,0.16749572027470838,23,7,0.0,0.0,0.0,False,22,23,,,,,
502,11,15,0.16749572027470838,23,8,0.9130434782608695,0.9545454545454546,0.9333333333333333,True,22,23,0.7121298137464289,0.8448519254985716,0.148199257175574,"[-0.11021949873153325, 0.047105170792103745]",0.1198634014867913
502,11,15,0.16749572027470838,23,9,0.0,0.0,0.0,False,21,23,,,,,
502,11,15,0.16749572027470838,23,10,0.0,0.0,0.0,False,20,23,,,,,
502,11,15,0.16749572027470838,23,11,0.0,0.0,0.0,False,17,23,,,,,
502,11,15,0.16749572027470838,23,12,0.0,0.0,0.0,False,15,23,,,,,
502,11,15,0.16749572027470838,23,13,0.0,0.0,0.0,False,13,23,,,,,
502,11,15,0.16749572027470838,23,14,0.0,0.0,0.0,False,13,23,,,,,
502,11,16,0.1150367792402613,27,0,0.0,0.0,0.0,False,51,27,,,,,
502,11,16,0.1150367792402613,27,1,0.0,0.0,0.0,False,48,27,,,,,
502,11,16,0.1150367792402613,27,2,0.0,0.0,0.0,False,34,27,,,,,
502,11,16,0.1150367792402613,27,3,0.0,0.0,0.0,False,33,27,,,,,
502,11,16,0.1150367792402613,27,4,0.037037037037037035,0.03333333333333333,0.03508771929824561,False,30,27,,,,,
502,11,16,0.1150367792402613,27,5,0.9629629629629629,0.9629629629629629,0.9629629629629629,True,27,27,0.6496933176509618,0.8376551048381624,0.180342364672796,"[0.13943348793193877, -0.07066166718576383]",0.156316246008973
502,11,16,0.1150367792402613,27,6,0.0,0.0,0.0,False,23,27,,,,,
502,11,16,0.1150367792402613,27,7,0.0,0.0,0.0,False,22,27,,,,,
502,11,16,0.1150367792402613,27,8,0.0,0.0,0.0,False,22,27,,,,,
502,11,16,0.1150367792402613,27,9,0.0,0.0,0.0,False,21,27,,,,,
502,11,16,0.1150367792402613,27,10,0.0,0.0,0.0,False,20,27,,,,,
502,11,16,0.1150367792402613,27,11,0.0,0.0,0.0,False,17,27,,,,,
502,11,16,0.1150367792402613,27,12,0.0,0.0,0.0,False,15,27,,,,,
502,11,16,0.1150367792402613,27,13,0.0,0.0,0.0,False,13,27,,,,,
502,11,16,0.1150367792402613,27,14,0.0,0.0,0.0,False,13,27,,,,,
502,12,11,0.3147373364130109,22,0,0.0,0.0,0.0,False,44,22,,,,,
502,12,11,0.3147373364130109,22,1,0.0,0.0,0.0,False,35,22,,,,,
502,12,11,0.3147373364130109,22,2,0.0,0.0,0.0,False,32,22,,,,,
502,12,11,0.3147373364130109,22,3,0.0,0.0,0.0,False,30,22,,,,,
502,12,11,0.3147373364130109,22,4,0.0,0.0,0.0,False,30,22,,,,,
502,12,11,0.3147373364130109,22,5,0.0,0.0,0.0,False,27,22,,,,,
502,12,11,0.3147373364130109,22,6,1.0,0.9166666666666666,0.9565217391304348,True,24,22,0.8007478006778035,0.8942121637493823,0.10257758302257197,"[-0.15421928293901033, -0.24302351474933848]",0.2878263642395263
502,12,11,0.3147373364130109,22,7,0.0,0.0,0.0,False,23,22,,,,,
502,12,11,0.3147373364130109,22,8,0.0,0.0,0.0,False,23,22,,,,,
502,12,11,0.3147373364130109,22,9,0.0,0.0,0.0,False,22,22,,,,,
502,12,11,0.3147373364130109,22,10,0.0,0.0,0.0,False,22,22,,,,,
502,12,11,0.3147373364130109,22,11,0.0,0.0,0.0,False,22,22,,,,,
502,12,11,0.3147373364130109,22,12,0.0,0.0,0.0,False,21,22,,,,,
502,12,11,0.3147373364130109,22,13,0.0,0.0,0.0,False,16,22,,,,,
502,12,11,0.3147373364130109,22,14,0.0,0.0,0.0,False,15,22,,,,,
502,12,11,0.3147373364130109,22,15,0.0,0.0,0.0,False,14,22,,,,,
502,12,6,0.21344082811366014,33,0,0.0,0.0,0.0,False,44,33,,,,,
502,12,6,0.21344082811366014,33,1,0.0,0.0,0.0,False,35,33,,,,,
502,12,6,0.21344082811366014,33,2,0.0,0.0,0.0,False,32,33,,,,,
502,12,6,0.21344082811366014,33,3,0.0,0.0,0.0,False,30,33,,,,,
502,12,6,0.21344082811366014,33,4,0.8787878787878788,0.9666666666666667,0.9206349206349206,True,30,33,0.6779213933336423,0.8235495097144092,0.16581018993767355,"[0.21923388484931294, -0.16341691322149998]",0.273438446076928
502,12,6,0.21344082811366014,33,5,0.0,0.0,0.0,False,27,33,,,,,
502,12,6,0.21344082811366014,33,6,0.06060606060606061,0.08333333333333333,0.07017543859649122,False,24,33,,,,,
502,12,6,0.21344082811366014,33,7,0.0,0.0,0.0,False,23,33,,,,,
502,12,6,0.21344082811366014,33,8,0.0,0.0,0.0,False,23,33,,,,,
502,12,6,0.21344082811366014,33,9,0.0,0.0,0.0,False,22,33,,,,,
502,12,6,0.21344082811366014,33,10,0.0,0.0,0.0,False,22,33,,,,,
502,12,6,0.21344082811366014,33,11,0.0,0.0,0.0,False,22,33,,,,,
502,12,6,0.21344082811366014,33,12,0.0,0.0,0.0,False,21,33,,,,,
502,12,6,0.21344082811366014,33,13,0.06060606060606061,0.125,0.08163265306122448,False,16,33,,,,,
502,12,6,0.21344082811366014,33,14,0.0,0.0,0.0,False,15,33,,,,,
502,12,6,0.21344082811366014,33,15,0.0,0.0,0.0,False,14,33,,,,,
502,12,13,0.18928933595835928,22,0,0.0,0.0,0.0,False,44,22,,,,,
502,12,13,0.18928933595835928,22,1,0.0,0.0,0.0,False,35,22,,,,,
502,12,13,0.18928933595835928,22,2,0.0,0.0,0.0,False,32,22,,,,,
502,12,13,0.18928933595835928,22,3,0.0,0.0,0.0,False,30,22,,,,,
502,12,13,0.18928933595835928,22,4,0.0,0.0,0.0,False,30,22,,,,,
502,12,13,0.18928933595835928,22,5,0.0,0.0,0.0,False,27,22,,,,,
502,12,13,0.18928933595835928,22,6,1.0,0.9166666666666666,0.9565217391304348,True,24,22,0.8007478006778035,0.8942121637493823,0.10257758302257197,"[-0.15421928293901033, -0.24302351474933848]",0.2878263642395263
502,12,13,0.18928933595835928,22,7,0.0,0.0,0.0,False,23,22,,,,,
502,12,13,0.18928933595835928,22,8,0.0,0.0,0.0,False,23,22,,,,,
502,12,13,0.18928933595835928,22,9,0.0,0.0,0.0,False,22,22,,,,,
502,12,13,0.18928933595835928,22,10,0.0,0.0,0.0,False,22,22,,,,,
502,12,13,0.18928933595835928,22,11,0.0,0.0,0.0,False,22,22,,,,,
502,12,13,0.18928933595835928,22,12,0.0,0.0,0.0,False,21,22,,,,,
502,12,13,0.18928933595835928,22,13,0.0,0.0,0.0,False,16,22,,,,,
502,12,13,0.18928933595835928,22,14,0.0,0.0,0.0,False,15,22,,,,,
502,12,13,0.18928933595835928,22,15,0.0,0.0,0.0,False,14,22,,,,,
502,12,15,0.16749572027470838,22,0,0.0,0.0,0.0,False,44,22,,,,,
502,12,15,0.16749572027470838,22,1,0.0,0.0,0.0,False,35,22,,,,,
502,12,15,0.16749572027470838,22,2,0.0,0.0,0.0,False,32,22,,,,,
502,12,15,0.16749572027470838,22,3,0.0,0.0,0.0,False,30,22,,,,,
502,12,15,0.16749572027470838,22,4,0.0,0.0,0.0,False,30,22,,,,,
502,12,15,0.16749572027470838,22,5,0.0,0.0,0.0,False,27,22,,,,,
502,12,15,0.16749572027470838,22,6,1.0,0.9166666666666666,0.9565217391304348,True,24,22,0.8007478006778035,0.8942121637493823,0.10257758302257197,"[-0.15421928293901033, -0.24302351474933848]",0.2878263642395263
502,12,15,0.16749572027470838,22,7,0.0,0.0,0.0,False,23,22,,,,,
502,12,15,0.16749572027470838,22,8,0.0,0.0,0.0,False,23,22,,,,,
502,12,15,0.16749572027470838,22,9,0.0,0.0,0.0,False,22,22,,,,,
502,12,15,0.16749572027470838,22,10,0.0,0.0,0.0,False,22,22,,,,,
502,12,15,0.16749572027470838,22,11,0.0,0.0,0.0,False,22,22,,,,,
502,12,15,0.16749572027470838,22,12,0.0,0.0,0.0,False,21,22,,,,,
502,12,15,0.16749572027470838,22,13,0.0,0.0,0.0,False,16,22,,,,,
502,12,15,0.16749572027470838,22,14,0.0,0.0,0.0,False,15,22,,,,,
502,12,15,0.16749572027470838,22,15,0.0,0.0,0.0,False,14,22,,,,,
502,12,16,0.1150367792402613,27,0,0.0,0.0,0.0,False,44,27,,,,,
502,12,16,0.1150367792402613,27,1,0.0,0.0,0.0,False,35,27,,,,,
502,12,16,0.1150367792402613,27,2,0.0,0.0,0.0,False,32,27,,,,,
502,12,16,0.1150367792402613,27,3,0.0,0.0,0.0,False,30,27,,,,,
502,12,16,0.1150367792402613,27,4,0.0,0.0,0.0,False,30,27,,,,,
502,12,16,0.1150367792402613,27,5,1.0,1.0,1.0,True,27,27,0.7471527475500477,0.898861099020019,0.1301690024925356,"[-0.020740740740739838, 0.010370370370370807]",0.023188853099997207
502,12,16,0.1150367792402613,27,6,0.0,0.0,0.0,False,24,27,,,,,
502,12,16,0.1150367792402613,27,7,0.0,0.0,0.0,False,23,27,,,,,
502,12,16,0.1150367792402613,27,8,0.0,0.0,0.0,False,23,27,,,,,
502,12,16,0.1150367792402613,27,9,0.0,0.0,0.0,False,22,27,,,,,
502,12,16,0.1150367792402613,27,10,0.0,0.0,0.0,False,22,27,,,,,
502,12,16,0.1150367792402613,27,11,0.0,0.0,0.0,False,22,27,,,,,
502,12,16,0.1150367792402613,27,12,0.0,0.0,0.0,False,21,27,,,,,
502,12,16,0.1150367792402613,27,13,0.0,0.0,0.0,False,16,27,,,,,
502,12,16,0.1150367792402613,27,14,0.0,0.0,0.0,False,15,27,,,,,
502,12,16,0.1150367792402613,27,15,0.0,0.0,0.0,False,14,27,,,,,
502,13,11,0.3147373364130109,24,0,0.0,0.0,0.0,False,50,24,,,,,
502,13,11,0.3147373364130109,24,1,0.0,0.0,0.0,False,31,24,,,,,
502,13,11,0.3147373364130109,24,2,0.041666666666666664,0.03333333333333333,0.037037037037037035,False,30,24,,,,,
502,13,11,0.3147373364130109,24,3,0.0,0.0,0.0,False,30,24,,,,,
502,13,11,0.3147373364130109,24,4,0.0,0.0,0.0,False,28,24,,,,,
502,13,11,0.3147373364130109,24,5,0.0,0.0,0.0,False,28,24,,,,,
502,13,11,0.3147373364130109,24,6,0.9583333333333334,0.9583333333333334,0.9583333333333334,True,24,24,0.8172132457762735,0.9018852983105095,0.0941009610965034,"[-0.07073614185316579, -0.23930459197247878]",0.2495401560939356
502,13,11,0.3147373364130109,24,7,0.0,0.0,0.0,False,23,24,,,,,
502,13,11,0.3147373364130109,24,8,0.0,0.0,0.0,False,22,24,,,,,
502,13,11,0.3147373364130109,24,9,0.0,0.0,0.0,False,22,24,,,,,
502,13,11,0.3147373364130109,24,10,0.0,0.0,0.0,False,20,24,,,,,
502,13,11,0.3147373364130109,24,11,0.0,0.0,0.0,False,18,24,,,,,
502,13,11,0.3147373364130109,24,12,0.0,0.0,0.0,False,16,24,,,,,
502,13,11,0.3147373364130109,24,13,0.0,0.0,0.0,False,15,24,,,,,
502,13,11,0.3147373364130109,24,14,0.0,0.0,0.0,False,15,24,,,,,
502,13,11,0.3147373364130109,24,15,0.0,0.0,0.0,False,15,24,,,,,
502,13,11,0.3147373364130109,24,16,0.0,0.0,0.0,False,13,24,,,,,
502,13,6,0.21344082811366014,30,0,0.0,0.0,0.0,False,50,30,,,,,
502,13,6,0.21344082811366014,30,1,0.0,0.0,0.0,False,31,30,,,,,
502,13,6,0.21344082811366014,30,2,0.0,0.0,0.0,False,30,30,,,,,
502,13,6,0.21344082811366014,30,3,0.9,0.9,0.9,True,30,30,0.6697408376399414,0.8078963350559767,0.17002164473564274,"[0.31487026709536625, 0.030126454897629884]",0.31630821738520515
502,13,6,0.21344082811366014,30,4,0.0,0.0,0.0,False,28,30,,,,,
502,13,6,0.21344082811366014,30,5,0.0,0.0,0.0,False,28,30,,,,,
502,13,6,0.21344082811366014,30,6,0.03333333333333333,0.041666666666666664,0.037037037037037035,False,24,30,,,,,
502,13,6,0.21344082811366014,30,7,0.0,0.0,0.0,False,23,30,,,,,
502,13,6,0.21344082811366014,30,8,0.0,0.0,0.0,False,22,30,,,,,
502,13,6,0.21344082811366014,30,9,0.0,0.0,0.0,False,22,30,,,,,
502,13,6,0.21344082811366014,30,10,0.0,0.0,0.0,False,20,30,,,,,
502,13,6,0.21344082811366014,30,11,0.0,0.0,0.0,False,18,30,,,,,
502,13,6,0.21344082811366014,30,12,0.0,0.0,0.0,False,16,30,,,,,
502,13,6,0.21344082811366014,30,13,0.0,0.0,0.0,False,15,30,,,,,
502,13,6,0.21344082811366014,30,14,0.06666666666666667,0.13333333333333333,0.08888888888888889,False,15,30,,,,,
502,13,6,0.21344082811366014,30,15,0.0,0.0,0.0,False,15,30,,,,,
502,13,6,0.21344082811366014,30,16,0.0,0.0,0.0,False,13,30,,,,,
502,13,13,0.18928933595835928,24,0,0.0,0.0,0.0,False,50,24,,,,,
502,13,13,0.18928933595835928,24,1,0.0,0.0,0.0,False,31,24,,,,,
502,13,13,0.18928933595835928,24,2,0.041666666666666664,0.03333333333333333,0.037037037037037035,False,30,24,,,,,
502,13,13,0.18928933595835928,24,3,0.0,0.0,0.0,False,30,24,,,,,
502,13,13,0.18928933595835928,24,4,0.0,0.0,0.0,False,28,24,,,,,
502,13,13,0.18928933595835928,24,5,0.0,0.0,0.0,False,28,24,,,,,
502,13,13,0.18928933595835928,24,6,0.9583333333333334,0.9583333333333334,0.9583333333333334,True,24,24,0.8172132457762735,0.9018852983105095,0.0941009610965034,"[-0.07073614185316579, -0.23930459197247878]",0.2495401560939356
502,13,13,0.18928933595835928,24,7,0.0,0.0,0.0,False,23,24,,,,,
502,13,13,0.18928933595835928,24,8,0.0,0.0,0.0,False,22,24,,,,,
502,13,13,0.18928933595835928,24,9,0.0,0.0,0.0,False,22,24,,,,,
502,13,13,0.18928933595835928,24,10,0.0,0.0,0.0,False,20,24,,,,,
502,13,13,0.18928933595835928,24,11,0.0,0.0,0.0,False,18,24,,,,,
502,13,13,0.18928933595835928,24,12,0.0,0.0,0.0,False,16,24,,,,,
502,13,13,0.18928933595835928,24,13,0.0,0.0,0.0,False,15,24,,,,,
502,13,13,0.18928933595835928,24,14,0.0,0.0,0.0,False,15,24,,,,,
502,13,13,0.18928933595835928,24,15,0.0,0.0,0.0,False,15,24,,,,,
502,13,13,0.18928933595835928,24,16,0.0,0.0,0.0,False,13,24,,,,,
502,13,15,0.16749572027470838,24,0,0.0,0.0,0.0,False,50,24,,,,,
502,13,15,0.16749572027470838,24,1,0.0,0.0,0.0,False,31,24,,,,,
502,13,15,0.16749572027470838,24,2,0.041666666666666664,0.03333333333333333,0.037037037037037035,False,30,24,,,,,
502,13,15,0.16749572027470838,24,3,0.0,0.0,0.0,False,30,24,,,,,
502,13,15,0.16749572027470838,24,4,0.0,0.0,0.0,False,28,24,,,,,
502,13,15,0.16749572027470838,24,5,0.0,0.0,0.0,False,28,24,,,,,
502,13,15,0.16749572027470838,24,6,0.9583333333333334,0.9583333333333334,0.9583333333333334,True,24,24,0.8172132457762735,0.9018852983105095,0.0941009610965034,"[-0.07073614185316579, -0.23930459197247878]",0.2495401560939356
502,13,15,0.16749572027470838,24,7,0.0,0.0,0.0,False,23,24,,,,,
502,13,15,0.16749572027470838,24,8,0.0,0.0,0.0,False,22,24,,,,,
502,13,15,0.16749572027470838,24,9,0.0,0.0,0.0,False,22,24,,,,,
502,13,15,0.16749572027470838,24,10,0.0,0.0,0.0,False,20,24,,,,,
502,13,15,0.16749572027470838,24,11,0.0,0.0,0.0,False,18,24,,,,,
502,13,15,0.16749572027470838,24,12,0.0,0.0,0.0,False,16,24,,,,,
502,13,15,0.16749572027470838,24,13,0.0,0.0,0.0,False,15,24,,,,,
502,13,15,0.16749572027470838,24,14,0.0,0.0,0.0,False,15,24,,,,,
502,13,15,0.16749572027470838,24,15,0.0,0.0,0.0,False,15,24,,,,,
502,13,15,0.16749572027470838,24,16,0.0,0.0,0.0,False,13,24,,,,,
502,13,16,0.1150367792402613,27,0,1.0,0.54,0.7012987012987013,True,50,27,0.4308683628307348,0.5931265659115147,0.29299625279468167,"[-2.3177490752075425, -0.9619574803586937]",2.509446745727724
502,13,16,0.1150367792402613,27,1,0.0,0.0,0.0,False,31,27,,,,,
502,13,16,0.1150367792402613,27,2,0.0,0.0,0.0,False,30,27,,,,,
502,13,16,0.1150367792402613,27,3,0.0,0.0,0.0,False,30,27,,,,,
502,13,16,0.1150367792402613,27,4,0.0,0.0,0.0,False,28,27,,,,,
502,13,16,0.1150367792402613,27,5,0.0,0.0,0.0,False,28,27,,,,,
502,13,16,0.1150367792402613,27,6,0.0,0.0,0.0,False,24,27,,,,,
502,13,16,0.1150367792402613,27,7,0.0,0.0,0.0,False,23,27,,,,,
502,13,16,0.1150367792402613,27,8,0.0,0.0,0.0,False,22,27,,,,,
502,13,16,0.1150367792402613,27,9,0.0,0.0,0.0,False,22,27,,,,,
502,13,16,0.1150367792402613,27,10,0.0,0.0,0.0,False,20,27,,,,,
502,13,16,0.1150367792402613,27,11,0.0,0.0,0.0,False,18,27,,,,,
502,13,16,0.1150367792402613,27,12,0.0,0.0,0.0,False,16,27,,,,,
502,13,16,0.1150367792402613,27,13,0.0,0.0,0.0,False,15,27,,,,,
502,13,16,0.1150367792402613,27,14,0.0,0.0,0.0,False,15,27,,,,,
502,13,16,0.1150367792402613,27,15,0.0,0.0,0.0,False,15,27,,,,,
502,13,16,0.1150367792402613,27,16,0.0,0.0,0.0,False,13,27,,,,,
502,14,11,0.3147373364130109,24,0,0.041666666666666664,0.017241379310344827,0.024390243902439025,False,58,24,,,,,
502,14,11,0.3147373364130109,24,1,0.0,0.0,0.0,False,29,24,,,,,
502,14,11,0.3147373364130109,24,2,0.0,0.0,0.0,False,29,24,,,,,
502,14,11,0.3147373364130109,24,3,0.9583333333333334,0.8214285714285714,0.8846153846153846,True,28,24,0.6823157228886794,0.8036955199247025,0.1635479328268677,"[0.14639897944162605, 0.15532361690664231]",0.2134434050293216
502,14,11,0.3147373364130109,24,4,0.0,0.0,0.0,False,28,24,,,,,
502,14,11,0.3147373364130109,24,5,0.0,0.0,0.0,False,25,24,,,,,
502,14,11,0.3147373364130109,24,6,0.0,0.0,0.0,False,24,24,,,,,
502,14,11,0.3147373364130109,24,7,0.0,0.0,0.0,False,24,24,,,,,
502,14,11,0.3147373364130109,24,8,0.0,0.0,0.0,False,23,24,,,,,
502,14,11,0.3147373364130109,24,9,0.0,0.0,0.0,False,22,24,,,,,
502,14,11,0.3147373364130109,24,10,0.0,0.0,0.0,False,21,24,,,,,
502,14,11,0.3147373364130109,24,11,0.0,0.0,0.0,False,18,24,,,,,
502,14,11,0.3147373364130109,24,12,0.0,0.0,0.0,False,18,24,,,,,
502,14,11,0.3147373364130109,24,13,0.0,0.0,0.0,False,16,24,,,,,
502,14,11,0.3147373364130109,24,14,0.0,0.0,0.0,False,15,24,,,,,
502,14,11,0.3147373364130109,24,15,0.0,0.0,0.0,False,12,24,,,,,
502,14,6,0.21344082811366014,30,0,0.0,0.0,0.0,False,58,30,,,,,
502,14,6,0.21344082811366014,30,1,0.9,0.9310344827586207,0.9152542372881356,True,29,30,0.6426614206002794,0.8062171106129932,0.18396247529629867,"[-0.15906039962636775, -0.12963468866122696]",0.20519591427119854
502,14,6,0.21344082811366014,30,2,0.0,0.0,0.0,False,29,30,,,,,
502,14,6,0.21344082811366014,30,3,0.0,0.0,0.0,False,28,30,,,,,
502,14,6,0.21344082811366014,30,4,0.0,0.0,0.0,False,28,30,,,,,
502,14,6,0.21344082811366014,30,5,0.0,0.0,0.0,False,25,30,,,,,
502,14,6,0.21344082811366014,30,6,0.0,0.0,0.0,False,24,30,,,,,
502,14,6,0.21344082811366014,30,7,0.0,0.0,0.0,False,24,30,,,,,
502,14,6,0.21344082811366014,30,8,0.0,0.0,0.0,False,23,30,,,,,
502,14,6,0.21344082811366014,30,9,0.0,0.0,0.0,False,22,30,,,,,
502,14,6,0.21344082811366014,30,10,0.1,0.14285714285714285,0.11764705882352941,False,21,30,,,,,
502,14,6,0.21344082811366014,30,11,0.0,0.0,0.0,False,18,30,,,,,
502,14,6,0.21344082811366014,30,12,0.0,0.0,0.0,False,18,30,,,,,
502,14,6,0.21344082811366014,30,13,0.0,0.0,0.0,False,16,30,,,,,
502,14,6,0.21344082811366014,30,14,0.0,0.0,0.0,False,15,30,,,,,
502,14,6,0.21344082811366014,30,15,0.0,0.0,0.0,False,12,30,,,,,
502,14,13,0.18928933595835928,24,0,0.041666666666666664,0.017241379310344827,0.024390243902439025,False,58,24,,,,,
502,14,13,0.18928933595835928,24,1,0.0,0.0,0.0,False,29,24,,,,,
502,14,13,0.18928933595835928,24,2,0.0,0.0,0.0,False,29,24,,,,,
502,14,13,0.18928933595835928,24,3,0.9583333333333334,0.8214285714285714,0.8846153846153846,True,28,24,0.6823157228886794,0.8036955199247025,0.1635479328268677,"[0.14639897944162605, 0.15532361690664231]",0.2134434050293216
502,14,13,0.18928933595835928,24,4,0.0,0.0,0.0,False,28,24,,,,,
502,14,13,0.18928933595835928,24,5,0.0,0.0,0.0,False,25,24,,,,,
502,14,13,0.18928933595835928,24,6,0.0,0.0,0.0,False,24,24,,,,,
502,14,13,0.18928933595835928,24,7,0.0,0.0,0.0,False,24,24,,,,,
502,14,13,0.18928933595835928,24,8,0.0,0.0,0.0,False,23,24,,,,,
502,14,13,0.18928933595835928,24,9,0.0,0.0,0.0,False,22,24,,,,,
502,14,13,0.18928933595835928,24,10,0.0,0.0,0.0,False,21,24,,,,,
502,14,13,0.18928933595835928,24,11,0.0,0.0,0.0,False,18,24,,,,,
502,14,13,0.18928933595835928,24,12,0.0,0.0,0.0,False,18,24,,,,,
502,14,13,0.18928933595835928,24,13,0.0,0.0,0.0,False,16,24,,,,,
502,14,13,0.18928933595835928,24,14,0.0,0.0,0.0,False,15,24,,,,,
502,14,13,0.18928933595835928,24,15,0.0,0.0,0.0,False,12,24,,,,,
502,14,15,0.16749572027470838,24,0,0.041666666666666664,0.017241379310344827,0.024390243902439025,False,58,24,,,,,
502,14,15,0.16749572027470838,24,1,0.0,0.0,0.0,False,29,24,,,,,
502,14,15,0.16749572027470838,24,2,0.0,0.0,0.0,False,29,24,,,,,
502,14,15,0.16749572027470838,24,3,0.9583333333333334,0.8214285714285714,0.8846153846153846,True,28,24,0.6823157228886794,0.8036955199247025,0.1635479328268677,"[0.14639897944162605, 0.15532361690664231]",0.2134434050293216
502,14,15,0.16749572027470838,24,4,0.0,0.0,0.0,False,28,24,,,,,
502,14,15,0.16749572027470838,24,5,0.0,0.0,0.0,False,25,24,,,,,
502,14,15,0.16749572027470838,24,6,0.0,0.0,0.0,False,24,24,,,,,
502,14,15,0.16749572027470838,24,7,0.0,0.0,0.0,False,24,24,,,,,
502,14,15,0.16749572027470838,24,8,0.0,0.0,0.0,False,23,24,,,,,
502,14,15,0.16749572027470838,24,9,0.0,0.0,0.0,False,22,24,,,,,
502,14,15,0.16749572027470838,24,10,0.0,0.0,0.0,False,21,24,,,,,
502,14,15,0.16749572027470838,24,11,0.0,0.0,0.0,False,18,24,,,,,
502,14,15,0.16749572027470838,24,12,0.0,0.0,0.0,False,18,24,,,,,
502,14,15,0.16749572027470838,24,13,0.0,0.0,0.0,False,16,24,,,,,
502,14,15,0.16749572027470838,24,14,0.0,0.0,0.0,False,15,24,,,,,
502,14,15,0.16749572027470838,24,15,0.0,0.0,0.0,False,12,24,,,,,
502,14,16,0.1150367792402613,50,0,1.0,0.8620689655172413,0.9259259259259259,True,58,50,0.7220340691210686,0.844369183203983,0.14310041971518528,"[0.06806292964907001, -0.17517471795218625]",0.18793281832091557
502,14,16,0.1150367792402613,50,1,0.0,0.0,0.0,False,29,50,,,,,
502,14,16,0.1150367792402613,50,2,0.0,0.0,0.0,False,29,50,,,,,
502,14,16,0.1150367792402613,50,3,0.0,0.0,0.0,False,28,50,,,,,
502,14,16,0.1150367792402613,50,4,0.0,0.0,0.0,False,28,50,,,,,
502,14,16,0.1150367792402613,50,5,0.0,0.0,0.0,False,25,50,,,,,
502,14,16,0.1150367792402613,50,6,0.0,0.0,0.0,False,24,50,,,,,
502,14,16,0.1150367792402613,50,7,0.0,0.0,0.0,False,24,50,,,,,
502,14,16,0.1150367792402613,50,8,0.0,0.0,0.0,False,23,50,,,,,
502,14,16,0.1150367792402613,50,9,0.0,0.0,0.0,False,22,50,,,,,
502,14,16,0.1150367792402613,50,10,0.0,0.0,0.0,False,21,50,,,,,
502,14,16,0.1150367792402613,50,11,0.0,0.0,0.0,False,18,50,,,,,
502,14,16,0.1150367792402613,50,12,0.0,0.0,0.0,False,18,50,,,,,
502,14,16,0.1150367792402613,50,13,0.0,0.0,0.0,False,16,50,,,,,
502,14,16,0.1150367792402613,50,14,0.0,0.0,0.0,False,15,50,,,,,
502,14,16,0.1150367792402613,50,15,0.0,0.0,0.0,False,12,50,,,,,
502,15,11,0.3147373364130109,28,0,0.0,0.0,0.0,False,53,28,,,,,
502,15,11,0.3147373364130109,28,1,0.0,0.0,0.0,False,31,28,,,,,
502,15,11,0.3147373364130109,28,2,0.0,0.0,0.0,False,29,28,,,,,
502,15,11,0.3147373364130109,28,3,0.0,0.0,0.0,False,29,28,,,,,
502,15,11,0.3147373364130109,28,4,1.0,1.0,1.0,True,28,28,0.718703233162143,0.8874812932648573,0.14481517670794886,"[0.009999999999999787, -0.03000000000000025]",0.031622776601683965
502,15,11,0.3147373364130109,28,5,0.0,0.0,0.0,False,24,28,,,,,
502,15,11,0.3147373364130109,28,6,0.0,0.0,0.0,False,23,28,,,,,
502,15,11,0.3147373364130109,28,7,0.0,0.0,0.0,False,22,28,,,,,
502,15,11,0.3147373364130109,28,8,0.0,0.0,0.0,False,21,28,,,,,
502,15,11,0.3147373364130109,28,9,0.0,0.0,0.0,False,20,28,,,,,
502,15,11,0.3147373364130109,28,10,0.0,0.0,0.0,False,19,28,,,,,
502,15,11,0.3147373364130109,28,11,0.0,0.0,0.0,False,18,28,,,,,
502,15,11,0.3147373364130109,28,12,0.0,0.0,0.0,False,17,28,,,,,
502,15,11,0.3147373364130109,28,13,0.0,0.0,0.0,False,16,28,,,,,
502,15,11,0.3147373364130109,28,14,0.0,0.0,0.0,False,15,28,,,,,
502,15,11,0.3147373364130109,28,15,0.0,0.0,0.0,False,13,28,,,,,
502,15,11,0.3147373364130109,28,16,0.0,0.0,0.0,False,12,28,,,,,
502,15,6,0.21344082811366014,29,0,0.0,0.0,0.0,False,53,29,,,,,
502,15,6,0.21344082811366014,29,1,0.0,0.0,0.0,False,31,29,,,,,
502,15,6,0.21344082811366014,29,2,1.0,1.0,1.0,True,29,29,0.763171726492983,0.9052686905971932,0.12192222705896202,"[0.08689655172413824, 0.0]",0.08689655172413824
502,15,6,0.21344082811366014,29,3,0.0,0.0,0.0,False,29,29,,,,,
502,15,6,0.21344082811366014,29,4,0.0,0.0,0.0,False,28,29,,,,,
502,15,6,0.21344082811366014,29,5,0.0,0.0,0.0,False,24,29,,,,,
502,15,6,0.21344082811366014,29,6,0.0,0.0,0.0,False,23,29,,,,,
502,15,6,0.21344082811366014,29,7,0.0,0.0,0.0,False,22,29,,,,,
502,15,6,0.21344082811366014,29,8,0.0,0.0,0.0,False,21,29,,,,,
502,15,6,0.21344082811366014,29,9,0.0,0.0,0.0,False,20,29,,,,,
502,15,6,0.21344082811366014,29,10,0.0,0.0,0.0,False,19,29,,,,,
502,15,6,0.21344082811366014,29,11,0.0,0.0,0.0,False,18,29,,,,,
502,15,6,0.21344082811366014,29,12,0.0,0.0,0.0,False,17,29,,,,,
502,15,6,0.21344082811366014,29,13,0.0,0.0,0.0,False,16,29,,,,,
502,15,6,0.21344082811366014,29,14,0.0,0.0,0.0,False,15,29,,,,,
502,15,6,0.21344082811366014,29,15,0.0,0.0,0.0,False,13,29,,,,,
502,15,6,0.21344082811366014,29,16,0.0,0.0,0.0,False,12,29,,,,,
502,15,13,0.18928933595835928,28,0,0.0,0.0,0.0,False,53,28,,,,,
502,15,13,0.18928933595835928,28,1,0.0,0.0,0.0,False,31,28,,,,,
502,15,13,0.18928933595835928,28,2,0.0,0.0,0.0,False,29,28,,,,,
502,15,13,0.18928933595835928,28,3,0.0,0.0,0.0,False,29,28,,,,,
502,15,13,0.18928933595835928,28,4,1.0,1.0,1.0,True,28,28,0.718703233162143,0.8874812932648573,0.14481517670794886,"[0.009999999999999787, -0.03000000000000025]",0.031622776601683965
502,15,13,0.18928933595835928,28,5,0.0,0.0,0.0,False,24,28,,,,,
502,15,13,0.18928933595835928,28,6,0.0,0.0,0.0,False,23,28,,,,,
502,15,13,0.18928933595835928,28,7,0.0,0.0,0.0,False,22,28,,,,,
502,15,13,0.18928933595835928,28,8,0.0,0.0,0.0,False,21,28,,,,,
502,15,13,0.18928933595835928,28,9,0.0,0.0,0.0,False,20,28,,,,,
502,15,13,0.18928933595835928,28,10,0.0,0.0,0.0,False,19,28,,,,,
502,15,13,0.18928933595835928,28,11,0.0,0.0,0.0,False,18,28,,,,,
502,15,13,0.18928933595835928,28,12,0.0,0.0,0.0,False,17,28,,,,,
502,15,13,0.18928933595835928,28,13,0.0,0.0,0.0,False,16,28,,,,,
502,15,13,0.18928933595835928,28,14,0.0,0.0,0.0,False,15,28,,,,,
502,15,13,0.18928933595835928,28,15,0.0,0.0,0.0,False,13,28,,,,,
502,15,13,0.18928933595835928,28,16,0.0,0.0,0.0,False,12,28,,,,,
502,15,15,0.16749572027470838,28,0,0.0,0.0,0.0,False,53,28,,,,,
502,15,15,0.16749572027470838,28,1,0.0,0.0,0.0,False,31,28,,,,,
502,15,15,0.16749572027470838,28,2,0.0,0.0,0.0,False,29,28,,,,,
502,15,15,0.16749572027470838,28,3,0.0,0.0,0.0,False,29,28,,,,,
502,15,15,0.16749572027470838,28,4,1.0,1.0,1.0,True,28,28,0.718703233162143,0.8874812932648573,0.14481517670794886,"[0.009999999999999787, -0.03000000000000025]",0.031622776601683965
502,15,15,0.16749572027470838,28,5,0.0,0.0,0.0,False,24,28,,,,,
502,15,15,0.16749572027470838,28,6,0.0,0.0,0.0,False,23,28,,,,,
502,15,15,0.16749572027470838,28,7,0.0,0.0,0.0,False,22,28,,,,,
502,15,15,0.16749572027470838,28,8,0.0,0.0,0.0,False,21,28,,,,,
502,15,15,0.16749572027470838,28,9,0.0,0.0,0.0,False,20,28,,,,,
502,15,15,0.16749572027470838,28,10,0.0,0.0,0.0,False,19,28,,,,,
502,15,15,0.16749572027470838,28,11,0.0,0.0,0.0,False,18,28,,,,,
502,15,15,0.16749572027470838,28,12,0.0,0.0,0.0,False,17,28,,,,,
502,15,15,0.16749572027470838,28,13,0.0,0.0,0.0,False,16,28,,,,,
502,15,15,0.16749572027470838,28,14,0.0,0.0,0.0,False,15,28,,,,,
502,15,15,0.16749572027470838,28,15,0.0,0.0,0.0,False,13,28,,,,,
502,15,15,0.16749572027470838,28,16,0.0,0.0,0.0,False,12,28,,,,,
502,15,16,0.1150367792402613,58,0,0.896551724137931,0.9811320754716981,0.9369369369369369,True,53,58,0.6289265197876466,0.8137327700772208,0.19103337806779785,"[0.061853146776607915, 0.08971667554892393]",0.10897198556381124
502,15,16,0.1150367792402613,58,1,0.0,0.0,0.0,False,31,58,,,,,
502,15,16,0.1150367792402613,58,2,0.0,0.0,0.0,False,29,58,,,,,
502,15,16,0.1150367792402613,58,3,0.10344827586206896,0.20689655172413793,0.13793103448275862,False,29,58,,,,,
502,15,16,0.1150367792402613,58,4,0.0,0.0,0.0,False,28,58,,,,,
502,15,16,0.1150367792402613,58,5,0.0,0.0,0.0,False,24,58,,,,,
502,15,16,0.1150367792402613,58,6,0.0,0.0,0.0,False,23,58,,,,,
502,15,16,0.1150367792402613,58,7,0.0,0.0,0.0,False,22,58,,,,,
502,15,16,0.1150367792402613,58,8,0.0,0.0,0.0,False,21,58,,,,,
502,15,16,0.1150367792402613,58,9,0.0,0.0,0.0,False,20,58,,,,,
502,15,16,0.1150367792402613,58,10,0.0,0.0,0.0,False,19,58,,,,,
502,15,16,0.1150367792402613,58,11,0.0,0.0,0.0,False,18,58,,,,,
502,15,16,0.1150367792402613,58,12,0.0,0.0,0.0,False,17,58,,,,,
502,15,16,0.1150367792402613,58,13,0.0,0.0,0.0,False,16,58,,,,,
502,15,16,0.1150367792402613,58,14,0.0,0.0,0.0,False,15,58,,,,,
502,15,16,0.1150367792402613,58,15,0.0,0.0,0.0,False,13,58,,,,,
502,15,16,0.1150367792402613,58,16,0.0,0.0,0.0,False,12,58,,,,,
502,16,11,0.3147373364130109,28,0,0.0,0.0,0.0,False,49,28,,,,,
502,16,11,0.3147373364130109,28,1,0.10714285714285714,0.09375,0.1,False,32,28,,,,,
502,16,11,0.3147373364130109,28,2,0.0,0.0,0.0,False,32,28,,,,,
502,16,11,0.3147373364130109,28,3,0.0,0.0,0.0,False,30,28,,,,,
502,16,11,0.3147373364130109,28,4,0.0,0.0,0.0,False,29,28,,,,,
502,16,11,0.3147373364130109,28,5,0.0,0.0,0.0,False,28,28,,,,,
502,16,11,0.3147373364130109,28,6,0.0,0.0,0.0,False,27,28,,,,,
502,16,11,0.3147373364130109,28,7,0.8928571428571429,0.9259259259259259,0.9090909090909091,True,27,28,0.6644241731567149,0.8112242147172314,0.17275873167514227,"[0.09602786363740456, 0.37253635759794024]",0.38471377454817546
502,16,11,0.3147373364130109,28,8,0.0,0.0,0.0,False,24,28,,,,,
502,16,11,0.3147373364130109,28,9,0.0,0.0,0.0,False,23,28,,,,,
502,16,11,0.3147373364130109,28,10,0.0,0.0,0.0,False,21,28,,,,,
502,16,11,0.3147373364130109,28,11,0.0,0.0,0.0,False,17,28,,,,,
502,16,11,0.3147373364130109,28,12,0.0,0.0,0.0,False,16,28,,,,,
502,16,11,0.3147373364130109,28,13,0.0,0.0,0.0,False,14,28,,,,,
502,16,11,0.3147373364130109,28,14,0.0,0.0,0.0,False,13,28,,,,,
502,16,11,0.3147373364130109,28,15,0.0,0.0,0.0,False,13,28,,,,,
502,16,6,0.21344082811366014,29,0,0.0,0.0,0.0,False,49,29,,,,,
502,16,6,0.21344082811366014,29,1,1.0,0.90625,0.9508196721311475,True,32,29,0.6616355269615211,0.8351460140632969,0.17419436243646458,"[0.2449970729226303, 0.36546092694937826]",0.4399832438483941
502,16,6,0.21344082811366014,29,2,0.0,0.0,0.0,False,32,29,,,,,
502,16,6,0.21344082811366014,29,3,0.0,0.0,0.0,False,30,29,,,,,
502,16,6,0.21344082811366014,29,4,0.0,0.0,0.0,False,29,29,,,,,
502,16,6,0.21344082811366014,29,5,0.0,0.0,0.0,False,28,29,,,,,
502,16,6,0.21344082811366014,29,6,0.0,0.0,0.0,False,27,29,,,,,
502,16,6,0.21344082811366014,29,7,0.0,0.0,0.0,False,27,29,,,,,
502,16,6,0.21344082811366014,29,8,0.0,0.0,0.0,False,24,29,,,,,
502,16,6,0.21344082811366014,29,9,0.0,0.0,0.0,False,23,29,,,,,
502,16,6,0.21344082811366014,29,10,0.0,0.0,0.0,False,21,29,,,,,
502,16,6,0.21344082811366014,29,11,0.0,0.0,0.0,False,17,29,,,,,
502,16,6,0.21344082811366014,29,12,0.0,0.0,0.0,False,16,29,,,,,
502,16,6,0.21344082811366014,29,13,0.0,0.0,0.0,False,14,29,,,,,
502,16,6,0.21344082811366014,29,14,0.0,0.0,0.0,False,13,29,,,,,
502,16,6,0.21344082811366014,29,15,0.0,0.0,0.0,False,13,29,,,,,
502,16,13,0.18928933595835928,28,0,0.0,0.0,0.0,False,49,28,,,,,
502,16,13,0.18928933595835928,28,1,0.10714285714285714,0.09375,0.1,False,32,28,,,,,
502,16,13,0.18928933595835928,28,2,0.0,0.0,0.0,False,32,28,,,,,
502,16,13,0.18928933595835928,28,3,0.0,0.0,0.0,False,30,28,,,,,
502,16,13,0.18928933595835928,28,4,0.0,0.0,0.0,False,29,28,,,,,
502,16,13,0.18928933595835928,28,5,0.0,0.0,0.0,False,28,28,,,,,
502,16,13,0.18928933595835928,28,6,0.0,0.0,0.0,False,27,28,,,,,
502,16,13,0.18928933595835928,28,7,0.8928571428571429,0.9259259259259259,0.9090909090909091,True,27,28,0.6644241731567149,0.8112242147172314,0.17275873167514227,"[0.09602786363740456, 0.37253635759794024]",0.38471377454817546
502,16,13,0.18928933595835928,28,8,0.0,0.0,0.0,False,24,28,,,,,
502,16,13,0.18928933595835928,28,9,0.0,0.0,0.0,False,23,28,,,,,
502,16,13,0.18928933595835928,28,10,0.0,0.0,0.0,False,21,28,,,,,
502,16,13,0.18928933595835928,28,11,0.0,0.0,0.0,False,17,28,,,,,
502,16,13,0.18928933595835928,28,12,0.0,0.0,0.0,False,16,28,,,,,
502,16,13,0.18928933595835928,28,13,0.0,0.0,0.0,False,14,28,,,,,
502,16,13,0.18928933595835928,28,14,0.0,0.0,0.0,False,13,28,,,,,
502,16,13,0.18928933595835928,28,15,0.0,0.0,0.0,False,13,28,,,,,
502,16,15,0.16749572027470838,28,0,0.0,0.0,0.0,False,49,28,,,,,
502,16,15,0.16749572027470838,28,1,0.10714285714285714,0.09375,0.1,False,32,28,,,,,
502,16,15,0.16749572027470838,28,2,0.0,0.0,0.0,False,32,28,,,,,
502,16,15,0.16749572027470838,28,3,0.0,0.0,0.0,False,30,28,,,,,
502,16,15,0.16749572027470838,28,4,0.0,0.0,0.0,False,29,28,,,,,
502,16,15,0.16749572027470838,28,5,0.0,0.0,0.0,False,28,28,,,,,
502,16,15,0.16749572027470838,28,6,0.0,0.0,0.0,False,27,28,,,,,
502,16,15,0.16749572027470838,28,7,0.8928571428571429,0.9259259259259259,0.9090909090909091,True,27,28,0.6644241731567149,0.8112242147172314,0.17275873167514227,"[0.09602786363740456, 0.37253635759794024]",0.38471377454817546
502,16,15,0.16749572027470838,28,8,0.0,0.0,0.0,False,24,28,,,,,
502,16,15,0.16749572027470838,28,9,0.0,0.0,0.0,False,23,28,,,,,
502,16,15,0.16749572027470838,28,10,0.0,0.0,0.0,False,21,28,,,,,
502,16,15,0.16749572027470838,28,11,0.0,0.0,0.0,False,17,28,,,,,
502,16,15,0.16749572027470838,28,12,0.0,0.0,0.0,False,16,28,,,,,
502,16,15,0.16749572027470838,28,13,0.0,0.0,0.0,False,14,28,,,,,
502,16,15,0.16749572027470838,28,14,0.0,0.0,0.0,False,13,28,,,,,
502,16,15,0.16749572027470838,28,15,0.0,0.0,0.0,False,13,28,,,,,
502,16,16,0.1150367792402613,53,0,0.9056603773584906,0.9795918367346939,0.9411764705882353,True,49,53,0.6902692069300639,0.8408135651249667,0.159453377422465,"[-0.1918866594575217, 0.09092302046142164]",0.2123381400681352
502,16,16,0.1150367792402613,53,1,0.0,0.0,0.0,False,32,53,,,,,
502,16,16,0.1150367792402613,53,2,0.0,0.0,0.0,False,32,53,,,,,
502,16,16,0.1150367792402613,53,3,0.0,0.0,0.0,False,30,53,,,,,
502,16,16,0.1150367792402613,53,4,0.0,0.0,0.0,False,29,53,,,,,
502,16,16,0.1150367792402613,53,5,0.0,0.0,0.0,False,28,53,,,,,
502,16,16,0.1150367792402613,53,6,0.07547169811320754,0.14814814814814814,0.1,False,27,53,,,,,
502,16,16,0.1150367792402613,53,7,0.018867924528301886,0.037037037037037035,0.025,False,27,53,,,,,
502,16,16,0.1150367792402613,53,8,0.0,0.0,0.0,False,24,53,,,,,
502,16,16,0.1150367792402613,53,9,0.0,0.0,0.0,False,23,53,,,,,
502,16,16,0.1150367792402613,53,10,0.0,0.0,0.0,False,21,53,,,,,
502,16,16,0.1150367792402613,53,11,0.0,0.0,0.0,False,17,53,,,,,
502,16,16,0.1150367792402613,53,12,0.0,0.0,0.0,False,16,53,,,,,
502,16,16,0.1150367792402613,53,13,0.0,0.0,0.0,False,14,53,,,,,
502,16,16,0.1150367792402613,53,14,0.0,0.0,0.0,False,13,53,,,,,
502,16,16,0.1150367792402613,53,15,0.0,0.0,0.0,False,13,53,,,,,
502,17,11,0.3147373364130109,27,0,0.0,0.0,0.0,False,37,27,,,,,
502,17,11,0.3147373364130109,27,1,0.0,0.0,0.0,False,31,27,,,,,
502,17,11,0.3147373364130109,27,2,0.0,0.0,0.0,False,31,27,,,,,
502,17,11,0.3147373364130109,27,3,0.0,0.0,0.0,False,29,27,,,,,
502,17,11,0.3147373364130109,27,4,0.0,0.0,0.0,False,27,27,,,,,
502,17,11,0.3147373364130109,27,5,0.0,0.0,0.0,False,27,27,,,,,
502,17,11,0.3147373364130109,27,6,0.9629629629629629,1.0,0.9811320754716981,True,26,27,0.7161185597602703,0.8751266691871269,0.1461457996640253,"[-0.07453163694106912, -0.07699968656678924]",0.10716303764124607
502,17,11,0.3147373364130109,27,7,0.0,0.0,0.0,False,23,27,,,,,
502,17,11,0.3147373364130109,27,8,0.0,0.0,0.0,False,23,27,,,,,
502,17,11,0.3147373364130109,27,9,0.037037037037037035,0.043478260869565216,0.04,False,23,27,,,,,
502,17,11,0.3147373364130109,27,10,0.0,0.0,0.0,False,22,27,,,,,
502,17,11,0.3147373364130109,27,11,0.0,0.0,0.0,False,21,27,,,,,
502,17,11,0.3147373364130109,27,12,0.0,0.0,0.0,False,19,27,,,,,
502,17,11,0.3147373364130109,27,13,0.0,0.0,0.0,False,18,27,,,,,
502,17,11,0.3147373364130109,27,14,0.0,0.0,0.0,False,16,27,,,,,
502,17,11,0.3147373364130109,27,15,0.0,0.0,0.0,False,14,27,,,,,
502,17,11,0.3147373364130109,27,16,0.0,0.0,0.0,False,13,27,,,,,
502,17,6,0.21344082811366014,32,0,0.0,0.0,0.0,False,37,32,,,,,
502,17,6,0.21344082811366014,32,1,0.96875,1.0,0.9841269841269841,True,31,32,0.7525796888272133,0.8915080660070758,0.12737514364776112,"[0.1527529756374748, 0.16626677232216736]",0.22578332787106847
502,17,6,0.21344082811366014,32,2,0.0,0.0,0.0,False,31,32,,,,,
502,17,6,0.21344082811366014,32,3,0.0,0.0,0.0,False,29,32,,,,,
502,17,6,0.21344082811366014,32,4,0.0,0.0,0.0,False,27,32,,,,,
502,17,6,0.21344082811366014,32,5,0.0,0.0,0.0,False,27,32,,,,,
502,17,6,0.21344082811366014,32,6,0.0,0.0,0.0,False,26,32,,,,,
502,17,6,0.21344082811366014,32,7,0.0,0.0,0.0,False,23,32,,,,,
502,17,6,0.21344082811366014,32,8,0.0,0.0,0.0,False,23,32,,,,,
502,17,6,0.21344082811366014,32,9,0.0,0.0,0.0,False,23,32,,,,,
502,17,6,0.21344082811366014,32,10,0.0,0.0,0.0,False,22,32,,,,,
502,17,6,0.21344082811366014,32,11,0.0,0.0,0.0,False,21,32,,,,,
502,17,6,0.21344082811366014,32,12,0.0,0.0,0.0,False,19,32,,,,,
502,17,6,0.21344082811366014,32,13,0.03125,0.05555555555555555,0.04,False,18,32,,,,,
502,17,6,0.21344082811366014,32,14,0.0,0.0,0.0,False,16,32,,,,,
502,17,6,0.21344082811366014,32,15,0.0,0.0,0.0,False,14,32,,,,,
502,17,6,0.21344082811366014,32,16,0.0,0.0,0.0,False,13,32,,,,,
502,17,13,0.18928933595835928,27,0,0.0,0.0,0.0,False,37,27,,,,,
502,17,13,0.18928933595835928,27,1,0.0,0.0,0.0,False,31,27,,,,,
502,17,13,0.18928933595835928,27,2,0.0,0.0,0.0,False,31,27,,,,,
502,17,13,0.18928933595835928,27,3,0.0,0.0,0.0,False,29,27,,,,,
502,17,13,0.18928933595835928,27,4,0.0,0.0,0.0,False,27,27,,,,,
502,17,13,0.18928933595835928,27,5,0.0,0.0,0.0,False,27,27,,,,,
502,17,13,0.18928933595835928,27,6,0.9629629629629629,1.0,0.9811320754716981,True,26,27,0.7161185597602703,0.8751266691871269,0.1461457996640253,"[-0.07453163694106912, -0.07699968656678924]",0.10716303764124607
502,17,13,0.18928933595835928,27,7,0.0,0.0,0.0,False,23,27,,,,,
502,17,13,0.18928933595835928,27,8,0.0,0.0,0.0,False,23,27,,,,,
502,17,13,0.18928933595835928,27,9,0.037037037037037035,0.043478260869565216,0.04,False,23,27,,,,,
502,17,13,0.18928933595835928,27,10,0.0,0.0,0.0,False,22,27,,,,,
502,17,13,0.18928933595835928,27,11,0.0,0.0,0.0,False,21,27,,,,,
502,17,13,0.18928933595835928,27,12,0.0,0.0,0.0,False,19,27,,,,,
502,17,13,0.18928933595835928,27,13,0.0,0.0,0.0,False,18,27,,,,,
502,17,13,0.18928933595835928,27,14,0.0,0.0,0.0,False,16,27,,,,,
502,17,13,0.18928933595835928,27,15,0.0,0.0,0.0,False,14,27,,,,,
502,17,13,0.18928933595835928,27,16,0.0,0.0,0.0,False,13,27,,,,,
502,17,15,0.16749572027470838,27,0,0.0,0.0,0.0,False,37,27,,,,,
502,17,15,0.16749572027470838,27,1,0.0,0.0,0.0,False,31,27,,,,,
502,17,15,0.16749572027470838,27,2,0.0,0.0,0.0,False,31,27,,,,,
502,17,15,0.16749572027470838,27,3,0.0,0.0,0.0,False,29,27,,,,,
502,17,15,0.16749572027470838,27,4,0.0,0.0,0.0,False,27,27,,,,,
502,17,15,0.16749572027470838,27,5,0.0,0.0,0.0,False,27,27,,,,,
502,17,15,0.16749572027470838,27,6,0.9629629629629629,1.0,0.9811320754716981,True,26,27,0.7161185597602703,0.8751266691871269,0.1461457996640253,"[-0.07453163694106912, -0.07699968656678924]",0.10716303764124607
502,17,15,0.16749572027470838,27,7,0.0,0.0,0.0,False,23,27,,,,,
502,17,15,0.16749572027470838,27,8,0.0,0.0,0.0,False,23,27,,,,,
502,17,15,0.16749572027470838,27,9,0.037037037037037035,0.043478260869565216,0.04,False,23,27,,,,,
502,17,15,0.16749572027470838,27,10,0.0,0.0,0.0,False,22,27,,,,,
502,17,15,0.16749572027470838,27,11,0.0,0.0,0.0,False,21,27,,,,,
502,17,15,0.16749572027470838,27,12,0.0,0.0,0.0,False,19,27,,,,,
502,17,15,0.16749572027470838,27,13,0.0,0.0,0.0,False,18,27,,,,,
502,17,15,0.16749572027470838,27,14,0.0,0.0,0.0,False,16,27,,,,,
502,17,15,0.16749572027470838,27,15,0.0,0.0,0.0,False,14,27,,,,,
502,17,15,0.16749572027470838,27,16,0.0,0.0,0.0,False,13,27,,,,,
502,17,16,0.1150367792402613,49,0,0.7346938775510204,0.972972972972973,0.8372093023255814,True,37,49,0.6245810663546645,0.7521580079372147,0.19327047312526147,"[-0.2561371401059098, 23.959699627000905]",23.961068683400768
502,17,16,0.1150367792402613,49,1,0.0,0.0,0.0,False,31,49,,,,,
502,17,16,0.1150367792402613,49,2,0.2653061224489796,0.41935483870967744,0.325,False,31,49,,,,,
502,17,16,0.1150367792402613,49,3,0.0,0.0,0.0,False,29,49,,,,,
502,17,16,0.1150367792402613,49,4,0.0,0.0,0.0,False,27,49,,,,,
502,17,16,0.1150367792402613,49,5,0.0,0.0,0.0,False,27,49,,,,,
502,17,16,0.1150367792402613,49,6,0.0,0.0,0.0,False,26,49,,,,,
502,17,16,0.1150367792402613,49,7,0.0,0.0,0.0,False,23,49,,,,,
502,17,16,0.1150367792402613,49,8,0.0,0.0,0.0,False,23,49,,,,,
502,17,16,0.1150367792402613,49,9,0.0,0.0,0.0,False,23,49,,,,,
502,17,16,0.1150367792402613,49,10,0.0,0.0,0.0,False,22,49,,,,,
502,17,16,0.1150367792402613,49,11,0.0,0.0,0.0,False,21,49,,,,,
502,17,16,0.1150367792402613,49,12,0.0,0.0,0.0,False,19,49,,,,,
502,17,16,0.1150367792402613,49,13,0.0,0.0,0.0,False,18,49,,,,,
502,17,16,0.1150367792402613,49,14,0.0,0.0,0.0,False,16,49,,,,,
502,17,16,0.1150367792402613,49,15,0.0,0.0,0.0,False,14,49,,,,,
502,17,16,0.1150367792402613,49,16,0.0,0.0,0.0,False,13,49,,,,,
502,18,11,0.3147373364130109,26,0,0.0,0.0,0.0,False,37,26,,,,,
502,18,11,0.3147373364130109,26,1,0.0,0.0,0.0,False,32,26,,,,,
502,18,11,0.3147373364130109,26,2,0.0,0.0,0.0,False,27,26,,,,,
502,18,11,0.3147373364130109,26,3,1.0,0.9629629629629629,0.9811320754716981,True,27,26,0.7192947563318387,0.8763971478157544,0.14451065300755486,"[-0.0395424371330062, 0.14959227915938234]",0.15473026309845248
502,18,11,0.3147373364130109,26,4,0.0,0.0,0.0,False,24,26,,,,,
502,18,11,0.3147373364130109,26,5,0.0,0.0,0.0,False,22,26,,,,,
502,18,11,0.3147373364130109,26,6,0.0,0.0,0.0,False,22,26,,,,,
502,18,11,0.3147373364130109,26,7,0.0,0.0,0.0,False,22,26,,,,,
502,18,11,0.3147373364130109,26,8,0.0,0.0,0.0,False,21,26,,,,,
502,18,11,0.3147373364130109,26,9,0.0,0.0,0.0,False,19,26,,,,,
502,18,11,0.3147373364130109,26,10,0.0,0.0,0.0,False,18,26,,,,,
502,18,11,0.3147373364130109,26,11,0.0,0.0,0.0,False,17,26,,,,,
502,18,11,0.3147373364130109,26,12,0.0,0.0,0.0,False,17,26,,,,,
502,18,11,0.3147373364130109,26,13,0.0,0.0,0.0,False,15,26,,,,,
502,18,11,0.3147373364130109,26,14,0.0,0.0,0.0,False,14,26,,,,,
502,18,11,0.3147373364130109,26,15,0.0,0.0,0.0,False,14,26,,,,,
502,18,11,0.3147373364130109,26,16,0.0,0.0,0.0,False,14,26,,,,,
502,18,11,0.3147373364130109,26,17,0.0,0.0,0.0,False,14,26,,,,,
502,18,11,0.3147373364130109,26,18,0.0,0.0,0.0,False,13,26,,,,,
502,18,6,0.21344082811366014,31,0,0.0,0.0,0.0,False,37,31,,,,,
502,18,6,0.21344082811366014,31,1,1.0,0.96875,0.9841269841269841,True,32,31,0.7332058025102761,0.8837585114803008,0.1373490683467399,"[-0.012752975637474684, -0.06126677232216693]",0.06257999503344709
502,18,6,0.21344082811366014,31,2,0.0,0.0,0.0,False,27,31,,,,,
502,18,6,0.21344082811366014,31,3,0.0,0.0,0.0,False,27,31,,,,,
502,18,6,0.21344082811366014,31,4,0.0,0.0,0.0,False,24,31,,,,,
502,18,6,0.21344082811366014,31,5,0.0,0.0,0.0,False,22,31,,,,,
502,18,6,0.21344082811366014,31,6,0.0,0.0,0.0,False,22,31,,,,,
502,18,6,0.21344082811366014,31,7,0.0,0.0,0.0,False,22,31,,,,,
502,18,6,0.21344082811366014,31,8,0.0,0.0,0.0,False,21,31,,,,,
502,18,6,0.21344082811366014,31,9,0.0,0.0,0.0,False,19,31,,,,,
502,18,6,0.21344082811366014,31,10,0.0,0.0,0.0,False,18,31,,,,,
502,18,6,0.21344082811366014,31,11,0.0,0.0,0.0,False,17,31,,,,,
502,18,6,0.21344082811366014,31,12,0.0,0.0,0.0,False,17,31,,,,,
502,18,6,0.21344082811366014,31,13,0.0,0.0,0.0,False,15,31,,,,,
502,18,6,0.21344082811366014,31,14,0.0,0.0,0.0,False,14,31,,,,,
502,18,6,0.21344082811366014,31,15,0.0,0.0,0.0,False,14,31,,,,,
502,18,6,0.21344082811366014,31,16,0.0,0.0,0.0,False,14,31,,,,,
502,18,6,0.21344082811366014,31,17,0.0,0.0,0.0,False,14,31,,,,,
502,18,6,0.21344082811366014,31,18,0.0,0.0,0.0,False,13,31,,,,,
502,18,13,0.18928933595835928,26,0,0.0,0.0,0.0,False,37,26,,,,,
502,18,13,0.18928933595835928,26,1,0.0,0.0,0.0,False,32,26,,,,,
502,18,13,0.18928933595835928,26,2,0.0,0.0,0.0,False,27,26,,,,,
502,18,13,0.18928933595835928,26,3,1.0,0.9629629629629629,0.9811320754716981,True,27,26,0.7192947563318387,0.8763971478157544,0.14451065300755486,"[-0.0395424371330062, 0.14959227915938234]",0.15473026309845248
502,18,13,0.18928933595835928,26,4,0.0,0.0,0.0,False,24,26,,,,,
502,18,13,0.18928933595835928,26,5,0.0,0.0,0.0,False,22,26,,,,,
502,18,13,0.18928933595835928,26,6,0.0,0.0,0.0,False,22,26,,,,,
502,18,13,0.18928933595835928,26,7,0.0,0.0,0.0,False,22,26,,,,,
502,18,13,0.18928933595835928,26,8,0.0,0.0,0.0,False,21,26,,,,,
502,18,13,0.18928933595835928,26,9,0.0,0.0,0.0,False,19,26,,,,,
502,18,13,0.18928933595835928,26,10,0.0,0.0,0.0,False,18,26,,,,,
502,18,13,0.18928933595835928,26,11,0.0,0.0,0.0,False,17,26,,,,,
502,18,13,0.18928933595835928,26,12,0.0,0.0,0.0,False,17,26,,,,,
502,18,13,0.18928933595835928,26,13,0.0,0.0,0.0,False,15,26,,,,,
502,18,13,0.18928933595835928,26,14,0.0,0.0,0.0,False,14,26,,,,,
502,18,13,0.18928933595835928,26,15,0.0,0.0,0.0,False,14,26,,,,,
502,18,13,0.18928933595835928,26,16,0.0,0.0,0.0,False,14,26,,,,,
502,18,13,0.18928933595835928,26,17,0.0,0.0,0.0,False,14,26,,,,,
502,18,13,0.18928933595835928,26,18,0.0,0.0,0.0,False,13,26,,,,,
502,18,15,0.16749572027470838,26,0,0.0,0.0,0.0,False,37,26,,,,,
502,18,15,0.16749572027470838,26,1,0.0,0.0,0.0,False,32,26,,,,,
502,18,15,0.16749572027470838,26,2,0.0,0.0,0.0,False,27,26,,,,,
502,18,15,0.16749572027470838,26,3,1.0,0.9629629629629629,0.9811320754716981,True,27,26,0.7192947563318387,0.8763971478157544,0.14451065300755486,"[-0.0395424371330062, 0.14959227915938234]",0.15473026309845248
502,18,15,0.16749572027470838,26,4,0.0,0.0,0.0,False,24,26,,,,,
502,18,15,0.16749572027470838,26,5,0.0,0.0,0.0,False,22,26,,,,,
502,18,15,0.16749572027470838,26,6,0.0,0.0,0.0,False,22,26,,,,,
502,18,15,0.16749572027470838,26,7,0.0,0.0,0.0,False,22,26,,,,,
502,18,15,0.16749572027470838,26,8,0.0,0.0,0.0,False,21,26,,,,,
502,18,15,0.16749572027470838,26,9,0.0,0.0,0.0,False,19,26,,,,,
502,18,15,0.16749572027470838,26,10,0.0,0.0,0.0,False,18,26,,,,,
502,18,15,0.16749572027470838,26,11,0.0,0.0,0.0,False,17,26,,,,,
502,18,15,0.16749572027470838,26,12,0.0,0.0,0.0,False,17,26,,,,,
502,18,15,0.16749572027470838,26,13,0.0,0.0,0.0,False,15,26,,,,,
502,18,15,0.16749572027470838,26,14,0.0,0.0,0.0,False,14,26,,,,,
502,18,15,0.16749572027470838,26,15,0.0,0.0,0.0,False,14,26,,,,,
502,18,15,0.16749572027470838,26,16,0.0,0.0,0.0,False,14,26,,,,,
502,18,15,0.16749572027470838,26,17,0.0,0.0,0.0,False,14,26,,,,,
502,18,15,0.16749572027470838,26,18,0.0,0.0,0.0,False,13,26,,,,,
502,18,16,0.1150367792402613,37,0,1.0,1.0,1.0,True,37,37,0.83462272629916,0.933849090519664,0.08513833764847556,"[-0.09081081081080988, 0.007567567567569711]",0.09112558059626527
502,18,16,0.1150367792402613,37,1,0.0,0.0,0.0,False,32,37,,,,,
502,18,16,0.1150367792402613,37,2,0.0,0.0,0.0,False,27,37,,,,,
502,18,16,0.1150367792402613,37,3,0.0,0.0,0.0,False,27,37,,,,,
502,18,16,0.1150367792402613,37,4,0.0,0.0,0.0,False,24,37,,,,,
502,18,16,0.1150367792402613,37,5,0.0,0.0,0.0,False,22,37,,,,,
502,18,16,0.1150367792402613,37,6,0.0,0.0,0.0,False,22,37,,,,,
502,18,16,0.1150367792402613,37,7,0.0,0.0,0.0,False,22,37,,,,,
502,18,16,0.1150367792402613,37,8,0.0,0.0,0.0,False,21,37,,,,,
502,18,16,0.1150367792402613,37,9,0.0,0.0,0.0,False,19,37,,,,,
502,18,16,0.1150367792402613,37,10,0.0,0.0,0.0,False,18,37,,,,,
502,18,16,0.1150367792402613,37,11,0.0,0.0,0.0,False,17,37,,,,,
502,18,16,0.1150367792402613,37,12,0.0,0.0,0.0,False,17,37,,,,,
502,18,16,0.1150367792402613,37,13,0.0,0.0,0.0,False,15,37,,,,,
502,18,16,0.1150367792402613,37,14,0.0,0.0,0.0,False,14,37,,,,,
502,18,16,0.1150367792402613,37,15,0.0,0.0,0.0,False,14,37,,,,,
502,18,16,0.1150367792402613,37,16,0.0,0.0,0.0,False,14,37,,,,,
502,18,16,0.1150367792402613,37,17,0.0,0.0,0.0,False,14,37,,,,,
502,18,16,0.1150367792402613,37,18,0.0,0.0,0.0,False,13,37,,,,,
502,19,11,0.3147373364130109,27,0,0.0,0.0,0.0,False,40,27,,,,,
502,19,11,0.3147373364130109,27,1,0.0,0.0,0.0,False,24,27,,,,,
502,19,11,0.3147373364130109,27,2,0.0,0.0,0.0,False,24,27,,,,,
502,19,11,0.3147373364130109,27,3,0.037037037037037035,0.045454545454545456,0.04081632653061224,False,22,27,,,,,
502,19,11,0.3147373364130109,27,4,0.0,0.0,0.0,False,22,27,,,,,
502,19,11,0.3147373364130109,27,5,0.0,0.0,0.0,False,22,27,,,,,
502,19,11,0.3147373364130109,27,6,0.0,0.0,0.0,False,19,27,,,,,
502,19,11,0.3147373364130109,27,7,0.0,0.0,0.0,False,18,27,,,,,
502,19,11,0.3147373364130109,27,8,0.0,0.0,0.0,False,18,27,,,,,
502,19,11,0.3147373364130109,27,9,0.6296296296296297,1.0,0.7727272727272727,True,17,27,0.4979124917181931,0.6628013603236409,0.258481076949578,"[0.04714462012100906, 0.013490029602490905]",0.04903668121957616
502,19,11,0.3147373364130109,27,10,0.0,0.0,0.0,False,17,27,,,,,
502,19,11,0.3147373364130109,27,11,0.0,0.0,0.0,False,16,27,,,,,
502,19,11,0.3147373364130109,27,12,0.0,0.0,0.0,False,15,27,,,,,
502,19,11,0.3147373364130109,27,13,0.0,0.0,0.0,False,14,27,,,,,
502,19,11,0.3147373364130109,27,14,0.0,0.0,0.0,False,14,27,,,,,
502,19,11,0.3147373364130109,27,15,0.0,0.0,0.0,False,14,27,,,,,
502,19,11,0.3147373364130109,27,16,0.0,0.0,0.0,False,14,27,,,,,
502,19,11,0.3147373364130109,27,17,0.0,0.0,0.0,False,13,27,,,,,
502,19,11,0.3147373364130109,27,18,0.0,0.0,0.0,False,13,27,,,,,
502,19,11,0.3147373364130109,27,19,0.0,0.0,0.0,False,13,27,,,,,
502,19,6,0.21344082811366014,32,0,0.0,0.0,0.0,False,40,32,,,,,
502,19,6,0.21344082811366014,32,1,0.0,0.0,0.0,False,24,32,,,,,
502,19,6,0.21344082811366014,32,2,0.0,0.0,0.0,False,24,32,,,,,
502,19,6,0.21344082811366014,32,3,0.0,0.0,0.0,False,22,32,,,,,
502,19,6,0.21344082811366014,32,4,0.0,0.0,0.0,False,22,32,,,,,
502,19,6,0.21344082811366014,32,5,0.0,0.0,0.0,False,22,32,,,,,
502,19,6,0.21344082811366014,32,6,0.0,0.0,0.0,False,19,32,,,,,
502,19,6,0.21344082811366014,32,7,0.5625,1.0,0.72,True,18,32,0.4818396284510702,0.6247358513804281,0.26675559272306626,"[-0.2792165384072218, -0.20285204644962818]",0.3451243660898397
502,19,6,0.21344082811366014,32,8,0.0,0.0,0.0,False,18,32,,,,,
502,19,6,0.21344082811366014,32,9,0.0,0.0,0.0,False,17,32,,,,,
502,19,6,0.21344082811366014,32,10,0.0,0.0,0.0,False,17,32,,,,,
502,19,6,0.21344082811366014,32,11,0.0,0.0,0.0,False,16,32,,,,,
502,19,6,0.21344082811366014,32,12,0.0,0.0,0.0,False,15,32,,,,,
502,19,6,0.21344082811366014,32,13,0.0,0.0,0.0,False,14,32,,,,,
502,19,6,0.21344082811366014,32,14,0.0,0.0,0.0,False,14,32,,,,,
502,19,6,0.21344082811366014,32,15,0.0,0.0,0.0,False,14,32,,,,,
502,19,6,0.21344082811366014,32,16,0.4375,1.0,0.6086956521739131,True,14,32,0.39492998888527087,0.5231893868584562,0.3114977877821371,"[3.3075641208092854, 1.0436669168638097]",3.4683167454286687
502,19,6,0.21344082811366014,32,17,0.0,0.0,0.0,False,13,32,,,,,
502,19,6,0.21344082811366014,32,18,0.0,0.0,0.0,False,13,32,,,,,
502,19,6,0.21344082811366014,32,19,0.0,0.0,0.0,False,13,32,,,,,
502,19,13,0.18928933595835928,27,0,0.0,0.0,0.0,False,40,27,,,,,
502,19,13,0.18928933595835928,27,1,0.0,0.0,0.0,False,24,27,,,,,
502,19,13,0.18928933595835928,27,2,0.0,0.0,0.0,False,24,27,,,,,
502,19,13,0.18928933595835928,27,3,0.037037037037037035,0.045454545454545456,0.04081632653061224,False,22,27,,,,,
502,19,13,0.18928933595835928,27,4,0.0,0.0,0.0,False,22,27,,,,,
502,19,13,0.18928933595835928,27,5,0.0,0.0,0.0,False,22,27,,,,,
502,19,13,0.18928933595835928,27,6,0.0,0.0,0.0,False,19,27,,,,,
502,19,13,0.18928933595835928,27,7,0.0,0.0,0.0,False,18,27,,,,,
502,19,13,0.18928933595835928,27,8,0.0,0.0,0.0,False,18,27,,,,,
502,19,13,0.18928933595835928,27,9,0.6296296296296297,1.0,0.7727272727272727,True,17,27,0.4979124917181931,0.6628013603236409,0.258481076949578,"[0.04714462012100906, 0.013490029602490905]",0.04903668121957616
502,19,13,0.18928933595835928,27,10,0.0,0.0,0.0,False,17,27,,,,,
502,19,13,0.18928933595835928,27,11,0.0,0.0,0.0,False,16,27,,,,,
502,19,13,0.18928933595835928,27,12,0.0,0.0,0.0,False,15,27,,,,,
502,19,13,0.18928933595835928,27,13,0.0,0.0,0.0,False,14,27,,,,,
502,19,13,0.18928933595835928,27,14,0.0,0.0,0.0,False,14,27,,,,,
502,19,13,0.18928933595835928,27,15,0.0,0.0,0.0,False,14,27,,,,,
502,19,13,0.18928933595835928,27,16,0.0,0.0,0.0,False,14,27,,,,,
502,19,13,0.18928933595835928,27,17,0.0,0.0,0.0,False,13,27,,,,,
502,19,13,0.18928933595835928,27,18,0.0,0.0,0.0,False,13,27,,,,,
502,19,13,0.18928933595835928,27,19,0.0,0.0,0.0,False,13,27,,,,,
502,19,15,0.16749572027470838,27,0,0.0,0.0,0.0,False,40,27,,,,,
502,19,15,0.16749572027470838,27,1,0.0,0.0,0.0,False,24,27,,,,,
502,19,15,0.16749572027470838,27,2,0.0,0.0,0.0,False,24,27,,,,,
502,19,15,0.16749572027470838,27,3,0.037037037037037035,0.045454545454545456,0.04081632653061224,False,22,27,,,,,
502,19,15,0.16749572027470838,27,4,0.0,0.0,0.0,False,22,27,,,,,
502,19,15,0.16749572027470838,27,5,0.0,0.0,0.0,False,22,27,,,,,
502,19,15,0.16749572027470838,27,6,0.0,0.0,0.0,False,19,27,,,,,
502,19,15,0.16749572027470838,27,7,0.0,0.0,0.0,False,18,27,,,,,
502,19,15,0.16749572027470838,27,8,0.0,0.0,0.0,False,18,27,,,,,
502,19,15,0.16749572027470838,27,9,0.6296296296296297,1.0,0.7727272727272727,True,17,27,0.4979124917181931,0.6628013603236409,0.258481076949578,"[0.04714462012100906, 0.013490029602490905]",0.04903668121957616
502,19,15,0.16749572027470838,27,10,0.0,0.0,0.0,False,17,27,,,,,
502,19,15,0.16749572027470838,27,11,0.0,0.0,0.0,False,16,27,,,,,
502,19,15,0.16749572027470838,27,12,0.0,0.0,0.0,False,15,27,,,,,
502,19,15,0.16749572027470838,27,13,0.0,0.0,0.0,False,14,27,,,,,
502,19,15,0.16749572027470838,27,14,0.0,0.0,0.0,False,14,27,,,,,
502,19,15,0.16749572027470838,27,15,0.0,0.0,0.0,False,14,27,,,,,
502,19,15,0.16749572027470838,27,16,0.0,0.0,0.0,False,14,27,,,,,
502,19,15,0.16749572027470838,27,17,0.0,0.0,0.0,False,13,27,,,,,
502,19,15,0.16749572027470838,27,18,0.0,0.0,0.0,False,13,27,,,,,
502,19,15,0.16749572027470838,27,19,0.0,0.0,0.0,False,13,27,,,,,
502,19,16,0.1150367792402613,37,0,1.0,0.925,0.961038961038961,True,40,37,0.7463618419995838,0.8751681134232101,0.1305761707950271,"[0.057879360312574235, -0.19473641177433976]",0.20315582792757386
502,19,16,0.1150367792402613,37,1,0.0,0.0,0.0,False,24,37,,,,,
502,19,16,0.1150367792402613,37,2,0.0,0.0,0.0,False,24,37,,,,,
502,19,16,0.1150367792402613,37,3,0.0,0.0,0.0,False,22,37,,,,,
502,19,16,0.1150367792402613,37,4,0.0,0.0,0.0,False,22,37,,,,,
502,19,16,0.1150367792402613,37,5,0.0,0.0,0.0,False,22,37,,,,,
502,19,16,0.1150367792402613,37,6,0.0,0.0,0.0,False,19,37,,,,,
502,19,16,0.1150367792402613,37,7,0.0,0.0,0.0,False,18,37,,,,,
502,19,16,0.1150367792402613,37,8,0.0,0.0,0.0,False,18,37,,,,,
502,19,16,0.1150367792402613,37,9,0.0,0.0,0.0,False,17,37,,,,,
502,19,16,0.1150367792402613,37,10,0.0,0.0,0.0,False,17,37,,,,,
502,19,16,0.1150367792402613,37,11,0.0,0.0,0.0,False,16,37,,,,,
502,19,16,0.1150367792402613,37,12,0.0,0.0,0.0,False,15,37,,,,,
502,19,16,0.1150367792402613,37,13,0.0,0.0,0.0,False,14,37,,,,,
502,19,16,0.1150367792402613,37,14,0.0,0.0,0.0,False,14,37,,,,,
502,19,16,0.1150367792402613,37,15,0.0,0.0,0.0,False,14,37,,,,,
502,19,16,0.1150367792402613,37,16,0.0,0.0,0.0,False,14,37,,,,,
502,19,16,0.1150367792402613,37,17,0.0,0.0,0.0,False,13,37,,,,,
502,19,16,0.1150367792402613,37,18,0.0,0.0,0.0,False,13,37,,,,,
502,19,16,0.1150367792402613,37,19,0.0,0.0,0.0,False,13,37,,,,,
502,20,11,0.3147373364130109,17,0,0.0,0.0,0.0,False,41,17,,,,,
502,20,11,0.3147373364130109,17,1,0.0,0.0,0.0,False,31,17,,,,,
502,20,11,0.3147373364130109,17,2,0.0,0.0,0.0,False,27,17,,,,,
502,20,11,0.3147373364130109,17,3,0.0,0.0,0.0,False,25,17,,,,,
502,20,11,0.3147373364130109,17,4,0.9411764705882353,0.64,0.7619047619047619,True,25,17,0.40966023625859804,0.6210069516462963,0.30391446785884146,"[-0.10629012592776643, -0.15217174648889276]",0.1856174326382635
502,20,11,0.3147373364130109,17,5,0.0,0.0,0.0,False,23,17,,,,,
502,20,11,0.3147373364130109,17,6,0.058823529411764705,0.043478260869565216,0.05,False,23,17,,,,,
502,20,11,0.3147373364130109,17,7,0.0,0.0,0.0,False,23,17,,,,,
502,20,11,0.3147373364130109,17,8,0.0,0.0,0.0,False,22,17,,,,,
502,20,11,0.3147373364130109,17,9,0.0,0.0,0.0,False,19,17,,,,,
502,20,11,0.3147373364130109,17,10,0.0,0.0,0.0,False,18,17,,,,,
502,20,11,0.3147373364130109,17,11,0.0,0.0,0.0,False,17,17,,,,,
502,20,11,0.3147373364130109,17,12,0.0,0.0,0.0,False,15,17,,,,,
502,20,11,0.3147373364130109,17,13,0.0,0.0,0.0,False,14,17,,,,,
502,20,11,0.3147373364130109,17,14,0.0,0.0,0.0,False,14,17,,,,,
502,20,11,0.3147373364130109,17,15,0.0,0.0,0.0,False,14,17,,,,,
502,20,11,0.3147373364130109,17,16,0.0,0.0,0.0,False,14,17,,,,,
502,20,11,0.3147373364130109,17,17,0.0,0.0,0.0,False,13,17,,,,,
502,20,13,0.18928933595835928,17,0,0.0,0.0,0.0,False,41,17,,,,,
502,20,13,0.18928933595835928,17,1,0.0,0.0,0.0,False,31,17,,,,,
502,20,13,0.18928933595835928,17,2,0.0,0.0,0.0,False,27,17,,,,,
502,20,13,0.18928933595835928,17,3,0.0,0.0,0.0,False,25,17,,,,,
502,20,13,0.18928933595835928,17,4,0.9411764705882353,0.64,0.7619047619047619,True,25,17,0.40966023625859804,0.6210069516462963,0.30391446785884146,"[-0.10629012592776643, -0.15217174648889276]",0.1856174326382635
502,20,13,0.18928933595835928,17,5,0.0,0.0,0.0,False,23,17,,,,,
502,20,13,0.18928933595835928,17,6,0.058823529411764705,0.043478260869565216,0.05,False,23,17,,,,,
502,20,13,0.18928933595835928,17,7,0.0,0.0,0.0,False,23,17,,,,,
502,20,13,0.18928933595835928,17,8,0.0,0.0,0.0,False,22,17,,,,,
502,20,13,0.18928933595835928,17,9,0.0,0.0,0.0,False,19,17,,,,,
502,20,13,0.18928933595835928,17,10,0.0,0.0,0.0,False,18,17,,,,,
502,20,13,0.18928933595835928,17,11,0.0,0.0,0.0,False,17,17,,,,,
502,20,13,0.18928933595835928,17,12,0.0,0.0,0.0,False,15,17,,,,,
502,20,13,0.18928933595835928,17,13,0.0,0.0,0.0,False,14,17,,,,,
502,20,13,0.18928933595835928,17,14,0.0,0.0,0.0,False,14,17,,,,,
502,20,13,0.18928933595835928,17,15,0.0,0.0,0.0,False,14,17,,,,,
502,20,13,0.18928933595835928,17,16,0.0,0.0,0.0,False,14,17,,,,,
502,20,13,0.18928933595835928,17,17,0.0,0.0,0.0,False,13,17,,,,,
502,20,15,0.16749572027470838,17,0,0.0,0.0,0.0,False,41,17,,,,,
502,20,15,0.16749572027470838,17,1,0.0,0.0,0.0,False,31,17,,,,,
502,20,15,0.16749572027470838,17,2,0.0,0.0,0.0,False,27,17,,,,,
502,20,15,0.16749572027470838,17,3,0.0,0.0,0.0,False,25,17,,,,,
502,20,15,0.16749572027470838,17,4,0.9411764705882353,0.64,0.7619047619047619,True,25,17,0.40966023625859804,0.6210069516462963,0.30391446785884146,"[-0.10629012592776643, -0.15217174648889276]",0.1856174326382635
502,20,15,0.16749572027470838,17,5,0.0,0.0,0.0,False,23,17,,,,,
502,20,15,0.16749572027470838,17,6,0.058823529411764705,0.043478260869565216,0.05,False,23,17,,,,,
502,20,15,0.16749572027470838,17,7,0.0,0.0,0.0,False,23,17,,,,,
502,20,15,0.16749572027470838,17,8,0.0,0.0,0.0,False,22,17,,,,,
502,20,15,0.16749572027470838,17,9,0.0,0.0,0.0,False,19,17,,,,,
502,20,15,0.16749572027470838,17,10,0.0,0.0,0.0,False,18,17,,,,,
502,20,15,0.16749572027470838,17,11,0.0,0.0,0.0,False,17,17,,,,,
502,20,15,0.16749572027470838,17,12,0.0,0.0,0.0,False,15,17,,,,,
502,20,15,0.16749572027470838,17,13,0.0,0.0,0.0,False,14,17,,,,,
502,20,15,0.16749572027470838,17,14,0.0,0.0,0.0,False,14,17,,,,,
502,20,15,0.16749572027470838,17,15,0.0,0.0,0.0,False,14,17,,,,,
502,20,15,0.16749572027470838,17,16,0.0,0.0,0.0,False,14,17,,,,,
502,20,15,0.16749572027470838,17,17,0.0,0.0,0.0,False,13,17,,,,,
502,20,20,0.12810141519911766,18,0,0.0,0.0,0.0,False,41,18,,,,,
502,20,20,0.12810141519911766,18,1,0.9444444444444444,0.5483870967741935,0.6938775510204082,True,31,18,0.44600971002831424,0.5947304146235706,0.28520129341899225,"[-0.14112419748346028, 0.6532975467488065]",0.6683664591400138
502,20,20,0.12810141519911766,18,2,0.0,0.0,0.0,False,27,18,,,,,
502,20,20,0.12810141519911766,18,3,0.0,0.0,0.0,False,25,18,,,,,
502,20,20,0.12810141519911766,18,4,0.0,0.0,0.0,False,25,18,,,,,
502,20,20,0.12810141519911766,18,5,0.05555555555555555,0.043478260869565216,0.04878048780487805,False,23,18,,,,,
502,20,20,0.12810141519911766,18,6,0.0,0.0,0.0,False,23,18,,,,,
502,20,20,0.12810141519911766,18,7,0.0,0.0,0.0,False,23,18,,,,,
502,20,20,0.12810141519911766,18,8,0.0,0.0,0.0,False,22,18,,,,,
502,20,20,0.12810141519911766,18,9,0.0,0.0,0.0,False,19,18,,,,,
502,20,20,0.12810141519911766,18,10,0.0,0.0,0.0,False,18,18,,,,,
502,20,20,0.12810141519911766,18,11,0.0,0.0,0.0,False,17,18,,,,,
502,20,20,0.12810141519911766,18,12,0.0,0.0,0.0,False,15,18,,,,,
502,20,20,0.12810141519911766,18,13,0.0,0.0,0.0,False,14,18,,,,,
502,20,20,0.12810141519911766,18,14,0.0,0.0,0.0,False,14,18,,,,,
502,20,20,0.12810141519911766,18,15,0.0,0.0,0.0,False,14,18,,,,,
502,20,20,0.12810141519911766,18,16,0.0,0.0,0.0,False,14,18,,,,,
502,20,20,0.12810141519911766,18,17,0.0,0.0,0.0,False,13,18,,,,,
502,20,16,0.1150367792402613,40,0,1.0,0.975609756097561,0.9876543209876543,True,41,40,0.7749970198155125,0.9025914005187976,0.11583441467001794,"[0.022109257355950263, -0.061997590622141274]",0.06582188468725474
502,20,16,0.1150367792402613,40,1,0.0,0.0,0.0,False,31,40,,,,,
502,20,16,0.1150367792402613,40,2,0.0,0.0,0.0,False,27,40,,,,,
502,20,16,0.1150367792402613,40,3,0.0,0.0,0.0,False,25,40,,,,,
502,20,16,0.1150367792402613,40,4,0.0,0.0,0.0,False,25,40,,,,,
502,20,16,0.1150367792402613,40,5,0.0,0.0,0.0,False,23,40,,,,,
502,20,16,0.1150367792402613,40,6,0.0,0.0,0.0,False,23,40,,,,,
502,20,16,0.1150367792402613,40,7,0.0,0.0,0.0,False,23,40,,,,,
502,20,16,0.1150367792402613,40,8,0.0,0.0,0.0,False,22,40,,,,,
502,20,16,0.1150367792402613,40,9,0.0,0.0,0.0,False,19,40,,,,,
502,20,16,0.1150367792402613,40,10,0.0,0.0,0.0,False,18,40,,,,,
502,20,16,0.1150367792402613,40,11,0.0,0.0,0.0,False,17,40,,,,,
502,20,16,0.1150367792402613,40,12,0.0,0.0,0.0,False,15,40,,,,,
502,20,16,0.1150367792402613,40,13,0.0,0.0,0.0,False,14,40,,,,,
502,20,16,0.1150367792402613,40,14,0.0,0.0,0.0,False,14,40,,,,,
502,20,16,0.1150367792402613,40,15,0.0,0.0,0.0,False,14,40,,,,,
502,20,16,0.1150367792402613,40,16,0.0,0.0,0.0,False,14,40,,,,,
502,20,16,0.1150367792402613,40,17,0.0,0.0,0.0,False,13,40,,,,,
502,20,21,0.08533941291454246,14,0,0.0,0.0,0.0,False,41,14,,,,,
502,20,21,0.08533941291454246,14,1,0.0,0.0,0.0,False,31,14,,,,,
502,20,21,0.08533941291454246,14,2,0.0,0.0,0.0,False,27,14,,,,,
502,20,21,0.08533941291454246,14,3,0.0,0.0,0.0,False,25,14,,,,,
502,20,21,0.08533941291454246,14,4,0.0,0.0,0.0,False,25,14,,,,,
502,20,21,0.08533941291454246,14,5,0.0,0.0,0.0,False,23,14,,,,,
502,20,21,0.08533941291454246,14,6,0.0,0.0,0.0,False,23,14,,,,,
502,20,21,0.08533941291454246,14,7,0.0,0.0,0.0,False,23,14,,,,,
502,20,21,0.08533941291454246,14,8,0.0,0.0,0.0,False,22,14,,,,,
502,20,21,0.08533941291454246,14,9,0.0,0.0,0.0,False,19,14,,,,,
502,20,21,0.08533941291454246,14,10,0.0,0.0,0.0,False,18,14,,,,,
502,20,21,0.08533941291454246,14,11,0.0,0.0,0.0,False,17,14,,,,,
502,20,21,0.08533941291454246,14,12,0.0,0.0,0.0,False,15,14,,,,,
502,20,21,0.08533941291454246,14,13,0.0,0.0,0.0,False,14,14,,,,,
502,20,21,0.08533941291454246,14,14,0.0,0.0,0.0,False,14,14,,,,,
502,20,21,0.08533941291454246,14,15,0.0,0.0,0.0,False,14,14,,,,,
502,20,21,0.08533941291454246,14,16,1.0,1.0,1.0,True,14,14,0.819772703500975,0.92790908140039,0.09278331949384394,"[0.07999999999999918, 0.0400000000000027]",0.08944271909999206
502,20,21,0.08533941291454246,14,17,0.0,0.0,0.0,False,13,14,,,,,
502,21,11,0.3147373364130109,25,0,0.0,0.0,0.0,False,41,25,,,,,
502,21,11,0.3147373364130109,25,1,0.0,0.0,0.0,False,39,25,,,,,
502,21,11,0.3147373364130109,25,2,0.0,0.0,0.0,False,31,25,,,,,
502,21,11,0.3147373364130109,25,3,1.0,1.0,1.0,True,25,25,0.8120274716599618,0.9248109886639847,0.0967706639994666,"[-0.08959999999999901, 0.05599999999999983]",0.10566058867903304
502,21,11,0.3147373364130109,25,4,0.0,0.0,0.0,False,24,25,,,,,
502,21,11,0.3147373364130109,25,5,0.0,0.0,0.0,False,24,25,,,,,
502,21,11,0.3147373364130109,25,6,0.0,0.0,0.0,False,22,25,,,,,
502,21,11,0.3147373364130109,25,7,0.0,0.0,0.0,False,21,25,,,,,
502,21,11,0.3147373364130109,25,8,0.0,0.0,0.0,False,19,25,,,,,
502,21,11,0.3147373364130109,25,9,0.0,0.0,0.0,False,19,25,,,,,
502,21,11,0.3147373364130109,25,10,0.0,0.0,0.0,False,19,25,,,,,
502,21,11,0.3147373364130109,25,11,0.0,0.0,0.0,False,17,25,,,,,
502,21,11,0.3147373364130109,25,12,0.0,0.0,0.0,False,17,25,,,,,
502,21,11,0.3147373364130109,25,13,0.0,0.0,0.0,False,16,25,,,,,
502,21,11,0.3147373364130109,25,14,0.0,0.0,0.0,False,14,25,,,,,
502,21,11,0.3147373364130109,25,15,0.0,0.0,0.0,False,14,25,,,,,
502,21,11,0.3147373364130109,25,16,0.0,0.0,0.0,False,14,25,,,,,
502,21,11,0.3147373364130109,25,17,0.0,0.0,0.0,False,13,25,,,,,
502,21,13,0.18928933595835928,25,0,0.0,0.0,0.0,False,41,25,,,,,
502,21,13,0.18928933595835928,25,1,0.0,0.0,0.0,False,39,25,,,,,
502,21,13,0.18928933595835928,25,2,0.0,0.0,0.0,False,31,25,,,,,
502,21,13,0.18928933595835928,25,3,1.0,1.0,1.0,True,25,25,0.8120274716599618,0.9248109886639847,0.0967706639994666,"[-0.08959999999999901, 0.05599999999999983]",0.10566058867903304
502,21,13,0.18928933595835928,25,4,0.0,0.0,0.0,False,24,25,,,,,
502,21,13,0.18928933595835928,25,5,0.0,0.0,0.0,False,24,25,,,,,
502,21,13,0.18928933595835928,25,6,0.0,0.0,0.0,False,22,25,,,,,
502,21,13,0.18928933595835928,25,7,0.0,0.0,0.0,False,21,25,,,,,
502,21,13,0.18928933595835928,25,8,0.0,0.0,0.0,False,19,25,,,,,
502,21,13,0.18928933595835928,25,9,0.0,0.0,0.0,False,19,25,,,,,
502,21,13,0.18928933595835928,25,10,0.0,0.0,0.0,False,19,25,,,,,
502,21,13,0.18928933595835928,25,11,0.0,0.0,0.0,False,17,25,,,,,
502,21,13,0.18928933595835928,25,12,0.0,0.0,0.0,False,17,25,,,,,
502,21,13,0.18928933595835928,25,13,0.0,0.0,0.0,False,16,25,,,,,
502,21,13,0.18928933595835928,25,14,0.0,0.0,0.0,False,14,25,,,,,
502,21,13,0.18928933595835928,25,15,0.0,0.0,0.0,False,14,25,,,,,
502,21,13,0.18928933595835928,25,16,0.0,0.0,0.0,False,14,25,,,,,
502,21,13,0.18928933595835928,25,17,0.0,0.0,0.0,False,13,25,,,,,
502,21,15,0.16749572027470838,25,0,0.0,0.0,0.0,False,41,25,,,,,
502,21,15,0.16749572027470838,25,1,0.0,0.0,0.0,False,39,25,,,,,
502,21,15,0.16749572027470838,25,2,0.0,0.0,0.0,False,31,25,,,,,
502,21,15,0.16749572027470838,25,3,1.0,1.0,1.0,True,25,25,0.8120274716599618,0.9248109886639847,0.0967706639994666,"[-0.08959999999999901, 0.05599999999999983]",0.10566058867903304
502,21,15,0.16749572027470838,25,4,0.0,0.0,0.0,False,24,25,,,,,
502,21,15,0.16749572027470838,25,5,0.0,0.0,0.0,False,24,25,,,,,
502,21,15,0.16749572027470838,25,6,0.0,0.0,0.0,False,22,25,,,,,
502,21,15,0.16749572027470838,25,7,0.0,0.0,0.0,False,21,25,,,,,
502,21,15,0.16749572027470838,25,8,0.0,0.0,0.0,False,19,25,,,,,
502,21,15,0.16749572027470838,25,9,0.0,0.0,0.0,False,19,25,,,,,
502,21,15,0.16749572027470838,25,10,0.0,0.0,0.0,False,19,25,,,,,
502,21,15,0.16749572027470838,25,11,0.0,0.0,0.0,False,17,25,,,,,
502,21,15,0.16749572027470838,25,12,0.0,0.0,0.0,False,17,25,,,,,
502,21,15,0.16749572027470838,25,13,0.0,0.0,0.0,False,16,25,,,,,
502,21,15,0.16749572027470838,25,14,0.0,0.0,0.0,False,14,25,,,,,
502,21,15,0.16749572027470838,25,15,0.0,0.0,0.0,False,14,25,,,,,
502,21,15,0.16749572027470838,25,16,0.0,0.0,0.0,False,14,25,,,,,
502,21,15,0.16749572027470838,25,17,0.0,0.0,0.0,False,13,25,,,,,
502,21,20,0.12810141519911766,31,0,0.0,0.0,0.0,False,41,31,,,,,
502,21,20,0.12810141519911766,31,1,0.0,0.0,0.0,False,39,31,,,,,
502,21,20,0.12810141519911766,31,2,1.0,1.0,1.0,True,31,31,0.8281478976022073,0.931259159040883,0.08847166235193145,"[0.00903225806451502, 0.0]",0.00903225806451502
502,21,20,0.12810141519911766,31,3,0.0,0.0,0.0,False,25,31,,,,,
502,21,20,0.12810141519911766,31,4,0.0,0.0,0.0,False,24,31,,,,,
502,21,20,0.12810141519911766,31,5,0.0,0.0,0.0,False,24,31,,,,,
502,21,20,0.12810141519911766,31,6,0.0,0.0,0.0,False,22,31,,,,,
502,21,20,0.12810141519911766,31,7,0.0,0.0,0.0,False,21,31,,,,,
502,21,20,0.12810141519911766,31,8,0.0,0.0,0.0,False,19,31,,,,,
502,21,20,0.12810141519911766,31,9,0.0,0.0,0.0,False,19,31,,,,,
502,21,20,0.12810141519911766,31,10,0.0,0.0,0.0,False,19,31,,,,,
502,21,20,0.12810141519911766,31,11,0.0,0.0,0.0,False,17,31,,,,,
502,21,20,0.12810141519911766,31,12,0.0,0.0,0.0,False,17,31,,,,,
502,21,20,0.12810141519911766,31,13,0.0,0.0,0.0,False,16,31,,,,,
502,21,20,0.12810141519911766,31,14,0.0,0.0,0.0,False,14,31,,,,,
502,21,20,0.12810141519911766,31,15,0.0,0.0,0.0,False,14,31,,,,,
502,21,20,0.12810141519911766,31,16,0.0,0.0,0.0,False,14,31,,,,,
502,21,20,0.12810141519911766,31,17,0.0,0.0,0.0,False,13,31,,,,,
502,21,16,0.1150367792402613,41,0,1.0,1.0,1.0,True,41,41,0.7850053256343317,0.9140021302537327,0.11068201070891975,"[-0.02048780487804791, -0.040975609756099374]",0.045812124417070096
502,21,16,0.1150367792402613,41,1,0.0,0.0,0.0,False,39,41,,,,,
502,21,16,0.1150367792402613,41,2,0.0,0.0,0.0,False,31,41,,,,,
502,21,16,0.1150367792402613,41,3,0.0,0.0,0.0,False,25,41,,,,,
502,21,16,0.1150367792402613,41,4,0.0,0.0,0.0,False,24,41,,,,,
502,21,16,0.1150367792402613,41,5,0.0,0.0,0.0,False,24,41,,,,,
502,21,16,0.1150367792402613,41,6,0.0,0.0,0.0,False,22,41,,,,,
502,21,16,0.1150367792402613,41,7,0.0,0.0,0.0,False,21,41,,,,,
502,21,16,0.1150367792402613,41,8,0.0,0.0,0.0,False,19,41,,,,,
502,21,16,0.1150367792402613,41,9,0.0,0.0,0.0,False,19,41,,,,,
502,21,16,0.1150367792402613,41,10,0.0,0.0,0.0,False,19,41,,,,,
502,21,16,0.1150367792402613,41,11,0.0,0.0,0.0,False,17,41,,,,,
502,21,16,0.1150367792402613,41,12,0.0,0.0,0.0,False,17,41,,,,,
502,21,16,0.1150367792402613,41,13,0.0,0.0,0.0,False,16,41,,,,,
502,21,16,0.1150367792402613,41,14,0.0,0.0,0.0,False,14,41,,,,,
502,21,16,0.1150367792402613,41,15,0.0,0.0,0.0,False,14,41,,,,,
502,21,16,0.1150367792402613,41,16,0.0,0.0,0.0,False,14,41,,,,,
502,21,16,0.1150367792402613,41,17,0.0,0.0,0.0,False,13,41,,,,,
502,21,21,0.08533941291454246,14,0,0.0,0.0,0.0,False,41,14,,,,,
502,21,21,0.08533941291454246,14,1,0.0,0.0,0.0,False,39,14,,,,,
502,21,21,0.08533941291454246,14,2,0.0,0.0,0.0,False,31,14,,,,,
502,21,21,0.08533941291454246,14,3,0.0,0.0,0.0,False,25,14,,,,,
502,21,21,0.08533941291454246,14,4,0.0,0.0,0.0,False,24,14,,,,,
502,21,21,0.08533941291454246,14,5,0.0,0.0,0.0,False,24,14,,,,,
502,21,21,0.08533941291454246,14,6,0.0,0.0,0.0,False,22,14,,,,,
502,21,21,0.08533941291454246,14,7,0.0,0.0,0.0,False,21,14,,,,,
502,21,21,0.08533941291454246,14,8,0.0,0.0,0.0,False,19,14,,,,,
502,21,21,0.08533941291454246,14,9,0.0,0.0,0.0,False,19,14,,,,,
502,21,21,0.08533941291454246,14,10,0.0,0.0,0.0,False,19,14,,,,,
502,21,21,0.08533941291454246,14,11,0.0,0.0,0.0,False,17,14,,,,,
502,21,21,0.08533941291454246,14,12,0.0,0.0,0.0,False,17,14,,,,,
502,21,21,0.08533941291454246,14,13,0.0,0.0,0.0,False,16,14,,,,,
502,21,21,0.08533941291454246,14,14,0.0,0.0,0.0,False,14,14,,,,,
502,21,21,0.08533941291454246,14,15,0.0,0.0,0.0,False,14,14,,,,,
502,21,21,0.08533941291454246,14,16,1.0,1.0,1.0,True,14,14,0.7626741516383873,0.9050696606553549,0.12217838496402338,"[0.10000000000000053, -0.019999999999999574]",0.10198039027185614
502,21,21,0.08533941291454246,14,17,0.0,0.0,0.0,False,13,14,,,,,
502,22,11,0.3147373364130109,25,0,0.0,0.0,0.0,False,39,25,,,,,
502,22,11,0.3147373364130109,25,1,0.0,0.0,0.0,False,38,25,,,,,
502,22,11,0.3147373364130109,25,2,0.0,0.0,0.0,False,33,25,,,,,
502,22,11,0.3147373364130109,25,3,0.0,0.0,0.0,False,31,25,,,,,
502,22,11,0.3147373364130109,25,4,1.0,1.0,1.0,True,25,25,0.8263735474566798,0.930549418982672,0.08938512052194468,"[-0.12320000000000064, 0.02239999999999953]",0.12521980673998878
502,22,11,0.3147373364130109,25,5,0.0,0.0,0.0,False,23,25,,,,,
502,22,11,0.3147373364130109,25,6,0.0,0.0,0.0,False,22,25,,,,,
502,22,11,0.3147373364130109,25,7,0.0,0.0,0.0,False,22,25,,,,,
502,22,11,0.3147373364130109,25,8,0.0,0.0,0.0,False,21,25,,,,,
502,22,11,0.3147373364130109,25,9,0.0,0.0,0.0,False,21,25,,,,,
502,22,11,0.3147373364130109,25,10,0.0,0.0,0.0,False,18,25,,,,,
502,22,11,0.3147373364130109,25,11,0.0,0.0,0.0,False,18,25,,,,,
502,22,11,0.3147373364130109,25,12,0.0,0.0,0.0,False,17,25,,,,,
502,22,11,0.3147373364130109,25,13,0.0,0.0,0.0,False,17,25,,,,,
502,22,11,0.3147373364130109,25,14,0.0,0.0,0.0,False,14,25,,,,,
502,22,11,0.3147373364130109,25,15,0.0,0.0,0.0,False,14,25,,,,,
502,22,11,0.3147373364130109,25,16,0.0,0.0,0.0,False,14,25,,,,,
502,22,11,0.3147373364130109,25,17,0.0,0.0,0.0,False,13,25,,,,,
502,22,13,0.18928933595835928,25,0,0.0,0.0,0.0,False,39,25,,,,,
502,22,13,0.18928933595835928,25,1,0.0,0.0,0.0,False,38,25,,,,,
502,22,13,0.18928933595835928,25,2,0.0,0.0,0.0,False,33,25,,,,,
502,22,13,0.18928933595835928,25,3,0.0,0.0,0.0,False,31,25,,,,,
502,22,13,0.18928933595835928,25,4,1.0,1.0,1.0,True,25,25,0.8263735474566798,0.930549418982672,0.08938512052194468,"[-0.12320000000000064, 0.02239999999999953]",0.12521980673998878
502,22,13,0.18928933595835928,25,5,0.0,0.0,0.0,False,23,25,,,,,
502,22,13,0.18928933595835928,25,6,0.0,0.0,0.0,False,22,25,,,,,
502,22,13,0.18928933595835928,25,7,0.0,0.0,0.0,False,22,25,,,,,
502,22,13,0.18928933595835928,25,8,0.0,0.0,0.0,False,21,25,,,,,
502,22,13,0.18928933595835928,25,9,0.0,0.0,0.0,False,21,25,,,,,
502,22,13,0.18928933595835928,25,10,0.0,0.0,0.0,False,18,25,,,,,
502,22,13,0.18928933595835928,25,11,0.0,0.0,0.0,False,18,25,,,,,
502,22,13,0.18928933595835928,25,12,0.0,0.0,0.0,False,17,25,,,,,
502,22,13,0.18928933595835928,25,13,0.0,0.0,0.0,False,17,25,,,,,
502,22,13,0.18928933595835928,25,14,0.0,0.0,0.0,False,14,25,,,,,
502,22,13,0.18928933595835928,25,15,0.0,0.0,0.0,False,14,25,,,,,
502,22,13,0.18928933595835928,25,16,0.0,0.0,0.0,False,14,25,,,,,
502,22,13,0.18928933595835928,25,17,0.0,0.0,0.0,False,13,25,,,,,
502,22,15,0.16749572027470838,25,0,0.0,0.0,0.0,False,39,25,,,,,
502,22,15,0.16749572027470838,25,1,0.0,0.0,0.0,False,38,25,,,,,
502,22,15,0.16749572027470838,25,2,0.0,0.0,0.0,False,33,25,,,,,
502,22,15,0.16749572027470838,25,3,0.0,0.0,0.0,False,31,25,,,,,
502,22,15,0.16749572027470838,25,4,1.0,1.0,1.0,True,25,25,0.8263735474566798,0.930549418982672,0.08938512052194468,"[-0.12320000000000064, 0.02239999999999953]",0.12521980673998878
502,22,15,0.16749572027470838,25,5,0.0,0.0,0.0,False,23,25,,,,,
502,22,15,0.16749572027470838,25,6,0.0,0.0,0.0,False,22,25,,,,,
502,22,15,0.16749572027470838,25,7,0.0,0.0,0.0,False,22,25,,,,,
502,22,15,0.16749572027470838,25,8,0.0,0.0,0.0,False,21,25,,,,,
502,22,15,0.16749572027470838,25,9,0.0,0.0,0.0,False,21,25,,,,,
502,22,15,0.16749572027470838,25,10,0.0,0.0,0.0,False,18,25,,,,,
502,22,15,0.16749572027470838,25,11,0.0,0.0,0.0,False,18,25,,,,,
502,22,15,0.16749572027470838,25,12,0.0,0.0,0.0,False,17,25,,,,,
502,22,15,0.16749572027470838,25,13,0.0,0.0,0.0,False,17,25,,,,,
502,22,15,0.16749572027470838,25,14,0.0,0.0,0.0,False,14,25,,,,,
502,22,15,0.16749572027470838,25,15,0.0,0.0,0.0,False,14,25,,,,,
502,22,15,0.16749572027470838,25,16,0.0,0.0,0.0,False,14,25,,,,,
502,22,15,0.16749572027470838,25,17,0.0,0.0,0.0,False,13,25,,,,,
502,22,20,0.12810141519911766,31,0,0.0,0.0,0.0,False,39,31,,,,,
502,22,20,0.12810141519911766,31,1,0.0,0.0,0.0,False,38,31,,,,,
502,22,20,0.12810141519911766,31,2,0.0,0.0,0.0,False,33,31,,,,,
502,22,20,0.12810141519911766,31,3,1.0,1.0,1.0,True,31,31,0.8282400748954685,0.9312960299581874,0.08842420830131392,"[-0.009032258064515464, 0.03612903225806363]",0.037240954037835915
502,22,20,0.12810141519911766,31,4,0.0,0.0,0.0,False,25,31,,,,,
502,22,20,0.12810141519911766,31,5,0.0,0.0,0.0,False,23,31,,,,,
502,22,20,0.12810141519911766,31,6,0.0,0.0,0.0,False,22,31,,,,,
502,22,20,0.12810141519911766,31,7,0.0,0.0,0.0,False,22,31,,,,,
502,22,20,0.12810141519911766,31,8,0.0,0.0,0.0,False,21,31,,,,,
502,22,20,0.12810141519911766,31,9,0.0,0.0,0.0,False,21,31,,,,,
502,22,20,0.12810141519911766,31,10,0.0,0.0,0.0,False,18,31,,,,,
502,22,20,0.12810141519911766,31,11,0.0,0.0,0.0,False,18,31,,,,,
502,22,20,0.12810141519911766,31,12,0.0,0.0,0.0,False,17,31,,,,,
502,22,20,0.12810141519911766,31,13,0.0,0.0,0.0,False,17,31,,,,,
502,22,20,0.12810141519911766,31,14,0.0,0.0,0.0,False,14,31,,,,,
502,22,20,0.12810141519911766,31,15,0.0,0.0,0.0,False,14,31,,,,,
502,22,20,0.12810141519911766,31,16,0.0,0.0,0.0,False,14,31,,,,,
502,22,20,0.12810141519911766,31,17,0.0,0.0,0.0,False,13,31,,,,,
502,22,16,0.1150367792402613,41,0,0.9512195121951219,1.0,0.975,True,39,41,0.795310493001164,0.9031241972004656,0.1053767786225054,"[-0.20940582080681658, 0.070772102785849]",0.22104182482170054
502,22,16,0.1150367792402613,41,1,0.0,0.0,0.0,False,38,41,,,,,
502,22,16,0.1150367792402613,41,2,0.0,0.0,0.0,False,33,41,,,,,
502,22,16,0.1150367792402613,41,3,0.0,0.0,0.0,False,31,41,,,,,
502,22,16,0.1150367792402613,41,4,0.0,0.0,0.0,False,25,41,,,,,
502,22,16,0.1150367792402613,41,5,0.04878048780487805,0.08695652173913043,0.0625,False,23,41,,,,,
502,22,16,0.1150367792402613,41,6,0.0,0.0,0.0,False,22,41,,,,,
502,22,16,0.1150367792402613,41,7,0.0,0.0,0.0,False,22,41,,,,,
502,22,16,0.1150367792402613,41,8,0.0,0.0,0.0,False,21,41,,,,,
502,22,16,0.1150367792402613,41,9,0.0,0.0,0.0,False,21,41,,,,,
502,22,16,0.1150367792402613,41,10,0.0,0.0,0.0,False,18,41,,,,,
502,22,16,0.1150367792402613,41,11,0.0,0.0,0.0,False,18,41,,,,,
502,22,16,0.1150367792402613,41,12,0.0,0.0,0.0,False,17,41,,,,,
502,22,16,0.1150367792402613,41,13,0.0,0.0,0.0,False,17,41,,,,,
502,22,16,0.1150367792402613,41,14,0.0,0.0,0.0,False,14,41,,,,,
502,22,16,0.1150367792402613,41,15,0.0,0.0,0.0,False,14,41,,,,,
502,22,16,0.1150367792402613,41,16,0.0,0.0,0.0,False,14,41,,,,,
502,22,16,0.1150367792402613,41,17,0.0,0.0,0.0,False,13,41,,,,,
502,22,21,0.08533941291454246,14,0,0.0,0.0,0.0,False,39,14,,,,,
502,22,21,0.08533941291454246,14,1,0.0,0.0,0.0,False,38,14,,,,,
502,22,21,0.08533941291454246,14,2,0.0,0.0,0.0,False,33,14,,,,,
502,22,21,0.08533941291454246,14,3,0.0,0.0,0.0,False,31,14,,,,,
502,22,21,0.08533941291454246,14,4,0.0,0.0,0.0,False,25,14,,,,,
502,22,21,0.08533941291454246,14,5,0.0,0.0,0.0,False,23,14,,,,,
502,22,21,0.08533941291454246,14,6,0.0,0.0,0.0,False,22,14,,,,,
502,22,21,0.08533941291454246,14,7,0.0,0.0,0.0,False,22,14,,,,,
502,22,21,0.08533941291454246,14,8,0.0,0.0,0.0,False,21,14,,,,,
502,22,21,0.08533941291454246,14,9,0.0,0.0,0.0,False,21,14,,,,,
502,22,21,0.08533941291454246,14,10,0.0,0.0,0.0,False,18,14,,,,,
502,22,21,0.08533941291454246,14,11,0.0,0.0,0.0,False,18,14,,,,,
502,22,21,0.08533941291454246,14,12,0.0,0.0,0.0,False,17,14,,,,,
502,22,21,0.08533941291454246,14,13,0.0,0.0,0.0,False,17,14,,,,,
502,22,21,0.08533941291454246,14,14,0.0,0.0,0.0,False,14,14,,,,,
502,22,21,0.08533941291454246,14,15,0.0,0.0,0.0,False,14,14,,,,,
502,22,21,0.08533941291454246,14,16,1.0,1.0,1.0,True,14,14,0.82362913559417,0.929451654237668,0.0907979788825167,"[0.0600000000000005, 0.019999999999999574]",0.06324555320336793
502,22,21,0.08533941291454246,14,17,0.0,0.0,0.0,False,13,14,,,,,
502,23,11,0.3147373364130109,25,0,0.0,0.0,0.0,False,39,25,,,,,
502,23,11,0.3147373364130109,25,1,0.0,0.0,0.0,False,38,25,,,,,
502,23,11,0.3147373364130109,25,2,0.0,0.0,0.0,False,33,25,,,,,
502,23,11,0.3147373364130109,25,3,1.0,0.9259259259259259,0.9615384615384616,True,27,25,0.7420623571241378,0.8737480197727321,0.13278960065058512,"[-0.018875728516444035, 0.03390515850761311]",0.038805320517332
502,23,11,0.3147373364130109,25,4,0.0,0.0,0.0,False,23,25,,,,,
502,23,11,0.3147373364130109,25,5,0.0,0.0,0.0,False,22,25,,,,,
502,23,11,0.3147373364130109,25,6,0.0,0.0,0.0,False,22,25,,,,,
502,23,11,0.3147373364130109,25,7,0.0,0.0,0.0,False,21,25,,,,,
502,23,11,0.3147373364130109,25,8,0.0,0.0,0.0,False,21,25,,,,,
502,23,11,0.3147373364130109,25,9,0.0,0.0,0.0,False,20,25,,,,,
502,23,11,0.3147373364130109,25,10,0.0,0.0,0.0,False,19,25,,,,,
502,23,11,0.3147373364130109,25,11,0.0,0.0,0.0,False,18,25,,,,,
502,23,11,0.3147373364130109,25,12,0.0,0.0,0.0,False,17,25,,,,,
502,23,11,0.3147373364130109,25,13,0.0,0.0,0.0,False,17,25,,,,,
502,23,11,0.3147373364130109,25,14,0.0,0.0,0.0,False,14,25,,,,,
502,23,11,0.3147373364130109,25,15,0.0,0.0,0.0,False,14,25,,,,,
502,23,11,0.3147373364130109,25,16,0.0,0.0,0.0,False,13,25,,,,,
502,23,11,0.3147373364130109,25,17,0.0,0.0,0.0,False,13,25,,,,,
502,23,13,0.18928933595835928,25,0,0.0,0.0,0.0,False,39,25,,,,,
502,23,13,0.18928933595835928,25,1,0.0,0.0,0.0,False,38,25,,,,,
502,23,13,0.18928933595835928,25,2,0.0,0.0,0.0,False,33,25,,,,,
502,23,13,0.18928933595835928,25,3,1.0,0.9259259259259259,0.9615384615384616,True,27,25,0.7420623571241378,0.8737480197727321,0.13278960065058512,"[-0.018875728516444035, 0.03390515850761311]",0.038805320517332
502,23,13,0.18928933595835928,25,4,0.0,0.0,0.0,False,23,25,,,,,
502,23,13,0.18928933595835928,25,5,0.0,0.0,0.0,False,22,25,,,,,
502,23,13,0.18928933595835928,25,6,0.0,0.0,0.0,False,22,25,,,,,
502,23,13,0.18928933595835928,25,7,0.0,0.0,0.0,False,21,25,,,,,
502,23,13,0.18928933595835928,25,8,0.0,0.0,0.0,False,21,25,,,,,
502,23,13,0.18928933595835928,25,9,0.0,0.0,0.0,False,20,25,,,,,
502,23,13,0.18928933595835928,25,10,0.0,0.0,0.0,False,19,25,,,,,
502,23,13,0.18928933595835928,25,11,0.0,0.0,0.0,False,18,25,,,,,
502,23,13,0.18928933595835928,25,12,0.0,0.0,0.0,False,17,25,,,,,
502,23,13,0.18928933595835928,25,13,0.0,0.0,0.0,False,17,25,,,,,
502,23,13,0.18928933595835928,25,14,0.0,0.0,0.0,False,14,25,,,,,
502,23,13,0.18928933595835928,25,15,0.0,0.0,0.0,False,14,25,,,,,
502,23,13,0.18928933595835928,25,16,0.0,0.0,0.0,False,13,25,,,,,
502,23,13,0.18928933595835928,25,17,0.0,0.0,0.0,False,13,25,,,,,
502,23,15,0.16749572027470838,25,0,0.0,0.0,0.0,False,39,25,,,,,
502,23,15,0.16749572027470838,25,1,0.0,0.0,0.0,False,38,25,,,,,
502,23,15,0.16749572027470838,25,2,0.0,0.0,0.0,False,33,25,,,,,
502,23,15,0.16749572027470838,25,3,1.0,0.9259259259259259,0.9615384615384616,True,27,25,0.7420623571241378,0.8737480197727321,0.13278960065058512,"[-0.018875728516444035, 0.03390515850761311]",0.038805320517332
502,23,15,0.16749572027470838,25,4,0.0,0.0,0.0,False,23,25,,,,,
502,23,15,0.16749572027470838,25,5,0.0,0.0,0.0,False,22,25,,,,,
502,23,15,0.16749572027470838,25,6,0.0,0.0,0.0,False,22,25,,,,,
502,23,15,0.16749572027470838,25,7,0.0,0.0,0.0,False,21,25,,,,,
502,23,15,0.16749572027470838,25,8,0.0,0.0,0.0,False,21,25,,,,,
502,23,15,0.16749572027470838,25,9,0.0,0.0,0.0,False,20,25,,,,,
502,23,15,0.16749572027470838,25,10,0.0,0.0,0.0,False,19,25,,,,,
502,23,15,0.16749572027470838,25,11,0.0,0.0,0.0,False,18,25,,,,,
502,23,15,0.16749572027470838,25,12,0.0,0.0,0.0,False,17,25,,,,,
502,23,15,0.16749572027470838,25,13,0.0,0.0,0.0,False,17,25,,,,,
502,23,15,0.16749572027470838,25,14,0.0,0.0,0.0,False,14,25,,,,,
502,23,15,0.16749572027470838,25,15,0.0,0.0,0.0,False,14,25,,,,,
502,23,15,0.16749572027470838,25,16,0.0,0.0,0.0,False,13,25,,,,,
502,23,15,0.16749572027470838,25,17,0.0,0.0,0.0,False,13,25,,,,,
502,23,20,0.12810141519911766,31,0,0.0,0.0,0.0,False,39,31,,,,,
502,23,20,0.12810141519911766,31,1,0.0,0.0,0.0,False,38,31,,,,,
502,23,20,0.12810141519911766,31,2,1.0,0.9393939393939394,0.96875,True,33,31,0.814254146866617,0.9069516587466467,0.09562434309735379,"[-0.09626835798785072, 0.0055831254831346655]",0.09643011998248996
502,23,20,0.12810141519911766,31,3,0.0,0.0,0.0,False,27,31,,,,,
502,23,20,0.12810141519911766,31,4,0.0,0.0,0.0,False,23,31,,,,,
502,23,20,0.12810141519911766,31,5,0.0,0.0,0.0,False,22,31,,,,,
502,23,20,0.12810141519911766,31,6,0.0,0.0,0.0,False,22,31,,,,,
502,23,20,0.12810141519911766,31,7,0.0,0.0,0.0,False,21,31,,,,,
502,23,20,0.12810141519911766,31,8,0.0,0.0,0.0,False,21,31,,,,,
502,23,20,0.12810141519911766,31,9,0.0,0.0,0.0,False,20,31,,,,,
502,23,20,0.12810141519911766,31,10,0.0,0.0,0.0,False,19,31,,,,,
502,23,20,0.12810141519911766,31,11,0.0,0.0,0.0,False,18,31,,,,,
502,23,20,0.12810141519911766,31,12,0.0,0.0,0.0,False,17,31,,,,,
502,23,20,0.12810141519911766,31,13,0.0,0.0,0.0,False,17,31,,,,,
502,23,20,0.12810141519911766,31,14,0.0,0.0,0.0,False,14,31,,,,,
502,23,20,0.12810141519911766,31,15,0.0,0.0,0.0,False,14,31,,,,,
502,23,20,0.12810141519911766,31,16,0.0,0.0,0.0,False,13,31,,,,,
502,23,20,0.12810141519911766,31,17,0.0,0.0,0.0,False,13,31,,,,,
502,23,16,0.1150367792402613,39,0,1.0,1.0,1.0,True,39,39,0.8074934844692887,0.9229973937877155,0.09910481864898436,"[-0.02871794871794897, -0.03589743589743577]",0.04597114837131282
502,23,16,0.1150367792402613,39,1,0.0,0.0,0.0,False,38,39,,,,,
502,23,16,0.1150367792402613,39,2,0.0,0.0,0.0,False,33,39,,,,,
502,23,16,0.1150367792402613,39,3,0.0,0.0,0.0,False,27,39,,,,,
502,23,16,0.1150367792402613,39,4,0.0,0.0,0.0,False,23,39,,,,,
502,23,16,0.1150367792402613,39,5,0.0,0.0,0.0,False,22,39,,,,,
502,23,16,0.1150367792402613,39,6,0.0,0.0,0.0,False,22,39,,,,,
502,23,16,0.1150367792402613,39,7,0.0,0.0,0.0,False,21,39,,,,,
502,23,16,0.1150367792402613,39,8,0.0,0.0,0.0,False,21,39,,,,,
502,23,16,0.1150367792402613,39,9,0.0,0.0,0.0,False,20,39,,,,,
502,23,16,0.1150367792402613,39,10,0.0,0.0,0.0,False,19,39,,,,,
502,23,16,0.1150367792402613,39,11,0.0,0.0,0.0,False,18,39,,,,,
502,23,16,0.1150367792402613,39,12,0.0,0.0,0.0,False,17,39,,,,,
502,23,16,0.1150367792402613,39,13,0.0,0.0,0.0,False,17,39,,,,,
502,23,16,0.1150367792402613,39,14,0.0,0.0,0.0,False,14,39,,,,,
502,23,16,0.1150367792402613,39,15,0.0,0.0,0.0,False,14,39,,,,,
502,23,16,0.1150367792402613,39,16,0.0,0.0,0.0,False,13,39,,,,,
502,23,16,0.1150367792402613,39,17,0.0,0.0,0.0,False,13,39,,,,,
502,23,21,0.08533941291454246,14,0,0.0,0.0,0.0,False,39,14,,,,,
502,23,21,0.08533941291454246,14,1,0.0,0.0,0.0,False,38,14,,,,,
502,23,21,0.08533941291454246,14,2,0.0,0.0,0.0,False,33,14,,,,,
502,23,21,0.08533941291454246,14,3,0.07142857142857142,0.037037037037037035,0.04878048780487805,False,27,14,,,,,
502,23,21,0.08533941291454246,14,4,0.0,0.0,0.0,False,23,14,,,,,
502,23,21,0.08533941291454246,14,5,0.0,0.0,0.0,False,22,14,,,,,
502,23,21,0.08533941291454246,14,6,0.0,0.0,0.0,False,22,14,,,,,
502,23,21,0.08533941291454246,14,7,0.0,0.0,0.0,False,21,14,,,,,
502,23,21,0.08533941291454246,14,8,0.0,0.0,0.0,False,21,14,,,,,
502,23,21,0.08533941291454246,14,9,0.0,0.0,0.0,False,20,14,,,,,
502,23,21,0.08533941291454246,14,10,0.0,0.0,0.0,False,19,14,,,,,
502,23,21,0.08533941291454246,14,11,0.0,0.0,0.0,False,18,14,,,,,
502,23,21,0.08533941291454246,14,12,0.0,0.0,0.0,False,17,14,,,,,
502,23,21,0.08533941291454246,14,13,0.0,0.0,0.0,False,17,14,,,,,
502,23,21,0.08533941291454246,14,14,0.0,0.0,0.0,False,14,14,,,,,
502,23,21,0.08533941291454246,14,15,0.0,0.0,0.0,False,14,14,,,,,
502,23,21,0.08533941291454246,14,16,0.9285714285714286,1.0,0.9629629629629629,True,13,14,0.8241056161034925,0.9074200242191748,0.0905526806164502,"[0.10410887043778771, -0.16542359277531915]",0.19545746839281095
502,23,21,0.08533941291454246,14,17,0.0,0.0,0.0,False,13,14,,,,,
502,24,11,0.3147373364130109,27,0,0.0,0.0,0.0,False,39,27,,,,,
502,24,11,0.3147373364130109,27,1,0.0,0.0,0.0,False,38,27,,,,,
502,24,11,0.3147373364130109,27,2,0.0,0.0,0.0,False,28,27,,,,,
502,24,11,0.3147373364130109,27,3,0.0,0.0,0.0,False,27,27,,,,,
502,24,11,0.3147373364130109,27,4,0.9629629629629629,0.9629629629629629,0.9629629629629629,True,27,27,0.7383644355349384,0.8731235519917531,0.134693338025216,"[-0.05250620016577656, -0.1919744521236857]",0.1990253534704508
502,24,11,0.3147373364130109,27,5,0.0,0.0,0.0,False,22,27,,,,,
502,24,11,0.3147373364130109,27,6,0.037037037037037035,0.045454545454545456,0.04081632653061224,False,22,27,,,,,
502,24,11,0.3147373364130109,27,7,0.0,0.0,0.0,False,21,27,,,,,
502,24,11,0.3147373364130109,27,8,0.0,0.0,0.0,False,21,27,,,,,
502,24,11,0.3147373364130109,27,9,0.0,0.0,0.0,False,20,27,,,,,
502,24,11,0.3147373364130109,27,10,0.0,0.0,0.0,False,19,27,,,,,
502,24,11,0.3147373364130109,27,11,0.0,0.0,0.0,False,17,27,,,,,
502,24,11,0.3147373364130109,27,12,0.0,0.0,0.0,False,17,27,,,,,
502,24,11,0.3147373364130109,27,13,0.0,0.0,0.0,False,15,27,,,,,
502,24,11,0.3147373364130109,27,14,0.0,0.0,0.0,False,14,27,,,,,
502,24,11,0.3147373364130109,27,15,0.0,0.0,0.0,False,14,27,,,,,
502,24,11,0.3147373364130109,27,16,0.0,0.0,0.0,False,14,27,,,,,
502,24,11,0.3147373364130109,27,17,0.0,0.0,0.0,False,13,27,,,,,
502,24,11,0.3147373364130109,27,18,0.0,0.0,0.0,False,12,27,,,,,
502,24,13,0.18928933595835928,27,0,0.0,0.0,0.0,False,39,27,,,,,
502,24,13,0.18928933595835928,27,1,0.0,0.0,0.0,False,38,27,,,,,
502,24,13,0.18928933595835928,27,2,0.0,0.0,0.0,False,28,27,,,,,
502,24,13,0.18928933595835928,27,3,0.0,0.0,0.0,False,27,27,,,,,
502,24,13,0.18928933595835928,27,4,0.9629629629629629,0.9629629629629629,0.9629629629629629,True,27,27,0.7383644355349384,0.8731235519917531,0.134693338025216,"[-0.05250620016577656, -0.1919744521236857]",0.1990253534704508
502,24,13,0.18928933595835928,27,5,0.0,0.0,0.0,False,22,27,,,,,
502,24,13,0.18928933595835928,27,6,0.037037037037037035,0.045454545454545456,0.04081632653061224,False,22,27,,,,,
502,24,13,0.18928933595835928,27,7,0.0,0.0,0.0,False,21,27,,,,,
502,24,13,0.18928933595835928,27,8,0.0,0.0,0.0,False,21,27,,,,,
502,24,13,0.18928933595835928,27,9,0.0,0.0,0.0,False,20,27,,,,,
502,24,13,0.18928933595835928,27,10,0.0,0.0,0.0,False,19,27,,,,,
502,24,13,0.18928933595835928,27,11,0.0,0.0,0.0,False,17,27,,,,,
502,24,13,0.18928933595835928,27,12,0.0,0.0,0.0,False,17,27,,,,,
502,24,13,0.18928933595835928,27,13,0.0,0.0,0.0,False,15,27,,,,,
502,24,13,0.18928933595835928,27,14,0.0,0.0,0.0,False,14,27,,,,,
502,24,13,0.18928933595835928,27,15,0.0,0.0,0.0,False,14,27,,,,,
502,24,13,0.18928933595835928,27,16,0.0,0.0,0.0,False,14,27,,,,,
502,24,13,0.18928933595835928,27,17,0.0,0.0,0.0,False,13,27,,,,,
502,24,13,0.18928933595835928,27,18,0.0,0.0,0.0,False,12,27,,,,,
502,24,15,0.16749572027470838,27,0,0.0,0.0,0.0,False,39,27,,,,,
502,24,15,0.16749572027470838,27,1,0.0,0.0,0.0,False,38,27,,,,,
502,24,15,0.16749572027470838,27,2,0.0,0.0,0.0,False,28,27,,,,,
502,24,15,0.16749572027470838,27,3,0.0,0.0,0.0,False,27,27,,,,,
502,24,15,0.16749572027470838,27,4,0.9629629629629629,0.9629629629629629,0.9629629629629629,True,27,27,0.7383644355349384,0.8731235519917531,0.134693338025216,"[-0.05250620016577656, -0.1919744521236857]",0.1990253534704508
502,24,15,0.16749572027470838,27,5,0.0,0.0,0.0,False,22,27,,,,,
502,24,15,0.16749572027470838,27,6,0.037037037037037035,0.045454545454545456,0.04081632653061224,False,22,27,,,,,
502,24,15,0.16749572027470838,27,7,0.0,0.0,0.0,False,21,27,,,,,
502,24,15,0.16749572027470838,27,8,0.0,0.0,0.0,False,21,27,,,,,
502,24,15,0.16749572027470838,27,9,0.0,0.0,0.0,False,20,27,,,,,
502,24,15,0.16749572027470838,27,10,0.0,0.0,0.0,False,19,27,,,,,
502,24,15,0.16749572027470838,27,11,0.0,0.0,0.0,False,17,27,,,,,
502,24,15,0.16749572027470838,27,12,0.0,0.0,0.0,False,17,27,,,,,
502,24,15,0.16749572027470838,27,13,0.0,0.0,0.0,False,15,27,,,,,
502,24,15,0.16749572027470838,27,14,0.0,0.0,0.0,False,14,27,,,,,
502,24,15,0.16749572027470838,27,15,0.0,0.0,0.0,False,14,27,,,,,
502,24,15,0.16749572027470838,27,16,0.0,0.0,0.0,False,14,27,,,,,
502,24,15,0.16749572027470838,27,17,0.0,0.0,0.0,False,13,27,,,,,
502,24,15,0.16749572027470838,27,18,0.0,0.0,0.0,False,12,27,,,,,
502,24,20,0.12810141519911766,33,0,0.0,0.0,0.0,False,39,33,,,,,
502,24,20,0.12810141519911766,33,1,0.0,0.0,0.0,False,38,33,,,,,
502,24,20,0.12810141519911766,33,2,0.0,0.0,0.0,False,28,33,,,,,
502,24,20,0.12810141519911766,33,3,0.0,0.0,0.0,False,27,33,,,,,
502,24,20,0.12810141519911766,33,4,0.0,0.0,0.0,False,27,33,,,,,
502,24,20,0.12810141519911766,33,5,0.0,0.0,0.0,False,22,33,,,,,
502,24,20,0.12810141519911766,33,6,0.0,0.0,0.0,False,22,33,,,,,
502,24,20,0.12810141519911766,33,7,0.0,0.0,0.0,False,21,33,,,,,
502,24,20,0.12810141519911766,33,8,0.12121212121212122,0.19047619047619047,0.14814814814814814,False,21,33,,,,,
502,24,20,0.12810141519911766,33,9,0.0,0.0,0.0,False,20,33,,,,,
502,24,20,0.12810141519911766,33,10,0.0,0.0,0.0,False,19,33,,,,,
502,24,20,0.12810141519911766,33,11,0.0,0.0,0.0,False,17,33,,,,,
502,24,20,0.12810141519911766,33,12,0.0,0.0,0.0,False,17,33,,,,,
502,24,20,0.12810141519911766,33,13,0.45454545454545453,1.0,0.625,True,15,33,0.3448086337508265,0.5129234535003306,0.33730090305512644,"[1.1926364842058965, 0.14167746999615005]",1.201022185042188
502,24,20,0.12810141519911766,33,14,0.42424242424242425,1.0,0.5957446808510638,True,14,33,0.4460158769571848,0.5358531592935122,0.2851981186050611,"[23.701717709902002, 0.36105894532541427]",23.7044676371751
502,24,20,0.12810141519911766,33,15,0.0,0.0,0.0,False,14,33,,,,,
502,24,20,0.12810141519911766,33,16,0.0,0.0,0.0,False,14,33,,,,,
502,24,20,0.12810141519911766,33,17,0.0,0.0,0.0,False,13,33,,,,,
502,24,20,0.12810141519911766,33,18,0.0,0.0,0.0,False,12,33,,,,,
502,24,16,0.1150367792402613,39,0,1.0,1.0,1.0,True,39,39,0.8098096266817482,0.9239238506726992,0.09791243898693375,"[-0.03589743589743577, -0.05743589743589794]",0.0677311465891247
502,24,16,0.1150367792402613,39,1,0.0,0.0,0.0,False,38,39,,,,,
502,24,16,0.1150367792402613,39,2,0.0,0.0,0.0,False,28,39,,,,,
502,24,16,0.1150367792402613,39,3,0.0,0.0,0.0,False,27,39,,,,,
502,24,16,0.1150367792402613,39,4,0.0,0.0,0.0,False,27,39,,,,,
502,24,16,0.1150367792402613,39,5,0.0,0.0,0.0,False,22,39,,,,,
502,24,16,0.1150367792402613,39,6,0.0,0.0,0.0,False,22,39,,,,,
502,24,16,0.1150367792402613,39,7,0.0,0.0,0.0,False,21,39,,,,,
502,24,16,0.1150367792402613,39,8,0.0,0.0,0.0,False,21,39,,,,,
502,24,16,0.1150367792402613,39,9,0.0,0.0,0.0,False,20,39,,,,,
502,24,16,0.1150367792402613,39,10,0.0,0.0,0.0,False,19,39,,,,,
502,24,16,0.1150367792402613,39,11,0.0,0.0,0.0,False,17,39,,,,,
502,24,16,0.1150367792402613,39,12,0.0,0.0,0.0,False,17,39,,,,,
502,24,16,0.1150367792402613,39,13,0.0,0.0,0.0,False,15,39,,,,,
502,24,16,0.1150367792402613,39,14,0.0,0.0,0.0,False,14,39,,,,,
502,24,16,0.1150367792402613,39,15,0.0,0.0,0.0,False,14,39,,,,,
502,24,16,0.1150367792402613,39,16,0.0,0.0,0.0,False,14,39,,,,,
502,24,16,0.1150367792402613,39,17,0.0,0.0,0.0,False,13,39,,,,,
502,24,16,0.1150367792402613,39,18,0.0,0.0,0.0,False,12,39,,,,,
502,24,21,0.08533941291454246,13,0,0.0,0.0,0.0,False,39,13,,,,,
502,24,21,0.08533941291454246,13,1,0.0,0.0,0.0,False,38,13,,,,,
502,24,21,0.08533941291454246,13,2,0.0,0.0,0.0,False,28,13,,,,,
502,24,21,0.08533941291454246,13,3,0.0,0.0,0.0,False,27,13,,,,,
502,24,21,0.08533941291454246,13,4,0.07692307692307693,0.037037037037037035,0.05,False,27,13,,,,,
502,24,21,0.08533941291454246,13,5,0.0,0.0,0.0,False,22,13,,,,,
502,24,21,0.08533941291454246,13,6,0.0,0.0,0.0,False,22,13,,,,,
502,24,21,0.08533941291454246,13,7,0.0,0.0,0.0,False,21,13,,,,,
502,24,21,0.08533941291454246,13,8,0.0,0.0,0.0,False,21,13,,,,,
502,24,21,0.08533941291454246,13,9,0.0,0.0,0.0,False,20,13,,,,,
502,24,21,0.08533941291454246,13,10,0.0,0.0,0.0,False,19,13,,,,,
502,24,21,0.08533941291454246,13,11,0.0,0.0,0.0,False,17,13,,,,,
502,24,21,0.08533941291454246,13,12,0.0,0.0,0.0,False,17,13,,,,,
502,24,21,0.08533941291454246,13,13,0.0,0.0,0.0,False,15,13,,,,,
502,24,21,0.08533941291454246,13,14,0.0,0.0,0.0,False,14,13,,,,,
502,24,21,0.08533941291454246,13,15,0.0,0.0,0.0,False,14,13,,,,,
502,24,21,0.08533941291454246,13,16,0.0,0.0,0.0,False,14,13,,,,,
502,24,21,0.08533941291454246,13,17,0.0,0.0,0.0,False,13,13,,,,,
502,24,21,0.08533941291454246,13,18,0.9230769230769231,1.0,0.96,True,12,13,0.7268439839410377,0.866737593576415,0.1406242139897014,"[0.04315521999698202, -0.20304523015583698]",0.2075806795008262
502,25,11,0.33522474317136175,27,0,0.0,0.0,0.0,False,41,27,,,,,
502,25,11,0.33522474317136175,27,1,0.0,0.0,0.0,False,37,27,,,,,
502,25,11,0.33522474317136175,27,2,0.0,0.0,0.0,False,29,27,,,,,
502,25,11,0.33522474317136175,27,3,1.0,0.9310344827586207,0.9642857142857143,True,29,27,0.7166866141792327,0.8652460742431216,0.14585335797695392,"[0.032962977264047844, 0.02937280746983517]",0.044151100651853965
502,25,11,0.33522474317136175,27,4,0.0,0.0,0.0,False,27,27,,,,,
502,25,11,0.33522474317136175,27,5,0.0,0.0,0.0,False,27,27,,,,,
502,25,11,0.33522474317136175,27,6,0.0,0.0,0.0,False,24,27,,,,,
502,25,11,0.33522474317136175,27,7,0.0,0.0,0.0,False,21,27,,,,,
502,25,11,0.33522474317136175,27,8,0.0,0.0,0.0,False,21,27,,,,,
502,25,11,0.33522474317136175,27,9,0.0,0.0,0.0,False,19,27,,,,,
502,25,11,0.33522474317136175,27,10,0.0,0.0,0.0,False,19,27,,,,,
502,25,11,0.33522474317136175,27,11,0.0,0.0,0.0,False,18,27,,,,,
502,25,11,0.33522474317136175,27,12,0.0,0.0,0.0,False,18,27,,,,,
502,25,11,0.33522474317136175,27,13,0.0,0.0,0.0,False,17,27,,,,,
502,25,11,0.33522474317136175,27,14,0.0,0.0,0.0,False,17,27,,,,,
502,25,11,0.33522474317136175,27,15,0.0,0.0,0.0,False,15,27,,,,,
502,25,11,0.33522474317136175,27,16,0.0,0.0,0.0,False,12,27,,,,,
502,25,13,0.20161087259266602,27,0,0.0,0.0,0.0,False,41,27,,,,,
502,25,13,0.20161087259266602,27,1,0.0,0.0,0.0,False,37,27,,,,,
502,25,13,0.20161087259266602,27,2,0.0,0.0,0.0,False,29,27,,,,,
502,25,13,0.20161087259266602,27,3,1.0,0.9310344827586207,0.9642857142857143,True,29,27,0.7166866141792327,0.8652460742431216,0.14585335797695392,"[0.032962977264047844, 0.02937280746983517]",0.044151100651853965
502,25,13,0.20161087259266602,27,4,0.0,0.0,0.0,False,27,27,,,,,
502,25,13,0.20161087259266602,27,5,0.0,0.0,0.0,False,27,27,,,,,
502,25,13,0.20161087259266602,27,6,0.0,0.0,0.0,False,24,27,,,,,
502,25,13,0.20161087259266602,27,7,0.0,0.0,0.0,False,21,27,,,,,
502,25,13,0.20161087259266602,27,8,0.0,0.0,0.0,False,21,27,,,,,
502,25,13,0.20161087259266602,27,9,0.0,0.0,0.0,False,19,27,,,,,
502,25,13,0.20161087259266602,27,10,0.0,0.0,0.0,False,19,27,,,,,
502,25,13,0.20161087259266602,27,11,0.0,0.0,0.0,False,18,27,,,,,
502,25,13,0.20161087259266602,27,12,0.0,0.0,0.0,False,18,27,,,,,
502,25,13,0.20161087259266602,27,13,0.0,0.0,0.0,False,17,27,,,,,
502,25,13,0.20161087259266602,27,14,0.0,0.0,0.0,False,17,27,,,,,
502,25,13,0.20161087259266602,27,15,0.0,0.0,0.0,False,15,27,,,,,
502,25,13,0.20161087259266602,27,16,0.0,0.0,0.0,False,12,27,,,,,
502,25,15,0.17839863058925678,27,0,0.0,0.0,0.0,False,41,27,,,,,
502,25,15,0.17839863058925678,27,1,0.0,0.0,0.0,False,37,27,,,,,
502,25,15,0.17839863058925678,27,2,0.0,0.0,0.0,False,29,27,,,,,
502,25,15,0.17839863058925678,27,3,1.0,0.9310344827586207,0.9642857142857143,True,29,27,0.7166866141792327,0.8652460742431216,0.14585335797695392,"[0.032962977264047844, 0.02937280746983517]",0.044151100651853965
502,25,15,0.17839863058925678,27,4,0.0,0.0,0.0,False,27,27,,,,,
502,25,15,0.17839863058925678,27,5,0.0,0.0,0.0,False,27,27,,,,,
502,25,15,0.17839863058925678,27,6,0.0,0.0,0.0,False,24,27,,,,,
502,25,15,0.17839863058925678,27,7,0.0,0.0,0.0,False,21,27,,,,,
502,25,15,0.17839863058925678,27,8,0.0,0.0,0.0,False,21,27,,,,,
502,25,15,0.17839863058925678,27,9,0.0,0.0,0.0,False,19,27,,,,,
502,25,15,0.17839863058925678,27,10,0.0,0.0,0.0,False,19,27,,,,,
502,25,15,0.17839863058925678,27,11,0.0,0.0,0.0,False,18,27,,,,,
502,25,15,0.17839863058925678,27,12,0.0,0.0,0.0,False,18,27,,,,,
502,25,15,0.17839863058925678,27,13,0.0,0.0,0.0,False,17,27,,,,,
502,25,15,0.17839863058925678,27,14,0.0,0.0,0.0,False,17,27,,,,,
502,25,15,0.17839863058925678,27,15,0.0,0.0,0.0,False,15,27,,,,,
502,25,15,0.17839863058925678,27,16,0.0,0.0,0.0,False,12,27,,,,,
502,25,16,0.12252494481771016,39,0,1.0,0.9512195121951219,0.975,True,41,39,0.7911659289924263,0.9014663715969705,0.10751045323259684,"[0.13060657127586062, -0.13451194018422186]",0.18748743561252348
502,25,16,0.12252494481771016,39,1,0.0,0.0,0.0,False,37,39,,,,,
502,25,16,0.12252494481771016,39,2,0.0,0.0,0.0,False,29,39,,,,,
502,25,16,0.12252494481771016,39,3,0.0,0.0,0.0,False,29,39,,,,,
502,25,16,0.12252494481771016,39,4,0.0,0.0,0.0,False,27,39,,,,,
502,25,16,0.12252494481771016,39,5,0.0,0.0,0.0,False,27,39,,,,,
502,25,16,0.12252494481771016,39,6,0.0,0.0,0.0,False,24,39,,,,,
502,25,16,0.12252494481771016,39,7,0.0,0.0,0.0,False,21,39,,,,,
502,25,16,0.12252494481771016,39,8,0.0,0.0,0.0,False,21,39,,,,,
502,25,16,0.12252494481771016,39,9,0.0,0.0,0.0,False,19,39,,,,,
502,25,16,0.12252494481771016,39,10,0.0,0.0,0.0,False,19,39,,,,,
502,25,16,0.12252494481771016,39,11,0.0,0.0,0.0,False,18,39,,,,,
502,25,16,0.12252494481771016,39,12,0.0,0.0,0.0,False,18,39,,,,,
502,25,16,0.12252494481771016,39,13,0.0,0.0,0.0,False,17,39,,,,,
502,25,16,0.12252494481771016,39,14,0.0,0.0,0.0,False,17,39,,,,,
502,25,16,0.12252494481771016,39,15,0.0,0.0,0.0,False,15,39,,,,,
502,25,16,0.12252494481771016,39,16,0.0,0.0,0.0,False,12,39,,,,,
502,25,21,0.0908944680752203,12,0,0.0,0.0,0.0,False,41,12,,,,,
502,25,21,0.0908944680752203,12,1,0.0,0.0,0.0,False,37,12,,,,,
502,25,21,0.0908944680752203,12,2,0.0,0.0,0.0,False,29,12,,,,,
502,25,21,0.0908944680752203,12,3,0.08333333333333333,0.034482758620689655,0.04878048780487805,False,29,12,,,,,
502,25,21,0.0908944680752203,12,4,0.0,0.0,0.0,False,27,12,,,,,
502,25,21,0.0908944680752203,12,5,0.0,0.0,0.0,False,27,12,,,,,
502,25,21,0.0908944680752203,12,6,0.0,0.0,0.0,False,24,12,,,,,
502,25,21,0.0908944680752203,12,7,0.0,0.0,0.0,False,21,12,,,,,
502,25,21,0.0908944680752203,12,8,0.0,0.0,0.0,False,21,12,,,,,
502,25,21,0.0908944680752203,12,9,0.0,0.0,0.0,False,19,12,,,,,
502,25,21,0.0908944680752203,12,10,0.0,0.0,0.0,False,19,12,,,,,
502,25,21,0.0908944680752203,12,11,0.0,0.0,0.0,False,18,12,,,,,
502,25,21,0.0908944680752203,12,12,0.0,0.0,0.0,False,18,12,,,,,
502,25,21,0.0908944680752203,12,13,0.0,0.0,0.0,False,17,12,,,,,
502,25,21,0.0908944680752203,12,14,0.0,0.0,0.0,False,17,12,,,,,
502,25,21,0.0908944680752203,12,15,0.0,0.0,0.0,False,15,12,,,,,
502,25,21,0.0908944680752203,12,16,0.9166666666666666,0.9166666666666666,0.9166666666666666,True,12,12,0.7565979848634818,0.8526391939453927,0.12530647340636974,"[-0.15972509182103956, 0.09833103769220841]",0.1875662494450055
502,25,23,0.07134634075378493,14,0,0.0,0.0,0.0,False,41,14,,,,,
502,25,23,0.07134634075378493,14,1,0.0,0.0,0.0,False,37,14,,,,,
502,25,23,0.07134634075378493,14,2,1.0,0.4827586206896552,0.6511627906976745,True,29,14,0.507620564064992,0.5937459000446015,0.2534832370234419,"[-24.01693264028599, -0.3312947913477551]",24.019217507795894
502,25,23,0.07134634075378493,14,3,0.0,0.0,0.0,False,29,14,,,,,
502,25,23,0.07134634075378493,14,4,0.0,0.0,0.0,False,27,14,,,,,
502,25,23,0.07134634075378493,14,5,0.0,0.0,0.0,False,27,14,,,,,
502,25,23,0.07134634075378493,14,6,0.0,0.0,0.0,False,24,14,,,,,
502,25,23,0.07134634075378493,14,7,0.0,0.0,0.0,False,21,14,,,,,
502,25,23,0.07134634075378493,14,8,0.0,0.0,0.0,False,21,14,,,,,
502,25,23,0.07134634075378493,14,9,0.0,0.0,0.0,False,19,14,,,,,
502,25,23,0.07134634075378493,14,10,0.0,0.0,0.0,False,19,14,,,,,
502,25,23,0.07134634075378493,14,11,0.0,0.0,0.0,False,18,14,,,,,
502,25,23,0.07134634075378493,14,12,0.0,0.0,0.0,False,18,14,,,,,
502,25,23,0.07134634075378493,14,13,0.0,0.0,0.0,False,17,14,,,,,
502,25,23,0.07134634075378493,14,14,0.0,0.0,0.0,False,17,14,,,,,
502,25,23,0.07134634075378493,14,15,0.0,0.0,0.0,False,15,14,,,,,
502,25,23,0.07134634075378493,14,16,0.0,0.0,0.0,False,12,14,,,,,
502,26,11,0.33522474317136175,29,0,0.0,0.0,0.0,False,41,29,,,,,
502,26,11,0.33522474317136175,29,1,0.0,0.0,0.0,False,36,29,,,,,
502,26,11,0.33522474317136175,29,2,0.0,0.0,0.0,False,27,29,,,,,
502,26,11,0.33522474317136175,29,3,0.5172413793103449,0.5769230769230769,0.5454545454545454,True,26,29,0.3519354206503589,0.46804689553287077,0.33363194192266316,"[-0.34419402701037694, 23.719024048437173]",23.721521269483762
502,26,11,0.33522474317136175,29,4,0.0,0.0,0.0,False,25,29,,,,,
502,26,11,0.33522474317136175,29,5,0.0,0.0,0.0,False,24,29,,,,,
502,26,11,0.33522474317136175,29,6,0.0,0.0,0.0,False,21,29,,,,,
502,26,11,0.33522474317136175,29,7,0.0,0.0,0.0,False,21,29,,,,,
502,26,11,0.33522474317136175,29,8,0.034482758620689655,0.047619047619047616,0.04,False,21,29,,,,,
502,26,11,0.33522474317136175,29,9,0.0,0.0,0.0,False,20,29,,,,,
502,26,11,0.33522474317136175,29,10,0.0,0.0,0.0,False,19,29,,,,,
502,26,11,0.33522474317136175,29,11,0.0,0.0,0.0,False,18,29,,,,,
502,26,11,0.33522474317136175,29,12,0.0,0.0,0.0,False,17,29,,,,,
502,26,11,0.33522474317136175,29,13,0.0,0.0,0.0,False,17,29,,,,,
502,26,11,0.33522474317136175,29,14,0.0,0.0,0.0,False,15,29,,,,,
502,26,11,0.33522474317136175,29,15,0.0,0.0,0.0,False,15,29,,,,,
502,26,11,0.33522474317136175,29,16,0.0,0.0,0.0,False,14,29,,,,,
502,26,11,0.33522474317136175,29,17,0.4482758620689655,1.0,0.6190476190476191,True,13,29,0.41653107654247556,0.5380410020455617,0.30037727132072645,"[-0.3395090089877266, 23.7906200062063]",23.79304239997246
502,26,13,0.20161087259266602,29,0,0.0,0.0,0.0,False,41,29,,,,,
502,26,13,0.20161087259266602,29,1,0.0,0.0,0.0,False,36,29,,,,,
502,26,13,0.20161087259266602,29,2,0.0,0.0,0.0,False,27,29,,,,,
502,26,13,0.20161087259266602,29,3,0.5172413793103449,0.5769230769230769,0.5454545454545454,True,26,29,0.3519354206503589,0.46804689553287077,0.33363194192266316,"[-0.34419402701037694, 23.719024048437173]",23.721521269483762
502,26,13,0.20161087259266602,29,4,0.0,0.0,0.0,False,25,29,,,,,
502,26,13,0.20161087259266602,29,5,0.0,0.0,0.0,False,24,29,,,,,
502,26,13,0.20161087259266602,29,6,0.0,0.0,0.0,False,21,29,,,,,
502,26,13,0.20161087259266602,29,7,0.0,0.0,0.0,False,21,29,,,,,
502,26,13,0.20161087259266602,29,8,0.034482758620689655,0.047619047619047616,0.04,False,21,29,,,,,
502,26,13,0.20161087259266602,29,9,0.0,0.0,0.0,False,20,29,,,,,
502,26,13,0.20161087259266602,29,10,0.0,0.0,0.0,False,19,29,,,,,
502,26,13,0.20161087259266602,29,11,0.0,0.0,0.0,False,18,29,,,,,
502,26,13,0.20161087259266602,29,12,0.0,0.0,0.0,False,17,29,,,,,
502,26,13,0.20161087259266602,29,13,0.0,0.0,0.0,False,17,29,,,,,
502,26,13,0.20161087259266602,29,14,0.0,0.0,0.0,False,15,29,,,,,
502,26,13,0.20161087259266602,29,15,0.0,0.0,0.0,False,15,29,,,,,
502,26,13,0.20161087259266602,29,16,0.0,0.0,0.0,False,14,29,,,,,
502,26,13,0.20161087259266602,29,17,0.4482758620689655,1.0,0.6190476190476191,True,13,29,0.41653107654247556,0.5380410020455617,0.30037727132072645,"[-0.3395090089877266, 23.7906200062063]",23.79304239997246
502,26,15,0.17839863058925678,29,0,0.0,0.0,0.0,False,41,29,,,,,
502,26,15,0.17839863058925678,29,1,0.0,0.0,0.0,False,36,29,,,,,
502,26,15,0.17839863058925678,29,2,0.0,0.0,0.0,False,27,29,,,,,
502,26,15,0.17839863058925678,29,3,0.5172413793103449,0.5769230769230769,0.5454545454545454,True,26,29,0.3519354206503589,0.46804689553287077,0.33363194192266316,"[-0.34419402701037694, 23.719024048437173]",23.721521269483762
502,26,15,0.17839863058925678,29,4,0.0,0.0,0.0,False,25,29,,,,,
502,26,15,0.17839863058925678,29,5,0.0,0.0,0.0,False,24,29,,,,,
502,26,15,0.17839863058925678,29,6,0.0,0.0,0.0,False,21,29,,,,,
502,26,15,0.17839863058925678,29,7,0.0,0.0,0.0,False,21,29,,,,,
502,26,15,0.17839863058925678,29,8,0.034482758620689655,0.047619047619047616,0.04,False,21,29,,,,,
502,26,15,0.17839863058925678,29,9,0.0,0.0,0.0,False,20,29,,,,,
502,26,15,0.17839863058925678,29,10,0.0,0.0,0.0,False,19,29,,,,,
502,26,15,0.17839863058925678,29,11,0.0,0.0,0.0,False,18,29,,,,,
502,26,15,0.17839863058925678,29,12,0.0,0.0,0.0,False,17,29,,,,,
502,26,15,0.17839863058925678,29,13,0.0,0.0,0.0,False,17,29,,,,,
502,26,15,0.17839863058925678,29,14,0.0,0.0,0.0,False,15,29,,,,,
502,26,15,0.17839863058925678,29,15,0.0,0.0,0.0,False,15,29,,,,,
502,26,15,0.17839863058925678,29,16,0.0,0.0,0.0,False,14,29,,,,,
502,26,15,0.17839863058925678,29,17,0.4482758620689655,1.0,0.6190476190476191,True,13,29,0.41653107654247556,0.5380410020455617,0.30037727132072645,"[-0.3395090089877266, 23.7906200062063]",23.79304239997246
502,26,16,0.12252494481771016,41,0,1.0,1.0,1.0,True,41,41,0.8292196099137384,0.9316878439654954,0.08791993113397571,"[-0.0409756097560976, -0.061463414634147284]",0.07386983100950692
502,26,16,0.12252494481771016,41,1,0.0,0.0,0.0,False,36,41,,,,,
502,26,16,0.12252494481771016,41,2,0.0,0.0,0.0,False,27,41,,,,,
502,26,16,0.12252494481771016,41,3,0.0,0.0,0.0,False,26,41,,,,,
502,26,16,0.12252494481771016,41,4,0.0,0.0,0.0,False,25,41,,,,,
502,26,16,0.12252494481771016,41,5,0.0,0.0,0.0,False,24,41,,,,,
502,26,16,0.12252494481771016,41,6,0.0,0.0,0.0,False,21,41,,,,,
502,26,16,0.12252494481771016,41,7,0.0,0.0,0.0,False,21,41,,,,,
502,26,16,0.12252494481771016,41,8,0.0,0.0,0.0,False,21,41,,,,,
502,26,16,0.12252494481771016,41,9,0.0,0.0,0.0,False,20,41,,,,,
502,26,16,0.12252494481771016,41,10,0.0,0.0,0.0,False,19,41,,,,,
502,26,16,0.12252494481771016,41,11,0.0,0.0,0.0,False,18,41,,,,,
502,26,16,0.12252494481771016,41,12,0.0,0.0,0.0,False,17,41,,,,,
502,26,16,0.12252494481771016,41,13,0.0,0.0,0.0,False,17,41,,,,,
502,26,16,0.12252494481771016,41,14,0.0,0.0,0.0,False,15,41,,,,,
502,26,16,0.12252494481771016,41,15,0.0,0.0,0.0,False,15,41,,,,,
502,26,16,0.12252494481771016,41,16,0.0,0.0,0.0,False,14,41,,,,,
502,26,16,0.12252494481771016,41,17,0.0,0.0,0.0,False,13,41,,,,,
502,26,21,0.0908944680752203,12,0,0.0,0.0,0.0,False,41,12,,,,,
502,26,21,0.0908944680752203,12,1,0.0,0.0,0.0,False,36,12,,,,,
502,26,21,0.0908944680752203,12,2,0.0,0.0,0.0,False,27,12,,,,,
502,26,21,0.0908944680752203,12,3,0.9166666666666666,0.4230769230769231,0.5789473684210527,True,26,12,0.4240017436769822,0.5169691185234244,0.2965312762409698,"[-0.25008048244092507, 0.20521374893380084]",0.32350105169744175
502,26,21,0.0908944680752203,12,4,0.0,0.0,0.0,False,25,12,,,,,
502,26,21,0.0908944680752203,12,5,0.0,0.0,0.0,False,24,12,,,,,
502,26,21,0.0908944680752203,12,6,0.0,0.0,0.0,False,21,12,,,,,
502,26,21,0.0908944680752203,12,7,0.0,0.0,0.0,False,21,12,,,,,
502,26,21,0.0908944680752203,12,8,0.0,0.0,0.0,False,21,12,,,,,
502,26,21,0.0908944680752203,12,9,0.08333333333333333,0.05,0.0625,False,20,12,,,,,
502,26,21,0.0908944680752203,12,10,0.0,0.0,0.0,False,19,12,,,,,
502,26,21,0.0908944680752203,12,11,0.0,0.0,0.0,False,18,12,,,,,
502,26,21,0.0908944680752203,12,12,0.0,0.0,0.0,False,17,12,,,,,
502,26,21,0.0908944680752203,12,13,0.0,0.0,0.0,False,17,12,,,,,
502,26,21,0.0908944680752203,12,14,0.0,0.0,0.0,False,15,12,,,,,
502,26,21,0.0908944680752203,12,15,0.0,0.0,0.0,False,15,12,,,,,
502,26,21,0.0908944680752203,12,16,0.0,0.0,0.0,False,14,12,,,,,
502,26,21,0.0908944680752203,12,17,0.0,0.0,0.0,False,13,12,,,,,
502,26,23,0.07134634075378493,29,0,0.0,0.0,0.0,False,41,29,,,,,
502,26,23,0.07134634075378493,29,1,0.0,0.0,0.0,False,36,29,,,,,
502,26,23,0.07134634075378493,29,2,0.0,0.0,0.0,False,27,29,,,,,
502,26,23,0.07134634075378493,29,3,0.0,0.0,0.0,False,26,29,,,,,
502,26,23,0.07134634075378493,29,4,0.0,0.0,0.0,False,25,29,,,,,
502,26,23,0.07134634075378493,29,5,0.0,0.0,0.0,False,24,29,,,,,
502,26,23,0.07134634075378493,29,6,0.13793103448275862,0.19047619047619047,0.16,False,21,29,,,,,
502,26,23,0.07134634075378493,29,7,0.0,0.0,0.0,False,21,29,,,,,
502,26,23,0.07134634075378493,29,8,0.0,0.0,0.0,False,21,29,,,,,
502,26,23,0.07134634075378493,29,9,0.0,0.0,0.0,False,20,29,,,,,
502,26,23,0.07134634075378493,29,10,0.0,0.0,0.0,False,19,29,,,,,
502,26,23,0.07134634075378493,29,11,0.0,0.0,0.0,False,18,29,,,,,
502,26,23,0.07134634075378493,29,12,0.0,0.0,0.0,False,17,29,,,,,
502,26,23,0.07134634075378493,29,13,0.0,0.0,0.0,False,17,29,,,,,
502,26,23,0.07134634075378493,29,14,0.0,0.0,0.0,False,15,29,,,,,
502,26,23,0.07134634075378493,29,15,0.3793103448275862,0.7333333333333333,0.5,True,15,29,0.3902588698439543,0.45610354793758173,0.3139025396639177,"[2.951851414589885, -0.8694200173148445]",3.0772256888834217
502,26,23,0.07134634075378493,29,16,0.4827586206896552,1.0,0.6511627906976745,True,14,29,0.5673077518378694,0.6176207751537524,0.22275550864712515,"[23.81693264028599, 0.3312947913477551]",23.81923669286433
502,26,23,0.07134634075378493,29,17,0.0,0.0,0.0,False,13,29,,,,,
502,27,25,0.24954947533340796,13,0,0.0,0.0,0.0,False,41,13,,,,,
502,27,25,0.24954947533340796,13,1,0.0,0.0,0.0,False,38,13,,,,,
502,27,25,0.24954947533340796,13,2,0.0,0.0,0.0,False,29,13,,,,,
502,27,25,0.24954947533340796,13,3,0.0,0.0,0.0,False,27,13,,,,,
502,27,25,0.24954947533340796,13,4,0.0,0.0,0.0,False,27,13,,,,,
502,27,25,0.24954947533340796,13,5,0.0,0.0,0.0,False,26,13,,,,,
502,27,25,0.24954947533340796,13,6,0.0,0.0,0.0,False,24,13,,,,,
502,27,25,0.24954947533340796,13,7,0.0,0.0,0.0,False,21,13,,,,,
502,27,25,0.24954947533340796,13,8,0.0,0.0,0.0,False,21,13,,,,,
502,27,25,0.24954947533340796,13,9,0.0,0.0,0.0,False,20,13,,,,,
502,27,25,0.24954947533340796,13,10,0.0,0.0,0.0,False,20,13,,,,,
502,27,25,0.24954947533340796,13,11,0.0,0.0,0.0,False,19,13,,,,,
502,27,25,0.24954947533340796,13,12,0.0,0.0,0.0,False,16,13,,,,,
502,27,25,0.24954947533340796,13,13,0.0,0.0,0.0,False,15,13,,,,,
502,27,25,0.24954947533340796,13,14,0.0,0.0,0.0,False,15,13,,,,,
502,27,25,0.24954947533340796,13,15,0.0,0.0,0.0,False,14,13,,,,,
502,27,25,0.24954947533340796,13,16,0.0,0.0,0.0,False,14,13,,,,,
502,27,25,0.24954947533340796,13,17,1.0,1.0,1.0,True,13,13,0.8777268331208291,0.9510907332483316,0.06294779164118228,"[-0.04307692307692346, -0.06461538461538652]",0.07765802747153387
502,27,24,0.18860988237318108,26,0,0.0,0.0,0.0,False,41,26,,,,,
502,27,24,0.18860988237318108,26,1,0.0,0.0,0.0,False,38,26,,,,,
502,27,24,0.18860988237318108,26,2,0.0,0.0,0.0,False,29,26,,,,,
502,27,24,0.18860988237318108,26,3,1.0,0.9629629629629629,0.9811320754716981,True,27,26,0.7725327076586882,0.8976923283464942,0.11710307411628791,"[-0.004065642767911548, -0.16482590909522088]",0.16487604362120742
502,27,24,0.18860988237318108,26,4,0.0,0.0,0.0,False,27,26,,,,,
502,27,24,0.18860988237318108,26,5,0.0,0.0,0.0,False,26,26,,,,,
502,27,24,0.18860988237318108,26,6,0.0,0.0,0.0,False,24,26,,,,,
502,27,24,0.18860988237318108,26,7,0.0,0.0,0.0,False,21,26,,,,,
502,27,24,0.18860988237318108,26,8,0.0,0.0,0.0,False,21,26,,,,,
502,27,24,0.18860988237318108,26,9,0.0,0.0,0.0,False,20,26,,,,,
502,27,24,0.18860988237318108,26,10,0.0,0.0,0.0,False,20,26,,,,,
502,27,24,0.18860988237318108,26,11,0.0,0.0,0.0,False,19,26,,,,,
502,27,24,0.18860988237318108,26,12,0.0,0.0,0.0,False,16,26,,,,,
502,27,24,0.18860988237318108,26,13,0.0,0.0,0.0,False,15,26,,,,,
502,27,24,0.18860988237318108,26,14,0.0,0.0,0.0,False,15,26,,,,,
502,27,24,0.18860988237318108,26,15,0.0,0.0,0.0,False,14,26,,,,,
502,27,24,0.18860988237318108,26,16,0.0,0.0,0.0,False,14,26,,,,,
502,27,24,0.18860988237318108,26,17,0.0,0.0,0.0,False,13,26,,,,,
502,27,16,0.16014763891375394,41,0,1.0,1.0,1.0,True,41,41,0.7764754409674632,0.9105901763869853,0.11507330453435854,"[-0.03414634146341555, -0.05463414634146346]",0.06442718821892368
502,27,16,0.16014763891375394,41,1,0.0,0.0,0.0,False,38,41,,,,,
502,27,16,0.16014763891375394,41,2,0.0,0.0,0.0,False,29,41,,,,,
502,27,16,0.16014763891375394,41,3,0.0,0.0,0.0,False,27,41,,,,,
502,27,16,0.16014763891375394,41,4,0.0,0.0,0.0,False,27,41,,,,,
502,27,16,0.16014763891375394,41,5,0.0,0.0,0.0,False,26,41,,,,,
502,27,16,0.16014763891375394,41,6,0.0,0.0,0.0,False,24,41,,,,,
502,27,16,0.16014763891375394,41,7,0.0,0.0,0.0,False,21,41,,,,,
502,27,16,0.16014763891375394,41,8,0.0,0.0,0.0,False,21,41,,,,,
502,27,16,0.16014763891375394,41,9,0.0,0.0,0.0,False,20,41,,,,,
502,27,16,0.16014763891375394,41,10,0.0,0.0,0.0,False,20,41,,,,,
502,27,16,0.16014763891375394,41,11,0.0,0.0,0.0,False,19,41,,,,,
502,27,16,0.16014763891375394,41,12,0.0,0.0,0.0,False,16,41,,,,,
502,27,16,0.16014763891375394,41,13,0.0,0.0,0.0,False,15,41,,,,,
502,27,16,0.16014763891375394,41,14,0.0,0.0,0.0,False,15,41,,,,,
502,27,16,0.16014763891375394,41,15,0.0,0.0,0.0,False,14,41,,,,,
502,27,16,0.16014763891375394,41,16,0.0,0.0,0.0,False,14,41,,,,,
502,27,16,0.16014763891375394,41,17,0.0,0.0,0.0,False,13,41,,,,,
502,27,27,0.15008405107880626,13,0,0.0,0.0,0.0,False,41,13,,,,,
502,27,27,0.15008405107880626,13,1,0.0,0.0,0.0,False,38,13,,,,,
502,27,27,0.15008405107880626,13,2,0.0,0.0,0.0,False,29,13,,,,,
502,27,27,0.15008405107880626,13,3,0.0,0.0,0.0,False,27,13,,,,,
502,27,27,0.15008405107880626,13,4,0.0,0.0,0.0,False,27,13,,,,,
502,27,27,0.15008405107880626,13,5,0.0,0.0,0.0,False,26,13,,,,,
502,27,27,0.15008405107880626,13,6,0.0,0.0,0.0,False,24,13,,,,,
502,27,27,0.15008405107880626,13,7,0.0,0.0,0.0,False,21,13,,,,,
502,27,27,0.15008405107880626,13,8,0.0,0.0,0.0,False,21,13,,,,,
502,27,27,0.15008405107880626,13,9,0.0,0.0,0.0,False,20,13,,,,,
502,27,27,0.15008405107880626,13,10,0.0,0.0,0.0,False,20,13,,,,,
502,27,27,0.15008405107880626,13,11,0.0,0.0,0.0,False,19,13,,,,,
502,27,27,0.15008405107880626,13,12,0.0,0.0,0.0,False,16,13,,,,,
502,27,27,0.15008405107880626,13,13,0.0,0.0,0.0,False,15,13,,,,,
502,27,27,0.15008405107880626,13,14,0.0,0.0,0.0,False,15,13,,,,,
502,27,27,0.15008405107880626,13,15,0.0,0.0,0.0,False,14,13,,,,,
502,27,27,0.15008405107880626,13,16,0.0,0.0,0.0,False,14,13,,,,,
502,27,27,0.15008405107880626,13,17,1.0,1.0,1.0,True,13,13,0.8777268331208291,0.9510907332483316,0.06294779164118228,"[-0.04307692307692346, -0.06461538461538652]",0.07765802747153387
502,27,29,0.13280429195821597,13,0,0.0,0.0,0.0,False,41,13,,,,,
502,27,29,0.13280429195821597,13,1,0.0,0.0,0.0,False,38,13,,,,,
502,27,29,0.13280429195821597,13,2,0.0,0.0,0.0,False,29,13,,,,,
502,27,29,0.13280429195821597,13,3,0.0,0.0,0.0,False,27,13,,,,,
502,27,29,0.13280429195821597,13,4,0.0,0.0,0.0,False,27,13,,,,,
502,27,29,0.13280429195821597,13,5,0.0,0.0,0.0,False,26,13,,,,,
502,27,29,0.13280429195821597,13,6,0.0,0.0,0.0,False,24,13,,,,,
502,27,29,0.13280429195821597,13,7,0.0,0.0,0.0,False,21,13,,,,,
502,27,29,0.13280429195821597,13,8,0.0,0.0,0.0,False,21,13,,,,,
502,27,29,0.13280429195821597,13,9,0.0,0.0,0.0,False,20,13,,,,,
502,27,29,0.13280429195821597,13,10,0.0,0.0,0.0,False,20,13,,,,,
502,27,29,0.13280429195821597,13,11,0.0,0.0,0.0,False,19,13,,,,,
502,27,29,0.13280429195821597,13,12,0.0,0.0,0.0,False,16,13,,,,,
502,27,29,0.13280429195821597,13,13,0.0,0.0,0.0,False,15,13,,,,,
502,27,29,0.13280429195821597,13,14,0.0,0.0,0.0,False,15,13,,,,,
502,27,29,0.13280429195821597,13,15,0.0,0.0,0.0,False,14,13,,,,,
502,27,29,0.13280429195821597,13,16,0.0,0.0,0.0,False,14,13,,,,,
502,27,29,0.13280429195821597,13,17,1.0,1.0,1.0,True,13,13,0.8777268331208291,0.9510907332483316,0.06294779164118228,"[-0.04307692307692346, -0.06461538461538652]",0.07765802747153387
502,27,21,0.1188046603426347,26,0,0.0,0.0,0.0,False,41,26,,,,,
502,27,21,0.1188046603426347,26,1,0.0,0.0,0.0,False,38,26,,,,,
502,27,21,0.1188046603426347,26,2,0.0,0.0,0.0,False,29,26,,,,,
502,27,21,0.1188046603426347,26,3,1.0,0.9629629629629629,0.9811320754716981,True,27,26,0.7725327076586882,0.8976923283464942,0.11710307411628791,"[-0.004065642767911548, -0.16482590909522088]",0.16487604362120742
502,27,21,0.1188046603426347,26,4,0.0,0.0,0.0,False,27,26,,,,,
502,27,21,0.1188046603426347,26,5,0.0,0.0,0.0,False,26,26,,,,,
502,27,21,0.1188046603426347,26,6,0.0,0.0,0.0,False,24,26,,,,,
502,27,21,0.1188046603426347,26,7,0.0,0.0,0.0,False,21,26,,,,,
502,27,21,0.1188046603426347,26,8,0.0,0.0,0.0,False,21,26,,,,,
502,27,21,0.1188046603426347,26,9,0.0,0.0,0.0,False,20,26,,,,,
502,27,21,0.1188046603426347,26,10,0.0,0.0,0.0,False,20,26,,,,,
502,27,21,0.1188046603426347,26,11,0.0,0.0,0.0,False,19,26,,,,,
502,27,21,0.1188046603426347,26,12,0.0,0.0,0.0,False,16,26,,,,,
502,27,21,0.1188046603426347,26,13,0.0,0.0,0.0,False,15,26,,,,,
502,27,21,0.1188046603426347,26,14,0.0,0.0,0.0,False,15,26,,,,,
502,27,21,0.1188046603426347,26,15,0.0,0.0,0.0,False,14,26,,,,,
502,27,21,0.1188046603426347,26,16,0.0,0.0,0.0,False,14,26,,,,,
502,27,21,0.1188046603426347,26,17,0.0,0.0,0.0,False,13,26,,,,,
502,28,25,0.249549475333408,13,0,0.0,0.0,0.0,False,38,13,,,,,
502,28,25,0.249549475333408,13,1,0.0,0.0,0.0,False,32,13,,,,,
502,28,25,0.249549475333408,13,2,0.0,0.0,0.0,False,28,13,,,,,
502,28,25,0.249549475333408,13,3,0.0,0.0,0.0,False,27,13,,,,,
502,28,25,0.249549475333408,13,4,0.0,0.0,0.0,False,27,13,,,,,
502,28,25,0.249549475333408,13,5,0.0,0.0,0.0,False,24,13,,,,,
502,28,25,0.249549475333408,13,6,0.0,0.0,0.0,False,23,13,,,,,
502,28,25,0.249549475333408,13,7,0.0,0.0,0.0,False,21,13,,,,,
502,28,25,0.249549475333408,13,8,0.0,0.0,0.0,False,21,13,,,,,
502,28,25,0.249549475333408,13,9,0.0,0.0,0.0,False,21,13,,,,,
502,28,25,0.249549475333408,13,10,0.0,0.0,0.0,False,19,13,,,,,
502,28,25,0.249549475333408,13,11,0.0,0.0,0.0,False,18,13,,,,,
502,28,25,0.249549475333408,13,12,0.0,0.0,0.0,False,17,13,,,,,
502,28,25,0.249549475333408,13,13,0.07692307692307693,0.06666666666666667,0.07142857142857142,False,15,13,,,,,
502,28,25,0.249549475333408,13,14,0.0,0.0,0.0,False,15,13,,,,,
502,28,25,0.249549475333408,13,15,0.0,0.0,0.0,False,15,13,,,,,
502,28,25,0.249549475333408,13,16,0.0,0.0,0.0,False,14,13,,,,,
502,28,25,0.249549475333408,13,17,0.0,0.0,0.0,False,13,13,,,,,
502,28,25,0.249549475333408,13,18,0.9230769230769231,1.0,0.96,True,12,13,0.7206336244482312,0.8642534497792924,0.1438213865611482,"[-0.24779265501594416, -0.15904779690715642]",0.29444422490663796
502,28,24,0.1886098823731811,27,0,0.0,0.0,0.0,False,38,27,,,,,
502,28,24,0.1886098823731811,27,1,0.0,0.0,0.0,False,32,27,,,,,
502,28,24,0.1886098823731811,27,2,0.0,0.0,0.0,False,28,27,,,,,
502,28,24,0.1886098823731811,27,3,0.0,0.0,0.0,False,27,27,,,,,
502,28,24,0.1886098823731811,27,4,0.0,0.0,0.0,False,27,27,,,,,
502,28,24,0.1886098823731811,27,5,0.0,0.0,0.0,False,24,27,,,,,
502,28,24,0.1886098823731811,27,6,0.0,0.0,0.0,False,23,27,,,,,
502,28,24,0.1886098823731811,27,7,0.0,0.0,0.0,False,21,27,,,,,
502,28,24,0.1886098823731811,27,8,0.0,0.0,0.0,False,21,27,,,,,
502,28,24,0.1886098823731811,27,9,0.0,0.0,0.0,False,21,27,,,,,
502,28,24,0.1886098823731811,27,10,0.0,0.0,0.0,False,19,27,,,,,
502,28,24,0.1886098823731811,27,11,0.0,0.0,0.0,False,18,27,,,,,
502,28,24,0.1886098823731811,27,12,0.0,0.0,0.0,False,17,27,,,,,
502,28,24,0.1886098823731811,27,13,0.5185185185185185,0.9333333333333333,0.6666666666666666,True,15,27,0.4759725162590016,0.5903890065036006,0.2697760571898673,"[-0.3094374862991902, -24.103301319201332]",24.105287512123557
502,28,24,0.1886098823731811,27,14,0.0,0.0,0.0,False,15,27,,,,,
502,28,24,0.1886098823731811,27,15,0.0,0.0,0.0,False,15,27,,,,,
502,28,24,0.1886098823731811,27,16,0.0,0.0,0.0,False,14,27,,,,,
502,28,24,0.1886098823731811,27,17,0.48148148148148145,1.0,0.65,True,13,27,0.32043656614481475,0.5181746264579259,0.3498479554680576,"[-0.018404008277475903, -0.006930782065019514]",0.01966578909452142
502,28,24,0.1886098823731811,27,18,0.0,0.0,0.0,False,12,27,,,,,
502,28,16,0.16014763891375397,41,0,0.926829268292683,1.0,0.9620253164556962,True,38,41,0.6986779572595534,0.8566863727772391,0.15512444510466142,"[0.1801669742451164, 0.08971612262550366]",0.20126877867069906
502,28,16,0.16014763891375397,41,1,0.0,0.0,0.0,False,32,41,,,,,
502,28,16,0.16014763891375397,41,2,0.0,0.0,0.0,False,28,41,,,,,
502,28,16,0.16014763891375397,41,3,0.0,0.0,0.0,False,27,41,,,,,
502,28,16,0.16014763891375397,41,4,0.07317073170731707,0.1111111111111111,0.08823529411764706,False,27,41,,,,,
502,28,16,0.16014763891375397,41,5,0.0,0.0,0.0,False,24,41,,,,,
502,28,16,0.16014763891375397,41,6,0.0,0.0,0.0,False,23,41,,,,,
502,28,16,0.16014763891375397,41,7,0.0,0.0,0.0,False,21,41,,,,,
502,28,16,0.16014763891375397,41,8,0.0,0.0,0.0,False,21,41,,,,,
502,28,16,0.16014763891375397,41,9,0.0,0.0,0.0,False,21,41,,,,,
502,28,16,0.16014763891375397,41,10,0.0,0.0,0.0,False,19,41,,,,,
502,28,16,0.16014763891375397,41,11,0.0,0.0,0.0,False,18,41,,,,,
502,28,16,0.16014763891375397,41,12,0.0,0.0,0.0,False,17,41,,,,,
502,28,16,0.16014763891375397,41,13,0.0,0.0,0.0,False,15,41,,,,,
502,28,16,0.16014763891375397,41,14,0.0,0.0,0.0,False,15,41,,,,,
502,28,16,0.16014763891375397,41,15,0.0,0.0,0.0,False,15,41,,,,,
502,28,16,0.16014763891375397,41,16,0.0,0.0,0.0,False,14,41,,,,,
502,28,16,0.16014763891375397,41,17,0.0,0.0,0.0,False,13,41,,,,,
502,28,16,0.16014763891375397,41,18,0.0,0.0,0.0,False,12,41,,,,,
502,28,27,0.1500840510788063,13,0,0.0,0.0,0.0,False,38,13,,,,,
502,28,27,0.1500840510788063,13,1,0.0,0.0,0.0,False,32,13,,,,,
502,28,27,0.1500840510788063,13,2,0.0,0.0,0.0,False,28,13,,,,,
502,28,27,0.1500840510788063,13,3,0.0,0.0,0.0,False,27,13,,,,,
502,28,27,0.1500840510788063,13,4,0.0,0.0,0.0,False,27,13,,,,,
502,28,27,0.1500840510788063,13,5,0.0,0.0,0.0,False,24,13,,,,,
502,28,27,0.1500840510788063,13,6,0.0,0.0,0.0,False,23,13,,,,,
502,28,27,0.1500840510788063,13,7,0.0,0.0,0.0,False,21,13,,,,,
502,28,27,0.1500840510788063,13,8,0.0,0.0,0.0,False,21,13,,,,,
502,28,27,0.1500840510788063,13,9,0.0,0.0,0.0,False,21,13,,,,,
502,28,27,0.1500840510788063,13,10,0.0,0.0,0.0,False,19,13,,,,,
502,28,27,0.1500840510788063,13,11,0.0,0.0,0.0,False,18,13,,,,,
502,28,27,0.1500840510788063,13,12,0.0,0.0,0.0,False,17,13,,,,,
502,28,27,0.1500840510788063,13,13,0.07692307692307693,0.06666666666666667,0.07142857142857142,False,15,13,,,,,
502,28,27,0.1500840510788063,13,14,0.0,0.0,0.0,False,15,13,,,,,
502,28,27,0.1500840510788063,13,15,0.0,0.0,0.0,False,15,13,,,,,
502,28,27,0.1500840510788063,13,16,0.0,0.0,0.0,False,14,13,,,,,
502,28,27,0.1500840510788063,13,17,0.0,0.0,0.0,False,13,13,,,,,
502,28,27,0.1500840510788063,13,18,0.9230769230769231,1.0,0.96,True,12,13,0.7206336244482312,0.8642534497792924,0.1438213865611482,"[-0.24779265501594416, -0.15904779690715642]",0.29444422490663796
502,28,29,0.132804291958216,13,0,0.0,0.0,0.0,False,38,13,,,,,
502,28,29,0.132804291958216,13,1,0.0,0.0,0.0,False,32,13,,,,,
502,28,29,0.132804291958216,13,2,0.0,0.0,0.0,False,28,13,,,,,
502,28,29,0.132804291958216,13,3,0.0,0.0,0.0,False,27,13,,,,,
502,28,29,0.132804291958216,13,4,0.0,0.0,0.0,False,27,13,,,,,
502,28,29,0.132804291958216,13,5,0.0,0.0,0.0,False,24,13,,,,,
502,28,29,0.132804291958216,13,6,0.0,0.0,0.0,False,23,13,,,,,
502,28,29,0.132804291958216,13,7,0.0,0.0,0.0,False,21,13,,,,,
502,28,29,0.132804291958216,13,8,0.0,0.0,0.0,False,21,13,,,,,
502,28,29,0.132804291958216,13,9,0.0,0.0,0.0,False,21,13,,,,,
502,28,29,0.132804291958216,13,10,0.0,0.0,0.0,False,19,13,,,,,
502,28,29,0.132804291958216,13,11,0.0,0.0,0.0,False,18,13,,,,,
502,28,29,0.132804291958216,13,12,0.0,0.0,0.0,False,17,13,,,,,
502,28,29,0.132804291958216,13,13,0.07692307692307693,0.06666666666666667,0.07142857142857142,False,15,13,,,,,
502,28,29,0.132804291958216,13,14,0.0,0.0,0.0,False,15,13,,,,,
502,28,29,0.132804291958216,13,15,0.0,0.0,0.0,False,15,13,,,,,
502,28,29,0.132804291958216,13,16,0.0,0.0,0.0,False,14,13,,,,,
502,28,29,0.132804291958216,13,17,0.0,0.0,0.0,False,13,13,,,,,
502,28,29,0.132804291958216,13,18,0.9230769230769231,1.0,0.96,True,12,13,0.7206336244482312,0.8642534497792924,0.1438213865611482,"[-0.24779265501594416, -0.15904779690715642]",0.29444422490663796
502,28,21,0.11880466034263472,27,0,0.0,0.0,0.0,False,38,27,,,,,
502,28,21,0.11880466034263472,27,1,0.0,0.0,0.0,False,32,27,,,,,
502,28,21,0.11880466034263472,27,2,0.0,0.0,0.0,False,28,27,,,,,
502,28,21,0.11880466034263472,27,3,0.0,0.0,0.0,False,27,27,,,,,
502,28,21,0.11880466034263472,27,4,0.0,0.0,0.0,False,27,27,,,,,
502,28,21,0.11880466034263472,27,5,0.0,0.0,0.0,False,24,27,,,,,
502,28,21,0.11880466034263472,27,6,0.0,0.0,0.0,False,23,27,,,,,
502,28,21,0.11880466034263472,27,7,0.0,0.0,0.0,False,21,27,,,,,
502,28,21,0.11880466034263472,27,8,0.0,0.0,0.0,False,21,27,,,,,
502,28,21,0.11880466034263472,27,9,0.0,0.0,0.0,False,21,27,,,,,
502,28,21,0.11880466034263472,27,10,0.0,0.0,0.0,False,19,27,,,,,
502,28,21,0.11880466034263472,27,11,0.0,0.0,0.0,False,18,27,,,,,
502,28,21,0.11880466034263472,27,12,0.0,0.0,0.0,False,17,27,,,,,
502,28,21,0.11880466034263472,27,13,0.5185185185185185,0.9333333333333333,0.6666666666666666,True,15,27,0.4759725162590016,0.5903890065036006,0.2697760571898673,"[-0.3094374862991902, -24.103301319201332]",24.105287512123557
502,28,21,0.11880466034263472,27,14,0.0,0.0,0.0,False,15,27,,,,,
502,28,21,0.11880466034263472,27,15,0.0,0.0,0.0,False,15,27,,,,,
502,28,21,0.11880466034263472,27,16,0.0,0.0,0.0,False,14,27,,,,,
502,28,21,0.11880466034263472,27,17,0.48148148148148145,1.0,0.65,True,13,27,0.32043656614481475,0.5181746264579259,0.3498479554680576,"[-0.018404008277475903, -0.006930782065019514]",0.01966578909452142
502,28,21,0.11880466034263472,27,18,0.0,0.0,0.0,False,12,27,,,,,
502,29,25,0.28319427498384203,12,0,0.0,0.0,0.0,False,38,12,,,,,
502,29,25,0.28319427498384203,12,1,0.0,0.0,0.0,False,36,12,,,,,
502,29,25,0.28319427498384203,12,2,0.0,0.0,0.0,False,33,12,,,,,
502,29,25,0.28319427498384203,12,3,0.0,0.0,0.0,False,28,12,,,,,
502,29,25,0.28319427498384203,12,4,0.0,0.0,0.0,False,27,12,,,,,
502,29,25,0.28319427498384203,12,5,0.0,0.0,0.0,False,26,12,,,,,
502,29,25,0.28319427498384203,12,6,0.0,0.0,0.0,False,24,12,,,,,
502,29,25,0.28319427498384203,12,7,0.0,0.0,0.0,False,23,12,,,,,
502,29,25,0.28319427498384203,12,8,0.0,0.0,0.0,False,22,12,,,,,
502,29,25,0.28319427498384203,12,9,0.0,0.0,0.0,False,21,12,,,,,
502,29,25,0.28319427498384203,12,10,0.0,0.0,0.0,False,16,12,,,,,
502,29,25,0.28319427498384203,12,11,0.0,0.0,0.0,False,16,12,,,,,
502,29,25,0.28319427498384203,12,12,0.0,0.0,0.0,False,16,12,,,,,
502,29,25,0.28319427498384203,12,13,0.0,0.0,0.0,False,15,12,,,,,
502,29,25,0.28319427498384203,12,14,0.0,0.0,0.0,False,14,12,,,,,
502,29,25,0.28319427498384203,12,15,0.0,0.0,0.0,False,14,12,,,,,
502,29,25,0.28319427498384203,12,16,1.0,1.0,1.0,True,12,12,0.8495708138297391,0.9398283255318957,0.07744287082345348,"[-0.1166666666666667, -0.11666666666666714]",0.16499158227686145
502,29,25,0.28319427498384203,12,17,0.0,0.0,0.0,False,12,12,,,,,
502,29,16,0.18173908974146877,38,0,1.0,1.0,1.0,True,38,38,0.8246795060703961,0.9298718024281585,0.09025723471459252,"[-0.04421052631578881, -0.014736842105264714]",0.046601986570902296
502,29,16,0.18173908974146877,38,1,0.0,0.0,0.0,False,36,38,,,,,
502,29,16,0.18173908974146877,38,2,0.0,0.0,0.0,False,33,38,,,,,
502,29,16,0.18173908974146877,38,3,0.0,0.0,0.0,False,28,38,,,,,
502,29,16,0.18173908974146877,38,4,0.0,0.0,0.0,False,27,38,,,,,
502,29,16,0.18173908974146877,38,5,0.0,0.0,0.0,False,26,38,,,,,
502,29,16,0.18173908974146877,38,6,0.0,0.0,0.0,False,24,38,,,,,
502,29,16,0.18173908974146877,38,7,0.0,0.0,0.0,False,23,38,,,,,
502,29,16,0.18173908974146877,38,8,0.0,0.0,0.0,False,22,38,,,,,
502,29,16,0.18173908974146877,38,9,0.0,0.0,0.0,False,21,38,,,,,
502,29,16,0.18173908974146877,38,10,0.0,0.0,0.0,False,16,38,,,,,
502,29,16,0.18173908974146877,38,11,0.0,0.0,0.0,False,16,38,,,,,
502,29,16,0.18173908974146877,38,12,0.0,0.0,0.0,False,16,38,,,,,
502,29,16,0.18173908974146877,38,13,0.0,0.0,0.0,False,15,38,,,,,
502,29,16,0.18173908974146877,38,14,0.0,0.0,0.0,False,14,38,,,,,
502,29,16,0.18173908974146877,38,15,0.0,0.0,0.0,False,14,38,,,,,
502,29,16,0.18173908974146877,38,16,0.0,0.0,0.0,False,12,38,,,,,
502,29,16,0.18173908974146877,38,17,0.0,0.0,0.0,False,12,38,,,,,
502,29,27,0.1703187072427816,12,0,0.0,0.0,0.0,False,38,12,,,,,
502,29,27,0.1703187072427816,12,1,0.0,0.0,0.0,False,36,12,,,,,
502,29,27,0.1703187072427816,12,2,0.0,0.0,0.0,False,33,12,,,,,
502,29,27,0.1703187072427816,12,3,0.0,0.0,0.0,False,28,12,,,,,
502,29,27,0.1703187072427816,12,4,0.0,0.0,0.0,False,27,12,,,,,
502,29,27,0.1703187072427816,12,5,0.0,0.0,0.0,False,26,12,,,,,
502,29,27,0.1703187072427816,12,6,0.0,0.0,0.0,False,24,12,,,,,
502,29,27,0.1703187072427816,12,7,0.0,0.0,0.0,False,23,12,,,,,
502,29,27,0.1703187072427816,12,8,0.0,0.0,0.0,False,22,12,,,,,
502,29,27,0.1703187072427816,12,9,0.0,0.0,0.0,False,21,12,,,,,
502,29,27,0.1703187072427816,12,10,0.0,0.0,0.0,False,16,12,,,,,
502,29,27,0.1703187072427816,12,11,0.0,0.0,0.0,False,16,12,,,,,
502,29,27,0.1703187072427816,12,12,0.0,0.0,0.0,False,16,12,,,,,
502,29,27,0.1703187072427816,12,13,0.0,0.0,0.0,False,15,12,,,,,
502,29,27,0.1703187072427816,12,14,0.0,0.0,0.0,False,14,12,,,,,
502,29,27,0.1703187072427816,12,15,0.0,0.0,0.0,False,14,12,,,,,
502,29,27,0.1703187072427816,12,16,1.0,1.0,1.0,True,12,12,0.8495708138297391,0.9398283255318957,0.07744287082345348,"[-0.1166666666666667, -0.11666666666666714]",0.16499158227686145
502,29,27,0.1703187072427816,12,17,0.0,0.0,0.0,False,12,12,,,,,
502,29,29,0.15070925364840695,12,0,0.0,0.0,0.0,False,38,12,,,,,
502,29,29,0.15070925364840695,12,1,0.0,0.0,0.0,False,36,12,,,,,
502,29,29,0.15070925364840695,12,2,0.0,0.0,0.0,False,33,12,,,,,
502,29,29,0.15070925364840695,12,3,0.0,0.0,0.0,False,28,12,,,,,
502,29,29,0.15070925364840695,12,4,0.0,0.0,0.0,False,27,12,,,,,
502,29,29,0.15070925364840695,12,5,0.0,0.0,0.0,False,26,12,,,,,
502,29,29,0.15070925364840695,12,6,0.0,0.0,0.0,False,24,12,,,,,
502,29,29,0.15070925364840695,12,7,0.0,0.0,0.0,False,23,12,,,,,
502,29,29,0.15070925364840695,12,8,0.0,0.0,0.0,False,22,12,,,,,
502,29,29,0.15070925364840695,12,9,0.0,0.0,0.0,False,21,12,,,,,
502,29,29,0.15070925364840695,12,10,0.0,0.0,0.0,False,16,12,,,,,
502,29,29,0.15070925364840695,12,11,0.0,0.0,0.0,False,16,12,,,,,
502,29,29,0.15070925364840695,12,12,0.0,0.0,0.0,False,16,12,,,,,
502,29,29,0.15070925364840695,12,13,0.0,0.0,0.0,False,15,12,,,,,
502,29,29,0.15070925364840695,12,14,0.0,0.0,0.0,False,14,12,,,,,
502,29,29,0.15070925364840695,12,15,0.0,0.0,0.0,False,14,12,,,,,
502,29,29,0.15070925364840695,12,16,1.0,1.0,1.0,True,12,12,0.8495708138297391,0.9398283255318957,0.07744287082345348,"[-0.1166666666666667, -0.11666666666666714]",0.16499158227686145
502,29,29,0.15070925364840695,12,17,0.0,0.0,0.0,False,12,12,,,,,
502,29,32,0.12236942294319238,15,0,0.0,0.0,0.0,False,38,15,,,,,
502,29,32,0.12236942294319238,15,1,0.0,0.0,0.0,False,36,15,,,,,
502,29,32,0.12236942294319238,15,2,0.0,0.0,0.0,False,33,15,,,,,
502,29,32,0.12236942294319238,15,3,0.0,0.0,0.0,False,28,15,,,,,
502,29,32,0.12236942294319238,15,4,0.0,0.0,0.0,False,27,15,,,,,
502,29,32,0.12236942294319238,15,5,0.0,0.0,0.0,False,26,15,,,,,
502,29,32,0.12236942294319238,15,6,0.0,0.0,0.0,False,24,15,,,,,
502,29,32,0.12236942294319238,15,7,0.0,0.0,0.0,False,23,15,,,,,
502,29,32,0.12236942294319238,15,8,0.0,0.0,0.0,False,22,15,,,,,
502,29,32,0.12236942294319238,15,9,0.0,0.0,0.0,False,21,15,,,,,
502,29,32,0.12236942294319238,15,10,1.0,0.9375,0.967741935483871,True,16,15,0.7563678155791054,0.8831922875219648,0.12542496750057647,"[-0.150002609509734, 0.13921754006474651]",0.20465167070270654
502,29,32,0.12236942294319238,15,11,0.0,0.0,0.0,False,16,15,,,,,
502,29,32,0.12236942294319238,15,12,0.0,0.0,0.0,False,16,15,,,,,
502,29,32,0.12236942294319238,15,13,0.0,0.0,0.0,False,15,15,,,,,
502,29,32,0.12236942294319238,15,14,0.0,0.0,0.0,False,14,15,,,,,
502,29,32,0.12236942294319238,15,15,0.0,0.0,0.0,False,14,15,,,,,
502,29,32,0.12236942294319238,15,16,0.0,0.0,0.0,False,12,15,,,,,
502,29,32,0.12236942294319238,15,17,0.0,0.0,0.0,False,12,15,,,,,
502,29,33,0.09166925144030831,13,0,0.0,0.0,0.0,False,38,13,,,,,
502,29,33,0.09166925144030831,13,1,0.0,0.0,0.0,False,36,13,,,,,
502,29,33,0.09166925144030831,13,2,0.0,0.0,0.0,False,33,13,,,,,
502,29,33,0.09166925144030831,13,3,0.0,0.0,0.0,False,28,13,,,,,
502,29,33,0.09166925144030831,13,4,0.0,0.0,0.0,False,27,13,,,,,
502,29,33,0.09166925144030831,13,5,0.0,0.0,0.0,False,26,13,,,,,
502,29,33,0.09166925144030831,13,6,0.0,0.0,0.0,False,24,13,,,,,
502,29,33,0.09166925144030831,13,7,0.0,0.0,0.0,False,23,13,,,,,
502,29,33,0.09166925144030831,13,8,0.0,0.0,0.0,False,22,13,,,,,
502,29,33,0.09166925144030831,13,9,0.0,0.0,0.0,False,21,13,,,,,
502,29,33,0.09166925144030831,13,10,0.0,0.0,0.0,False,16,13,,,,,
502,29,33,0.09166925144030831,13,11,0.07692307692307693,0.0625,0.06896551724137931,False,16,13,,,,,
502,29,33,0.09166925144030831,13,12,0.0,0.0,0.0,False,16,13,,,,,
502,29,33,0.09166925144030831,13,13,0.0,0.0,0.0,False,15,13,,,,,
502,29,33,0.09166925144030831,13,14,0.0,0.0,0.0,False,14,13,,,,,
502,29,33,0.09166925144030831,13,15,0.0,0.0,0.0,False,14,13,,,,,
502,29,33,0.09166925144030831,13,16,0.0,0.0,0.0,False,12,13,,,,,
502,29,33,0.09166925144030831,13,17,0.9230769230769231,1.0,0.96,True,12,13,0.6508157335702822,0.8363262934281128,0.17976453058844657,"[-0.1143914413593139, 0.3348785712008997]",0.353877181103582
502,30,25,0.28319427498384203,12,0,0.0,0.0,0.0,False,38,12,,,,,
502,30,25,0.28319427498384203,12,1,0.0,0.0,0.0,False,37,12,,,,,
502,30,25,0.28319427498384203,12,2,0.0,0.0,0.0,False,35,12,,,,,
502,30,25,0.28319427498384203,12,3,0.0,0.0,0.0,False,30,12,,,,,
502,30,25,0.28319427498384203,12,4,0.0,0.0,0.0,False,27,12,,,,,
502,30,25,0.28319427498384203,12,5,0.0,0.0,0.0,False,26,12,,,,,
502,30,25,0.28319427498384203,12,6,0.0,0.0,0.0,False,25,12,,,,,
502,30,25,0.28319427498384203,12,7,0.0,0.0,0.0,False,24,12,,,,,
502,30,25,0.28319427498384203,12,8,0.0,0.0,0.0,False,23,12,,,,,
502,30,25,0.28319427498384203,12,9,0.0,0.0,0.0,False,22,12,,,,,
502,30,25,0.28319427498384203,12,10,1.0,0.5714285714285714,0.7272727272727273,True,21,12,0.5365254332902687,0.6509738096797438,0.23860264030833145,"[0.01771463191790179, 0.13425401103008383]",0.1354176785418086
502,30,25,0.28319427498384203,12,11,0.0,0.0,0.0,False,17,12,,,,,
502,30,25,0.28319427498384203,12,12,0.0,0.0,0.0,False,17,12,,,,,
502,30,25,0.28319427498384203,12,13,0.0,0.0,0.0,False,16,12,,,,,
502,30,25,0.28319427498384203,12,14,0.0,0.0,0.0,False,16,12,,,,,
502,30,25,0.28319427498384203,12,15,0.0,0.0,0.0,False,14,12,,,,,
502,30,25,0.28319427498384203,12,16,0.0,0.0,0.0,False,12,12,,,,,
502,30,16,0.18173908974146877,38,0,1.0,1.0,1.0,True,38,38,0.8310200245322865,0.9324080098129146,0.08699305463957609,"[-0.03684210526315823, 0.02210526315789707]",0.0429649086988616
502,30,16,0.18173908974146877,38,1,0.0,0.0,0.0,False,37,38,,,,,
502,30,16,0.18173908974146877,38,2,0.0,0.0,0.0,False,35,38,,,,,
502,30,16,0.18173908974146877,38,3,0.0,0.0,0.0,False,30,38,,,,,
502,30,16,0.18173908974146877,38,4,0.0,0.0,0.0,False,27,38,,,,,
502,30,16,0.18173908974146877,38,5,0.0,0.0,0.0,False,26,38,,,,,
502,30,16,0.18173908974146877,38,6,0.0,0.0,0.0,False,25,38,,,,,
502,30,16,0.18173908974146877,38,7,0.0,0.0,0.0,False,24,38,,,,,
502,30,16,0.18173908974146877,38,8,0.0,0.0,0.0,False,23,38,,,,,
502,30,16,0.18173908974146877,38,9,0.0,0.0,0.0,False,22,38,,,,,
502,30,16,0.18173908974146877,38,10,0.0,0.0,0.0,False,21,38,,,,,
502,30,16,0.18173908974146877,38,11,0.0,0.0,0.0,False,17,38,,,,,
502,30,16,0.18173908974146877,38,12,0.0,0.0,0.0,False,17,38,,,,,
502,30,16,0.18173908974146877,38,13,0.0,0.0,0.0,False,16,38,,,,,
502,30,16,0.18173908974146877,38,14,0.0,0.0,0.0,False,16,38,,,,,
502,30,16,0.18173908974146877,38,15,0.0,0.0,0.0,False,14,38,,,,,
502,30,16,0.18173908974146877,38,16,0.0,0.0,0.0,False,12,38,,,,,
502,30,27,0.1703187072427816,12,0,0.0,0.0,0.0,False,38,12,,,,,
502,30,27,0.1703187072427816,12,1,0.0,0.0,0.0,False,37,12,,,,,
502,30,27,0.1703187072427816,12,2,0.0,0.0,0.0,False,35,12,,,,,
502,30,27,0.1703187072427816,12,3,0.0,0.0,0.0,False,30,12,,,,,
502,30,27,0.1703187072427816,12,4,0.0,0.0,0.0,False,27,12,,,,,
502,30,27,0.1703187072427816,12,5,0.0,0.0,0.0,False,26,12,,,,,
502,30,27,0.1703187072427816,12,6,0.0,0.0,0.0,False,25,12,,,,,
502,30,27,0.1703187072427816,12,7,0.0,0.0,0.0,False,24,12,,,,,
502,30,27,0.1703187072427816,12,8,0.0,0.0,0.0,False,23,12,,,,,
502,30,27,0.1703187072427816,12,9,0.0,0.0,0.0,False,22,12,,,,,
502,30,27,0.1703187072427816,12,10,1.0,0.5714285714285714,0.7272727272727273,True,21,12,0.5365254332902687,0.6509738096797438,0.23860264030833145,"[0.01771463191790179, 0.13425401103008383]",0.1354176785418086
502,30,27,0.1703187072427816,12,11,0.0,0.0,0.0,False,17,12,,,,,
502,30,27,0.1703187072427816,12,12,0.0,0.0,0.0,False,17,12,,,,,
502,30,27,0.1703187072427816,12,13,0.0,0.0,0.0,False,16,12,,,,,
502,30,27,0.1703187072427816,12,14,0.0,0.0,0.0,False,16,12,,,,,
502,30,27,0.1703187072427816,12,15,0.0,0.0,0.0,False,14,12,,,,,
502,30,27,0.1703187072427816,12,16,0.0,0.0,0.0,False,12,12,,,,,
502,30,29,0.15070925364840695,12,0,0.0,0.0,0.0,False,38,12,,,,,
502,30,29,0.15070925364840695,12,1,0.0,0.0,0.0,False,37,12,,,,,
502,30,29,0.15070925364840695,12,2,0.0,0.0,0.0,False,35,12,,,,,
502,30,29,0.15070925364840695,12,3,0.0,0.0,0.0,False,30,12,,,,,
502,30,29,0.15070925364840695,12,4,0.0,0.0,0.0,False,27,12,,,,,
502,30,29,0.15070925364840695,12,5,0.0,0.0,0.0,False,26,12,,,,,
502,30,29,0.15070925364840695,12,6,0.0,0.0,0.0,False,25,12,,,,,
502,30,29,0.15070925364840695,12,7,0.0,0.0,0.0,False,24,12,,,,,
502,30,29,0.15070925364840695,12,8,0.0,0.0,0.0,False,23,12,,,,,
502,30,29,0.15070925364840695,12,9,0.0,0.0,0.0,False,22,12,,,,,
502,30,29,0.15070925364840695,12,10,1.0,0.5714285714285714,0.7272727272727273,True,21,12,0.5365254332902687,0.6509738096797438,0.23860264030833145,"[0.01771463191790179, 0.13425401103008383]",0.1354176785418086
502,30,29,0.15070925364840695,12,11,0.0,0.0,0.0,False,17,12,,,,,
502,30,29,0.15070925364840695,12,12,0.0,0.0,0.0,False,17,12,,,,,
502,30,29,0.15070925364840695,12,13,0.0,0.0,0.0,False,16,12,,,,,
502,30,29,0.15070925364840695,12,14,0.0,0.0,0.0,False,16,12,,,,,
502,30,29,0.15070925364840695,12,15,0.0,0.0,0.0,False,14,12,,,,,
502,30,29,0.15070925364840695,12,16,0.0,0.0,0.0,False,12,12,,,,,
502,30,32,0.12236942294319238,16,0,0.0,0.0,0.0,False,38,16,,,,,
502,30,32,0.12236942294319238,16,1,0.0,0.0,0.0,False,37,16,,,,,
502,30,32,0.12236942294319238,16,2,0.0,0.0,0.0,False,35,16,,,,,
502,30,32,0.12236942294319238,16,3,0.0,0.0,0.0,False,30,16,,,,,
502,30,32,0.12236942294319238,16,4,0.0,0.0,0.0,False,27,16,,,,,
502,30,32,0.12236942294319238,16,5,0.0,0.0,0.0,False,26,16,,,,,
502,30,32,0.12236942294319238,16,6,0.0,0.0,0.0,False,25,16,,,,,
502,30,32,0.12236942294319238,16,7,0.0625,0.041666666666666664,0.05,False,24,16,,,,,
502,30,32,0.12236942294319238,16,8,0.0,0.0,0.0,False,23,16,,,,,
502,30,32,0.12236942294319238,16,9,0.0,0.0,0.0,False,22,16,,,,,
502,30,32,0.12236942294319238,16,10,0.0,0.0,0.0,False,21,16,,,,,
502,30,32,0.12236942294319238,16,11,0.0,0.0,0.0,False,17,16,,,,,
502,30,32,0.12236942294319238,16,12,0.0,0.0,0.0,False,17,16,,,,,
502,30,32,0.12236942294319238,16,13,0.9375,0.9375,0.9375,True,16,16,0.7572160528038541,0.8653864211215416,0.12498828411820738,"[-0.3565722264946727, 0.028015275367012205]",0.3576710896357961
502,30,32,0.12236942294319238,16,14,0.0,0.0,0.0,False,16,16,,,,,
502,30,32,0.12236942294319238,16,15,0.0,0.0,0.0,False,14,16,,,,,
502,30,32,0.12236942294319238,16,16,0.0,0.0,0.0,False,12,16,,,,,
502,30,33,0.09166925144030831,12,0,0.0,0.0,0.0,False,38,12,,,,,
502,30,33,0.09166925144030831,12,1,0.0,0.0,0.0,False,37,12,,,,,
502,30,33,0.09166925144030831,12,2,0.0,0.0,0.0,False,35,12,,,,,
502,30,33,0.09166925144030831,12,3,0.0,0.0,0.0,False,30,12,,,,,
502,30,33,0.09166925144030831,12,4,0.0,0.0,0.0,False,27,12,,,,,
502,30,33,0.09166925144030831,12,5,0.0,0.0,0.0,False,26,12,,,,,
502,30,33,0.09166925144030831,12,6,0.0,0.0,0.0,False,25,12,,,,,
502,30,33,0.09166925144030831,12,7,0.0,0.0,0.0,False,24,12,,,,,
502,30,33,0.09166925144030831,12,8,0.0,0.0,0.0,False,23,12,,,,,
502,30,33,0.09166925144030831,12,9,0.0,0.0,0.0,False,22,12,,,,,
502,30,33,0.09166925144030831,12,10,0.0,0.0,0.0,False,21,12,,,,,
502,30,33,0.09166925144030831,12,11,0.0,0.0,0.0,False,17,12,,,,,
502,30,33,0.09166925144030831,12,12,0.08333333333333333,0.058823529411764705,0.06896551724137931,False,17,12,,,,,
502,30,33,0.09166925144030831,12,13,0.0,0.0,0.0,False,16,12,,,,,
502,30,33,0.09166925144030831,12,14,0.0,0.0,0.0,False,16,12,,,,,
502,30,33,0.09166925144030831,12,15,0.0,0.0,0.0,False,14,12,,,,,
502,30,33,0.09166925144030831,12,16,0.9166666666666666,0.9166666666666666,0.9166666666666666,True,12,12,0.7029727902525995,0.8311891161010397,0.15291341009771586,"[0.214933030621399, 0.6771774877762802]",0.7104685479337515
502,31,25,0.28319427498384203,21,0,0.0,0.0,0.0,False,37,21,,,,,
502,31,25,0.28319427498384203,21,1,0.0,0.0,0.0,False,27,21,,,,,
502,31,25,0.28319427498384203,21,2,0.0,0.0,0.0,False,27,21,,,,,
502,31,25,0.28319427498384203,21,3,0.0,0.0,0.0,False,26,21,,,,,
502,31,25,0.28319427498384203,21,4,0.0,0.0,0.0,False,26,21,,,,,
502,31,25,0.28319427498384203,21,5,0.0,0.0,0.0,False,23,21,,,,,
502,31,25,0.28319427498384203,21,6,0.0,0.0,0.0,False,23,21,,,,,
502,31,25,0.28319427498384203,21,7,0.0,0.0,0.0,False,23,21,,,,,
502,31,25,0.28319427498384203,21,8,0.0,0.0,0.0,False,21,21,,,,,
502,31,25,0.28319427498384203,21,9,0.0,0.0,0.0,False,19,21,,,,,
502,31,25,0.28319427498384203,21,10,0.0,0.0,0.0,False,18,21,,,,,
502,31,25,0.28319427498384203,21,11,0.0,0.0,0.0,False,17,21,,,,,
502,31,25,0.28319427498384203,21,12,0.0,0.0,0.0,False,16,21,,,,,
502,31,25,0.28319427498384203,21,13,0.0,0.0,0.0,False,16,21,,,,,
502,31,25,0.28319427498384203,21,14,0.0,0.0,0.0,False,16,21,,,,,
502,31,25,0.28319427498384203,21,15,0.0,0.0,0.0,False,14,21,,,,,
502,31,25,0.28319427498384203,21,16,0.0,0.0,0.0,False,14,21,,,,,
502,31,25,0.28319427498384203,21,17,0.5714285714285714,1.0,0.7272727272727273,True,12,21,0.4543797581721919,0.6181155396325131,0.2808922854818041,"[-0.3677146319179019, -0.25092067769675097]",0.44516877363794827
502,31,16,0.18173908974146877,38,0,0.9736842105263158,1.0,0.9866666666666667,True,37,38,0.8354018936951333,0.9261607574780533,0.08473721229818677,"[-0.0833024582115538, 0.08644052058393825]",0.12004692058903435
502,31,16,0.18173908974146877,38,1,0.0,0.0,0.0,False,27,38,,,,,
502,31,16,0.18173908974146877,38,2,0.0,0.0,0.0,False,27,38,,,,,
502,31,16,0.18173908974146877,38,3,0.0,0.0,0.0,False,26,38,,,,,
502,31,16,0.18173908974146877,38,4,0.0,0.0,0.0,False,26,38,,,,,
502,31,16,0.18173908974146877,38,5,0.0,0.0,0.0,False,23,38,,,,,
502,31,16,0.18173908974146877,38,6,0.0,0.0,0.0,False,23,38,,,,,
502,31,16,0.18173908974146877,38,7,0.0,0.0,0.0,False,23,38,,,,,
502,31,16,0.18173908974146877,38,8,0.0,0.0,0.0,False,21,38,,,,,
502,31,16,0.18173908974146877,38,9,0.0,0.0,0.0,False,19,38,,,,,
502,31,16,0.18173908974146877,38,10,0.0,0.0,0.0,False,18,38,,,,,
502,31,16,0.18173908974146877,38,11,0.0,0.0,0.0,False,17,38,,,,,
502,31,16,0.18173908974146877,38,12,0.0,0.0,0.0,False,16,38,,,,,
502,31,16,0.18173908974146877,38,13,0.02631578947368421,0.0625,0.037037037037037035,False,16,38,,,,,
502,31,16,0.18173908974146877,38,14,0.0,0.0,0.0,False,16,38,,,,,
502,31,16,0.18173908974146877,38,15,0.0,0.0,0.0,False,14,38,,,,,
502,31,16,0.18173908974146877,38,16,0.0,0.0,0.0,False,14,38,,,,,
502,31,16,0.18173908974146877,38,17,0.0,0.0,0.0,False,12,38,,,,,
502,31,27,0.1703187072427816,21,0,0.0,0.0,0.0,False,37,21,,,,,
502,31,27,0.1703187072427816,21,1,0.0,0.0,0.0,False,27,21,,,,,
502,31,27,0.1703187072427816,21,2,0.0,0.0,0.0,False,27,21,,,,,
502,31,27,0.1703187072427816,21,3,0.0,0.0,0.0,False,26,21,,,,,
502,31,27,0.1703187072427816,21,4,0.0,0.0,0.0,False,26,21,,,,,
502,31,27,0.1703187072427816,21,5,0.0,0.0,0.0,False,23,21,,,,,
502,31,27,0.1703187072427816,21,6,0.0,0.0,0.0,False,23,21,,,,,
502,31,27,0.1703187072427816,21,7,0.0,0.0,0.0,False,23,21,,,,,
502,31,27,0.1703187072427816,21,8,0.0,0.0,0.0,False,21,21,,,,,
502,31,27,0.1703187072427816,21,9,0.0,0.0,0.0,False,19,21,,,,,
502,31,27,0.1703187072427816,21,10,0.0,0.0,0.0,False,18,21,,,,,
502,31,27,0.1703187072427816,21,11,0.0,0.0,0.0,False,17,21,,,,,
502,31,27,0.1703187072427816,21,12,0.0,0.0,0.0,False,16,21,,,,,
502,31,27,0.1703187072427816,21,13,0.0,0.0,0.0,False,16,21,,,,,
502,31,27,0.1703187072427816,21,14,0.0,0.0,0.0,False,16,21,,,,,
502,31,27,0.1703187072427816,21,15,0.0,0.0,0.0,False,14,21,,,,,
502,31,27,0.1703187072427816,21,16,0.0,0.0,0.0,False,14,21,,,,,
502,31,27,0.1703187072427816,21,17,0.5714285714285714,1.0,0.7272727272727273,True,12,21,0.4543797581721919,0.6181155396325131,0.2808922854818041,"[-0.3677146319179019, -0.25092067769675097]",0.44516877363794827
502,31,29,0.15070925364840695,21,0,0.0,0.0,0.0,False,37,21,,,,,
502,31,29,0.15070925364840695,21,1,0.0,0.0,0.0,False,27,21,,,,,
502,31,29,0.15070925364840695,21,2,0.0,0.0,0.0,False,27,21,,,,,
502,31,29,0.15070925364840695,21,3,0.0,0.0,0.0,False,26,21,,,,,
502,31,29,0.15070925364840695,21,4,0.0,0.0,0.0,False,26,21,,,,,
502,31,29,0.15070925364840695,21,5,0.0,0.0,0.0,False,23,21,,,,,
502,31,29,0.15070925364840695,21,6,0.0,0.0,0.0,False,23,21,,,,,
502,31,29,0.15070925364840695,21,7,0.0,0.0,0.0,False,23,21,,,,,
502,31,29,0.15070925364840695,21,8,0.0,0.0,0.0,False,21,21,,,,,
502,31,29,0.15070925364840695,21,9,0.0,0.0,0.0,False,19,21,,,,,
502,31,29,0.15070925364840695,21,10,0.0,0.0,0.0,False,18,21,,,,,
502,31,29,0.15070925364840695,21,11,0.0,0.0,0.0,False,17,21,,,,,
502,31,29,0.15070925364840695,21,12,0.0,0.0,0.0,False,16,21,,,,,
502,31,29,0.15070925364840695,21,13,0.0,0.0,0.0,False,16,21,,,,,
502,31,29,0.15070925364840695,21,14,0.0,0.0,0.0,False,16,21,,,,,
502,31,29,0.15070925364840695,21,15,0.0,0.0,0.0,False,14,21,,,,,
502,31,29,0.15070925364840695,21,16,0.0,0.0,0.0,False,14,21,,,,,
502,31,29,0.15070925364840695,21,17,0.5714285714285714,1.0,0.7272727272727273,True,12,21,0.4543797581721919,0.6181155396325131,0.2808922854818041,"[-0.3677146319179019, -0.25092067769675097]",0.44516877363794827
502,31,32,0.12236942294319238,16,0,0.0,0.0,0.0,False,37,16,,,,,
502,31,32,0.12236942294319238,16,1,0.0,0.0,0.0,False,27,16,,,,,
502,31,32,0.12236942294319238,16,2,0.0,0.0,0.0,False,27,16,,,,,
502,31,32,0.12236942294319238,16,3,0.0,0.0,0.0,False,26,16,,,,,
502,31,32,0.12236942294319238,16,4,0.0,0.0,0.0,False,26,16,,,,,
502,31,32,0.12236942294319238,16,5,0.0,0.0,0.0,False,23,16,,,,,
502,31,32,0.12236942294319238,16,6,0.0,0.0,0.0,False,23,16,,,,,
502,31,32,0.12236942294319238,16,7,0.0,0.0,0.0,False,23,16,,,,,
502,31,32,0.12236942294319238,16,8,0.0,0.0,0.0,False,21,16,,,,,
502,31,32,0.12236942294319238,16,9,0.0,0.0,0.0,False,19,16,,,,,
502,31,32,0.12236942294319238,16,10,0.0,0.0,0.0,False,18,16,,,,,
502,31,32,0.12236942294319238,16,11,0.0,0.0,0.0,False,17,16,,,,,
502,31,32,0.12236942294319238,16,12,1.0,1.0,1.0,True,16,16,0.7850067613891705,0.9140027045556682,0.11068127156394829,"[-0.15750000000000064, -0.01750000000000007]",0.15846923991740544
502,31,32,0.12236942294319238,16,13,0.0,0.0,0.0,False,16,16,,,,,
502,31,32,0.12236942294319238,16,14,0.0,0.0,0.0,False,16,16,,,,,
502,31,32,0.12236942294319238,16,15,0.0,0.0,0.0,False,14,16,,,,,
502,31,32,0.12236942294319238,16,16,0.0,0.0,0.0,False,14,16,,,,,
502,31,32,0.12236942294319238,16,17,0.0,0.0,0.0,False,12,16,,,,,
502,31,33,0.09166925144030831,12,0,0.0,0.0,0.0,False,37,12,,,,,
502,31,33,0.09166925144030831,12,1,0.0,0.0,0.0,False,27,12,,,,,
502,31,33,0.09166925144030831,12,2,0.0,0.0,0.0,False,27,12,,,,,
502,31,33,0.09166925144030831,12,3,0.0,0.0,0.0,False,26,12,,,,,
502,31,33,0.09166925144030831,12,4,0.0,0.0,0.0,False,26,12,,,,,
502,31,33,0.09166925144030831,12,5,0.0,0.0,0.0,False,23,12,,,,,
502,31,33,0.09166925144030831,12,6,0.0,0.0,0.0,False,23,12,,,,,
502,31,33,0.09166925144030831,12,7,0.0,0.0,0.0,False,23,12,,,,,
502,31,33,0.09166925144030831,12,8,0.0,0.0,0.0,False,21,12,,,,,
502,31,33,0.09166925144030831,12,9,0.0,0.0,0.0,False,19,12,,,,,
502,31,33,0.09166925144030831,12,10,0.08333333333333333,0.05555555555555555,0.06666666666666667,False,18,12,,,,,
502,31,33,0.09166925144030831,12,11,0.0,0.0,0.0,False,17,12,,,,,
502,31,33,0.09166925144030831,12,12,0.0,0.0,0.0,False,16,12,,,,,
502,31,33,0.09166925144030831,12,13,0.0,0.0,0.0,False,16,12,,,,,
502,31,33,0.09166925144030831,12,14,0.0,0.0,0.0,False,16,12,,,,,
502,31,33,0.09166925144030831,12,15,0.0,0.0,0.0,False,14,12,,,,,
502,31,33,0.09166925144030831,12,16,0.0,0.0,0.0,False,14,12,,,,,
502,31,33,0.09166925144030831,12,17,0.0,0.0,0.0,False,12,12,,,,,
502,32,25,0.31177440093588515,12,0,0.0,0.0,0.0,False,46,12,,,,,
502,32,25,0.31177440093588515,12,1,0.0,0.0,0.0,False,38,12,,,,,
502,32,25,0.31177440093588515,12,2,0.0,0.0,0.0,False,27,12,,,,,
502,32,25,0.31177440093588515,12,3,0.0,0.0,0.0,False,27,12,,,,,
502,32,25,0.31177440093588515,12,4,0.0,0.0,0.0,False,26,12,,,,,
502,32,25,0.31177440093588515,12,5,0.0,0.0,0.0,False,26,12,,,,,
502,32,25,0.31177440093588515,12,6,0.0,0.0,0.0,False,23,12,,,,,
502,32,25,0.31177440093588515,12,7,0.0,0.0,0.0,False,23,12,,,,,
502,32,25,0.31177440093588515,12,8,0.0,0.0,0.0,False,18,12,,,,,
502,32,25,0.31177440093588515,12,9,0.0,0.0,0.0,False,18,12,,,,,
502,32,25,0.31177440093588515,12,10,0.0,0.0,0.0,False,17,12,,,,,
502,32,25,0.31177440093588515,12,11,0.08333333333333333,0.0625,0.07142857142857142,False,16,12,,,,,
502,32,25,0.31177440093588515,12,12,0.0,0.0,0.0,False,16,12,,,,,
502,32,25,0.31177440093588515,12,13,0.0,0.0,0.0,False,15,12,,,,,
502,32,25,0.31177440093588515,12,14,0.0,0.0,0.0,False,14,12,,,,,
502,32,16,0.20008030117844858,37,0,0.0,0.0,0.0,False,46,37,,,,,
502,32,16,0.20008030117844858,37,1,1.0,0.9736842105263158,0.9866666666666667,True,38,37,0.8190400306865792,0.9196160122746316,0.09316050883831656,"[-0.005118594420023825, -0.042229994268151216]",0.042539069391851814
502,32,16,0.20008030117844858,37,2,0.0,0.0,0.0,False,27,37,,,,,
502,32,16,0.20008030117844858,37,3,0.0,0.0,0.0,False,27,37,,,,,
502,32,16,0.20008030117844858,37,4,0.0,0.0,0.0,False,26,37,,,,,
502,32,16,0.20008030117844858,37,5,0.0,0.0,0.0,False,26,37,,,,,
502,32,16,0.20008030117844858,37,6,0.0,0.0,0.0,False,23,37,,,,,
502,32,16,0.20008030117844858,37,7,0.0,0.0,0.0,False,23,37,,,,,
502,32,16,0.20008030117844858,37,8,0.0,0.0,0.0,False,18,37,,,,,
502,32,16,0.20008030117844858,37,9,0.0,0.0,0.0,False,18,37,,,,,
502,32,16,0.20008030117844858,37,10,0.0,0.0,0.0,False,17,37,,,,,
502,32,16,0.20008030117844858,37,11,0.0,0.0,0.0,False,16,37,,,,,
502,32,16,0.20008030117844858,37,12,0.0,0.0,0.0,False,16,37,,,,,
502,32,16,0.20008030117844858,37,13,0.0,0.0,0.0,False,15,37,,,,,
502,32,16,0.20008030117844858,37,14,0.0,0.0,0.0,False,14,37,,,,,
502,32,27,0.18750736723693434,12,0,0.0,0.0,0.0,False,46,12,,,,,
502,32,27,0.18750736723693434,12,1,0.0,0.0,0.0,False,38,12,,,,,
502,32,27,0.18750736723693434,12,2,0.0,0.0,0.0,False,27,12,,,,,
502,32,27,0.18750736723693434,12,3,0.0,0.0,0.0,False,27,12,,,,,
502,32,27,0.18750736723693434,12,4,0.0,0.0,0.0,False,26,12,,,,,
502,32,27,0.18750736723693434,12,5,0.0,0.0,0.0,False,26,12,,,,,
502,32,27,0.18750736723693434,12,6,0.0,0.0,0.0,False,23,12,,,,,
502,32,27,0.18750736723693434,12,7,0.0,0.0,0.0,False,23,12,,,,,
502,32,27,0.18750736723693434,12,8,0.0,0.0,0.0,False,18,12,,,,,
502,32,27,0.18750736723693434,12,9,0.0,0.0,0.0,False,18,12,,,,,
502,32,27,0.18750736723693434,12,10,0.0,0.0,0.0,False,17,12,,,,,
502,32,27,0.18750736723693434,12,11,0.08333333333333333,0.0625,0.07142857142857142,False,16,12,,,,,
502,32,27,0.18750736723693434,12,12,0.0,0.0,0.0,False,16,12,,,,,
502,32,27,0.18750736723693434,12,13,0.0,0.0,0.0,False,15,12,,,,,
502,32,27,0.18750736723693434,12,14,0.0,0.0,0.0,False,14,12,,,,,
502,32,29,0.1659189165261457,12,0,0.0,0.0,0.0,False,46,12,,,,,
502,32,29,0.1659189165261457,12,1,0.0,0.0,0.0,False,38,12,,,,,
502,32,29,0.1659189165261457,12,2,0.0,0.0,0.0,False,27,12,,,,,
502,32,29,0.1659189165261457,12,3,0.0,0.0,0.0,False,27,12,,,,,
502,32,29,0.1659189165261457,12,4,0.0,0.0,0.0,False,26,12,,,,,
502,32,29,0.1659189165261457,12,5,0.0,0.0,0.0,False,26,12,,,,,
502,32,29,0.1659189165261457,12,6,0.0,0.0,0.0,False,23,12,,,,,
502,32,29,0.1659189165261457,12,7,0.0,0.0,0.0,False,23,12,,,,,
502,32,29,0.1659189165261457,12,8,0.0,0.0,0.0,False,18,12,,,,,
502,32,29,0.1659189165261457,12,9,0.0,0.0,0.0,False,18,12,,,,,
502,32,29,0.1659189165261457,12,10,0.0,0.0,0.0,False,17,12,,,,,
502,32,29,0.1659189165261457,12,11,0.08333333333333333,0.0625,0.07142857142857142,False,16,12,,,,,
502,32,29,0.1659189165261457,12,12,0.0,0.0,0.0,False,16,12,,,,,
502,32,29,0.1659189165261457,12,13,0.0,0.0,0.0,False,15,12,,,,,
502,32,29,0.1659189165261457,12,14,0.0,0.0,0.0,False,14,12,,,,,
502,32,32,0.13471901412258616,16,0,0.0,0.0,0.0,False,46,16,,,,,
502,32,32,0.13471901412258616,16,1,0.0,0.0,0.0,False,38,16,,,,,
502,32,32,0.13471901412258616,16,2,0.0,0.0,0.0,False,27,16,,,,,
502,32,32,0.13471901412258616,16,3,0.0,0.0,0.0,False,27,16,,,,,
502,32,32,0.13471901412258616,16,4,0.0,0.0,0.0,False,26,16,,,,,
502,32,32,0.13471901412258616,16,5,0.0,0.0,0.0,False,26,16,,,,,
502,32,32,0.13471901412258616,16,6,0.0,0.0,0.0,False,23,16,,,,,
502,32,32,0.13471901412258616,16,7,0.0,0.0,0.0,False,23,16,,,,,
502,32,32,0.13471901412258616,16,8,0.0,0.0,0.0,False,18,16,,,,,
502,32,32,0.13471901412258616,16,9,0.0,0.0,0.0,False,18,16,,,,,
502,32,32,0.13471901412258616,16,10,0.0,0.0,0.0,False,17,16,,,,,
502,32,32,0.13471901412258616,16,11,0.9375,0.9375,0.9375,True,16,16,0.7341296005954936,0.8561518402381975,0.13687348526607704,"[-0.2518270054782059, -0.051308594576040534]",0.25700080265533964
502,32,32,0.13471901412258616,16,12,0.0,0.0,0.0,False,16,16,,,,,
502,32,32,0.13471901412258616,16,13,0.0,0.0,0.0,False,15,16,,,,,
502,32,32,0.13471901412258616,16,14,0.0,0.0,0.0,False,14,16,,,,,
502,33,16,0.597612635493434,38,0,0.0,0.0,0.0,False,47,38,,,,,
502,33,16,0.597612635493434,38,1,0.8947368421052632,1.0,0.9444444444444444,True,34,38,0.7547451262749106,0.8685647171766309,0.12626034872792097,"[-0.2386077537935556, -0.16593332887383028]",0.2906329812694298
502,33,16,0.597612635493434,38,2,0.0,0.0,0.0,False,28,38,,,,,
502,33,16,0.597612635493434,38,3,0.0,0.0,0.0,False,27,38,,,,,
502,33,16,0.597612635493434,38,4,0.0,0.0,0.0,False,27,38,,,,,
502,33,16,0.597612635493434,38,5,0.0,0.0,0.0,False,26,38,,,,,
502,33,16,0.597612635493434,38,6,0.0,0.0,0.0,False,24,38,,,,,
502,33,16,0.597612635493434,38,7,0.0,0.0,0.0,False,24,38,,,,,
502,33,16,0.597612635493434,38,8,0.0,0.0,0.0,False,19,38,,,,,
502,33,16,0.597612635493434,38,9,0.0,0.0,0.0,False,18,38,,,,,
502,33,16,0.597612635493434,38,10,0.0,0.0,0.0,False,17,38,,,,,
502,33,16,0.597612635493434,38,11,0.0,0.0,0.0,False,16,38,,,,,
502,33,16,0.597612635493434,38,12,0.0,0.0,0.0,False,14,38,,,,,
502,33,16,0.597612635493434,38,13,0.0,0.0,0.0,False,14,38,,,,,
502,33,16,0.597612635493434,38,14,0.0,0.0,0.0,False,14,38,,,,,
502,33,16,0.597612635493434,38,15,0.0,0.0,0.0,False,12,38,,,,,
502,33,32,0.4023873645065659,16,0,0.0,0.0,0.0,False,47,16,,,,,
502,33,32,0.4023873645065659,16,1,0.0,0.0,0.0,False,34,16,,,,,
502,33,32,0.4023873645065659,16,2,0.0,0.0,0.0,False,28,16,,,,,
502,33,32,0.4023873645065659,16,3,0.0,0.0,0.0,False,27,16,,,,,
502,33,32,0.4023873645065659,16,4,0.0,0.0,0.0,False,27,16,,,,,
502,33,32,0.4023873645065659,16,5,0.0,0.0,0.0,False,26,16,,,,,
502,33,32,0.4023873645065659,16,6,0.0,0.0,0.0,False,24,16,,,,,
502,33,32,0.4023873645065659,16,7,0.0,0.0,0.0,False,24,16,,,,,
502,33,32,0.4023873645065659,16,8,0.0,0.0,0.0,False,19,16,,,,,
502,33,32,0.4023873645065659,16,9,0.0,0.0,0.0,False,18,16,,,,,
502,33,32,0.4023873645065659,16,10,0.0,0.0,0.0,False,17,16,,,,,
502,33,32,0.4023873645065659,16,11,0.0,0.0,0.0,False,16,16,,,,,
502,33,32,0.4023873645065659,16,12,0.0,0.0,0.0,False,14,16,,,,,
502,33,32,0.4023873645065659,16,13,0.0,0.0,0.0,False,14,16,,,,,
502,33,32,0.4023873645065659,16,14,0.25,0.2857142857142857,0.26666666666666666,False,14,16,,,,,
502,33,32,0.4023873645065659,16,15,0.75,1.0,0.8571428571428571,True,12,16,0.7153941413776136,0.8004433708367598,0.14651873952136601,"[-0.19325887768050265, 0.02044404732834315]",0.19433721432986278
502,34,16,0.597612635493434,34,0,0.0,0.0,0.0,False,46,34,,,,,
502,34,16,0.597612635493434,34,1,1.0,1.0,1.0,True,34,34,0.8418080935962022,0.9367232374384808,0.08143921857743243,"[-0.07411764705882362, -0.008235294117646674]",0.07457375996113172
502,34,16,0.597612635493434,34,2,0.0,0.0,0.0,False,31,34,,,,,
502,34,16,0.597612635493434,34,3,0.0,0.0,0.0,False,28,34,,,,,
502,34,16,0.597612635493434,34,4,0.0,0.0,0.0,False,27,34,,,,,
502,34,16,0.597612635493434,34,5,0.0,0.0,0.0,False,27,34,,,,,
502,34,16,0.597612635493434,34,6,0.0,0.0,0.0,False,24,34,,,,,
502,34,16,0.597612635493434,34,7,0.0,0.0,0.0,False,24,34,,,,,
502,34,16,0.597612635493434,34,8,0.0,0.0,0.0,False,20,34,,,,,
502,34,16,0.597612635493434,34,9,0.0,0.0,0.0,False,19,34,,,,,
502,34,16,0.597612635493434,34,10,0.0,0.0,0.0,False,18,34,,,,,
502,34,16,0.597612635493434,34,11,0.0,0.0,0.0,False,17,34,,,,,
502,34,16,0.597612635493434,34,12,0.0,0.0,0.0,False,16,34,,,,,
502,34,16,0.597612635493434,34,13,0.0,0.0,0.0,False,15,34,,,,,
502,34,16,0.597612635493434,34,14,0.0,0.0,0.0,False,15,34,,,,,
502,34,16,0.597612635493434,34,15,0.0,0.0,0.0,False,14,34,,,,,
502,34,16,0.597612635493434,34,16,0.0,0.0,0.0,False,14,34,,,,,
502,34,32,0.4023873645065659,12,0,0.0,0.0,0.0,False,46,12,,,,,
502,34,32,0.4023873645065659,12,1,0.0,0.0,0.0,False,34,12,,,,,
502,34,32,0.4023873645065659,12,2,1.0,0.3870967741935484,0.5581395348837209,True,31,12,0.3702532267663987,0.4829850116367921,0.3242017008309648,"[0.47225372920428654, 0.26219917948304694]",0.5401592306616065
502,34,32,0.4023873645065659,12,3,0.0,0.0,0.0,False,28,12,,,,,
502,34,32,0.4023873645065659,12,4,0.0,0.0,0.0,False,27,12,,,,,
502,34,32,0.4023873645065659,12,5,0.0,0.0,0.0,False,27,12,,,,,
502,34,32,0.4023873645065659,12,6,0.0,0.0,0.0,False,24,12,,,,,
502,34,32,0.4023873645065659,12,7,0.0,0.0,0.0,False,24,12,,,,,
502,34,32,0.4023873645065659,12,8,0.0,0.0,0.0,False,20,12,,,,,
502,34,32,0.4023873645065659,12,9,0.0,0.0,0.0,False,19,12,,,,,
502,34,32,0.4023873645065659,12,10,0.0,0.0,0.0,False,18,12,,,,,
502,34,32,0.4023873645065659,12,11,0.0,0.0,0.0,False,17,12,,,,,
502,34,32,0.4023873645065659,12,12,0.0,0.0,0.0,False,16,12,,,,,
502,34,32,0.4023873645065659,12,13,0.0,0.0,0.0,False,15,12,,,,,
502,34,32,0.4023873645065659,12,14,0.0,0.0,0.0,False,15,12,,,,,
502,34,32,0.4023873645065659,12,15,0.0,0.0,0.0,False,14,12,,,,,
502,34,32,0.4023873645065659,12,16,0.0,0.0,0.0,False,14,12,,,,,
502,35,16,0.597612635493434,34,0,0.0,0.0,0.0,False,46,34,,,,,
502,35,16,0.597612635493434,34,1,0.0,0.0,0.0,False,35,34,,,,,
502,35,16,0.597612635493434,34,2,1.0,1.0,1.0,True,34,34,0.8455521081719537,0.9382208432687815,0.07951175194324568,"[-0.0823529411764703, -0.06588235294117695]",0.10546322273418816
502,35,16,0.597612635493434,34,3,0.0,0.0,0.0,False,27,34,,,,,
502,35,16,0.597612635493434,34,4,0.0,0.0,0.0,False,27,34,,,,,
502,35,16,0.597612635493434,34,5,0.0,0.0,0.0,False,24,34,,,,,
502,35,16,0.597612635493434,34,6,0.0,0.0,0.0,False,24,34,,,,,
502,35,16,0.597612635493434,34,7,0.0,0.0,0.0,False,20,34,,,,,
502,35,16,0.597612635493434,34,8,0.0,0.0,0.0,False,19,34,,,,,
502,35,16,0.597612635493434,34,9,0.0,0.0,0.0,False,18,34,,,,,
502,35,16,0.597612635493434,34,10,0.0,0.0,0.0,False,18,34,,,,,
502,35,16,0.597612635493434,34,11,0.0,0.0,0.0,False,17,34,,,,,
502,35,16,0.597612635493434,34,12,0.0,0.0,0.0,False,17,34,,,,,
502,35,16,0.597612635493434,34,13,0.0,0.0,0.0,False,14,34,,,,,
502,35,16,0.597612635493434,34,14,0.0,0.0,0.0,False,14,34,,,,,
502,35,16,0.597612635493434,34,15,0.0,0.0,0.0,False,14,34,,,,,
502,35,16,0.597612635493434,34,16,0.0,0.0,0.0,False,14,34,,,,,
502,35,32,0.4023873645065659,31,0,0.0,0.0,0.0,False,46,31,,,,,
502,35,32,0.4023873645065659,31,1,0.0,0.0,0.0,False,35,31,,,,,
502,35,32,0.4023873645065659,31,2,0.0,0.0,0.0,False,34,31,,,,,
502,35,32,0.4023873645065659,31,3,0.0,0.0,0.0,False,27,31,,,,,
502,35,32,0.4023873645065659,31,4,0.0,0.0,0.0,False,27,31,,,,,
502,35,32,0.4023873645065659,31,5,0.0,0.0,0.0,False,24,31,,,,,
502,35,32,0.4023873645065659,31,6,0.0,0.0,0.0,False,24,31,,,,,
502,35,32,0.4023873645065659,31,7,0.0,0.0,0.0,False,20,31,,,,,
502,35,32,0.4023873645065659,31,8,0.0,0.0,0.0,False,19,31,,,,,
502,35,32,0.4023873645065659,31,9,0.5806451612903226,1.0,0.7346938775510204,True,18,31,0.2180627797355832,0.5280414384248455,0.4025512912929594,"[0.14167663959157473, 0.20444316446820743]",0.2487353567624343
502,35,32,0.4023873645065659,31,10,0.0,0.0,0.0,False,18,31,,,,,
502,35,32,0.4023873645065659,31,11,0.0,0.0,0.0,False,17,31,,,,,
502,35,32,0.4023873645065659,31,12,0.0,0.0,0.0,False,17,31,,,,,
502,35,32,0.4023873645065659,31,13,0.0,0.0,0.0,False,14,31,,,,,
502,35,32,0.4023873645065659,31,14,0.0,0.0,0.0,False,14,31,,,,,
502,35,32,0.4023873645065659,31,15,0.41935483870967744,0.9285714285714286,0.5777777777777777,True,14,31,0.38151065643733584,0.499270929241601,0.3184062319196077,"[-0.6145057746627458, 0.10848730655505268]",0.624008688062459
502,35,32,0.4023873645065659,31,16,0.0,0.0,0.0,False,14,31,,,,,
502,36,16,0.5976126354934341,34,0,0.0,0.0,0.0,False,46,34,,,,,
502,36,16,0.5976126354934341,34,1,1.0,0.8947368421052632,0.9444444444444444,True,38,34,0.7597287150516154,0.8705581526873128,0.12369473342614873,"[0.10034149992358543, 0.018998344353708063]",0.10212420719445986
502,36,16,0.5976126354934341,34,2,0.0,0.0,0.0,False,35,34,,,,,
502,36,16,0.5976126354934341,34,3,0.0,0.0,0.0,False,27,34,,,,,
502,36,16,0.5976126354934341,34,4,0.0,0.0,0.0,False,26,34,,,,,
502,36,16,0.5976126354934341,34,5,0.0,0.0,0.0,False,24,34,,,,,
502,36,16,0.5976126354934341,34,6,0.0,0.0,0.0,False,24,34,,,,,
502,36,16,0.5976126354934341,34,7,0.0,0.0,0.0,False,20,34,,,,,
502,36,16,0.5976126354934341,34,8,0.0,0.0,0.0,False,19,34,,,,,
502,36,16,0.5976126354934341,34,9,0.0,0.0,0.0,False,19,34,,,,,
502,36,16,0.5976126354934341,34,10,0.0,0.0,0.0,False,18,34,,,,,
502,36,16,0.5976126354934341,34,11,0.0,0.0,0.0,False,17,34,,,,,
502,36,16,0.5976126354934341,34,12,0.0,0.0,0.0,False,17,34,,,,,
502,36,16,0.5976126354934341,34,13,0.0,0.0,0.0,False,14,34,,,,,
502,36,16,0.5976126354934341,34,14,0.0,0.0,0.0,False,14,34,,,,,
502,36,16,0.5976126354934341,34,15,0.0,0.0,0.0,False,14,34,,,,,
502,36,16,0.5976126354934341,34,16,0.0,0.0,0.0,False,14,34,,,,,
502,36,36,0.21275781161149263,18,0,0.0,0.0,0.0,False,46,18,,,,,
502,36,36,0.21275781161149263,18,1,0.0,0.0,0.0,False,38,18,,,,,
502,36,36,0.21275781161149263,18,2,0.0,0.0,0.0,False,35,18,,,,,
502,36,36,0.21275781161149263,18,3,0.0,0.0,0.0,False,27,18,,,,,
502,36,36,0.21275781161149263,18,4,0.0,0.0,0.0,False,26,18,,,,,
502,36,36,0.21275781161149263,18,5,0.0,0.0,0.0,False,24,18,,,,,
502,36,36,0.21275781161149263,18,6,0.0,0.0,0.0,False,24,18,,,,,
502,36,36,0.21275781161149263,18,7,0.0,0.0,0.0,False,20,18,,,,,
502,36,36,0.21275781161149263,18,8,0.0,0.0,0.0,False,19,18,,,,,
502,36,36,0.21275781161149263,18,9,1.0,0.9473684210526315,0.972972972972973,True,19,18,0.6928053704509047,0.8609059319641457,0.1581477279741636,"[-0.07314854277936433, -0.023291728730077566]",0.07676727126829515
502,36,36,0.21275781161149263,18,10,0.0,0.0,0.0,False,18,18,,,,,
502,36,36,0.21275781161149263,18,11,0.0,0.0,0.0,False,17,18,,,,,
502,36,36,0.21275781161149263,18,12,0.0,0.0,0.0,False,17,18,,,,,
502,36,36,0.21275781161149263,18,13,0.0,0.0,0.0,False,14,18,,,,,
502,36,36,0.21275781161149263,18,14,0.0,0.0,0.0,False,14,18,,,,,
502,36,36,0.21275781161149263,18,15,0.0,0.0,0.0,False,14,18,,,,,
502,36,36,0.21275781161149263,18,16,0.0,0.0,0.0,False,14,18,,,,,
502,36,37,0.18962955289507333,14,0,0.0,0.0,0.0,False,46,14,,,,,
502,36,37,0.18962955289507333,14,1,0.0,0.0,0.0,False,38,14,,,,,
502,36,37,0.18962955289507333,14,2,0.0,0.0,0.0,False,35,14,,,,,
502,36,37,0.18962955289507333,14,3,0.0,0.0,0.0,False,27,14,,,,,
502,36,37,0.18962955289507333,14,4,0.0,0.0,0.0,False,26,14,,,,,
502,36,37,0.18962955289507333,14,5,0.0,0.0,0.0,False,24,14,,,,,
502,36,37,0.18962955289507333,14,6,0.0,0.0,0.0,False,24,14,,,,,
502,36,37,0.18962955289507333,14,7,0.0,0.0,0.0,False,20,14,,,,,
502,36,37,0.18962955289507333,14,8,0.0,0.0,0.0,False,19,14,,,,,
502,36,37,0.18962955289507333,14,9,0.0,0.0,0.0,False,19,14,,,,,
502,36,37,0.18962955289507333,14,10,0.0,0.0,0.0,False,18,14,,,,,
502,36,37,0.18962955289507333,14,11,0.0,0.0,0.0,False,17,14,,,,,
502,36,37,0.18962955289507333,14,12,0.0,0.0,0.0,False,17,14,,,,,
502,36,37,0.18962955289507333,14,13,0.0,0.0,0.0,False,14,14,,,,,
502,36,37,0.18962955289507333,14,14,0.0,0.0,0.0,False,14,14,,,,,
502,36,37,0.18962955289507333,14,15,1.0,1.0,1.0,True,14,14,0.7403056313602279,0.8961222525440911,0.13369398556331566,"[-0.14000000000000057, 0.0600000000000005]",0.1523154621172789
502,36,37,0.18962955289507333,14,16,0.0,0.0,0.0,False,14,14,,,,,
502,37,16,0.5976126354934341,38,0,0.0,0.0,0.0,False,47,38,,,,,
502,37,16,0.5976126354934341,38,1,1.0,1.0,1.0,True,38,38,0.8314103116630236,0.9325641246652094,0.08679212982824645,"[-0.09578947368420998, -0.09578947368421353]",0.13546677281679295
502,37,16,0.5976126354934341,38,2,0.0,0.0,0.0,False,35,38,,,,,
502,37,16,0.5976126354934341,38,3,0.0,0.0,0.0,False,33,38,,,,,
502,37,16,0.5976126354934341,38,4,0.0,0.0,0.0,False,27,38,,,,,
502,37,16,0.5976126354934341,38,5,0.0,0.0,0.0,False,26,38,,,,,
502,37,16,0.5976126354934341,38,6,0.0,0.0,0.0,False,25,38,,,,,
502,37,16,0.5976126354934341,38,7,0.0,0.0,0.0,False,24,38,,,,,
502,37,16,0.5976126354934341,38,8,0.0,0.0,0.0,False,23,38,,,,,
502,37,16,0.5976126354934341,38,9,0.0,0.0,0.0,False,22,38,,,,,
502,37,16,0.5976126354934341,38,10,0.0,0.0,0.0,False,20,38,,,,,
502,37,16,0.5976126354934341,38,11,0.0,0.0,0.0,False,19,38,,,,,
502,37,16,0.5976126354934341,38,12,0.0,0.0,0.0,False,18,38,,,,,
502,37,16,0.5976126354934341,38,13,0.0,0.0,0.0,False,14,38,,,,,
502,37,16,0.5976126354934341,38,14,0.0,0.0,0.0,False,13,38,,,,,
502,37,36,0.21275781161149263,19,0,0.0,0.0,0.0,False,47,19,,,,,
502,37,36,0.21275781161149263,19,1,0.0,0.0,0.0,False,38,19,,,,,
502,37,36,0.21275781161149263,19,2,0.0,0.0,0.0,False,35,19,,,,,
502,37,36,0.21275781161149263,19,3,0.0,0.0,0.0,False,33,19,,,,,
502,37,36,0.21275781161149263,19,4,0.0,0.0,0.0,False,27,19,,,,,
502,37,36,0.21275781161149263,19,5,0.0,0.0,0.0,False,26,19,,,,,
502,37,36,0.21275781161149263,19,6,0.0,0.0,0.0,False,25,19,,,,,
502,37,36,0.21275781161149263,19,7,0.0,0.0,0.0,False,24,19,,,,,
502,37,36,0.21275781161149263,19,8,0.0,0.0,0.0,False,23,19,,,,,
502,37,36,0.21275781161149263,19,9,0.0,0.0,0.0,False,22,19,,,,,
502,37,36,0.21275781161149263,19,10,0.0,0.0,0.0,False,20,19,,,,,
502,37,36,0.21275781161149263,19,11,1.0,1.0,1.0,True,19,19,0.6588037430388027,0.8635214972155211,0.17565220105216242,"[0.029473684210525875, -0.04421052631578881]",0.05313443984894221
502,37,36,0.21275781161149263,19,12,0.0,0.0,0.0,False,18,19,,,,,
502,37,36,0.21275781161149263,19,13,0.0,0.0,0.0,False,14,19,,,,,
502,37,36,0.21275781161149263,19,14,0.0,0.0,0.0,False,13,19,,,,,
502,37,37,0.18962955289507333,14,0,0.0,0.0,0.0,False,47,14,,,,,
502,37,37,0.18962955289507333,14,1,0.0,0.0,0.0,False,38,14,,,,,
502,37,37,0.18962955289507333,14,2,0.0,0.0,0.0,False,35,14,,,,,
502,37,37,0.18962955289507333,14,3,0.0,0.0,0.0,False,33,14,,,,,
502,37,37,0.18962955289507333,14,4,0.07142857142857142,0.037037037037037035,0.04878048780487805,False,27,14,,,,,
502,37,37,0.18962955289507333,14,5,0.0,0.0,0.0,False,26,14,,,,,
502,37,37,0.18962955289507333,14,6,0.0,0.0,0.0,False,25,14,,,,,
502,37,37,0.18962955289507333,14,7,0.0,0.0,0.0,False,24,14,,,,,
502,37,37,0.18962955289507333,14,8,0.0,0.0,0.0,False,23,14,,,,,
502,37,37,0.18962955289507333,14,9,0.0,0.0,0.0,False,22,14,,,,,
502,37,37,0.18962955289507333,14,10,0.0,0.0,0.0,False,20,14,,,,,
502,37,37,0.18962955289507333,14,11,0.0,0.0,0.0,False,19,14,,,,,
502,37,37,0.18962955289507333,14,12,0.0,0.0,0.0,False,18,14,,,,,
502,37,37,0.18962955289507333,14,13,0.0,0.0,0.0,False,14,14,,,,,
502,37,37,0.18962955289507333,14,14,0.9285714285714286,1.0,0.9629629629629629,True,13,14,0.6979538544739428,0.8569593195673548,0.1554972224886026,"[-0.140123418617895, -0.1346393804341095]",0.1943253334201352
502,38,16,0.5976126354934341,38,0,0.0,0.0,0.0,False,47,38,,,,,
502,38,16,0.5976126354934341,38,1,0.0,0.0,0.0,False,38,38,,,,,
502,38,16,0.5976126354934341,38,2,1.0,1.0,1.0,True,38,38,0.8278531594237839,0.9311412637695136,0.08862339733939957,"[-0.08105263157894704, -0.11052631578947114]",0.13706055438333242
502,38,16,0.5976126354934341,38,3,0.0,0.0,0.0,False,35,38,,,,,
502,38,16,0.5976126354934341,38,4,0.0,0.0,0.0,False,26,38,,,,,
502,38,16,0.5976126354934341,38,5,0.0,0.0,0.0,False,26,38,,,,,
502,38,16,0.5976126354934341,38,6,0.0,0.0,0.0,False,25,38,,,,,
502,38,16,0.5976126354934341,38,7,0.0,0.0,0.0,False,23,38,,,,,
502,38,16,0.5976126354934341,38,8,0.0,0.0,0.0,False,20,38,,,,,
502,38,16,0.5976126354934341,38,9,0.0,0.0,0.0,False,19,38,,,,,
502,38,16,0.5976126354934341,38,10,0.0,0.0,0.0,False,19,38,,,,,
502,38,16,0.5976126354934341,38,11,0.0,0.0,0.0,False,18,38,,,,,
502,38,16,0.5976126354934341,38,12,0.0,0.0,0.0,False,16,38,,,,,
502,38,16,0.5976126354934341,38,13,0.0,0.0,0.0,False,15,38,,,,,
502,38,16,0.5976126354934341,38,14,0.0,0.0,0.0,False,14,38,,,,,
502,38,16,0.5976126354934341,38,15,0.0,0.0,0.0,False,14,38,,,,,
502,38,36,0.21275781161149263,19,0,0.0,0.0,0.0,False,47,19,,,,,
502,38,36,0.21275781161149263,19,1,0.0,0.0,0.0,False,38,19,,,,,
502,38,36,0.21275781161149263,19,2,0.0,0.0,0.0,False,38,19,,,,,
502,38,36,0.21275781161149263,19,3,0.0,0.0,0.0,False,35,19,,,,,
502,38,36,0.21275781161149263,19,4,0.0,0.0,0.0,False,26,19,,,,,
502,38,36,0.21275781161149263,19,5,0.0,0.0,0.0,False,26,19,,,,,
502,38,36,0.21275781161149263,19,6,0.0,0.0,0.0,False,25,19,,,,,
502,38,36,0.21275781161149263,19,7,0.0,0.0,0.0,False,23,19,,,,,
502,38,36,0.21275781161149263,19,8,0.0,0.0,0.0,False,20,19,,,,,
502,38,36,0.21275781161149263,19,9,0.0,0.0,0.0,False,19,19,,,,,
502,38,36,0.21275781161149263,19,10,1.0,1.0,1.0,True,19,19,0.6955986531804919,0.8782394612721967,0.156709710265579,"[0.02947368421052765, 0.0442105263157897]",0.05313443984894393
502,38,36,0.21275781161149263,19,11,0.0,0.0,0.0,False,18,19,,,,,
502,38,36,0.21275781161149263,19,12,0.0,0.0,0.0,False,16,19,,,,,
502,38,36,0.21275781161149263,19,13,0.0,0.0,0.0,False,15,19,,,,,
502,38,36,0.21275781161149263,19,14,0.0,0.0,0.0,False,14,19,,,,,
502,38,36,0.21275781161149263,19,15,0.0,0.0,0.0,False,14,19,,,,,
502,38,37,0.18962955289507333,13,0,0.0,0.0,0.0,False,47,13,,,,,
502,38,37,0.18962955289507333,13,1,0.0,0.0,0.0,False,38,13,,,,,
502,38,37,0.18962955289507333,13,2,0.0,0.0,0.0,False,38,13,,,,,
502,38,37,0.18962955289507333,13,3,0.0,0.0,0.0,False,35,13,,,,,
502,38,37,0.18962955289507333,13,4,0.0,0.0,0.0,False,26,13,,,,,
502,38,37,0.18962955289507333,13,5,0.0,0.0,0.0,False,26,13,,,,,
502,38,37,0.18962955289507333,13,6,0.0,0.0,0.0,False,25,13,,,,,
502,38,37,0.18962955289507333,13,7,0.0,0.0,0.0,False,23,13,,,,,
502,38,37,0.18962955289507333,13,8,0.0,0.0,0.0,False,20,13,,,,,
502,38,37,0.18962955289507333,13,9,0.0,0.0,0.0,False,19,13,,,,,
502,38,37,0.18962955289507333,13,10,0.0,0.0,0.0,False,19,13,,,,,
502,38,37,0.18962955289507333,13,11,0.0,0.0,0.0,False,18,13,,,,,
502,38,37,0.18962955289507333,13,12,0.0,0.0,0.0,False,16,13,,,,,
502,38,37,0.18962955289507333,13,13,0.0,0.0,0.0,False,15,13,,,,,
502,38,37,0.18962955289507333,13,14,0.0,0.0,0.0,False,14,13,,,,,
502,38,37,0.18962955289507333,13,15,1.0,0.9285714285714286,0.9629629629629629,True,14,13,0.7148883543640772,0.8637331195234086,0.14677912515098143,"[-0.0398765813821047, 0.2746393804341096]",0.2775192444281211
502,39,16,0.5976126354934341,38,0,0.0,0.0,0.0,False,39,38,,,,,
502,39,16,0.5976126354934341,38,1,1.0,1.0,1.0,True,38,38,0.7907682557288599,0.916307302291544,0.10771518051966372,"[-0.09578947368420998, -0.051578947368422945]",0.10879343307540441
502,39,16,0.5976126354934341,38,2,0.0,0.0,0.0,False,34,38,,,,,
502,39,16,0.5976126354934341,38,3,0.0,0.0,0.0,False,31,38,,,,,
502,39,16,0.5976126354934341,38,4,0.0,0.0,0.0,False,27,38,,,,,
502,39,16,0.5976126354934341,38,5,0.0,0.0,0.0,False,26,38,,,,,
502,39,16,0.5976126354934341,38,6,0.0,0.0,0.0,False,26,38,,,,,
502,39,16,0.5976126354934341,38,7,0.0,0.0,0.0,False,26,38,,,,,
502,39,16,0.5976126354934341,38,8,0.0,0.0,0.0,False,22,38,,,,,
502,39,16,0.5976126354934341,38,9,0.0,0.0,0.0,False,22,38,,,,,
502,39,16,0.5976126354934341,38,10,0.0,0.0,0.0,False,19,38,,,,,
502,39,16,0.5976126354934341,38,11,0.0,0.0,0.0,False,18,38,,,,,
502,39,16,0.5976126354934341,38,12,0.0,0.0,0.0,False,14,38,,,,,
502,39,16,0.5976126354934341,38,13,0.0,0.0,0.0,False,14,38,,,,,
502,39,36,0.21275781161149263,19,0,0.0,0.0,0.0,False,39,19,,,,,
502,39,36,0.21275781161149263,19,1,0.0,0.0,0.0,False,38,19,,,,,
502,39,36,0.21275781161149263,19,2,0.0,0.0,0.0,False,34,19,,,,,
502,39,36,0.21275781161149263,19,3,0.0,0.0,0.0,False,31,19,,,,,
502,39,36,0.21275781161149263,19,4,0.0,0.0,0.0,False,27,19,,,,,
502,39,36,0.21275781161149263,19,5,0.0,0.0,0.0,False,26,19,,,,,
502,39,36,0.21275781161149263,19,6,0.0,0.0,0.0,False,26,19,,,,,
502,39,36,0.21275781161149263,19,7,0.0,0.0,0.0,False,26,19,,,,,
502,39,36,0.21275781161149263,19,8,0.0,0.0,0.0,False,22,19,,,,,
502,39,36,0.21275781161149263,19,9,0.0,0.0,0.0,False,22,19,,,,,
502,39,36,0.21275781161149263,19,10,1.0,1.0,1.0,True,19,19,0.6846521237532552,0.873860849501302,0.16234512375135782,"[0.029473684210525875, 0.07368421052631557]",0.07936032347356074
502,39,36,0.21275781161149263,19,11,0.0,0.0,0.0,False,18,19,,,,,
502,39,36,0.21275781161149263,19,12,0.0,0.0,0.0,False,14,19,,,,,
502,39,36,0.21275781161149263,19,13,0.0,0.0,0.0,False,14,19,,,,,
502,39,37,0.18962955289507333,14,0,0.0,0.0,0.0,False,39,14,,,,,
502,39,37,0.18962955289507333,14,1,0.0,0.0,0.0,False,38,14,,,,,
502,39,37,0.18962955289507333,14,2,0.0,0.0,0.0,False,34,14,,,,,
502,39,37,0.18962955289507333,14,3,0.0,0.0,0.0,False,31,14,,,,,
502,39,37,0.18962955289507333,14,4,0.0,0.0,0.0,False,27,14,,,,,
502,39,37,0.18962955289507333,14,5,0.0,0.0,0.0,False,26,14,,,,,
502,39,37,0.18962955289507333,14,6,0.0,0.0,0.0,False,26,14,,,,,
502,39,37,0.18962955289507333,14,7,0.0,0.0,0.0,False,26,14,,,,,
502,39,37,0.18962955289507333,14,8,0.0,0.0,0.0,False,22,14,,,,,
502,39,37,0.18962955289507333,14,9,0.0,0.0,0.0,False,22,14,,,,,
502,39,37,0.18962955289507333,14,10,0.0,0.0,0.0,False,19,14,,,,,
502,39,37,0.18962955289507333,14,11,0.0,0.0,0.0,False,18,14,,,,,
502,39,37,0.18962955289507333,14,12,1.0,1.0,1.0,True,14,14,0.6620456150074172,0.8648182460029669,0.17398324386052127,"[-0.1600000000000006, 0.03999999999999959]",0.16492422502470688
502,39,37,0.18962955289507333,14,13,0.0,0.0,0.0,False,14,14,,,,,
502,40,16,0.5976126354934341,38,0,0.0,0.0,0.0,False,48,38,,,,,
502,40,16,0.5976126354934341,38,1,0.0,0.0,0.0,False,39,38,,,,,
502,40,16,0.5976126354934341,38,2,1.0,1.0,1.0,True,38,38,0.8517123134278467,0.9406849253711387,0.07634039941503265,"[-0.10315789473684234, -0.07368421052631646]",0.1267711091985235
502,40,16,0.5976126354934341,38,3,0.0,0.0,0.0,False,34,38,,,,,
502,40,16,0.5976126354934341,38,4,0.0,0.0,0.0,False,26,38,,,,,
502,40,16,0.5976126354934341,38,5,0.0,0.0,0.0,False,26,38,,,,,
502,40,16,0.5976126354934341,38,6,0.0,0.0,0.0,False,26,38,,,,,
502,40,16,0.5976126354934341,38,7,0.0,0.0,0.0,False,23,38,,,,,
502,40,16,0.5976126354934341,38,8,0.0,0.0,0.0,False,19,38,,,,,
502,40,16,0.5976126354934341,38,9,0.0,0.0,0.0,False,18,38,,,,,
502,40,16,0.5976126354934341,38,10,0.0,0.0,0.0,False,16,38,,,,,
502,40,16,0.5976126354934341,38,11,0.0,0.0,0.0,False,15,38,,,,,
502,40,16,0.5976126354934341,38,12,0.0,0.0,0.0,False,14,38,,,,,
502,40,16,0.5976126354934341,38,13,0.0,0.0,0.0,False,14,38,,,,,
502,40,36,0.21275781161149263,19,0,0.0,0.0,0.0,False,48,19,,,,,
502,40,36,0.21275781161149263,19,1,0.0,0.0,0.0,False,39,19,,,,,
502,40,36,0.21275781161149263,19,2,0.0,0.0,0.0,False,38,19,,,,,
502,40,36,0.21275781161149263,19,3,0.0,0.0,0.0,False,34,19,,,,,
502,40,36,0.21275781161149263,19,4,0.0,0.0,0.0,False,26,19,,,,,
502,40,36,0.21275781161149263,19,5,0.0,0.0,0.0,False,26,19,,,,,
502,40,36,0.21275781161149263,19,6,0.0,0.0,0.0,False,26,19,,,,,
502,40,36,0.21275781161149263,19,7,0.0,0.0,0.0,False,23,19,,,,,
502,40,36,0.21275781161149263,19,8,1.0,1.0,1.0,True,19,19,0.7733303475654294,0.9093321390261717,0.11669243888097214,"[0.014736842105262937, 0.05894736842105264]",0.06076155658804969
502,40,36,0.21275781161149263,19,9,0.0,0.0,0.0,False,18,19,,,,,
502,40,36,0.21275781161149263,19,10,0.0,0.0,0.0,False,16,19,,,,,
502,40,36,0.21275781161149263,19,11,0.0,0.0,0.0,False,15,19,,,,,
502,40,36,0.21275781161149263,19,12,0.0,0.0,0.0,False,14,19,,,,,
502,40,36,0.21275781161149263,19,13,0.0,0.0,0.0,False,14,19,,,,,
502,40,37,0.18962955289507333,14,0,0.0,0.0,0.0,False,48,14,,,,,
502,40,37,0.18962955289507333,14,1,0.0,0.0,0.0,False,39,14,,,,,
502,40,37,0.18962955289507333,14,2,0.0,0.0,0.0,False,38,14,,,,,
502,40,37,0.18962955289507333,14,3,0.0,0.0,0.0,False,34,14,,,,,
502,40,37,0.18962955289507333,14,4,0.0,0.0,0.0,False,26,14,,,,,
502,40,37,0.18962955289507333,14,5,0.0,0.0,0.0,False,26,14,,,,,
502,40,37,0.18962955289507333,14,6,0.0,0.0,0.0,False,26,14,,,,,
502,40,37,0.18962955289507333,14,7,0.0,0.0,0.0,False,23,14,,,,,
502,40,37,0.18962955289507333,14,8,0.0,0.0,0.0,False,19,14,,,,,
502,40,37,0.18962955289507333,14,9,0.0,0.0,0.0,False,18,14,,,,,
502,40,37,0.18962955289507333,14,10,0.0,0.0,0.0,False,16,14,,,,,
502,40,37,0.18962955289507333,14,11,0.0,0.0,0.0,False,15,14,,,,,
502,40,37,0.18962955289507333,14,12,1.0,1.0,1.0,True,14,14,0.6364546021325223,0.8545818408530088,0.18715782490271812,"[-0.06000000000000005, 0.019999999999999574]",0.0632455532033675
502,40,37,0.18962955289507333,14,13,0.0,0.0,0.0,False,14,14,,,,,
502,41,16,0.5976126354934341,38,0,0.0,0.0,0.0,False,39,38,,,,,
502,41,16,0.5976126354934341,38,1,1.0,1.0,1.0,True,38,38,0.8348061807782309,0.9339224723112923,0.08504389293407959,"[-0.08105263157894704, -0.08105263157894527]",0.11462573084497546
502,41,16,0.5976126354934341,38,2,0.0,0.0,0.0,False,34,38,,,,,
502,41,16,0.5976126354934341,38,3,0.0,0.0,0.0,False,30,38,,,,,
502,41,16,0.5976126354934341,38,4,0.0,0.0,0.0,False,27,38,,,,,
502,41,16,0.5976126354934341,38,5,0.0,0.0,0.0,False,27,38,,,,,
502,41,16,0.5976126354934341,38,6,0.0,0.0,0.0,False,26,38,,,,,
502,41,16,0.5976126354934341,38,7,0.0,0.0,0.0,False,22,38,,,,,
502,41,16,0.5976126354934341,38,8,0.0,0.0,0.0,False,19,38,,,,,
502,41,16,0.5976126354934341,38,9,0.0,0.0,0.0,False,19,38,,,,,
502,41,16,0.5976126354934341,38,10,0.0,0.0,0.0,False,17,38,,,,,
502,41,16,0.5976126354934341,38,11,0.0,0.0,0.0,False,17,38,,,,,
502,41,16,0.5976126354934341,38,12,0.0,0.0,0.0,False,16,38,,,,,
502,41,16,0.5976126354934341,38,13,0.0,0.0,0.0,False,15,38,,,,,
502,41,16,0.5976126354934341,38,14,0.0,0.0,0.0,False,13,38,,,,,
502,41,16,0.5976126354934341,38,15,0.0,0.0,0.0,False,13,38,,,,,
502,41,16,0.5976126354934341,38,16,0.0,0.0,0.0,False,12,38,,,,,
502,41,36,0.21275781161149263,19,0,0.0,0.0,0.0,False,39,19,,,,,
502,41,36,0.21275781161149263,19,1,0.0,0.0,0.0,False,38,19,,,,,
502,41,36,0.21275781161149263,19,2,0.0,0.0,0.0,False,34,19,,,,,
502,41,36,0.21275781161149263,19,3,0.0,0.0,0.0,False,30,19,,,,,
502,41,36,0.21275781161149263,19,4,0.0,0.0,0.0,False,27,19,,,,,
502,41,36,0.21275781161149263,19,5,0.0,0.0,0.0,False,27,19,,,,,
502,41,36,0.21275781161149263,19,6,0.0,0.0,0.0,False,26,19,,,,,
502,41,36,0.21275781161149263,19,7,0.0,0.0,0.0,False,22,19,,,,,
502,41,36,0.21275781161149263,19,8,0.0,0.0,0.0,False,19,19,,,,,
502,41,36,0.21275781161149263,19,9,1.0,1.0,1.0,True,19,19,0.6178441301128986,0.8471376520451595,0.19673873414826806,"[-0.0884210526315794, 0.014736842105262937]",0.08964071097281628
502,41,36,0.21275781161149263,19,10,0.0,0.0,0.0,False,17,19,,,,,
502,41,36,0.21275781161149263,19,11,0.0,0.0,0.0,False,17,19,,,,,
502,41,36,0.21275781161149263,19,12,0.0,0.0,0.0,False,16,19,,,,,
502,41,36,0.21275781161149263,19,13,0.0,0.0,0.0,False,15,19,,,,,
502,41,36,0.21275781161149263,19,14,0.0,0.0,0.0,False,13,19,,,,,
502,41,36,0.21275781161149263,19,15,0.0,0.0,0.0,False,13,19,,,,,
502,41,36,0.21275781161149263,19,16,0.0,0.0,0.0,False,12,19,,,,,
502,41,37,0.18962955289507333,14,0,0.0,0.0,0.0,False,39,14,,,,,
502,41,37,0.18962955289507333,14,1,0.0,0.0,0.0,False,38,14,,,,,
502,41,37,0.18962955289507333,14,2,0.0,0.0,0.0,False,34,14,,,,,
502,41,37,0.18962955289507333,14,3,0.0,0.0,0.0,False,30,14,,,,,
502,41,37,0.18962955289507333,14,4,0.0,0.0,0.0,False,27,14,,,,,
502,41,37,0.18962955289507333,14,5,0.07142857142857142,0.037037037037037035,0.04878048780487805,False,27,14,,,,,
502,41,37,0.18962955289507333,14,6,0.0,0.0,0.0,False,26,14,,,,,
502,41,37,0.18962955289507333,14,7,0.0,0.0,0.0,False,22,14,,,,,
502,41,37,0.18962955289507333,14,8,0.0,0.0,0.0,False,19,14,,,,,
502,41,37,0.18962955289507333,14,9,0.0,0.0,0.0,False,19,14,,,,,
502,41,37,0.18962955289507333,14,10,0.0,0.0,0.0,False,17,14,,,,,
502,41,37,0.18962955289507333,14,11,0.0,0.0,0.0,False,17,14,,,,,
502,41,37,0.18962955289507333,14,12,0.0,0.0,0.0,False,16,14,,,,,
502,41,37,0.18962955289507333,14,13,0.0,0.0,0.0,False,15,14,,,,,
502,41,37,0.18962955289507333,14,14,0.9285714285714286,1.0,0.9629629629629629,True,13,14,0.7133495195108219,0.8631175855821065,0.14757133703348402,"[-0.21396957246404913, 0.3376683118735837]",0.39975350753183364
502,41,37,0.18962955289507333,14,15,0.0,0.0,0.0,False,13,14,,,,,
502,41,37,0.18962955289507333,14,16,0.0,0.0,0.0,False,12,14,,,,,
502,42,16,0.5976126354934341,38,0,0.0,0.0,0.0,False,42,38,,,,,
502,42,16,0.5976126354934341,38,1,0.0,0.0,0.0,False,41,38,,,,,
502,42,16,0.5976126354934341,38,2,0.0,0.0,0.0,False,41,38,,,,,
502,42,16,0.5976126354934341,38,3,1.0,1.0,1.0,True,38,38,0.7945654116503291,0.9178261646601317,0.10576035604039,"[-0.07368421052631469, -0.10315789473684234]",0.12677110919852247
502,42,16,0.5976126354934341,38,4,0.0,0.0,0.0,False,28,38,,,,,
502,42,16,0.5976126354934341,38,5,0.0,0.0,0.0,False,26,38,,,,,
502,42,16,0.5976126354934341,38,6,0.0,0.0,0.0,False,25,38,,,,,
502,42,16,0.5976126354934341,38,7,0.0,0.0,0.0,False,24,38,,,,,
502,42,16,0.5976126354934341,38,8,0.0,0.0,0.0,False,24,38,,,,,
502,42,16,0.5976126354934341,38,9,0.0,0.0,0.0,False,19,38,,,,,
502,42,16,0.5976126354934341,38,10,0.0,0.0,0.0,False,19,38,,,,,
502,42,16,0.5976126354934341,38,11,0.0,0.0,0.0,False,17,38,,,,,
502,42,16,0.5976126354934341,38,12,0.0,0.0,0.0,False,14,38,,,,,
502,42,16,0.5976126354934341,38,13,0.0,0.0,0.0,False,13,38,,,,,
502,42,36,0.21275781161149263,19,0,0.0,0.0,0.0,False,42,19,,,,,
502,42,36,0.21275781161149263,19,1,0.0,0.0,0.0,False,41,19,,,,,
502,42,36,0.21275781161149263,19,2,0.0,0.0,0.0,False,41,19,,,,,
502,42,36,0.21275781161149263,19,3,0.0,0.0,0.0,False,38,19,,,,,
502,42,36,0.21275781161149263,19,4,0.0,0.0,0.0,False,28,19,,,,,
502,42,36,0.21275781161149263,19,5,0.0,0.0,0.0,False,26,19,,,,,
502,42,36,0.21275781161149263,19,6,0.0,0.0,0.0,False,25,19,,,,,
502,42,36,0.21275781161149263,19,7,0.0,0.0,0.0,False,24,19,,,,,
502,42,36,0.21275781161149263,19,8,0.0,0.0,0.0,False,24,19,,,,,
502,42,36,0.21275781161149263,19,9,0.0,0.0,0.0,False,19,19,,,,,
502,42,36,0.21275781161149263,19,10,1.0,1.0,1.0,True,19,19,0.7294767330974596,0.8917906932389839,0.13926884101972087,"[-0.014736842105262937, 0.029473684210526763]",0.03295258072104983
502,42,36,0.21275781161149263,19,11,0.0,0.0,0.0,False,17,19,,,,,
502,42,36,0.21275781161149263,19,12,0.0,0.0,0.0,False,14,19,,,,,
502,42,36,0.21275781161149263,19,13,0.0,0.0,0.0,False,13,19,,,,,
502,42,37,0.18962955289507333,13,0,0.0,0.0,0.0,False,42,13,,,,,
502,42,37,0.18962955289507333,13,1,0.0,0.0,0.0,False,41,13,,,,,
502,42,37,0.18962955289507333,13,2,0.0,0.0,0.0,False,41,13,,,,,
502,42,37,0.18962955289507333,13,3,0.0,0.0,0.0,False,38,13,,,,,
502,42,37,0.18962955289507333,13,4,0.07692307692307693,0.03571428571428571,0.04878048780487805,False,28,13,,,,,
502,42,37,0.18962955289507333,13,5,0.0,0.0,0.0,False,26,13,,,,,
502,42,37,0.18962955289507333,13,6,0.0,0.0,0.0,False,25,13,,,,,
502,42,37,0.18962955289507333,13,7,0.9230769230769231,0.5,0.6486486486486487,True,24,13,0.4604538121484604,0.5733707140485733,0.277765284735244,"[-0.16675296762134018, -0.013209411306622343]",0.16727534414130268
502,42,37,0.18962955289507333,13,8,0.0,0.0,0.0,False,24,13,,,,,
502,42,37,0.18962955289507333,13,9,0.0,0.0,0.0,False,19,13,,,,,
502,42,37,0.18962955289507333,13,10,0.0,0.0,0.0,False,19,13,,,,,
502,42,37,0.18962955289507333,13,11,0.0,0.0,0.0,False,17,13,,,,,
502,42,37,0.18962955289507333,13,12,0.0,0.0,0.0,False,14,13,,,,,
502,42,37,0.18962955289507333,13,13,0.0,0.0,0.0,False,13,13,,,,,
502,43,16,0.5976126354934341,38,0,0.0,0.0,0.0,False,42,38,,,,,
502,43,16,0.5976126354934341,38,1,0.0,0.0,0.0,False,41,38,,,,,
502,43,16,0.5976126354934341,38,2,0.0,0.0,0.0,False,40,38,,,,,
502,43,16,0.5976126354934341,38,3,1.0,1.0,1.0,True,38,38,0.8170204139812756,0.9268081655925102,0.09420023337318631,"[-0.07368421052631646, -0.0589473684210553]",0.09436183086743365
502,43,16,0.5976126354934341,38,4,0.0,0.0,0.0,False,36,38,,,,,
502,43,16,0.5976126354934341,38,5,0.0,0.0,0.0,False,27,38,,,,,
502,43,16,0.5976126354934341,38,6,0.0,0.0,0.0,False,24,38,,,,,
502,43,16,0.5976126354934341,38,7,0.0,0.0,0.0,False,24,38,,,,,
502,43,16,0.5976126354934341,38,8,0.0,0.0,0.0,False,19,38,,,,,
502,43,16,0.5976126354934341,38,9,0.0,0.0,0.0,False,19,38,,,,,
502,43,16,0.5976126354934341,38,10,0.0,0.0,0.0,False,18,38,,,,,
502,43,16,0.5976126354934341,38,11,0.0,0.0,0.0,False,16,38,,,,,
502,43,16,0.5976126354934341,38,12,0.0,0.0,0.0,False,14,38,,,,,
502,43,16,0.5976126354934341,38,13,0.0,0.0,0.0,False,13,38,,,,,
502,43,36,0.21275781161149263,19,0,0.0,0.0,0.0,False,42,19,,,,,
502,43,36,0.21275781161149263,19,1,0.0,0.0,0.0,False,41,19,,,,,
502,43,36,0.21275781161149263,19,2,0.0,0.0,0.0,False,40,19,,,,,
502,43,36,0.21275781161149263,19,3,0.0,0.0,0.0,False,38,19,,,,,
502,43,36,0.21275781161149263,19,4,0.0,0.0,0.0,False,36,19,,,,,
502,43,36,0.21275781161149263,19,5,0.0,0.0,0.0,False,27,19,,,,,
502,43,36,0.21275781161149263,19,6,0.0,0.0,0.0,False,24,19,,,,,
502,43,36,0.21275781161149263,19,7,0.0,0.0,0.0,False,24,19,,,,,
502,43,36,0.21275781161149263,19,8,0.0,0.0,0.0,False,19,19,,,,,
502,43,36,0.21275781161149263,19,9,1.0,1.0,1.0,True,19,19,0.674784335827971,0.8699137343311885,0.16742518730196482,"[-0.04421052631578881, 0.14736842105263115]",0.1538571485523654
502,43,36,0.21275781161149263,19,10,0.0,0.0,0.0,False,18,19,,,,,
502,43,36,0.21275781161149263,19,11,0.0,0.0,0.0,False,16,19,,,,,
502,43,36,0.21275781161149263,19,12,0.0,0.0,0.0,False,14,19,,,,,
502,43,36,0.21275781161149263,19,13,0.0,0.0,0.0,False,13,19,,,,,
502,43,37,0.18962955289507333,24,0,0.0,0.0,0.0,False,42,24,,,,,
502,43,37,0.18962955289507333,24,1,0.0,0.0,0.0,False,41,24,,,,,
502,43,37,0.18962955289507333,24,2,0.0,0.0,0.0,False,40,24,,,,,
502,43,37,0.18962955289507333,24,3,0.0,0.0,0.0,False,38,24,,,,,
502,43,37,0.18962955289507333,24,4,0.0,0.0,0.0,False,36,24,,,,,
502,43,37,0.18962955289507333,24,5,0.0,0.0,0.0,False,27,24,,,,,
502,43,37,0.18962955289507333,24,6,1.0,1.0,1.0,True,24,24,0.8001920374509052,0.9200768149803621,0.10286369704661777,"[-0.09333333333333327, 0.046666666666666856]",0.10434983894999021
502,43,37,0.18962955289507333,24,7,0.0,0.0,0.0,False,24,24,,,,,
502,43,37,0.18962955289507333,24,8,0.0,0.0,0.0,False,19,24,,,,,
502,43,37,0.18962955289507333,24,9,0.0,0.0,0.0,False,19,24,,,,,
502,43,37,0.18962955289507333,24,10,0.0,0.0,0.0,False,18,24,,,,,
502,43,37,0.18962955289507333,24,11,0.0,0.0,0.0,False,16,24,,,,,
502,43,37,0.18962955289507333,24,12,0.0,0.0,0.0,False,14,24,,,,,
502,43,37,0.18962955289507333,24,13,0.0,0.0,0.0,False,13,24,,,,,
502,44,16,0.5976126354934341,38,0,0.0,0.0,0.0,False,48,38,,,,,
502,44,16,0.5976126354934341,38,1,0.0,0.0,0.0,False,44,38,,,,,
502,44,16,0.5976126354934341,38,2,0.0,0.0,0.0,False,35,38,,,,,
502,44,16,0.5976126354934341,38,3,0.0,0.0,0.0,False,34,38,,,,,
502,44,16,0.5976126354934341,38,4,0.0,0.0,0.0,False,27,38,,,,,
502,44,16,0.5976126354934341,38,5,0.0,0.0,0.0,False,27,38,,,,,
502,44,16,0.5976126354934341,38,6,0.0,0.0,0.0,False,26,38,,,,,
502,44,16,0.5976126354934341,38,7,0.0,0.0,0.0,False,20,38,,,,,
502,44,16,0.5976126354934341,38,8,0.5263157894736842,1.0,0.6896551724137931,True,20,38,0.4664659321444111,0.6003794763060404,0.2746701683946255,"[0.34333905501061857, -0.896906906679245]",0.9603768562103714
502,44,16,0.5976126354934341,38,9,0.0,0.0,0.0,False,19,38,,,,,
502,44,16,0.5976126354934341,38,10,0.47368421052631576,1.0,0.6428571428571429,True,18,38,0.44152023327795265,0.5623223790254668,0.2875125335240184,"[-0.09926561667846556, -23.603436770356392]",23.60364550307572
502,44,16,0.5976126354934341,38,11,0.0,0.0,0.0,False,16,38,,,,,
502,44,16,0.5976126354934341,38,12,0.0,0.0,0.0,False,15,38,,,,,
502,44,16,0.5976126354934341,38,13,0.0,0.0,0.0,False,13,38,,,,,
502,44,16,0.5976126354934341,38,14,0.0,0.0,0.0,False,13,38,,,,,
502,44,36,0.21275781161149263,19,0,0.0,0.0,0.0,False,48,19,,,,,
502,44,36,0.21275781161149263,19,1,0.0,0.0,0.0,False,44,19,,,,,
502,44,36,0.21275781161149263,19,2,0.0,0.0,0.0,False,35,19,,,,,
502,44,36,0.21275781161149263,19,3,0.0,0.0,0.0,False,34,19,,,,,
502,44,36,0.21275781161149263,19,4,0.0,0.0,0.0,False,27,19,,,,,
502,44,36,0.21275781161149263,19,5,0.05263157894736842,0.037037037037037035,0.043478260869565216,False,27,19,,,,,
502,44,36,0.21275781161149263,19,6,0.0,0.0,0.0,False,26,19,,,,,
502,44,36,0.21275781161149263,19,7,0.0,0.0,0.0,False,20,19,,,,,
502,44,36,0.21275781161149263,19,8,0.0,0.0,0.0,False,20,19,,,,,
502,44,36,0.21275781161149263,19,9,0.9473684210526315,0.9473684210526315,0.9473684210526315,True,19,19,0.6096268606808108,0.8122717969039033,0.2009690896487653,"[0.0809043062137551, -0.15200684202793902]",0.17219636113238823
502,44,36,0.21275781161149263,19,10,0.0,0.0,0.0,False,18,19,,,,,
502,44,36,0.21275781161149263,19,11,0.0,0.0,0.0,False,16,19,,,,,
502,44,36,0.21275781161149263,19,12,0.0,0.0,0.0,False,15,19,,,,,
502,44,36,0.21275781161149263,19,13,0.0,0.0,0.0,False,13,19,,,,,
502,44,36,0.21275781161149263,19,14,0.0,0.0,0.0,False,13,19,,,,,
502,44,37,0.18962955289507333,24,0,0.0,0.0,0.0,False,48,24,,,,,
502,44,37,0.18962955289507333,24,1,0.0,0.0,0.0,False,44,24,,,,,
502,44,37,0.18962955289507333,24,2,0.0,0.0,0.0,False,35,24,,,,,
502,44,37,0.18962955289507333,24,3,0.0,0.0,0.0,False,34,24,,,,,
502,44,37,0.18962955289507333,24,4,0.0,0.0,0.0,False,27,24,,,,,
502,44,37,0.18962955289507333,24,5,0.0,0.0,0.0,False,27,24,,,,,
502,44,37,0.18962955289507333,24,6,1.0,0.9230769230769231,0.96,True,26,24,0.7287940387300911,0.8675176154920363,0.13962030081984358,"[0.15850335389753534, 0.3625379499226926]",0.3956729436427466
502,44,37,0.18962955289507333,24,7,0.0,0.0,0.0,False,20,24,,,,,
502,44,37,0.18962955289507333,24,8,0.0,0.0,0.0,False,20,24,,,,,
502,44,37,0.18962955289507333,24,9,0.0,0.0,0.0,False,19,24,,,,,
502,44,37,0.18962955289507333,24,10,0.0,0.0,0.0,False,18,24,,,,,
502,44,37,0.18962955289507333,24,11,0.0,0.0,0.0,False,16,24,,,,,
502,44,37,0.18962955289507333,24,12,0.0,0.0,0.0,False,15,24,,,,,
502,44,37,0.18962955289507333,24,13,0.0,0.0,0.0,False,13,24,,,,,
502,44,37,0.18962955289507333,24,14,0.0,0.0,0.0,False,13,24,,,,,
502,45,38,0.32150590117303,20,0,0.0,0.0,0.0,False,48,20,,,,,
502,45,38,0.32150590117303,20,1,0.0,0.0,0.0,False,42,20,,,,,
502,45,38,0.32150590117303,20,2,0.0,0.0,0.0,False,39,20,,,,,
502,45,38,0.32150590117303,20,3,0.0,0.0,0.0,False,38,20,,,,,
502,45,38,0.32150590117303,20,4,0.0,0.0,0.0,False,30,20,,,,,
502,45,38,0.32150590117303,20,5,1.0,0.7692307692307693,0.8695652173913043,True,26,20,0.7207816451618276,0.8100517884995136,0.1437451836028388,"[-0.24254198290118723, -0.17989778432440318]",0.30197653265522023
502,45,38,0.32150590117303,20,6,0.0,0.0,0.0,False,26,20,,,,,
502,45,38,0.32150590117303,20,7,0.0,0.0,0.0,False,24,20,,,,,
502,45,38,0.32150590117303,20,8,0.0,0.0,0.0,False,21,20,,,,,
502,45,38,0.32150590117303,20,9,0.0,0.0,0.0,False,19,20,,,,,
502,45,38,0.32150590117303,20,10,0.0,0.0,0.0,False,18,20,,,,,
502,45,38,0.32150590117303,20,11,0.0,0.0,0.0,False,16,20,,,,,
502,45,38,0.32150590117303,20,12,0.0,0.0,0.0,False,14,20,,,,,
502,45,38,0.32150590117303,20,13,0.0,0.0,0.0,False,13,20,,,,,
502,45,39,0.27610673432040406,18,0,0.0,0.0,0.0,False,48,18,,,,,
502,45,39,0.27610673432040406,18,1,0.0,0.0,0.0,False,42,18,,,,,
502,45,39,0.27610673432040406,18,2,0.0,0.0,0.0,False,39,18,,,,,
502,45,39,0.27610673432040406,18,3,0.0,0.0,0.0,False,38,18,,,,,
502,45,39,0.27610673432040406,18,4,0.0,0.0,0.0,False,30,18,,,,,
502,45,39,0.27610673432040406,18,5,0.0,0.0,0.0,False,26,18,,,,,
502,45,39,0.27610673432040406,18,6,0.0,0.0,0.0,False,26,18,,,,,
502,45,39,0.27610673432040406,18,7,0.0,0.0,0.0,False,24,18,,,,,
502,45,39,0.27610673432040406,18,8,0.0,0.0,0.0,False,21,18,,,,,
502,45,39,0.27610673432040406,18,9,0.0,0.0,0.0,False,19,18,,,,,
502,45,39,0.27610673432040406,18,10,1.0,1.0,1.0,True,18,18,0.7724776572970586,0.9089910629188235,0.11713141474720538,"[-0.17111111111110944, 0.04666666666666647]",0.17736062168208647
502,45,39,0.27610673432040406,18,11,0.0,0.0,0.0,False,16,18,,,,,
502,45,39,0.27610673432040406,18,12,0.0,0.0,0.0,False,14,18,,,,,
502,45,39,0.27610673432040406,18,13,0.0,0.0,0.0,False,13,18,,,,,
502,45,36,0.21275781161149263,19,0,0.0,0.0,0.0,False,48,19,,,,,
502,45,36,0.21275781161149263,19,1,0.0,0.0,0.0,False,42,19,,,,,
502,45,36,0.21275781161149263,19,2,0.0,0.0,0.0,False,39,19,,,,,
502,45,36,0.21275781161149263,19,3,0.2631578947368421,0.13157894736842105,0.17543859649122806,False,38,19,,,,,
502,45,36,0.21275781161149263,19,4,0.15789473684210525,0.1,0.12244897959183673,False,30,19,,,,,
502,45,36,0.21275781161149263,19,5,0.0,0.0,0.0,False,26,19,,,,,
502,45,36,0.21275781161149263,19,6,0.0,0.0,0.0,False,26,19,,,,,
502,45,36,0.21275781161149263,19,7,0.0,0.0,0.0,False,24,19,,,,,
502,45,36,0.21275781161149263,19,8,0.0,0.0,0.0,False,21,19,,,,,
502,45,36,0.21275781161149263,19,9,0.05263157894736842,0.05263157894736842,0.05263157894736842,False,19,19,,,,,
502,45,36,0.21275781161149263,19,10,0.0,0.0,0.0,False,18,19,,,,,
502,45,36,0.21275781161149263,19,11,0.0,0.0,0.0,False,16,19,,,,,
502,45,36,0.21275781161149263,19,12,0.0,0.0,0.0,False,14,19,,,,,
502,45,36,0.21275781161149263,19,13,0.0,0.0,0.0,False,13,19,,,,,
502,45,37,0.18962955289507333,26,0,0.0,0.0,0.0,False,48,26,,,,,
502,45,37,0.18962955289507333,26,1,0.0,0.0,0.0,False,42,26,,,,,
502,45,37,0.18962955289507333,26,2,0.0,0.0,0.0,False,39,26,,,,,
502,45,37,0.18962955289507333,26,3,0.0,0.0,0.0,False,38,26,,,,,
502,45,37,0.18962955289507333,26,4,0.0,0.0,0.0,False,30,26,,,,,
502,45,37,0.18962955289507333,26,5,0.0,0.0,0.0,False,26,26,,,,,
502,45,37,0.18962955289507333,26,6,1.0,1.0,1.0,True,26,26,0.8053543359693653,0.9221417343877462,0.10020607968196134,"[-0.04307692307692301, 0.06461538461538474]",0.07765802747153215
502,45,37,0.18962955289507333,26,7,0.0,0.0,0.0,False,24,26,,,,,
502,45,37,0.18962955289507333,26,8,0.0,0.0,0.0,False,21,26,,,,,
502,45,37,0.18962955289507333,26,9,0.0,0.0,0.0,False,19,26,,,,,
502,45,37,0.18962955289507333,26,10,0.0,0.0,0.0,False,18,26,,,,,
502,45,37,0.18962955289507333,26,11,0.0,0.0,0.0,False,16,26,,,,,
502,45,37,0.18962955289507333,26,12,0.0,0.0,0.0,False,14,26,,,,,
502,45,37,0.18962955289507333,26,13,0.0,0.0,0.0,False,13,26,,,,,
502,46,38,0.4083951621433752,26,0,0.0,0.0,0.0,False,48,26,,,,,
502,46,38,0.4083951621433752,26,1,0.0,0.0,0.0,False,40,26,,,,,
502,46,38,0.4083951621433752,26,2,0.0,0.0,0.0,False,38,26,,,,,
502,46,38,0.4083951621433752,26,3,0.0,0.0,0.0,False,38,26,,,,,
502,46,38,0.4083951621433752,26,4,0.0,0.0,0.0,False,30,26,,,,,
502,46,38,0.4083951621433752,26,5,0.0,0.0,0.0,False,26,26,,,,,
502,46,38,0.4083951621433752,26,6,0.9615384615384616,0.9615384615384616,0.9615384615384616,True,26,26,0.7956762014604659,0.8951935575072633,0.10518850722588488,"[0.11580514410730558, -0.23092486965702363]",0.2583352992291746
502,46,38,0.4083951621433752,26,7,0.0,0.0,0.0,False,24,26,,,,,
502,46,38,0.4083951621433752,26,8,0.0,0.0,0.0,False,24,26,,,,,
502,46,38,0.4083951621433752,26,9,0.038461538461538464,0.05263157894736842,0.044444444444444446,False,19,26,,,,,
502,46,38,0.4083951621433752,26,10,0.0,0.0,0.0,False,18,26,,,,,
502,46,38,0.4083951621433752,26,11,0.0,0.0,0.0,False,17,26,,,,,
502,46,38,0.4083951621433752,26,12,0.0,0.0,0.0,False,16,26,,,,,
502,46,38,0.4083951621433752,26,13,0.0,0.0,0.0,False,13,26,,,,,
502,46,39,0.3507265469163908,18,0,0.0,0.0,0.0,False,48,18,,,,,
502,46,39,0.3507265469163908,18,1,0.0,0.0,0.0,False,40,18,,,,,
502,46,39,0.3507265469163908,18,2,0.0,0.0,0.0,False,38,18,,,,,
502,46,39,0.3507265469163908,18,3,0.0,0.0,0.0,False,38,18,,,,,
502,46,39,0.3507265469163908,18,4,0.0,0.0,0.0,False,30,18,,,,,
502,46,39,0.3507265469163908,18,5,0.0,0.0,0.0,False,26,18,,,,,
502,46,39,0.3507265469163908,18,6,0.0,0.0,0.0,False,26,18,,,,,
502,46,39,0.3507265469163908,18,7,0.0,0.0,0.0,False,24,18,,,,,
502,46,39,0.3507265469163908,18,8,0.0,0.0,0.0,False,24,18,,,,,
502,46,39,0.3507265469163908,18,9,1.0,0.9473684210526315,0.972972972972973,True,19,18,0.8274657246107522,0.9147700736280847,0.08882285374105932,"[-0.11029273280398222, -0.06304974434259619]",0.127042344007962
502,46,39,0.3507265469163908,18,10,0.0,0.0,0.0,False,18,18,,,,,
502,46,39,0.3507265469163908,18,11,0.0,0.0,0.0,False,17,18,,,,,
502,46,39,0.3507265469163908,18,12,0.0,0.0,0.0,False,16,18,,,,,
502,46,39,0.3507265469163908,18,13,0.0,0.0,0.0,False,13,18,,,,,
502,46,37,0.2408782909402339,26,0,0.0,0.0,0.0,False,48,26,,,,,
502,46,37,0.2408782909402339,26,1,0.0,0.0,0.0,False,40,26,,,,,
502,46,37,0.2408782909402339,26,2,0.0,0.0,0.0,False,38,26,,,,,
502,46,37,0.2408782909402339,26,3,0.0,0.0,0.0,False,38,26,,,,,
502,46,37,0.2408782909402339,26,4,0.0,0.0,0.0,False,30,26,,,,,
502,46,37,0.2408782909402339,26,5,1.0,1.0,1.0,True,26,26,0.701904377745711,0.8807617510982844,0.1534634425339978,"[-0.05384615384615454, 0.0753846153846145]",0.09264042595276643
502,46,37,0.2408782909402339,26,6,0.0,0.0,0.0,False,26,26,,,,,
502,46,37,0.2408782909402339,26,7,0.0,0.0,0.0,False,24,26,,,,,
502,46,37,0.2408782909402339,26,8,0.0,0.0,0.0,False,24,26,,,,,
502,46,37,0.2408782909402339,26,9,0.0,0.0,0.0,False,19,26,,,,,
502,46,37,0.2408782909402339,26,10,0.0,0.0,0.0,False,18,26,,,,,
502,46,37,0.2408782909402339,26,11,0.0,0.0,0.0,False,17,26,,,,,
502,46,37,0.2408782909402339,26,12,0.0,0.0,0.0,False,16,26,,,,,
502,46,37,0.2408782909402339,26,13,0.0,0.0,0.0,False,13,26,,,,,
502,47,38,0.40839516214337523,26,0,0.0,0.0,0.0,False,41,26,,,,,
502,47,38,0.40839516214337523,26,1,0.0,0.0,0.0,False,41,26,,,,,
502,47,38,0.40839516214337523,26,2,0.0,0.0,0.0,False,36,26,,,,,
502,47,38,0.40839516214337523,26,3,0.0,0.0,0.0,False,32,26,,,,,
502,47,38,0.40839516214337523,26,4,0.0,0.0,0.0,False,31,26,,,,,
502,47,38,0.40839516214337523,26,5,0.0,0.0,0.0,False,26,26,,,,,
502,47,38,0.40839516214337523,26,6,0.0,0.0,0.0,False,25,26,,,,,
502,47,38,0.40839516214337523,26,7,0.0,0.0,0.0,False,24,26,,,,,
502,47,38,0.40839516214337523,26,8,0.0,0.0,0.0,False,22,26,,,,,
502,47,38,0.40839516214337523,26,9,0.0,0.0,0.0,False,21,26,,,,,
502,47,38,0.40839516214337523,26,10,0.7307692307692307,0.95,0.8260869565217391,True,20,26,0.6857980318013195,0.7699713866335712,0.16175519561838664,"[-0.041263161206117616, -0.03717734601857359]",0.05554100764036244
502,47,38,0.40839516214337523,26,11,0.0,0.0,0.0,False,19,26,,,,,
502,47,38,0.40839516214337523,26,12,0.0,0.0,0.0,False,16,26,,,,,
502,47,38,0.40839516214337523,26,13,0.0,0.0,0.0,False,13,26,,,,,
502,47,39,0.3507265469163909,19,0,0.0,0.0,0.0,False,41,19,,,,,
502,47,39,0.3507265469163909,19,1,0.0,0.0,0.0,False,41,19,,,,,
502,47,39,0.3507265469163909,19,2,0.0,0.0,0.0,False,36,19,,,,,
502,47,39,0.3507265469163909,19,3,0.0,0.0,0.0,False,32,19,,,,,
502,47,39,0.3507265469163909,19,4,0.0,0.0,0.0,False,31,19,,,,,
502,47,39,0.3507265469163909,19,5,0.0,0.0,0.0,False,26,19,,,,,
502,47,39,0.3507265469163909,19,6,0.0,0.0,0.0,False,25,19,,,,,
502,47,39,0.3507265469163909,19,7,0.0,0.0,0.0,False,24,19,,,,,
502,47,39,0.3507265469163909,19,8,0.0,0.0,0.0,False,22,19,,,,,
502,47,39,0.3507265469163909,19,9,0.0,0.0,0.0,False,21,19,,,,,
502,47,39,0.3507265469163909,19,10,0.05263157894736842,0.05,0.05128205128205128,False,20,19,,,,,
502,47,39,0.3507265469163909,19,11,0.9473684210526315,0.9473684210526315,0.9473684210526315,True,19,19,0.7816988491141484,0.8811005922772384,0.11238422715077104,"[-0.3460602484895432, 0.1071474449769988]",0.3622682301137423
502,47,39,0.3507265469163909,19,12,0.0,0.0,0.0,False,16,19,,,,,
502,47,39,0.3507265469163909,19,13,0.0,0.0,0.0,False,13,19,,,,,
502,47,37,0.24087829094023394,26,0,0.0,0.0,0.0,False,41,26,,,,,
502,47,37,0.24087829094023394,26,1,0.0,0.0,0.0,False,41,26,,,,,
502,47,37,0.24087829094023394,26,2,0.0,0.0,0.0,False,36,26,,,,,
502,47,37,0.24087829094023394,26,3,0.0,0.0,0.0,False,32,26,,,,,
502,47,37,0.24087829094023394,26,4,0.0,0.0,0.0,False,31,26,,,,,
502,47,37,0.24087829094023394,26,5,0.0,0.0,0.0,False,26,26,,,,,
502,47,37,0.24087829094023394,26,6,0.0,0.0,0.0,False,25,26,,,,,
502,47,37,0.24087829094023394,26,7,0.9230769230769231,1.0,0.96,True,24,26,0.6932866743386826,0.853314669735473,0.15789994657111972,"[-0.28876517779912403, -0.0010250862066576438]",0.28876699726785054
502,47,37,0.24087829094023394,26,8,0.0,0.0,0.0,False,22,26,,,,,
502,47,37,0.24087829094023394,26,9,0.0,0.0,0.0,False,21,26,,,,,
502,47,37,0.24087829094023394,26,10,0.0,0.0,0.0,False,20,26,,,,,
502,47,37,0.24087829094023394,26,11,0.038461538461538464,0.05263157894736842,0.044444444444444446,False,19,26,,,,,
502,47,37,0.24087829094023394,26,12,0.0,0.0,0.0,False,16,26,,,,,
502,47,37,0.24087829094023394,26,13,0.0,0.0,0.0,False,13,26,,,,,
502,48,38,0.40839516214337523,20,0,0.0,0.0,0.0,False,41,20,,,,,
502,48,38,0.40839516214337523,20,1,0.0,0.0,0.0,False,39,20,,,,,
502,48,38,0.40839516214337523,20,2,0.0,0.0,0.0,False,33,20,,,,,
502,48,38,0.40839516214337523,20,3,0.0,0.0,0.0,False,33,20,,,,,
502,48,38,0.40839516214337523,20,4,0.0,0.0,0.0,False,32,20,,,,,
502,48,38,0.40839516214337523,20,5,0.0,0.0,0.0,False,31,20,,,,,
502,48,38,0.40839516214337523,20,6,0.0,0.0,0.0,False,30,20,,,,,
502,48,38,0.40839516214337523,20,7,1.0,0.7407407407407407,0.851063829787234,True,27,20,0.7126317367663901,0.7956909925788964,0.14794086077931767,"[-0.08920131535987963, -0.21863693863099698]",0.23613340635299157
502,48,38,0.40839516214337523,20,8,0.0,0.0,0.0,False,27,20,,,,,
502,48,38,0.40839516214337523,20,9,0.0,0.0,0.0,False,24,20,,,,,
502,48,38,0.40839516214337523,20,10,0.0,0.0,0.0,False,21,20,,,,,
502,48,38,0.40839516214337523,20,11,0.0,0.0,0.0,False,18,20,,,,,
502,48,38,0.40839516214337523,20,12,0.0,0.0,0.0,False,16,20,,,,,
502,48,38,0.40839516214337523,20,13,0.0,0.0,0.0,False,15,20,,,,,
502,48,38,0.40839516214337523,20,14,0.0,0.0,0.0,False,13,20,,,,,
502,48,39,0.3507265469163909,19,0,0.0,0.0,0.0,False,41,19,,,,,
502,48,39,0.3507265469163909,19,1,0.0,0.0,0.0,False,39,19,,,,,
502,48,39,0.3507265469163909,19,2,0.0,0.0,0.0,False,33,19,,,,,
502,48,39,0.3507265469163909,19,3,0.0,0.0,0.0,False,33,19,,,,,
502,48,39,0.3507265469163909,19,4,0.0,0.0,0.0,False,32,19,,,,,
502,48,39,0.3507265469163909,19,5,0.0,0.0,0.0,False,31,19,,,,,
502,48,39,0.3507265469163909,19,6,0.0,0.0,0.0,False,30,19,,,,,
502,48,39,0.3507265469163909,19,7,0.0,0.0,0.0,False,27,19,,,,,
502,48,39,0.3507265469163909,19,8,0.0,0.0,0.0,False,27,19,,,,,
502,48,39,0.3507265469163909,19,9,0.05263157894736842,0.041666666666666664,0.046511627906976744,False,24,19,,,,,
502,48,39,0.3507265469163909,19,10,0.0,0.0,0.0,False,21,19,,,,,
502,48,39,0.3507265469163909,19,11,0.9473684210526315,1.0,0.972972972972973,True,18,19,0.7764219000942092,0.8943525438214674,0.11510086806133589,"[-0.41698035203980766, 0.08034674381004181]",0.4246506955464908
502,48,39,0.3507265469163909,19,12,0.0,0.0,0.0,False,16,19,,,,,
502,48,39,0.3507265469163909,19,13,0.0,0.0,0.0,False,15,19,,,,,
502,48,39,0.3507265469163909,19,14,0.0,0.0,0.0,False,13,19,,,,,
502,48,37,0.24087829094023394,24,0,0.0,0.0,0.0,False,41,24,,,,,
502,48,37,0.24087829094023394,24,1,0.0,0.0,0.0,False,39,24,,,,,
502,48,37,0.24087829094023394,24,2,0.0,0.0,0.0,False,33,24,,,,,
502,48,37,0.24087829094023394,24,3,0.0,0.0,0.0,False,33,24,,,,,
502,48,37,0.24087829094023394,24,4,0.0,0.0,0.0,False,32,24,,,,,
502,48,37,0.24087829094023394,24,5,0.0,0.0,0.0,False,31,24,,,,,
502,48,37,0.24087829094023394,24,6,0.0,0.0,0.0,False,30,24,,,,,
502,48,37,0.24087829094023394,24,7,0.0,0.0,0.0,False,27,24,,,,,
502,48,37,0.24087829094023394,24,8,0.0,0.0,0.0,False,27,24,,,,,
502,48,37,0.24087829094023394,24,9,0.9583333333333334,0.9583333333333334,0.9583333333333334,True,24,24,0.8335209374875276,0.908408374995011,0.08570555263372048,"[-0.07614843250866743, -0.1515128637160328]",0.16957220186386743
502,48,37,0.24087829094023394,24,10,0.0,0.0,0.0,False,21,24,,,,,
502,48,37,0.24087829094023394,24,11,0.0,0.0,0.0,False,18,24,,,,,
502,48,37,0.24087829094023394,24,12,0.0,0.0,0.0,False,16,24,,,,,
502,48,37,0.24087829094023394,24,13,0.041666666666666664,0.06666666666666667,0.05128205128205128,False,15,24,,,,,
502,48,37,0.24087829094023394,24,14,0.0,0.0,0.0,False,13,24,,,,,
502,49,38,0.40839516214337523,27,0,0.0,0.0,0.0,False,43,27,,,,,
502,49,38,0.40839516214337523,27,1,0.0,0.0,0.0,False,39,27,,,,,
502,49,38,0.40839516214337523,27,2,0.0,0.0,0.0,False,36,27,,,,,
502,49,38,0.40839516214337523,27,3,0.0,0.0,0.0,False,31,27,,,,,
502,49,38,0.40839516214337523,27,4,0.0,0.0,0.0,False,30,27,,,,,
502,49,38,0.40839516214337523,27,5,0.0,0.0,0.0,False,28,27,,,,,
502,49,38,0.40839516214337523,27,6,0.0,0.0,0.0,False,27,27,,,,,
502,49,38,0.40839516214337523,27,7,1.0,1.0,1.0,True,27,27,0.8299196372365041,0.9319678548946017,0.0875595481065194,"[-0.031111111111110645, -0.1659259259259258]",0.16881739877436713
502,49,38,0.40839516214337523,27,8,0.0,0.0,0.0,False,26,27,,,,,
502,49,38,0.40839516214337523,27,9,0.0,0.0,0.0,False,24,27,,,,,
502,49,38,0.40839516214337523,27,10,0.0,0.0,0.0,False,22,27,,,,,
502,49,38,0.40839516214337523,27,11,0.0,0.0,0.0,False,21,27,,,,,
502,49,38,0.40839516214337523,27,12,0.0,0.0,0.0,False,18,27,,,,,
502,49,38,0.40839516214337523,27,13,0.0,0.0,0.0,False,15,27,,,,,
502,49,38,0.40839516214337523,27,14,0.0,0.0,0.0,False,13,27,,,,,
502,49,39,0.3507265469163909,18,0,0.0,0.0,0.0,False,43,18,,,,,
502,49,39,0.3507265469163909,18,1,0.0,0.0,0.0,False,39,18,,,,,
502,49,39,0.3507265469163909,18,2,0.0,0.0,0.0,False,36,18,,,,,
502,49,39,0.3507265469163909,18,3,0.0,0.0,0.0,False,31,18,,,,,
502,49,39,0.3507265469163909,18,4,0.0,0.0,0.0,False,30,18,,,,,
502,49,39,0.3507265469163909,18,5,0.0,0.0,0.0,False,28,18,,,,,
502,49,39,0.3507265469163909,18,6,0.0,0.0,0.0,False,27,18,,,,,
502,49,39,0.3507265469163909,18,7,0.0,0.0,0.0,False,27,18,,,,,
502,49,39,0.3507265469163909,18,8,0.0,0.0,0.0,False,26,18,,,,,
502,49,39,0.3507265469163909,18,9,0.0,0.0,0.0,False,24,18,,,,,
502,49,39,0.3507265469163909,18,10,0.0,0.0,0.0,False,22,18,,,,,
502,49,39,0.3507265469163909,18,11,0.0,0.0,0.0,False,21,18,,,,,
502,49,39,0.3507265469163909,18,12,1.0,1.0,1.0,True,18,18,0.7396352847294169,0.8958541138917667,0.13403908859058372,"[-0.14000000000000057, -0.046666666666667134]",0.14757295747452506
502,49,39,0.3507265469163909,18,13,0.0,0.0,0.0,False,15,18,,,,,
502,49,39,0.3507265469163909,18,14,0.0,0.0,0.0,False,13,18,,,,,
502,49,37,0.24087829094023394,24,0,0.0,0.0,0.0,False,43,24,,,,,
502,49,37,0.24087829094023394,24,1,0.0,0.0,0.0,False,39,24,,,,,
502,49,37,0.24087829094023394,24,2,0.0,0.0,0.0,False,36,24,,,,,
502,49,37,0.24087829094023394,24,3,0.0,0.0,0.0,False,31,24,,,,,
502,49,37,0.24087829094023394,24,4,0.0,0.0,0.0,False,30,24,,,,,
502,49,37,0.24087829094023394,24,5,0.0,0.0,0.0,False,28,24,,,,,
502,49,37,0.24087829094023394,24,6,0.0,0.0,0.0,False,27,24,,,,,
502,49,37,0.24087829094023394,24,7,0.0,0.0,0.0,False,27,24,,,,,
502,49,37,0.24087829094023394,24,8,0.0,0.0,0.0,False,26,24,,,,,
502,49,37,0.24087829094023394,24,9,1.0,1.0,1.0,True,24,24,0.7294081286126001,0.89176325144504,0.13930415948679598,"[-0.081666666666667, 0.011666666666666714]",0.08249579113843088
502,49,37,0.24087829094023394,24,10,0.0,0.0,0.0,False,22,24,,,,,
502,49,37,0.24087829094023394,24,11,0.0,0.0,0.0,False,21,24,,,,,
502,49,37,0.24087829094023394,24,12,0.0,0.0,0.0,False,18,24,,,,,
502,49,37,0.24087829094023394,24,13,0.0,0.0,0.0,False,15,24,,,,,
502,49,37,0.24087829094023394,24,14,0.0,0.0,0.0,False,13,24,,,,,
502,50,38,0.40839516214337523,27,0,0.0,0.0,0.0,False,43,27,,,,,
502,50,38,0.40839516214337523,27,1,0.0,0.0,0.0,False,39,27,,,,,
502,50,38,0.40839516214337523,27,2,0.7407407407407407,0.6060606060606061,0.6666666666666666,True,33,27,0.5821871525906955,0.6328748610362782,0.21509540265461322,"[0.22588995058574568, -0.3864237535633883]",0.4476042751065375
502,50,38,0.40839516214337523,27,3,0.0,0.0,0.0,False,31,27,,,,,
502,50,38,0.40839516214337523,27,4,0.0,0.0,0.0,False,28,27,,,,,
502,50,38,0.40839516214337523,27,5,0.0,0.0,0.0,False,28,27,,,,,
502,50,38,0.40839516214337523,27,6,0.0,0.0,0.0,False,28,27,,,,,
502,50,38,0.40839516214337523,27,7,0.0,0.0,0.0,False,27,27,,,,,
502,50,38,0.40839516214337523,27,8,0.0,0.0,0.0,False,27,27,,,,,
502,50,38,0.40839516214337523,27,9,0.0,0.0,0.0,False,27,27,,,,,
502,50,38,0.40839516214337523,27,10,0.0,0.0,0.0,False,24,27,,,,,
502,50,38,0.40839516214337523,27,11,0.0,0.0,0.0,False,22,27,,,,,
502,50,38,0.40839516214337523,27,12,0.0,0.0,0.0,False,18,27,,,,,
502,50,39,0.3507265469163909,18,0,0.0,0.0,0.0,False,43,18,,,,,
502,50,39,0.3507265469163909,18,1,0.0,0.0,0.0,False,39,18,,,,,
502,50,39,0.3507265469163909,18,2,0.0,0.0,0.0,False,33,18,,,,,
502,50,39,0.3507265469163909,18,3,0.0,0.0,0.0,False,31,18,,,,,
502,50,39,0.3507265469163909,18,4,0.0,0.0,0.0,False,28,18,,,,,
502,50,39,0.3507265469163909,18,5,0.0,0.0,0.0,False,28,18,,,,,
502,50,39,0.3507265469163909,18,6,0.0,0.0,0.0,False,28,18,,,,,
502,50,39,0.3507265469163909,18,7,0.0,0.0,0.0,False,27,18,,,,,
502,50,39,0.3507265469163909,18,8,0.0,0.0,0.0,False,27,18,,,,,
502,50,39,0.3507265469163909,18,9,0.0,0.0,0.0,False,27,18,,,,,
502,50,39,0.3507265469163909,18,10,0.0,0.0,0.0,False,24,18,,,,,
502,50,39,0.3507265469163909,18,11,0.0,0.0,0.0,False,22,18,,,,,
502,50,39,0.3507265469163909,18,12,1.0,1.0,1.0,True,18,18,0.7527391006083018,0.9010956402433208,0.12729307642207924,"[-0.09333333333333371, -0.062222222222222956]",0.11217270634776928
502,50,37,0.24087829094023394,24,0,0.0,0.0,0.0,False,43,24,,,,,
502,50,37,0.24087829094023394,24,1,0.0,0.0,0.0,False,39,24,,,,,
502,50,37,0.24087829094023394,24,2,0.0,0.0,0.0,False,33,24,,,,,
502,50,37,0.24087829094023394,24,3,0.0,0.0,0.0,False,31,24,,,,,
502,50,37,0.24087829094023394,24,4,0.0,0.0,0.0,False,28,24,,,,,
502,50,37,0.24087829094023394,24,5,0.0,0.0,0.0,False,28,24,,,,,
502,50,37,0.24087829094023394,24,6,0.0,0.0,0.0,False,28,24,,,,,
502,50,37,0.24087829094023394,24,7,0.0,0.0,0.0,False,27,24,,,,,
502,50,37,0.24087829094023394,24,8,0.0,0.0,0.0,False,27,24,,,,,
502,50,37,0.24087829094023394,24,9,0.0,0.0,0.0,False,27,24,,,,,
502,50,37,0.24087829094023394,24,10,1.0,1.0,1.0,True,24,24,0.7855093062663839,0.9142037225065536,0.11042255502761747,"[-0.058333333333333126, 0.011666666666666714]",0.05948856099191563
502,50,37,0.24087829094023394,24,11,0.0,0.0,0.0,False,22,24,,,,,
502,50,37,0.24087829094023394,24,12,0.0,0.0,0.0,False,18,24,,,,,
502,51,38,0.40839516214337523,33,0,0.0,0.0,0.0,False,44,33,,,,,
502,51,38,0.40839516214337523,33,1,0.0,0.0,0.0,False,39,33,,,,,
502,51,38,0.40839516214337523,33,2,0.9696969696969697,0.8888888888888888,0.927536231884058,True,36,33,0.7843770861453321,0.8702725735885677,0.11100543644053085,"[0.17708968328773445, -0.5314987853948381]",0.5602247002793952
502,51,38,0.40839516214337523,33,3,0.0,0.0,0.0,False,31,33,,,,,
502,51,38,0.40839516214337523,33,4,0.0,0.0,0.0,False,30,33,,,,,
502,51,38,0.40839516214337523,33,5,0.0,0.0,0.0,False,28,33,,,,,
502,51,38,0.40839516214337523,33,6,0.0,0.0,0.0,False,27,33,,,,,
502,51,38,0.40839516214337523,33,7,0.0,0.0,0.0,False,27,33,,,,,
502,51,38,0.40839516214337523,33,8,0.0,0.0,0.0,False,27,33,,,,,
502,51,38,0.40839516214337523,33,9,0.0,0.0,0.0,False,27,33,,,,,
502,51,38,0.40839516214337523,33,10,0.030303030303030304,0.04,0.034482758620689655,False,25,33,,,,,
502,51,38,0.40839516214337523,33,11,0.0,0.0,0.0,False,18,33,,,,,
502,51,38,0.40839516214337523,33,12,0.0,0.0,0.0,False,18,33,,,,,
502,51,39,0.3507265469163909,18,0,0.0,0.0,0.0,False,44,18,,,,,
502,51,39,0.3507265469163909,18,1,0.0,0.0,0.0,False,39,18,,,,,
502,51,39,0.3507265469163909,18,2,0.0,0.0,0.0,False,36,18,,,,,
502,51,39,0.3507265469163909,18,3,0.0,0.0,0.0,False,31,18,,,,,
502,51,39,0.3507265469163909,18,4,0.0,0.0,0.0,False,30,18,,,,,
502,51,39,0.3507265469163909,18,5,0.0,0.0,0.0,False,28,18,,,,,
502,51,39,0.3507265469163909,18,6,0.0,0.0,0.0,False,27,18,,,,,
502,51,39,0.3507265469163909,18,7,0.0,0.0,0.0,False,27,18,,,,,
502,51,39,0.3507265469163909,18,8,0.0,0.0,0.0,False,27,18,,,,,
502,51,39,0.3507265469163909,18,9,0.0,0.0,0.0,False,27,18,,,,,
502,51,39,0.3507265469163909,18,10,0.0,0.0,0.0,False,25,18,,,,,
502,51,39,0.3507265469163909,18,11,1.0,1.0,1.0,True,18,18,0.7294117450658533,0.8917646980263413,0.1393022976903637,"[-0.0777777777777775, -0.0466666666666668]",0.09070369614203784
502,51,39,0.3507265469163909,18,12,0.0,0.0,0.0,False,18,18,,,,,
502,51,37,0.24087829094023394,24,0,0.0,0.0,0.0,False,44,24,,,,,
502,51,37,0.24087829094023394,24,1,0.0,0.0,0.0,False,39,24,,,,,
502,51,37,0.24087829094023394,24,2,0.0,0.0,0.0,False,36,24,,,,,
502,51,37,0.24087829094023394,24,3,0.0,0.0,0.0,False,31,24,,,,,
502,51,37,0.24087829094023394,24,4,0.0,0.0,0.0,False,30,24,,,,,
502,51,37,0.24087829094023394,24,5,0.0,0.0,0.0,False,28,24,,,,,
502,51,37,0.24087829094023394,24,6,0.0,0.0,0.0,False,27,24,,,,,
502,51,37,0.24087829094023394,24,7,0.0,0.0,0.0,False,27,24,,,,,
502,51,37,0.24087829094023394,24,8,0.0,0.0,0.0,False,27,24,,,,,
502,51,37,0.24087829094023394,24,9,0.0,0.0,0.0,False,27,24,,,,,
502,51,37,0.24087829094023394,24,10,1.0,0.96,0.9795918367346939,True,25,24,0.7214765680297943,0.876345729252734,0.1433874284140599,"[-0.07352557091637468, -0.173231229372373]",0.18818891680554026
502,51,37,0.24087829094023394,24,11,0.0,0.0,0.0,False,18,24,,,,,
502,51,37,0.24087829094023394,24,12,0.0,0.0,0.0,False,18,24,,,,,
502,52,38,0.40839516214337523,36,0,0.0,0.0,0.0,False,44,36,,,,,
502,52,38,0.40839516214337523,36,1,0.0,0.0,0.0,False,39,36,,,,,
502,52,38,0.40839516214337523,36,2,0.0,0.0,0.0,False,36,36,,,,,
502,52,38,0.40839516214337523,36,3,0.0,0.0,0.0,False,33,36,,,,,
502,52,38,0.40839516214337523,36,4,0.0,0.0,0.0,False,28,36,,,,,
502,52,38,0.40839516214337523,36,5,0.0,0.0,0.0,False,27,36,,,,,
502,52,38,0.40839516214337523,36,6,0.0,0.0,0.0,False,25,36,,,,,
502,52,38,0.40839516214337523,36,7,0.0,0.0,0.0,False,25,36,,,,,
502,52,38,0.40839516214337523,36,8,0.6666666666666666,1.0,0.8,True,24,36,0.6718427719180454,0.7487371087672181,0.16893954206047201,"[0.07091480100749159, -0.3350665991403936]",0.34248873683880665
502,52,38,0.40839516214337523,36,9,0.0,0.0,0.0,False,24,36,,,,,
502,52,38,0.40839516214337523,36,10,0.0,0.0,0.0,False,23,36,,,,,
502,52,38,0.40839516214337523,36,11,0.0,0.0,0.0,False,19,36,,,,,
502,52,38,0.40839516214337523,36,12,0.0,0.0,0.0,False,17,36,,,,,
502,52,38,0.40839516214337523,36,13,0.3333333333333333,0.9230769230769231,0.4897959183673469,True,13,36,0.4419457231404127,0.47065584027657326,0.2872934858957351,"[-3.1791113298951617, -0.12216271220699682]",3.1814576181557963
502,52,39,0.3507265469163909,18,0,0.0,0.0,0.0,False,44,18,,,,,
502,52,39,0.3507265469163909,18,1,0.0,0.0,0.0,False,39,18,,,,,
502,52,39,0.3507265469163909,18,2,0.0,0.0,0.0,False,36,18,,,,,
502,52,39,0.3507265469163909,18,3,0.0,0.0,0.0,False,33,18,,,,,
502,52,39,0.3507265469163909,18,4,0.0,0.0,0.0,False,28,18,,,,,
502,52,39,0.3507265469163909,18,5,0.0,0.0,0.0,False,27,18,,,,,
502,52,39,0.3507265469163909,18,6,0.0,0.0,0.0,False,25,18,,,,,
502,52,39,0.3507265469163909,18,7,0.0,0.0,0.0,False,25,18,,,,,
502,52,39,0.3507265469163909,18,8,0.0,0.0,0.0,False,24,18,,,,,
502,52,39,0.3507265469163909,18,9,0.0,0.0,0.0,False,24,18,,,,,
502,52,39,0.3507265469163909,18,10,0.0,0.0,0.0,False,23,18,,,,,
502,52,39,0.3507265469163909,18,11,1.0,0.9473684210526315,0.972972972972973,True,19,18,0.6845349448972657,0.8575977617426902,0.16240544892653597,"[-0.16980327369118697, -0.042685925096590915]",0.17508637856097178
502,52,39,0.3507265469163909,18,12,0.0,0.0,0.0,False,17,18,,,,,
502,52,39,0.3507265469163909,18,13,0.0,0.0,0.0,False,13,18,,,,,
502,52,37,0.24087829094023394,25,0,0.0,0.0,0.0,False,44,25,,,,,
502,52,37,0.24087829094023394,25,1,0.0,0.0,0.0,False,39,25,,,,,
502,52,37,0.24087829094023394,25,2,0.0,0.0,0.0,False,36,25,,,,,
502,52,37,0.24087829094023394,25,3,0.0,0.0,0.0,False,33,25,,,,,
502,52,37,0.24087829094023394,25,4,0.0,0.0,0.0,False,28,25,,,,,
502,52,37,0.24087829094023394,25,5,0.0,0.0,0.0,False,27,25,,,,,
502,52,37,0.24087829094023394,25,6,0.0,0.0,0.0,False,25,25,,,,,
502,52,37,0.24087829094023394,25,7,0.0,0.0,0.0,False,25,25,,,,,
502,52,37,0.24087829094023394,25,8,0.0,0.0,0.0,False,24,25,,,,,
502,52,37,0.24087829094023394,25,9,0.96,1.0,0.9795918367346939,True,24,25,0.7209534272421823,0.8761364729376893,0.14365674798873113,"[-0.18353986831221025, 0.06238435228066308]",0.19385223926883421
502,52,37,0.24087829094023394,25,10,0.0,0.0,0.0,False,23,25,,,,,
502,52,37,0.24087829094023394,25,11,0.04,0.05263157894736842,0.045454545454545456,False,19,25,,,,,
502,52,37,0.24087829094023394,25,12,0.0,0.0,0.0,False,17,25,,,,,
502,52,37,0.24087829094023394,25,13,0.0,0.0,0.0,False,13,25,,,,,
502,53,39,0.3507265469163909,19,0,0.0,0.0,0.0,False,44,19,,,,,
502,53,39,0.3507265469163909,19,1,0.0,0.0,0.0,False,40,19,,,,,
502,53,39,0.3507265469163909,19,2,0.0,0.0,0.0,False,39,19,,,,,
502,53,39,0.3507265469163909,19,3,0.0,0.0,0.0,False,34,19,,,,,
502,53,39,0.3507265469163909,19,4,0.0,0.0,0.0,False,28,19,,,,,
502,53,39,0.3507265469163909,19,5,0.0,0.0,0.0,False,26,19,,,,,
502,53,39,0.3507265469163909,19,6,0.0,0.0,0.0,False,25,19,,,,,
502,53,39,0.3507265469163909,19,7,0.0,0.0,0.0,False,25,19,,,,,
502,53,39,0.3507265469163909,19,8,0.0,0.0,0.0,False,24,19,,,,,
502,53,39,0.3507265469163909,19,9,0.0,0.0,0.0,False,24,19,,,,,
502,53,39,0.3507265469163909,19,10,1.0,0.95,0.9743589743589743,True,20,19,0.7334581492694425,0.8779986443231615,0.13721915700459694,"[-0.23838915845431785, 0.12468638202890281]",0.2690280370742339
502,53,39,0.3507265469163909,19,11,0.0,0.0,0.0,False,18,19,,,,,
502,53,39,0.3507265469163909,19,12,0.0,0.0,0.0,False,17,19,,,,,
502,53,39,0.3507265469163909,19,13,0.0,0.0,0.0,False,12,19,,,,,
502,53,40,0.307342811902133,24,0,0.0,0.0,0.0,False,44,24,,,,,
502,53,40,0.307342811902133,24,1,0.0,0.0,0.0,False,40,24,,,,,
502,53,40,0.307342811902133,24,2,0.0,0.0,0.0,False,39,24,,,,,
502,53,40,0.307342811902133,24,3,0.0,0.0,0.0,False,34,24,,,,,
502,53,40,0.307342811902133,24,4,0.0,0.0,0.0,False,28,24,,,,,
502,53,40,0.307342811902133,24,5,0.0,0.0,0.0,False,26,24,,,,,
502,53,40,0.307342811902133,24,6,0.0,0.0,0.0,False,25,24,,,,,
502,53,40,0.307342811902133,24,7,0.0,0.0,0.0,False,25,24,,,,,
502,53,40,0.307342811902133,24,8,1.0,1.0,1.0,True,24,24,0.9046256164616631,0.9618502465846652,0.04909995362114194,"[-0.023333333333333428, -0.2566666666666677]",0.25772509040103714
502,53,40,0.307342811902133,24,9,0.0,0.0,0.0,False,24,24,,,,,
502,53,40,0.307342811902133,24,10,0.0,0.0,0.0,False,20,24,,,,,
502,53,40,0.307342811902133,24,11,0.0,0.0,0.0,False,18,24,,,,,
502,53,40,0.307342811902133,24,12,0.0,0.0,0.0,False,17,24,,,,,
502,53,40,0.307342811902133,24,13,0.0,0.0,0.0,False,12,24,,,,,
502,53,37,0.24087829094023394,24,0,0.0,0.0,0.0,False,44,24,,,,,
502,53,37,0.24087829094023394,24,1,0.0,0.0,0.0,False,40,24,,,,,
502,53,37,0.24087829094023394,24,2,0.0,0.0,0.0,False,39,24,,,,,
502,53,37,0.24087829094023394,24,3,0.0,0.0,0.0,False,34,24,,,,,
502,53,37,0.24087829094023394,24,4,0.0,0.0,0.0,False,28,24,,,,,
502,53,37,0.24087829094023394,24,5,0.0,0.0,0.0,False,26,24,,,,,
502,53,37,0.24087829094023394,24,6,0.0,0.0,0.0,False,25,24,,,,,
502,53,37,0.24087829094023394,24,7,0.0,0.0,0.0,False,25,24,,,,,
502,53,37,0.24087829094023394,24,8,0.0,0.0,0.0,False,24,24,,,,,
502,53,37,0.24087829094023394,24,9,1.0,1.0,1.0,True,24,24,0.8120988218460088,0.9248395287384035,0.09673393201026993,"[-0.06999999999999984, 0.023333333333333428]",0.07378647873726206
502,53,37,0.24087829094023394,24,10,0.0,0.0,0.0,False,20,24,,,,,
502,53,37,0.24087829094023394,24,11,0.0,0.0,0.0,False,18,24,,,,,
502,53,37,0.24087829094023394,24,12,0.0,0.0,0.0,False,17,24,,,,,
502,53,37,0.24087829094023394,24,13,0.0,0.0,0.0,False,12,24,,,,,
502,53,41,0.10105235024124229,13,0,0.0,0.0,0.0,False,44,13,,,,,
502,53,41,0.10105235024124229,13,1,0.0,0.0,0.0,False,40,13,,,,,
502,53,41,0.10105235024124229,13,2,0.0,0.0,0.0,False,39,13,,,,,
502,53,41,0.10105235024124229,13,3,0.0,0.0,0.0,False,34,13,,,,,
502,53,41,0.10105235024124229,13,4,0.0,0.0,0.0,False,28,13,,,,,
502,53,41,0.10105235024124229,13,5,0.0,0.0,0.0,False,26,13,,,,,
502,53,41,0.10105235024124229,13,6,0.0,0.0,0.0,False,25,13,,,,,
502,53,41,0.10105235024124229,13,7,0.0,0.0,0.0,False,25,13,,,,,
502,53,41,0.10105235024124229,13,8,0.0,0.0,0.0,False,24,13,,,,,
502,53,41,0.10105235024124229,13,9,0.0,0.0,0.0,False,24,13,,,,,
502,53,41,0.10105235024124229,13,10,0.0,0.0,0.0,False,20,13,,,,,
502,53,41,0.10105235024124229,13,11,0.0,0.0,0.0,False,18,13,,,,,
502,53,41,0.10105235024124229,13,12,0.07692307692307693,0.058823529411764705,0.06666666666666667,False,17,13,,,,,
502,53,41,0.10105235024124229,13,13,0.9230769230769231,1.0,0.96,True,12,13,0.745419301038577,0.8741677204154308,0.13106140294809113,"[0.06061506121351279, -0.11770408951221611]",0.13239500871942902
502,54,39,0.3507265469163909,20,0,0.0,0.0,0.0,False,41,20,,,,,
502,54,39,0.3507265469163909,20,1,0.0,0.0,0.0,False,39,20,,,,,
502,54,39,0.3507265469163909,20,2,0.0,0.0,0.0,False,38,20,,,,,
502,54,39,0.3507265469163909,20,3,0.0,0.0,0.0,False,33,20,,,,,
502,54,39,0.3507265469163909,20,4,0.0,0.0,0.0,False,31,20,,,,,
502,54,39,0.3507265469163909,20,5,0.0,0.0,0.0,False,28,20,,,,,
502,54,39,0.3507265469163909,20,6,0.0,0.0,0.0,False,25,20,,,,,
502,54,39,0.3507265469163909,20,7,0.0,0.0,0.0,False,25,20,,,,,
502,54,39,0.3507265469163909,20,8,0.0,0.0,0.0,False,24,20,,,,,
502,54,39,0.3507265469163909,20,9,0.0,0.0,0.0,False,24,20,,,,,
502,54,39,0.3507265469163909,20,10,0.0,0.0,0.0,False,18,20,,,,,
502,54,39,0.3507265469163909,20,11,0.0,0.0,0.0,False,16,20,,,,,
502,54,39,0.3507265469163909,20,12,0.7,1.0,0.8235294117647058,True,14,20,0.5759989310296763,0.724517219470694,0.21828117833536786,"[-0.053966266846073196, 23.864312186534107]",23.864373205561414
502,54,39,0.3507265469163909,20,13,0.0,0.0,0.0,False,13,20,,,,,
502,54,40,0.307342811902133,24,0,0.0,0.0,0.0,False,41,24,,,,,
502,54,40,0.307342811902133,24,1,0.0,0.0,0.0,False,39,24,,,,,
502,54,40,0.307342811902133,24,2,0.0,0.0,0.0,False,38,24,,,,,
502,54,40,0.307342811902133,24,3,0.0,0.0,0.0,False,33,24,,,,,
502,54,40,0.307342811902133,24,4,0.0,0.0,0.0,False,31,24,,,,,
502,54,40,0.307342811902133,24,5,0.0,0.0,0.0,False,28,24,,,,,
502,54,40,0.307342811902133,24,6,0.0,0.0,0.0,False,25,24,,,,,
502,54,40,0.307342811902133,24,7,0.0,0.0,0.0,False,25,24,,,,,
502,54,40,0.307342811902133,24,8,1.0,1.0,1.0,True,24,24,0.8796650407874782,0.9518660163149912,0.06194997752160417,"[0.023333333333333428, -0.23333333333333428]",0.23449709782615505
502,54,40,0.307342811902133,24,9,0.0,0.0,0.0,False,24,24,,,,,
502,54,40,0.307342811902133,24,10,0.0,0.0,0.0,False,18,24,,,,,
502,54,40,0.307342811902133,24,11,0.0,0.0,0.0,False,16,24,,,,,
502,54,40,0.307342811902133,24,12,0.0,0.0,0.0,False,14,24,,,,,
502,54,40,0.307342811902133,24,13,0.0,0.0,0.0,False,13,24,,,,,
502,54,37,0.24087829094023394,24,0,0.0,0.0,0.0,False,41,24,,,,,
502,54,37,0.24087829094023394,24,1,0.0,0.0,0.0,False,39,24,,,,,
502,54,37,0.24087829094023394,24,2,0.0,0.0,0.0,False,38,24,,,,,
502,54,37,0.24087829094023394,24,3,0.0,0.0,0.0,False,33,24,,,,,
502,54,37,0.24087829094023394,24,4,0.0,0.0,0.0,False,31,24,,,,,
502,54,37,0.24087829094023394,24,5,0.0,0.0,0.0,False,28,24,,,,,
502,54,37,0.24087829094023394,24,6,0.0,0.0,0.0,False,25,24,,,,,
502,54,37,0.24087829094023394,24,7,0.0,0.0,0.0,False,25,24,,,,,
502,54,37,0.24087829094023394,24,8,0.0,0.0,0.0,False,24,24,,,,,
502,54,37,0.24087829094023394,24,9,1.0,1.0,1.0,True,24,24,0.8047914923125264,0.9219165969250106,0.1004958388019837,"[-0.10499999999999998, -0.011666666666666714]",0.10564615994493652
502,54,37,0.24087829094023394,24,10,0.0,0.0,0.0,False,18,24,,,,,
502,54,37,0.24087829094023394,24,11,0.0,0.0,0.0,False,16,24,,,,,
502,54,37,0.24087829094023394,24,12,0.0,0.0,0.0,False,14,24,,,,,
502,54,37,0.24087829094023394,24,13,0.0,0.0,0.0,False,13,24,,,,,
502,54,41,0.10105235024124229,12,0,0.0,0.0,0.0,False,41,12,,,,,
502,54,41,0.10105235024124229,12,1,0.0,0.0,0.0,False,39,12,,,,,
502,54,41,0.10105235024124229,12,2,0.0,0.0,0.0,False,38,12,,,,,
502,54,41,0.10105235024124229,12,3,0.0,0.0,0.0,False,33,12,,,,,
502,54,41,0.10105235024124229,12,4,0.0,0.0,0.0,False,31,12,,,,,
502,54,41,0.10105235024124229,12,5,0.0,0.0,0.0,False,28,12,,,,,
502,54,41,0.10105235024124229,12,6,0.0,0.0,0.0,False,25,12,,,,,
502,54,41,0.10105235024124229,12,7,0.0,0.0,0.0,False,25,12,,,,,
502,54,41,0.10105235024124229,12,8,0.0,0.0,0.0,False,24,12,,,,,
502,54,41,0.10105235024124229,12,9,0.0,0.0,0.0,False,24,12,,,,,
502,54,41,0.10105235024124229,12,10,0.0,0.0,0.0,False,18,12,,,,,
502,54,41,0.10105235024124229,12,11,0.0,0.0,0.0,False,16,12,,,,,
502,54,41,0.10105235024124229,12,12,0.0,0.0,0.0,False,14,12,,,,,
502,54,41,0.10105235024124229,12,13,1.0,0.9230769230769231,0.96,True,13,12,0.8829209965447976,0.929168398617919,0.060273769815238076,"[-0.08215352275197407, -0.2915266797185545]",0.3028811751962868
502,55,39,0.3507265469163909,14,0,0.0,0.0,0.0,False,41,14,,,,,
502,55,39,0.3507265469163909,14,1,0.0,0.0,0.0,False,39,14,,,,,
502,55,39,0.3507265469163909,14,2,0.0,0.0,0.0,False,38,14,,,,,
502,55,39,0.3507265469163909,14,3,0.0,0.0,0.0,False,37,14,,,,,
502,55,39,0.3507265469163909,14,4,0.0,0.0,0.0,False,35,14,,,,,
502,55,39,0.3507265469163909,14,5,0.0,0.0,0.0,False,31,14,,,,,
502,55,39,0.3507265469163909,14,6,0.0,0.0,0.0,False,28,14,,,,,
502,55,39,0.3507265469163909,14,7,0.0,0.0,0.0,False,25,14,,,,,
502,55,39,0.3507265469163909,14,8,0.0,0.0,0.0,False,24,14,,,,,
502,55,39,0.3507265469163909,14,9,0.0,0.0,0.0,False,23,14,,,,,
502,55,39,0.3507265469163909,14,10,0.0,0.0,0.0,False,18,14,,,,,
502,55,39,0.3507265469163909,14,11,0.0,0.0,0.0,False,16,14,,,,,
502,55,39,0.3507265469163909,14,12,1.0,1.0,1.0,True,14,14,0.6709703664832833,0.8683881465933133,0.16938866754675558,"[-0.08000000000000007, 0.0]",0.08000000000000007
502,55,40,0.307342811902133,24,0,0.0,0.0,0.0,False,41,24,,,,,
502,55,40,0.307342811902133,24,1,0.0,0.0,0.0,False,39,24,,,,,
502,55,40,0.307342811902133,24,2,0.0,0.0,0.0,False,38,24,,,,,
502,55,40,0.307342811902133,24,3,1.0,0.6486486486486487,0.7868852459016393,True,37,24,0.6729049281327972,0.7412931187941025,0.1683927304434747,"[-0.12676593788471635, -0.12384458026664547]",0.17722043637575594
502,55,40,0.307342811902133,24,4,0.0,0.0,0.0,False,35,24,,,,,
502,55,40,0.307342811902133,24,5,0.0,0.0,0.0,False,31,24,,,,,
502,55,40,0.307342811902133,24,6,0.0,0.0,0.0,False,28,24,,,,,
502,55,40,0.307342811902133,24,7,0.0,0.0,0.0,False,25,24,,,,,
502,55,40,0.307342811902133,24,8,0.0,0.0,0.0,False,24,24,,,,,
502,55,40,0.307342811902133,24,9,0.0,0.0,0.0,False,23,24,,,,,
502,55,40,0.307342811902133,24,10,0.0,0.0,0.0,False,18,24,,,,,
502,55,40,0.307342811902133,24,11,0.0,0.0,0.0,False,16,24,,,,,
502,55,40,0.307342811902133,24,12,0.0,0.0,0.0,False,14,24,,,,,
502,55,37,0.24087829094023394,24,0,0.0,0.0,0.0,False,41,24,,,,,
502,55,37,0.24087829094023394,24,1,0.0,0.0,0.0,False,39,24,,,,,
502,55,37,0.24087829094023394,24,2,0.0,0.0,0.0,False,38,24,,,,,
502,55,37,0.24087829094023394,24,3,0.0,0.0,0.0,False,37,24,,,,,
502,55,37,0.24087829094023394,24,4,0.0,0.0,0.0,False,35,24,,,,,
502,55,37,0.24087829094023394,24,5,0.0,0.0,0.0,False,31,24,,,,,
502,55,37,0.24087829094023394,24,6,0.0,0.0,0.0,False,28,24,,,,,
502,55,37,0.24087829094023394,24,7,0.0,0.0,0.0,False,25,24,,,,,
502,55,37,0.24087829094023394,24,8,1.0,1.0,1.0,True,24,24,0.8152474993498979,0.9260989997399591,0.09511295252213786,"[-0.12833333333333363, -0.03500000000000014]",0.1330204662615664
502,55,37,0.24087829094023394,24,9,0.0,0.0,0.0,False,23,24,,,,,
502,55,37,0.24087829094023394,24,10,0.0,0.0,0.0,False,18,24,,,,,
502,55,37,0.24087829094023394,24,11,0.0,0.0,0.0,False,16,24,,,,,
502,55,37,0.24087829094023394,24,12,0.0,0.0,0.0,False,14,24,,,,,
502,55,41,0.10105235024124229,13,0,0.0,0.0,0.0,False,41,13,,,,,
502,55,41,0.10105235024124229,13,1,0.0,0.0,0.0,False,39,13,,,,,
502,55,41,0.10105235024124229,13,2,0.0,0.0,0.0,False,38,13,,,,,
502,55,41,0.10105235024124229,13,3,1.0,0.35135135135135137,0.52,True,37,13,0.39552323679591905,0.47020929471836764,0.31119237616302076,"[3.144798654556398, -0.4175176979692736]",3.1723933560984037
502,55,41,0.10105235024124229,13,4,0.0,0.0,0.0,False,35,13,,,,,
502,55,41,0.10105235024124229,13,5,0.0,0.0,0.0,False,31,13,,,,,
502,55,41,0.10105235024124229,13,6,0.0,0.0,0.0,False,28,13,,,,,
502,55,41,0.10105235024124229,13,7,0.0,0.0,0.0,False,25,13,,,,,
502,55,41,0.10105235024124229,13,8,0.0,0.0,0.0,False,24,13,,,,,
502,55,41,0.10105235024124229,13,9,0.0,0.0,0.0,False,23,13,,,,,
502,55,41,0.10105235024124229,13,10,0.0,0.0,0.0,False,18,13,,,,,
502,55,41,0.10105235024124229,13,11,0.0,0.0,0.0,False,16,13,,,,,
502,55,41,0.10105235024124229,13,12,0.0,0.0,0.0,False,14,13,,,,,
502,56,39,0.3507265469163909,14,0,0.0,0.0,0.0,False,41,14,,,,,
502,56,39,0.3507265469163909,14,1,0.0,0.0,0.0,False,39,14,,,,,
502,56,39,0.3507265469163909,14,2,0.0,0.0,0.0,False,37,14,,,,,
502,56,39,0.3507265469163909,14,3,0.0,0.0,0.0,False,36,14,,,,,
502,56,39,0.3507265469163909,14,4,0.0,0.0,0.0,False,36,14,,,,,
502,56,39,0.3507265469163909,14,5,0.0,0.0,0.0,False,31,14,,,,,
502,56,39,0.3507265469163909,14,6,0.0,0.0,0.0,False,29,14,,,,,
502,56,39,0.3507265469163909,14,7,0.0,0.0,0.0,False,28,14,,,,,
502,56,39,0.3507265469163909,14,8,0.0,0.0,0.0,False,25,14,,,,,
502,56,39,0.3507265469163909,14,9,0.0,0.0,0.0,False,20,14,,,,,
502,56,39,0.3507265469163909,14,10,0.0,0.0,0.0,False,16,14,,,,,
502,56,39,0.3507265469163909,14,11,0.0,0.0,0.0,False,16,14,,,,,
502,56,39,0.3507265469163909,14,12,1.0,1.0,1.0,True,14,14,0.7790725048944509,0.9116290019577804,0.11373630277733031,"[-0.040000000000000036, 0.0]",0.040000000000000036
502,56,40,0.307342811902133,37,0,0.0,0.0,0.0,False,41,37,,,,,
502,56,40,0.307342811902133,37,1,0.0,0.0,0.0,False,39,37,,,,,
502,56,40,0.307342811902133,37,2,1.0,1.0,1.0,True,37,37,0.8396119495192709,0.9358447798077083,0.08256982166310615,"[-0.022702702702702027, -0.1967567567567592]",0.19806219740133596
502,56,40,0.307342811902133,37,3,0.0,0.0,0.0,False,36,37,,,,,
502,56,40,0.307342811902133,37,4,0.0,0.0,0.0,False,36,37,,,,,
502,56,40,0.307342811902133,37,5,0.0,0.0,0.0,False,31,37,,,,,
502,56,40,0.307342811902133,37,6,0.0,0.0,0.0,False,29,37,,,,,
502,56,40,0.307342811902133,37,7,0.0,0.0,0.0,False,28,37,,,,,
502,56,40,0.307342811902133,37,8,0.0,0.0,0.0,False,25,37,,,,,
502,56,40,0.307342811902133,37,9,0.0,0.0,0.0,False,20,37,,,,,
502,56,40,0.307342811902133,37,10,0.0,0.0,0.0,False,16,37,,,,,
502,56,40,0.307342811902133,37,11,0.0,0.0,0.0,False,16,37,,,,,
502,56,40,0.307342811902133,37,12,0.0,0.0,0.0,False,14,37,,,,,
502,56,37,0.24087829094023394,24,0,0.0,0.0,0.0,False,41,24,,,,,
502,56,37,0.24087829094023394,24,1,0.0,0.0,0.0,False,39,24,,,,,
502,56,37,0.24087829094023394,24,2,0.0,0.0,0.0,False,37,24,,,,,
502,56,37,0.24087829094023394,24,3,0.0,0.0,0.0,False,36,24,,,,,
502,56,37,0.24087829094023394,24,4,0.0,0.0,0.0,False,36,24,,,,,
502,56,37,0.24087829094023394,24,5,0.0,0.0,0.0,False,31,24,,,,,
502,56,37,0.24087829094023394,24,6,1.0,0.8275862068965517,0.9056603773584906,True,29,24,0.6323114461092887,0.7963208048588097,0.18929077466384717,"[-0.0794201967868784, 0.03331792214254392]",0.08612578936394782
502,56,37,0.24087829094023394,24,7,0.0,0.0,0.0,False,28,24,,,,,
502,56,37,0.24087829094023394,24,8,0.0,0.0,0.0,False,25,24,,,,,
502,56,37,0.24087829094023394,24,9,0.0,0.0,0.0,False,20,24,,,,,
502,56,37,0.24087829094023394,24,10,0.0,0.0,0.0,False,16,24,,,,,
502,56,37,0.24087829094023394,24,11,0.0,0.0,0.0,False,16,24,,,,,
502,56,37,0.24087829094023394,24,12,0.0,0.0,0.0,False,14,24,,,,,
502,56,41,0.10105235024124229,37,0,0.0,0.0,0.0,False,41,37,,,,,
502,56,41,0.10105235024124229,37,1,0.0,0.0,0.0,False,39,37,,,,,
502,56,41,0.10105235024124229,37,2,1.0,1.0,1.0,True,37,37,0.8396119495192709,0.9358447798077083,0.08256982166310615,"[-0.022702702702702027, -0.1967567567567592]",0.19806219740133596
502,56,41,0.10105235024124229,37,3,0.0,0.0,0.0,False,36,37,,,,,
502,56,41,0.10105235024124229,37,4,0.0,0.0,0.0,False,36,37,,,,,
502,56,41,0.10105235024124229,37,5,0.0,0.0,0.0,False,31,37,,,,,
502,56,41,0.10105235024124229,37,6,0.0,0.0,0.0,False,29,37,,,,,
502,56,41,0.10105235024124229,37,7,0.0,0.0,0.0,False,28,37,,,,,
502,56,41,0.10105235024124229,37,8,0.0,0.0,0.0,False,25,37,,,,,
502,56,41,0.10105235024124229,37,9,0.0,0.0,0.0,False,20,37,,,,,
502,56,41,0.10105235024124229,37,10,0.0,0.0,0.0,False,16,37,,,,,
502,56,41,0.10105235024124229,37,11,0.0,0.0,0.0,False,16,37,,,,,
502,56,41,0.10105235024124229,37,12,0.0,0.0,0.0,False,14,37,,,,,
502,57,39,0.3507265469163909,14,0,0.0,0.0,0.0,False,40,14,,,,,
502,57,39,0.3507265469163909,14,1,0.0,0.0,0.0,False,40,14,,,,,
502,57,39,0.3507265469163909,14,2,0.0,0.0,0.0,False,37,14,,,,,
502,57,39,0.3507265469163909,14,3,0.0,0.0,0.0,False,35,14,,,,,
502,57,39,0.3507265469163909,14,4,0.0,0.0,0.0,False,34,14,,,,,
502,57,39,0.3507265469163909,14,5,0.0,0.0,0.0,False,33,14,,,,,
502,57,39,0.3507265469163909,14,6,0.0,0.0,0.0,False,31,14,,,,,
502,57,39,0.3507265469163909,14,7,0.0,0.0,0.0,False,27,14,,,,,
502,57,39,0.3507265469163909,14,8,0.0,0.0,0.0,False,25,14,,,,,
502,57,39,0.3507265469163909,14,9,0.0,0.0,0.0,False,21,14,,,,,
502,57,39,0.3507265469163909,14,10,1.0,0.6666666666666666,0.8,True,21,14,0.5895374292989444,0.7158149717195778,0.21131138610752315,"[-0.264866811003011, -0.06221741383098234]",0.272076155064571
502,57,39,0.3507265469163909,14,11,0.0,0.0,0.0,False,17,14,,,,,
502,57,39,0.3507265469163909,14,12,0.0,0.0,0.0,False,16,14,,,,,
502,57,40,0.307342811902133,37,0,0.0,0.0,0.0,False,40,37,,,,,
502,57,40,0.307342811902133,37,1,0.0,0.0,0.0,False,40,37,,,,,
502,57,40,0.307342811902133,37,2,1.0,1.0,1.0,True,37,37,0.7867471792910798,0.9146988717164319,0.10978528214734766,"[0.015135135135135869, -0.18918918918918948]",0.18979362903327854
502,57,40,0.307342811902133,37,3,0.0,0.0,0.0,False,35,37,,,,,
502,57,40,0.307342811902133,37,4,0.0,0.0,0.0,False,34,37,,,,,
502,57,40,0.307342811902133,37,5,0.0,0.0,0.0,False,33,37,,,,,
502,57,40,0.307342811902133,37,6,0.0,0.0,0.0,False,31,37,,,,,
502,57,40,0.307342811902133,37,7,0.0,0.0,0.0,False,27,37,,,,,
502,57,40,0.307342811902133,37,8,0.0,0.0,0.0,False,25,37,,,,,
502,57,40,0.307342811902133,37,9,0.0,0.0,0.0,False,21,37,,,,,
502,57,40,0.307342811902133,37,10,0.0,0.0,0.0,False,21,37,,,,,
502,57,40,0.307342811902133,37,11,0.0,0.0,0.0,False,17,37,,,,,
502,57,40,0.307342811902133,37,12,0.0,0.0,0.0,False,16,37,,,,,
502,57,37,0.24087829094023394,29,0,0.0,0.0,0.0,False,40,29,,,,,
502,57,37,0.24087829094023394,29,1,0.0,0.0,0.0,False,40,29,,,,,
502,57,37,0.24087829094023394,29,2,0.0,0.0,0.0,False,37,29,,,,,
502,57,37,0.24087829094023394,29,3,0.0,0.0,0.0,False,35,29,,,,,
502,57,37,0.24087829094023394,29,4,1.0,0.8529411764705882,0.9206349206349206,True,34,29,0.6755964671156309,0.8226195392272047,0.16700709171823452,"[-0.2592227986291098, 0.07236221206782512]",0.269133329531028
502,57,37,0.24087829094023394,29,5,0.0,0.0,0.0,False,33,29,,,,,
502,57,37,0.24087829094023394,29,6,0.0,0.0,0.0,False,31,29,,,,,
502,57,37,0.24087829094023394,29,7,0.0,0.0,0.0,False,27,29,,,,,
502,57,37,0.24087829094023394,29,8,0.0,0.0,0.0,False,25,29,,,,,
502,57,37,0.24087829094023394,29,9,0.0,0.0,0.0,False,21,29,,,,,
502,57,37,0.24087829094023394,29,10,0.0,0.0,0.0,False,21,29,,,,,
502,57,37,0.24087829094023394,29,11,0.0,0.0,0.0,False,17,29,,,,,
502,57,37,0.24087829094023394,29,12,0.0,0.0,0.0,False,16,29,,,,,
502,57,41,0.10105235024124229,37,0,0.0,0.0,0.0,False,40,37,,,,,
502,57,41,0.10105235024124229,37,1,0.0,0.0,0.0,False,40,37,,,,,
502,57,41,0.10105235024124229,37,2,1.0,1.0,1.0,True,37,37,0.7867471792910798,0.9146988717164319,0.10978528214734766,"[0.015135135135135869, -0.18918918918918948]",0.18979362903327854
502,57,41,0.10105235024124229,37,3,0.0,0.0,0.0,False,35,37,,,,,
502,57,41,0.10105235024124229,37,4,0.0,0.0,0.0,False,34,37,,,,,
502,57,41,0.10105235024124229,37,5,0.0,0.0,0.0,False,33,37,,,,,
502,57,41,0.10105235024124229,37,6,0.0,0.0,0.0,False,31,37,,,,,
502,57,41,0.10105235024124229,37,7,0.0,0.0,0.0,False,27,37,,,,,
502,57,41,0.10105235024124229,37,8,0.0,0.0,0.0,False,25,37,,,,,
502,57,41,0.10105235024124229,37,9,0.0,0.0,0.0,False,21,37,,,,,
502,57,41,0.10105235024124229,37,10,0.0,0.0,0.0,False,21,37,,,,,
502,57,41,0.10105235024124229,37,11,0.0,0.0,0.0,False,17,37,,,,,
502,57,41,0.10105235024124229,37,12,0.0,0.0,0.0,False,16,37,,,,,
502,58,39,0.3507265469163909,21,0,0.0,0.0,0.0,False,40,21,,,,,
502,58,39,0.3507265469163909,21,1,0.0,0.0,0.0,False,40,21,,,,,
502,58,39,0.3507265469163909,21,2,0.047619047619047616,0.02631578947368421,0.03389830508474576,False,38,21,,,,,
502,58,39,0.3507265469163909,21,3,0.0,0.0,0.0,False,35,21,,,,,
502,58,39,0.3507265469163909,21,4,0.0,0.0,0.0,False,35,21,,,,,
502,58,39,0.3507265469163909,21,5,0.0,0.0,0.0,False,33,21,,,,,
502,58,39,0.3507265469163909,21,6,0.0,0.0,0.0,False,30,21,,,,,
502,58,39,0.3507265469163909,21,7,0.0,0.0,0.0,False,28,21,,,,,
502,58,39,0.3507265469163909,21,8,0.0,0.0,0.0,False,25,21,,,,,
502,58,39,0.3507265469163909,21,9,0.0,0.0,0.0,False,22,21,,,,,
502,58,39,0.3507265469163909,21,10,0.0,0.0,0.0,False,21,21,,,,,
502,58,39,0.3507265469163909,21,11,0.9523809523809523,1.0,0.975609756097561,True,20,21,0.6993008372088243,0.8650861885420662,0.15480377853271504,"[-0.39434208889766786, 0.221748793605812]",0.45241376033649683
502,58,39,0.3507265469163909,21,12,0.0,0.0,0.0,False,16,21,,,,,
502,58,40,0.307342811902133,37,0,0.0,0.0,0.0,False,40,37,,,,,
502,58,40,0.307342811902133,37,1,0.0,0.0,0.0,False,40,37,,,,,
502,58,40,0.307342811902133,37,2,1.0,0.9736842105263158,0.9866666666666667,True,38,37,0.7799146598557765,0.9039658639423106,0.11330275062203618,"[0.15080019836200975, -0.23253980057195278]",0.2771560186538713
502,58,40,0.307342811902133,37,3,0.0,0.0,0.0,False,35,37,,,,,
502,58,40,0.307342811902133,37,4,0.0,0.0,0.0,False,35,37,,,,,
502,58,40,0.307342811902133,37,5,0.0,0.0,0.0,False,33,37,,,,,
502,58,40,0.307342811902133,37,6,0.0,0.0,0.0,False,30,37,,,,,
502,58,40,0.307342811902133,37,7,0.0,0.0,0.0,False,28,37,,,,,
502,58,40,0.307342811902133,37,8,0.0,0.0,0.0,False,25,37,,,,,
502,58,40,0.307342811902133,37,9,0.0,0.0,0.0,False,22,37,,,,,
502,58,40,0.307342811902133,37,10,0.0,0.0,0.0,False,21,37,,,,,
502,58,40,0.307342811902133,37,11,0.0,0.0,0.0,False,20,37,,,,,
502,58,40,0.307342811902133,37,12,0.0,0.0,0.0,False,16,37,,,,,
502,58,37,0.24087829094023394,34,0,0.0,0.0,0.0,False,40,34,,,,,
502,58,37,0.24087829094023394,34,1,0.0,0.0,0.0,False,40,34,,,,,
502,58,37,0.24087829094023394,34,2,0.0,0.0,0.0,False,38,34,,,,,
502,58,37,0.24087829094023394,34,3,0.11764705882352941,0.11428571428571428,0.11594202898550725,False,35,34,,,,,
502,58,37,0.24087829094023394,34,4,0.0,0.0,0.0,False,35,34,,,,,
502,58,37,0.24087829094023394,34,5,0.0,0.0,0.0,False,33,34,,,,,
502,58,37,0.24087829094023394,34,6,0.8823529411764706,1.0,0.9375,True,30,34,0.6939037635674045,0.8400615054269618,0.15758226113624432,"[-0.09528690664761552, -0.0004270994010178164]",0.0952878638251994
502,58,37,0.24087829094023394,34,7,0.0,0.0,0.0,False,28,34,,,,,
502,58,37,0.24087829094023394,34,8,0.0,0.0,0.0,False,25,34,,,,,
502,58,37,0.24087829094023394,34,9,0.0,0.0,0.0,False,22,34,,,,,
502,58,37,0.24087829094023394,34,10,0.0,0.0,0.0,False,21,34,,,,,
502,58,37,0.24087829094023394,34,11,0.0,0.0,0.0,False,20,34,,,,,
502,58,37,0.24087829094023394,34,12,0.0,0.0,0.0,False,16,34,,,,,
502,58,41,0.10105235024124229,37,0,0.0,0.0,0.0,False,40,37,,,,,
502,58,41,0.10105235024124229,37,1,0.0,0.0,0.0,False,40,37,,,,,
502,58,41,0.10105235024124229,37,2,1.0,0.9736842105263158,0.9866666666666667,True,38,37,0.7799146598557765,0.9039658639423106,0.11330275062203618,"[0.15080019836200975, -0.23253980057195278]",0.2771560186538713
502,58,41,0.10105235024124229,37,3,0.0,0.0,0.0,False,35,37,,,,,
502,58,41,0.10105235024124229,37,4,0.0,0.0,0.0,False,35,37,,,,,
502,58,41,0.10105235024124229,37,5,0.0,0.0,0.0,False,33,37,,,,,
502,58,41,0.10105235024124229,37,6,0.0,0.0,0.0,False,30,37,,,,,
502,58,41,0.10105235024124229,37,7,0.0,0.0,0.0,False,28,37,,,,,
502,58,41,0.10105235024124229,37,8,0.0,0.0,0.0,False,25,37,,,,,
502,58,41,0.10105235024124229,37,9,0.0,0.0,0.0,False,22,37,,,,,
502,58,41,0.10105235024124229,37,10,0.0,0.0,0.0,False,21,37,,,,,
502,58,41,0.10105235024124229,37,11,0.0,0.0,0.0,False,20,37,,,,,
502,58,41,0.10105235024124229,37,12,0.0,0.0,0.0,False,16,37,,,,,
502,59,39,0.3507265469163909,20,0,0.0,0.0,0.0,False,58,20,,,,,
502,59,39,0.3507265469163909,20,1,0.0,0.0,0.0,False,42,20,,,,,
502,59,39,0.3507265469163909,20,2,0.0,0.0,0.0,False,40,20,,,,,
502,59,39,0.3507265469163909,20,3,0.0,0.0,0.0,False,39,20,,,,,
502,59,39,0.3507265469163909,20,4,0.0,0.0,0.0,False,35,20,,,,,
502,59,39,0.3507265469163909,20,5,0.0,0.0,0.0,False,31,20,,,,,
502,59,39,0.3507265469163909,20,6,0.0,0.0,0.0,False,28,20,,,,,
502,59,39,0.3507265469163909,20,7,0.0,0.0,0.0,False,25,20,,,,,
502,59,39,0.3507265469163909,20,8,0.0,0.0,0.0,False,25,20,,,,,
502,59,39,0.3507265469163909,20,9,1.0,0.8333333333333334,0.9090909090909091,True,24,20,0.6855660348396617,0.8196809593904102,0.16187463062425553,"[-0.1947210635643275, 0.21083890704470676]",0.28700058766390946
502,59,39,0.3507265469163909,20,10,0.0,0.0,0.0,False,21,20,,,,,
502,59,39,0.3507265469163909,20,11,0.0,0.0,0.0,False,12,20,,,,,
502,59,40,0.307342811902133,38,0,0.0,0.0,0.0,False,58,38,,,,,
502,59,40,0.307342811902133,38,1,0.02631578947368421,0.023809523809523808,0.025,False,42,38,,,,,
502,59,40,0.307342811902133,38,2,0.0,0.0,0.0,False,40,38,,,,,
502,59,40,0.307342811902133,38,3,0.9210526315789473,0.8974358974358975,0.9090909090909091,True,39,38,0.7756156528925868,0.8557008066115801,0.11551593444224648,"[-0.14628065909947097, -0.5423589322039177]",0.5617394792677024
502,59,40,0.307342811902133,38,4,0.0,0.0,0.0,False,35,38,,,,,
502,59,40,0.307342811902133,38,5,0.0,0.0,0.0,False,31,38,,,,,
502,59,40,0.307342811902133,38,6,0.0,0.0,0.0,False,28,38,,,,,
502,59,40,0.307342811902133,38,7,0.0,0.0,0.0,False,25,38,,,,,
502,59,40,0.307342811902133,38,8,0.0,0.0,0.0,False,25,38,,,,,
502,59,40,0.307342811902133,38,9,0.05263157894736842,0.08333333333333333,0.06451612903225806,False,24,38,,,,,
502,59,40,0.307342811902133,38,10,0.0,0.0,0.0,False,21,38,,,,,
502,59,40,0.307342811902133,38,11,0.0,0.0,0.0,False,12,38,,,,,
502,59,37,0.24087829094023394,30,0,0.8666666666666667,0.4482758620689655,0.5909090909090909,True,58,30,0.3279651604507926,0.4857315187257716,0.34597213873884836,"[23.43362007155316, -1.2839206948426352]",23.46876652081537
502,59,37,0.24087829094023394,30,1,0.0,0.0,0.0,False,42,30,,,,,
502,59,37,0.24087829094023394,30,2,0.0,0.0,0.0,False,40,30,,,,,
502,59,37,0.24087829094023394,30,3,0.0,0.0,0.0,False,39,30,,,,,
502,59,37,0.24087829094023394,30,4,0.0,0.0,0.0,False,35,30,,,,,
502,59,37,0.24087829094023394,30,5,0.0,0.0,0.0,False,31,30,,,,,
502,59,37,0.24087829094023394,30,6,0.0,0.0,0.0,False,28,30,,,,,
502,59,37,0.24087829094023394,30,7,0.0,0.0,0.0,False,25,30,,,,,
502,59,37,0.24087829094023394,30,8,0.0,0.0,0.0,False,25,30,,,,,
502,59,37,0.24087829094023394,30,9,0.06666666666666667,0.08333333333333333,0.07407407407407407,False,24,30,,,,,
502,59,37,0.24087829094023394,30,10,0.0,0.0,0.0,False,21,30,,,,,
502,59,37,0.24087829094023394,30,11,0.0,0.0,0.0,False,12,30,,,,,
502,59,41,0.10105235024124229,38,0,0.0,0.0,0.0,False,58,38,,,,,
502,59,41,0.10105235024124229,38,1,0.02631578947368421,0.023809523809523808,0.025,False,42,38,,,,,
502,59,41,0.10105235024124229,38,2,0.0,0.0,0.0,False,40,38,,,,,
502,59,41,0.10105235024124229,38,3,0.9210526315789473,0.8974358974358975,0.9090909090909091,True,39,38,0.7756156528925868,0.8557008066115801,0.11551593444224648,"[-0.14628065909947097, -0.5423589322039177]",0.5617394792677024
502,59,41,0.10105235024124229,38,4,0.0,0.0,0.0,False,35,38,,,,,
502,59,41,0.10105235024124229,38,5,0.0,0.0,0.0,False,31,38,,,,,
502,59,41,0.10105235024124229,38,6,0.0,0.0,0.0,False,28,38,,,,,
502,59,41,0.10105235024124229,38,7,0.0,0.0,0.0,False,25,38,,,,,
502,59,41,0.10105235024124229,38,8,0.0,0.0,0.0,False,25,38,,,,,
502,59,41,0.10105235024124229,38,9,0.05263157894736842,0.08333333333333333,0.06451612903225806,False,24,38,,,,,
502,59,41,0.10105235024124229,38,10,0.0,0.0,0.0,False,21,38,,,,,
502,59,41,0.10105235024124229,38,11,0.0,0.0,0.0,False,12,38,,,,,
502,60,39,0.3507265469163909,24,0,0.041666666666666664,0.017241379310344827,0.024390243902439025,False,58,24,,,,,
502,60,39,0.3507265469163909,24,1,0.0,0.0,0.0,False,40,24,,,,,
502,60,39,0.3507265469163909,24,2,0.0,0.0,0.0,False,40,24,,,,,
502,60,39,0.3507265469163909,24,3,0.0,0.0,0.0,False,39,24,,,,,
502,60,39,0.3507265469163909,24,4,0.0,0.0,0.0,False,36,24,,,,,
502,60,39,0.3507265469163909,24,5,0.0,0.0,0.0,False,33,24,,,,,
502,60,39,0.3507265469163909,24,6,0.0,0.0,0.0,False,32,24,,,,,
502,60,39,0.3507265469163909,24,7,0.9583333333333334,0.7931034482758621,0.8679245283018868,True,29,24,0.5720877202524297,0.7495898050821039,0.22029471971451736,"[-0.3355451564093128, 0.24426979175655106]",0.41504009824899935
502,60,39,0.3507265469163909,24,8,0.0,0.0,0.0,False,27,24,,,,,
502,60,39,0.3507265469163909,24,9,0.0,0.0,0.0,False,22,24,,,,,
502,60,39,0.3507265469163909,24,10,0.0,0.0,0.0,False,21,24,,,,,
502,60,39,0.3507265469163909,24,11,0.0,0.0,0.0,False,13,24,,,,,
502,60,40,0.307342811902133,39,0,0.0,0.0,0.0,False,58,39,,,,,
502,60,40,0.307342811902133,39,1,0.0,0.0,0.0,False,40,39,,,,,
502,60,40,0.307342811902133,39,2,0.0,0.0,0.0,False,40,39,,,,,
502,60,40,0.307342811902133,39,3,1.0,1.0,1.0,True,39,39,0.8750768449344909,0.9500307379737963,0.06431203948445643,"[-0.02871794871794897, -0.2225641025641032]",0.22440922514177397
502,60,40,0.307342811902133,39,4,0.0,0.0,0.0,False,36,39,,,,,
502,60,40,0.307342811902133,39,5,0.0,0.0,0.0,False,33,39,,,,,
502,60,40,0.307342811902133,39,6,0.0,0.0,0.0,False,32,39,,,,,
502,60,40,0.307342811902133,39,7,0.0,0.0,0.0,False,29,39,,,,,
502,60,40,0.307342811902133,39,8,0.0,0.0,0.0,False,27,39,,,,,
502,60,40,0.307342811902133,39,9,0.0,0.0,0.0,False,22,39,,,,,
502,60,40,0.307342811902133,39,10,0.0,0.0,0.0,False,21,39,,,,,
502,60,40,0.307342811902133,39,11,0.0,0.0,0.0,False,13,39,,,,,
502,60,37,0.24087829094023394,58,0,0.9827586206896551,0.9827586206896551,0.9827586206896551,True,58,58,0.8372005976367547,0.9245354114684949,0.08381121648216894,"[-0.07294138005877215, -0.014154094450137933]",0.0743019738269561
502,60,37,0.24087829094023394,58,1,0.0,0.0,0.0,False,40,58,,,,,
502,60,37,0.24087829094023394,58,2,0.0,0.0,0.0,False,40,58,,,,,
502,60,37,0.24087829094023394,58,3,0.0,0.0,0.0,False,39,58,,,,,
502,60,37,0.24087829094023394,58,4,0.0,0.0,0.0,False,36,58,,,,,
502,60,37,0.24087829094023394,58,5,0.0,0.0,0.0,False,33,58,,,,,
502,60,37,0.24087829094023394,58,6,0.0,0.0,0.0,False,32,58,,,,,
502,60,37,0.24087829094023394,58,7,0.0,0.0,0.0,False,29,58,,,,,
502,60,37,0.24087829094023394,58,8,0.0,0.0,0.0,False,27,58,,,,,
502,60,37,0.24087829094023394,58,9,0.0,0.0,0.0,False,22,58,,,,,
502,60,37,0.24087829094023394,58,10,0.017241379310344827,0.047619047619047616,0.02531645569620253,False,21,58,,,,,
502,60,37,0.24087829094023394,58,11,0.0,0.0,0.0,False,13,58,,,,,
502,60,41,0.10105235024124229,39,0,0.0,0.0,0.0,False,58,39,,,,,
502,60,41,0.10105235024124229,39,1,0.0,0.0,0.0,False,40,39,,,,,
502,60,41,0.10105235024124229,39,2,0.0,0.0,0.0,False,40,39,,,,,
502,60,41,0.10105235024124229,39,3,1.0,1.0,1.0,True,39,39,0.8750768449344909,0.9500307379737963,0.06431203948445643,"[-0.02871794871794897, -0.2225641025641032]",0.22440922514177397
502,60,41,0.10105235024124229,39,4,0.0,0.0,0.0,False,36,39,,,,,
502,60,41,0.10105235024124229,39,5,0.0,0.0,0.0,False,33,39,,,,,
502,60,41,0.10105235024124229,39,6,0.0,0.0,0.0,False,32,39,,,,,
502,60,41,0.10105235024124229,39,7,0.0,0.0,0.0,False,29,39,,,,,
502,60,41,0.10105235024124229,39,8,0.0,0.0,0.0,False,27,39,,,,,
502,60,41,0.10105235024124229,39,9,0.0,0.0,0.0,False,22,39,,,,,
502,60,41,0.10105235024124229,39,10,0.0,0.0,0.0,False,21,39,,,,,
502,60,41,0.10105235024124229,39,11,0.0,0.0,0.0,False,13,39,,,,,
502,61,39,0.3507265469163909,29,0,0.0,0.0,0.0,False,59,29,,,,,
502,61,39,0.3507265469163909,29,1,0.0,0.0,0.0,False,40,29,,,,,
502,61,39,0.3507265469163909,29,2,0.0,0.0,0.0,False,39,29,,,,,
502,61,39,0.3507265469163909,29,3,0.0,0.0,0.0,False,36,29,,,,,
502,61,39,0.3507265469163909,29,4,0.0,0.0,0.0,False,36,29,,,,,
502,61,39,0.3507265469163909,29,5,0.0,0.0,0.0,False,33,29,,,,,
502,61,39,0.3507265469163909,29,6,0.0,0.0,0.0,False,33,29,,,,,
502,61,39,0.3507265469163909,29,7,1.0,1.0,1.0,True,29,29,0.5795476005236055,0.8318190402094422,0.21645427785009597,"[-0.09655172413793167, -0.02896551724137808]",0.10080295939637798
502,61,39,0.3507265469163909,29,8,0.0,0.0,0.0,False,27,29,,,,,
502,61,39,0.3507265469163909,29,9,0.0,0.0,0.0,False,22,29,,,,,
502,61,39,0.3507265469163909,29,10,0.0,0.0,0.0,False,20,29,,,,,
502,61,39,0.3507265469163909,29,11,0.0,0.0,0.0,False,14,29,,,,,
502,61,40,0.307342811902133,39,0,0.0,0.0,0.0,False,59,39,,,,,
502,61,40,0.307342811902133,39,1,0.05128205128205128,0.05,0.05063291139240506,False,40,39,,,,,
502,61,40,0.307342811902133,39,2,0.0,0.0,0.0,False,39,39,,,,,
502,61,40,0.307342811902133,39,3,0.0,0.0,0.0,False,36,39,,,,,
502,61,40,0.307342811902133,39,4,0.9230769230769231,1.0,0.96,True,36,39,0.7831250900949703,0.8892500360379881,0.11164998003521537,"[0.08268999004716804, -0.029280916063719076]",0.08772118614981965
502,61,40,0.307342811902133,39,5,0.0,0.0,0.0,False,33,39,,,,,
502,61,40,0.307342811902133,39,6,0.0,0.0,0.0,False,33,39,,,,,
502,61,40,0.307342811902133,39,7,0.0,0.0,0.0,False,29,39,,,,,
502,61,40,0.307342811902133,39,8,0.0,0.0,0.0,False,27,39,,,,,
502,61,40,0.307342811902133,39,9,0.0,0.0,0.0,False,22,39,,,,,
502,61,40,0.307342811902133,39,10,0.0,0.0,0.0,False,20,39,,,,,
502,61,40,0.307342811902133,39,11,0.02564102564102564,0.07142857142857142,0.03773584905660377,False,14,39,,,,,
502,61,37,0.24087829094023394,58,0,1.0,0.9830508474576272,0.9914529914529915,True,59,58,0.8442215095128957,0.9325603986769532,0.0801967611671516,"[0.02333851181542812, 0.1089997880597906]",0.11147035449319316
502,61,37,0.24087829094023394,58,1,0.0,0.0,0.0,False,40,58,,,,,
502,61,37,0.24087829094023394,58,2,0.0,0.0,0.0,False,39,58,,,,,
502,61,37,0.24087829094023394,58,3,0.0,0.0,0.0,False,36,58,,,,,
502,61,37,0.24087829094023394,58,4,0.0,0.0,0.0,False,36,58,,,,,
502,61,37,0.24087829094023394,58,5,0.0,0.0,0.0,False,33,58,,,,,
502,61,37,0.24087829094023394,58,6,0.0,0.0,0.0,False,33,58,,,,,
502,61,37,0.24087829094023394,58,7,0.0,0.0,0.0,False,29,58,,,,,
502,61,37,0.24087829094023394,58,8,0.0,0.0,0.0,False,27,58,,,,,
502,61,37,0.24087829094023394,58,9,0.0,0.0,0.0,False,22,58,,,,,
502,61,37,0.24087829094023394,58,10,0.0,0.0,0.0,False,20,58,,,,,
502,61,37,0.24087829094023394,58,11,0.0,0.0,0.0,False,14,58,,,,,
502,61,41,0.10105235024124229,39,0,0.0,0.0,0.0,False,59,39,,,,,
502,61,41,0.10105235024124229,39,1,0.05128205128205128,0.05,0.05063291139240506,False,40,39,,,,,
502,61,41,0.10105235024124229,39,2,0.0,0.0,0.0,False,39,39,,,,,
502,61,41,0.10105235024124229,39,3,0.0,0.0,0.0,False,36,39,,,,,
502,61,41,0.10105235024124229,39,4,0.9230769230769231,1.0,0.96,True,36,39,0.7831250900949703,0.8892500360379881,0.11164998003521537,"[0.08268999004716804, -0.029280916063719076]",0.08772118614981965
502,61,41,0.10105235024124229,39,5,0.0,0.0,0.0,False,33,39,,,,,
502,61,41,0.10105235024124229,39,6,0.0,0.0,0.0,False,33,39,,,,,
502,61,41,0.10105235024124229,39,7,0.0,0.0,0.0,False,29,39,,,,,
502,61,41,0.10105235024124229,39,8,0.0,0.0,0.0,False,27,39,,,,,
502,61,41,0.10105235024124229,39,9,0.0,0.0,0.0,False,22,39,,,,,
502,61,41,0.10105235024124229,39,10,0.0,0.0,0.0,False,20,39,,,,,
502,61,41,0.10105235024124229,39,11,0.02564102564102564,0.07142857142857142,0.03773584905660377,False,14,39,,,,,
502,62,39,0.3507265469163909,29,0,0.0,0.0,0.0,False,69,29,,,,,
502,62,39,0.3507265469163909,29,1,0.034482758620689655,0.023809523809523808,0.028169014084507043,False,42,29,,,,,
502,62,39,0.3507265469163909,29,2,0.0,0.0,0.0,False,41,29,,,,,
502,62,39,0.3507265469163909,29,3,0.0,0.0,0.0,False,38,29,,,,,
502,62,39,0.3507265469163909,29,4,0.0,0.0,0.0,False,33,29,,,,,
502,62,39,0.3507265469163909,29,5,0.0,0.0,0.0,False,31,29,,,,,
502,62,39,0.3507265469163909,29,6,0.9655172413793104,1.0,0.9824561403508771,True,28,29,0.6783228451064701,0.8608028222531143,0.16560351742566676,"[-0.3024286361058053, 0.14367385168863933]",0.33482122930881597
502,62,39,0.3507265469163909,29,7,0.0,0.0,0.0,False,27,29,,,,,
502,62,39,0.3507265469163909,29,8,0.0,0.0,0.0,False,26,29,,,,,
502,62,39,0.3507265469163909,29,9,0.0,0.0,0.0,False,17,29,,,,,
502,62,39,0.3507265469163909,29,10,0.0,0.0,0.0,False,14,29,,,,,
502,62,39,0.3507265469163909,29,11,0.0,0.0,0.0,False,13,29,,,,,
502,62,39,0.3507265469163909,29,12,0.0,0.0,0.0,False,12,29,,,,,
502,62,40,0.307342811902133,36,0,0.0,0.0,0.0,False,69,36,,,,,
502,62,40,0.307342811902133,36,1,0.0,0.0,0.0,False,42,36,,,,,
502,62,40,0.307342811902133,36,2,0.0,0.0,0.0,False,41,36,,,,,
502,62,40,0.307342811902133,36,3,1.0,0.9473684210526315,0.972972972972973,True,38,36,0.7879497512320423,0.8989636842766007,0.10916618271690569,"[-0.031034633831408698, -0.3271254034494042]",0.3285942453528137
502,62,40,0.307342811902133,36,4,0.0,0.0,0.0,False,33,36,,,,,
502,62,40,0.307342811902133,36,5,0.0,0.0,0.0,False,31,36,,,,,
502,62,40,0.307342811902133,36,6,0.0,0.0,0.0,False,28,36,,,,,
502,62,40,0.307342811902133,36,7,0.0,0.0,0.0,False,27,36,,,,,
502,62,40,0.307342811902133,36,8,0.0,0.0,0.0,False,26,36,,,,,
502,62,40,0.307342811902133,36,9,0.0,0.0,0.0,False,17,36,,,,,
502,62,40,0.307342811902133,36,10,0.0,0.0,0.0,False,14,36,,,,,
502,62,40,0.307342811902133,36,11,0.0,0.0,0.0,False,13,36,,,,,
502,62,40,0.307342811902133,36,12,0.0,0.0,0.0,False,12,36,,,,,
502,62,37,0.24087829094023394,59,0,1.0,0.855072463768116,0.921875,True,69,59,0.7603481980714448,0.857264279228578,0.1233758156369661,"[-0.01187222042361924, -0.09181756778075756]",0.0925819386865549
502,62,37,0.24087829094023394,59,1,0.0,0.0,0.0,False,42,59,,,,,
502,62,37,0.24087829094023394,59,2,0.0,0.0,0.0,False,41,59,,,,,
502,62,37,0.24087829094023394,59,3,0.0,0.0,0.0,False,38,59,,,,,
502,62,37,0.24087829094023394,59,4,0.0,0.0,0.0,False,33,59,,,,,
502,62,37,0.24087829094023394,59,5,0.0,0.0,0.0,False,31,59,,,,,
502,62,37,0.24087829094023394,59,6,0.0,0.0,0.0,False,28,59,,,,,
502,62,37,0.24087829094023394,59,7,0.0,0.0,0.0,False,27,59,,,,,
502,62,37,0.24087829094023394,59,8,0.0,0.0,0.0,False,26,59,,,,,
502,62,37,0.24087829094023394,59,9,0.0,0.0,0.0,False,17,59,,,,,
502,62,37,0.24087829094023394,59,10,0.0,0.0,0.0,False,14,59,,,,,
502,62,37,0.24087829094023394,59,11,0.0,0.0,0.0,False,13,59,,,,,
502,62,37,0.24087829094023394,59,12,0.0,0.0,0.0,False,12,59,,,,,
502,62,41,0.10105235024124229,36,0,0.0,0.0,0.0,False,69,36,,,,,
502,62,41,0.10105235024124229,36,1,0.0,0.0,0.0,False,42,36,,,,,
502,62,41,0.10105235024124229,36,2,0.0,0.0,0.0,False,41,36,,,,,
502,62,41,0.10105235024124229,36,3,1.0,0.9473684210526315,0.972972972972973,True,38,36,0.7879497512320423,0.8989636842766007,0.10916618271690569,"[-0.031034633831408698, -0.3271254034494042]",0.3285942453528137
502,62,41,0.10105235024124229,36,4,0.0,0.0,0.0,False,33,36,,,,,
502,62,41,0.10105235024124229,36,5,0.0,0.0,0.0,False,31,36,,,,,
502,62,41,0.10105235024124229,36,6,0.0,0.0,0.0,False,28,36,,,,,
502,62,41,0.10105235024124229,36,7,0.0,0.0,0.0,False,27,36,,,,,
502,62,41,0.10105235024124229,36,8,0.0,0.0,0.0,False,26,36,,,,,
502,62,41,0.10105235024124229,36,9,0.0,0.0,0.0,False,17,36,,,,,
502,62,41,0.10105235024124229,36,10,0.0,0.0,0.0,False,14,36,,,,,
502,62,41,0.10105235024124229,36,11,0.0,0.0,0.0,False,13,36,,,,,
502,62,41,0.10105235024124229,36,12,0.0,0.0,0.0,False,12,36,,,,,
502,63,39,0.3507265469163909,28,0,0.0,0.0,0.0,False,69,28,,,,,
502,63,39,0.3507265469163909,28,1,0.0,0.0,0.0,False,42,28,,,,,
502,63,39,0.3507265469163909,28,2,0.0,0.0,0.0,False,39,28,,,,,
502,63,39,0.3507265469163909,28,3,0.0,0.0,0.0,False,36,28,,,,,
502,63,39,0.3507265469163909,28,4,0.0,0.0,0.0,False,33,28,,,,,
502,63,39,0.3507265469163909,28,5,0.0,0.0,0.0,False,30,28,,,,,
502,63,39,0.3507265469163909,28,6,1.0,1.0,1.0,True,28,28,0.7044796741564592,0.8817918696625837,0.15213764697299575,"[-0.09000000000000163, 0.010000000000001563]",0.09055385138137596
502,63,39,0.3507265469163909,28,7,0.0,0.0,0.0,False,27,28,,,,,
502,63,39,0.3507265469163909,28,8,0.0,0.0,0.0,False,27,28,,,,,
502,63,39,0.3507265469163909,28,9,0.0,0.0,0.0,False,17,28,,,,,
502,63,39,0.3507265469163909,28,10,0.0,0.0,0.0,False,14,28,,,,,
502,63,39,0.3507265469163909,28,11,0.0,0.0,0.0,False,12,28,,,,,
502,63,39,0.3507265469163909,28,12,0.0,0.0,0.0,False,12,28,,,,,
502,63,40,0.307342811902133,38,0,0.0,0.0,0.0,False,69,38,,,,,
502,63,40,0.307342811902133,38,1,0.05263157894736842,0.047619047619047616,0.05,False,42,38,,,,,
502,63,40,0.307342811902133,38,2,0.0,0.0,0.0,False,39,38,,,,,
502,63,40,0.307342811902133,38,3,0.9473684210526315,1.0,0.972972972972973,True,36,38,0.8011587094646112,0.9042472675696283,0.10236604191870026,"[0.008107719977648031, -0.09938530829009196]",0.09971546834444782
502,63,40,0.307342811902133,38,4,0.0,0.0,0.0,False,33,38,,,,,
502,63,40,0.307342811902133,38,5,0.0,0.0,0.0,False,30,38,,,,,
502,63,40,0.307342811902133,38,6,0.0,0.0,0.0,False,28,38,,,,,
502,63,40,0.307342811902133,38,7,0.0,0.0,0.0,False,27,38,,,,,
502,63,40,0.307342811902133,38,8,0.0,0.0,0.0,False,27,38,,,,,
502,63,40,0.307342811902133,38,9,0.0,0.0,0.0,False,17,38,,,,,
502,63,40,0.307342811902133,38,10,0.0,0.0,0.0,False,14,38,,,,,
502,63,40,0.307342811902133,38,11,0.0,0.0,0.0,False,12,38,,,,,
502,63,40,0.307342811902133,38,12,0.0,0.0,0.0,False,12,38,,,,,
502,63,37,0.24087829094023394,69,0,0.9855072463768116,0.9855072463768116,0.9855072463768116,True,69,69,0.7937385642887134,0.9087997735415724,0.10618602764738681,"[-0.09047775096274435, 0.12574687584846855]",0.15491449320488562
502,63,37,0.24087829094023394,69,1,0.0,0.0,0.0,False,42,69,,,,,
502,63,37,0.24087829094023394,69,2,0.0,0.0,0.0,False,39,69,,,,,
502,63,37,0.24087829094023394,69,3,0.0,0.0,0.0,False,36,69,,,,,
502,63,37,0.24087829094023394,69,4,0.0,0.0,0.0,False,33,69,,,,,
502,63,37,0.24087829094023394,69,5,0.0,0.0,0.0,False,30,69,,,,,
502,63,37,0.24087829094023394,69,6,0.0,0.0,0.0,False,28,69,,,,,
502,63,37,0.24087829094023394,69,7,0.0,0.0,0.0,False,27,69,,,,,
502,63,37,0.24087829094023394,69,8,0.0,0.0,0.0,False,27,69,,,,,
502,63,37,0.24087829094023394,69,9,0.014492753623188406,0.058823529411764705,0.023255813953488372,False,17,69,,,,,
502,63,37,0.24087829094023394,69,10,0.0,0.0,0.0,False,14,69,,,,,
502,63,37,0.24087829094023394,69,11,0.0,0.0,0.0,False,12,69,,,,,
502,63,37,0.24087829094023394,69,12,0.0,0.0,0.0,False,12,69,,,,,
502,63,41,0.10105235024124229,38,0,0.0,0.0,0.0,False,69,38,,,,,
502,63,41,0.10105235024124229,38,1,0.05263157894736842,0.047619047619047616,0.05,False,42,38,,,,,
502,63,41,0.10105235024124229,38,2,0.0,0.0,0.0,False,39,38,,,,,
502,63,41,0.10105235024124229,38,3,0.9473684210526315,1.0,0.972972972972973,True,36,38,0.8011587094646112,0.9042472675696283,0.10236604191870026,"[0.008107719977648031, -0.09938530829009196]",0.09971546834444782
502,63,41,0.10105235024124229,38,4,0.0,0.0,0.0,False,33,38,,,,,
502,63,41,0.10105235024124229,38,5,0.0,0.0,0.0,False,30,38,,,,,
502,63,41,0.10105235024124229,38,6,0.0,0.0,0.0,False,28,38,,,,,
502,63,41,0.10105235024124229,38,7,0.0,0.0,0.0,False,27,38,,,,,
502,63,41,0.10105235024124229,38,8,0.0,0.0,0.0,False,27,38,,,,,
502,63,41,0.10105235024124229,38,9,0.0,0.0,0.0,False,17,38,,,,,
502,63,41,0.10105235024124229,38,10,0.0,0.0,0.0,False,14,38,,,,,
502,63,41,0.10105235024124229,38,11,0.0,0.0,0.0,False,12,38,,,,,
502,63,41,0.10105235024124229,38,12,0.0,0.0,0.0,False,12,38,,,,,
502,64,39,0.3507265469163909,28,0,0.0,0.0,0.0,False,66,28,,,,,
502,64,39,0.3507265469163909,28,1,0.0,0.0,0.0,False,42,28,,,,,
502,64,39,0.3507265469163909,28,2,0.0,0.0,0.0,False,42,28,,,,,
502,64,39,0.3507265469163909,28,3,0.0,0.0,0.0,False,35,28,,,,,
502,64,39,0.3507265469163909,28,4,0.0,0.0,0.0,False,33,28,,,,,
502,64,39,0.3507265469163909,28,5,0.0,0.0,0.0,False,30,28,,,,,
502,64,39,0.3507265469163909,28,6,0.0,0.0,0.0,False,27,28,,,,,
502,64,39,0.3507265469163909,28,7,0.8214285714285714,0.9583333333333334,0.8846153846153846,True,24,28,0.5745395381567455,0.760585046031929,0.21903249246938916,"[-0.09917003883325926, 0.018867878244591907]",0.1009489644901962
502,64,39,0.3507265469163909,28,8,0.0,0.0,0.0,False,18,28,,,,,
502,64,39,0.3507265469163909,28,9,0.0,0.0,0.0,False,17,28,,,,,
502,64,39,0.3507265469163909,28,10,0.17857142857142858,0.29411764705882354,0.2222222222222222,False,17,28,,,,,
502,64,39,0.3507265469163909,28,11,0.0,0.0,0.0,False,14,28,,,,,
502,64,39,0.3507265469163909,28,12,0.0,0.0,0.0,False,12,28,,,,,
502,64,40,0.307342811902133,36,0,0.0,0.0,0.0,False,66,36,,,,,
502,64,40,0.307342811902133,36,1,0.0,0.0,0.0,False,42,36,,,,,
502,64,40,0.307342811902133,36,2,0.0,0.0,0.0,False,42,36,,,,,
502,64,40,0.307342811902133,36,3,0.9722222222222222,1.0,0.9859154929577465,True,35,36,0.8344847851644894,0.9253432098404437,0.08520935151051591,"[0.13024680076430073, -0.2285256557267381]",0.26303650779819726
502,64,40,0.307342811902133,36,4,0.0,0.0,0.0,False,33,36,,,,,
502,64,40,0.307342811902133,36,5,0.0,0.0,0.0,False,30,36,,,,,
502,64,40,0.307342811902133,36,6,0.0,0.0,0.0,False,27,36,,,,,
502,64,40,0.307342811902133,36,7,0.027777777777777776,0.041666666666666664,0.03333333333333333,False,24,36,,,,,
502,64,40,0.307342811902133,36,8,0.0,0.0,0.0,False,18,36,,,,,
502,64,40,0.307342811902133,36,9,0.0,0.0,0.0,False,17,36,,,,,
502,64,40,0.307342811902133,36,10,0.0,0.0,0.0,False,17,36,,,,,
502,64,40,0.307342811902133,36,11,0.0,0.0,0.0,False,14,36,,,,,
502,64,40,0.307342811902133,36,12,0.0,0.0,0.0,False,12,36,,,,,
502,64,37,0.24087829094023394,69,0,0.9565217391304348,1.0,0.9777777777777777,True,66,69,0.8201173741946564,0.9147136163445293,0.09260587860828873,"[-0.08992797759702853, 0.2934777985494359]",0.30694667190916886
502,64,37,0.24087829094023394,69,1,0.0,0.0,0.0,False,42,69,,,,,
502,64,37,0.24087829094023394,69,2,0.0,0.0,0.0,False,42,69,,,,,
502,64,37,0.24087829094023394,69,3,0.0,0.0,0.0,False,35,69,,,,,
502,64,37,0.24087829094023394,69,4,0.0,0.0,0.0,False,33,69,,,,,
502,64,37,0.24087829094023394,69,5,0.0,0.0,0.0,False,30,69,,,,,
502,64,37,0.24087829094023394,69,6,0.0,0.0,0.0,False,27,69,,,,,
502,64,37,0.24087829094023394,69,7,0.0,0.0,0.0,False,24,69,,,,,
502,64,37,0.24087829094023394,69,8,0.0,0.0,0.0,False,18,69,,,,,
502,64,37,0.24087829094023394,69,9,0.0,0.0,0.0,False,17,69,,,,,
502,64,37,0.24087829094023394,69,10,0.0,0.0,0.0,False,17,69,,,,,
502,64,37,0.24087829094023394,69,11,0.0,0.0,0.0,False,14,69,,,,,
502,64,37,0.24087829094023394,69,12,0.0,0.0,0.0,False,12,69,,,,,
502,64,41,0.10105235024124229,36,0,0.0,0.0,0.0,False,66,36,,,,,
502,64,41,0.10105235024124229,36,1,0.0,0.0,0.0,False,42,36,,,,,
502,64,41,0.10105235024124229,36,2,0.0,0.0,0.0,False,42,36,,,,,
502,64,41,0.10105235024124229,36,3,0.9722222222222222,1.0,0.9859154929577465,True,35,36,0.8344847851644894,0.9253432098404437,0.08520935151051591,"[0.13024680076430073, -0.2285256557267381]",0.26303650779819726
502,64,41,0.10105235024124229,36,4,0.0,0.0,0.0,False,33,36,,,,,
502,64,41,0.10105235024124229,36,5,0.0,0.0,0.0,False,30,36,,,,,
502,64,41,0.10105235024124229,36,6,0.0,0.0,0.0,False,27,36,,,,,
502,64,41,0.10105235024124229,36,7,0.027777777777777776,0.041666666666666664,0.03333333333333333,False,24,36,,,,,
502,64,41,0.10105235024124229,36,8,0.0,0.0,0.0,False,18,36,,,,,
502,64,41,0.10105235024124229,36,9,0.0,0.0,0.0,False,17,36,,,,,
502,64,41,0.10105235024124229,36,10,0.0,0.0,0.0,False,17,36,,,,,
502,64,41,0.10105235024124229,36,11,0.0,0.0,0.0,False,14,36,,,,,
502,64,41,0.10105235024124229,36,12,0.0,0.0,0.0,False,12,36,,,,,
502,65,39,0.3507265469163909,24,0,0.0,0.0,0.0,False,55,24,,,,,
502,65,39,0.3507265469163909,24,1,0.0,0.0,0.0,False,46,24,,,,,
502,65,39,0.3507265469163909,24,2,0.0,0.0,0.0,False,42,24,,,,,
502,65,39,0.3507265469163909,24,3,0.0,0.0,0.0,False,32,24,,,,,
502,65,39,0.3507265469163909,24,4,0.0,0.0,0.0,False,32,24,,,,,
502,65,39,0.3507265469163909,24,5,0.0,0.0,0.0,False,31,24,,,,,
502,65,39,0.3507265469163909,24,6,0.0,0.0,0.0,False,27,24,,,,,
502,65,39,0.3507265469163909,24,7,0.0,0.0,0.0,False,25,24,,,,,
502,65,39,0.3507265469163909,24,8,1.0,0.96,0.9795918367346939,True,25,24,0.7388808411250525,0.8833074384908373,0.13442748581644015,"[-0.20858348147148842, 0.20475518812631677]",0.29228711194202545
502,65,39,0.3507265469163909,24,9,0.0,0.0,0.0,False,21,24,,,,,
502,65,39,0.3507265469163909,24,10,0.0,0.0,0.0,False,19,24,,,,,
502,65,39,0.3507265469163909,24,11,0.0,0.0,0.0,False,14,24,,,,,
502,65,39,0.3507265469163909,24,12,0.0,0.0,0.0,False,12,24,,,,,
502,65,40,0.307342811902133,35,0,0.0,0.0,0.0,False,55,35,,,,,
502,65,40,0.307342811902133,35,1,0.08571428571428572,0.06521739130434782,0.07407407407407407,False,46,35,,,,,
502,65,40,0.307342811902133,35,2,0.0,0.0,0.0,False,42,35,,,,,
502,65,40,0.307342811902133,35,3,0.9142857142857143,1.0,0.9552238805970149,True,32,35,0.8347291793318962,0.9070260000909673,0.08508353426441935,"[0.021383530062957234, -0.01533610430973198]",0.02631447231757414
502,65,40,0.307342811902133,35,4,0.0,0.0,0.0,False,32,35,,,,,
502,65,40,0.307342811902133,35,5,0.0,0.0,0.0,False,31,35,,,,,
502,65,40,0.307342811902133,35,6,0.0,0.0,0.0,False,27,35,,,,,
502,65,40,0.307342811902133,35,7,0.0,0.0,0.0,False,25,35,,,,,
502,65,40,0.307342811902133,35,8,0.0,0.0,0.0,False,25,35,,,,,
502,65,40,0.307342811902133,35,9,0.0,0.0,0.0,False,21,35,,,,,
502,65,40,0.307342811902133,35,10,0.0,0.0,0.0,False,19,35,,,,,
502,65,40,0.307342811902133,35,11,0.0,0.0,0.0,False,14,35,,,,,
502,65,40,0.307342811902133,35,12,0.0,0.0,0.0,False,12,35,,,,,
502,65,37,0.24087829094023394,66,0,0.8333333333333334,1.0,0.9090909090909091,True,55,66,0.7693580484933851,0.8531977648518995,0.11873742929633124,"[-0.18578135139552643, 0.016862291976573518]",0.18654502785400442
502,65,37,0.24087829094023394,66,1,0.0,0.0,0.0,False,46,66,,,,,
502,65,37,0.24087829094023394,66,2,0.0,0.0,0.0,False,42,66,,,,,
502,65,37,0.24087829094023394,66,3,0.0,0.0,0.0,False,32,66,,,,,
502,65,37,0.24087829094023394,66,4,0.0,0.0,0.0,False,32,66,,,,,
502,65,37,0.24087829094023394,66,5,0.0,0.0,0.0,False,31,66,,,,,
502,65,37,0.24087829094023394,66,6,0.0,0.0,0.0,False,27,66,,,,,
502,65,37,0.24087829094023394,66,7,0.12121212121212122,0.32,0.17582417582417584,False,25,66,,,,,
502,65,37,0.24087829094023394,66,8,0.0,0.0,0.0,False,25,66,,,,,
502,65,37,0.24087829094023394,66,9,0.045454545454545456,0.14285714285714285,0.06896551724137931,False,21,66,,,,,
502,65,37,0.24087829094023394,66,10,0.0,0.0,0.0,False,19,66,,,,,
502,65,37,0.24087829094023394,66,11,0.0,0.0,0.0,False,14,66,,,,,
502,65,37,0.24087829094023394,66,12,0.0,0.0,0.0,False,12,66,,,,,
502,65,41,0.10105235024124229,35,0,0.0,0.0,0.0,False,55,35,,,,,
502,65,41,0.10105235024124229,35,1,0.08571428571428572,0.06521739130434782,0.07407407407407407,False,46,35,,,,,
502,65,41,0.10105235024124229,35,2,0.0,0.0,0.0,False,42,35,,,,,
502,65,41,0.10105235024124229,35,3,0.9142857142857143,1.0,0.9552238805970149,True,32,35,0.8347291793318962,0.9070260000909673,0.08508353426441935,"[0.021383530062957234, -0.01533610430973198]",0.02631447231757414
502,65,41,0.10105235024124229,35,4,0.0,0.0,0.0,False,32,35,,,,,
502,65,41,0.10105235024124229,35,5,0.0,0.0,0.0,False,31,35,,,,,
502,65,41,0.10105235024124229,35,6,0.0,0.0,0.0,False,27,35,,,,,
502,65,41,0.10105235024124229,35,7,0.0,0.0,0.0,False,25,35,,,,,
502,65,41,0.10105235024124229,35,8,0.0,0.0,0.0,False,25,35,,,,,
502,65,41,0.10105235024124229,35,9,0.0,0.0,0.0,False,21,35,,,,,
502,65,41,0.10105235024124229,35,10,0.0,0.0,0.0,False,19,35,,,,,
502,65,41,0.10105235024124229,35,11,0.0,0.0,0.0,False,14,35,,,,,
502,65,41,0.10105235024124229,35,12,0.0,0.0,0.0,False,12,35,,,,,
502,66,39,0.3507265469163909,25,0,0.0,0.0,0.0,False,66,25,,,,,
502,66,39,0.3507265469163909,25,1,0.0,0.0,0.0,False,41,25,,,,,
502,66,39,0.3507265469163909,25,2,0.0,0.0,0.0,False,40,25,,,,,
502,66,39,0.3507265469163909,25,3,0.0,0.0,0.0,False,35,25,,,,,
502,66,39,0.3507265469163909,25,4,0.0,0.0,0.0,False,34,25,,,,,
502,66,39,0.3507265469163909,25,5,0.0,0.0,0.0,False,33,25,,,,,
502,66,39,0.3507265469163909,25,6,0.0,0.0,0.0,False,28,25,,,,,
502,66,39,0.3507265469163909,25,7,0.88,0.8148148148148148,0.8461538461538461,True,27,25,0.4756687427890596,0.6979598048079315,0.2699324436610783,"[-0.2367037302870374, 0.0229165721353759]",0.2378104817080913
502,66,39,0.3507265469163909,25,8,0.04,0.05,0.044444444444444446,False,20,25,,,,,
502,66,39,0.3507265469163909,25,9,0.08,0.1,0.08888888888888889,False,20,25,,,,,
502,66,39,0.3507265469163909,25,10,0.0,0.0,0.0,False,14,25,,,,,
502,66,39,0.3507265469163909,25,11,0.0,0.0,0.0,False,12,25,,,,,
502,66,39,0.3507265469163909,25,12,0.0,0.0,0.0,False,12,25,,,,,
502,66,40,0.307342811902133,32,0,0.0,0.0,0.0,False,66,32,,,,,
502,66,40,0.307342811902133,32,1,0.0,0.0,0.0,False,41,32,,,,,
502,66,40,0.307342811902133,32,2,0.0,0.0,0.0,False,40,32,,,,,
502,66,40,0.307342811902133,32,3,1.0,0.9142857142857143,0.9552238805970149,True,35,32,0.856729240881525,0.915826024710819,0.07375762093555527,"[-0.011292272405782455, -0.36639350866749965]",0.36656748165892666
502,66,40,0.307342811902133,32,4,0.0,0.0,0.0,False,34,32,,,,,
502,66,40,0.307342811902133,32,5,0.0,0.0,0.0,False,33,32,,,,,
502,66,40,0.307342811902133,32,6,0.0,0.0,0.0,False,28,32,,,,,
502,66,40,0.307342811902133,32,7,0.0,0.0,0.0,False,27,32,,,,,
502,66,40,0.307342811902133,32,8,0.0,0.0,0.0,False,20,32,,,,,
502,66,40,0.307342811902133,32,9,0.0,0.0,0.0,False,20,32,,,,,
502,66,40,0.307342811902133,32,10,0.0,0.0,0.0,False,14,32,,,,,
502,66,40,0.307342811902133,32,11,0.0,0.0,0.0,False,12,32,,,,,
502,66,40,0.307342811902133,32,12,0.0,0.0,0.0,False,12,32,,,,,
502,66,37,0.24087829094023394,55,0,1.0,0.8333333333333334,0.9090909090909091,True,66,55,0.798069402306405,0.8646823063771074,0.10395645679282016,"[0.06275104836522516, 0.05525892014463851]",0.083613649163796
502,66,37,0.24087829094023394,55,1,0.0,0.0,0.0,False,41,55,,,,,
502,66,37,0.24087829094023394,55,2,0.0,0.0,0.0,False,40,55,,,,,
502,66,37,0.24087829094023394,55,3,0.0,0.0,0.0,False,35,55,,,,,
502,66,37,0.24087829094023394,55,4,0.0,0.0,0.0,False,34,55,,,,,
502,66,37,0.24087829094023394,55,5,0.0,0.0,0.0,False,33,55,,,,,
502,66,37,0.24087829094023394,55,6,0.0,0.0,0.0,False,28,55,,,,,
502,66,37,0.24087829094023394,55,7,0.0,0.0,0.0,False,27,55,,,,,
502,66,37,0.24087829094023394,55,8,0.0,0.0,0.0,False,20,55,,,,,
502,66,37,0.24087829094023394,55,9,0.0,0.0,0.0,False,20,55,,,,,
502,66,37,0.24087829094023394,55,10,0.0,0.0,0.0,False,14,55,,,,,
502,66,37,0.24087829094023394,55,11,0.0,0.0,0.0,False,12,55,,,,,
502,66,37,0.24087829094023394,55,12,0.0,0.0,0.0,False,12,55,,,,,
502,66,41,0.10105235024124229,32,0,0.0,0.0,0.0,False,66,32,,,,,
502,66,41,0.10105235024124229,32,1,0.0,0.0,0.0,False,41,32,,,,,
502,66,41,0.10105235024124229,32,2,0.0,0.0,0.0,False,40,32,,,,,
502,66,41,0.10105235024124229,32,3,1.0,0.9142857142857143,0.9552238805970149,True,35,32,0.856729240881525,0.915826024710819,0.07375762093555527,"[-0.011292272405782455, -0.36639350866749965]",0.36656748165892666
502,66,41,0.10105235024124229,32,4,0.0,0.0,0.0,False,34,32,,,,,
502,66,41,0.10105235024124229,32,5,0.0,0.0,0.0,False,33,32,,,,,
502,66,41,0.10105235024124229,32,6,0.0,0.0,0.0,False,28,32,,,,,
502,66,41,0.10105235024124229,32,7,0.0,0.0,0.0,False,27,32,,,,,
502,66,41,0.10105235024124229,32,8,0.0,0.0,0.0,False,20,32,,,,,
502,66,41,0.10105235024124229,32,9,0.0,0.0,0.0,False,20,32,,,,,
502,66,41,0.10105235024124229,32,10,0.0,0.0,0.0,False,14,32,,,,,
502,66,41,0.10105235024124229,32,11,0.0,0.0,0.0,False,12,32,,,,,
502,66,41,0.10105235024124229,32,12,0.0,0.0,0.0,False,12,32,,,,,
502,67,39,0.3507265469163909,27,0,0.0,0.0,0.0,False,50,27,,,,,
502,67,39,0.3507265469163909,27,1,0.0,0.0,0.0,False,43,27,,,,,
502,67,39,0.3507265469163909,27,2,0.0,0.0,0.0,False,38,27,,,,,
502,67,39,0.3507265469163909,27,3,0.0,0.0,0.0,False,35,27,,,,,
502,67,39,0.3507265469163909,27,4,0.0,0.0,0.0,False,33,27,,,,,
502,67,39,0.3507265469163909,27,5,0.0,0.0,0.0,False,31,27,,,,,
502,67,39,0.3507265469163909,27,6,0.0,0.0,0.0,False,28,27,,,,,
502,67,39,0.3507265469163909,27,7,0.0,0.0,0.0,False,26,27,,,,,
502,67,39,0.3507265469163909,27,8,0.0,0.0,0.0,False,25,27,,,,,
502,67,39,0.3507265469163909,27,9,0.14814814814814814,0.16666666666666666,0.1568627450980392,False,24,27,,,,,
502,67,39,0.3507265469163909,27,10,0.8518518518518519,1.0,0.92,True,23,27,0.5541848961670396,0.7736739584668159,0.22951132274426883,"[-0.21322948875404002, 0.2347519123076296]",0.3171360515715586
502,67,39,0.3507265469163909,27,11,0.0,0.0,0.0,False,20,27,,,,,
502,67,39,0.3507265469163909,27,12,0.0,0.0,0.0,False,13,27,,,,,
502,67,40,0.307342811902133,35,0,0.0,0.0,0.0,False,50,35,,,,,
502,67,40,0.307342811902133,35,1,0.05714285714285714,0.046511627906976744,0.05128205128205128,False,43,35,,,,,
502,67,40,0.307342811902133,35,2,0.0,0.0,0.0,False,38,35,,,,,
502,67,40,0.307342811902133,35,3,0.0,0.0,0.0,False,35,35,,,,,
502,67,40,0.307342811902133,35,4,0.9428571428571428,1.0,0.9705882352941176,True,33,35,0.8745854058104152,0.9321871035006366,0.06456503863689689,"[0.03729941026124628, -0.09740280711626603]",0.10430030124580317
502,67,40,0.307342811902133,35,5,0.0,0.0,0.0,False,31,35,,,,,
502,67,40,0.307342811902133,35,6,0.0,0.0,0.0,False,28,35,,,,,
502,67,40,0.307342811902133,35,7,0.0,0.0,0.0,False,26,35,,,,,
502,67,40,0.307342811902133,35,8,0.0,0.0,0.0,False,25,35,,,,,
502,67,40,0.307342811902133,35,9,0.0,0.0,0.0,False,24,35,,,,,
502,67,40,0.307342811902133,35,10,0.0,0.0,0.0,False,23,35,,,,,
502,67,40,0.307342811902133,35,11,0.0,0.0,0.0,False,20,35,,,,,
502,67,40,0.307342811902133,35,12,0.0,0.0,0.0,False,13,35,,,,,
502,67,37,0.24087829094023394,66,0,0.7575757575757576,1.0,0.8620689655172413,True,50,66,0.7557018143750158,0.8195221050603512,0.12576783344653852,"[0.07921974955826983, 0.26917123132466925]",0.2805867432593949
502,67,37,0.24087829094023394,66,1,0.0,0.0,0.0,False,43,66,,,,,
502,67,37,0.24087829094023394,66,2,0.0,0.0,0.0,False,38,66,,,,,
502,67,37,0.24087829094023394,66,3,0.0,0.0,0.0,False,35,66,,,,,
502,67,37,0.24087829094023394,66,4,0.0,0.0,0.0,False,33,66,,,,,
502,67,37,0.24087829094023394,66,5,0.0,0.0,0.0,False,31,66,,,,,
502,67,37,0.24087829094023394,66,6,0.12121212121212122,0.2857142857142857,0.1702127659574468,False,28,66,,,,,
502,67,37,0.24087829094023394,66,7,0.0,0.0,0.0,False,26,66,,,,,
502,67,37,0.24087829094023394,66,8,0.0,0.0,0.0,False,25,66,,,,,
502,67,37,0.24087829094023394,66,9,0.12121212121212122,0.3333333333333333,0.17777777777777778,False,24,66,,,,,
502,67,37,0.24087829094023394,66,10,0.0,0.0,0.0,False,23,66,,,,,
502,67,37,0.24087829094023394,66,11,0.0,0.0,0.0,False,20,66,,,,,
502,67,37,0.24087829094023394,66,12,0.0,0.0,0.0,False,13,66,,,,,
502,67,41,0.10105235024124229,35,0,0.0,0.0,0.0,False,50,35,,,,,
502,67,41,0.10105235024124229,35,1,0.05714285714285714,0.046511627906976744,0.05128205128205128,False,43,35,,,,,
502,67,41,0.10105235024124229,35,2,0.0,0.0,0.0,False,38,35,,,,,
502,67,41,0.10105235024124229,35,3,0.0,0.0,0.0,False,35,35,,,,,
502,67,41,0.10105235024124229,35,4,0.9428571428571428,1.0,0.9705882352941176,True,33,35,0.8745854058104152,0.9321871035006366,0.06456503863689689,"[0.03729941026124628, -0.09740280711626603]",0.10430030124580317
502,67,41,0.10105235024124229,35,5,0.0,0.0,0.0,False,31,35,,,,,
502,67,41,0.10105235024124229,35,6,0.0,0.0,0.0,False,28,35,,,,,
502,67,41,0.10105235024124229,35,7,0.0,0.0,0.0,False,26,35,,,,,
502,67,41,0.10105235024124229,35,8,0.0,0.0,0.0,False,25,35,,,,,
502,67,41,0.10105235024124229,35,9,0.0,0.0,0.0,False,24,35,,,,,
502,67,41,0.10105235024124229,35,10,0.0,0.0,0.0,False,23,35,,,,,
502,67,41,0.10105235024124229,35,11,0.0,0.0,0.0,False,20,35,,,,,
502,67,41,0.10105235024124229,35,12,0.0,0.0,0.0,False,13,35,,,,,
502,68,39,0.3507265469163909,23,0,0.0,0.0,0.0,False,61,23,,,,,
502,68,39,0.3507265469163909,23,1,0.0,0.0,0.0,False,58,23,,,,,
502,68,39,0.3507265469163909,23,2,0.0,0.0,0.0,False,41,23,,,,,
502,68,39,0.3507265469163909,23,3,0.0,0.0,0.0,False,38,23,,,,,
502,68,39,0.3507265469163909,23,4,0.0,0.0,0.0,False,35,23,,,,,
502,68,39,0.3507265469163909,23,5,0.0,0.0,0.0,False,34,23,,,,,
502,68,39,0.3507265469163909,23,6,0.34782608695652173,0.26666666666666666,0.3018867924528302,True,30,23,0.21828996555562608,0.2684480616939485,0.4024343331243857,"[-3.4973483765550046, -1.238834032757186]",3.710277001479722
502,68,39,0.3507265469163909,23,7,0.0,0.0,0.0,False,26,23,,,,,
502,68,39,0.3507265469163909,23,8,0.6521739130434783,0.7894736842105263,0.7142857142857143,True,19,23,0.26378806244474595,0.5340866535493269,0.37901133038268997,"[4.5676964835894545, -1.6559021091662451]",4.858586518869113
502,68,39,0.3507265469163909,23,9,0.0,0.0,0.0,False,17,23,,,,,
502,68,39,0.3507265469163909,23,10,0.0,0.0,0.0,False,12,23,,,,,
502,68,40,0.307342811902133,33,0,0.0,0.0,0.0,False,61,33,,,,,
502,68,40,0.307342811902133,33,1,0.0,0.0,0.0,False,58,33,,,,,
502,68,40,0.307342811902133,33,2,0.0,0.0,0.0,False,41,33,,,,,
502,68,40,0.307342811902133,33,3,0.0,0.0,0.0,False,38,33,,,,,
502,68,40,0.307342811902133,33,4,0.0,0.0,0.0,False,35,33,,,,,
502,68,40,0.307342811902133,33,5,1.0,0.9705882352941176,0.9850746268656716,True,34,33,0.8603995184568826,0.9352045835021561,0.07186811505314676,"[-0.011895298181691771, -0.23792238323922454]",0.23821955957700827
502,68,40,0.307342811902133,33,6,0.0,0.0,0.0,False,30,33,,,,,
502,68,40,0.307342811902133,33,7,0.0,0.0,0.0,False,26,33,,,,,
502,68,40,0.307342811902133,33,8,0.0,0.0,0.0,False,19,33,,,,,
502,68,40,0.307342811902133,33,9,0.0,0.0,0.0,False,17,33,,,,,
502,68,40,0.307342811902133,33,10,0.0,0.0,0.0,False,12,33,,,,,
502,68,37,0.24087829094023394,50,0,0.0,0.0,0.0,False,61,50,,,,,
502,68,37,0.24087829094023394,50,1,1.0,0.8620689655172413,0.9259259259259259,True,58,50,0.8189897038289125,0.8831514370871205,0.09318641774892397,"[-0.0084138435856147, 0.12864241971888468]",0.12891727935002692
502,68,37,0.24087829094023394,50,2,0.0,0.0,0.0,False,41,50,,,,,
502,68,37,0.24087829094023394,50,3,0.0,0.0,0.0,False,38,50,,,,,
502,68,37,0.24087829094023394,50,4,0.0,0.0,0.0,False,35,50,,,,,
502,68,37,0.24087829094023394,50,5,0.0,0.0,0.0,False,34,50,,,,,
502,68,37,0.24087829094023394,50,6,0.0,0.0,0.0,False,30,50,,,,,
502,68,37,0.24087829094023394,50,7,0.0,0.0,0.0,False,26,50,,,,,
502,68,37,0.24087829094023394,50,8,0.0,0.0,0.0,False,19,50,,,,,
502,68,37,0.24087829094023394,50,9,0.0,0.0,0.0,False,17,50,,,,,
502,68,37,0.24087829094023394,50,10,0.0,0.0,0.0,False,12,50,,,,,
502,68,41,0.10105235024124229,33,0,0.0,0.0,0.0,False,61,33,,,,,
502,68,41,0.10105235024124229,33,1,0.0,0.0,0.0,False,58,33,,,,,
502,68,41,0.10105235024124229,33,2,0.0,0.0,0.0,False,41,33,,,,,
502,68,41,0.10105235024124229,33,3,0.0,0.0,0.0,False,38,33,,,,,
502,68,41,0.10105235024124229,33,4,0.0,0.0,0.0,False,35,33,,,,,
502,68,41,0.10105235024124229,33,5,1.0,0.9705882352941176,0.9850746268656716,True,34,33,0.8603995184568826,0.9352045835021561,0.07186811505314676,"[-0.011895298181691771, -0.23792238323922454]",0.23821955957700827
502,68,41,0.10105235024124229,33,6,0.0,0.0,0.0,False,30,33,,,,,
502,68,41,0.10105235024124229,33,7,0.0,0.0,0.0,False,26,33,,,,,
502,68,41,0.10105235024124229,33,8,0.0,0.0,0.0,False,19,33,,,,,
502,68,41,0.10105235024124229,33,9,0.0,0.0,0.0,False,17,33,,,,,
502,68,41,0.10105235024124229,33,10,0.0,0.0,0.0,False,12,33,,,,,
502,69,40,0.307342811902133,34,0,0.0,0.0,0.0,False,61,34,,,,,
502,69,40,0.307342811902133,34,1,0.0,0.0,0.0,False,47,34,,,,,
502,69,40,0.307342811902133,34,2,0.0,0.0,0.0,False,40,34,,,,,
502,69,40,0.307342811902133,34,3,0.0,0.0,0.0,False,39,34,,,,,
502,69,40,0.307342811902133,34,4,1.0,0.9444444444444444,0.9714285714285714,True,36,34,0.8529889674358984,0.9240527298315022,0.07568316158806013,"[0.04943975858876826, -0.2606910253931485]",0.2653377101918362
502,69,40,0.307342811902133,34,5,0.0,0.0,0.0,False,34,34,,,,,
502,69,40,0.307342811902133,34,6,0.0,0.0,0.0,False,33,34,,,,,
502,69,40,0.307342811902133,34,7,0.0,0.0,0.0,False,29,34,,,,,
502,69,40,0.307342811902133,34,8,0.0,0.0,0.0,False,26,34,,,,,
502,69,40,0.307342811902133,34,9,0.0,0.0,0.0,False,20,34,,,,,
502,69,40,0.307342811902133,34,10,0.0,0.0,0.0,False,16,34,,,,,
502,69,43,0.2606523889061634,19,0,0.0,0.0,0.0,False,61,19,,,,,
502,69,43,0.2606523889061634,19,1,0.0,0.0,0.0,False,47,19,,,,,
502,69,43,0.2606523889061634,19,2,0.0,0.0,0.0,False,40,19,,,,,
502,69,43,0.2606523889061634,19,3,0.0,0.0,0.0,False,39,19,,,,,
502,69,43,0.2606523889061634,19,4,0.0,0.0,0.0,False,36,19,,,,,
502,69,43,0.2606523889061634,19,5,0.0,0.0,0.0,False,34,19,,,,,
502,69,43,0.2606523889061634,19,6,0.10526315789473684,0.06060606060606061,0.07692307692307693,False,33,19,,,,,
502,69,43,0.2606523889061634,19,7,0.8947368421052632,0.5862068965517241,0.7083333333333334,True,29,19,0.28865805403966927,0.5404632216158677,0.3662079403258821,"[0.07565013880329907, -24.062363942460806]",24.062482861145874
502,69,43,0.2606523889061634,19,8,0.0,0.0,0.0,False,26,19,,,,,
502,69,43,0.2606523889061634,19,9,0.0,0.0,0.0,False,20,19,,,,,
502,69,43,0.2606523889061634,19,10,0.0,0.0,0.0,False,16,19,,,,,
502,69,37,0.24087829094023394,58,0,0.0,0.0,0.0,False,61,58,,,,,
502,69,37,0.24087829094023394,58,1,0.8103448275862069,1.0,0.8952380952380953,True,47,58,0.6953797634571846,0.815294762525731,0.15682239749734722,"[0.024917548579736604, 0.06893327744672062]",0.07329857411143886
502,69,37,0.24087829094023394,58,2,0.0,0.0,0.0,False,40,58,,,,,
502,69,37,0.24087829094023394,58,3,0.0,0.0,0.0,False,39,58,,,,,
502,69,37,0.24087829094023394,58,4,0.0,0.0,0.0,False,36,58,,,,,
502,69,37,0.24087829094023394,58,5,0.0,0.0,0.0,False,34,58,,,,,
502,69,37,0.24087829094023394,58,6,0.0,0.0,0.0,False,33,58,,,,,
502,69,37,0.24087829094023394,58,7,0.0,0.0,0.0,False,29,58,,,,,
502,69,37,0.24087829094023394,58,8,0.0,0.0,0.0,False,26,58,,,,,
502,69,37,0.24087829094023394,58,9,0.1896551724137931,0.55,0.28205128205128205,False,20,58,,,,,
502,69,37,0.24087829094023394,58,10,0.0,0.0,0.0,False,16,58,,,,,
502,69,41,0.10105235024124229,34,0,0.0,0.0,0.0,False,61,34,,,,,
502,69,41,0.10105235024124229,34,1,0.0,0.0,0.0,False,47,34,,,,,
502,69,41,0.10105235024124229,34,2,0.0,0.0,0.0,False,40,34,,,,,
502,69,41,0.10105235024124229,34,3,0.0,0.0,0.0,False,39,34,,,,,
502,69,41,0.10105235024124229,34,4,1.0,0.9444444444444444,0.9714285714285714,True,36,34,0.8529889674358984,0.9240527298315022,0.07568316158806013,"[0.04943975858876826, -0.2606910253931485]",0.2653377101918362
502,69,41,0.10105235024124229,34,5,0.0,0.0,0.0,False,34,34,,,,,
502,69,41,0.10105235024124229,34,6,0.0,0.0,0.0,False,33,34,,,,,
502,69,41,0.10105235024124229,34,7,0.0,0.0,0.0,False,29,34,,,,,
502,69,41,0.10105235024124229,34,8,0.0,0.0,0.0,False,26,34,,,,,
502,69,41,0.10105235024124229,34,9,0.0,0.0,0.0,False,20,34,,,,,
502,69,41,0.10105235024124229,34,10,0.0,0.0,0.0,False,16,34,,,,,
502,69,42,0.09007415801022747,30,0,0.0,0.0,0.0,False,61,30,,,,,
502,69,42,0.09007415801022747,30,1,0.0,0.0,0.0,False,47,30,,,,,
502,69,42,0.09007415801022747,30,2,0.0,0.0,0.0,False,40,30,,,,,
502,69,42,0.09007415801022747,30,3,0.0,0.0,0.0,False,39,30,,,,,
502,69,42,0.09007415801022747,30,4,0.0,0.0,0.0,False,36,30,,,,,
502,69,42,0.09007415801022747,30,5,0.0,0.0,0.0,False,34,30,,,,,
502,69,42,0.09007415801022747,30,6,1.0,0.9090909090909091,0.9523809523809523,True,33,30,0.7638062920574114,0.8769510882515359,0.12159554458273428,"[0.2084557703169252, 0.11790911514201241]",0.23949189466868187
502,69,42,0.09007415801022747,30,7,0.0,0.0,0.0,False,29,30,,,,,
502,69,42,0.09007415801022747,30,8,0.0,0.0,0.0,False,26,30,,,,,
502,69,42,0.09007415801022747,30,9,0.0,0.0,0.0,False,20,30,,,,,
502,69,42,0.09007415801022747,30,10,0.0,0.0,0.0,False,16,30,,,,,
502,70,40,0.307342811902133,36,0,0.3888888888888889,0.25925925925925924,0.3111111111111111,True,54,36,0.2319493888772618,0.27944642221757143,0.39540228713150893,"[-1.3664287551662095, -1.082126485013271]",1.7430218795276937
502,70,40,0.307342811902133,36,1,0.0,0.0,0.0,False,47,36,,,,,
502,70,40,0.307342811902133,36,2,0.0,0.0,0.0,False,39,36,,,,,
502,70,40,0.307342811902133,36,3,0.0,0.0,0.0,False,39,36,,,,,
502,70,40,0.307342811902133,36,4,0.0,0.0,0.0,False,34,36,,,,,
502,70,40,0.307342811902133,36,5,0.0,0.0,0.0,False,33,36,,,,,
502,70,40,0.307342811902133,36,6,0.0,0.0,0.0,False,29,36,,,,,
502,70,40,0.307342811902133,36,7,0.0,0.0,0.0,False,26,36,,,,,
502,70,40,0.307342811902133,36,8,0.0,0.0,0.0,False,25,36,,,,,
502,70,40,0.307342811902133,36,9,0.6111111111111112,1.0,0.7586206896551724,True,22,36,0.6824992634760084,0.7281721191835068,0.16345344378283802,"[-0.06813324923788322, -0.38245475871744183]",0.38847623108412715
502,70,40,0.307342811902133,36,10,0.0,0.0,0.0,False,20,36,,,,,
502,70,40,0.307342811902133,36,11,0.0,0.0,0.0,False,16,36,,,,,
502,70,43,0.2606523889061634,29,0,0.0,0.0,0.0,False,54,29,,,,,
502,70,43,0.2606523889061634,29,1,0.0,0.0,0.0,False,47,29,,,,,
502,70,43,0.2606523889061634,29,2,0.0,0.0,0.0,False,39,29,,,,,
502,70,43,0.2606523889061634,29,3,0.0,0.0,0.0,False,39,29,,,,,
502,70,43,0.2606523889061634,29,4,0.0,0.0,0.0,False,34,29,,,,,
502,70,43,0.2606523889061634,29,5,0.0,0.0,0.0,False,33,29,,,,,
502,70,43,0.2606523889061634,29,6,1.0,1.0,1.0,True,29,29,0.6304944345935658,0.8521977738374262,0.19022619545338454,"[0.10620689655172555, -0.03862068965517196]",0.1130108956897079
502,70,43,0.2606523889061634,29,7,0.0,0.0,0.0,False,26,29,,,,,
502,70,43,0.2606523889061634,29,8,0.0,0.0,0.0,False,25,29,,,,,
502,70,43,0.2606523889061634,29,9,0.0,0.0,0.0,False,22,29,,,,,
502,70,43,0.2606523889061634,29,10,0.0,0.0,0.0,False,20,29,,,,,
502,70,43,0.2606523889061634,29,11,0.0,0.0,0.0,False,16,29,,,,,
502,70,37,0.24087829094023394,47,0,0.0,0.0,0.0,False,54,47,,,,,
502,70,37,0.24087829094023394,47,1,1.0,1.0,1.0,True,47,47,0.8415344803334424,0.9366137921333769,0.0815800781878774,"[-0.0714893617021275, 0.10127659574468106]",0.12396643772493088
502,70,37,0.24087829094023394,47,2,0.0,0.0,0.0,False,39,47,,,,,
502,70,37,0.24087829094023394,47,3,0.0,0.0,0.0,False,39,47,,,,,
502,70,37,0.24087829094023394,47,4,0.0,0.0,0.0,False,34,47,,,,,
502,70,37,0.24087829094023394,47,5,0.0,0.0,0.0,False,33,47,,,,,
502,70,37,0.24087829094023394,47,6,0.0,0.0,0.0,False,29,47,,,,,
502,70,37,0.24087829094023394,47,7,0.0,0.0,0.0,False,26,47,,,,,
502,70,37,0.24087829094023394,47,8,0.0,0.0,0.0,False,25,47,,,,,
502,70,37,0.24087829094023394,47,9,0.0,0.0,0.0,False,22,47,,,,,
502,70,37,0.24087829094023394,47,10,0.0,0.0,0.0,False,20,47,,,,,
502,70,37,0.24087829094023394,47,11,0.0,0.0,0.0,False,16,47,,,,,
502,70,41,0.10105235024124229,36,0,0.3888888888888889,0.25925925925925924,0.3111111111111111,True,54,36,0.2319493888772618,0.27944642221757143,0.39540228713150893,"[-1.3664287551662095, -1.082126485013271]",1.7430218795276937
502,70,41,0.10105235024124229,36,1,0.0,0.0,0.0,False,47,36,,,,,
502,70,41,0.10105235024124229,36,2,0.0,0.0,0.0,False,39,36,,,,,
502,70,41,0.10105235024124229,36,3,0.0,0.0,0.0,False,39,36,,,,,
502,70,41,0.10105235024124229,36,4,0.0,0.0,0.0,False,34,36,,,,,
502,70,41,0.10105235024124229,36,5,0.0,0.0,0.0,False,33,36,,,,,
502,70,41,0.10105235024124229,36,6,0.0,0.0,0.0,False,29,36,,,,,
502,70,41,0.10105235024124229,36,7,0.0,0.0,0.0,False,26,36,,,,,
502,70,41,0.10105235024124229,36,8,0.0,0.0,0.0,False,25,36,,,,,
502,70,41,0.10105235024124229,36,9,0.6111111111111112,1.0,0.7586206896551724,True,22,36,0.6824992634760084,0.7281721191835068,0.16345344378283802,"[-0.06813324923788322, -0.38245475871744183]",0.38847623108412715
502,70,41,0.10105235024124229,36,10,0.0,0.0,0.0,False,20,36,,,,,
502,70,41,0.10105235024124229,36,11,0.0,0.0,0.0,False,16,36,,,,,
502,70,42,0.09007415801022747,33,0,0.0,0.0,0.0,False,54,33,,,,,
502,70,42,0.09007415801022747,33,1,0.0,0.0,0.0,False,47,33,,,,,
502,70,42,0.09007415801022747,33,2,0.0,0.0,0.0,False,39,33,,,,,
502,70,42,0.09007415801022747,33,3,0.0,0.0,0.0,False,39,33,,,,,
502,70,42,0.09007415801022747,33,4,0.0,0.0,0.0,False,34,33,,,,,
502,70,42,0.09007415801022747,33,5,1.0,1.0,1.0,True,33,33,0.7060140136935775,0.882405605477431,0.15134774933678913,"[0.008484848484847873, -0.03393939393939149]",0.03498392652038975
502,70,42,0.09007415801022747,33,6,0.0,0.0,0.0,False,29,33,,,,,
502,70,42,0.09007415801022747,33,7,0.0,0.0,0.0,False,26,33,,,,,
502,70,42,0.09007415801022747,33,8,0.0,0.0,0.0,False,25,33,,,,,
502,70,42,0.09007415801022747,33,9,0.0,0.0,0.0,False,22,33,,,,,
502,70,42,0.09007415801022747,33,10,0.0,0.0,0.0,False,20,33,,,,,
502,70,42,0.09007415801022747,33,11,0.0,0.0,0.0,False,16,33,,,,,
502,71,45,0.2674047374601176,22,0,0.0,0.0,0.0,False,50,22,,,,,
502,71,45,0.2674047374601176,22,1,0.0,0.0,0.0,False,50,22,,,,,
502,71,45,0.2674047374601176,22,2,0.0,0.0,0.0,False,42,22,,,,,
502,71,45,0.2674047374601176,22,3,0.0,0.0,0.0,False,39,22,,,,,
502,71,45,0.2674047374601176,22,4,0.0,0.0,0.0,False,37,22,,,,,
502,71,45,0.2674047374601176,22,5,0.0,0.0,0.0,False,34,22,,,,,
502,71,45,0.2674047374601176,22,6,1.0,0.8148148148148148,0.8979591836734694,True,27,22,0.754384491794821,0.8405293069220101,0.12644600797508632,"[0.1655300699016209, -0.27491614795399855]",0.3209035563023575
502,71,45,0.2674047374601176,22,7,0.0,0.0,0.0,False,26,22,,,,,
502,71,45,0.2674047374601176,22,8,0.0,0.0,0.0,False,23,22,,,,,
502,71,45,0.2674047374601176,22,9,0.0,0.0,0.0,False,19,22,,,,,
502,71,45,0.2674047374601176,22,10,0.0,0.0,0.0,False,16,22,,,,,
502,71,45,0.2674047374601176,22,11,0.0,0.0,0.0,False,12,22,,,,,
502,71,43,0.26445987029145335,29,0,0.0,0.0,0.0,False,50,29,,,,,
502,71,43,0.26445987029145335,29,1,0.0,0.0,0.0,False,50,29,,,,,
502,71,43,0.26445987029145335,29,2,0.0,0.0,0.0,False,42,29,,,,,
502,71,43,0.26445987029145335,29,3,0.0,0.0,0.0,False,39,29,,,,,
502,71,43,0.26445987029145335,29,4,0.0,0.0,0.0,False,37,29,,,,,
502,71,43,0.26445987029145335,29,5,0.0,0.0,0.0,False,34,29,,,,,
502,71,43,0.26445987029145335,29,6,0.0,0.0,0.0,False,27,29,,,,,
502,71,43,0.26445987029145335,29,7,0.0,0.0,0.0,False,26,29,,,,,
502,71,43,0.26445987029145335,29,8,0.0,0.0,0.0,False,23,29,,,,,
502,71,43,0.26445987029145335,29,9,0.5862068965517241,0.8947368421052632,0.7083333333333334,True,19,29,0.36486122401153653,0.5709444896046146,0.3269775728771771,"[-0.10817282482870816, 23.542037263694926]",23.54228578293178
502,71,43,0.26445987029145335,29,10,0.0,0.0,0.0,False,16,29,,,,,
502,71,43,0.26445987029145335,29,11,0.41379310344827586,1.0,0.5853658536585366,True,12,29,0.28910814530524587,0.4668627703172203,0.3659762275803291,"[0.7882701884103867, 0.2694256785989255]",0.8330426677097866
502,71,37,0.24439692206701624,47,0,1.0,0.94,0.9690721649484536,True,50,47,0.7420681450369163,0.8782705569838387,0.13278662095899035,"[-0.02477161830529795, -0.13780804617959097]",0.14001675137389685
502,71,37,0.24439692206701624,47,1,0.0,0.0,0.0,False,50,47,,,,,
502,71,37,0.24439692206701624,47,2,0.0,0.0,0.0,False,42,47,,,,,
502,71,37,0.24439692206701624,47,3,0.0,0.0,0.0,False,39,47,,,,,
502,71,37,0.24439692206701624,47,4,0.0,0.0,0.0,False,37,47,,,,,
502,71,37,0.24439692206701624,47,5,0.0,0.0,0.0,False,34,47,,,,,
502,71,37,0.24439692206701624,47,6,0.0,0.0,0.0,False,27,47,,,,,
502,71,37,0.24439692206701624,47,7,0.0,0.0,0.0,False,26,47,,,,,
502,71,37,0.24439692206701624,47,8,0.0,0.0,0.0,False,23,47,,,,,
502,71,37,0.24439692206701624,47,9,0.0,0.0,0.0,False,19,47,,,,,
502,71,37,0.24439692206701624,47,10,0.0,0.0,0.0,False,16,47,,,,,
502,71,37,0.24439692206701624,47,11,0.0,0.0,0.0,False,12,47,,,,,
502,71,42,0.09138991683123361,33,0,0.0,0.0,0.0,False,50,33,,,,,
502,71,42,0.09138991683123361,33,1,0.0,0.0,0.0,False,50,33,,,,,
502,71,42,0.09138991683123361,33,2,0.9393939393939394,0.7380952380952381,0.8266666666666667,True,42,33,0.5375107355152184,0.7110042942060874,0.23809539410916314,"[-0.27539977700600105, -0.2727193972595785]",0.3875834191713868
502,71,42,0.09138991683123361,33,3,0.0,0.0,0.0,False,39,33,,,,,
502,71,42,0.09138991683123361,33,4,0.0,0.0,0.0,False,37,33,,,,,
502,71,42,0.09138991683123361,33,5,0.0,0.0,0.0,False,34,33,,,,,
502,71,42,0.09138991683123361,33,6,0.0,0.0,0.0,False,27,33,,,,,
502,71,42,0.09138991683123361,33,7,0.0,0.0,0.0,False,26,33,,,,,
502,71,42,0.09138991683123361,33,8,0.0,0.0,0.0,False,23,33,,,,,
502,71,42,0.09138991683123361,33,9,0.06060606060606061,0.10526315789473684,0.07692307692307693,False,19,33,,,,,
502,71,42,0.09138991683123361,33,10,0.0,0.0,0.0,False,16,33,,,,,
502,71,42,0.09138991683123361,33,11,0.0,0.0,0.0,False,12,33,,,,,
502,71,47,0.08792096687978443,22,0,0.0,0.0,0.0,False,50,22,,,,,
502,71,47,0.08792096687978443,22,1,0.0,0.0,0.0,False,50,22,,,,,
502,71,47,0.08792096687978443,22,2,0.0,0.0,0.0,False,42,22,,,,,
502,71,47,0.08792096687978443,22,3,0.0,0.0,0.0,False,39,22,,,,,
502,71,47,0.08792096687978443,22,4,0.0,0.0,0.0,False,37,22,,,,,
502,71,47,0.08792096687978443,22,5,0.0,0.0,0.0,False,34,22,,,,,
502,71,47,0.08792096687978443,22,6,1.0,0.8148148148148148,0.8979591836734694,True,27,22,0.754384491794821,0.8405293069220101,0.12644600797508632,"[0.1655300699016209, -0.27491614795399855]",0.3209035563023575
502,71,47,0.08792096687978443,22,7,0.0,0.0,0.0,False,26,22,,,,,
502,71,47,0.08792096687978443,22,8,0.0,0.0,0.0,False,23,22,,,,,
502,71,47,0.08792096687978443,22,9,0.0,0.0,0.0,False,19,22,,,,,
502,71,47,0.08792096687978443,22,10,0.0,0.0,0.0,False,16,22,,,,,
502,71,47,0.08792096687978443,22,11,0.0,0.0,0.0,False,12,22,,,,,
502,71,44,0.044427586470394714,54,0,0.0,0.0,0.0,False,50,54,,,,,
502,71,44,0.044427586470394714,54,1,0.9259259259259259,1.0,0.9615384615384616,True,50,54,0.8475075050185397,0.9159260789304928,0.07850508861378144,"[-0.35545438480638314, -0.029198126707525418]",0.35665158107221817
502,71,44,0.044427586470394714,54,2,0.0,0.0,0.0,False,42,54,,,,,
502,71,44,0.044427586470394714,54,3,0.0,0.0,0.0,False,39,54,,,,,
502,71,44,0.044427586470394714,54,4,0.0,0.0,0.0,False,37,54,,,,,
502,71,44,0.044427586470394714,54,5,0.0,0.0,0.0,False,34,54,,,,,
502,71,44,0.044427586470394714,54,6,0.07407407407407407,0.14814814814814814,0.09876543209876543,False,27,54,,,,,
502,71,44,0.044427586470394714,54,7,0.0,0.0,0.0,False,26,54,,,,,
502,71,44,0.044427586470394714,54,8,0.0,0.0,0.0,False,23,54,,,,,
502,71,44,0.044427586470394714,54,9,0.0,0.0,0.0,False,19,54,,,,,
502,71,44,0.044427586470394714,54,10,0.0,0.0,0.0,False,16,54,,,,,
502,71,44,0.044427586470394714,54,11,0.0,0.0,0.0,False,12,54,,,,,
502,72,45,0.2798372302025784,27,0,0.0,0.0,0.0,False,50,27,,,,,
502,72,45,0.2798372302025784,27,1,0.0,0.0,0.0,False,49,27,,,,,
502,72,45,0.2798372302025784,27,2,0.0,0.0,0.0,False,44,27,,,,,
502,72,45,0.2798372302025784,27,3,0.0,0.0,0.0,False,39,27,,,,,
502,72,45,0.2798372302025784,27,4,0.0,0.0,0.0,False,34,27,,,,,
502,72,45,0.2798372302025784,27,5,0.0,0.0,0.0,False,32,27,,,,,
502,72,45,0.2798372302025784,27,6,0.0,0.0,0.0,False,31,27,,,,,
502,72,45,0.2798372302025784,27,7,0.0,0.0,0.0,False,28,27,,,,,
502,72,45,0.2798372302025784,27,8,0.9629629629629629,0.9629629629629629,0.9629629629629629,True,27,27,0.8435414795249454,0.9151943695877559,0.08054684931064061,"[-0.14219372851550993, -0.179314207893011]",0.22885069713994868
502,72,45,0.2798372302025784,27,9,0.037037037037037035,0.041666666666666664,0.0392156862745098,False,24,27,,,,,
502,72,45,0.2798372302025784,27,10,0.0,0.0,0.0,False,19,27,,,,,
502,72,45,0.2798372302025784,27,11,0.0,0.0,0.0,False,12,27,,,,,
502,72,37,0.25575970863818204,50,0,1.0,1.0,1.0,True,50,50,0.8294392340024916,0.9317756936009967,0.0878068658414747,"[-0.0951999999999984, 0.06159999999999988]",0.11339135769537148
502,72,37,0.25575970863818204,50,1,0.0,0.0,0.0,False,49,50,,,,,
502,72,37,0.25575970863818204,50,2,0.0,0.0,0.0,False,44,50,,,,,
502,72,37,0.25575970863818204,50,3,0.0,0.0,0.0,False,39,50,,,,,
502,72,37,0.25575970863818204,50,4,0.0,0.0,0.0,False,34,50,,,,,
502,72,37,0.25575970863818204,50,5,0.0,0.0,0.0,False,32,50,,,,,
502,72,37,0.25575970863818204,50,6,0.0,0.0,0.0,False,31,50,,,,,
502,72,37,0.25575970863818204,50,7,0.0,0.0,0.0,False,28,50,,,,,
502,72,37,0.25575970863818204,50,8,0.0,0.0,0.0,False,27,50,,,,,
502,72,37,0.25575970863818204,50,9,0.0,0.0,0.0,False,24,50,,,,,
502,72,37,0.25575970863818204,50,10,0.0,0.0,0.0,False,19,50,,,,,
502,72,37,0.25575970863818204,50,11,0.0,0.0,0.0,False,12,50,,,,,
502,72,48,0.1667739311481094,19,0,0.0,0.0,0.0,False,50,19,,,,,
502,72,48,0.1667739311481094,19,1,0.0,0.0,0.0,False,49,19,,,,,
502,72,48,0.1667739311481094,19,2,0.0,0.0,0.0,False,44,19,,,,,
502,72,48,0.1667739311481094,19,3,0.0,0.0,0.0,False,39,19,,,,,
502,72,48,0.1667739311481094,19,4,0.0,0.0,0.0,False,34,19,,,,,
502,72,48,0.1667739311481094,19,5,0.0,0.0,0.0,False,32,19,,,,,
502,72,48,0.1667739311481094,19,6,0.0,0.0,0.0,False,31,19,,,,,
502,72,48,0.1667739311481094,19,7,0.0,0.0,0.0,False,28,19,,,,,
502,72,48,0.1667739311481094,19,8,0.0,0.0,0.0,False,27,19,,,,,
502,72,48,0.1667739311481094,19,9,0.0,0.0,0.0,False,24,19,,,,,
502,72,48,0.1667739311481094,19,10,1.0,1.0,1.0,True,19,19,0.5467779648222486,0.8187111859288995,0.2333245058235391,"[0.08842105263157762, 0.10315789473684234]",0.1358669709495787
502,72,48,0.1667739311481094,19,11,0.0,0.0,0.0,False,12,19,,,,,
502,72,49,0.10998151568884548,12,0,0.0,0.0,0.0,False,50,12,,,,,
502,72,49,0.10998151568884548,12,1,0.0,0.0,0.0,False,49,12,,,,,
502,72,49,0.10998151568884548,12,2,0.0,0.0,0.0,False,44,12,,,,,
502,72,49,0.10998151568884548,12,3,0.0,0.0,0.0,False,39,12,,,,,
502,72,49,0.10998151568884548,12,4,0.0,0.0,0.0,False,34,12,,,,,
502,72,49,0.10998151568884548,12,5,0.0,0.0,0.0,False,32,12,,,,,
502,72,49,0.10998151568884548,12,6,0.0,0.0,0.0,False,31,12,,,,,
502,72,49,0.10998151568884548,12,7,0.0,0.0,0.0,False,28,12,,,,,
502,72,49,0.10998151568884548,12,8,0.0,0.0,0.0,False,27,12,,,,,
502,72,49,0.10998151568884548,12,9,0.0,0.0,0.0,False,24,12,,,,,
502,72,49,0.10998151568884548,12,10,0.0,0.0,0.0,False,19,12,,,,,
502,72,49,0.10998151568884548,12,11,1.0,1.0,1.0,True,12,12,0.6203818006171262,0.8481527202468505,0.19543230888562685,"[0.046666666666666856, 0.09333333333333282]",0.10434983894998981
502,72,42,0.09563892336915207,42,0,0.0,0.0,0.0,False,50,42,,,,,
502,72,42,0.09563892336915207,42,1,0.0,0.0,0.0,False,49,42,,,,,
502,72,42,0.09563892336915207,42,2,1.0,0.9545454545454546,0.9767441860465116,True,44,42,0.7910374673058068,0.9024614985502296,0.10757658695342528,"[0.10183145084121614, -0.2600129897979464]",0.27924254554794115
502,72,42,0.09563892336915207,42,3,0.0,0.0,0.0,False,39,42,,,,,
502,72,42,0.09563892336915207,42,4,0.0,0.0,0.0,False,34,42,,,,,
502,72,42,0.09563892336915207,42,5,0.0,0.0,0.0,False,32,42,,,,,
502,72,42,0.09563892336915207,42,6,0.0,0.0,0.0,False,31,42,,,,,
502,72,42,0.09563892336915207,42,7,0.0,0.0,0.0,False,28,42,,,,,
502,72,42,0.09563892336915207,42,8,0.0,0.0,0.0,False,27,42,,,,,
502,72,42,0.09563892336915207,42,9,0.0,0.0,0.0,False,24,42,,,,,
502,72,42,0.09563892336915207,42,10,0.0,0.0,0.0,False,19,42,,,,,
502,72,42,0.09563892336915207,42,11,0.0,0.0,0.0,False,12,42,,,,,
502,72,47,0.09200869095313255,27,0,0.0,0.0,0.0,False,50,27,,,,,
502,72,47,0.09200869095313255,27,1,0.0,0.0,0.0,False,49,27,,,,,
502,72,47,0.09200869095313255,27,2,0.0,0.0,0.0,False,44,27,,,,,
502,72,47,0.09200869095313255,27,3,0.0,0.0,0.0,False,39,27,,,,,
502,72,47,0.09200869095313255,27,4,0.0,0.0,0.0,False,34,27,,,,,
502,72,47,0.09200869095313255,27,5,0.0,0.0,0.0,False,32,27,,,,,
502,72,47,0.09200869095313255,27,6,0.0,0.0,0.0,False,31,27,,,,,
502,72,47,0.09200869095313255,27,7,0.0,0.0,0.0,False,28,27,,,,,
502,72,47,0.09200869095313255,27,8,0.9629629629629629,0.9629629629629629,0.9629629629629629,True,27,27,0.8435414795249454,0.9151943695877559,0.08054684931064061,"[-0.14219372851550993, -0.179314207893011]",0.22885069713994868
502,72,47,0.09200869095313255,27,9,0.037037037037037035,0.041666666666666664,0.0392156862745098,False,24,27,,,,,
502,72,47,0.09200869095313255,27,10,0.0,0.0,0.0,False,19,27,,,,,
502,72,47,0.09200869095313255,27,11,0.0,0.0,0.0,False,12,27,,,,,
502,73,45,0.27983723020257845,27,0,0.0,0.0,0.0,False,50,27,,,,,
502,73,45,0.27983723020257845,27,1,0.0,0.0,0.0,False,49,27,,,,,
502,73,45,0.27983723020257845,27,2,0.0,0.0,0.0,False,44,27,,,,,
502,73,45,0.27983723020257845,27,3,0.0,0.0,0.0,False,39,27,,,,,
502,73,45,0.27983723020257845,27,4,0.0,0.0,0.0,False,34,27,,,,,
502,73,45,0.27983723020257845,27,5,0.0,0.0,0.0,False,31,27,,,,,
502,73,45,0.27983723020257845,27,6,1.0,0.9642857142857143,0.9818181818181818,True,28,27,0.8176736031850251,0.9161603503649192,0.09386396320901755,"[0.1609442260482794, -0.1910616096108555]",0.24981509675231922
502,73,45,0.27983723020257845,27,7,0.0,0.0,0.0,False,28,27,,,,,
502,73,45,0.27983723020257845,27,8,0.0,0.0,0.0,False,26,27,,,,,
502,73,45,0.27983723020257845,27,9,0.0,0.0,0.0,False,23,27,,,,,
502,73,45,0.27983723020257845,27,10,0.0,0.0,0.0,False,19,27,,,,,
502,73,45,0.27983723020257845,27,11,0.0,0.0,0.0,False,13,27,,,,,
502,73,37,0.2557597086381821,50,0,1.0,1.0,1.0,True,50,50,0.7893861644659593,0.9157544657863838,0.10842669879523217,"[-0.06720000000000326, 0.0783999999999998]",0.1032588979216823
502,73,37,0.2557597086381821,50,1,0.0,0.0,0.0,False,49,50,,,,,
502,73,37,0.2557597086381821,50,2,0.0,0.0,0.0,False,44,50,,,,,
502,73,37,0.2557597086381821,50,3,0.0,0.0,0.0,False,39,50,,,,,
502,73,37,0.2557597086381821,50,4,0.0,0.0,0.0,False,34,50,,,,,
502,73,37,0.2557597086381821,50,5,0.0,0.0,0.0,False,31,50,,,,,
502,73,37,0.2557597086381821,50,6,0.0,0.0,0.0,False,28,50,,,,,
502,73,37,0.2557597086381821,50,7,0.0,0.0,0.0,False,28,50,,,,,
502,73,37,0.2557597086381821,50,8,0.0,0.0,0.0,False,26,50,,,,,
502,73,37,0.2557597086381821,50,9,0.0,0.0,0.0,False,23,50,,,,,
502,73,37,0.2557597086381821,50,10,0.0,0.0,0.0,False,19,50,,,,,
502,73,37,0.2557597086381821,50,11,0.0,0.0,0.0,False,13,50,,,,,
502,73,48,0.16677393114810943,19,0,0.0,0.0,0.0,False,50,19,,,,,
502,73,48,0.16677393114810943,19,1,0.0,0.0,0.0,False,49,19,,,,,
502,73,48,0.16677393114810943,19,2,0.0,0.0,0.0,False,44,19,,,,,
502,73,48,0.16677393114810943,19,3,0.0,0.0,0.0,False,39,19,,,,,
502,73,48,0.16677393114810943,19,4,0.0,0.0,0.0,False,34,19,,,,,
502,73,48,0.16677393114810943,19,5,0.0,0.0,0.0,False,31,19,,,,,
502,73,48,0.16677393114810943,19,6,0.0,0.0,0.0,False,28,19,,,,,
502,73,48,0.16677393114810943,19,7,0.0,0.0,0.0,False,28,19,,,,,
502,73,48,0.16677393114810943,19,8,0.0,0.0,0.0,False,26,19,,,,,
502,73,48,0.16677393114810943,19,9,0.0,0.0,0.0,False,23,19,,,,,
502,73,48,0.16677393114810943,19,10,1.0,1.0,1.0,True,19,19,0.7039169680784014,0.8815667872313606,0.15242733526570035,"[0.058947368421053525, 0.07368421052631646]",0.09436183086743254
502,73,48,0.16677393114810943,19,11,0.0,0.0,0.0,False,13,19,,,,,
502,73,49,0.1099815156888455,12,0,0.0,0.0,0.0,False,50,12,,,,,
502,73,49,0.1099815156888455,12,1,0.0,0.0,0.0,False,49,12,,,,,
502,73,49,0.1099815156888455,12,2,0.0,0.0,0.0,False,44,12,,,,,
502,73,49,0.1099815156888455,12,3,0.0,0.0,0.0,False,39,12,,,,,
502,73,49,0.1099815156888455,12,4,0.0,0.0,0.0,False,34,12,,,,,
502,73,49,0.1099815156888455,12,5,0.0,0.0,0.0,False,31,12,,,,,
502,73,49,0.1099815156888455,12,6,0.0,0.0,0.0,False,28,12,,,,,
502,73,49,0.1099815156888455,12,7,0.0,0.0,0.0,False,28,12,,,,,
502,73,49,0.1099815156888455,12,8,0.0,0.0,0.0,False,26,12,,,,,
502,73,49,0.1099815156888455,12,9,0.0,0.0,0.0,False,23,12,,,,,
502,73,49,0.1099815156888455,12,10,0.0,0.0,0.0,False,19,12,,,,,
502,73,49,0.1099815156888455,12,11,1.0,0.9230769230769231,0.96,True,13,12,0.6504391181591612,0.8361756472636644,0.17995841702349355,"[0.3355203137026841, -0.06859231244919961]",0.3424599045644266
502,73,42,0.09563892336915208,44,0,0.0,0.0,0.0,False,50,44,,,,,
502,73,42,0.09563892336915208,44,1,0.0,0.0,0.0,False,49,44,,,,,
502,73,42,0.09563892336915208,44,2,1.0,1.0,1.0,True,44,44,0.7615266740172331,0.9046106696068932,0.12276912113331483,"[-0.01272727272727181, -0.02545454545454362]",0.02845904698635891
502,73,42,0.09563892336915208,44,3,0.0,0.0,0.0,False,39,44,,,,,
502,73,42,0.09563892336915208,44,4,0.0,0.0,0.0,False,34,44,,,,,
502,73,42,0.09563892336915208,44,5,0.0,0.0,0.0,False,31,44,,,,,
502,73,42,0.09563892336915208,44,6,0.0,0.0,0.0,False,28,44,,,,,
502,73,42,0.09563892336915208,44,7,0.0,0.0,0.0,False,28,44,,,,,
502,73,42,0.09563892336915208,44,8,0.0,0.0,0.0,False,26,44,,,,,
502,73,42,0.09563892336915208,44,9,0.0,0.0,0.0,False,23,44,,,,,
502,73,42,0.09563892336915208,44,10,0.0,0.0,0.0,False,19,44,,,,,
502,73,42,0.09563892336915208,44,11,0.0,0.0,0.0,False,13,44,,,,,
502,73,47,0.09200869095313256,27,0,0.0,0.0,0.0,False,50,27,,,,,
502,73,47,0.09200869095313256,27,1,0.0,0.0,0.0,False,49,27,,,,,
502,73,47,0.09200869095313256,27,2,0.0,0.0,0.0,False,44,27,,,,,
502,73,47,0.09200869095313256,27,3,0.0,0.0,0.0,False,39,27,,,,,
502,73,47,0.09200869095313256,27,4,0.0,0.0,0.0,False,34,27,,,,,
502,73,47,0.09200869095313256,27,5,0.0,0.0,0.0,False,31,27,,,,,
502,73,47,0.09200869095313256,27,6,1.0,0.9642857142857143,0.9818181818181818,True,28,27,0.8176736031850251,0.9161603503649192,0.09386396320901755,"[0.1609442260482794, -0.1910616096108555]",0.24981509675231922
502,73,47,0.09200869095313256,27,7,0.0,0.0,0.0,False,28,27,,,,,
502,73,47,0.09200869095313256,27,8,0.0,0.0,0.0,False,26,27,,,,,
502,73,47,0.09200869095313256,27,9,0.0,0.0,0.0,False,23,27,,,,,
502,73,47,0.09200869095313256,27,10,0.0,0.0,0.0,False,19,27,,,,,
502,73,47,0.09200869095313256,27,11,0.0,0.0,0.0,False,13,27,,,,,
502,74,45,0.27983723020257845,28,0,0.0,0.0,0.0,False,54,28,,,,,
502,74,45,0.27983723020257845,28,1,0.0,0.0,0.0,False,49,28,,,,,
502,74,45,0.27983723020257845,28,2,0.0,0.0,0.0,False,49,28,,,,,
502,74,45,0.27983723020257845,28,3,0.0,0.0,0.0,False,39,28,,,,,
502,74,45,0.27983723020257845,28,4,0.0,0.0,0.0,False,36,28,,,,,
502,74,45,0.27983723020257845,28,5,0.0,0.0,0.0,False,34,28,,,,,
502,74,45,0.27983723020257845,28,6,1.0,1.0,1.0,True,28,28,0.8961626206156393,0.9584650482462558,0.05345681222530424,"[0.019999999999999574, -0.16000000000000014]",0.16124515496597108
502,74,45,0.27983723020257845,28,7,0.0,0.0,0.0,False,26,28,,,,,
502,74,45,0.27983723020257845,28,8,0.0,0.0,0.0,False,26,28,,,,,
502,74,45,0.27983723020257845,28,9,0.0,0.0,0.0,False,25,28,,,,,
502,74,45,0.27983723020257845,28,10,0.0,0.0,0.0,False,19,28,,,,,
502,74,37,0.2557597086381821,50,0,0.0,0.0,0.0,False,54,50,,,,,
502,74,37,0.2557597086381821,50,1,0.98,1.0,0.98989898989899,True,49,50,0.77406159385684,0.90356403148213,0.11631598392879454,"[-0.04333129303980243, 0.0781702046567907]",0.08937662923038535
502,74,37,0.2557597086381821,50,2,0.0,0.0,0.0,False,49,50,,,,,
502,74,37,0.2557597086381821,50,3,0.0,0.0,0.0,False,39,50,,,,,
502,74,37,0.2557597086381821,50,4,0.0,0.0,0.0,False,36,50,,,,,
502,74,37,0.2557597086381821,50,5,0.0,0.0,0.0,False,34,50,,,,,
502,74,37,0.2557597086381821,50,6,0.0,0.0,0.0,False,28,50,,,,,
502,74,37,0.2557597086381821,50,7,0.0,0.0,0.0,False,26,50,,,,,
502,74,37,0.2557597086381821,50,8,0.0,0.0,0.0,False,26,50,,,,,
502,74,37,0.2557597086381821,50,9,0.0,0.0,0.0,False,25,50,,,,,
502,74,37,0.2557597086381821,50,10,0.0,0.0,0.0,False,19,50,,,,,
502,74,48,0.16677393114810943,19,0,0.0,0.0,0.0,False,54,19,,,,,
502,74,48,0.16677393114810943,19,1,0.0,0.0,0.0,False,49,19,,,,,
502,74,48,0.16677393114810943,19,2,0.0,0.0,0.0,False,49,19,,,,,
502,74,48,0.16677393114810943,19,3,0.0,0.0,0.0,False,39,19,,,,,
502,74,48,0.16677393114810943,19,4,0.0,0.0,0.0,False,36,19,,,,,
502,74,48,0.16677393114810943,19,5,0.0,0.0,0.0,False,34,19,,,,,
502,74,48,0.16677393114810943,19,6,0.0,0.0,0.0,False,28,19,,,,,
502,74,48,0.16677393114810943,19,7,0.0,0.0,0.0,False,26,19,,,,,
502,74,48,0.16677393114810943,19,8,0.0,0.0,0.0,False,26,19,,,,,
502,74,48,0.16677393114810943,19,9,0.0,0.0,0.0,False,25,19,,,,,
502,74,48,0.16677393114810943,19,10,1.0,1.0,1.0,True,19,19,0.725922766836774,0.8903691067347096,0.14109846834832768,"[0.0, 0.10315789473684234]",0.10315789473684234
502,74,49,0.1099815156888455,13,0,0.0,0.0,0.0,False,54,13,,,,,
502,74,49,0.1099815156888455,13,1,0.0,0.0,0.0,False,49,13,,,,,
502,74,49,0.1099815156888455,13,2,0.0,0.0,0.0,False,49,13,,,,,
502,74,49,0.1099815156888455,13,3,0.0,0.0,0.0,False,39,13,,,,,
502,74,49,0.1099815156888455,13,4,0.38461538461538464,0.1388888888888889,0.20408163265306123,True,36,13,0.1064327470798404,0.1650220784237729,0.46001986118332583,"[-11.427797972272048, 3.337723150483452]",11.905249360023431
502,74,49,0.1099815156888455,13,5,0.0,0.0,0.0,False,34,13,,,,,
502,74,49,0.1099815156888455,13,6,0.0,0.0,0.0,False,28,13,,,,,
502,74,49,0.1099815156888455,13,7,0.0,0.0,0.0,False,26,13,,,,,
502,74,49,0.1099815156888455,13,8,0.0,0.0,0.0,False,26,13,,,,,
502,74,49,0.1099815156888455,13,9,0.0,0.0,0.0,False,25,13,,,,,
502,74,49,0.1099815156888455,13,10,0.0,0.0,0.0,False,19,13,,,,,
502,74,42,0.09563892336915208,44,0,1.0,0.8148148148148148,0.8979591836734694,True,54,44,0.6222384169467856,0.7876708769827959,0.19447649903085715,"[0.046092969709953024, -0.1846168883194288]",0.19028388610029776
502,74,42,0.09563892336915208,44,1,0.0,0.0,0.0,False,49,44,,,,,
502,74,42,0.09563892336915208,44,2,0.0,0.0,0.0,False,49,44,,,,,
502,74,42,0.09563892336915208,44,3,0.0,0.0,0.0,False,39,44,,,,,
502,74,42,0.09563892336915208,44,4,0.0,0.0,0.0,False,36,44,,,,,
502,74,42,0.09563892336915208,44,5,0.0,0.0,0.0,False,34,44,,,,,
502,74,42,0.09563892336915208,44,6,0.0,0.0,0.0,False,28,44,,,,,
502,74,42,0.09563892336915208,44,7,0.0,0.0,0.0,False,26,44,,,,,
502,74,42,0.09563892336915208,44,8,0.0,0.0,0.0,False,26,44,,,,,
502,74,42,0.09563892336915208,44,9,0.0,0.0,0.0,False,25,44,,,,,
502,74,42,0.09563892336915208,44,10,0.0,0.0,0.0,False,19,44,,,,,
502,74,47,0.09200869095313256,28,0,0.0,0.0,0.0,False,54,28,,,,,
502,74,47,0.09200869095313256,28,1,0.0,0.0,0.0,False,49,28,,,,,
502,74,47,0.09200869095313256,28,2,0.0,0.0,0.0,False,49,28,,,,,
502,74,47,0.09200869095313256,28,3,0.0,0.0,0.0,False,39,28,,,,,
502,74,47,0.09200869095313256,28,4,0.0,0.0,0.0,False,36,28,,,,,
502,74,47,0.09200869095313256,28,5,0.0,0.0,0.0,False,34,28,,,,,
502,74,47,0.09200869095313256,28,6,1.0,1.0,1.0,True,28,28,0.8961626206156393,0.9584650482462558,0.05345681222530424,"[0.019999999999999574, -0.16000000000000014]",0.16124515496597108
502,74,47,0.09200869095313256,28,7,0.0,0.0,0.0,False,26,28,,,,,
502,74,47,0.09200869095313256,28,8,0.0,0.0,0.0,False,26,28,,,,,
502,74,47,0.09200869095313256,28,9,0.0,0.0,0.0,False,25,28,,,,,
502,74,47,0.09200869095313256,28,10,0.0,0.0,0.0,False,19,28,,,,,
502,75,45,0.27983723020257845,28,0,0.0,0.0,0.0,False,49,28,,,,,
502,75,45,0.27983723020257845,28,1,0.0,0.0,0.0,False,49,28,,,,,
502,75,45,0.27983723020257845,28,2,0.0,0.0,0.0,False,44,28,,,,,
502,75,45,0.27983723020257845,28,3,0.0,0.0,0.0,False,38,28,,,,,
502,75,45,0.27983723020257845,28,4,0.03571428571428571,0.027777777777777776,0.03125,False,36,28,,,,,
502,75,45,0.27983723020257845,28,5,0.0,0.0,0.0,False,31,28,,,,,
502,75,45,0.27983723020257845,28,6,0.0,0.0,0.0,False,30,28,,,,,
502,75,45,0.27983723020257845,28,7,0.0,0.0,0.0,False,29,28,,,,,
502,75,45,0.27983723020257845,28,8,0.9642857142857143,1.0,0.9818181818181818,True,27,28,0.7699282506989316,0.8970622093704818,0.11844388190123062,"[-0.18094422604827898, -0.17782727927803244]",0.25369933818525825
502,75,45,0.27983723020257845,28,9,0.0,0.0,0.0,False,24,28,,,,,
502,75,45,0.27983723020257845,28,10,0.0,0.0,0.0,False,19,28,,,,,
502,75,45,0.27983723020257845,28,11,0.0,0.0,0.0,False,14,28,,,,,
502,75,37,0.2557597086381821,49,0,1.0,1.0,1.0,True,49,49,0.7737029916175131,0.9094811966470052,0.11650059695239862,"[-0.07428571428571473, 0.137142857142857]",0.15596964644521358
502,75,37,0.2557597086381821,49,1,0.0,0.0,0.0,False,49,49,,,,,
502,75,37,0.2557597086381821,49,2,0.0,0.0,0.0,False,44,49,,,,,
502,75,37,0.2557597086381821,49,3,0.0,0.0,0.0,False,38,49,,,,,
502,75,37,0.2557597086381821,49,4,0.0,0.0,0.0,False,36,49,,,,,
502,75,37,0.2557597086381821,49,5,0.0,0.0,0.0,False,31,49,,,,,
502,75,37,0.2557597086381821,49,6,0.0,0.0,0.0,False,30,49,,,,,
502,75,37,0.2557597086381821,49,7,0.0,0.0,0.0,False,29,49,,,,,
502,75,37,0.2557597086381821,49,8,0.0,0.0,0.0,False,27,49,,,,,
502,75,37,0.2557597086381821,49,9,0.0,0.0,0.0,False,24,49,,,,,
502,75,37,0.2557597086381821,49,10,0.0,0.0,0.0,False,19,49,,,,,
502,75,37,0.2557597086381821,49,11,0.0,0.0,0.0,False,14,49,,,,,
502,75,48,0.16677393114810943,19,0,0.0,0.0,0.0,False,49,19,,,,,
502,75,48,0.16677393114810943,19,1,0.0,0.0,0.0,False,49,19,,,,,
502,75,48,0.16677393114810943,19,2,0.0,0.0,0.0,False,44,19,,,,,
502,75,48,0.16677393114810943,19,3,0.0,0.0,0.0,False,38,19,,,,,
502,75,48,0.16677393114810943,19,4,0.0,0.0,0.0,False,36,19,,,,,
502,75,48,0.16677393114810943,19,5,0.0,0.0,0.0,False,31,19,,,,,
502,75,48,0.16677393114810943,19,6,0.0,0.0,0.0,False,30,19,,,,,
502,75,48,0.16677393114810943,19,7,0.0,0.0,0.0,False,29,19,,,,,
502,75,48,0.16677393114810943,19,8,0.0,0.0,0.0,False,27,19,,,,,
502,75,48,0.16677393114810943,19,9,0.0,0.0,0.0,False,24,19,,,,,
502,75,48,0.16677393114810943,19,10,1.0,1.0,1.0,True,19,19,0.6255226578943046,0.8502090631577218,0.19278572974647146,"[0.05894736842105175, 0.07368421052631646]",0.09436183086743143
502,75,48,0.16677393114810943,19,11,0.0,0.0,0.0,False,14,19,,,,,
502,75,49,0.1099815156888455,36,0,0.0,0.0,0.0,False,49,36,,,,,
502,75,49,0.1099815156888455,36,1,0.0,0.0,0.0,False,49,36,,,,,
502,75,49,0.1099815156888455,36,2,0.0,0.0,0.0,False,44,36,,,,,
502,75,49,0.1099815156888455,36,3,0.0,0.0,0.0,False,38,36,,,,,
502,75,49,0.1099815156888455,36,4,0.0,0.0,0.0,False,36,36,,,,,
502,75,49,0.1099815156888455,36,5,0.0,0.0,0.0,False,31,36,,,,,
502,75,49,0.1099815156888455,36,6,0.8333333333333334,1.0,0.9090909090909091,True,30,36,0.7823107591607585,0.8583788491188489,0.11206920802515027,"[0.16679677220960976, -0.1732984181470556]",0.24052755549378574
502,75,49,0.1099815156888455,36,7,0.027777777777777776,0.034482758620689655,0.03076923076923077,False,29,36,,,,,
502,75,49,0.1099815156888455,36,8,0.0,0.0,0.0,False,27,36,,,,,
502,75,49,0.1099815156888455,36,9,0.0,0.0,0.0,False,24,36,,,,,
502,75,49,0.1099815156888455,36,10,0.0,0.0,0.0,False,19,36,,,,,
502,75,49,0.1099815156888455,36,11,0.1388888888888889,0.35714285714285715,0.2,False,14,36,,,,,
502,75,42,0.09563892336915208,54,0,0.0,0.0,0.0,False,49,54,,,,,
502,75,42,0.09563892336915208,54,1,0.0,0.0,0.0,False,49,54,,,,,
502,75,42,0.09563892336915208,54,2,0.8148148148148148,1.0,0.8979591836734694,True,44,54,0.6609326314618744,0.8031485627888315,0.17455622203809737,"[-0.09063842425540836, 0.06370779741033417]",0.11078811940988789
502,75,42,0.09563892336915208,54,3,0.0,0.0,0.0,False,38,54,,,,,
502,75,42,0.09563892336915208,54,4,0.0,0.0,0.0,False,36,54,,,,,
502,75,42,0.09563892336915208,54,5,0.0,0.0,0.0,False,31,54,,,,,
502,75,42,0.09563892336915208,54,6,0.0,0.0,0.0,False,30,54,,,,,
502,75,42,0.09563892336915208,54,7,0.0,0.0,0.0,False,29,54,,,,,
502,75,42,0.09563892336915208,54,8,0.0,0.0,0.0,False,27,54,,,,,
502,75,42,0.09563892336915208,54,9,0.0,0.0,0.0,False,24,54,,,,,
502,75,42,0.09563892336915208,54,10,0.0,0.0,0.0,False,19,54,,,,,
502,75,42,0.09563892336915208,54,11,0.0,0.0,0.0,False,14,54,,,,,
502,75,47,0.09200869095313256,28,0,0.0,0.0,0.0,False,49,28,,,,,
502,75,47,0.09200869095313256,28,1,0.0,0.0,0.0,False,49,28,,,,,
502,75,47,0.09200869095313256,28,2,0.0,0.0,0.0,False,44,28,,,,,
502,75,47,0.09200869095313256,28,3,0.0,0.0,0.0,False,38,28,,,,,
502,75,47,0.09200869095313256,28,4,0.03571428571428571,0.027777777777777776,0.03125,False,36,28,,,,,
502,75,47,0.09200869095313256,28,5,0.0,0.0,0.0,False,31,28,,,,,
502,75,47,0.09200869095313256,28,6,0.0,0.0,0.0,False,30,28,,,,,
502,75,47,0.09200869095313256,28,7,0.0,0.0,0.0,False,29,28,,,,,
502,75,47,0.09200869095313256,28,8,0.9642857142857143,1.0,0.9818181818181818,True,27,28,0.7699282506989316,0.8970622093704818,0.11844388190123062,"[-0.18094422604827898, -0.17782727927803244]",0.25369933818525825
502,75,47,0.09200869095313256,28,9,0.0,0.0,0.0,False,24,28,,,,,
502,75,47,0.09200869095313256,28,10,0.0,0.0,0.0,False,19,28,,,,,
502,75,47,0.09200869095313256,28,11,0.0,0.0,0.0,False,14,28,,,,,
502,76,45,0.27983723020257845,27,0,0.0,0.0,0.0,False,53,27,,,,,
502,76,45,0.27983723020257845,27,1,0.0,0.0,0.0,False,50,27,,,,,
502,76,45,0.27983723020257845,27,2,0.0,0.0,0.0,False,47,27,,,,,
502,76,45,0.27983723020257845,27,3,0.0,0.0,0.0,False,38,27,,,,,
502,76,45,0.27983723020257845,27,4,0.0,0.0,0.0,False,36,27,,,,,
502,76,45,0.27983723020257845,27,5,0.0,0.0,0.0,False,30,27,,,,,
502,76,45,0.27983723020257845,27,6,0.0,0.0,0.0,False,29,27,,,,,
502,76,45,0.27983723020257845,27,7,1.0,0.9642857142857143,0.9818181818181818,True,28,27,0.8724238549592869,0.9380604510746239,0.06567783268706741,"[0.05409060853112102, -0.25165757644838926]",0.2574049916282586
502,76,45,0.27983723020257845,27,8,0.0,0.0,0.0,False,27,27,,,,,
502,76,45,0.27983723020257845,27,9,0.0,0.0,0.0,False,23,27,,,,,
502,76,45,0.27983723020257845,27,10,0.0,0.0,0.0,False,16,27,,,,,
502,76,45,0.27983723020257845,27,11,0.0,0.0,0.0,False,14,27,,,,,
502,76,37,0.2557597086381821,49,0,0.0,0.0,0.0,False,53,49,,,,,
502,76,37,0.2557597086381821,49,1,1.0,0.98,0.98989898989899,True,50,49,0.7837740071553284,0.9074489968015254,0.11131590922515616,"[0.04490335809789414, 0.16237596726663472]",0.16847037221494748
502,76,37,0.2557597086381821,49,2,0.0,0.0,0.0,False,47,49,,,,,
502,76,37,0.2557597086381821,49,3,0.0,0.0,0.0,False,38,49,,,,,
502,76,37,0.2557597086381821,49,4,0.0,0.0,0.0,False,36,49,,,,,
502,76,37,0.2557597086381821,49,5,0.0,0.0,0.0,False,30,49,,,,,
502,76,37,0.2557597086381821,49,6,0.0,0.0,0.0,False,29,49,,,,,
502,76,37,0.2557597086381821,49,7,0.0,0.0,0.0,False,28,49,,,,,
502,76,37,0.2557597086381821,49,8,0.0,0.0,0.0,False,27,49,,,,,
502,76,37,0.2557597086381821,49,9,0.0,0.0,0.0,False,23,49,,,,,
502,76,37,0.2557597086381821,49,10,0.0,0.0,0.0,False,16,49,,,,,
502,76,37,0.2557597086381821,49,11,0.0,0.0,0.0,False,14,49,,,,,
502,76,48,0.16677393114810943,19,0,0.0,0.0,0.0,False,53,19,,,,,
502,76,48,0.16677393114810943,19,1,0.0,0.0,0.0,False,50,19,,,,,
502,76,48,0.16677393114810943,19,2,0.0,0.0,0.0,False,47,19,,,,,
502,76,48,0.16677393114810943,19,3,0.0,0.0,0.0,False,38,19,,,,,
502,76,48,0.16677393114810943,19,4,0.0,0.0,0.0,False,36,19,,,,,
502,76,48,0.16677393114810943,19,5,0.0,0.0,0.0,False,30,19,,,,,
502,76,48,0.16677393114810943,19,6,0.0,0.0,0.0,False,29,19,,,,,
502,76,48,0.16677393114810943,19,7,0.0,0.0,0.0,False,28,19,,,,,
502,76,48,0.16677393114810943,19,8,0.0,0.0,0.0,False,27,19,,,,,
502,76,48,0.16677393114810943,19,9,0.0,0.0,0.0,False,23,19,,,,,
502,76,48,0.16677393114810943,19,10,0.8421052631578947,1.0,0.9142857142857143,True,16,19,0.5000381712405482,0.7485866970676478,0.257386749918682,"[-0.04933710173165373, 0.08918194199297602]",0.10191942103896631
502,76,48,0.16677393114810943,19,11,0.0,0.0,0.0,False,14,19,,,,,
502,76,49,0.1099815156888455,30,0,0.0,0.0,0.0,False,53,30,,,,,
502,76,49,0.1099815156888455,30,1,0.0,0.0,0.0,False,50,30,,,,,
502,76,49,0.1099815156888455,30,2,0.0,0.0,0.0,False,47,30,,,,,
502,76,49,0.1099815156888455,30,3,0.0,0.0,0.0,False,38,30,,,,,
502,76,49,0.1099815156888455,30,4,0.0,0.0,0.0,False,36,30,,,,,
502,76,49,0.1099815156888455,30,5,1.0,1.0,1.0,True,30,30,0.8478906136928358,0.9391562454771343,0.07830785936372568,"[0.12133333333333418, -0.04666666666666597]",0.1299982905870523
502,76,49,0.1099815156888455,30,6,0.0,0.0,0.0,False,29,30,,,,,
502,76,49,0.1099815156888455,30,7,0.0,0.0,0.0,False,28,30,,,,,
502,76,49,0.1099815156888455,30,8,0.0,0.0,0.0,False,27,30,,,,,
502,76,49,0.1099815156888455,30,9,0.0,0.0,0.0,False,23,30,,,,,
502,76,49,0.1099815156888455,30,10,0.0,0.0,0.0,False,16,30,,,,,
502,76,49,0.1099815156888455,30,11,0.0,0.0,0.0,False,14,30,,,,,
502,76,42,0.09563892336915208,44,0,0.9772727272727273,0.8113207547169812,0.8865979381443299,True,53,44,0.6149661103447095,0.7779452070244818,0.1982203755691221,"[0.05289858490698851, -0.28589631962602624]",0.2907489739635702
502,76,42,0.09563892336915208,44,1,0.022727272727272728,0.02,0.02127659574468085,False,50,44,,,,,
502,76,42,0.09563892336915208,44,2,0.0,0.0,0.0,False,47,44,,,,,
502,76,42,0.09563892336915208,44,3,0.0,0.0,0.0,False,38,44,,,,,
502,76,42,0.09563892336915208,44,4,0.0,0.0,0.0,False,36,44,,,,,
502,76,42,0.09563892336915208,44,5,0.0,0.0,0.0,False,30,44,,,,,
502,76,42,0.09563892336915208,44,6,0.0,0.0,0.0,False,29,44,,,,,
502,76,42,0.09563892336915208,44,7,0.0,0.0,0.0,False,28,44,,,,,
502,76,42,0.09563892336915208,44,8,0.0,0.0,0.0,False,27,44,,,,,
502,76,42,0.09563892336915208,44,9,0.0,0.0,0.0,False,23,44,,,,,
502,76,42,0.09563892336915208,44,10,0.0,0.0,0.0,False,16,44,,,,,
502,76,42,0.09563892336915208,44,11,0.0,0.0,0.0,False,14,44,,,,,
502,76,47,0.09200869095313256,27,0,0.0,0.0,0.0,False,53,27,,,,,
502,76,47,0.09200869095313256,27,1,0.0,0.0,0.0,False,50,27,,,,,
502,76,47,0.09200869095313256,27,2,0.0,0.0,0.0,False,47,27,,,,,
502,76,47,0.09200869095313256,27,3,0.0,0.0,0.0,False,38,27,,,,,
502,76,47,0.09200869095313256,27,4,0.0,0.0,0.0,False,36,27,,,,,
502,76,47,0.09200869095313256,27,5,0.0,0.0,0.0,False,30,27,,,,,
502,76,47,0.09200869095313256,27,6,0.0,0.0,0.0,False,29,27,,,,,
502,76,47,0.09200869095313256,27,7,1.0,0.9642857142857143,0.9818181818181818,True,28,27,0.8724238549592869,0.9380604510746239,0.06567783268706741,"[0.05409060853112102, -0.25165757644838926]",0.2574049916282586
502,76,47,0.09200869095313256,27,8,0.0,0.0,0.0,False,27,27,,,,,
502,76,47,0.09200869095313256,27,9,0.0,0.0,0.0,False,23,27,,,,,
502,76,47,0.09200869095313256,27,10,0.0,0.0,0.0,False,16,27,,,,,
502,76,47,0.09200869095313256,27,11,0.0,0.0,0.0,False,14,27,,,,,
