seed,t,hid,hyp_prob_prior,hyp_size_prior,cand_idx,r_retain,r_purity,dice,passes_gate,cand_size,prev_size,R_F,score,D_deform,bulk_delta,bulk_speed
501,2,0,1.0,47,0,0.02127659574468085,0.02040816326530612,0.020833333333333332,False,49,47,,,,,
501,2,0,1.0,47,1,0.0,0.0,0.0,False,44,47,,,,,
501,2,0,1.0,47,2,0.3829787234042553,0.43902439024390244,0.4090909090909091,True,41,47,0.4796118552166322,0.43729928754119834,0.2741961002184007,"[-0.2212661279902548, 3.702143085723346]",3.7087494019635487
501,2,0,1.0,47,3,0.06382978723404255,0.07894736842105263,0.07058823529411765,False,38,47,,,,,
501,2,0,1.0,47,4,0.0,0.0,0.0,False,35,47,,,,,
501,2,0,1.0,47,5,0.0,0.0,0.0,False,34,47,,,,,
501,2,0,1.0,47,6,0.0,0.0,0.0,False,28,47,,,,,
501,2,0,1.0,47,7,0.10638297872340426,0.2,0.1388888888888889,False,25,47,,,,,
501,2,0,1.0,47,8,0.0,0.0,0.0,False,25,47,,,,,
501,2,0,1.0,47,9,0.0,0.0,0.0,False,24,47,,,,,
501,2,0,1.0,47,10,0.0,0.0,0.0,False,24,47,,,,,
501,2,0,1.0,47,11,0.425531914893617,0.9523809523809523,0.5882352941176471,True,21,47,0.4077183457053347,0.5160285147527222,0.3120772858999434,"[-0.0770940708639305, -0.14933169984832873]",0.1680578839030293
501,2,0,1.0,47,12,0.0,0.0,0.0,False,12,47,,,,,
501,3,2,0.5780849668558733,21,0,1.0,0.39622641509433965,0.5675675675675675,True,53,21,0.3535774288074134,0.48197151206350586,0.3406045081752288,"[-0.613775848517097, 0.6738115590663121]",0.9114509363395578
501,3,2,0.5780849668558733,21,1,0.0,0.0,0.0,False,49,21,,,,,
501,3,2,0.5780849668558733,21,2,0.0,0.0,0.0,False,44,21,,,,,
501,3,2,0.5780849668558733,21,3,0.0,0.0,0.0,False,36,21,,,,,
501,3,2,0.5780849668558733,21,4,0.0,0.0,0.0,False,33,21,,,,,
501,3,2,0.5780849668558733,21,5,0.0,0.0,0.0,False,31,21,,,,,
501,3,2,0.5780849668558733,21,6,0.0,0.0,0.0,False,30,21,,,,,
501,3,2,0.5780849668558733,21,7,0.0,0.0,0.0,False,26,21,,,,,
501,3,2,0.5780849668558733,21,8,0.0,0.0,0.0,False,23,21,,,,,
501,3,2,0.5780849668558733,21,9,0.0,0.0,0.0,False,22,21,,,,,
501,3,2,0.5780849668558733,21,10,0.0,0.0,0.0,False,17,21,,,,,
501,3,2,0.5780849668558733,21,11,0.0,0.0,0.0,False,15,21,,,,,
501,3,2,0.5780849668558733,21,12,0.0,0.0,0.0,False,13,21,,,,,
501,3,1,0.42191503314412665,41,0,0.5853658536585366,0.4528301886792453,0.5106382978723404,True,53,41,0.3827541320920552,0.4594846315602263,0.32523110211654815,"[-1.4696037913907727, -3.177663226505363]",3.5010396862581556
501,3,1,0.42191503314412665,41,1,0.0,0.0,0.0,False,49,41,,,,,
501,3,1,0.42191503314412665,41,2,0.0,0.0,0.0,False,44,41,,,,,
501,3,1,0.42191503314412665,41,3,0.0,0.0,0.0,False,36,41,,,,,
501,3,1,0.42191503314412665,41,4,0.0,0.0,0.0,False,33,41,,,,,
501,3,1,0.42191503314412665,41,5,0.0,0.0,0.0,False,31,41,,,,,
501,3,1,0.42191503314412665,41,6,0.0,0.0,0.0,False,30,41,,,,,
501,3,1,0.42191503314412665,41,7,0.36585365853658536,0.5769230769230769,0.44776119402985076,True,26,41,0.3981201238132721,0.4279047659432193,0.3171346551698179,"[3.0844476470834543, -2.7191909243276626]",4.111911547023426
501,3,1,0.42191503314412665,41,8,0.0,0.0,0.0,False,23,41,,,,,
501,3,1,0.42191503314412665,41,9,0.0,0.0,0.0,False,22,41,,,,,
501,3,1,0.42191503314412665,41,10,0.0,0.0,0.0,False,17,41,,,,,
501,3,1,0.42191503314412665,41,11,0.04878048780487805,0.13333333333333333,0.07142857142857142,False,15,41,,,,,
501,3,1,0.42191503314412665,41,12,0.0,0.0,0.0,False,13,41,,,,,
501,4,2,0.5780849668558733,53,0,0.9245283018867925,0.9607843137254902,0.9423076923076923,True,51,53,0.6657324421961509,0.8316775922630757,0.17612788011821295,"[-0.12823454536203016, -0.18363521107977832]",0.22397765373474496
501,4,2,0.5780849668558733,53,1,0.0,0.0,0.0,False,38,53,,,,,
501,4,2,0.5780849668558733,53,2,0.0,0.0,0.0,False,35,53,,,,,
501,4,2,0.5780849668558733,53,3,0.0,0.0,0.0,False,35,53,,,,,
501,4,2,0.5780849668558733,53,4,0.0,0.0,0.0,False,30,53,,,,,
501,4,2,0.5780849668558733,53,5,0.0,0.0,0.0,False,28,53,,,,,
501,4,2,0.5780849668558733,53,6,0.05660377358490566,0.1111111111111111,0.075,False,27,53,,,,,
501,4,2,0.5780849668558733,53,7,0.0,0.0,0.0,False,26,53,,,,,
501,4,2,0.5780849668558733,53,8,0.0,0.0,0.0,False,23,53,,,,,
501,4,2,0.5780849668558733,53,9,0.0,0.0,0.0,False,22,53,,,,,
501,4,2,0.5780849668558733,53,10,0.0,0.0,0.0,False,19,53,,,,,
501,4,2,0.5780849668558733,53,11,0.0,0.0,0.0,False,18,53,,,,,
501,4,2,0.5780849668558733,53,12,0.018867924528301886,0.058823529411764705,0.02857142857142857,False,17,53,,,,,
501,4,2,0.5780849668558733,53,13,0.0,0.0,0.0,False,17,53,,,,,
501,4,2,0.5780849668558733,53,14,0.0,0.0,0.0,False,14,53,,,,,
501,4,3,0.22426384766672985,53,0,0.9245283018867925,0.9607843137254902,0.9423076923076923,True,51,53,0.6657324421961509,0.8316775922630757,0.17612788011821295,"[-0.12823454536203016, -0.18363521107977832]",0.22397765373474496
501,4,3,0.22426384766672985,53,1,0.0,0.0,0.0,False,38,53,,,,,
501,4,3,0.22426384766672985,53,2,0.0,0.0,0.0,False,35,53,,,,,
501,4,3,0.22426384766672985,53,3,0.0,0.0,0.0,False,35,53,,,,,
501,4,3,0.22426384766672985,53,4,0.0,0.0,0.0,False,30,53,,,,,
501,4,3,0.22426384766672985,53,5,0.0,0.0,0.0,False,28,53,,,,,
501,4,3,0.22426384766672985,53,6,0.05660377358490566,0.1111111111111111,0.075,False,27,53,,,,,
501,4,3,0.22426384766672985,53,7,0.0,0.0,0.0,False,26,53,,,,,
501,4,3,0.22426384766672985,53,8,0.0,0.0,0.0,False,23,53,,,,,
501,4,3,0.22426384766672985,53,9,0.0,0.0,0.0,False,22,53,,,,,
501,4,3,0.22426384766672985,53,10,0.0,0.0,0.0,False,19,53,,,,,
501,4,3,0.22426384766672985,53,11,0.0,0.0,0.0,False,18,53,,,,,
501,4,3,0.22426384766672985,53,12,0.018867924528301886,0.058823529411764705,0.02857142857142857,False,17,53,,,,,
501,4,3,0.22426384766672985,53,13,0.0,0.0,0.0,False,17,53,,,,,
501,4,3,0.22426384766672985,53,14,0.0,0.0,0.0,False,14,53,,,,,
501,4,4,0.19765118547739682,26,0,0.038461538461538464,0.0196078431372549,0.025974025974025976,False,51,26,,,,,
501,4,4,0.19765118547739682,26,1,0.0,0.0,0.0,False,38,26,,,,,
501,4,4,0.19765118547739682,26,2,0.0,0.0,0.0,False,35,26,,,,,
501,4,4,0.19765118547739682,26,3,0.0,0.0,0.0,False,35,26,,,,,
501,4,4,0.19765118547739682,26,4,0.0,0.0,0.0,False,30,26,,,,,
501,4,4,0.19765118547739682,26,5,0.0,0.0,0.0,False,28,26,,,,,
501,4,4,0.19765118547739682,26,6,0.0,0.0,0.0,False,27,26,,,,,
501,4,4,0.19765118547739682,26,7,0.9615384615384616,0.9615384615384616,0.9615384615384616,True,26,26,0.6122984070390396,0.8218424397386928,0.20428264153214193,"[0.204551682237593, -0.06266680772194988]",0.21393578358070223
501,4,4,0.19765118547739682,26,8,0.0,0.0,0.0,False,23,26,,,,,
501,4,4,0.19765118547739682,26,9,0.0,0.0,0.0,False,22,26,,,,,
501,4,4,0.19765118547739682,26,10,0.0,0.0,0.0,False,19,26,,,,,
501,4,4,0.19765118547739682,26,11,0.0,0.0,0.0,False,18,26,,,,,
501,4,4,0.19765118547739682,26,12,0.0,0.0,0.0,False,17,26,,,,,
501,4,4,0.19765118547739682,26,13,0.0,0.0,0.0,False,17,26,,,,,
501,4,4,0.19765118547739682,26,14,0.0,0.0,0.0,False,14,26,,,,,
501,5,2,0.5780849668558733,51,0,0.8627450980392157,0.8979591836734694,0.88,True,49,51,0.6039992259443738,0.7695996903777496,0.20865553725233732,"[0.03802887606226335, 0.6652769538801948]",0.6663629797480273
501,5,2,0.5780849668558733,51,1,0.0,0.0,0.0,False,46,51,,,,,
501,5,2,0.5780849668558733,51,2,0.0196078431372549,0.030303030303030304,0.023809523809523808,False,33,51,,,,,
501,5,2,0.5780849668558733,51,3,0.0,0.0,0.0,False,31,51,,,,,
501,5,2,0.5780849668558733,51,4,0.0,0.0,0.0,False,30,51,,,,,
501,5,2,0.5780849668558733,51,5,0.0,0.0,0.0,False,29,51,,,,,
501,5,2,0.5780849668558733,51,6,0.0,0.0,0.0,False,28,51,,,,,
501,5,2,0.5780849668558733,51,7,0.0,0.0,0.0,False,27,51,,,,,
501,5,2,0.5780849668558733,51,8,0.0,0.0,0.0,False,24,51,,,,,
501,5,2,0.5780849668558733,51,9,0.0,0.0,0.0,False,23,51,,,,,
501,5,2,0.5780849668558733,51,10,0.0,0.0,0.0,False,22,51,,,,,
501,5,2,0.5780849668558733,51,11,0.0,0.0,0.0,False,19,51,,,,,
501,5,2,0.5780849668558733,51,12,0.0,0.0,0.0,False,16,51,,,,,
501,5,2,0.5780849668558733,51,13,0.11764705882352941,0.4,0.18181818181818182,False,15,51,,,,,
501,5,3,0.22426384766672985,51,0,0.8627450980392157,0.8979591836734694,0.88,True,49,51,0.6039992259443738,0.7695996903777496,0.20865553725233732,"[0.03802887606226335, 0.6652769538801948]",0.6663629797480273
501,5,3,0.22426384766672985,51,1,0.0,0.0,0.0,False,46,51,,,,,
501,5,3,0.22426384766672985,51,2,0.0196078431372549,0.030303030303030304,0.023809523809523808,False,33,51,,,,,
501,5,3,0.22426384766672985,51,3,0.0,0.0,0.0,False,31,51,,,,,
501,5,3,0.22426384766672985,51,4,0.0,0.0,0.0,False,30,51,,,,,
501,5,3,0.22426384766672985,51,5,0.0,0.0,0.0,False,29,51,,,,,
501,5,3,0.22426384766672985,51,6,0.0,0.0,0.0,False,28,51,,,,,
501,5,3,0.22426384766672985,51,7,0.0,0.0,0.0,False,27,51,,,,,
501,5,3,0.22426384766672985,51,8,0.0,0.0,0.0,False,24,51,,,,,
501,5,3,0.22426384766672985,51,9,0.0,0.0,0.0,False,23,51,,,,,
501,5,3,0.22426384766672985,51,10,0.0,0.0,0.0,False,22,51,,,,,
501,5,3,0.22426384766672985,51,11,0.0,0.0,0.0,False,19,51,,,,,
501,5,3,0.22426384766672985,51,12,0.0,0.0,0.0,False,16,51,,,,,
501,5,3,0.22426384766672985,51,13,0.11764705882352941,0.4,0.18181818181818182,False,15,51,,,,,
501,5,4,0.19765118547739682,26,0,0.19230769230769232,0.10204081632653061,0.13333333333333333,False,49,26,,,,,
501,5,4,0.19765118547739682,26,1,0.0,0.0,0.0,False,46,26,,,,,
501,5,4,0.19765118547739682,26,2,0.0,0.0,0.0,False,33,26,,,,,
501,5,4,0.19765118547739682,26,3,0.0,0.0,0.0,False,31,26,,,,,
501,5,4,0.19765118547739682,26,4,0.0,0.0,0.0,False,30,26,,,,,
501,5,4,0.19765118547739682,26,5,0.0,0.0,0.0,False,29,26,,,,,
501,5,4,0.19765118547739682,26,6,0.0,0.0,0.0,False,28,26,,,,,
501,5,4,0.19765118547739682,26,7,0.19230769230769232,0.18518518518518517,0.18867924528301888,False,27,26,,,,,
501,5,4,0.19765118547739682,26,8,0.6153846153846154,0.6666666666666666,0.64,True,24,26,0.34640310568118027,0.5225612422724721,0.344384708478867,"[1.741924416786798, -4.10255451645579]",4.457045460200044
501,5,4,0.19765118547739682,26,9,0.0,0.0,0.0,False,23,26,,,,,
501,5,4,0.19765118547739682,26,10,0.0,0.0,0.0,False,22,26,,,,,
501,5,4,0.19765118547739682,26,11,0.0,0.0,0.0,False,19,26,,,,,
501,5,4,0.19765118547739682,26,12,0.0,0.0,0.0,False,16,26,,,,,
501,5,4,0.19765118547739682,26,13,0.0,0.0,0.0,False,15,26,,,,,
501,6,2,0.5780849668558733,49,0,0.5306122448979592,0.6190476190476191,0.5714285714285714,True,42,49,0.47748925904040074,0.5338528464733031,0.2753145107734748,"[-1.4610129006761454, -2.3923121382284265]",2.8031617974453757
501,6,2,0.5780849668558733,49,1,0.0,0.0,0.0,False,37,49,,,,,
501,6,2,0.5780849668558733,49,2,0.0,0.0,0.0,False,36,49,,,,,
501,6,2,0.5780849668558733,49,3,0.0,0.0,0.0,False,35,49,,,,,
501,6,2,0.5780849668558733,49,4,0.0,0.0,0.0,False,31,49,,,,,
501,6,2,0.5780849668558733,49,5,0.46938775510204084,0.8214285714285714,0.5974025974025974,True,28,49,0.3705939640558453,0.5066791440638965,0.33163837846777483,"[-0.2320152045777828, 1.4406700178223204]",1.459233070968252
501,6,2,0.5780849668558733,49,6,0.0,0.0,0.0,False,27,49,,,,,
501,6,2,0.5780849668558733,49,7,0.0,0.0,0.0,False,26,49,,,,,
501,6,2,0.5780849668558733,49,8,0.0,0.0,0.0,False,25,49,,,,,
501,6,2,0.5780849668558733,49,9,0.0,0.0,0.0,False,19,49,,,,,
501,6,2,0.5780849668558733,49,10,0.0,0.0,0.0,False,19,49,,,,,
501,6,2,0.5780849668558733,49,11,0.0,0.0,0.0,False,18,49,,,,,
501,6,2,0.5780849668558733,49,12,0.0,0.0,0.0,False,17,49,,,,,
501,6,2,0.5780849668558733,49,13,0.0,0.0,0.0,False,16,49,,,,,
501,6,2,0.5780849668558733,49,14,0.0,0.0,0.0,False,14,49,,,,,
501,6,3,0.22426384766672985,49,0,0.5306122448979592,0.6190476190476191,0.5714285714285714,True,42,49,0.47748925904040074,0.5338528464733031,0.2753145107734748,"[-1.4610129006761454, -2.3923121382284265]",2.8031617974453757
501,6,3,0.22426384766672985,49,1,0.0,0.0,0.0,False,37,49,,,,,
501,6,3,0.22426384766672985,49,2,0.0,0.0,0.0,False,36,49,,,,,
501,6,3,0.22426384766672985,49,3,0.0,0.0,0.0,False,35,49,,,,,
501,6,3,0.22426384766672985,49,4,0.0,0.0,0.0,False,31,49,,,,,
501,6,3,0.22426384766672985,49,5,0.46938775510204084,0.8214285714285714,0.5974025974025974,True,28,49,0.3705939640558453,0.5066791440638965,0.33163837846777483,"[-0.2320152045777828, 1.4406700178223204]",1.459233070968252
501,6,3,0.22426384766672985,49,6,0.0,0.0,0.0,False,27,49,,,,,
501,6,3,0.22426384766672985,49,7,0.0,0.0,0.0,False,26,49,,,,,
501,6,3,0.22426384766672985,49,8,0.0,0.0,0.0,False,25,49,,,,,
501,6,3,0.22426384766672985,49,9,0.0,0.0,0.0,False,19,49,,,,,
501,6,3,0.22426384766672985,49,10,0.0,0.0,0.0,False,19,49,,,,,
501,6,3,0.22426384766672985,49,11,0.0,0.0,0.0,False,18,49,,,,,
501,6,3,0.22426384766672985,49,12,0.0,0.0,0.0,False,17,49,,,,,
501,6,3,0.22426384766672985,49,13,0.0,0.0,0.0,False,16,49,,,,,
501,6,3,0.22426384766672985,49,14,0.0,0.0,0.0,False,14,49,,,,,
501,6,4,0.19765118547739682,24,0,0.0,0.0,0.0,False,42,24,,,,,
501,6,4,0.19765118547739682,24,1,0.0,0.0,0.0,False,37,24,,,,,
501,6,4,0.19765118547739682,24,2,0.08333333333333333,0.05555555555555555,0.06666666666666667,False,36,24,,,,,
501,6,4,0.19765118547739682,24,3,0.0,0.0,0.0,False,35,24,,,,,
501,6,4,0.19765118547739682,24,4,0.0,0.0,0.0,False,31,24,,,,,
501,6,4,0.19765118547739682,24,5,0.20833333333333334,0.17857142857142858,0.19230769230769232,False,28,24,,,,,
501,6,4,0.19765118547739682,24,6,0.0,0.0,0.0,False,27,24,,,,,
501,6,4,0.19765118547739682,24,7,0.0,0.0,0.0,False,26,24,,,,,
501,6,4,0.19765118547739682,24,8,0.0,0.0,0.0,False,25,24,,,,,
501,6,4,0.19765118547739682,24,9,0.0,0.0,0.0,False,19,24,,,,,
501,6,4,0.19765118547739682,24,10,0.0,0.0,0.0,False,19,24,,,,,
501,6,4,0.19765118547739682,24,11,0.7083333333333334,0.9444444444444444,0.8095238095238095,True,18,24,0.4782300093644615,0.6770062894600704,0.27492420432216713,"[-0.05934941222966117, -0.2560219501867973]",0.2628109429027969
501,6,4,0.19765118547739682,24,12,0.0,0.0,0.0,False,17,24,,,,,
501,6,4,0.19765118547739682,24,13,0.0,0.0,0.0,False,16,24,,,,,
501,6,4,0.19765118547739682,24,14,0.0,0.0,0.0,False,14,24,,,,,
501,7,5,0.3047357445760715,42,0,1.0,0.9767441860465116,0.9882352941176471,True,43,42,0.7335761233789673,0.8863716258221751,0.1403805768960522,"[-0.07420597818704167, 0.08717984349777907]",0.11448516196867153
501,7,5,0.3047357445760715,42,1,0.0,0.0,0.0,False,41,42,,,,,
501,7,5,0.3047357445760715,42,2,0.0,0.0,0.0,False,39,42,,,,,
501,7,5,0.3047357445760715,42,3,0.0,0.0,0.0,False,36,42,,,,,
501,7,5,0.3047357445760715,42,4,0.0,0.0,0.0,False,33,42,,,,,
501,7,5,0.3047357445760715,42,5,0.0,0.0,0.0,False,32,42,,,,,
501,7,5,0.3047357445760715,42,6,0.0,0.0,0.0,False,28,42,,,,,
501,7,5,0.3047357445760715,42,7,0.0,0.0,0.0,False,25,42,,,,,
501,7,5,0.3047357445760715,42,8,0.0,0.0,0.0,False,24,42,,,,,
501,7,5,0.3047357445760715,42,9,0.0,0.0,0.0,False,22,42,,,,,
501,7,5,0.3047357445760715,42,10,0.0,0.0,0.0,False,21,42,,,,,
501,7,5,0.3047357445760715,42,11,0.0,0.0,0.0,False,20,42,,,,,
501,7,5,0.3047357445760715,42,12,0.0,0.0,0.0,False,18,42,,,,,
501,7,6,0.2733492222798018,28,0,0.0,0.0,0.0,False,43,28,,,,,
501,7,6,0.2733492222798018,28,1,0.0,0.0,0.0,False,41,28,,,,,
501,7,6,0.2733492222798018,28,2,0.0,0.0,0.0,False,39,28,,,,,
501,7,6,0.2733492222798018,28,3,0.0,0.0,0.0,False,36,28,,,,,
501,7,6,0.2733492222798018,28,4,0.0,0.0,0.0,False,33,28,,,,,
501,7,6,0.2733492222798018,28,5,0.0,0.0,0.0,False,32,28,,,,,
501,7,6,0.2733492222798018,28,6,1.0,1.0,1.0,True,28,28,0.6952489700992251,0.87809958803969,0.16057541812586737,"[0.030000000000001137, 0.00999999999999801]",0.03162277660168424
501,7,6,0.2733492222798018,28,7,0.0,0.0,0.0,False,25,28,,,,,
501,7,6,0.2733492222798018,28,8,0.0,0.0,0.0,False,24,28,,,,,
501,7,6,0.2733492222798018,28,9,0.0,0.0,0.0,False,22,28,,,,,
501,7,6,0.2733492222798018,28,10,0.0,0.0,0.0,False,21,28,,,,,
501,7,6,0.2733492222798018,28,11,0.0,0.0,0.0,False,20,28,,,,,
501,7,6,0.2733492222798018,28,12,0.0,0.0,0.0,False,18,28,,,,,
501,7,4,0.19765118547739682,18,0,0.0,0.0,0.0,False,43,18,,,,,
501,7,4,0.19765118547739682,18,1,0.0,0.0,0.0,False,41,18,,,,,
501,7,4,0.19765118547739682,18,2,0.2777777777777778,0.1282051282051282,0.17543859649122806,False,39,18,,,,,
501,7,4,0.19765118547739682,18,3,0.0,0.0,0.0,False,36,18,,,,,
501,7,4,0.19765118547739682,18,4,0.16666666666666666,0.09090909090909091,0.11764705882352941,False,33,18,,,,,
501,7,4,0.19765118547739682,18,5,0.0,0.0,0.0,False,32,18,,,,,
501,7,4,0.19765118547739682,18,6,0.0,0.0,0.0,False,28,18,,,,,
501,7,4,0.19765118547739682,18,7,0.0,0.0,0.0,False,25,18,,,,,
501,7,4,0.19765118547739682,18,8,0.0,0.0,0.0,False,24,18,,,,,
501,7,4,0.19765118547739682,18,9,0.0,0.0,0.0,False,22,18,,,,,
501,7,4,0.19765118547739682,18,10,0.0,0.0,0.0,False,21,18,,,,,
501,7,4,0.19765118547739682,18,11,0.0,0.0,0.0,False,20,18,,,,,
501,7,4,0.19765118547739682,18,12,0.0,0.0,0.0,False,18,18,,,,,
501,7,7,0.11822001006515406,42,0,1.0,0.9767441860465116,0.9882352941176471,True,43,42,0.7335761233789673,0.8863716258221751,0.1403805768960522,"[-0.07420597818704167, 0.08717984349777907]",0.11448516196867153
501,7,7,0.11822001006515406,42,1,0.0,0.0,0.0,False,41,42,,,,,
501,7,7,0.11822001006515406,42,2,0.0,0.0,0.0,False,39,42,,,,,
501,7,7,0.11822001006515406,42,3,0.0,0.0,0.0,False,36,42,,,,,
501,7,7,0.11822001006515406,42,4,0.0,0.0,0.0,False,33,42,,,,,
501,7,7,0.11822001006515406,42,5,0.0,0.0,0.0,False,32,42,,,,,
501,7,7,0.11822001006515406,42,6,0.0,0.0,0.0,False,28,42,,,,,
501,7,7,0.11822001006515406,42,7,0.0,0.0,0.0,False,25,42,,,,,
501,7,7,0.11822001006515406,42,8,0.0,0.0,0.0,False,24,42,,,,,
501,7,7,0.11822001006515406,42,9,0.0,0.0,0.0,False,22,42,,,,,
501,7,7,0.11822001006515406,42,10,0.0,0.0,0.0,False,21,42,,,,,
501,7,7,0.11822001006515406,42,11,0.0,0.0,0.0,False,20,42,,,,,
501,7,7,0.11822001006515406,42,12,0.0,0.0,0.0,False,18,42,,,,,
501,7,8,0.10604383760157578,28,0,0.0,0.0,0.0,False,43,28,,,,,
501,7,8,0.10604383760157578,28,1,0.0,0.0,0.0,False,41,28,,,,,
501,7,8,0.10604383760157578,28,2,0.0,0.0,0.0,False,39,28,,,,,
501,7,8,0.10604383760157578,28,3,0.0,0.0,0.0,False,36,28,,,,,
501,7,8,0.10604383760157578,28,4,0.0,0.0,0.0,False,33,28,,,,,
501,7,8,0.10604383760157578,28,5,0.0,0.0,0.0,False,32,28,,,,,
501,7,8,0.10604383760157578,28,6,1.0,1.0,1.0,True,28,28,0.6952489700992251,0.87809958803969,0.16057541812586737,"[0.030000000000001137, 0.00999999999999801]",0.03162277660168424
501,7,8,0.10604383760157578,28,7,0.0,0.0,0.0,False,25,28,,,,,
501,7,8,0.10604383760157578,28,8,0.0,0.0,0.0,False,24,28,,,,,
501,7,8,0.10604383760157578,28,9,0.0,0.0,0.0,False,22,28,,,,,
501,7,8,0.10604383760157578,28,10,0.0,0.0,0.0,False,21,28,,,,,
501,7,8,0.10604383760157578,28,11,0.0,0.0,0.0,False,20,28,,,,,
501,7,8,0.10604383760157578,28,12,0.0,0.0,0.0,False,18,28,,,,,
501,8,5,0.37980456761488335,43,0,0.9767441860465116,1.0,0.9882352941176471,True,42,43,0.7693957422019235,0.9006994733513576,0.12150697285449039,"[-0.10055842852612784, 0.07648825845252105]",0.1263425946731506
501,8,5,0.37980456761488335,43,1,0.0,0.0,0.0,False,41,43,,,,,
501,8,5,0.37980456761488335,43,2,0.0,0.0,0.0,False,39,43,,,,,
501,8,5,0.37980456761488335,43,3,0.023255813953488372,0.02631578947368421,0.024691358024691357,False,38,43,,,,,
501,8,5,0.37980456761488335,43,4,0.0,0.0,0.0,False,34,43,,,,,
501,8,5,0.37980456761488335,43,5,0.0,0.0,0.0,False,31,43,,,,,
501,8,5,0.37980456761488335,43,6,0.0,0.0,0.0,False,29,43,,,,,
501,8,5,0.37980456761488335,43,7,0.0,0.0,0.0,False,28,43,,,,,
501,8,5,0.37980456761488335,43,8,0.0,0.0,0.0,False,26,43,,,,,
501,8,5,0.37980456761488335,43,9,0.0,0.0,0.0,False,22,43,,,,,
501,8,5,0.37980456761488335,43,10,0.0,0.0,0.0,False,21,43,,,,,
501,8,5,0.37980456761488335,43,11,0.0,0.0,0.0,False,20,43,,,,,
501,8,5,0.37980456761488335,43,12,0.0,0.0,0.0,False,16,43,,,,,
501,8,6,0.3406862667859045,28,0,0.0,0.0,0.0,False,42,28,,,,,
501,8,6,0.3406862667859045,28,1,0.0,0.0,0.0,False,41,28,,,,,
501,8,6,0.3406862667859045,28,2,0.0,0.0,0.0,False,39,28,,,,,
501,8,6,0.3406862667859045,28,3,0.0,0.0,0.0,False,38,28,,,,,
501,8,6,0.3406862667859045,28,4,0.0,0.0,0.0,False,34,28,,,,,
501,8,6,0.3406862667859045,28,5,0.0,0.0,0.0,False,31,28,,,,,
501,8,6,0.3406862667859045,28,6,0.7857142857142857,0.7586206896551724,0.7719298245614035,True,29,28,0.5145425930307801,0.668974931949154,0.25579085370691845,"[0.0069662693593492975, -0.04127464119318347]",0.04185839120669889
501,8,6,0.3406862667859045,28,7,0.0,0.0,0.0,False,28,28,,,,,
501,8,6,0.3406862667859045,28,8,0.0,0.0,0.0,False,26,28,,,,,
501,8,6,0.3406862667859045,28,9,0.21428571428571427,0.2727272727272727,0.24,False,22,28,,,,,
501,8,6,0.3406862667859045,28,10,0.0,0.0,0.0,False,21,28,,,,,
501,8,6,0.3406862667859045,28,11,0.0,0.0,0.0,False,20,28,,,,,
501,8,6,0.3406862667859045,28,12,0.0,0.0,0.0,False,16,28,,,,,
501,8,7,0.14734241258335362,43,0,0.9767441860465116,1.0,0.9882352941176471,True,42,43,0.7693957422019235,0.9006994733513576,0.12150697285449039,"[-0.10055842852612784, 0.07648825845252105]",0.1263425946731506
501,8,7,0.14734241258335362,43,1,0.0,0.0,0.0,False,41,43,,,,,
501,8,7,0.14734241258335362,43,2,0.0,0.0,0.0,False,39,43,,,,,
501,8,7,0.14734241258335362,43,3,0.023255813953488372,0.02631578947368421,0.024691358024691357,False,38,43,,,,,
501,8,7,0.14734241258335362,43,4,0.0,0.0,0.0,False,34,43,,,,,
501,8,7,0.14734241258335362,43,5,0.0,0.0,0.0,False,31,43,,,,,
501,8,7,0.14734241258335362,43,6,0.0,0.0,0.0,False,29,43,,,,,
501,8,7,0.14734241258335362,43,7,0.0,0.0,0.0,False,28,43,,,,,
501,8,7,0.14734241258335362,43,8,0.0,0.0,0.0,False,26,43,,,,,
501,8,7,0.14734241258335362,43,9,0.0,0.0,0.0,False,22,43,,,,,
501,8,7,0.14734241258335362,43,10,0.0,0.0,0.0,False,21,43,,,,,
501,8,7,0.14734241258335362,43,11,0.0,0.0,0.0,False,20,43,,,,,
501,8,7,0.14734241258335362,43,12,0.0,0.0,0.0,False,16,43,,,,,
501,8,8,0.13216675301585853,28,0,0.0,0.0,0.0,False,42,28,,,,,
501,8,8,0.13216675301585853,28,1,0.0,0.0,0.0,False,41,28,,,,,
501,8,8,0.13216675301585853,28,2,0.0,0.0,0.0,False,39,28,,,,,
501,8,8,0.13216675301585853,28,3,0.0,0.0,0.0,False,38,28,,,,,
501,8,8,0.13216675301585853,28,4,0.0,0.0,0.0,False,34,28,,,,,
501,8,8,0.13216675301585853,28,5,0.0,0.0,0.0,False,31,28,,,,,
501,8,8,0.13216675301585853,28,6,0.7857142857142857,0.7586206896551724,0.7719298245614035,True,29,28,0.5145425930307801,0.668974931949154,0.25579085370691845,"[0.0069662693593492975, -0.04127464119318347]",0.04185839120669889
501,8,8,0.13216675301585853,28,7,0.0,0.0,0.0,False,28,28,,,,,
501,8,8,0.13216675301585853,28,8,0.0,0.0,0.0,False,26,28,,,,,
501,8,8,0.13216675301585853,28,9,0.21428571428571427,0.2727272727272727,0.24,False,22,28,,,,,
501,8,8,0.13216675301585853,28,10,0.0,0.0,0.0,False,21,28,,,,,
501,8,8,0.13216675301585853,28,11,0.0,0.0,0.0,False,20,28,,,,,
501,8,8,0.13216675301585853,28,12,0.0,0.0,0.0,False,16,28,,,,,
501,9,5,0.37980456761488335,42,0,1.0,0.9545454545454546,0.9767441860465116,True,44,42,0.7170966031407517,0.8728851528842076,0.14906374969329178,"[-0.19729425045909466, -0.07125518430789413]",0.20976730573415853
501,9,5,0.37980456761488335,42,1,0.0,0.0,0.0,False,35,42,,,,,
501,9,5,0.37980456761488335,42,2,0.0,0.0,0.0,False,34,42,,,,,
501,9,5,0.37980456761488335,42,3,0.0,0.0,0.0,False,34,42,,,,,
501,9,5,0.37980456761488335,42,4,0.0,0.0,0.0,False,32,42,,,,,
501,9,5,0.37980456761488335,42,5,0.0,0.0,0.0,False,32,42,,,,,
501,9,5,0.37980456761488335,42,6,0.0,0.0,0.0,False,30,42,,,,,
501,9,5,0.37980456761488335,42,7,0.0,0.0,0.0,False,30,42,,,,,
501,9,5,0.37980456761488335,42,8,0.0,0.0,0.0,False,21,42,,,,,
501,9,5,0.37980456761488335,42,9,0.0,0.0,0.0,False,20,42,,,,,
501,9,5,0.37980456761488335,42,10,0.0,0.0,0.0,False,20,42,,,,,
501,9,5,0.37980456761488335,42,11,0.0,0.0,0.0,False,16,42,,,,,
501,9,5,0.37980456761488335,42,12,0.0,0.0,0.0,False,15,42,,,,,
501,9,5,0.37980456761488335,42,13,0.0,0.0,0.0,False,15,42,,,,,
501,9,6,0.3406862667859045,29,0,0.0,0.0,0.0,False,44,29,,,,,
501,9,6,0.3406862667859045,29,1,0.0,0.0,0.0,False,35,29,,,,,
501,9,6,0.3406862667859045,29,2,0.06896551724137931,0.058823529411764705,0.06349206349206349,False,34,29,,,,,
501,9,6,0.3406862667859045,29,3,0.0,0.0,0.0,False,34,29,,,,,
501,9,6,0.3406862667859045,29,4,0.034482758620689655,0.03125,0.03278688524590164,False,32,29,,,,,
501,9,6,0.3406862667859045,29,5,0.0,0.0,0.0,False,32,29,,,,,
501,9,6,0.3406862667859045,29,6,0.0,0.0,0.0,False,30,29,,,,,
501,9,6,0.3406862667859045,29,7,0.0,0.0,0.0,False,30,29,,,,,
501,9,6,0.3406862667859045,29,8,0.6896551724137931,0.9523809523809523,0.8,True,21,29,0.5744599788708626,0.709783991548345,0.22421997013217615,"[0.24609948549329452, 0.11526427362679215]",0.2717550542948121
501,9,6,0.3406862667859045,29,9,0.0,0.0,0.0,False,20,29,,,,,
501,9,6,0.3406862667859045,29,10,0.0,0.0,0.0,False,20,29,,,,,
501,9,6,0.3406862667859045,29,11,0.20689655172413793,0.375,0.26666666666666666,False,16,29,,,,,
501,9,6,0.3406862667859045,29,12,0.0,0.0,0.0,False,15,29,,,,,
501,9,6,0.3406862667859045,29,13,0.0,0.0,0.0,False,15,29,,,,,
501,9,7,0.14734241258335362,42,0,1.0,0.9545454545454546,0.9767441860465116,True,44,42,0.7170966031407517,0.8728851528842076,0.14906374969329178,"[-0.19729425045909466, -0.07125518430789413]",0.20976730573415853
501,9,7,0.14734241258335362,42,1,0.0,0.0,0.0,False,35,42,,,,,
501,9,7,0.14734241258335362,42,2,0.0,0.0,0.0,False,34,42,,,,,
501,9,7,0.14734241258335362,42,3,0.0,0.0,0.0,False,34,42,,,,,
501,9,7,0.14734241258335362,42,4,0.0,0.0,0.0,False,32,42,,,,,
501,9,7,0.14734241258335362,42,5,0.0,0.0,0.0,False,32,42,,,,,
501,9,7,0.14734241258335362,42,6,0.0,0.0,0.0,False,30,42,,,,,
501,9,7,0.14734241258335362,42,7,0.0,0.0,0.0,False,30,42,,,,,
501,9,7,0.14734241258335362,42,8,0.0,0.0,0.0,False,21,42,,,,,
501,9,7,0.14734241258335362,42,9,0.0,0.0,0.0,False,20,42,,,,,
501,9,7,0.14734241258335362,42,10,0.0,0.0,0.0,False,20,42,,,,,
501,9,7,0.14734241258335362,42,11,0.0,0.0,0.0,False,16,42,,,,,
501,9,7,0.14734241258335362,42,12,0.0,0.0,0.0,False,15,42,,,,,
501,9,7,0.14734241258335362,42,13,0.0,0.0,0.0,False,15,42,,,,,
501,9,8,0.13216675301585853,29,0,0.0,0.0,0.0,False,44,29,,,,,
501,9,8,0.13216675301585853,29,1,0.0,0.0,0.0,False,35,29,,,,,
501,9,8,0.13216675301585853,29,2,0.06896551724137931,0.058823529411764705,0.06349206349206349,False,34,29,,,,,
501,9,8,0.13216675301585853,29,3,0.0,0.0,0.0,False,34,29,,,,,
501,9,8,0.13216675301585853,29,4,0.034482758620689655,0.03125,0.03278688524590164,False,32,29,,,,,
501,9,8,0.13216675301585853,29,5,0.0,0.0,0.0,False,32,29,,,,,
501,9,8,0.13216675301585853,29,6,0.0,0.0,0.0,False,30,29,,,,,
501,9,8,0.13216675301585853,29,7,0.0,0.0,0.0,False,30,29,,,,,
501,9,8,0.13216675301585853,29,8,0.6896551724137931,0.9523809523809523,0.8,True,21,29,0.5744599788708626,0.709783991548345,0.22421997013217615,"[0.24609948549329452, 0.11526427362679215]",0.2717550542948121
501,9,8,0.13216675301585853,29,9,0.0,0.0,0.0,False,20,29,,,,,
501,9,8,0.13216675301585853,29,10,0.0,0.0,0.0,False,20,29,,,,,
501,9,8,0.13216675301585853,29,11,0.20689655172413793,0.375,0.26666666666666666,False,16,29,,,,,
501,9,8,0.13216675301585853,29,12,0.0,0.0,0.0,False,15,29,,,,,
501,9,8,0.13216675301585853,29,13,0.0,0.0,0.0,False,15,29,,,,,
501,10,5,0.37980456761488335,44,0,0.9545454545454546,1.0,0.9767441860465116,True,42,44,0.7180801892779081,0.87327858733907,0.1485454913783384,"[0.23062758379242965, 0.13125518430789285]",0.26536202782921503
501,10,5,0.37980456761488335,44,1,0.0,0.0,0.0,False,41,44,,,,,
501,10,5,0.37980456761488335,44,2,0.0,0.0,0.0,False,39,44,,,,,
501,10,5,0.37980456761488335,44,3,0.0,0.0,0.0,False,35,44,,,,,
501,10,5,0.37980456761488335,44,4,0.0,0.0,0.0,False,31,44,,,,,
501,10,5,0.37980456761488335,44,5,0.0,0.0,0.0,False,30,44,,,,,
501,10,5,0.37980456761488335,44,6,0.0,0.0,0.0,False,30,44,,,,,
501,10,5,0.37980456761488335,44,7,0.0,0.0,0.0,False,28,44,,,,,
501,10,5,0.37980456761488335,44,8,0.0,0.0,0.0,False,25,44,,,,,
501,10,5,0.37980456761488335,44,9,0.0,0.0,0.0,False,24,44,,,,,
501,10,5,0.37980456761488335,44,10,0.045454545454545456,0.09523809523809523,0.06153846153846154,False,21,44,,,,,
501,10,5,0.37980456761488335,44,11,0.0,0.0,0.0,False,19,44,,,,,
501,10,5,0.37980456761488335,44,12,0.0,0.0,0.0,False,16,44,,,,,
501,10,6,0.3406862667859045,21,0,0.0,0.0,0.0,False,42,21,,,,,
501,10,6,0.3406862667859045,21,1,0.0,0.0,0.0,False,41,21,,,,,
501,10,6,0.3406862667859045,21,2,0.9047619047619048,0.48717948717948717,0.6333333333333333,True,39,21,0.4694840317573834,0.5677936127029533,0.27953252020426045,"[0.21559969813072932, 0.015778609257175447]",0.21617630384515374
501,10,6,0.3406862667859045,21,3,0.0,0.0,0.0,False,35,21,,,,,
501,10,6,0.3406862667859045,21,4,0.0,0.0,0.0,False,31,21,,,,,
501,10,6,0.3406862667859045,21,5,0.0,0.0,0.0,False,30,21,,,,,
501,10,6,0.3406862667859045,21,6,0.0,0.0,0.0,False,30,21,,,,,
501,10,6,0.3406862667859045,21,7,0.0,0.0,0.0,False,28,21,,,,,
501,10,6,0.3406862667859045,21,8,0.0,0.0,0.0,False,25,21,,,,,
501,10,6,0.3406862667859045,21,9,0.0,0.0,0.0,False,24,21,,,,,
501,10,6,0.3406862667859045,21,10,0.0,0.0,0.0,False,21,21,,,,,
501,10,6,0.3406862667859045,21,11,0.0,0.0,0.0,False,19,21,,,,,
501,10,6,0.3406862667859045,21,12,0.0,0.0,0.0,False,16,21,,,,,
501,10,7,0.14734241258335362,44,0,0.9545454545454546,1.0,0.9767441860465116,True,42,44,0.7180801892779081,0.87327858733907,0.1485454913783384,"[0.23062758379242965, 0.13125518430789285]",0.26536202782921503
501,10,7,0.14734241258335362,44,1,0.0,0.0,0.0,False,41,44,,,,,
501,10,7,0.14734241258335362,44,2,0.0,0.0,0.0,False,39,44,,,,,
501,10,7,0.14734241258335362,44,3,0.0,0.0,0.0,False,35,44,,,,,
501,10,7,0.14734241258335362,44,4,0.0,0.0,0.0,False,31,44,,,,,
501,10,7,0.14734241258335362,44,5,0.0,0.0,0.0,False,30,44,,,,,
501,10,7,0.14734241258335362,44,6,0.0,0.0,0.0,False,30,44,,,,,
501,10,7,0.14734241258335362,44,7,0.0,0.0,0.0,False,28,44,,,,,
501,10,7,0.14734241258335362,44,8,0.0,0.0,0.0,False,25,44,,,,,
501,10,7,0.14734241258335362,44,9,0.0,0.0,0.0,False,24,44,,,,,
501,10,7,0.14734241258335362,44,10,0.045454545454545456,0.09523809523809523,0.06153846153846154,False,21,44,,,,,
501,10,7,0.14734241258335362,44,11,0.0,0.0,0.0,False,19,44,,,,,
501,10,7,0.14734241258335362,44,12,0.0,0.0,0.0,False,16,44,,,,,
501,10,8,0.13216675301585853,21,0,0.0,0.0,0.0,False,42,21,,,,,
501,10,8,0.13216675301585853,21,1,0.0,0.0,0.0,False,41,21,,,,,
501,10,8,0.13216675301585853,21,2,0.9047619047619048,0.48717948717948717,0.6333333333333333,True,39,21,0.4694840317573834,0.5677936127029533,0.27953252020426045,"[0.21559969813072932, 0.015778609257175447]",0.21617630384515374
501,10,8,0.13216675301585853,21,3,0.0,0.0,0.0,False,35,21,,,,,
501,10,8,0.13216675301585853,21,4,0.0,0.0,0.0,False,31,21,,,,,
501,10,8,0.13216675301585853,21,5,0.0,0.0,0.0,False,30,21,,,,,
501,10,8,0.13216675301585853,21,6,0.0,0.0,0.0,False,30,21,,,,,
501,10,8,0.13216675301585853,21,7,0.0,0.0,0.0,False,28,21,,,,,
501,10,8,0.13216675301585853,21,8,0.0,0.0,0.0,False,25,21,,,,,
501,10,8,0.13216675301585853,21,9,0.0,0.0,0.0,False,24,21,,,,,
501,10,8,0.13216675301585853,21,10,0.0,0.0,0.0,False,21,21,,,,,
501,10,8,0.13216675301585853,21,11,0.0,0.0,0.0,False,19,21,,,,,
501,10,8,0.13216675301585853,21,12,0.0,0.0,0.0,False,16,21,,,,,
501,11,5,0.37980456761488335,42,0,0.0,0.0,0.0,False,43,42,,,,,
501,11,5,0.37980456761488335,42,1,0.0,0.0,0.0,False,36,42,,,,,
501,11,5,0.37980456761488335,42,2,0.0,0.0,0.0,False,29,42,,,,,
501,11,5,0.37980456761488335,42,3,0.0,0.0,0.0,False,29,42,,,,,
501,11,5,0.37980456761488335,42,4,0.0,0.0,0.0,False,28,42,,,,,
501,11,5,0.37980456761488335,42,5,0.0,0.0,0.0,False,27,42,,,,,
501,11,5,0.37980456761488335,42,6,0.0,0.0,0.0,False,25,42,,,,,
501,11,5,0.37980456761488335,42,7,0.5714285714285714,0.96,0.7164179104477612,True,25,42,0.4120839145696563,0.5946843120965192,0.3097770375760117,"[-0.20318823559454913, -0.519296860065575]",0.5576331123220637
501,11,5,0.37980456761488335,42,8,0.0,0.0,0.0,False,22,42,,,,,
501,11,5,0.37980456761488335,42,9,0.0,0.0,0.0,False,22,42,,,,,
501,11,5,0.37980456761488335,42,10,0.0,0.0,0.0,False,21,42,,,,,
501,11,5,0.37980456761488335,42,11,0.0,0.0,0.0,False,19,42,,,,,
501,11,5,0.37980456761488335,42,12,0.42857142857142855,1.0,0.6,True,18,42,0.514907378762517,0.5659629515050069,0.25559864559061096,"[0.21288172766027103, 0.06857184544405115]",0.2236531420732216
501,11,5,0.37980456761488335,42,13,0.0,0.0,0.0,False,17,42,,,,,
501,11,5,0.37980456761488335,42,14,0.0,0.0,0.0,False,15,42,,,,,
501,11,6,0.3406862667859045,39,0,0.9743589743589743,0.8837209302325582,0.926829268292683,True,43,39,0.6025508629751946,0.7971179061656877,0.20941868968351934,"[-0.07916757702598787, 0.16739610937138494]",0.18517279142693288
501,11,6,0.3406862667859045,39,1,0.0,0.0,0.0,False,36,39,,,,,
501,11,6,0.3406862667859045,39,2,0.0,0.0,0.0,False,29,39,,,,,
501,11,6,0.3406862667859045,39,3,0.0,0.0,0.0,False,29,39,,,,,
501,11,6,0.3406862667859045,39,4,0.0,0.0,0.0,False,28,39,,,,,
501,11,6,0.3406862667859045,39,5,0.02564102564102564,0.037037037037037035,0.030303030303030304,False,27,39,,,,,
501,11,6,0.3406862667859045,39,6,0.0,0.0,0.0,False,25,39,,,,,
501,11,6,0.3406862667859045,39,7,0.0,0.0,0.0,False,25,39,,,,,
501,11,6,0.3406862667859045,39,8,0.0,0.0,0.0,False,22,39,,,,,
501,11,6,0.3406862667859045,39,9,0.0,0.0,0.0,False,22,39,,,,,
501,11,6,0.3406862667859045,39,10,0.0,0.0,0.0,False,21,39,,,,,
501,11,6,0.3406862667859045,39,11,0.0,0.0,0.0,False,19,39,,,,,
501,11,6,0.3406862667859045,39,12,0.0,0.0,0.0,False,18,39,,,,,
501,11,6,0.3406862667859045,39,13,0.0,0.0,0.0,False,17,39,,,,,
501,11,6,0.3406862667859045,39,14,0.0,0.0,0.0,False,15,39,,,,,
501,11,7,0.14734241258335362,42,0,0.0,0.0,0.0,False,43,42,,,,,
501,11,7,0.14734241258335362,42,1,0.0,0.0,0.0,False,36,42,,,,,
501,11,7,0.14734241258335362,42,2,0.0,0.0,0.0,False,29,42,,,,,
501,11,7,0.14734241258335362,42,3,0.0,0.0,0.0,False,29,42,,,,,
501,11,7,0.14734241258335362,42,4,0.0,0.0,0.0,False,28,42,,,,,
501,11,7,0.14734241258335362,42,5,0.0,0.0,0.0,False,27,42,,,,,
501,11,7,0.14734241258335362,42,6,0.0,0.0,0.0,False,25,42,,,,,
501,11,7,0.14734241258335362,42,7,0.5714285714285714,0.96,0.7164179104477612,True,25,42,0.4120839145696563,0.5946843120965192,0.3097770375760117,"[-0.20318823559454913, -0.519296860065575]",0.5576331123220637
501,11,7,0.14734241258335362,42,8,0.0,0.0,0.0,False,22,42,,,,,
501,11,7,0.14734241258335362,42,9,0.0,0.0,0.0,False,22,42,,,,,
501,11,7,0.14734241258335362,42,10,0.0,0.0,0.0,False,21,42,,,,,
501,11,7,0.14734241258335362,42,11,0.0,0.0,0.0,False,19,42,,,,,
501,11,7,0.14734241258335362,42,12,0.42857142857142855,1.0,0.6,True,18,42,0.514907378762517,0.5659629515050069,0.25559864559061096,"[0.21288172766027103, 0.06857184544405115]",0.2236531420732216
501,11,7,0.14734241258335362,42,13,0.0,0.0,0.0,False,17,42,,,,,
501,11,7,0.14734241258335362,42,14,0.0,0.0,0.0,False,15,42,,,,,
501,11,8,0.13216675301585853,39,0,0.9743589743589743,0.8837209302325582,0.926829268292683,True,43,39,0.6025508629751946,0.7971179061656877,0.20941868968351934,"[-0.07916757702598787, 0.16739610937138494]",0.18517279142693288
501,11,8,0.13216675301585853,39,1,0.0,0.0,0.0,False,36,39,,,,,
501,11,8,0.13216675301585853,39,2,0.0,0.0,0.0,False,29,39,,,,,
501,11,8,0.13216675301585853,39,3,0.0,0.0,0.0,False,29,39,,,,,
501,11,8,0.13216675301585853,39,4,0.0,0.0,0.0,False,28,39,,,,,
501,11,8,0.13216675301585853,39,5,0.02564102564102564,0.037037037037037035,0.030303030303030304,False,27,39,,,,,
501,11,8,0.13216675301585853,39,6,0.0,0.0,0.0,False,25,39,,,,,
501,11,8,0.13216675301585853,39,7,0.0,0.0,0.0,False,25,39,,,,,
501,11,8,0.13216675301585853,39,8,0.0,0.0,0.0,False,22,39,,,,,
501,11,8,0.13216675301585853,39,9,0.0,0.0,0.0,False,22,39,,,,,
501,11,8,0.13216675301585853,39,10,0.0,0.0,0.0,False,21,39,,,,,
501,11,8,0.13216675301585853,39,11,0.0,0.0,0.0,False,19,39,,,,,
501,11,8,0.13216675301585853,39,12,0.0,0.0,0.0,False,18,39,,,,,
501,11,8,0.13216675301585853,39,13,0.0,0.0,0.0,False,17,39,,,,,
501,11,8,0.13216675301585853,39,14,0.0,0.0,0.0,False,15,39,,,,,
501,12,6,0.3406862667859045,43,0,0.0,0.0,0.0,False,43,43,,,,,
501,12,6,0.3406862667859045,43,1,0.0,0.0,0.0,False,35,43,,,,,
501,12,6,0.3406862667859045,43,2,0.0,0.0,0.0,False,32,43,,,,,
501,12,6,0.3406862667859045,43,3,0.0,0.0,0.0,False,28,43,,,,,
501,12,6,0.3406862667859045,43,4,0.5581395348837209,0.8571428571428571,0.676056338028169,True,28,43,0.3791779419556779,0.5573049795991725,0.3271154213479987,"[-0.048907333362855354, -0.0019261585009999749]",0.04894524842348273
501,12,6,0.3406862667859045,43,5,0.0,0.0,0.0,False,25,43,,,,,
501,12,6,0.3406862667859045,43,6,0.0,0.0,0.0,False,25,43,,,,,
501,12,6,0.3406862667859045,43,7,0.0,0.0,0.0,False,25,43,,,,,
501,12,6,0.3406862667859045,43,8,0.0,0.0,0.0,False,24,43,,,,,
501,12,6,0.3406862667859045,43,9,0.0,0.0,0.0,False,20,43,,,,,
501,12,6,0.3406862667859045,43,10,0.4418604651162791,1.0,0.6129032258064516,True,19,43,0.41661399386664844,0.5343875330305303,0.3073901075712314,"[-0.4326220608599929, 0.39580192892795196]",0.5863625282074519
501,12,6,0.3406862667859045,43,11,0.0,0.0,0.0,False,18,43,,,,,
501,12,6,0.3406862667859045,43,12,0.0,0.0,0.0,False,17,43,,,,,
501,12,6,0.3406862667859045,43,13,0.0,0.0,0.0,False,16,43,,,,,
501,12,6,0.3406862667859045,43,14,0.0,0.0,0.0,False,15,43,,,,,
501,12,6,0.3406862667859045,43,15,0.0,0.0,0.0,False,15,43,,,,,
501,12,9,0.2007988054223905,25,0,1.0,0.5813953488372093,0.7352941176470589,True,43,25,0.42072278972833976,0.6094655864795713,0.3052251547121722,"[0.11881998461829646, 1.10282876044589]",1.1092111898152264
501,12,9,0.2007988054223905,25,1,0.0,0.0,0.0,False,35,25,,,,,
501,12,9,0.2007988054223905,25,2,0.0,0.0,0.0,False,32,25,,,,,
501,12,9,0.2007988054223905,25,3,0.0,0.0,0.0,False,28,25,,,,,
501,12,9,0.2007988054223905,25,4,0.0,0.0,0.0,False,28,25,,,,,
501,12,9,0.2007988054223905,25,5,0.0,0.0,0.0,False,25,25,,,,,
501,12,9,0.2007988054223905,25,6,0.0,0.0,0.0,False,25,25,,,,,
501,12,9,0.2007988054223905,25,7,0.0,0.0,0.0,False,25,25,,,,,
501,12,9,0.2007988054223905,25,8,0.0,0.0,0.0,False,24,25,,,,,
501,12,9,0.2007988054223905,25,9,0.0,0.0,0.0,False,20,25,,,,,
501,12,9,0.2007988054223905,25,10,0.0,0.0,0.0,False,19,25,,,,,
501,12,9,0.2007988054223905,25,11,0.0,0.0,0.0,False,18,25,,,,,
501,12,9,0.2007988054223905,25,12,0.0,0.0,0.0,False,17,25,,,,,
501,12,9,0.2007988054223905,25,13,0.0,0.0,0.0,False,16,25,,,,,
501,12,9,0.2007988054223905,25,14,0.0,0.0,0.0,False,15,25,,,,,
501,12,9,0.2007988054223905,25,15,0.0,0.0,0.0,False,15,25,,,,,
501,12,10,0.17900576219249284,18,0,1.0,0.4186046511627907,0.5901639344262295,True,43,18,0.5519642660947035,0.5748840670936191,0.23607311624376534,"[0.2027500213634763, -0.48503994506373616]",0.5257102999469596
501,12,10,0.17900576219249284,18,1,0.0,0.0,0.0,False,35,18,,,,,
501,12,10,0.17900576219249284,18,2,0.0,0.0,0.0,False,32,18,,,,,
501,12,10,0.17900576219249284,18,3,0.0,0.0,0.0,False,28,18,,,,,
501,12,10,0.17900576219249284,18,4,0.0,0.0,0.0,False,28,18,,,,,
501,12,10,0.17900576219249284,18,5,0.0,0.0,0.0,False,25,18,,,,,
501,12,10,0.17900576219249284,18,6,0.0,0.0,0.0,False,25,18,,,,,
501,12,10,0.17900576219249284,18,7,0.0,0.0,0.0,False,25,18,,,,,
501,12,10,0.17900576219249284,18,8,0.0,0.0,0.0,False,24,18,,,,,
501,12,10,0.17900576219249284,18,9,0.0,0.0,0.0,False,20,18,,,,,
501,12,10,0.17900576219249284,18,10,0.0,0.0,0.0,False,19,18,,,,,
501,12,10,0.17900576219249284,18,11,0.0,0.0,0.0,False,18,18,,,,,
501,12,10,0.17900576219249284,18,12,0.0,0.0,0.0,False,17,18,,,,,
501,12,10,0.17900576219249284,18,13,0.0,0.0,0.0,False,16,18,,,,,
501,12,10,0.17900576219249284,18,14,0.0,0.0,0.0,False,15,18,,,,,
501,12,10,0.17900576219249284,18,15,0.0,0.0,0.0,False,15,18,,,,,
501,12,8,0.13216675301585853,43,0,0.0,0.0,0.0,False,43,43,,,,,
501,12,8,0.13216675301585853,43,1,0.0,0.0,0.0,False,35,43,,,,,
501,12,8,0.13216675301585853,43,2,0.0,0.0,0.0,False,32,43,,,,,
501,12,8,0.13216675301585853,43,3,0.0,0.0,0.0,False,28,43,,,,,
501,12,8,0.13216675301585853,43,4,0.5581395348837209,0.8571428571428571,0.676056338028169,True,28,43,0.3791779419556779,0.5573049795991725,0.3271154213479987,"[-0.048907333362855354, -0.0019261585009999749]",0.04894524842348273
501,12,8,0.13216675301585853,43,5,0.0,0.0,0.0,False,25,43,,,,,
501,12,8,0.13216675301585853,43,6,0.0,0.0,0.0,False,25,43,,,,,
501,12,8,0.13216675301585853,43,7,0.0,0.0,0.0,False,25,43,,,,,
501,12,8,0.13216675301585853,43,8,0.0,0.0,0.0,False,24,43,,,,,
501,12,8,0.13216675301585853,43,9,0.0,0.0,0.0,False,20,43,,,,,
501,12,8,0.13216675301585853,43,10,0.4418604651162791,1.0,0.6129032258064516,True,19,43,0.41661399386664844,0.5343875330305303,0.3073901075712314,"[-0.4326220608599929, 0.39580192892795196]",0.5863625282074519
501,12,8,0.13216675301585853,43,11,0.0,0.0,0.0,False,18,43,,,,,
501,12,8,0.13216675301585853,43,12,0.0,0.0,0.0,False,17,43,,,,,
501,12,8,0.13216675301585853,43,13,0.0,0.0,0.0,False,16,43,,,,,
501,12,8,0.13216675301585853,43,14,0.0,0.0,0.0,False,15,43,,,,,
501,12,8,0.13216675301585853,43,15,0.0,0.0,0.0,False,15,43,,,,,
501,12,11,0.07789843239797577,25,0,1.0,0.5813953488372093,0.7352941176470589,True,43,25,0.42072278972833976,0.6094655864795713,0.3052251547121722,"[0.11881998461829646, 1.10282876044589]",1.1092111898152264
501,12,11,0.07789843239797577,25,1,0.0,0.0,0.0,False,35,25,,,,,
501,12,11,0.07789843239797577,25,2,0.0,0.0,0.0,False,32,25,,,,,
501,12,11,0.07789843239797577,25,3,0.0,0.0,0.0,False,28,25,,,,,
501,12,11,0.07789843239797577,25,4,0.0,0.0,0.0,False,28,25,,,,,
501,12,11,0.07789843239797577,25,5,0.0,0.0,0.0,False,25,25,,,,,
501,12,11,0.07789843239797577,25,6,0.0,0.0,0.0,False,25,25,,,,,
501,12,11,0.07789843239797577,25,7,0.0,0.0,0.0,False,25,25,,,,,
501,12,11,0.07789843239797577,25,8,0.0,0.0,0.0,False,24,25,,,,,
501,12,11,0.07789843239797577,25,9,0.0,0.0,0.0,False,20,25,,,,,
501,12,11,0.07789843239797577,25,10,0.0,0.0,0.0,False,19,25,,,,,
501,12,11,0.07789843239797577,25,11,0.0,0.0,0.0,False,18,25,,,,,
501,12,11,0.07789843239797577,25,12,0.0,0.0,0.0,False,17,25,,,,,
501,12,11,0.07789843239797577,25,13,0.0,0.0,0.0,False,16,25,,,,,
501,12,11,0.07789843239797577,25,14,0.0,0.0,0.0,False,15,25,,,,,
501,12,11,0.07789843239797577,25,15,0.0,0.0,0.0,False,15,25,,,,,
501,12,12,0.06944398018537785,18,0,1.0,0.4186046511627907,0.5901639344262295,True,43,18,0.5519642660947035,0.5748840670936191,0.23607311624376534,"[0.2027500213634763, -0.48503994506373616]",0.5257102999469596
501,12,12,0.06944398018537785,18,1,0.0,0.0,0.0,False,35,18,,,,,
501,12,12,0.06944398018537785,18,2,0.0,0.0,0.0,False,32,18,,,,,
501,12,12,0.06944398018537785,18,3,0.0,0.0,0.0,False,28,18,,,,,
501,12,12,0.06944398018537785,18,4,0.0,0.0,0.0,False,28,18,,,,,
501,12,12,0.06944398018537785,18,5,0.0,0.0,0.0,False,25,18,,,,,
501,12,12,0.06944398018537785,18,6,0.0,0.0,0.0,False,25,18,,,,,
501,12,12,0.06944398018537785,18,7,0.0,0.0,0.0,False,25,18,,,,,
501,12,12,0.06944398018537785,18,8,0.0,0.0,0.0,False,24,18,,,,,
501,12,12,0.06944398018537785,18,9,0.0,0.0,0.0,False,20,18,,,,,
501,12,12,0.06944398018537785,18,10,0.0,0.0,0.0,False,19,18,,,,,
501,12,12,0.06944398018537785,18,11,0.0,0.0,0.0,False,18,18,,,,,
501,12,12,0.06944398018537785,18,12,0.0,0.0,0.0,False,17,18,,,,,
501,12,12,0.06944398018537785,18,13,0.0,0.0,0.0,False,16,18,,,,,
501,12,12,0.06944398018537785,18,14,0.0,0.0,0.0,False,15,18,,,,,
501,12,12,0.06944398018537785,18,15,0.0,0.0,0.0,False,15,18,,,,,
501,13,9,0.23137948000978098,43,0,1.0,0.9772727272727273,0.9885057471264368,True,44,43,0.7741187184296805,0.9027509356477342,0.11901840412736407,"[0.15034198509696495, -0.046193795769063684]",0.15727866749960084
501,13,9,0.23137948000978098,43,1,0.0,0.0,0.0,False,37,43,,,,,
501,13,9,0.23137948000978098,43,2,0.0,0.0,0.0,False,32,43,,,,,
501,13,9,0.23137948000978098,43,3,0.0,0.0,0.0,False,30,43,,,,,
501,13,9,0.23137948000978098,43,4,0.0,0.0,0.0,False,29,43,,,,,
501,13,9,0.23137948000978098,43,5,0.0,0.0,0.0,False,26,43,,,,,
501,13,9,0.23137948000978098,43,6,0.0,0.0,0.0,False,26,43,,,,,
501,13,9,0.23137948000978098,43,7,0.0,0.0,0.0,False,25,43,,,,,
501,13,9,0.23137948000978098,43,8,0.0,0.0,0.0,False,22,43,,,,,
501,13,9,0.23137948000978098,43,9,0.0,0.0,0.0,False,22,43,,,,,
501,13,9,0.23137948000978098,43,10,0.0,0.0,0.0,False,19,43,,,,,
501,13,9,0.23137948000978098,43,11,0.0,0.0,0.0,False,18,43,,,,,
501,13,9,0.23137948000978098,43,12,0.0,0.0,0.0,False,17,43,,,,,
501,13,9,0.23137948000978098,43,13,0.0,0.0,0.0,False,15,43,,,,,
501,13,9,0.23137948000978098,43,14,0.0,0.0,0.0,False,14,43,,,,,
501,13,10,0.2062674630345937,43,0,1.0,0.9772727272727273,0.9885057471264368,True,44,43,0.7741187184296805,0.9027509356477342,0.11901840412736407,"[0.15034198509696495, -0.046193795769063684]",0.15727866749960084
501,13,10,0.2062674630345937,43,1,0.0,0.0,0.0,False,37,43,,,,,
501,13,10,0.2062674630345937,43,2,0.0,0.0,0.0,False,32,43,,,,,
501,13,10,0.2062674630345937,43,3,0.0,0.0,0.0,False,30,43,,,,,
501,13,10,0.2062674630345937,43,4,0.0,0.0,0.0,False,29,43,,,,,
501,13,10,0.2062674630345937,43,5,0.0,0.0,0.0,False,26,43,,,,,
501,13,10,0.2062674630345937,43,6,0.0,0.0,0.0,False,26,43,,,,,
501,13,10,0.2062674630345937,43,7,0.0,0.0,0.0,False,25,43,,,,,
501,13,10,0.2062674630345937,43,8,0.0,0.0,0.0,False,22,43,,,,,
501,13,10,0.2062674630345937,43,9,0.0,0.0,0.0,False,22,43,,,,,
501,13,10,0.2062674630345937,43,10,0.0,0.0,0.0,False,19,43,,,,,
501,13,10,0.2062674630345937,43,11,0.0,0.0,0.0,False,18,43,,,,,
501,13,10,0.2062674630345937,43,12,0.0,0.0,0.0,False,17,43,,,,,
501,13,10,0.2062674630345937,43,13,0.0,0.0,0.0,False,15,43,,,,,
501,13,10,0.2062674630345937,43,14,0.0,0.0,0.0,False,14,43,,,,,
501,13,13,0.2052759909550133,28,0,0.0,0.0,0.0,False,44,28,,,,,
501,13,13,0.2052759909550133,28,1,0.0,0.0,0.0,False,37,28,,,,,
501,13,13,0.2052759909550133,28,2,0.5357142857142857,0.46875,0.5,True,32,28,0.45850624903031245,0.483402499612125,0.28531678958660933,"[1.7990539174614142, 3.0773784350221796]",3.5646673099004373
501,13,13,0.2052759909550133,28,3,0.0,0.0,0.0,False,30,28,,,,,
501,13,13,0.2052759909550133,28,4,0.0,0.0,0.0,False,29,28,,,,,
501,13,13,0.2052759909550133,28,5,0.03571428571428571,0.038461538461538464,0.037037037037037035,False,26,28,,,,,
501,13,13,0.2052759909550133,28,6,0.0,0.0,0.0,False,26,28,,,,,
501,13,13,0.2052759909550133,28,7,0.0,0.0,0.0,False,25,28,,,,,
501,13,13,0.2052759909550133,28,8,0.0,0.0,0.0,False,22,28,,,,,
501,13,13,0.2052759909550133,28,9,0.10714285714285714,0.13636363636363635,0.12,False,22,28,,,,,
501,13,13,0.2052759909550133,28,10,0.0,0.0,0.0,False,19,28,,,,,
501,13,13,0.2052759909550133,28,11,0.0,0.0,0.0,False,18,28,,,,,
501,13,13,0.2052759909550133,28,12,0.0,0.0,0.0,False,17,28,,,,,
501,13,13,0.2052759909550133,28,13,0.0,0.0,0.0,False,15,28,,,,,
501,13,13,0.2052759909550133,28,14,0.0,0.0,0.0,False,14,28,,,,,
501,13,14,0.18729512563892162,19,0,0.0,0.0,0.0,False,44,19,,,,,
501,13,14,0.18729512563892162,19,1,0.0,0.0,0.0,False,37,19,,,,,
501,13,14,0.18729512563892162,19,2,0.0,0.0,0.0,False,32,19,,,,,
501,13,14,0.18729512563892162,19,3,0.0,0.0,0.0,False,30,19,,,,,
501,13,14,0.18729512563892162,19,4,0.0,0.0,0.0,False,29,19,,,,,
501,13,14,0.18729512563892162,19,5,0.0,0.0,0.0,False,26,19,,,,,
501,13,14,0.18729512563892162,19,6,0.0,0.0,0.0,False,26,19,,,,,
501,13,14,0.18729512563892162,19,7,0.0,0.0,0.0,False,25,19,,,,,
501,13,14,0.18729512563892162,19,8,0.0,0.0,0.0,False,22,19,,,,,
501,13,14,0.18729512563892162,19,9,1.0,0.8636363636363636,0.926829268292683,True,22,19,0.6562770058308403,0.818608363307946,0.1811100147099046,"[0.399284788527952, -0.5349164354161999]",0.6675057567004085
501,13,14,0.18729512563892162,19,10,0.0,0.0,0.0,False,19,19,,,,,
501,13,14,0.18729512563892162,19,11,0.0,0.0,0.0,False,18,19,,,,,
501,13,14,0.18729512563892162,19,12,0.0,0.0,0.0,False,17,19,,,,,
501,13,14,0.18729512563892162,19,13,0.0,0.0,0.0,False,15,19,,,,,
501,13,14,0.18729512563892162,19,14,0.0,0.0,0.0,False,14,19,,,,,
501,13,11,0.08976198211889808,43,0,1.0,0.9772727272727273,0.9885057471264368,True,44,43,0.7741187184296805,0.9027509356477342,0.11901840412736407,"[0.15034198509696495, -0.046193795769063684]",0.15727866749960084
501,13,11,0.08976198211889808,43,1,0.0,0.0,0.0,False,37,43,,,,,
501,13,11,0.08976198211889808,43,2,0.0,0.0,0.0,False,32,43,,,,,
501,13,11,0.08976198211889808,43,3,0.0,0.0,0.0,False,30,43,,,,,
501,13,11,0.08976198211889808,43,4,0.0,0.0,0.0,False,29,43,,,,,
501,13,11,0.08976198211889808,43,5,0.0,0.0,0.0,False,26,43,,,,,
501,13,11,0.08976198211889808,43,6,0.0,0.0,0.0,False,26,43,,,,,
501,13,11,0.08976198211889808,43,7,0.0,0.0,0.0,False,25,43,,,,,
501,13,11,0.08976198211889808,43,8,0.0,0.0,0.0,False,22,43,,,,,
501,13,11,0.08976198211889808,43,9,0.0,0.0,0.0,False,22,43,,,,,
501,13,11,0.08976198211889808,43,10,0.0,0.0,0.0,False,19,43,,,,,
501,13,11,0.08976198211889808,43,11,0.0,0.0,0.0,False,18,43,,,,,
501,13,11,0.08976198211889808,43,12,0.0,0.0,0.0,False,17,43,,,,,
501,13,11,0.08976198211889808,43,13,0.0,0.0,0.0,False,15,43,,,,,
501,13,11,0.08976198211889808,43,14,0.0,0.0,0.0,False,14,43,,,,,
501,13,12,0.08001995824279229,43,0,1.0,0.9772727272727273,0.9885057471264368,True,44,43,0.7741187184296805,0.9027509356477342,0.11901840412736407,"[0.15034198509696495, -0.046193795769063684]",0.15727866749960084
501,13,12,0.08001995824279229,43,1,0.0,0.0,0.0,False,37,43,,,,,
501,13,12,0.08001995824279229,43,2,0.0,0.0,0.0,False,32,43,,,,,
501,13,12,0.08001995824279229,43,3,0.0,0.0,0.0,False,30,43,,,,,
501,13,12,0.08001995824279229,43,4,0.0,0.0,0.0,False,29,43,,,,,
501,13,12,0.08001995824279229,43,5,0.0,0.0,0.0,False,26,43,,,,,
501,13,12,0.08001995824279229,43,6,0.0,0.0,0.0,False,26,43,,,,,
501,13,12,0.08001995824279229,43,7,0.0,0.0,0.0,False,25,43,,,,,
501,13,12,0.08001995824279229,43,8,0.0,0.0,0.0,False,22,43,,,,,
501,13,12,0.08001995824279229,43,9,0.0,0.0,0.0,False,22,43,,,,,
501,13,12,0.08001995824279229,43,10,0.0,0.0,0.0,False,19,43,,,,,
501,13,12,0.08001995824279229,43,11,0.0,0.0,0.0,False,18,43,,,,,
501,13,12,0.08001995824279229,43,12,0.0,0.0,0.0,False,17,43,,,,,
501,13,12,0.08001995824279229,43,13,0.0,0.0,0.0,False,15,43,,,,,
501,13,12,0.08001995824279229,43,14,0.0,0.0,0.0,False,14,43,,,,,
501,14,9,0.23137948000978098,44,0,1.0,1.0,1.0,True,44,44,0.7362759398300225,0.894510375932009,0.13895802499973064,"[0.0318181818181813, 0.01909090909090949]",0.037106057512651676
501,14,9,0.23137948000978098,44,1,0.0,0.0,0.0,False,37,44,,,,,
501,14,9,0.23137948000978098,44,2,0.0,0.0,0.0,False,35,44,,,,,
501,14,9,0.23137948000978098,44,3,0.0,0.0,0.0,False,32,44,,,,,
501,14,9,0.23137948000978098,44,4,0.0,0.0,0.0,False,32,44,,,,,
501,14,9,0.23137948000978098,44,5,0.0,0.0,0.0,False,24,44,,,,,
501,14,9,0.23137948000978098,44,6,0.0,0.0,0.0,False,23,44,,,,,
501,14,9,0.23137948000978098,44,7,0.0,0.0,0.0,False,23,44,,,,,
501,14,9,0.23137948000978098,44,8,0.0,0.0,0.0,False,22,44,,,,,
501,14,9,0.23137948000978098,44,9,0.0,0.0,0.0,False,22,44,,,,,
501,14,9,0.23137948000978098,44,10,0.0,0.0,0.0,False,18,44,,,,,
501,14,9,0.23137948000978098,44,11,0.0,0.0,0.0,False,18,44,,,,,
501,14,9,0.23137948000978098,44,12,0.0,0.0,0.0,False,16,44,,,,,
501,14,9,0.23137948000978098,44,13,0.0,0.0,0.0,False,15,44,,,,,
501,14,9,0.23137948000978098,44,14,0.0,0.0,0.0,False,14,44,,,,,
501,14,10,0.2062674630345937,44,0,1.0,1.0,1.0,True,44,44,0.7362759398300225,0.894510375932009,0.13895802499973064,"[0.0318181818181813, 0.01909090909090949]",0.037106057512651676
501,14,10,0.2062674630345937,44,1,0.0,0.0,0.0,False,37,44,,,,,
501,14,10,0.2062674630345937,44,2,0.0,0.0,0.0,False,35,44,,,,,
501,14,10,0.2062674630345937,44,3,0.0,0.0,0.0,False,32,44,,,,,
501,14,10,0.2062674630345937,44,4,0.0,0.0,0.0,False,32,44,,,,,
501,14,10,0.2062674630345937,44,5,0.0,0.0,0.0,False,24,44,,,,,
501,14,10,0.2062674630345937,44,6,0.0,0.0,0.0,False,23,44,,,,,
501,14,10,0.2062674630345937,44,7,0.0,0.0,0.0,False,23,44,,,,,
501,14,10,0.2062674630345937,44,8,0.0,0.0,0.0,False,22,44,,,,,
501,14,10,0.2062674630345937,44,9,0.0,0.0,0.0,False,22,44,,,,,
501,14,10,0.2062674630345937,44,10,0.0,0.0,0.0,False,18,44,,,,,
501,14,10,0.2062674630345937,44,11,0.0,0.0,0.0,False,18,44,,,,,
501,14,10,0.2062674630345937,44,12,0.0,0.0,0.0,False,16,44,,,,,
501,14,10,0.2062674630345937,44,13,0.0,0.0,0.0,False,15,44,,,,,
501,14,10,0.2062674630345937,44,14,0.0,0.0,0.0,False,14,44,,,,,
501,14,13,0.2052759909550133,32,0,0.0,0.0,0.0,False,44,32,,,,,
501,14,13,0.2052759909550133,32,1,0.0,0.0,0.0,False,37,32,,,,,
501,14,13,0.2052759909550133,32,2,0.0,0.0,0.0,False,35,32,,,,,
501,14,13,0.2052759909550133,32,3,0.0,0.0,0.0,False,32,32,,,,,
501,14,13,0.2052759909550133,32,4,1.0,1.0,1.0,True,32,32,0.7226117276000674,0.8890446910400269,0.14615779260314135,"[0.0, 0.017499999999998295]",0.017499999999998295
501,14,13,0.2052759909550133,32,5,0.0,0.0,0.0,False,24,32,,,,,
501,14,13,0.2052759909550133,32,6,0.0,0.0,0.0,False,23,32,,,,,
501,14,13,0.2052759909550133,32,7,0.0,0.0,0.0,False,23,32,,,,,
501,14,13,0.2052759909550133,32,8,0.0,0.0,0.0,False,22,32,,,,,
501,14,13,0.2052759909550133,32,9,0.0,0.0,0.0,False,22,32,,,,,
501,14,13,0.2052759909550133,32,10,0.0,0.0,0.0,False,18,32,,,,,
501,14,13,0.2052759909550133,32,11,0.0,0.0,0.0,False,18,32,,,,,
501,14,13,0.2052759909550133,32,12,0.0,0.0,0.0,False,16,32,,,,,
501,14,13,0.2052759909550133,32,13,0.0,0.0,0.0,False,15,32,,,,,
501,14,13,0.2052759909550133,32,14,0.0,0.0,0.0,False,14,32,,,,,
501,14,14,0.18729512563892162,22,0,0.0,0.0,0.0,False,44,22,,,,,
501,14,14,0.18729512563892162,22,1,0.0,0.0,0.0,False,37,22,,,,,
501,14,14,0.18729512563892162,22,2,0.0,0.0,0.0,False,35,22,,,,,
501,14,14,0.18729512563892162,22,3,0.0,0.0,0.0,False,32,22,,,,,
501,14,14,0.18729512563892162,22,4,0.0,0.0,0.0,False,32,22,,,,,
501,14,14,0.18729512563892162,22,5,0.0,0.0,0.0,False,24,22,,,,,
501,14,14,0.18729512563892162,22,6,1.0,0.9565217391304348,0.9777777777777777,True,23,22,0.804360243799686,0.9084107641865411,0.10308393597270765,"[0.01701971826121884, 0.17892936324580688]",0.1797369963063842
501,14,14,0.18729512563892162,22,7,0.0,0.0,0.0,False,23,22,,,,,
501,14,14,0.18729512563892162,22,8,0.0,0.0,0.0,False,22,22,,,,,
501,14,14,0.18729512563892162,22,9,0.0,0.0,0.0,False,22,22,,,,,
501,14,14,0.18729512563892162,22,10,0.0,0.0,0.0,False,18,22,,,,,
501,14,14,0.18729512563892162,22,11,0.0,0.0,0.0,False,18,22,,,,,
501,14,14,0.18729512563892162,22,12,0.0,0.0,0.0,False,16,22,,,,,
501,14,14,0.18729512563892162,22,13,0.0,0.0,0.0,False,15,22,,,,,
501,14,14,0.18729512563892162,22,14,0.0,0.0,0.0,False,14,22,,,,,
501,14,11,0.08976198211889808,44,0,1.0,1.0,1.0,True,44,44,0.7362759398300225,0.894510375932009,0.13895802499973064,"[0.0318181818181813, 0.01909090909090949]",0.037106057512651676
501,14,11,0.08976198211889808,44,1,0.0,0.0,0.0,False,37,44,,,,,
501,14,11,0.08976198211889808,44,2,0.0,0.0,0.0,False,35,44,,,,,
501,14,11,0.08976198211889808,44,3,0.0,0.0,0.0,False,32,44,,,,,
501,14,11,0.08976198211889808,44,4,0.0,0.0,0.0,False,32,44,,,,,
501,14,11,0.08976198211889808,44,5,0.0,0.0,0.0,False,24,44,,,,,
501,14,11,0.08976198211889808,44,6,0.0,0.0,0.0,False,23,44,,,,,
501,14,11,0.08976198211889808,44,7,0.0,0.0,0.0,False,23,44,,,,,
501,14,11,0.08976198211889808,44,8,0.0,0.0,0.0,False,22,44,,,,,
501,14,11,0.08976198211889808,44,9,0.0,0.0,0.0,False,22,44,,,,,
501,14,11,0.08976198211889808,44,10,0.0,0.0,0.0,False,18,44,,,,,
501,14,11,0.08976198211889808,44,11,0.0,0.0,0.0,False,18,44,,,,,
501,14,11,0.08976198211889808,44,12,0.0,0.0,0.0,False,16,44,,,,,
501,14,11,0.08976198211889808,44,13,0.0,0.0,0.0,False,15,44,,,,,
501,14,11,0.08976198211889808,44,14,0.0,0.0,0.0,False,14,44,,,,,
501,14,12,0.08001995824279229,44,0,1.0,1.0,1.0,True,44,44,0.7362759398300225,0.894510375932009,0.13895802499973064,"[0.0318181818181813, 0.01909090909090949]",0.037106057512651676
501,14,12,0.08001995824279229,44,1,0.0,0.0,0.0,False,37,44,,,,,
501,14,12,0.08001995824279229,44,2,0.0,0.0,0.0,False,35,44,,,,,
501,14,12,0.08001995824279229,44,3,0.0,0.0,0.0,False,32,44,,,,,
501,14,12,0.08001995824279229,44,4,0.0,0.0,0.0,False,32,44,,,,,
501,14,12,0.08001995824279229,44,5,0.0,0.0,0.0,False,24,44,,,,,
501,14,12,0.08001995824279229,44,6,0.0,0.0,0.0,False,23,44,,,,,
501,14,12,0.08001995824279229,44,7,0.0,0.0,0.0,False,23,44,,,,,
501,14,12,0.08001995824279229,44,8,0.0,0.0,0.0,False,22,44,,,,,
501,14,12,0.08001995824279229,44,9,0.0,0.0,0.0,False,22,44,,,,,
501,14,12,0.08001995824279229,44,10,0.0,0.0,0.0,False,18,44,,,,,
501,14,12,0.08001995824279229,44,11,0.0,0.0,0.0,False,18,44,,,,,
501,14,12,0.08001995824279229,44,12,0.0,0.0,0.0,False,16,44,,,,,
501,14,12,0.08001995824279229,44,13,0.0,0.0,0.0,False,15,44,,,,,
501,14,12,0.08001995824279229,44,14,0.0,0.0,0.0,False,14,44,,,,,
501,15,9,0.23137948000978098,44,0,0.9772727272727273,1.0,0.9885057471264368,True,43,44,0.7942881599268108,0.9108187122465864,0.10839098638632665,"[-0.07797412040351759, 0.0857075378409462]",0.1158695192682678
501,15,9,0.23137948000978098,44,1,0.0,0.0,0.0,False,42,44,,,,,
501,15,9,0.23137948000978098,44,2,0.0,0.0,0.0,False,36,44,,,,,
501,15,9,0.23137948000978098,44,3,0.0,0.0,0.0,False,34,44,,,,,
501,15,9,0.23137948000978098,44,4,0.0,0.0,0.0,False,33,44,,,,,
501,15,9,0.23137948000978098,44,5,0.0,0.0,0.0,False,26,44,,,,,
501,15,9,0.23137948000978098,44,6,0.0,0.0,0.0,False,24,44,,,,,
501,15,9,0.23137948000978098,44,7,0.0,0.0,0.0,False,21,44,,,,,
501,15,9,0.23137948000978098,44,8,0.0,0.0,0.0,False,21,44,,,,,
501,15,9,0.23137948000978098,44,9,0.0,0.0,0.0,False,21,44,,,,,
501,15,9,0.23137948000978098,44,10,0.0,0.0,0.0,False,19,44,,,,,
501,15,9,0.23137948000978098,44,11,0.0,0.0,0.0,False,17,44,,,,,
501,15,9,0.23137948000978098,44,12,0.0,0.0,0.0,False,16,44,,,,,
501,15,9,0.23137948000978098,44,13,0.0,0.0,0.0,False,15,44,,,,,
501,15,10,0.2062674630345937,44,0,0.9772727272727273,1.0,0.9885057471264368,True,43,44,0.7942881599268108,0.9108187122465864,0.10839098638632665,"[-0.07797412040351759, 0.0857075378409462]",0.1158695192682678
501,15,10,0.2062674630345937,44,1,0.0,0.0,0.0,False,42,44,,,,,
501,15,10,0.2062674630345937,44,2,0.0,0.0,0.0,False,36,44,,,,,
501,15,10,0.2062674630345937,44,3,0.0,0.0,0.0,False,34,44,,,,,
501,15,10,0.2062674630345937,44,4,0.0,0.0,0.0,False,33,44,,,,,
501,15,10,0.2062674630345937,44,5,0.0,0.0,0.0,False,26,44,,,,,
501,15,10,0.2062674630345937,44,6,0.0,0.0,0.0,False,24,44,,,,,
501,15,10,0.2062674630345937,44,7,0.0,0.0,0.0,False,21,44,,,,,
501,15,10,0.2062674630345937,44,8,0.0,0.0,0.0,False,21,44,,,,,
501,15,10,0.2062674630345937,44,9,0.0,0.0,0.0,False,21,44,,,,,
501,15,10,0.2062674630345937,44,10,0.0,0.0,0.0,False,19,44,,,,,
501,15,10,0.2062674630345937,44,11,0.0,0.0,0.0,False,17,44,,,,,
501,15,10,0.2062674630345937,44,12,0.0,0.0,0.0,False,16,44,,,,,
501,15,10,0.2062674630345937,44,13,0.0,0.0,0.0,False,15,44,,,,,
501,15,13,0.2052759909550133,32,0,0.0,0.0,0.0,False,43,32,,,,,
501,15,13,0.2052759909550133,32,1,0.0,0.0,0.0,False,42,32,,,,,
501,15,13,0.2052759909550133,32,2,0.0,0.0,0.0,False,36,32,,,,,
501,15,13,0.2052759909550133,32,3,0.0,0.0,0.0,False,34,32,,,,,
501,15,13,0.2052759909550133,32,4,1.0,0.9696969696969697,0.9846153846153847,True,33,32,0.7028540799551808,0.8719108627513031,0.1565682333251766,"[0.0730339179291164, 0.11290171000011284]",0.13446467673343246
501,15,13,0.2052759909550133,32,5,0.0,0.0,0.0,False,26,32,,,,,
501,15,13,0.2052759909550133,32,6,0.0,0.0,0.0,False,24,32,,,,,
501,15,13,0.2052759909550133,32,7,0.0,0.0,0.0,False,21,32,,,,,
501,15,13,0.2052759909550133,32,8,0.0,0.0,0.0,False,21,32,,,,,
501,15,13,0.2052759909550133,32,9,0.0,0.0,0.0,False,21,32,,,,,
501,15,13,0.2052759909550133,32,10,0.0,0.0,0.0,False,19,32,,,,,
501,15,13,0.2052759909550133,32,11,0.0,0.0,0.0,False,17,32,,,,,
501,15,13,0.2052759909550133,32,12,0.0,0.0,0.0,False,16,32,,,,,
501,15,13,0.2052759909550133,32,13,0.0,0.0,0.0,False,15,32,,,,,
501,15,14,0.18729512563892162,23,0,0.0,0.0,0.0,False,43,23,,,,,
501,15,14,0.18729512563892162,23,1,0.0,0.0,0.0,False,42,23,,,,,
501,15,14,0.18729512563892162,23,2,0.0,0.0,0.0,False,36,23,,,,,
501,15,14,0.18729512563892162,23,3,0.0,0.0,0.0,False,34,23,,,,,
501,15,14,0.18729512563892162,23,4,0.0,0.0,0.0,False,33,23,,,,,
501,15,14,0.18729512563892162,23,5,0.0,0.0,0.0,False,26,23,,,,,
501,15,14,0.18729512563892162,23,6,0.0,0.0,0.0,False,24,23,,,,,
501,15,14,0.18729512563892162,23,7,0.0,0.0,0.0,False,21,23,,,,,
501,15,14,0.18729512563892162,23,8,0.0,0.0,0.0,False,21,23,,,,,
501,15,14,0.18729512563892162,23,9,0.9130434782608695,1.0,0.9545454545454546,True,21,23,0.8029087895362124,0.8938907885417577,0.10384871722815972,"[0.14467806687539664, -0.15426115882784686]",0.21149053916833238
501,15,14,0.18729512563892162,23,10,0.0,0.0,0.0,False,19,23,,,,,
501,15,14,0.18729512563892162,23,11,0.043478260869565216,0.058823529411764705,0.05,False,17,23,,,,,
501,15,14,0.18729512563892162,23,12,0.0,0.0,0.0,False,16,23,,,,,
501,15,14,0.18729512563892162,23,13,0.0,0.0,0.0,False,15,23,,,,,
501,15,11,0.08976198211889808,44,0,0.9772727272727273,1.0,0.9885057471264368,True,43,44,0.7942881599268108,0.9108187122465864,0.10839098638632665,"[-0.07797412040351759, 0.0857075378409462]",0.1158695192682678
501,15,11,0.08976198211889808,44,1,0.0,0.0,0.0,False,42,44,,,,,
501,15,11,0.08976198211889808,44,2,0.0,0.0,0.0,False,36,44,,,,,
501,15,11,0.08976198211889808,44,3,0.0,0.0,0.0,False,34,44,,,,,
501,15,11,0.08976198211889808,44,4,0.0,0.0,0.0,False,33,44,,,,,
501,15,11,0.08976198211889808,44,5,0.0,0.0,0.0,False,26,44,,,,,
501,15,11,0.08976198211889808,44,6,0.0,0.0,0.0,False,24,44,,,,,
501,15,11,0.08976198211889808,44,7,0.0,0.0,0.0,False,21,44,,,,,
501,15,11,0.08976198211889808,44,8,0.0,0.0,0.0,False,21,44,,,,,
501,15,11,0.08976198211889808,44,9,0.0,0.0,0.0,False,21,44,,,,,
501,15,11,0.08976198211889808,44,10,0.0,0.0,0.0,False,19,44,,,,,
501,15,11,0.08976198211889808,44,11,0.0,0.0,0.0,False,17,44,,,,,
501,15,11,0.08976198211889808,44,12,0.0,0.0,0.0,False,16,44,,,,,
501,15,11,0.08976198211889808,44,13,0.0,0.0,0.0,False,15,44,,,,,
501,15,12,0.08001995824279229,44,0,0.9772727272727273,1.0,0.9885057471264368,True,43,44,0.7942881599268108,0.9108187122465864,0.10839098638632665,"[-0.07797412040351759, 0.0857075378409462]",0.1158695192682678
501,15,12,0.08001995824279229,44,1,0.0,0.0,0.0,False,42,44,,,,,
501,15,12,0.08001995824279229,44,2,0.0,0.0,0.0,False,36,44,,,,,
501,15,12,0.08001995824279229,44,3,0.0,0.0,0.0,False,34,44,,,,,
501,15,12,0.08001995824279229,44,4,0.0,0.0,0.0,False,33,44,,,,,
501,15,12,0.08001995824279229,44,5,0.0,0.0,0.0,False,26,44,,,,,
501,15,12,0.08001995824279229,44,6,0.0,0.0,0.0,False,24,44,,,,,
501,15,12,0.08001995824279229,44,7,0.0,0.0,0.0,False,21,44,,,,,
501,15,12,0.08001995824279229,44,8,0.0,0.0,0.0,False,21,44,,,,,
501,15,12,0.08001995824279229,44,9,0.0,0.0,0.0,False,21,44,,,,,
501,15,12,0.08001995824279229,44,10,0.0,0.0,0.0,False,19,44,,,,,
501,15,12,0.08001995824279229,44,11,0.0,0.0,0.0,False,17,44,,,,,
501,15,12,0.08001995824279229,44,12,0.0,0.0,0.0,False,16,44,,,,,
501,15,12,0.08001995824279229,44,13,0.0,0.0,0.0,False,15,44,,,,,
501,16,9,0.23137948000978098,43,0,0.0,0.0,0.0,False,42,43,,,,,
501,16,9,0.23137948000978098,43,1,0.18604651162790697,0.21052631578947367,0.19753086419753085,False,38,43,,,,,
501,16,9,0.23137948000978098,43,2,0.0,0.0,0.0,False,37,43,,,,,
501,16,9,0.23137948000978098,43,3,0.0,0.0,0.0,False,34,43,,,,,
501,16,9,0.23137948000978098,43,4,0.7209302325581395,1.0,0.8378378378378378,True,31,43,0.5896377068979706,0.7385577854618909,0.21622272062346382,"[-0.032324210733893466, 0.19648754253621803]",0.19912862418921906
501,16,9,0.23137948000978098,43,5,0.0,0.0,0.0,False,28,43,,,,,
501,16,9,0.23137948000978098,43,6,0.0,0.0,0.0,False,26,43,,,,,
501,16,9,0.23137948000978098,43,7,0.0,0.0,0.0,False,26,43,,,,,
501,16,9,0.23137948000978098,43,8,0.0,0.0,0.0,False,24,43,,,,,
501,16,9,0.23137948000978098,43,9,0.0,0.0,0.0,False,22,43,,,,,
501,16,9,0.23137948000978098,43,10,0.0,0.0,0.0,False,21,43,,,,,
501,16,9,0.23137948000978098,43,11,0.0,0.0,0.0,False,17,43,,,,,
501,16,9,0.23137948000978098,43,12,0.0,0.0,0.0,False,16,43,,,,,
501,16,9,0.23137948000978098,43,13,0.0,0.0,0.0,False,15,43,,,,,
501,16,10,0.2062674630345937,43,0,0.0,0.0,0.0,False,42,43,,,,,
501,16,10,0.2062674630345937,43,1,0.18604651162790697,0.21052631578947367,0.19753086419753085,False,38,43,,,,,
501,16,10,0.2062674630345937,43,2,0.0,0.0,0.0,False,37,43,,,,,
501,16,10,0.2062674630345937,43,3,0.0,0.0,0.0,False,34,43,,,,,
501,16,10,0.2062674630345937,43,4,0.7209302325581395,1.0,0.8378378378378378,True,31,43,0.5896377068979706,0.7385577854618909,0.21622272062346382,"[-0.032324210733893466, 0.19648754253621803]",0.19912862418921906
501,16,10,0.2062674630345937,43,5,0.0,0.0,0.0,False,28,43,,,,,
501,16,10,0.2062674630345937,43,6,0.0,0.0,0.0,False,26,43,,,,,
501,16,10,0.2062674630345937,43,7,0.0,0.0,0.0,False,26,43,,,,,
501,16,10,0.2062674630345937,43,8,0.0,0.0,0.0,False,24,43,,,,,
501,16,10,0.2062674630345937,43,9,0.0,0.0,0.0,False,22,43,,,,,
501,16,10,0.2062674630345937,43,10,0.0,0.0,0.0,False,21,43,,,,,
501,16,10,0.2062674630345937,43,11,0.0,0.0,0.0,False,17,43,,,,,
501,16,10,0.2062674630345937,43,12,0.0,0.0,0.0,False,16,43,,,,,
501,16,10,0.2062674630345937,43,13,0.0,0.0,0.0,False,15,43,,,,,
501,16,13,0.2052759909550133,33,0,0.06060606060606061,0.047619047619047616,0.05333333333333334,False,42,33,,,,,
501,16,13,0.2052759909550133,33,1,0.0,0.0,0.0,False,38,33,,,,,
501,16,13,0.2052759909550133,33,2,0.06060606060606061,0.05405405405405406,0.05714285714285714,False,37,33,,,,,
501,16,13,0.2052759909550133,33,3,0.0,0.0,0.0,False,34,33,,,,,
501,16,13,0.2052759909550133,33,4,0.0,0.0,0.0,False,31,33,,,,,
501,16,13,0.2052759909550133,33,5,0.0,0.0,0.0,False,28,33,,,,,
501,16,13,0.2052759909550133,33,6,0.0,0.0,0.0,False,26,33,,,,,
501,16,13,0.2052759909550133,33,7,0.3939393939393939,0.5,0.4406779661016949,True,26,33,0.4524928786792437,0.4454039311327144,0.2884852758712429,"[-1.1383155621725827, -2.3309238729630977]",2.594025524283362
501,16,13,0.2052759909550133,33,8,0.0,0.0,0.0,False,24,33,,,,,
501,16,13,0.2052759909550133,33,9,0.0,0.0,0.0,False,22,33,,,,,
501,16,13,0.2052759909550133,33,10,0.0,0.0,0.0,False,21,33,,,,,
501,16,13,0.2052759909550133,33,11,0.0,0.0,0.0,False,17,33,,,,,
501,16,13,0.2052759909550133,33,12,0.48484848484848486,1.0,0.6530612244897959,True,16,33,0.4398443953342174,0.5677744928275645,0.2951498489243577,"[0.23410409584167624, 0.07809163706738786]",0.246785395576224
501,16,13,0.2052759909550133,33,13,0.0,0.0,0.0,False,15,33,,,,,
501,16,14,0.18729512563892162,21,0,0.0,0.0,0.0,False,42,21,,,,,
501,16,14,0.18729512563892162,21,1,0.0,0.0,0.0,False,38,21,,,,,
501,16,14,0.18729512563892162,21,2,0.8571428571428571,0.4864864864864865,0.6206896551724138,True,37,21,0.39513448779157867,0.5304675882200798,0.3187078073678964,"[-0.29512110088091426, 1.3299633337148897]",1.362313815980439
501,16,14,0.18729512563892162,21,3,0.0,0.0,0.0,False,34,21,,,,,
501,16,14,0.18729512563892162,21,4,0.0,0.0,0.0,False,31,21,,,,,
501,16,14,0.18729512563892162,21,5,0.0,0.0,0.0,False,28,21,,,,,
501,16,14,0.18729512563892162,21,6,0.0,0.0,0.0,False,26,21,,,,,
501,16,14,0.18729512563892162,21,7,0.14285714285714285,0.11538461538461539,0.1276595744680851,False,26,21,,,,,
501,16,14,0.18729512563892162,21,8,0.0,0.0,0.0,False,24,21,,,,,
501,16,14,0.18729512563892162,21,9,0.0,0.0,0.0,False,22,21,,,,,
501,16,14,0.18729512563892162,21,10,0.0,0.0,0.0,False,21,21,,,,,
501,16,14,0.18729512563892162,21,11,0.0,0.0,0.0,False,17,21,,,,,
501,16,14,0.18729512563892162,21,12,0.0,0.0,0.0,False,16,21,,,,,
501,16,14,0.18729512563892162,21,13,0.0,0.0,0.0,False,15,21,,,,,
501,16,11,0.08976198211889808,43,0,0.0,0.0,0.0,False,42,43,,,,,
501,16,11,0.08976198211889808,43,1,0.18604651162790697,0.21052631578947367,0.19753086419753085,False,38,43,,,,,
501,16,11,0.08976198211889808,43,2,0.0,0.0,0.0,False,37,43,,,,,
501,16,11,0.08976198211889808,43,3,0.0,0.0,0.0,False,34,43,,,,,
501,16,11,0.08976198211889808,43,4,0.7209302325581395,1.0,0.8378378378378378,True,31,43,0.5896377068979706,0.7385577854618909,0.21622272062346382,"[-0.032324210733893466, 0.19648754253621803]",0.19912862418921906
501,16,11,0.08976198211889808,43,5,0.0,0.0,0.0,False,28,43,,,,,
501,16,11,0.08976198211889808,43,6,0.0,0.0,0.0,False,26,43,,,,,
501,16,11,0.08976198211889808,43,7,0.0,0.0,0.0,False,26,43,,,,,
501,16,11,0.08976198211889808,43,8,0.0,0.0,0.0,False,24,43,,,,,
501,16,11,0.08976198211889808,43,9,0.0,0.0,0.0,False,22,43,,,,,
501,16,11,0.08976198211889808,43,10,0.0,0.0,0.0,False,21,43,,,,,
501,16,11,0.08976198211889808,43,11,0.0,0.0,0.0,False,17,43,,,,,
501,16,11,0.08976198211889808,43,12,0.0,0.0,0.0,False,16,43,,,,,
501,16,11,0.08976198211889808,43,13,0.0,0.0,0.0,False,15,43,,,,,
501,16,12,0.08001995824279229,43,0,0.0,0.0,0.0,False,42,43,,,,,
501,16,12,0.08001995824279229,43,1,0.18604651162790697,0.21052631578947367,0.19753086419753085,False,38,43,,,,,
501,16,12,0.08001995824279229,43,2,0.0,0.0,0.0,False,37,43,,,,,
501,16,12,0.08001995824279229,43,3,0.0,0.0,0.0,False,34,43,,,,,
501,16,12,0.08001995824279229,43,4,0.7209302325581395,1.0,0.8378378378378378,True,31,43,0.5896377068979706,0.7385577854618909,0.21622272062346382,"[-0.032324210733893466, 0.19648754253621803]",0.19912862418921906
501,16,12,0.08001995824279229,43,5,0.0,0.0,0.0,False,28,43,,,,,
501,16,12,0.08001995824279229,43,6,0.0,0.0,0.0,False,26,43,,,,,
501,16,12,0.08001995824279229,43,7,0.0,0.0,0.0,False,26,43,,,,,
501,16,12,0.08001995824279229,43,8,0.0,0.0,0.0,False,24,43,,,,,
501,16,12,0.08001995824279229,43,9,0.0,0.0,0.0,False,22,43,,,,,
501,16,12,0.08001995824279229,43,10,0.0,0.0,0.0,False,21,43,,,,,
501,16,12,0.08001995824279229,43,11,0.0,0.0,0.0,False,17,43,,,,,
501,16,12,0.08001995824279229,43,12,0.0,0.0,0.0,False,16,43,,,,,
501,16,12,0.08001995824279229,43,13,0.0,0.0,0.0,False,15,43,,,,,
501,17,9,0.25095607874230896,31,0,0.0,0.0,0.0,False,44,31,,,,,
501,17,9,0.25095607874230896,31,1,0.0,0.0,0.0,False,36,31,,,,,
501,17,9,0.25095607874230896,31,2,0.0,0.0,0.0,False,35,31,,,,,
501,17,9,0.25095607874230896,31,3,0.0,0.0,0.0,False,27,31,,,,,
501,17,9,0.25095607874230896,31,4,0.0,0.0,0.0,False,27,31,,,,,
501,17,9,0.25095607874230896,31,5,0.0,0.0,0.0,False,26,31,,,,,
501,17,9,0.25095607874230896,31,6,0.0,0.0,0.0,False,25,31,,,,,
501,17,9,0.25095607874230896,31,7,0.0,0.0,0.0,False,24,31,,,,,
501,17,9,0.25095607874230896,31,8,0.0,0.0,0.0,False,22,31,,,,,
501,17,9,0.25095607874230896,31,9,0.5806451612903226,1.0,0.7346938775510204,True,18,31,0.5183601347555195,0.64816038043282,0.25377936466006423,"[-0.15016741269676714, 0.6655033069202823]",0.6822352258260141
501,17,9,0.25095607874230896,31,10,0.0,0.0,0.0,False,16,31,,,,,
501,17,9,0.25095607874230896,31,11,0.0,0.0,0.0,False,16,31,,,,,
501,17,9,0.25095607874230896,31,12,0.0,0.0,0.0,False,15,31,,,,,
501,17,9,0.25095607874230896,31,13,0.41935483870967744,1.0,0.5909090909090909,True,13,31,0.4494142264985087,0.5343111451448581,0.29010743892462654,"[-0.270537428573709, -3.047619963428076]",3.059604213251221
501,17,9,0.25095607874230896,31,14,0.0,0.0,0.0,False,13,31,,,,,
501,17,9,0.25095607874230896,31,15,0.0,0.0,0.0,False,12,31,,,,,
501,17,10,0.22371937949336562,31,0,0.0,0.0,0.0,False,44,31,,,,,
501,17,10,0.22371937949336562,31,1,0.0,0.0,0.0,False,36,31,,,,,
501,17,10,0.22371937949336562,31,2,0.0,0.0,0.0,False,35,31,,,,,
501,17,10,0.22371937949336562,31,3,0.0,0.0,0.0,False,27,31,,,,,
501,17,10,0.22371937949336562,31,4,0.0,0.0,0.0,False,27,31,,,,,
501,17,10,0.22371937949336562,31,5,0.0,0.0,0.0,False,26,31,,,,,
501,17,10,0.22371937949336562,31,6,0.0,0.0,0.0,False,25,31,,,,,
501,17,10,0.22371937949336562,31,7,0.0,0.0,0.0,False,24,31,,,,,
501,17,10,0.22371937949336562,31,8,0.0,0.0,0.0,False,22,31,,,,,
501,17,10,0.22371937949336562,31,9,0.5806451612903226,1.0,0.7346938775510204,True,18,31,0.5183601347555195,0.64816038043282,0.25377936466006423,"[-0.15016741269676714, 0.6655033069202823]",0.6822352258260141
501,17,10,0.22371937949336562,31,10,0.0,0.0,0.0,False,16,31,,,,,
501,17,10,0.22371937949336562,31,11,0.0,0.0,0.0,False,16,31,,,,,
501,17,10,0.22371937949336562,31,12,0.0,0.0,0.0,False,15,31,,,,,
501,17,10,0.22371937949336562,31,13,0.41935483870967744,1.0,0.5909090909090909,True,13,31,0.4494142264985087,0.5343111451448581,0.29010743892462654,"[-0.270537428573709, -3.047619963428076]",3.059604213251221
501,17,10,0.22371937949336562,31,14,0.0,0.0,0.0,False,13,31,,,,,
501,17,10,0.22371937949336562,31,15,0.0,0.0,0.0,False,12,31,,,,,
501,17,14,0.20314182699306324,37,0,0.0,0.0,0.0,False,44,37,,,,,
501,17,14,0.20314182699306324,37,1,0.0,0.0,0.0,False,36,37,,,,,
501,17,14,0.20314182699306324,37,2,0.9459459459459459,1.0,0.9722222222222222,True,35,37,0.7504384360684375,0.8835087077607082,0.13149570811788133,"[-0.1966594105387749, -0.004165262608008646]",0.19670351589651894
501,17,14,0.20314182699306324,37,3,0.05405405405405406,0.07407407407407407,0.0625,False,27,37,,,,,
501,17,14,0.20314182699306324,37,4,0.0,0.0,0.0,False,27,37,,,,,
501,17,14,0.20314182699306324,37,5,0.0,0.0,0.0,False,26,37,,,,,
501,17,14,0.20314182699306324,37,6,0.0,0.0,0.0,False,25,37,,,,,
501,17,14,0.20314182699306324,37,7,0.0,0.0,0.0,False,24,37,,,,,
501,17,14,0.20314182699306324,37,8,0.0,0.0,0.0,False,22,37,,,,,
501,17,14,0.20314182699306324,37,9,0.0,0.0,0.0,False,18,37,,,,,
501,17,14,0.20314182699306324,37,10,0.0,0.0,0.0,False,16,37,,,,,
501,17,14,0.20314182699306324,37,11,0.0,0.0,0.0,False,16,37,,,,,
501,17,14,0.20314182699306324,37,12,0.0,0.0,0.0,False,15,37,,,,,
501,17,14,0.20314182699306324,37,13,0.0,0.0,0.0,False,13,37,,,,,
501,17,14,0.20314182699306324,37,14,0.0,0.0,0.0,False,13,37,,,,,
501,17,14,0.20314182699306324,37,15,0.0,0.0,0.0,False,12,37,,,,,
501,17,18,0.1380358319421141,16,0,0.0,0.0,0.0,False,44,16,,,,,
501,17,18,0.1380358319421141,16,1,0.0,0.0,0.0,False,36,16,,,,,
501,17,18,0.1380358319421141,16,2,0.0,0.0,0.0,False,35,16,,,,,
501,17,18,0.1380358319421141,16,3,0.0,0.0,0.0,False,27,16,,,,,
501,17,18,0.1380358319421141,16,4,0.0,0.0,0.0,False,27,16,,,,,
501,17,18,0.1380358319421141,16,5,0.0,0.0,0.0,False,26,16,,,,,
501,17,18,0.1380358319421141,16,6,0.0,0.0,0.0,False,25,16,,,,,
501,17,18,0.1380358319421141,16,7,0.0,0.0,0.0,False,24,16,,,,,
501,17,18,0.1380358319421141,16,8,0.0,0.0,0.0,False,22,16,,,,,
501,17,18,0.1380358319421141,16,9,0.0,0.0,0.0,False,18,16,,,,,
501,17,18,0.1380358319421141,16,10,0.0,0.0,0.0,False,16,16,,,,,
501,17,18,0.1380358319421141,16,11,1.0,1.0,1.0,True,16,16,0.7859968810688673,0.914398752427547,0.11275971836352759,"[-0.05249999999999844, -0.017499999999998295]",0.05533985905294462
501,17,18,0.1380358319421141,16,12,0.0,0.0,0.0,False,15,16,,,,,
501,17,18,0.1380358319421141,16,13,0.0,0.0,0.0,False,13,16,,,,,
501,17,18,0.1380358319421141,16,14,0.0,0.0,0.0,False,13,16,,,,,
501,17,18,0.1380358319421141,16,15,0.0,0.0,0.0,False,12,16,,,,,
501,17,11,0.09735658085040069,31,0,0.0,0.0,0.0,False,44,31,,,,,
501,17,11,0.09735658085040069,31,1,0.0,0.0,0.0,False,36,31,,,,,
501,17,11,0.09735658085040069,31,2,0.0,0.0,0.0,False,35,31,,,,,
501,17,11,0.09735658085040069,31,3,0.0,0.0,0.0,False,27,31,,,,,
501,17,11,0.09735658085040069,31,4,0.0,0.0,0.0,False,27,31,,,,,
501,17,11,0.09735658085040069,31,5,0.0,0.0,0.0,False,26,31,,,,,
501,17,11,0.09735658085040069,31,6,0.0,0.0,0.0,False,25,31,,,,,
501,17,11,0.09735658085040069,31,7,0.0,0.0,0.0,False,24,31,,,,,
501,17,11,0.09735658085040069,31,8,0.0,0.0,0.0,False,22,31,,,,,
501,17,11,0.09735658085040069,31,9,0.5806451612903226,1.0,0.7346938775510204,True,18,31,0.5183601347555195,0.64816038043282,0.25377936466006423,"[-0.15016741269676714, 0.6655033069202823]",0.6822352258260141
501,17,11,0.09735658085040069,31,10,0.0,0.0,0.0,False,16,31,,,,,
501,17,11,0.09735658085040069,31,11,0.0,0.0,0.0,False,16,31,,,,,
501,17,11,0.09735658085040069,31,12,0.0,0.0,0.0,False,15,31,,,,,
501,17,11,0.09735658085040069,31,13,0.41935483870967744,1.0,0.5909090909090909,True,13,31,0.4494142264985087,0.5343111451448581,0.29010743892462654,"[-0.270537428573709, -3.047619963428076]",3.059604213251221
501,17,11,0.09735658085040069,31,14,0.0,0.0,0.0,False,13,31,,,,,
501,17,11,0.09735658085040069,31,15,0.0,0.0,0.0,False,12,31,,,,,
501,17,12,0.08679030197874747,31,0,0.0,0.0,0.0,False,44,31,,,,,
501,17,12,0.08679030197874747,31,1,0.0,0.0,0.0,False,36,31,,,,,
501,17,12,0.08679030197874747,31,2,0.0,0.0,0.0,False,35,31,,,,,
501,17,12,0.08679030197874747,31,3,0.0,0.0,0.0,False,27,31,,,,,
501,17,12,0.08679030197874747,31,4,0.0,0.0,0.0,False,27,31,,,,,
501,17,12,0.08679030197874747,31,5,0.0,0.0,0.0,False,26,31,,,,,
501,17,12,0.08679030197874747,31,6,0.0,0.0,0.0,False,25,31,,,,,
501,17,12,0.08679030197874747,31,7,0.0,0.0,0.0,False,24,31,,,,,
501,17,12,0.08679030197874747,31,8,0.0,0.0,0.0,False,22,31,,,,,
501,17,12,0.08679030197874747,31,9,0.5806451612903226,1.0,0.7346938775510204,True,18,31,0.5183601347555195,0.64816038043282,0.25377936466006423,"[-0.15016741269676714, 0.6655033069202823]",0.6822352258260141
501,17,12,0.08679030197874747,31,10,0.0,0.0,0.0,False,16,31,,,,,
501,17,12,0.08679030197874747,31,11,0.0,0.0,0.0,False,16,31,,,,,
501,17,12,0.08679030197874747,31,12,0.0,0.0,0.0,False,15,31,,,,,
501,17,12,0.08679030197874747,31,13,0.41935483870967744,1.0,0.5909090909090909,True,13,31,0.4494142264985087,0.5343111451448581,0.29010743892462654,"[-0.270537428573709, -3.047619963428076]",3.059604213251221
501,17,12,0.08679030197874747,31,14,0.0,0.0,0.0,False,13,31,,,,,
501,17,12,0.08679030197874747,31,15,0.0,0.0,0.0,False,12,31,,,,,
501,18,14,0.2489931370214061,35,0,0.0,0.0,0.0,False,43,35,,,,,
501,18,14,0.2489931370214061,35,1,1.0,0.9722222222222222,0.9859154929577465,True,36,35,0.800142594705014,0.9116063336566536,0.10530624435048616,"[0.06719901905904457, -0.10144928882239768]",0.12168675509301782
501,18,14,0.2489931370214061,35,2,0.0,0.0,0.0,False,35,35,,,,,
501,18,14,0.2489931370214061,35,3,0.0,0.0,0.0,False,29,35,,,,,
501,18,14,0.2489931370214061,35,4,0.0,0.0,0.0,False,27,35,,,,,
501,18,14,0.2489931370214061,35,5,0.0,0.0,0.0,False,26,35,,,,,
501,18,14,0.2489931370214061,35,6,0.0,0.0,0.0,False,26,35,,,,,
501,18,14,0.2489931370214061,35,7,0.0,0.0,0.0,False,25,35,,,,,
501,18,14,0.2489931370214061,35,8,0.0,0.0,0.0,False,25,35,,,,,
501,18,14,0.2489931370214061,35,9,0.0,0.0,0.0,False,18,35,,,,,
501,18,14,0.2489931370214061,35,10,0.0,0.0,0.0,False,16,35,,,,,
501,18,14,0.2489931370214061,35,11,0.0,0.0,0.0,False,16,35,,,,,
501,18,14,0.2489931370214061,35,12,0.0,0.0,0.0,False,15,35,,,,,
501,18,14,0.2489931370214061,35,13,0.0,0.0,0.0,False,13,35,,,,,
501,18,14,0.2489931370214061,35,14,0.0,0.0,0.0,False,13,35,,,,,
501,18,14,0.2489931370214061,35,15,0.0,0.0,0.0,False,12,35,,,,,
501,18,19,0.1882268402109289,18,0,0.0,0.0,0.0,False,43,18,,,,,
501,18,19,0.1882268402109289,18,1,0.0,0.0,0.0,False,36,18,,,,,
501,18,19,0.1882268402109289,18,2,0.0,0.0,0.0,False,35,18,,,,,
501,18,19,0.1882268402109289,18,3,0.0,0.0,0.0,False,29,18,,,,,
501,18,19,0.1882268402109289,18,4,0.0,0.0,0.0,False,27,18,,,,,
501,18,19,0.1882268402109289,18,5,0.0,0.0,0.0,False,26,18,,,,,
501,18,19,0.1882268402109289,18,6,0.0,0.0,0.0,False,26,18,,,,,
501,18,19,0.1882268402109289,18,7,0.0,0.0,0.0,False,25,18,,,,,
501,18,19,0.1882268402109289,18,8,0.0,0.0,0.0,False,25,18,,,,,
501,18,19,0.1882268402109289,18,9,1.0,1.0,1.0,True,18,18,0.8125865755792501,0.9250346302317001,0.09874942505874708,"[0.0777777777777775, 0.10888888888888815]",0.1338139485984401
501,18,19,0.1882268402109289,18,10,0.0,0.0,0.0,False,16,18,,,,,
501,18,19,0.1882268402109289,18,11,0.0,0.0,0.0,False,16,18,,,,,
501,18,19,0.1882268402109289,18,12,0.0,0.0,0.0,False,15,18,,,,,
501,18,19,0.1882268402109289,18,13,0.0,0.0,0.0,False,13,18,,,,,
501,18,19,0.1882268402109289,18,14,0.0,0.0,0.0,False,13,18,,,,,
501,18,19,0.1882268402109289,18,15,0.0,0.0,0.0,False,12,18,,,,,
501,18,18,0.1691920139016976,16,0,0.0,0.0,0.0,False,43,16,,,,,
501,18,18,0.1691920139016976,16,1,0.0,0.0,0.0,False,36,16,,,,,
501,18,18,0.1691920139016976,16,2,0.0,0.0,0.0,False,35,16,,,,,
501,18,18,0.1691920139016976,16,3,0.0,0.0,0.0,False,29,16,,,,,
501,18,18,0.1691920139016976,16,4,0.0,0.0,0.0,False,27,16,,,,,
501,18,18,0.1691920139016976,16,5,0.0,0.0,0.0,False,26,16,,,,,
501,18,18,0.1691920139016976,16,6,0.0,0.0,0.0,False,26,16,,,,,
501,18,18,0.1691920139016976,16,7,0.0,0.0,0.0,False,25,16,,,,,
501,18,18,0.1691920139016976,16,8,0.0,0.0,0.0,False,25,16,,,,,
501,18,18,0.1691920139016976,16,9,0.0,0.0,0.0,False,18,16,,,,,
501,18,18,0.1691920139016976,16,10,0.0,0.0,0.0,False,16,16,,,,,
501,18,18,0.1691920139016976,16,11,1.0,1.0,1.0,True,16,16,0.7339292603483095,0.8935717041393239,0.14019450659293856,"[0.017499999999998295, -0.08750000000000213]",0.0892328414878755
501,18,18,0.1691920139016976,16,12,0.0,0.0,0.0,False,15,16,,,,,
501,18,18,0.1691920139016976,16,13,0.0,0.0,0.0,False,13,16,,,,,
501,18,18,0.1691920139016976,16,14,0.0,0.0,0.0,False,13,16,,,,,
501,18,18,0.1691920139016976,16,15,0.0,0.0,0.0,False,12,16,,,,,
501,18,21,0.16779825420856212,18,0,0.0,0.0,0.0,False,43,18,,,,,
501,18,21,0.16779825420856212,18,1,0.0,0.0,0.0,False,36,18,,,,,
501,18,21,0.16779825420856212,18,2,0.0,0.0,0.0,False,35,18,,,,,
501,18,21,0.16779825420856212,18,3,0.0,0.0,0.0,False,29,18,,,,,
501,18,21,0.16779825420856212,18,4,0.0,0.0,0.0,False,27,18,,,,,
501,18,21,0.16779825420856212,18,5,0.0,0.0,0.0,False,26,18,,,,,
501,18,21,0.16779825420856212,18,6,0.0,0.0,0.0,False,26,18,,,,,
501,18,21,0.16779825420856212,18,7,0.0,0.0,0.0,False,25,18,,,,,
501,18,21,0.16779825420856212,18,8,0.0,0.0,0.0,False,25,18,,,,,
501,18,21,0.16779825420856212,18,9,1.0,1.0,1.0,True,18,18,0.8125865755792501,0.9250346302317001,0.09874942505874708,"[0.0777777777777775, 0.10888888888888815]",0.1338139485984401
501,18,21,0.16779825420856212,18,10,0.0,0.0,0.0,False,16,18,,,,,
501,18,21,0.16779825420856212,18,11,0.0,0.0,0.0,False,16,18,,,,,
501,18,21,0.16779825420856212,18,12,0.0,0.0,0.0,False,15,18,,,,,
501,18,21,0.16779825420856212,18,13,0.0,0.0,0.0,False,13,18,,,,,
501,18,21,0.16779825420856212,18,14,0.0,0.0,0.0,False,13,18,,,,,
501,18,21,0.16779825420856212,18,15,0.0,0.0,0.0,False,12,18,,,,,
501,18,20,0.11937274292549854,13,0,0.0,0.0,0.0,False,43,13,,,,,
501,18,20,0.11937274292549854,13,1,0.0,0.0,0.0,False,36,13,,,,,
501,18,20,0.11937274292549854,13,2,0.0,0.0,0.0,False,35,13,,,,,
501,18,20,0.11937274292549854,13,3,0.0,0.0,0.0,False,29,13,,,,,
501,18,20,0.11937274292549854,13,4,0.0,0.0,0.0,False,27,13,,,,,
501,18,20,0.11937274292549854,13,5,0.0,0.0,0.0,False,26,13,,,,,
501,18,20,0.11937274292549854,13,6,0.0,0.0,0.0,False,26,13,,,,,
501,18,20,0.11937274292549854,13,7,0.0,0.0,0.0,False,25,13,,,,,
501,18,20,0.11937274292549854,13,8,0.0,0.0,0.0,False,25,13,,,,,
501,18,20,0.11937274292549854,13,9,0.0,0.0,0.0,False,18,13,,,,,
501,18,20,0.11937274292549854,13,10,0.0,0.0,0.0,False,16,13,,,,,
501,18,20,0.11937274292549854,13,11,0.0,0.0,0.0,False,16,13,,,,,
501,18,20,0.11937274292549854,13,12,0.0,0.0,0.0,False,15,13,,,,,
501,18,20,0.11937274292549854,13,13,1.0,1.0,1.0,True,13,13,0.8560428877661193,0.9424171551064477,0.07585199464846512,"[0.021538461538462172, 0.08615384615384691]",0.08880535193638127
501,18,20,0.11937274292549854,13,14,0.0,0.0,0.0,False,13,13,,,,,
501,18,20,0.11937274292549854,13,15,0.0,0.0,0.0,False,12,13,,,,,
501,18,22,0.10641701173190667,13,0,0.0,0.0,0.0,False,43,13,,,,,
501,18,22,0.10641701173190667,13,1,0.0,0.0,0.0,False,36,13,,,,,
501,18,22,0.10641701173190667,13,2,0.0,0.0,0.0,False,35,13,,,,,
501,18,22,0.10641701173190667,13,3,0.0,0.0,0.0,False,29,13,,,,,
501,18,22,0.10641701173190667,13,4,0.0,0.0,0.0,False,27,13,,,,,
501,18,22,0.10641701173190667,13,5,0.0,0.0,0.0,False,26,13,,,,,
501,18,22,0.10641701173190667,13,6,0.0,0.0,0.0,False,26,13,,,,,
501,18,22,0.10641701173190667,13,7,0.0,0.0,0.0,False,25,13,,,,,
501,18,22,0.10641701173190667,13,8,0.0,0.0,0.0,False,25,13,,,,,
501,18,22,0.10641701173190667,13,9,0.0,0.0,0.0,False,18,13,,,,,
501,18,22,0.10641701173190667,13,10,0.0,0.0,0.0,False,16,13,,,,,
501,18,22,0.10641701173190667,13,11,0.0,0.0,0.0,False,16,13,,,,,
501,18,22,0.10641701173190667,13,12,0.0,0.0,0.0,False,15,13,,,,,
501,18,22,0.10641701173190667,13,13,1.0,1.0,1.0,True,13,13,0.8560428877661193,0.9424171551064477,0.07585199464846512,"[0.021538461538462172, 0.08615384615384691]",0.08880535193638127
501,18,22,0.10641701173190667,13,14,0.0,0.0,0.0,False,13,13,,,,,
501,18,22,0.10641701173190667,13,15,0.0,0.0,0.0,False,12,13,,,,,
501,19,14,0.24899313702140613,36,0,0.0,0.0,0.0,False,49,36,,,,,
501,19,14,0.24899313702140613,36,1,0.0,0.0,0.0,False,40,36,,,,,
501,19,14,0.24899313702140613,36,2,0.9722222222222222,1.0,0.9859154929577465,True,35,36,0.8237656699050061,0.9210555637366503,0.09285908320752759,"[-0.05919901905904368, -0.05055071117760335]",0.0778453483396053
501,19,14,0.24899313702140613,36,3,0.027777777777777776,0.029411764705882353,0.02857142857142857,False,34,36,,,,,
501,19,14,0.24899313702140613,36,4,0.0,0.0,0.0,False,27,36,,,,,
501,19,14,0.24899313702140613,36,5,0.0,0.0,0.0,False,25,36,,,,,
501,19,14,0.24899313702140613,36,6,0.0,0.0,0.0,False,23,36,,,,,
501,19,14,0.24899313702140613,36,7,0.0,0.0,0.0,False,22,36,,,,,
501,19,14,0.24899313702140613,36,8,0.0,0.0,0.0,False,21,36,,,,,
501,19,14,0.24899313702140613,36,9,0.0,0.0,0.0,False,19,36,,,,,
501,19,14,0.24899313702140613,36,10,0.0,0.0,0.0,False,19,36,,,,,
501,19,14,0.24899313702140613,36,11,0.0,0.0,0.0,False,18,36,,,,,
501,19,14,0.24899313702140613,36,12,0.0,0.0,0.0,False,15,36,,,,,
501,19,14,0.24899313702140613,36,13,0.0,0.0,0.0,False,13,36,,,,,
501,19,19,0.18822684021092892,18,0,0.0,0.0,0.0,False,49,18,,,,,
501,19,19,0.18822684021092892,18,1,0.0,0.0,0.0,False,40,18,,,,,
501,19,19,0.18822684021092892,18,2,0.0,0.0,0.0,False,35,18,,,,,
501,19,19,0.18822684021092892,18,3,0.0,0.0,0.0,False,34,18,,,,,
501,19,19,0.18822684021092892,18,4,0.0,0.0,0.0,False,27,18,,,,,
501,19,19,0.18822684021092892,18,5,0.0,0.0,0.0,False,25,18,,,,,
501,19,19,0.18822684021092892,18,6,0.0,0.0,0.0,False,23,18,,,,,
501,19,19,0.18822684021092892,18,7,0.0,0.0,0.0,False,22,18,,,,,
501,19,19,0.18822684021092892,18,8,0.0,0.0,0.0,False,21,18,,,,,
501,19,19,0.18822684021092892,18,9,0.0,0.0,0.0,False,19,18,,,,,
501,19,19,0.18822684021092892,18,10,0.0,0.0,0.0,False,19,18,,,,,
501,19,19,0.18822684021092892,18,11,1.0,1.0,1.0,True,18,18,0.7874465612408608,0.9149786244963443,0.11199587188910415,"[0.09333333333333371, 0.06222222222222484]",0.11217270634777032
501,19,19,0.18822684021092892,18,12,0.0,0.0,0.0,False,15,18,,,,,
501,19,19,0.18822684021092892,18,13,0.0,0.0,0.0,False,13,18,,,,,
501,19,18,0.16919201390169764,16,0,0.0,0.0,0.0,False,49,16,,,,,
501,19,18,0.16919201390169764,16,1,0.0,0.0,0.0,False,40,16,,,,,
501,19,18,0.16919201390169764,16,2,0.0,0.0,0.0,False,35,16,,,,,
501,19,18,0.16919201390169764,16,3,0.4375,0.20588235294117646,0.28,True,34,16,0.28765314204809,0.283061256819236,0.37534046924638453,"[0.12000796229936128, -2.8878691809685115]",2.890361623984616
501,19,18,0.16919201390169764,16,4,0.0,0.0,0.0,False,27,16,,,,,
501,19,18,0.16919201390169764,16,5,0.0,0.0,0.0,False,25,16,,,,,
501,19,18,0.16919201390169764,16,6,0.0,0.0,0.0,False,23,16,,,,,
501,19,18,0.16919201390169764,16,7,0.5625,0.4090909090909091,0.47368421052631576,True,22,16,0.26624191954735354,0.3907072941347309,0.3866221899570944,"[-24.328856551490308, -0.021775435501115936]",24.328866296491995
501,19,18,0.16919201390169764,16,8,0.0,0.0,0.0,False,21,16,,,,,
501,19,18,0.16919201390169764,16,9,0.0,0.0,0.0,False,19,16,,,,,
501,19,18,0.16919201390169764,16,10,0.0,0.0,0.0,False,19,16,,,,,
501,19,18,0.16919201390169764,16,11,0.0,0.0,0.0,False,18,16,,,,,
501,19,18,0.16919201390169764,16,12,0.0,0.0,0.0,False,15,16,,,,,
501,19,18,0.16919201390169764,16,13,0.0,0.0,0.0,False,13,16,,,,,
501,19,21,0.16779825420856215,18,0,0.0,0.0,0.0,False,49,18,,,,,
501,19,21,0.16779825420856215,18,1,0.0,0.0,0.0,False,40,18,,,,,
501,19,21,0.16779825420856215,18,2,0.0,0.0,0.0,False,35,18,,,,,
501,19,21,0.16779825420856215,18,3,0.0,0.0,0.0,False,34,18,,,,,
501,19,21,0.16779825420856215,18,4,0.0,0.0,0.0,False,27,18,,,,,
501,19,21,0.16779825420856215,18,5,0.0,0.0,0.0,False,25,18,,,,,
501,19,21,0.16779825420856215,18,6,0.0,0.0,0.0,False,23,18,,,,,
501,19,21,0.16779825420856215,18,7,0.0,0.0,0.0,False,22,18,,,,,
501,19,21,0.16779825420856215,18,8,0.0,0.0,0.0,False,21,18,,,,,
501,19,21,0.16779825420856215,18,9,0.0,0.0,0.0,False,19,18,,,,,
501,19,21,0.16779825420856215,18,10,0.0,0.0,0.0,False,19,18,,,,,
501,19,21,0.16779825420856215,18,11,1.0,1.0,1.0,True,18,18,0.7874465612408608,0.9149786244963443,0.11199587188910415,"[0.09333333333333371, 0.06222222222222484]",0.11217270634777032
501,19,21,0.16779825420856215,18,12,0.0,0.0,0.0,False,15,18,,,,,
501,19,21,0.16779825420856215,18,13,0.0,0.0,0.0,False,13,18,,,,,
501,19,20,0.11937274292549856,13,0,0.0,0.0,0.0,False,49,13,,,,,
501,19,20,0.11937274292549856,13,1,0.0,0.0,0.0,False,40,13,,,,,
501,19,20,0.11937274292549856,13,2,0.0,0.0,0.0,False,35,13,,,,,
501,19,20,0.11937274292549856,13,3,0.0,0.0,0.0,False,34,13,,,,,
501,19,20,0.11937274292549856,13,4,0.0,0.0,0.0,False,27,13,,,,,
501,19,20,0.11937274292549856,13,5,0.0,0.0,0.0,False,25,13,,,,,
501,19,20,0.11937274292549856,13,6,0.0,0.0,0.0,False,23,13,,,,,
501,19,20,0.11937274292549856,13,7,0.0,0.0,0.0,False,22,13,,,,,
501,19,20,0.11937274292549856,13,8,0.0,0.0,0.0,False,21,13,,,,,
501,19,20,0.11937274292549856,13,9,0.0,0.0,0.0,False,19,13,,,,,
501,19,20,0.11937274292549856,13,10,0.0,0.0,0.0,False,19,13,,,,,
501,19,20,0.11937274292549856,13,11,0.0,0.0,0.0,False,18,13,,,,,
501,19,20,0.11937274292549856,13,12,0.0,0.0,0.0,False,15,13,,,,,
501,19,20,0.11937274292549856,13,13,1.0,1.0,1.0,True,13,13,0.8547817291919109,0.9419126916767644,0.07651650779364624,"[0.04307692307692257, 0.06461538461538474]",0.0776580274715319
501,19,22,0.10641701173190668,13,0,0.0,0.0,0.0,False,49,13,,,,,
501,19,22,0.10641701173190668,13,1,0.0,0.0,0.0,False,40,13,,,,,
501,19,22,0.10641701173190668,13,2,0.0,0.0,0.0,False,35,13,,,,,
501,19,22,0.10641701173190668,13,3,0.0,0.0,0.0,False,34,13,,,,,
501,19,22,0.10641701173190668,13,4,0.0,0.0,0.0,False,27,13,,,,,
501,19,22,0.10641701173190668,13,5,0.0,0.0,0.0,False,25,13,,,,,
501,19,22,0.10641701173190668,13,6,0.0,0.0,0.0,False,23,13,,,,,
501,19,22,0.10641701173190668,13,7,0.0,0.0,0.0,False,22,13,,,,,
501,19,22,0.10641701173190668,13,8,0.0,0.0,0.0,False,21,13,,,,,
501,19,22,0.10641701173190668,13,9,0.0,0.0,0.0,False,19,13,,,,,
501,19,22,0.10641701173190668,13,10,0.0,0.0,0.0,False,19,13,,,,,
501,19,22,0.10641701173190668,13,11,0.0,0.0,0.0,False,18,13,,,,,
501,19,22,0.10641701173190668,13,12,0.0,0.0,0.0,False,15,13,,,,,
501,19,22,0.10641701173190668,13,13,1.0,1.0,1.0,True,13,13,0.8547817291919109,0.9419126916767644,0.07651650779364624,"[0.04307692307692257, 0.06461538461538474]",0.0776580274715319
501,20,14,0.2667762922620187,35,0,0.0,0.0,0.0,False,41,35,,,,,
501,20,14,0.2667762922620187,35,1,0.0,0.0,0.0,False,39,35,,,,,
501,20,14,0.2667762922620187,35,2,1.0,0.9722222222222222,0.9859154929577465,True,36,35,0.7745641914006234,0.9013749723348973,0.1187836813485888,"[0.10586568572571053, -0.0583381777112848]",0.12087549955573444
501,20,14,0.2667762922620187,35,3,0.0,0.0,0.0,False,32,35,,,,,
501,20,14,0.2667762922620187,35,4,0.0,0.0,0.0,False,24,35,,,,,
501,20,14,0.2667762922620187,35,5,0.0,0.0,0.0,False,22,35,,,,,
501,20,14,0.2667762922620187,35,6,0.0,0.0,0.0,False,21,35,,,,,
501,20,14,0.2667762922620187,35,7,0.0,0.0,0.0,False,20,35,,,,,
501,20,14,0.2667762922620187,35,8,0.0,0.0,0.0,False,19,35,,,,,
501,20,14,0.2667762922620187,35,9,0.0,0.0,0.0,False,19,35,,,,,
501,20,14,0.2667762922620187,35,10,0.0,0.0,0.0,False,18,35,,,,,
501,20,14,0.2667762922620187,35,11,0.0,0.0,0.0,False,17,35,,,,,
501,20,14,0.2667762922620187,35,12,0.0,0.0,0.0,False,16,35,,,,,
501,20,14,0.2667762922620187,35,13,0.0,0.0,0.0,False,15,35,,,,,
501,20,14,0.2667762922620187,35,14,0.0,0.0,0.0,False,13,35,,,,,
501,20,19,0.20167005057392445,18,0,0.0,0.0,0.0,False,41,18,,,,,
501,20,19,0.20167005057392445,18,1,0.0,0.0,0.0,False,39,18,,,,,
501,20,19,0.20167005057392445,18,2,0.0,0.0,0.0,False,36,18,,,,,
501,20,19,0.20167005057392445,18,3,0.0,0.0,0.0,False,32,18,,,,,
501,20,19,0.20167005057392445,18,4,0.0,0.0,0.0,False,24,18,,,,,
501,20,19,0.20167005057392445,18,5,0.0,0.0,0.0,False,22,18,,,,,
501,20,19,0.20167005057392445,18,6,0.0,0.0,0.0,False,21,18,,,,,
501,20,19,0.20167005057392445,18,7,0.0,0.0,0.0,False,20,18,,,,,
501,20,19,0.20167005057392445,18,8,1.0,0.9473684210526315,0.972972972972973,True,19,18,0.7775303379432164,0.8947959189610704,0.11722079829137805,"[-0.07006399447813116, 0.06426572291997346]",0.09507390001813534
501,20,19,0.20167005057392445,18,9,0.0,0.0,0.0,False,19,18,,,,,
501,20,19,0.20167005057392445,18,10,0.0,0.0,0.0,False,18,18,,,,,
501,20,19,0.20167005057392445,18,11,0.0,0.0,0.0,False,17,18,,,,,
501,20,19,0.20167005057392445,18,12,0.0,0.0,0.0,False,16,18,,,,,
501,20,19,0.20167005057392445,18,13,0.0,0.0,0.0,False,15,18,,,,,
501,20,19,0.20167005057392445,18,14,0.0,0.0,0.0,False,13,18,,,,,
501,20,21,0.17978244959398798,18,0,0.0,0.0,0.0,False,41,18,,,,,
501,20,21,0.17978244959398798,18,1,0.0,0.0,0.0,False,39,18,,,,,
501,20,21,0.17978244959398798,18,2,0.0,0.0,0.0,False,36,18,,,,,
501,20,21,0.17978244959398798,18,3,0.0,0.0,0.0,False,32,18,,,,,
501,20,21,0.17978244959398798,18,4,0.0,0.0,0.0,False,24,18,,,,,
501,20,21,0.17978244959398798,18,5,0.0,0.0,0.0,False,22,18,,,,,
501,20,21,0.17978244959398798,18,6,0.0,0.0,0.0,False,21,18,,,,,
501,20,21,0.17978244959398798,18,7,0.0,0.0,0.0,False,20,18,,,,,
501,20,21,0.17978244959398798,18,8,1.0,0.9473684210526315,0.972972972972973,True,19,18,0.7775303379432164,0.8947959189610704,0.11722079829137805,"[-0.07006399447813116, 0.06426572291997346]",0.09507390001813534
501,20,21,0.17978244959398798,18,9,0.0,0.0,0.0,False,19,18,,,,,
501,20,21,0.17978244959398798,18,10,0.0,0.0,0.0,False,18,18,,,,,
501,20,21,0.17978244959398798,18,11,0.0,0.0,0.0,False,17,18,,,,,
501,20,21,0.17978244959398798,18,12,0.0,0.0,0.0,False,16,18,,,,,
501,20,21,0.17978244959398798,18,13,0.0,0.0,0.0,False,15,18,,,,,
501,20,21,0.17978244959398798,18,14,0.0,0.0,0.0,False,13,18,,,,,
501,20,20,0.12789837557680886,13,0,0.0,0.0,0.0,False,41,13,,,,,
501,20,20,0.12789837557680886,13,1,0.0,0.0,0.0,False,39,13,,,,,
501,20,20,0.12789837557680886,13,2,0.0,0.0,0.0,False,36,13,,,,,
501,20,20,0.12789837557680886,13,3,0.0,0.0,0.0,False,32,13,,,,,
501,20,20,0.12789837557680886,13,4,0.0,0.0,0.0,False,24,13,,,,,
501,20,20,0.12789837557680886,13,5,0.0,0.0,0.0,False,22,13,,,,,
501,20,20,0.12789837557680886,13,6,0.0,0.0,0.0,False,21,13,,,,,
501,20,20,0.12789837557680886,13,7,0.0,0.0,0.0,False,20,13,,,,,
501,20,20,0.12789837557680886,13,8,0.0,0.0,0.0,False,19,13,,,,,
501,20,20,0.12789837557680886,13,9,0.0,0.0,0.0,False,19,13,,,,,
501,20,20,0.12789837557680886,13,10,0.0,0.0,0.0,False,18,13,,,,,
501,20,20,0.12789837557680886,13,11,0.0,0.0,0.0,False,17,13,,,,,
501,20,20,0.12789837557680886,13,12,0.0,0.0,0.0,False,16,13,,,,,
501,20,20,0.12789837557680886,13,13,0.0,0.0,0.0,False,15,13,,,,,
501,20,20,0.12789837557680886,13,14,1.0,1.0,1.0,True,13,13,0.8632755361109669,0.9453102144443868,0.07204106238513724,"[0.043076923076924345, 0.06461538461538296]",0.0776580274715314
501,20,22,0.11401734265873016,13,0,0.0,0.0,0.0,False,41,13,,,,,
501,20,22,0.11401734265873016,13,1,0.0,0.0,0.0,False,39,13,,,,,
501,20,22,0.11401734265873016,13,2,0.0,0.0,0.0,False,36,13,,,,,
501,20,22,0.11401734265873016,13,3,0.0,0.0,0.0,False,32,13,,,,,
501,20,22,0.11401734265873016,13,4,0.0,0.0,0.0,False,24,13,,,,,
501,20,22,0.11401734265873016,13,5,0.0,0.0,0.0,False,22,13,,,,,
501,20,22,0.11401734265873016,13,6,0.0,0.0,0.0,False,21,13,,,,,
501,20,22,0.11401734265873016,13,7,0.0,0.0,0.0,False,20,13,,,,,
501,20,22,0.11401734265873016,13,8,0.0,0.0,0.0,False,19,13,,,,,
501,20,22,0.11401734265873016,13,9,0.0,0.0,0.0,False,19,13,,,,,
501,20,22,0.11401734265873016,13,10,0.0,0.0,0.0,False,18,13,,,,,
501,20,22,0.11401734265873016,13,11,0.0,0.0,0.0,False,17,13,,,,,
501,20,22,0.11401734265873016,13,12,0.0,0.0,0.0,False,16,13,,,,,
501,20,22,0.11401734265873016,13,13,0.0,0.0,0.0,False,15,13,,,,,
501,20,22,0.11401734265873016,13,14,1.0,1.0,1.0,True,13,13,0.8632755361109669,0.9453102144443868,0.07204106238513724,"[0.043076923076924345, 0.06461538461538296]",0.0776580274715314
501,20,28,0.10985548933452983,22,0,0.0,0.0,0.0,False,41,22,,,,,
501,20,28,0.10985548933452983,22,1,0.0,0.0,0.0,False,39,22,,,,,
501,20,28,0.10985548933452983,22,2,0.0,0.0,0.0,False,36,22,,,,,
501,20,28,0.10985548933452983,22,3,0.0,0.0,0.0,False,32,22,,,,,
501,20,28,0.10985548933452983,22,4,0.0,0.0,0.0,False,24,22,,,,,
501,20,28,0.10985548933452983,22,5,0.0,0.0,0.0,False,22,22,,,,,
501,20,28,0.10985548933452983,22,6,0.0,0.0,0.0,False,21,22,,,,,
501,20,28,0.10985548933452983,22,7,0.9090909090909091,1.0,0.9523809523809523,True,20,22,0.7695435044801733,0.8792459732206408,0.1214291158916414,"[-0.33177103047555995, -0.22702959138517187]",0.402012999823803
501,20,28,0.10985548933452983,22,8,0.0,0.0,0.0,False,19,22,,,,,
501,20,28,0.10985548933452983,22,9,0.0,0.0,0.0,False,19,22,,,,,
501,20,28,0.10985548933452983,22,10,0.0,0.0,0.0,False,18,22,,,,,
501,20,28,0.10985548933452983,22,11,0.0,0.0,0.0,False,17,22,,,,,
501,20,28,0.10985548933452983,22,12,0.0,0.0,0.0,False,16,22,,,,,
501,20,28,0.10985548933452983,22,13,0.0,0.0,0.0,False,15,22,,,,,
501,20,28,0.10985548933452983,22,14,0.0,0.0,0.0,False,13,22,,,,,
501,21,14,0.2667762922620187,36,0,1.0,0.972972972972973,0.9863013698630136,True,37,36,0.7723554380528623,0.9007229971389531,0.11994748871117303,"[-0.048458514803803254, -0.08381990109810289]",0.09681943749622887
501,21,14,0.2667762922620187,36,1,0.0,0.0,0.0,False,36,36,,,,,
501,21,14,0.2667762922620187,36,2,0.0,0.0,0.0,False,33,36,,,,,
501,21,14,0.2667762922620187,36,3,0.0,0.0,0.0,False,31,36,,,,,
501,21,14,0.2667762922620187,36,4,0.0,0.0,0.0,False,25,36,,,,,
501,21,14,0.2667762922620187,36,5,0.0,0.0,0.0,False,24,36,,,,,
501,21,14,0.2667762922620187,36,6,0.0,0.0,0.0,False,23,36,,,,,
501,21,14,0.2667762922620187,36,7,0.0,0.0,0.0,False,21,36,,,,,
501,21,14,0.2667762922620187,36,8,0.0,0.0,0.0,False,20,36,,,,,
501,21,14,0.2667762922620187,36,9,0.0,0.0,0.0,False,20,36,,,,,
501,21,14,0.2667762922620187,36,10,0.0,0.0,0.0,False,18,36,,,,,
501,21,14,0.2667762922620187,36,11,0.0,0.0,0.0,False,18,36,,,,,
501,21,14,0.2667762922620187,36,12,0.0,0.0,0.0,False,15,36,,,,,
501,21,14,0.2667762922620187,36,13,0.0,0.0,0.0,False,15,36,,,,,
501,21,14,0.2667762922620187,36,14,0.0,0.0,0.0,False,15,36,,,,,
501,21,14,0.2667762922620187,36,15,0.0,0.0,0.0,False,13,36,,,,,
501,21,19,0.20167005057392445,19,0,0.05263157894736842,0.02702702702702703,0.03571428571428571,False,37,19,,,,,
501,21,19,0.20167005057392445,19,1,0.0,0.0,0.0,False,36,19,,,,,
501,21,19,0.20167005057392445,19,2,0.0,0.0,0.0,False,33,19,,,,,
501,21,19,0.20167005057392445,19,3,0.0,0.0,0.0,False,31,19,,,,,
501,21,19,0.20167005057392445,19,4,0.0,0.0,0.0,False,25,19,,,,,
501,21,19,0.20167005057392445,19,5,0.0,0.0,0.0,False,24,19,,,,,
501,21,19,0.20167005057392445,19,6,0.0,0.0,0.0,False,23,19,,,,,
501,21,19,0.20167005057392445,19,7,0.0,0.0,0.0,False,21,19,,,,,
501,21,19,0.20167005057392445,19,8,0.0,0.0,0.0,False,20,19,,,,,
501,21,19,0.20167005057392445,19,9,0.0,0.0,0.0,False,20,19,,,,,
501,21,19,0.20167005057392445,19,10,0.9473684210526315,1.0,0.972972972972973,True,18,19,0.6974841182471503,0.8627774310826439,0.1593977031611527,"[0.15394255577401417, -0.0920361900459703]",0.17935710400319643
501,21,19,0.20167005057392445,19,11,0.0,0.0,0.0,False,18,19,,,,,
501,21,19,0.20167005057392445,19,12,0.0,0.0,0.0,False,15,19,,,,,
501,21,19,0.20167005057392445,19,13,0.0,0.0,0.0,False,15,19,,,,,
501,21,19,0.20167005057392445,19,14,0.0,0.0,0.0,False,15,19,,,,,
501,21,19,0.20167005057392445,19,15,0.0,0.0,0.0,False,13,19,,,,,
501,21,21,0.17978244959398798,19,0,0.05263157894736842,0.02702702702702703,0.03571428571428571,False,37,19,,,,,
501,21,21,0.17978244959398798,19,1,0.0,0.0,0.0,False,36,19,,,,,
501,21,21,0.17978244959398798,19,2,0.0,0.0,0.0,False,33,19,,,,,
501,21,21,0.17978244959398798,19,3,0.0,0.0,0.0,False,31,19,,,,,
501,21,21,0.17978244959398798,19,4,0.0,0.0,0.0,False,25,19,,,,,
501,21,21,0.17978244959398798,19,5,0.0,0.0,0.0,False,24,19,,,,,
501,21,21,0.17978244959398798,19,6,0.0,0.0,0.0,False,23,19,,,,,
501,21,21,0.17978244959398798,19,7,0.0,0.0,0.0,False,21,19,,,,,
501,21,21,0.17978244959398798,19,8,0.0,0.0,0.0,False,20,19,,,,,
501,21,21,0.17978244959398798,19,9,0.0,0.0,0.0,False,20,19,,,,,
501,21,21,0.17978244959398798,19,10,0.9473684210526315,1.0,0.972972972972973,True,18,19,0.6974841182471503,0.8627774310826439,0.1593977031611527,"[0.15394255577401417, -0.0920361900459703]",0.17935710400319643
501,21,21,0.17978244959398798,19,11,0.0,0.0,0.0,False,18,19,,,,,
501,21,21,0.17978244959398798,19,12,0.0,0.0,0.0,False,15,19,,,,,
501,21,21,0.17978244959398798,19,13,0.0,0.0,0.0,False,15,19,,,,,
501,21,21,0.17978244959398798,19,14,0.0,0.0,0.0,False,15,19,,,,,
501,21,21,0.17978244959398798,19,15,0.0,0.0,0.0,False,13,19,,,,,
501,21,20,0.12789837557680886,13,0,0.0,0.0,0.0,False,37,13,,,,,
501,21,20,0.12789837557680886,13,1,0.0,0.0,0.0,False,36,13,,,,,
501,21,20,0.12789837557680886,13,2,0.0,0.0,0.0,False,33,13,,,,,
501,21,20,0.12789837557680886,13,3,0.0,0.0,0.0,False,31,13,,,,,
501,21,20,0.12789837557680886,13,4,0.0,0.0,0.0,False,25,13,,,,,
501,21,20,0.12789837557680886,13,5,0.0,0.0,0.0,False,24,13,,,,,
501,21,20,0.12789837557680886,13,6,0.0,0.0,0.0,False,23,13,,,,,
501,21,20,0.12789837557680886,13,7,1.0,0.6190476190476191,0.7647058823529411,True,21,13,0.5979021962133629,0.6979844078971098,0.21186810424087776,"[-0.23000219756406715, 0.3186997807784966]",0.39302743053451367
501,21,20,0.12789837557680886,13,8,0.0,0.0,0.0,False,20,13,,,,,
501,21,20,0.12789837557680886,13,9,0.0,0.0,0.0,False,20,13,,,,,
501,21,20,0.12789837557680886,13,10,0.0,0.0,0.0,False,18,13,,,,,
501,21,20,0.12789837557680886,13,11,0.0,0.0,0.0,False,18,13,,,,,
501,21,20,0.12789837557680886,13,12,0.0,0.0,0.0,False,15,13,,,,,
501,21,20,0.12789837557680886,13,13,0.0,0.0,0.0,False,15,13,,,,,
501,21,20,0.12789837557680886,13,14,0.0,0.0,0.0,False,15,13,,,,,
501,21,20,0.12789837557680886,13,15,0.0,0.0,0.0,False,13,13,,,,,
501,21,22,0.11401734265873016,13,0,0.0,0.0,0.0,False,37,13,,,,,
501,21,22,0.11401734265873016,13,1,0.0,0.0,0.0,False,36,13,,,,,
501,21,22,0.11401734265873016,13,2,0.0,0.0,0.0,False,33,13,,,,,
501,21,22,0.11401734265873016,13,3,0.0,0.0,0.0,False,31,13,,,,,
501,21,22,0.11401734265873016,13,4,0.0,0.0,0.0,False,25,13,,,,,
501,21,22,0.11401734265873016,13,5,0.0,0.0,0.0,False,24,13,,,,,
501,21,22,0.11401734265873016,13,6,0.0,0.0,0.0,False,23,13,,,,,
501,21,22,0.11401734265873016,13,7,1.0,0.6190476190476191,0.7647058823529411,True,21,13,0.5979021962133629,0.6979844078971098,0.21186810424087776,"[-0.23000219756406715, 0.3186997807784966]",0.39302743053451367
501,21,22,0.11401734265873016,13,8,0.0,0.0,0.0,False,20,13,,,,,
501,21,22,0.11401734265873016,13,9,0.0,0.0,0.0,False,20,13,,,,,
501,21,22,0.11401734265873016,13,10,0.0,0.0,0.0,False,18,13,,,,,
501,21,22,0.11401734265873016,13,11,0.0,0.0,0.0,False,18,13,,,,,
501,21,22,0.11401734265873016,13,12,0.0,0.0,0.0,False,15,13,,,,,
501,21,22,0.11401734265873016,13,13,0.0,0.0,0.0,False,15,13,,,,,
501,21,22,0.11401734265873016,13,14,0.0,0.0,0.0,False,15,13,,,,,
501,21,22,0.11401734265873016,13,15,0.0,0.0,0.0,False,13,13,,,,,
501,21,28,0.10985548933452983,20,0,0.0,0.0,0.0,False,37,20,,,,,
501,21,28,0.10985548933452983,20,1,0.0,0.0,0.0,False,36,20,,,,,
501,21,28,0.10985548933452983,20,2,0.0,0.0,0.0,False,33,20,,,,,
501,21,28,0.10985548933452983,20,3,0.0,0.0,0.0,False,31,20,,,,,
501,21,28,0.10985548933452983,20,4,0.0,0.0,0.0,False,25,20,,,,,
501,21,28,0.10985548933452983,20,5,0.0,0.0,0.0,False,24,20,,,,,
501,21,28,0.10985548933452983,20,6,0.0,0.0,0.0,False,23,20,,,,,
501,21,28,0.10985548933452983,20,7,0.0,0.0,0.0,False,21,20,,,,,
501,21,28,0.10985548933452983,20,8,1.0,1.0,1.0,True,20,20,0.9025942024603093,0.9610376809841237,0.051323786085028224,"[23.874, -0.15399999999999991]",23.874496685794234
501,21,28,0.10985548933452983,20,9,0.0,0.0,0.0,False,20,20,,,,,
501,21,28,0.10985548933452983,20,10,0.0,0.0,0.0,False,18,20,,,,,
501,21,28,0.10985548933452983,20,11,0.0,0.0,0.0,False,18,20,,,,,
501,21,28,0.10985548933452983,20,12,0.0,0.0,0.0,False,15,20,,,,,
501,21,28,0.10985548933452983,20,13,0.0,0.0,0.0,False,15,20,,,,,
501,21,28,0.10985548933452983,20,14,0.0,0.0,0.0,False,15,20,,,,,
501,21,28,0.10985548933452983,20,15,0.0,0.0,0.0,False,13,20,,,,,
501,22,14,0.2667762922620187,37,0,0.0,0.0,0.0,False,51,37,,,,,
501,22,14,0.2667762922620187,37,1,0.972972972972973,1.0,0.9863013698630136,True,36,37,0.8195997375016778,0.9196207169184792,0.09505414170418415,"[0.120875975032666, -0.06674707781446543]",0.13808031625422937
501,22,14,0.2667762922620187,37,2,0.0,0.0,0.0,False,33,37,,,,,
501,22,14,0.2667762922620187,37,3,0.0,0.0,0.0,False,25,37,,,,,
501,22,14,0.2667762922620187,37,4,0.0,0.0,0.0,False,25,37,,,,,
501,22,14,0.2667762922620187,37,5,0.0,0.0,0.0,False,22,37,,,,,
501,22,14,0.2667762922620187,37,6,0.0,0.0,0.0,False,20,37,,,,,
501,22,14,0.2667762922620187,37,7,0.0,0.0,0.0,False,19,37,,,,,
501,22,14,0.2667762922620187,37,8,0.0,0.0,0.0,False,18,37,,,,,
501,22,14,0.2667762922620187,37,9,0.0,0.0,0.0,False,18,37,,,,,
501,22,14,0.2667762922620187,37,10,0.0,0.0,0.0,False,17,37,,,,,
501,22,14,0.2667762922620187,37,11,0.0,0.0,0.0,False,16,37,,,,,
501,22,14,0.2667762922620187,37,12,0.0,0.0,0.0,False,15,37,,,,,
501,22,14,0.2667762922620187,37,13,0.0,0.0,0.0,False,15,37,,,,,
501,22,14,0.2667762922620187,37,14,0.0,0.0,0.0,False,14,37,,,,,
501,22,14,0.2667762922620187,37,15,0.0,0.0,0.0,False,13,37,,,,,
501,22,19,0.20167005057392445,18,0,0.0,0.0,0.0,False,51,18,,,,,
501,22,19,0.20167005057392445,18,1,0.0,0.0,0.0,False,36,18,,,,,
501,22,19,0.20167005057392445,18,2,0.0,0.0,0.0,False,33,18,,,,,
501,22,19,0.20167005057392445,18,3,0.0,0.0,0.0,False,25,18,,,,,
501,22,19,0.20167005057392445,18,4,0.0,0.0,0.0,False,25,18,,,,,
501,22,19,0.20167005057392445,18,5,0.0,0.0,0.0,False,22,18,,,,,
501,22,19,0.20167005057392445,18,6,0.0,0.0,0.0,False,20,18,,,,,
501,22,19,0.20167005057392445,18,7,0.0,0.0,0.0,False,19,18,,,,,
501,22,19,0.20167005057392445,18,8,1.0,1.0,1.0,True,18,18,0.7465612311808347,0.8986244924723339,0.1335386340964718,"[0.10888888888888992, 0.015555555555557987]",0.10999438818457542
501,22,19,0.20167005057392445,18,9,0.0,0.0,0.0,False,18,18,,,,,
501,22,19,0.20167005057392445,18,10,0.0,0.0,0.0,False,17,18,,,,,
501,22,19,0.20167005057392445,18,11,0.0,0.0,0.0,False,16,18,,,,,
501,22,19,0.20167005057392445,18,12,0.0,0.0,0.0,False,15,18,,,,,
501,22,19,0.20167005057392445,18,13,0.0,0.0,0.0,False,15,18,,,,,
501,22,19,0.20167005057392445,18,14,0.0,0.0,0.0,False,14,18,,,,,
501,22,19,0.20167005057392445,18,15,0.0,0.0,0.0,False,13,18,,,,,
501,22,21,0.17978244959398798,18,0,0.0,0.0,0.0,False,51,18,,,,,
501,22,21,0.17978244959398798,18,1,0.0,0.0,0.0,False,36,18,,,,,
501,22,21,0.17978244959398798,18,2,0.0,0.0,0.0,False,33,18,,,,,
501,22,21,0.17978244959398798,18,3,0.0,0.0,0.0,False,25,18,,,,,
501,22,21,0.17978244959398798,18,4,0.0,0.0,0.0,False,25,18,,,,,
501,22,21,0.17978244959398798,18,5,0.0,0.0,0.0,False,22,18,,,,,
501,22,21,0.17978244959398798,18,6,0.0,0.0,0.0,False,20,18,,,,,
501,22,21,0.17978244959398798,18,7,0.0,0.0,0.0,False,19,18,,,,,
501,22,21,0.17978244959398798,18,8,1.0,1.0,1.0,True,18,18,0.7465612311808347,0.8986244924723339,0.1335386340964718,"[0.10888888888888992, 0.015555555555557987]",0.10999438818457542
501,22,21,0.17978244959398798,18,9,0.0,0.0,0.0,False,18,18,,,,,
501,22,21,0.17978244959398798,18,10,0.0,0.0,0.0,False,17,18,,,,,
501,22,21,0.17978244959398798,18,11,0.0,0.0,0.0,False,16,18,,,,,
501,22,21,0.17978244959398798,18,12,0.0,0.0,0.0,False,15,18,,,,,
501,22,21,0.17978244959398798,18,13,0.0,0.0,0.0,False,15,18,,,,,
501,22,21,0.17978244959398798,18,14,0.0,0.0,0.0,False,14,18,,,,,
501,22,21,0.17978244959398798,18,15,0.0,0.0,0.0,False,13,18,,,,,
501,22,20,0.12789837557680886,21,0,0.0,0.0,0.0,False,51,21,,,,,
501,22,20,0.12789837557680886,21,1,0.0,0.0,0.0,False,36,21,,,,,
501,22,20,0.12789837557680886,21,2,0.0,0.0,0.0,False,33,21,,,,,
501,22,20,0.12789837557680886,21,3,0.0,0.0,0.0,False,25,21,,,,,
501,22,20,0.12789837557680886,21,4,0.0,0.0,0.0,False,25,21,,,,,
501,22,20,0.12789837557680886,21,5,1.0,0.9545454545454546,0.9767441860465116,True,22,21,0.7290945292421473,0.8776843233247658,0.14274195973575776,"[0.19072876486064594, 0.00026892544214618397]",0.19072895445149643
501,22,20,0.12789837557680886,21,6,0.0,0.0,0.0,False,20,21,,,,,
501,22,20,0.12789837557680886,21,7,0.0,0.0,0.0,False,19,21,,,,,
501,22,20,0.12789837557680886,21,8,0.0,0.0,0.0,False,18,21,,,,,
501,22,20,0.12789837557680886,21,9,0.0,0.0,0.0,False,18,21,,,,,
501,22,20,0.12789837557680886,21,10,0.0,0.0,0.0,False,17,21,,,,,
501,22,20,0.12789837557680886,21,11,0.0,0.0,0.0,False,16,21,,,,,
501,22,20,0.12789837557680886,21,12,0.0,0.0,0.0,False,15,21,,,,,
501,22,20,0.12789837557680886,21,13,0.0,0.0,0.0,False,15,21,,,,,
501,22,20,0.12789837557680886,21,14,0.0,0.0,0.0,False,14,21,,,,,
501,22,20,0.12789837557680886,21,15,0.0,0.0,0.0,False,13,21,,,,,
501,22,22,0.11401734265873016,21,0,0.0,0.0,0.0,False,51,21,,,,,
501,22,22,0.11401734265873016,21,1,0.0,0.0,0.0,False,36,21,,,,,
501,22,22,0.11401734265873016,21,2,0.0,0.0,0.0,False,33,21,,,,,
501,22,22,0.11401734265873016,21,3,0.0,0.0,0.0,False,25,21,,,,,
501,22,22,0.11401734265873016,21,4,0.0,0.0,0.0,False,25,21,,,,,
501,22,22,0.11401734265873016,21,5,1.0,0.9545454545454546,0.9767441860465116,True,22,21,0.7290945292421473,0.8776843233247658,0.14274195973575776,"[0.19072876486064594, 0.00026892544214618397]",0.19072895445149643
501,22,22,0.11401734265873016,21,6,0.0,0.0,0.0,False,20,21,,,,,
501,22,22,0.11401734265873016,21,7,0.0,0.0,0.0,False,19,21,,,,,
501,22,22,0.11401734265873016,21,8,0.0,0.0,0.0,False,18,21,,,,,
501,22,22,0.11401734265873016,21,9,0.0,0.0,0.0,False,18,21,,,,,
501,22,22,0.11401734265873016,21,10,0.0,0.0,0.0,False,17,21,,,,,
501,22,22,0.11401734265873016,21,11,0.0,0.0,0.0,False,16,21,,,,,
501,22,22,0.11401734265873016,21,12,0.0,0.0,0.0,False,15,21,,,,,
501,22,22,0.11401734265873016,21,13,0.0,0.0,0.0,False,15,21,,,,,
501,22,22,0.11401734265873016,21,14,0.0,0.0,0.0,False,14,21,,,,,
501,22,22,0.11401734265873016,21,15,0.0,0.0,0.0,False,13,21,,,,,
501,22,28,0.10985548933452983,20,0,0.0,0.0,0.0,False,51,20,,,,,
501,22,28,0.10985548933452983,20,1,0.0,0.0,0.0,False,36,20,,,,,
501,22,28,0.10985548933452983,20,2,0.0,0.0,0.0,False,33,20,,,,,
501,22,28,0.10985548933452983,20,3,0.0,0.0,0.0,False,25,20,,,,,
501,22,28,0.10985548933452983,20,4,0.0,0.0,0.0,False,25,20,,,,,
501,22,28,0.10985548933452983,20,5,0.0,0.0,0.0,False,22,20,,,,,
501,22,28,0.10985548933452983,20,6,1.0,1.0,1.0,True,20,20,0.7691893716155163,0.9076757486462065,0.1216157109388605,"[-0.11200000000000188, -0.05600000000000094]",0.1252198067399903
501,22,28,0.10985548933452983,20,7,0.0,0.0,0.0,False,19,20,,,,,
501,22,28,0.10985548933452983,20,8,0.0,0.0,0.0,False,18,20,,,,,
501,22,28,0.10985548933452983,20,9,0.0,0.0,0.0,False,18,20,,,,,
501,22,28,0.10985548933452983,20,10,0.0,0.0,0.0,False,17,20,,,,,
501,22,28,0.10985548933452983,20,11,0.0,0.0,0.0,False,16,20,,,,,
501,22,28,0.10985548933452983,20,12,0.0,0.0,0.0,False,15,20,,,,,
501,22,28,0.10985548933452983,20,13,0.0,0.0,0.0,False,15,20,,,,,
501,22,28,0.10985548933452983,20,14,0.0,0.0,0.0,False,14,20,,,,,
501,22,28,0.10985548933452983,20,15,0.0,0.0,0.0,False,13,20,,,,,
501,23,14,0.2667762922620187,36,0,0.0,0.0,0.0,False,43,36,,,,,
501,23,14,0.2667762922620187,36,1,1.0,0.972972972972973,0.9863013698630136,True,37,36,0.8070999632206985,0.9146208072060875,0.10164035892648766,"[-0.030065164221856122, 0.006206537273921953]",0.030699107554125412
501,23,14,0.2667762922620187,36,2,0.0,0.0,0.0,False,31,36,,,,,
501,23,14,0.2667762922620187,36,3,0.0,0.0,0.0,False,28,36,,,,,
501,23,14,0.2667762922620187,36,4,0.0,0.0,0.0,False,25,36,,,,,
501,23,14,0.2667762922620187,36,5,0.0,0.0,0.0,False,24,36,,,,,
501,23,14,0.2667762922620187,36,6,0.0,0.0,0.0,False,22,36,,,,,
501,23,14,0.2667762922620187,36,7,0.0,0.0,0.0,False,20,36,,,,,
501,23,14,0.2667762922620187,36,8,0.0,0.0,0.0,False,20,36,,,,,
501,23,14,0.2667762922620187,36,9,0.0,0.0,0.0,False,19,36,,,,,
501,23,14,0.2667762922620187,36,10,0.0,0.0,0.0,False,18,36,,,,,
501,23,14,0.2667762922620187,36,11,0.0,0.0,0.0,False,17,36,,,,,
501,23,14,0.2667762922620187,36,12,0.0,0.0,0.0,False,16,36,,,,,
501,23,14,0.2667762922620187,36,13,0.0,0.0,0.0,False,15,36,,,,,
501,23,14,0.2667762922620187,36,14,0.0,0.0,0.0,False,15,36,,,,,
501,23,14,0.2667762922620187,36,15,0.0,0.0,0.0,False,13,36,,,,,
501,23,19,0.20167005057392445,18,0,0.0,0.0,0.0,False,43,18,,,,,
501,23,19,0.20167005057392445,18,1,0.0,0.0,0.0,False,37,18,,,,,
501,23,19,0.20167005057392445,18,2,0.0,0.0,0.0,False,31,18,,,,,
501,23,19,0.20167005057392445,18,3,0.0,0.0,0.0,False,28,18,,,,,
501,23,19,0.20167005057392445,18,4,0.0,0.0,0.0,False,25,18,,,,,
501,23,19,0.20167005057392445,18,5,0.0,0.0,0.0,False,24,18,,,,,
501,23,19,0.20167005057392445,18,6,0.0,0.0,0.0,False,22,18,,,,,
501,23,19,0.20167005057392445,18,7,0.0,0.0,0.0,False,20,18,,,,,
501,23,19,0.20167005057392445,18,8,0.0,0.0,0.0,False,20,18,,,,,
501,23,19,0.20167005057392445,18,9,0.0,0.0,0.0,False,19,18,,,,,
501,23,19,0.20167005057392445,18,10,0.0,0.0,0.0,False,18,18,,,,,
501,23,19,0.20167005057392445,18,11,0.0,0.0,0.0,False,17,18,,,,,
501,23,19,0.20167005057392445,18,12,0.0,0.0,0.0,False,16,18,,,,,
501,23,19,0.20167005057392445,18,13,0.0,0.0,0.0,False,15,18,,,,,
501,23,19,0.20167005057392445,18,14,0.8333333333333334,1.0,0.9090909090909091,True,15,18,0.836963897335419,0.880240104388713,0.08590484620675726,"[0.14426673149120717, -0.1008479143030776]",0.176020429593945
501,23,19,0.20167005057392445,18,15,0.0,0.0,0.0,False,13,18,,,,,
501,23,21,0.17978244959398798,18,0,0.0,0.0,0.0,False,43,18,,,,,
501,23,21,0.17978244959398798,18,1,0.0,0.0,0.0,False,37,18,,,,,
501,23,21,0.17978244959398798,18,2,0.0,0.0,0.0,False,31,18,,,,,
501,23,21,0.17978244959398798,18,3,0.0,0.0,0.0,False,28,18,,,,,
501,23,21,0.17978244959398798,18,4,0.0,0.0,0.0,False,25,18,,,,,
501,23,21,0.17978244959398798,18,5,0.0,0.0,0.0,False,24,18,,,,,
501,23,21,0.17978244959398798,18,6,0.0,0.0,0.0,False,22,18,,,,,
501,23,21,0.17978244959398798,18,7,0.0,0.0,0.0,False,20,18,,,,,
501,23,21,0.17978244959398798,18,8,0.0,0.0,0.0,False,20,18,,,,,
501,23,21,0.17978244959398798,18,9,0.0,0.0,0.0,False,19,18,,,,,
501,23,21,0.17978244959398798,18,10,0.0,0.0,0.0,False,18,18,,,,,
501,23,21,0.17978244959398798,18,11,0.0,0.0,0.0,False,17,18,,,,,
501,23,21,0.17978244959398798,18,12,0.0,0.0,0.0,False,16,18,,,,,
501,23,21,0.17978244959398798,18,13,0.0,0.0,0.0,False,15,18,,,,,
501,23,21,0.17978244959398798,18,14,0.8333333333333334,1.0,0.9090909090909091,True,15,18,0.836963897335419,0.880240104388713,0.08590484620675726,"[0.14426673149120717, -0.1008479143030776]",0.176020429593945
501,23,21,0.17978244959398798,18,15,0.0,0.0,0.0,False,13,18,,,,,
501,23,20,0.12789837557680886,22,0,0.0,0.0,0.0,False,43,22,,,,,
501,23,20,0.12789837557680886,22,1,0.0,0.0,0.0,False,37,22,,,,,
501,23,20,0.12789837557680886,22,2,0.0,0.0,0.0,False,31,22,,,,,
501,23,20,0.12789837557680886,22,3,0.0,0.0,0.0,False,28,22,,,,,
501,23,20,0.12789837557680886,22,4,0.0,0.0,0.0,False,25,22,,,,,
501,23,20,0.12789837557680886,22,5,0.0,0.0,0.0,False,24,22,,,,,
501,23,20,0.12789837557680886,22,6,1.0,1.0,1.0,True,22,22,0.8372111569821172,0.9348844627928469,0.08577456339469533,"[0.025454545454545396, 0.025454545454545396]",0.03599816340586052
501,23,20,0.12789837557680886,22,7,0.0,0.0,0.0,False,20,22,,,,,
501,23,20,0.12789837557680886,22,8,0.0,0.0,0.0,False,20,22,,,,,
501,23,20,0.12789837557680886,22,9,0.0,0.0,0.0,False,19,22,,,,,
501,23,20,0.12789837557680886,22,10,0.0,0.0,0.0,False,18,22,,,,,
501,23,20,0.12789837557680886,22,11,0.0,0.0,0.0,False,17,22,,,,,
501,23,20,0.12789837557680886,22,12,0.0,0.0,0.0,False,16,22,,,,,
501,23,20,0.12789837557680886,22,13,0.0,0.0,0.0,False,15,22,,,,,
501,23,20,0.12789837557680886,22,14,0.0,0.0,0.0,False,15,22,,,,,
501,23,20,0.12789837557680886,22,15,0.0,0.0,0.0,False,13,22,,,,,
501,23,22,0.11401734265873016,22,0,0.0,0.0,0.0,False,43,22,,,,,
501,23,22,0.11401734265873016,22,1,0.0,0.0,0.0,False,37,22,,,,,
501,23,22,0.11401734265873016,22,2,0.0,0.0,0.0,False,31,22,,,,,
501,23,22,0.11401734265873016,22,3,0.0,0.0,0.0,False,28,22,,,,,
501,23,22,0.11401734265873016,22,4,0.0,0.0,0.0,False,25,22,,,,,
501,23,22,0.11401734265873016,22,5,0.0,0.0,0.0,False,24,22,,,,,
501,23,22,0.11401734265873016,22,6,1.0,1.0,1.0,True,22,22,0.8372111569821172,0.9348844627928469,0.08577456339469533,"[0.025454545454545396, 0.025454545454545396]",0.03599816340586052
501,23,22,0.11401734265873016,22,7,0.0,0.0,0.0,False,20,22,,,,,
501,23,22,0.11401734265873016,22,8,0.0,0.0,0.0,False,20,22,,,,,
501,23,22,0.11401734265873016,22,9,0.0,0.0,0.0,False,19,22,,,,,
501,23,22,0.11401734265873016,22,10,0.0,0.0,0.0,False,18,22,,,,,
501,23,22,0.11401734265873016,22,11,0.0,0.0,0.0,False,17,22,,,,,
501,23,22,0.11401734265873016,22,12,0.0,0.0,0.0,False,16,22,,,,,
501,23,22,0.11401734265873016,22,13,0.0,0.0,0.0,False,15,22,,,,,
501,23,22,0.11401734265873016,22,14,0.0,0.0,0.0,False,15,22,,,,,
501,23,22,0.11401734265873016,22,15,0.0,0.0,0.0,False,13,22,,,,,
501,23,28,0.10985548933452983,20,0,0.0,0.0,0.0,False,43,20,,,,,
501,23,28,0.10985548933452983,20,1,0.0,0.0,0.0,False,37,20,,,,,
501,23,28,0.10985548933452983,20,2,0.0,0.0,0.0,False,31,20,,,,,
501,23,28,0.10985548933452983,20,3,0.0,0.0,0.0,False,28,20,,,,,
501,23,28,0.10985548933452983,20,4,0.0,0.0,0.0,False,25,20,,,,,
501,23,28,0.10985548933452983,20,5,0.0,0.0,0.0,False,24,20,,,,,
501,23,28,0.10985548933452983,20,6,0.0,0.0,0.0,False,22,20,,,,,
501,23,28,0.10985548933452983,20,7,1.0,1.0,1.0,True,20,20,0.7918144685004266,0.9167257874001706,0.10969439144860108,"[-0.08399999999999963, -0.11200000000000188]",0.1400000000000013
501,23,28,0.10985548933452983,20,8,0.0,0.0,0.0,False,20,20,,,,,
501,23,28,0.10985548933452983,20,9,0.0,0.0,0.0,False,19,20,,,,,
501,23,28,0.10985548933452983,20,10,0.0,0.0,0.0,False,18,20,,,,,
501,23,28,0.10985548933452983,20,11,0.0,0.0,0.0,False,17,20,,,,,
501,23,28,0.10985548933452983,20,12,0.0,0.0,0.0,False,16,20,,,,,
501,23,28,0.10985548933452983,20,13,0.0,0.0,0.0,False,15,20,,,,,
501,23,28,0.10985548933452983,20,14,0.0,0.0,0.0,False,15,20,,,,,
501,23,28,0.10985548933452983,20,15,0.0,0.0,0.0,False,13,20,,,,,
501,24,14,0.2667762922620187,37,0,0.0,0.0,0.0,False,45,37,,,,,
501,24,14,0.2667762922620187,37,1,0.9459459459459459,0.9722222222222222,0.958904109589041,True,36,37,0.8434854860560621,0.9127366601758495,0.08246857616034206,"[0.17210762534488744, 0.04332612800494218]",0.1774772888844
501,24,14,0.2667762922620187,37,2,0.0,0.0,0.0,False,30,37,,,,,
501,24,14,0.2667762922620187,37,3,0.0,0.0,0.0,False,28,37,,,,,
501,24,14,0.2667762922620187,37,4,0.0,0.0,0.0,False,26,37,,,,,
501,24,14,0.2667762922620187,37,5,0.0,0.0,0.0,False,25,37,,,,,
501,24,14,0.2667762922620187,37,6,0.0,0.0,0.0,False,22,37,,,,,
501,24,14,0.2667762922620187,37,7,0.0,0.0,0.0,False,20,37,,,,,
501,24,14,0.2667762922620187,37,8,0.0,0.0,0.0,False,20,37,,,,,
501,24,14,0.2667762922620187,37,9,0.0,0.0,0.0,False,20,37,,,,,
501,24,14,0.2667762922620187,37,10,0.0,0.0,0.0,False,19,37,,,,,
501,24,14,0.2667762922620187,37,11,0.0,0.0,0.0,False,17,37,,,,,
501,24,14,0.2667762922620187,37,12,0.0,0.0,0.0,False,17,37,,,,,
501,24,14,0.2667762922620187,37,13,0.0,0.0,0.0,False,16,37,,,,,
501,24,14,0.2667762922620187,37,14,0.02702702702702703,0.0625,0.03773584905660377,False,16,37,,,,,
501,24,14,0.2667762922620187,37,15,0.0,0.0,0.0,False,15,37,,,,,
501,24,19,0.20167005057392445,15,0,0.0,0.0,0.0,False,45,15,,,,,
501,24,19,0.20167005057392445,15,1,0.0,0.0,0.0,False,36,15,,,,,
501,24,19,0.20167005057392445,15,2,0.0,0.0,0.0,False,30,15,,,,,
501,24,19,0.20167005057392445,15,3,0.0,0.0,0.0,False,28,15,,,,,
501,24,19,0.20167005057392445,15,4,0.0,0.0,0.0,False,26,15,,,,,
501,24,19,0.20167005057392445,15,5,0.0,0.0,0.0,False,25,15,,,,,
501,24,19,0.20167005057392445,15,6,0.0,0.0,0.0,False,22,15,,,,,
501,24,19,0.20167005057392445,15,7,0.0,0.0,0.0,False,20,15,,,,,
501,24,19,0.20167005057392445,15,8,0.0,0.0,0.0,False,20,15,,,,,
501,24,19,0.20167005057392445,15,9,0.0,0.0,0.0,False,20,15,,,,,
501,24,19,0.20167005057392445,15,10,0.0,0.0,0.0,False,19,15,,,,,
501,24,19,0.20167005057392445,15,11,0.0,0.0,0.0,False,17,15,,,,,
501,24,19,0.20167005057392445,15,12,0.0,0.0,0.0,False,17,15,,,,,
501,24,19,0.20167005057392445,15,13,0.0,0.0,0.0,False,16,15,,,,,
501,24,19,0.20167005057392445,15,14,1.0,0.9375,0.967741935483871,True,16,15,0.855473989140711,0.9228347569466071,0.07615175125527925,"[0.06762098874460065, 0.11462374810130527]",0.13308343904328926
501,24,19,0.20167005057392445,15,15,0.0,0.0,0.0,False,15,15,,,,,
501,24,21,0.17978244959398798,15,0,0.0,0.0,0.0,False,45,15,,,,,
501,24,21,0.17978244959398798,15,1,0.0,0.0,0.0,False,36,15,,,,,
501,24,21,0.17978244959398798,15,2,0.0,0.0,0.0,False,30,15,,,,,
501,24,21,0.17978244959398798,15,3,0.0,0.0,0.0,False,28,15,,,,,
501,24,21,0.17978244959398798,15,4,0.0,0.0,0.0,False,26,15,,,,,
501,24,21,0.17978244959398798,15,5,0.0,0.0,0.0,False,25,15,,,,,
501,24,21,0.17978244959398798,15,6,0.0,0.0,0.0,False,22,15,,,,,
501,24,21,0.17978244959398798,15,7,0.0,0.0,0.0,False,20,15,,,,,
501,24,21,0.17978244959398798,15,8,0.0,0.0,0.0,False,20,15,,,,,
501,24,21,0.17978244959398798,15,9,0.0,0.0,0.0,False,20,15,,,,,
501,24,21,0.17978244959398798,15,10,0.0,0.0,0.0,False,19,15,,,,,
501,24,21,0.17978244959398798,15,11,0.0,0.0,0.0,False,17,15,,,,,
501,24,21,0.17978244959398798,15,12,0.0,0.0,0.0,False,17,15,,,,,
501,24,21,0.17978244959398798,15,13,0.0,0.0,0.0,False,16,15,,,,,
501,24,21,0.17978244959398798,15,14,1.0,0.9375,0.967741935483871,True,16,15,0.855473989140711,0.9228347569466071,0.07615175125527925,"[0.06762098874460065, 0.11462374810130527]",0.13308343904328926
501,24,21,0.17978244959398798,15,15,0.0,0.0,0.0,False,15,15,,,,,
501,24,20,0.12789837557680886,22,0,0.0,0.0,0.0,False,45,22,,,,,
501,24,20,0.12789837557680886,22,1,0.0,0.0,0.0,False,36,22,,,,,
501,24,20,0.12789837557680886,22,2,0.0,0.0,0.0,False,30,22,,,,,
501,24,20,0.12789837557680886,22,3,0.0,0.0,0.0,False,28,22,,,,,
501,24,20,0.12789837557680886,22,4,0.0,0.0,0.0,False,26,22,,,,,
501,24,20,0.12789837557680886,22,5,0.0,0.0,0.0,False,25,22,,,,,
501,24,20,0.12789837557680886,22,6,1.0,1.0,1.0,True,22,22,0.8063934238032412,0.9225573695212965,0.10201263941531014,"[0.025454545454545396, 0.025454545454545396]",0.03599816340586052
501,24,20,0.12789837557680886,22,7,0.0,0.0,0.0,False,20,22,,,,,
501,24,20,0.12789837557680886,22,8,0.0,0.0,0.0,False,20,22,,,,,
501,24,20,0.12789837557680886,22,9,0.0,0.0,0.0,False,20,22,,,,,
501,24,20,0.12789837557680886,22,10,0.0,0.0,0.0,False,19,22,,,,,
501,24,20,0.12789837557680886,22,11,0.0,0.0,0.0,False,17,22,,,,,
501,24,20,0.12789837557680886,22,12,0.0,0.0,0.0,False,17,22,,,,,
501,24,20,0.12789837557680886,22,13,0.0,0.0,0.0,False,16,22,,,,,
501,24,20,0.12789837557680886,22,14,0.0,0.0,0.0,False,16,22,,,,,
501,24,20,0.12789837557680886,22,15,0.0,0.0,0.0,False,15,22,,,,,
501,24,22,0.11401734265873016,22,0,0.0,0.0,0.0,False,45,22,,,,,
501,24,22,0.11401734265873016,22,1,0.0,0.0,0.0,False,36,22,,,,,
501,24,22,0.11401734265873016,22,2,0.0,0.0,0.0,False,30,22,,,,,
501,24,22,0.11401734265873016,22,3,0.0,0.0,0.0,False,28,22,,,,,
501,24,22,0.11401734265873016,22,4,0.0,0.0,0.0,False,26,22,,,,,
501,24,22,0.11401734265873016,22,5,0.0,0.0,0.0,False,25,22,,,,,
501,24,22,0.11401734265873016,22,6,1.0,1.0,1.0,True,22,22,0.8063934238032412,0.9225573695212965,0.10201263941531014,"[0.025454545454545396, 0.025454545454545396]",0.03599816340586052
501,24,22,0.11401734265873016,22,7,0.0,0.0,0.0,False,20,22,,,,,
501,24,22,0.11401734265873016,22,8,0.0,0.0,0.0,False,20,22,,,,,
501,24,22,0.11401734265873016,22,9,0.0,0.0,0.0,False,20,22,,,,,
501,24,22,0.11401734265873016,22,10,0.0,0.0,0.0,False,19,22,,,,,
501,24,22,0.11401734265873016,22,11,0.0,0.0,0.0,False,17,22,,,,,
501,24,22,0.11401734265873016,22,12,0.0,0.0,0.0,False,17,22,,,,,
501,24,22,0.11401734265873016,22,13,0.0,0.0,0.0,False,16,22,,,,,
501,24,22,0.11401734265873016,22,14,0.0,0.0,0.0,False,16,22,,,,,
501,24,22,0.11401734265873016,22,15,0.0,0.0,0.0,False,15,22,,,,,
501,24,28,0.10985548933452983,20,0,0.0,0.0,0.0,False,45,20,,,,,
501,24,28,0.10985548933452983,20,1,0.0,0.0,0.0,False,36,20,,,,,
501,24,28,0.10985548933452983,20,2,0.0,0.0,0.0,False,30,20,,,,,
501,24,28,0.10985548933452983,20,3,0.0,0.0,0.0,False,28,20,,,,,
501,24,28,0.10985548933452983,20,4,0.0,0.0,0.0,False,26,20,,,,,
501,24,28,0.10985548933452983,20,5,0.0,0.0,0.0,False,25,20,,,,,
501,24,28,0.10985548933452983,20,6,0.0,0.0,0.0,False,22,20,,,,,
501,24,28,0.10985548933452983,20,7,0.0,0.0,0.0,False,20,20,,,,,
501,24,28,0.10985548933452983,20,8,1.0,1.0,1.0,True,20,20,0.837019697159447,0.9348078788637788,0.08587544489488122,"[-0.07000000000000028, -0.12600000000000122]",0.14413882197381922
501,24,28,0.10985548933452983,20,9,0.0,0.0,0.0,False,20,20,,,,,
501,24,28,0.10985548933452983,20,10,0.0,0.0,0.0,False,19,20,,,,,
501,24,28,0.10985548933452983,20,11,0.0,0.0,0.0,False,17,20,,,,,
501,24,28,0.10985548933452983,20,12,0.0,0.0,0.0,False,17,20,,,,,
501,24,28,0.10985548933452983,20,13,0.0,0.0,0.0,False,16,20,,,,,
501,24,28,0.10985548933452983,20,14,0.0,0.0,0.0,False,16,20,,,,,
501,24,28,0.10985548933452983,20,15,0.0,0.0,0.0,False,15,20,,,,,
501,25,14,0.2667762922620187,36,0,0.0,0.0,0.0,False,43,36,,,,,
501,25,14,0.2667762922620187,36,1,0.9722222222222222,0.9722222222222222,0.9722222222222222,True,36,36,0.8432892128210554,0.9206490184617555,0.08257199388066404,"[0.11998452309255114, -7.679747740851894e-05]",0.11998454767010407
501,25,14,0.2667762922620187,36,2,0.0,0.0,0.0,False,32,36,,,,,
501,25,14,0.2667762922620187,36,3,0.0,0.0,0.0,False,31,36,,,,,
501,25,14,0.2667762922620187,36,4,0.0,0.0,0.0,False,31,36,,,,,
501,25,14,0.2667762922620187,36,5,0.0,0.0,0.0,False,25,36,,,,,
501,25,14,0.2667762922620187,36,6,0.0,0.0,0.0,False,21,36,,,,,
501,25,14,0.2667762922620187,36,7,0.0,0.0,0.0,False,20,36,,,,,
501,25,14,0.2667762922620187,36,8,0.0,0.0,0.0,False,20,36,,,,,
501,25,14,0.2667762922620187,36,9,0.0,0.0,0.0,False,18,36,,,,,
501,25,14,0.2667762922620187,36,10,0.0,0.0,0.0,False,17,36,,,,,
501,25,14,0.2667762922620187,36,11,0.0,0.0,0.0,False,17,36,,,,,
501,25,14,0.2667762922620187,36,12,0.0,0.0,0.0,False,16,36,,,,,
501,25,14,0.2667762922620187,36,13,0.0,0.0,0.0,False,16,36,,,,,
501,25,14,0.2667762922620187,36,14,0.0,0.0,0.0,False,14,36,,,,,
501,25,14,0.2667762922620187,36,15,0.027777777777777776,0.07142857142857142,0.04,False,14,36,,,,,
501,25,14,0.2667762922620187,36,16,0.0,0.0,0.0,False,14,36,,,,,
501,25,19,0.20167005057392445,16,0,0.0,0.0,0.0,False,43,16,,,,,
501,25,19,0.20167005057392445,16,1,0.0,0.0,0.0,False,36,16,,,,,
501,25,19,0.20167005057392445,16,2,0.0,0.0,0.0,False,32,16,,,,,
501,25,19,0.20167005057392445,16,3,0.0,0.0,0.0,False,31,16,,,,,
501,25,19,0.20167005057392445,16,4,0.0,0.0,0.0,False,31,16,,,,,
501,25,19,0.20167005057392445,16,5,0.0,0.0,0.0,False,25,16,,,,,
501,25,19,0.20167005057392445,16,6,1.0,0.7619047619047619,0.8648648648648649,True,21,16,0.7639291212336997,0.8244905674123988,0.12438737312087828,"[-0.06916474491964308, -0.004839137653753767]",0.06933382430698072
501,25,19,0.20167005057392445,16,7,0.0,0.0,0.0,False,20,16,,,,,
501,25,19,0.20167005057392445,16,8,0.0,0.0,0.0,False,20,16,,,,,
501,25,19,0.20167005057392445,16,9,0.0,0.0,0.0,False,18,16,,,,,
501,25,19,0.20167005057392445,16,10,0.0,0.0,0.0,False,17,16,,,,,
501,25,19,0.20167005057392445,16,11,0.0,0.0,0.0,False,17,16,,,,,
501,25,19,0.20167005057392445,16,12,0.0,0.0,0.0,False,16,16,,,,,
501,25,19,0.20167005057392445,16,13,0.0,0.0,0.0,False,16,16,,,,,
501,25,19,0.20167005057392445,16,14,0.0,0.0,0.0,False,14,16,,,,,
501,25,19,0.20167005057392445,16,15,0.0,0.0,0.0,False,14,16,,,,,
501,25,19,0.20167005057392445,16,16,0.0,0.0,0.0,False,14,16,,,,,
501,25,21,0.17978244959398798,16,0,0.0,0.0,0.0,False,43,16,,,,,
501,25,21,0.17978244959398798,16,1,0.0,0.0,0.0,False,36,16,,,,,
501,25,21,0.17978244959398798,16,2,0.0,0.0,0.0,False,32,16,,,,,
501,25,21,0.17978244959398798,16,3,0.0,0.0,0.0,False,31,16,,,,,
501,25,21,0.17978244959398798,16,4,0.0,0.0,0.0,False,31,16,,,,,
501,25,21,0.17978244959398798,16,5,0.0,0.0,0.0,False,25,16,,,,,
501,25,21,0.17978244959398798,16,6,1.0,0.7619047619047619,0.8648648648648649,True,21,16,0.7639291212336997,0.8244905674123988,0.12438737312087828,"[-0.06916474491964308, -0.004839137653753767]",0.06933382430698072
501,25,21,0.17978244959398798,16,7,0.0,0.0,0.0,False,20,16,,,,,
501,25,21,0.17978244959398798,16,8,0.0,0.0,0.0,False,20,16,,,,,
501,25,21,0.17978244959398798,16,9,0.0,0.0,0.0,False,18,16,,,,,
501,25,21,0.17978244959398798,16,10,0.0,0.0,0.0,False,17,16,,,,,
501,25,21,0.17978244959398798,16,11,0.0,0.0,0.0,False,17,16,,,,,
501,25,21,0.17978244959398798,16,12,0.0,0.0,0.0,False,16,16,,,,,
501,25,21,0.17978244959398798,16,13,0.0,0.0,0.0,False,16,16,,,,,
501,25,21,0.17978244959398798,16,14,0.0,0.0,0.0,False,14,16,,,,,
501,25,21,0.17978244959398798,16,15,0.0,0.0,0.0,False,14,16,,,,,
501,25,21,0.17978244959398798,16,16,0.0,0.0,0.0,False,14,16,,,,,
501,25,20,0.12789837557680886,22,0,0.0,0.0,0.0,False,43,22,,,,,
501,25,20,0.12789837557680886,22,1,0.0,0.0,0.0,False,36,22,,,,,
501,25,20,0.12789837557680886,22,2,0.0,0.0,0.0,False,32,22,,,,,
501,25,20,0.12789837557680886,22,3,0.0,0.0,0.0,False,31,22,,,,,
501,25,20,0.12789837557680886,22,4,0.0,0.0,0.0,False,31,22,,,,,
501,25,20,0.12789837557680886,22,5,0.0,0.0,0.0,False,25,22,,,,,
501,25,20,0.12789837557680886,22,6,0.22727272727272727,0.23809523809523808,0.23255813953488372,False,21,22,,,,,
501,25,20,0.12789837557680886,22,7,0.045454545454545456,0.05,0.047619047619047616,False,20,22,,,,,
501,25,20,0.12789837557680886,22,8,0.0,0.0,0.0,False,20,22,,,,,
501,25,20,0.12789837557680886,22,9,0.0,0.0,0.0,False,18,22,,,,,
501,25,20,0.12789837557680886,22,10,0.0,0.0,0.0,False,17,22,,,,,
501,25,20,0.12789837557680886,22,11,0.0,0.0,0.0,False,17,22,,,,,
501,25,20,0.12789837557680886,22,12,0.0,0.0,0.0,False,16,22,,,,,
501,25,20,0.12789837557680886,22,13,0.7272727272727273,1.0,0.8421052631578947,True,16,22,0.598836559004977,0.7447977814967276,0.21137578204595842,"[0.018133549533130733, -0.031751409776470396]",0.03656470485952055
501,25,20,0.12789837557680886,22,14,0.0,0.0,0.0,False,14,22,,,,,
501,25,20,0.12789837557680886,22,15,0.0,0.0,0.0,False,14,22,,,,,
501,25,20,0.12789837557680886,22,16,0.0,0.0,0.0,False,14,22,,,,,
501,25,22,0.11401734265873016,22,0,0.0,0.0,0.0,False,43,22,,,,,
501,25,22,0.11401734265873016,22,1,0.0,0.0,0.0,False,36,22,,,,,
501,25,22,0.11401734265873016,22,2,0.0,0.0,0.0,False,32,22,,,,,
501,25,22,0.11401734265873016,22,3,0.0,0.0,0.0,False,31,22,,,,,
501,25,22,0.11401734265873016,22,4,0.0,0.0,0.0,False,31,22,,,,,
501,25,22,0.11401734265873016,22,5,0.0,0.0,0.0,False,25,22,,,,,
501,25,22,0.11401734265873016,22,6,0.22727272727272727,0.23809523809523808,0.23255813953488372,False,21,22,,,,,
501,25,22,0.11401734265873016,22,7,0.045454545454545456,0.05,0.047619047619047616,False,20,22,,,,,
501,25,22,0.11401734265873016,22,8,0.0,0.0,0.0,False,20,22,,,,,
501,25,22,0.11401734265873016,22,9,0.0,0.0,0.0,False,18,22,,,,,
501,25,22,0.11401734265873016,22,10,0.0,0.0,0.0,False,17,22,,,,,
501,25,22,0.11401734265873016,22,11,0.0,0.0,0.0,False,17,22,,,,,
501,25,22,0.11401734265873016,22,12,0.0,0.0,0.0,False,16,22,,,,,
501,25,22,0.11401734265873016,22,13,0.7272727272727273,1.0,0.8421052631578947,True,16,22,0.598836559004977,0.7447977814967276,0.21137578204595842,"[0.018133549533130733, -0.031751409776470396]",0.03656470485952055
501,25,22,0.11401734265873016,22,14,0.0,0.0,0.0,False,14,22,,,,,
501,25,22,0.11401734265873016,22,15,0.0,0.0,0.0,False,14,22,,,,,
501,25,22,0.11401734265873016,22,16,0.0,0.0,0.0,False,14,22,,,,,
501,25,28,0.10985548933452983,20,0,0.0,0.0,0.0,False,43,20,,,,,
501,25,28,0.10985548933452983,20,1,0.0,0.0,0.0,False,36,20,,,,,
501,25,28,0.10985548933452983,20,2,0.0,0.0,0.0,False,32,20,,,,,
501,25,28,0.10985548933452983,20,3,0.0,0.0,0.0,False,31,20,,,,,
501,25,28,0.10985548933452983,20,4,0.0,0.0,0.0,False,31,20,,,,,
501,25,28,0.10985548933452983,20,5,0.0,0.0,0.0,False,25,20,,,,,
501,25,28,0.10985548933452983,20,6,0.0,0.0,0.0,False,21,20,,,,,
501,25,28,0.10985548933452983,20,7,0.0,0.0,0.0,False,20,20,,,,,
501,25,28,0.10985548933452983,20,8,1.0,1.0,1.0,True,20,20,0.8379092820283396,0.9351637128113358,0.08540671649607193,"[-0.055999999999997385, -0.08399999999999963]",0.10095543571298994
501,25,28,0.10985548933452983,20,9,0.0,0.0,0.0,False,18,20,,,,,
501,25,28,0.10985548933452983,20,10,0.0,0.0,0.0,False,17,20,,,,,
501,25,28,0.10985548933452983,20,11,0.0,0.0,0.0,False,17,20,,,,,
501,25,28,0.10985548933452983,20,12,0.0,0.0,0.0,False,16,20,,,,,
501,25,28,0.10985548933452983,20,13,0.0,0.0,0.0,False,16,20,,,,,
501,25,28,0.10985548933452983,20,14,0.0,0.0,0.0,False,14,20,,,,,
501,25,28,0.10985548933452983,20,15,0.0,0.0,0.0,False,14,20,,,,,
501,25,28,0.10985548933452983,20,16,0.0,0.0,0.0,False,14,20,,,,,
501,26,14,0.2667762922620187,36,0,0.0,0.0,0.0,False,44,36,,,,,
501,26,14,0.2667762922620187,36,1,0.9444444444444444,0.9714285714285714,0.9577464788732394,True,35,36,0.8364341698462728,0.9092215552624527,0.08618396327189101,"[0.05017640035095994, -0.03541960377338782]",0.06141839694784944
501,26,14,0.2667762922620187,36,2,0.0,0.0,0.0,False,30,36,,,,,
501,26,14,0.2667762922620187,36,3,0.0,0.0,0.0,False,29,36,,,,,
501,26,14,0.2667762922620187,36,4,0.027777777777777776,0.04,0.03278688524590164,False,25,36,,,,,
501,26,14,0.2667762922620187,36,5,0.0,0.0,0.0,False,25,36,,,,,
501,26,14,0.2667762922620187,36,6,0.0,0.0,0.0,False,22,36,,,,,
501,26,14,0.2667762922620187,36,7,0.0,0.0,0.0,False,21,36,,,,,
501,26,14,0.2667762922620187,36,8,0.0,0.0,0.0,False,21,36,,,,,
501,26,14,0.2667762922620187,36,9,0.0,0.0,0.0,False,20,36,,,,,
501,26,14,0.2667762922620187,36,10,0.0,0.0,0.0,False,19,36,,,,,
501,26,14,0.2667762922620187,36,11,0.0,0.0,0.0,False,19,36,,,,,
501,26,14,0.2667762922620187,36,12,0.0,0.0,0.0,False,17,36,,,,,
501,26,14,0.2667762922620187,36,13,0.0,0.0,0.0,False,16,36,,,,,
501,26,14,0.2667762922620187,36,14,0.0,0.0,0.0,False,16,36,,,,,
501,26,14,0.2667762922620187,36,15,0.0,0.0,0.0,False,14,36,,,,,
501,26,19,0.20167005057392445,21,0,0.0,0.0,0.0,False,44,21,,,,,
501,26,19,0.20167005057392445,21,1,0.047619047619047616,0.02857142857142857,0.03571428571428571,False,35,21,,,,,
501,26,19,0.20167005057392445,21,2,0.0,0.0,0.0,False,30,21,,,,,
501,26,19,0.20167005057392445,21,3,0.0,0.0,0.0,False,29,21,,,,,
501,26,19,0.20167005057392445,21,4,0.0,0.0,0.0,False,25,21,,,,,
501,26,19,0.20167005057392445,21,5,0.0,0.0,0.0,False,25,21,,,,,
501,26,19,0.20167005057392445,21,6,0.0,0.0,0.0,False,22,21,,,,,
501,26,19,0.20167005057392445,21,7,0.0,0.0,0.0,False,21,21,,,,,
501,26,19,0.20167005057392445,21,8,0.0,0.0,0.0,False,21,21,,,,,
501,26,19,0.20167005057392445,21,9,0.9523809523809523,1.0,0.975609756097561,True,20,21,0.8598765571281037,0.9293164765097781,0.07383200783838802,"[0.22582602119556583, -0.08320976795866741]",0.24066835548687207
501,26,19,0.20167005057392445,21,10,0.0,0.0,0.0,False,19,21,,,,,
501,26,19,0.20167005057392445,21,11,0.0,0.0,0.0,False,19,21,,,,,
501,26,19,0.20167005057392445,21,12,0.0,0.0,0.0,False,17,21,,,,,
501,26,19,0.20167005057392445,21,13,0.0,0.0,0.0,False,16,21,,,,,
501,26,19,0.20167005057392445,21,14,0.0,0.0,0.0,False,16,21,,,,,
501,26,19,0.20167005057392445,21,15,0.0,0.0,0.0,False,14,21,,,,,
501,26,21,0.17978244959398798,21,0,0.0,0.0,0.0,False,44,21,,,,,
501,26,21,0.17978244959398798,21,1,0.047619047619047616,0.02857142857142857,0.03571428571428571,False,35,21,,,,,
501,26,21,0.17978244959398798,21,2,0.0,0.0,0.0,False,30,21,,,,,
501,26,21,0.17978244959398798,21,3,0.0,0.0,0.0,False,29,21,,,,,
501,26,21,0.17978244959398798,21,4,0.0,0.0,0.0,False,25,21,,,,,
501,26,21,0.17978244959398798,21,5,0.0,0.0,0.0,False,25,21,,,,,
501,26,21,0.17978244959398798,21,6,0.0,0.0,0.0,False,22,21,,,,,
501,26,21,0.17978244959398798,21,7,0.0,0.0,0.0,False,21,21,,,,,
501,26,21,0.17978244959398798,21,8,0.0,0.0,0.0,False,21,21,,,,,
501,26,21,0.17978244959398798,21,9,0.9523809523809523,1.0,0.975609756097561,True,20,21,0.8598765571281037,0.9293164765097781,0.07383200783838802,"[0.22582602119556583, -0.08320976795866741]",0.24066835548687207
501,26,21,0.17978244959398798,21,10,0.0,0.0,0.0,False,19,21,,,,,
501,26,21,0.17978244959398798,21,11,0.0,0.0,0.0,False,19,21,,,,,
501,26,21,0.17978244959398798,21,12,0.0,0.0,0.0,False,17,21,,,,,
501,26,21,0.17978244959398798,21,13,0.0,0.0,0.0,False,16,21,,,,,
501,26,21,0.17978244959398798,21,14,0.0,0.0,0.0,False,16,21,,,,,
501,26,21,0.17978244959398798,21,15,0.0,0.0,0.0,False,14,21,,,,,
501,26,20,0.12789837557680886,16,0,0.0,0.0,0.0,False,44,16,,,,,
501,26,20,0.12789837557680886,16,1,0.0,0.0,0.0,False,35,16,,,,,
501,26,20,0.12789837557680886,16,2,0.0,0.0,0.0,False,30,16,,,,,
501,26,20,0.12789837557680886,16,3,0.0,0.0,0.0,False,29,16,,,,,
501,26,20,0.12789837557680886,16,4,0.0,0.0,0.0,False,25,16,,,,,
501,26,20,0.12789837557680886,16,5,0.0,0.0,0.0,False,25,16,,,,,
501,26,20,0.12789837557680886,16,6,0.0,0.0,0.0,False,22,16,,,,,
501,26,20,0.12789837557680886,16,7,0.0,0.0,0.0,False,21,16,,,,,
501,26,20,0.12789837557680886,16,8,0.0,0.0,0.0,False,21,16,,,,,
501,26,20,0.12789837557680886,16,9,0.0,0.0,0.0,False,20,16,,,,,
501,26,20,0.12789837557680886,16,10,0.0,0.0,0.0,False,19,16,,,,,
501,26,20,0.12789837557680886,16,11,0.0,0.0,0.0,False,19,16,,,,,
501,26,20,0.12789837557680886,16,12,1.0,0.9411764705882353,0.9696969696969697,True,17,16,0.8611536244039076,0.9262796315797448,0.07315911228868689,"[-0.1329324915472938, -0.04478050581974813]",0.1402723814955882
501,26,20,0.12789837557680886,16,13,0.0,0.0,0.0,False,16,16,,,,,
501,26,20,0.12789837557680886,16,14,0.0,0.0,0.0,False,16,16,,,,,
501,26,20,0.12789837557680886,16,15,0.0,0.0,0.0,False,14,16,,,,,
501,26,22,0.11401734265873016,16,0,0.0,0.0,0.0,False,44,16,,,,,
501,26,22,0.11401734265873016,16,1,0.0,0.0,0.0,False,35,16,,,,,
501,26,22,0.11401734265873016,16,2,0.0,0.0,0.0,False,30,16,,,,,
501,26,22,0.11401734265873016,16,3,0.0,0.0,0.0,False,29,16,,,,,
501,26,22,0.11401734265873016,16,4,0.0,0.0,0.0,False,25,16,,,,,
501,26,22,0.11401734265873016,16,5,0.0,0.0,0.0,False,25,16,,,,,
501,26,22,0.11401734265873016,16,6,0.0,0.0,0.0,False,22,16,,,,,
501,26,22,0.11401734265873016,16,7,0.0,0.0,0.0,False,21,16,,,,,
501,26,22,0.11401734265873016,16,8,0.0,0.0,0.0,False,21,16,,,,,
501,26,22,0.11401734265873016,16,9,0.0,0.0,0.0,False,20,16,,,,,
501,26,22,0.11401734265873016,16,10,0.0,0.0,0.0,False,19,16,,,,,
501,26,22,0.11401734265873016,16,11,0.0,0.0,0.0,False,19,16,,,,,
501,26,22,0.11401734265873016,16,12,1.0,0.9411764705882353,0.9696969696969697,True,17,16,0.8611536244039076,0.9262796315797448,0.07315911228868689,"[-0.1329324915472938, -0.04478050581974813]",0.1402723814955882
501,26,22,0.11401734265873016,16,13,0.0,0.0,0.0,False,16,16,,,,,
501,26,22,0.11401734265873016,16,14,0.0,0.0,0.0,False,16,16,,,,,
501,26,22,0.11401734265873016,16,15,0.0,0.0,0.0,False,14,16,,,,,
501,26,28,0.10985548933452983,20,0,0.0,0.0,0.0,False,44,20,,,,,
501,26,28,0.10985548933452983,20,1,0.0,0.0,0.0,False,35,20,,,,,
501,26,28,0.10985548933452983,20,2,0.0,0.0,0.0,False,30,20,,,,,
501,26,28,0.10985548933452983,20,3,0.0,0.0,0.0,False,29,20,,,,,
501,26,28,0.10985548933452983,20,4,0.0,0.0,0.0,False,25,20,,,,,
501,26,28,0.10985548933452983,20,5,0.0,0.0,0.0,False,25,20,,,,,
501,26,28,0.10985548933452983,20,6,0.0,0.0,0.0,False,22,20,,,,,
501,26,28,0.10985548933452983,20,7,1.0,0.9523809523809523,0.975609756097561,True,21,20,0.8504510638131325,0.9255462791837896,0.07879836523047579,"[-0.1526355222959701, -0.03782927825337623]",0.15725347996065128
501,26,28,0.10985548933452983,20,8,0.0,0.0,0.0,False,21,20,,,,,
501,26,28,0.10985548933452983,20,9,0.0,0.0,0.0,False,20,20,,,,,
501,26,28,0.10985548933452983,20,10,0.0,0.0,0.0,False,19,20,,,,,
501,26,28,0.10985548933452983,20,11,0.0,0.0,0.0,False,19,20,,,,,
501,26,28,0.10985548933452983,20,12,0.0,0.0,0.0,False,17,20,,,,,
501,26,28,0.10985548933452983,20,13,0.0,0.0,0.0,False,16,20,,,,,
501,26,28,0.10985548933452983,20,14,0.0,0.0,0.0,False,16,20,,,,,
501,26,28,0.10985548933452983,20,15,0.0,0.0,0.0,False,14,20,,,,,
501,27,14,0.2667762922620187,35,0,0.0,0.0,0.0,False,50,35,,,,,
501,27,14,0.2667762922620187,35,1,1.0,0.9722222222222222,0.9859154929577465,True,36,35,0.7592236746729353,0.895238765643822,0.12686670534564448,"[-0.07549984599517146, -0.03916597622484019]",0.0850541030106094
501,27,14,0.2667762922620187,35,2,0.0,0.0,0.0,False,30,35,,,,,
501,27,14,0.2667762922620187,35,3,0.0,0.0,0.0,False,29,35,,,,,
501,27,14,0.2667762922620187,35,4,0.0,0.0,0.0,False,26,35,,,,,
501,27,14,0.2667762922620187,35,5,0.0,0.0,0.0,False,25,35,,,,,
501,27,14,0.2667762922620187,35,6,0.0,0.0,0.0,False,24,35,,,,,
501,27,14,0.2667762922620187,35,7,0.0,0.0,0.0,False,21,35,,,,,
501,27,14,0.2667762922620187,35,8,0.0,0.0,0.0,False,21,35,,,,,
501,27,14,0.2667762922620187,35,9,0.0,0.0,0.0,False,19,35,,,,,
501,27,14,0.2667762922620187,35,10,0.0,0.0,0.0,False,19,35,,,,,
501,27,14,0.2667762922620187,35,11,0.0,0.0,0.0,False,19,35,,,,,
501,27,14,0.2667762922620187,35,12,0.0,0.0,0.0,False,18,35,,,,,
501,27,14,0.2667762922620187,35,13,0.0,0.0,0.0,False,16,35,,,,,
501,27,14,0.2667762922620187,35,14,0.0,0.0,0.0,False,15,35,,,,,
501,27,14,0.2667762922620187,35,15,0.0,0.0,0.0,False,14,35,,,,,
501,27,19,0.20167005057392445,20,0,0.0,0.0,0.0,False,50,20,,,,,
501,27,19,0.20167005057392445,20,1,0.0,0.0,0.0,False,36,20,,,,,
501,27,19,0.20167005057392445,20,2,0.0,0.0,0.0,False,30,20,,,,,
501,27,19,0.20167005057392445,20,3,0.0,0.0,0.0,False,29,20,,,,,
501,27,19,0.20167005057392445,20,4,0.0,0.0,0.0,False,26,20,,,,,
501,27,19,0.20167005057392445,20,5,0.0,0.0,0.0,False,25,20,,,,,
501,27,19,0.20167005057392445,20,6,0.0,0.0,0.0,False,24,20,,,,,
501,27,19,0.20167005057392445,20,7,0.0,0.0,0.0,False,21,20,,,,,
501,27,19,0.20167005057392445,20,8,0.0,0.0,0.0,False,21,20,,,,,
501,27,19,0.20167005057392445,20,9,0.0,0.0,0.0,False,19,20,,,,,
501,27,19,0.20167005057392445,20,10,0.0,0.0,0.0,False,19,20,,,,,
501,27,19,0.20167005057392445,20,11,0.95,1.0,0.9743589743589743,True,19,20,0.8385388849363127,0.9200309385899097,0.08507497438437521,"[0.1991264282746137, 0.1343024250248881]",0.24018425386559078
501,27,19,0.20167005057392445,20,12,0.05,0.05555555555555555,0.05263157894736842,False,18,20,,,,,
501,27,19,0.20167005057392445,20,13,0.0,0.0,0.0,False,16,20,,,,,
501,27,19,0.20167005057392445,20,14,0.0,0.0,0.0,False,15,20,,,,,
501,27,19,0.20167005057392445,20,15,0.0,0.0,0.0,False,14,20,,,,,
501,27,21,0.17978244959398798,20,0,0.0,0.0,0.0,False,50,20,,,,,
501,27,21,0.17978244959398798,20,1,0.0,0.0,0.0,False,36,20,,,,,
501,27,21,0.17978244959398798,20,2,0.0,0.0,0.0,False,30,20,,,,,
501,27,21,0.17978244959398798,20,3,0.0,0.0,0.0,False,29,20,,,,,
501,27,21,0.17978244959398798,20,4,0.0,0.0,0.0,False,26,20,,,,,
501,27,21,0.17978244959398798,20,5,0.0,0.0,0.0,False,25,20,,,,,
501,27,21,0.17978244959398798,20,6,0.0,0.0,0.0,False,24,20,,,,,
501,27,21,0.17978244959398798,20,7,0.0,0.0,0.0,False,21,20,,,,,
501,27,21,0.17978244959398798,20,8,0.0,0.0,0.0,False,21,20,,,,,
501,27,21,0.17978244959398798,20,9,0.0,0.0,0.0,False,19,20,,,,,
501,27,21,0.17978244959398798,20,10,0.0,0.0,0.0,False,19,20,,,,,
501,27,21,0.17978244959398798,20,11,0.95,1.0,0.9743589743589743,True,19,20,0.8385388849363127,0.9200309385899097,0.08507497438437521,"[0.1991264282746137, 0.1343024250248881]",0.24018425386559078
501,27,21,0.17978244959398798,20,12,0.05,0.05555555555555555,0.05263157894736842,False,18,20,,,,,
501,27,21,0.17978244959398798,20,13,0.0,0.0,0.0,False,16,20,,,,,
501,27,21,0.17978244959398798,20,14,0.0,0.0,0.0,False,15,20,,,,,
501,27,21,0.17978244959398798,20,15,0.0,0.0,0.0,False,14,20,,,,,
501,27,20,0.12789837557680886,17,0,0.0,0.0,0.0,False,50,17,,,,,
501,27,20,0.12789837557680886,17,1,0.0,0.0,0.0,False,36,17,,,,,
501,27,20,0.12789837557680886,17,2,0.0,0.0,0.0,False,30,17,,,,,
501,27,20,0.12789837557680886,17,3,0.0,0.0,0.0,False,29,17,,,,,
501,27,20,0.12789837557680886,17,4,0.0,0.0,0.0,False,26,17,,,,,
501,27,20,0.12789837557680886,17,5,0.0,0.0,0.0,False,25,17,,,,,
501,27,20,0.12789837557680886,17,6,0.0,0.0,0.0,False,24,17,,,,,
501,27,20,0.12789837557680886,17,7,0.0,0.0,0.0,False,21,17,,,,,
501,27,20,0.12789837557680886,17,8,0.0,0.0,0.0,False,21,17,,,,,
501,27,20,0.12789837557680886,17,9,0.0,0.0,0.0,False,19,17,,,,,
501,27,20,0.12789837557680886,17,10,0.0,0.0,0.0,False,19,17,,,,,
501,27,20,0.12789837557680886,17,11,0.0,0.0,0.0,False,19,17,,,,,
501,27,20,0.12789837557680886,17,12,1.0,0.9444444444444444,0.9714285714285714,True,18,17,0.7955802641505312,0.9010892485173554,0.10771016776512736,"[0.12582591181016944, 0.06873721253799303]",0.14337700119040628
501,27,20,0.12789837557680886,17,13,0.0,0.0,0.0,False,16,17,,,,,
501,27,20,0.12789837557680886,17,14,0.0,0.0,0.0,False,15,17,,,,,
501,27,20,0.12789837557680886,17,15,0.0,0.0,0.0,False,14,17,,,,,
501,27,22,0.11401734265873016,17,0,0.0,0.0,0.0,False,50,17,,,,,
501,27,22,0.11401734265873016,17,1,0.0,0.0,0.0,False,36,17,,,,,
501,27,22,0.11401734265873016,17,2,0.0,0.0,0.0,False,30,17,,,,,
501,27,22,0.11401734265873016,17,3,0.0,0.0,0.0,False,29,17,,,,,
501,27,22,0.11401734265873016,17,4,0.0,0.0,0.0,False,26,17,,,,,
501,27,22,0.11401734265873016,17,5,0.0,0.0,0.0,False,25,17,,,,,
501,27,22,0.11401734265873016,17,6,0.0,0.0,0.0,False,24,17,,,,,
501,27,22,0.11401734265873016,17,7,0.0,0.0,0.0,False,21,17,,,,,
501,27,22,0.11401734265873016,17,8,0.0,0.0,0.0,False,21,17,,,,,
501,27,22,0.11401734265873016,17,9,0.0,0.0,0.0,False,19,17,,,,,
501,27,22,0.11401734265873016,17,10,0.0,0.0,0.0,False,19,17,,,,,
501,27,22,0.11401734265873016,17,11,0.0,0.0,0.0,False,19,17,,,,,
501,27,22,0.11401734265873016,17,12,1.0,0.9444444444444444,0.9714285714285714,True,18,17,0.7955802641505312,0.9010892485173554,0.10771016776512736,"[0.12582591181016944, 0.06873721253799303]",0.14337700119040628
501,27,22,0.11401734265873016,17,13,0.0,0.0,0.0,False,16,17,,,,,
501,27,22,0.11401734265873016,17,14,0.0,0.0,0.0,False,15,17,,,,,
501,27,22,0.11401734265873016,17,15,0.0,0.0,0.0,False,14,17,,,,,
501,27,28,0.10985548933452983,21,0,0.0,0.0,0.0,False,50,21,,,,,
501,27,28,0.10985548933452983,21,1,0.0,0.0,0.0,False,36,21,,,,,
501,27,28,0.10985548933452983,21,2,0.0,0.0,0.0,False,30,21,,,,,
501,27,28,0.10985548933452983,21,3,0.0,0.0,0.0,False,29,21,,,,,
501,27,28,0.10985548933452983,21,4,0.0,0.0,0.0,False,26,21,,,,,
501,27,28,0.10985548933452983,21,5,0.0,0.0,0.0,False,25,21,,,,,
501,27,28,0.10985548933452983,21,6,0.0,0.0,0.0,False,24,21,,,,,
501,27,28,0.10985548933452983,21,7,1.0,1.0,1.0,True,21,21,0.8434379274116994,0.9373751709646798,0.08249363513785077,"[-0.10666666666666558, -0.03999999999999915]",0.11392004993756576
501,27,28,0.10985548933452983,21,8,0.0,0.0,0.0,False,21,21,,,,,
501,27,28,0.10985548933452983,21,9,0.0,0.0,0.0,False,19,21,,,,,
501,27,28,0.10985548933452983,21,10,0.0,0.0,0.0,False,19,21,,,,,
501,27,28,0.10985548933452983,21,11,0.0,0.0,0.0,False,19,21,,,,,
501,27,28,0.10985548933452983,21,12,0.0,0.0,0.0,False,18,21,,,,,
501,27,28,0.10985548933452983,21,13,0.0,0.0,0.0,False,16,21,,,,,
501,27,28,0.10985548933452983,21,14,0.0,0.0,0.0,False,15,21,,,,,
501,27,28,0.10985548933452983,21,15,0.0,0.0,0.0,False,14,21,,,,,
501,28,14,0.2667762922620187,36,0,0.0,0.0,0.0,False,45,36,,,,,
501,28,14,0.2667762922620187,36,1,1.0,0.972972972972973,0.9863013698630136,True,37,36,0.823892134369804,0.9213376756657298,0.09279244820937971,"[0.11449129734053187, -0.005030798075289056]",0.1146017717838272
501,28,14,0.2667762922620187,36,2,0.0,0.0,0.0,False,30,36,,,,,
501,28,14,0.2667762922620187,36,3,0.0,0.0,0.0,False,29,36,,,,,
501,28,14,0.2667762922620187,36,4,0.0,0.0,0.0,False,29,36,,,,,
501,28,14,0.2667762922620187,36,5,0.0,0.0,0.0,False,21,36,,,,,
501,28,14,0.2667762922620187,36,6,0.0,0.0,0.0,False,21,36,,,,,
501,28,14,0.2667762922620187,36,7,0.0,0.0,0.0,False,20,36,,,,,
501,28,14,0.2667762922620187,36,8,0.0,0.0,0.0,False,19,36,,,,,
501,28,14,0.2667762922620187,36,9,0.0,0.0,0.0,False,19,36,,,,,
501,28,14,0.2667762922620187,36,10,0.0,0.0,0.0,False,17,36,,,,,
501,28,14,0.2667762922620187,36,11,0.0,0.0,0.0,False,17,36,,,,,
501,28,14,0.2667762922620187,36,12,0.0,0.0,0.0,False,15,36,,,,,
501,28,14,0.2667762922620187,36,13,0.0,0.0,0.0,False,14,36,,,,,
501,28,14,0.2667762922620187,36,14,0.0,0.0,0.0,False,13,36,,,,,
501,28,19,0.20167005057392445,19,0,0.0,0.0,0.0,False,45,19,,,,,
501,28,19,0.20167005057392445,19,1,0.0,0.0,0.0,False,37,19,,,,,
501,28,19,0.20167005057392445,19,2,0.0,0.0,0.0,False,30,19,,,,,
501,28,19,0.20167005057392445,19,3,0.0,0.0,0.0,False,29,19,,,,,
501,28,19,0.20167005057392445,19,4,0.0,0.0,0.0,False,29,19,,,,,
501,28,19,0.20167005057392445,19,5,0.0,0.0,0.0,False,21,19,,,,,
501,28,19,0.20167005057392445,19,6,0.0,0.0,0.0,False,21,19,,,,,
501,28,19,0.20167005057392445,19,7,1.0,0.95,0.9743589743589743,True,20,19,0.8355962396119516,0.9188538804601651,0.08662547448771937,"[0.09487357172538502, -0.12030242502488875]",0.1532111878382279
501,28,19,0.20167005057392445,19,8,0.0,0.0,0.0,False,19,19,,,,,
501,28,19,0.20167005057392445,19,9,0.0,0.0,0.0,False,19,19,,,,,
501,28,19,0.20167005057392445,19,10,0.0,0.0,0.0,False,17,19,,,,,
501,28,19,0.20167005057392445,19,11,0.0,0.0,0.0,False,17,19,,,,,
501,28,19,0.20167005057392445,19,12,0.0,0.0,0.0,False,15,19,,,,,
501,28,19,0.20167005057392445,19,13,0.0,0.0,0.0,False,14,19,,,,,
501,28,19,0.20167005057392445,19,14,0.0,0.0,0.0,False,13,19,,,,,
501,28,21,0.17978244959398798,19,0,0.0,0.0,0.0,False,45,19,,,,,
501,28,21,0.17978244959398798,19,1,0.0,0.0,0.0,False,37,19,,,,,
501,28,21,0.17978244959398798,19,2,0.0,0.0,0.0,False,30,19,,,,,
501,28,21,0.17978244959398798,19,3,0.0,0.0,0.0,False,29,19,,,,,
501,28,21,0.17978244959398798,19,4,0.0,0.0,0.0,False,29,19,,,,,
501,28,21,0.17978244959398798,19,5,0.0,0.0,0.0,False,21,19,,,,,
501,28,21,0.17978244959398798,19,6,0.0,0.0,0.0,False,21,19,,,,,
501,28,21,0.17978244959398798,19,7,1.0,0.95,0.9743589743589743,True,20,19,0.8355962396119516,0.9188538804601651,0.08662547448771937,"[0.09487357172538502, -0.12030242502488875]",0.1532111878382279
501,28,21,0.17978244959398798,19,8,0.0,0.0,0.0,False,19,19,,,,,
501,28,21,0.17978244959398798,19,9,0.0,0.0,0.0,False,19,19,,,,,
501,28,21,0.17978244959398798,19,10,0.0,0.0,0.0,False,17,19,,,,,
501,28,21,0.17978244959398798,19,11,0.0,0.0,0.0,False,17,19,,,,,
501,28,21,0.17978244959398798,19,12,0.0,0.0,0.0,False,15,19,,,,,
501,28,21,0.17978244959398798,19,13,0.0,0.0,0.0,False,14,19,,,,,
501,28,21,0.17978244959398798,19,14,0.0,0.0,0.0,False,13,19,,,,,
501,28,20,0.12789837557680886,18,0,0.0,0.0,0.0,False,45,18,,,,,
501,28,20,0.12789837557680886,18,1,0.0,0.0,0.0,False,37,18,,,,,
501,28,20,0.12789837557680886,18,2,0.0,0.0,0.0,False,30,18,,,,,
501,28,20,0.12789837557680886,18,3,0.0,0.0,0.0,False,29,18,,,,,
501,28,20,0.12789837557680886,18,4,0.0,0.0,0.0,False,29,18,,,,,
501,28,20,0.12789837557680886,18,5,0.0,0.0,0.0,False,21,18,,,,,
501,28,20,0.12789837557680886,18,6,0.0,0.0,0.0,False,21,18,,,,,
501,28,20,0.12789837557680886,18,7,0.05555555555555555,0.05,0.05263157894736842,False,20,18,,,,,
501,28,20,0.12789837557680886,18,8,0.0,0.0,0.0,False,19,18,,,,,
501,28,20,0.12789837557680886,18,9,0.0,0.0,0.0,False,19,18,,,,,
501,28,20,0.12789837557680886,18,10,0.0,0.0,0.0,False,17,18,,,,,
501,28,20,0.12789837557680886,18,11,0.9444444444444444,1.0,0.9714285714285714,True,17,18,0.8349987793994647,0.9168566546169288,0.08694028039162362,"[0.03887997054277115, -0.1016783890085815]",0.10885838002095742
501,28,20,0.12789837557680886,18,12,0.0,0.0,0.0,False,15,18,,,,,
501,28,20,0.12789837557680886,18,13,0.0,0.0,0.0,False,14,18,,,,,
501,28,20,0.12789837557680886,18,14,0.0,0.0,0.0,False,13,18,,,,,
501,28,22,0.11401734265873016,18,0,0.0,0.0,0.0,False,45,18,,,,,
501,28,22,0.11401734265873016,18,1,0.0,0.0,0.0,False,37,18,,,,,
501,28,22,0.11401734265873016,18,2,0.0,0.0,0.0,False,30,18,,,,,
501,28,22,0.11401734265873016,18,3,0.0,0.0,0.0,False,29,18,,,,,
501,28,22,0.11401734265873016,18,4,0.0,0.0,0.0,False,29,18,,,,,
501,28,22,0.11401734265873016,18,5,0.0,0.0,0.0,False,21,18,,,,,
501,28,22,0.11401734265873016,18,6,0.0,0.0,0.0,False,21,18,,,,,
501,28,22,0.11401734265873016,18,7,0.05555555555555555,0.05,0.05263157894736842,False,20,18,,,,,
501,28,22,0.11401734265873016,18,8,0.0,0.0,0.0,False,19,18,,,,,
501,28,22,0.11401734265873016,18,9,0.0,0.0,0.0,False,19,18,,,,,
501,28,22,0.11401734265873016,18,10,0.0,0.0,0.0,False,17,18,,,,,
501,28,22,0.11401734265873016,18,11,0.9444444444444444,1.0,0.9714285714285714,True,17,18,0.8349987793994647,0.9168566546169288,0.08694028039162362,"[0.03887997054277115, -0.1016783890085815]",0.10885838002095742
501,28,22,0.11401734265873016,18,12,0.0,0.0,0.0,False,15,18,,,,,
501,28,22,0.11401734265873016,18,13,0.0,0.0,0.0,False,14,18,,,,,
501,28,22,0.11401734265873016,18,14,0.0,0.0,0.0,False,13,18,,,,,
501,28,28,0.10985548933452983,21,0,0.0,0.0,0.0,False,45,21,,,,,
501,28,28,0.10985548933452983,21,1,0.0,0.0,0.0,False,37,21,,,,,
501,28,28,0.10985548933452983,21,2,0.0,0.0,0.0,False,30,21,,,,,
501,28,28,0.10985548933452983,21,3,0.0,0.0,0.0,False,29,21,,,,,
501,28,28,0.10985548933452983,21,4,0.0,0.0,0.0,False,29,21,,,,,
501,28,28,0.10985548933452983,21,5,0.0,0.0,0.0,False,21,21,,,,,
501,28,28,0.10985548933452983,21,6,1.0,1.0,1.0,True,21,21,0.8802516693731919,0.9521006677492767,0.06309622076268308,"[-0.10666666666666558, 0.013333333333331865]",0.10749676997731274
501,28,28,0.10985548933452983,21,7,0.0,0.0,0.0,False,20,21,,,,,
501,28,28,0.10985548933452983,21,8,0.0,0.0,0.0,False,19,21,,,,,
501,28,28,0.10985548933452983,21,9,0.0,0.0,0.0,False,19,21,,,,,
501,28,28,0.10985548933452983,21,10,0.0,0.0,0.0,False,17,21,,,,,
501,28,28,0.10985548933452983,21,11,0.0,0.0,0.0,False,17,21,,,,,
501,28,28,0.10985548933452983,21,12,0.0,0.0,0.0,False,15,21,,,,,
501,28,28,0.10985548933452983,21,13,0.0,0.0,0.0,False,14,21,,,,,
501,28,28,0.10985548933452983,21,14,0.0,0.0,0.0,False,13,21,,,,,
501,29,14,0.2667762922620187,37,0,0.0,0.0,0.0,False,39,37,,,,,
501,29,14,0.2667762922620187,37,1,0.0,0.0,0.0,False,31,37,,,,,
501,29,14,0.2667762922620187,37,2,0.0,0.0,0.0,False,31,37,,,,,
501,29,14,0.2667762922620187,37,3,0.8108108108108109,1.0,0.8955223880597015,True,30,37,0.702143189495283,0.818170708633934,0.15694280640825017,"[0.2093514205412248, -0.20867236894702046]",0.2955878462396419
501,29,14,0.2667762922620187,37,4,0.0,0.0,0.0,False,30,37,,,,,
501,29,14,0.2667762922620187,37,5,0.0,0.0,0.0,False,28,37,,,,,
501,29,14,0.2667762922620187,37,6,0.0,0.0,0.0,False,27,37,,,,,
501,29,14,0.2667762922620187,37,7,0.0,0.0,0.0,False,22,37,,,,,
501,29,14,0.2667762922620187,37,8,0.0,0.0,0.0,False,19,37,,,,,
501,29,14,0.2667762922620187,37,9,0.1891891891891892,0.3888888888888889,0.2545454545454545,False,18,37,,,,,
501,29,14,0.2667762922620187,37,10,0.0,0.0,0.0,False,17,37,,,,,
501,29,14,0.2667762922620187,37,11,0.0,0.0,0.0,False,17,37,,,,,
501,29,14,0.2667762922620187,37,12,0.0,0.0,0.0,False,16,37,,,,,
501,29,14,0.2667762922620187,37,13,0.0,0.0,0.0,False,15,37,,,,,
501,29,14,0.2667762922620187,37,14,0.0,0.0,0.0,False,15,37,,,,,
501,29,14,0.2667762922620187,37,15,0.0,0.0,0.0,False,14,37,,,,,
501,29,19,0.20167005057392445,20,0,0.0,0.0,0.0,False,39,20,,,,,
501,29,19,0.20167005057392445,20,1,0.0,0.0,0.0,False,31,20,,,,,
501,29,19,0.20167005057392445,20,2,0.0,0.0,0.0,False,31,20,,,,,
501,29,19,0.20167005057392445,20,3,0.0,0.0,0.0,False,30,20,,,,,
501,29,19,0.20167005057392445,20,4,0.0,0.0,0.0,False,30,20,,,,,
501,29,19,0.20167005057392445,20,5,0.0,0.0,0.0,False,28,20,,,,,
501,29,19,0.20167005057392445,20,6,0.0,0.0,0.0,False,27,20,,,,,
501,29,19,0.20167005057392445,20,7,0.25,0.22727272727272727,0.23809523809523808,False,22,20,,,,,
501,29,19,0.20167005057392445,20,8,0.0,0.0,0.0,False,19,20,,,,,
501,29,19,0.20167005057392445,20,9,0.0,0.0,0.0,False,18,20,,,,,
501,29,19,0.20167005057392445,20,10,0.0,0.0,0.0,False,17,20,,,,,
501,29,19,0.20167005057392445,20,11,0.0,0.0,0.0,False,17,20,,,,,
501,29,19,0.20167005057392445,20,12,0.0,0.0,0.0,False,16,20,,,,,
501,29,19,0.20167005057392445,20,13,0.0,0.0,0.0,False,15,20,,,,,
501,29,19,0.20167005057392445,20,14,0.75,1.0,0.8571428571428571,True,15,20,0.7493090426642899,0.8140093313514303,0.13209079328677695,"[0.15771773497947628, -0.059241509155548044]",0.1684768243233567
501,29,19,0.20167005057392445,20,15,0.0,0.0,0.0,False,14,20,,,,,
501,29,21,0.17978244959398798,20,0,0.0,0.0,0.0,False,39,20,,,,,
501,29,21,0.17978244959398798,20,1,0.0,0.0,0.0,False,31,20,,,,,
501,29,21,0.17978244959398798,20,2,0.0,0.0,0.0,False,31,20,,,,,
501,29,21,0.17978244959398798,20,3,0.0,0.0,0.0,False,30,20,,,,,
501,29,21,0.17978244959398798,20,4,0.0,0.0,0.0,False,30,20,,,,,
501,29,21,0.17978244959398798,20,5,0.0,0.0,0.0,False,28,20,,,,,
501,29,21,0.17978244959398798,20,6,0.0,0.0,0.0,False,27,20,,,,,
501,29,21,0.17978244959398798,20,7,0.25,0.22727272727272727,0.23809523809523808,False,22,20,,,,,
501,29,21,0.17978244959398798,20,8,0.0,0.0,0.0,False,19,20,,,,,
501,29,21,0.17978244959398798,20,9,0.0,0.0,0.0,False,18,20,,,,,
501,29,21,0.17978244959398798,20,10,0.0,0.0,0.0,False,17,20,,,,,
501,29,21,0.17978244959398798,20,11,0.0,0.0,0.0,False,17,20,,,,,
501,29,21,0.17978244959398798,20,12,0.0,0.0,0.0,False,16,20,,,,,
501,29,21,0.17978244959398798,20,13,0.0,0.0,0.0,False,15,20,,,,,
501,29,21,0.17978244959398798,20,14,0.75,1.0,0.8571428571428571,True,15,20,0.7493090426642899,0.8140093313514303,0.13209079328677695,"[0.15771773497947628, -0.059241509155548044]",0.1684768243233567
501,29,21,0.17978244959398798,20,15,0.0,0.0,0.0,False,14,20,,,,,
501,29,20,0.12789837557680886,17,0,0.0,0.0,0.0,False,39,17,,,,,
501,29,20,0.12789837557680886,17,1,0.0,0.0,0.0,False,31,17,,,,,
501,29,20,0.12789837557680886,17,2,0.0,0.0,0.0,False,31,17,,,,,
501,29,20,0.12789837557680886,17,3,0.0,0.0,0.0,False,30,17,,,,,
501,29,20,0.12789837557680886,17,4,0.0,0.0,0.0,False,30,17,,,,,
501,29,20,0.12789837557680886,17,5,0.0,0.0,0.0,False,28,17,,,,,
501,29,20,0.12789837557680886,17,6,0.0,0.0,0.0,False,27,17,,,,,
501,29,20,0.12789837557680886,17,7,1.0,0.7727272727272727,0.8717948717948718,True,22,17,0.6543759201951518,0.7848272911549838,0.18211170983442354,"[0.21736578693394826, 0.12220036479408058]",0.2493608118474532
501,29,20,0.12789837557680886,17,8,0.0,0.0,0.0,False,19,17,,,,,
501,29,20,0.12789837557680886,17,9,0.0,0.0,0.0,False,18,17,,,,,
501,29,20,0.12789837557680886,17,10,0.0,0.0,0.0,False,17,17,,,,,
501,29,20,0.12789837557680886,17,11,0.0,0.0,0.0,False,17,17,,,,,
501,29,20,0.12789837557680886,17,12,0.0,0.0,0.0,False,16,17,,,,,
501,29,20,0.12789837557680886,17,13,0.0,0.0,0.0,False,15,17,,,,,
501,29,20,0.12789837557680886,17,14,0.0,0.0,0.0,False,15,17,,,,,
501,29,20,0.12789837557680886,17,15,0.0,0.0,0.0,False,14,17,,,,,
501,29,22,0.11401734265873016,17,0,0.0,0.0,0.0,False,39,17,,,,,
501,29,22,0.11401734265873016,17,1,0.0,0.0,0.0,False,31,17,,,,,
501,29,22,0.11401734265873016,17,2,0.0,0.0,0.0,False,31,17,,,,,
501,29,22,0.11401734265873016,17,3,0.0,0.0,0.0,False,30,17,,,,,
501,29,22,0.11401734265873016,17,4,0.0,0.0,0.0,False,30,17,,,,,
501,29,22,0.11401734265873016,17,5,0.0,0.0,0.0,False,28,17,,,,,
501,29,22,0.11401734265873016,17,6,0.0,0.0,0.0,False,27,17,,,,,
501,29,22,0.11401734265873016,17,7,1.0,0.7727272727272727,0.8717948717948718,True,22,17,0.6543759201951518,0.7848272911549838,0.18211170983442354,"[0.21736578693394826, 0.12220036479408058]",0.2493608118474532
501,29,22,0.11401734265873016,17,8,0.0,0.0,0.0,False,19,17,,,,,
501,29,22,0.11401734265873016,17,9,0.0,0.0,0.0,False,18,17,,,,,
501,29,22,0.11401734265873016,17,10,0.0,0.0,0.0,False,17,17,,,,,
501,29,22,0.11401734265873016,17,11,0.0,0.0,0.0,False,17,17,,,,,
501,29,22,0.11401734265873016,17,12,0.0,0.0,0.0,False,16,17,,,,,
501,29,22,0.11401734265873016,17,13,0.0,0.0,0.0,False,15,17,,,,,
501,29,22,0.11401734265873016,17,14,0.0,0.0,0.0,False,15,17,,,,,
501,29,22,0.11401734265873016,17,15,0.0,0.0,0.0,False,14,17,,,,,
501,29,28,0.10985548933452983,21,0,0.0,0.0,0.0,False,39,21,,,,,
501,29,28,0.10985548933452983,21,1,0.0,0.0,0.0,False,31,21,,,,,
501,29,28,0.10985548933452983,21,2,0.0,0.0,0.0,False,31,21,,,,,
501,29,28,0.10985548933452983,21,3,0.0,0.0,0.0,False,30,21,,,,,
501,29,28,0.10985548933452983,21,4,0.0,0.0,0.0,False,30,21,,,,,
501,29,28,0.10985548933452983,21,5,1.0,0.75,0.8571428571428571,True,28,21,0.741770295279722,0.8109938323976031,0.13606301124389558,"[-0.15920870368094953, -0.10799529381387529]",0.19238085875084776
501,29,28,0.10985548933452983,21,6,0.0,0.0,0.0,False,27,21,,,,,
501,29,28,0.10985548933452983,21,7,0.0,0.0,0.0,False,22,21,,,,,
501,29,28,0.10985548933452983,21,8,0.0,0.0,0.0,False,19,21,,,,,
501,29,28,0.10985548933452983,21,9,0.0,0.0,0.0,False,18,21,,,,,
501,29,28,0.10985548933452983,21,10,0.0,0.0,0.0,False,17,21,,,,,
501,29,28,0.10985548933452983,21,11,0.0,0.0,0.0,False,17,21,,,,,
501,29,28,0.10985548933452983,21,12,0.0,0.0,0.0,False,16,21,,,,,
501,29,28,0.10985548933452983,21,13,0.0,0.0,0.0,False,15,21,,,,,
501,29,28,0.10985548933452983,21,14,0.0,0.0,0.0,False,15,21,,,,,
501,29,28,0.10985548933452983,21,15,0.0,0.0,0.0,False,14,21,,,,,
501,30,14,0.2667762922620187,30,0,0.0,0.0,0.0,False,51,30,,,,,
501,30,14,0.2667762922620187,30,1,0.0,0.0,0.0,False,39,30,,,,,
501,30,14,0.2667762922620187,30,2,0.0,0.0,0.0,False,31,30,,,,,
501,30,14,0.2667762922620187,30,3,1.0,1.0,1.0,True,30,30,0.831177649888,0.9324710599552,0.08895365986803197,"[0.055999999999997385, 0.037333333333332774]",0.06730362380865865
501,30,14,0.2667762922620187,30,4,0.0,0.0,0.0,False,29,30,,,,,
501,30,14,0.2667762922620187,30,5,0.0,0.0,0.0,False,28,30,,,,,
501,30,14,0.2667762922620187,30,6,0.0,0.0,0.0,False,22,30,,,,,
501,30,14,0.2667762922620187,30,7,0.0,0.0,0.0,False,20,30,,,,,
501,30,14,0.2667762922620187,30,8,0.0,0.0,0.0,False,20,30,,,,,
501,30,14,0.2667762922620187,30,9,0.0,0.0,0.0,False,19,30,,,,,
501,30,14,0.2667762922620187,30,10,0.0,0.0,0.0,False,19,30,,,,,
501,30,14,0.2667762922620187,30,11,0.0,0.0,0.0,False,18,30,,,,,
501,30,14,0.2667762922620187,30,12,0.0,0.0,0.0,False,16,30,,,,,
501,30,14,0.2667762922620187,30,13,0.0,0.0,0.0,False,14,30,,,,,
501,30,14,0.2667762922620187,30,14,0.0,0.0,0.0,False,14,30,,,,,
501,30,19,0.20167005057392445,15,0,0.0,0.0,0.0,False,51,15,,,,,
501,30,19,0.20167005057392445,15,1,0.0,0.0,0.0,False,39,15,,,,,
501,30,19,0.20167005057392445,15,2,0.0,0.0,0.0,False,31,15,,,,,
501,30,19,0.20167005057392445,15,3,0.0,0.0,0.0,False,30,15,,,,,
501,30,19,0.20167005057392445,15,4,0.0,0.0,0.0,False,29,15,,,,,
501,30,19,0.20167005057392445,15,5,0.0,0.0,0.0,False,28,15,,,,,
501,30,19,0.20167005057392445,15,6,0.0,0.0,0.0,False,22,15,,,,,
501,30,19,0.20167005057392445,15,7,0.0,0.0,0.0,False,20,15,,,,,
501,30,19,0.20167005057392445,15,8,0.0,0.0,0.0,False,20,15,,,,,
501,30,19,0.20167005057392445,15,9,0.0,0.0,0.0,False,19,15,,,,,
501,30,19,0.20167005057392445,15,10,0.0,0.0,0.0,False,19,15,,,,,
501,30,19,0.20167005057392445,15,11,1.0,0.8333333333333334,0.9090909090909091,True,18,15,0.7443598060368843,0.8431984678692992,0.1346985801779591,"[0.43954248370368276, 0.12989735357798438]",0.45833494024235827
501,30,19,0.20167005057392445,15,12,0.0,0.0,0.0,False,16,15,,,,,
501,30,19,0.20167005057392445,15,13,0.0,0.0,0.0,False,14,15,,,,,
501,30,19,0.20167005057392445,15,14,0.0,0.0,0.0,False,14,15,,,,,
501,30,21,0.17978244959398798,15,0,0.0,0.0,0.0,False,51,15,,,,,
501,30,21,0.17978244959398798,15,1,0.0,0.0,0.0,False,39,15,,,,,
501,30,21,0.17978244959398798,15,2,0.0,0.0,0.0,False,31,15,,,,,
501,30,21,0.17978244959398798,15,3,0.0,0.0,0.0,False,30,15,,,,,
501,30,21,0.17978244959398798,15,4,0.0,0.0,0.0,False,29,15,,,,,
501,30,21,0.17978244959398798,15,5,0.0,0.0,0.0,False,28,15,,,,,
501,30,21,0.17978244959398798,15,6,0.0,0.0,0.0,False,22,15,,,,,
501,30,21,0.17978244959398798,15,7,0.0,0.0,0.0,False,20,15,,,,,
501,30,21,0.17978244959398798,15,8,0.0,0.0,0.0,False,20,15,,,,,
501,30,21,0.17978244959398798,15,9,0.0,0.0,0.0,False,19,15,,,,,
501,30,21,0.17978244959398798,15,10,0.0,0.0,0.0,False,19,15,,,,,
501,30,21,0.17978244959398798,15,11,1.0,0.8333333333333334,0.9090909090909091,True,18,15,0.7443598060368843,0.8431984678692992,0.1346985801779591,"[0.43954248370368276, 0.12989735357798438]",0.45833494024235827
501,30,21,0.17978244959398798,15,12,0.0,0.0,0.0,False,16,15,,,,,
501,30,21,0.17978244959398798,15,13,0.0,0.0,0.0,False,14,15,,,,,
501,30,21,0.17978244959398798,15,14,0.0,0.0,0.0,False,14,15,,,,,
501,30,20,0.12789837557680886,22,0,0.0,0.0,0.0,False,51,22,,,,,
501,30,20,0.12789837557680886,22,1,0.0,0.0,0.0,False,39,22,,,,,
501,30,20,0.12789837557680886,22,2,0.0,0.0,0.0,False,31,22,,,,,
501,30,20,0.12789837557680886,22,3,0.0,0.0,0.0,False,30,22,,,,,
501,30,20,0.12789837557680886,22,4,0.0,0.0,0.0,False,29,22,,,,,
501,30,20,0.12789837557680886,22,5,0.0,0.0,0.0,False,28,22,,,,,
501,30,20,0.12789837557680886,22,6,1.0,1.0,1.0,True,22,22,0.7971796981240817,0.9188718792496327,0.10686741498049787,"[0.05090909090909079, 0.0]",0.05090909090909079
501,30,20,0.12789837557680886,22,7,0.0,0.0,0.0,False,20,22,,,,,
501,30,20,0.12789837557680886,22,8,0.0,0.0,0.0,False,20,22,,,,,
501,30,20,0.12789837557680886,22,9,0.0,0.0,0.0,False,19,22,,,,,
501,30,20,0.12789837557680886,22,10,0.0,0.0,0.0,False,19,22,,,,,
501,30,20,0.12789837557680886,22,11,0.0,0.0,0.0,False,18,22,,,,,
501,30,20,0.12789837557680886,22,12,0.0,0.0,0.0,False,16,22,,,,,
501,30,20,0.12789837557680886,22,13,0.0,0.0,0.0,False,14,22,,,,,
501,30,20,0.12789837557680886,22,14,0.0,0.0,0.0,False,14,22,,,,,
501,30,22,0.11401734265873016,22,0,0.0,0.0,0.0,False,51,22,,,,,
501,30,22,0.11401734265873016,22,1,0.0,0.0,0.0,False,39,22,,,,,
501,30,22,0.11401734265873016,22,2,0.0,0.0,0.0,False,31,22,,,,,
501,30,22,0.11401734265873016,22,3,0.0,0.0,0.0,False,30,22,,,,,
501,30,22,0.11401734265873016,22,4,0.0,0.0,0.0,False,29,22,,,,,
501,30,22,0.11401734265873016,22,5,0.0,0.0,0.0,False,28,22,,,,,
501,30,22,0.11401734265873016,22,6,1.0,1.0,1.0,True,22,22,0.7971796981240817,0.9188718792496327,0.10686741498049787,"[0.05090909090909079, 0.0]",0.05090909090909079
501,30,22,0.11401734265873016,22,7,0.0,0.0,0.0,False,20,22,,,,,
501,30,22,0.11401734265873016,22,8,0.0,0.0,0.0,False,20,22,,,,,
501,30,22,0.11401734265873016,22,9,0.0,0.0,0.0,False,19,22,,,,,
501,30,22,0.11401734265873016,22,10,0.0,0.0,0.0,False,19,22,,,,,
501,30,22,0.11401734265873016,22,11,0.0,0.0,0.0,False,18,22,,,,,
501,30,22,0.11401734265873016,22,12,0.0,0.0,0.0,False,16,22,,,,,
501,30,22,0.11401734265873016,22,13,0.0,0.0,0.0,False,14,22,,,,,
501,30,22,0.11401734265873016,22,14,0.0,0.0,0.0,False,14,22,,,,,
501,30,28,0.10985548933452983,28,0,0.0,0.0,0.0,False,51,28,,,,,
501,30,28,0.10985548933452983,28,1,0.0,0.0,0.0,False,39,28,,,,,
501,30,28,0.10985548933452983,28,2,0.0,0.0,0.0,False,31,28,,,,,
501,30,28,0.10985548933452983,28,3,0.0,0.0,0.0,False,30,28,,,,,
501,30,28,0.10985548933452983,28,4,0.0,0.0,0.0,False,29,28,,,,,
501,30,28,0.10985548933452983,28,5,1.0,1.0,1.0,True,28,28,0.795278306555768,0.9181113226223072,0.10786927130302576,"[-0.09999999999999787, 0.019999999999999574]",0.10198039027185352
501,30,28,0.10985548933452983,28,6,0.0,0.0,0.0,False,22,28,,,,,
501,30,28,0.10985548933452983,28,7,0.0,0.0,0.0,False,20,28,,,,,
501,30,28,0.10985548933452983,28,8,0.0,0.0,0.0,False,20,28,,,,,
501,30,28,0.10985548933452983,28,9,0.0,0.0,0.0,False,19,28,,,,,
501,30,28,0.10985548933452983,28,10,0.0,0.0,0.0,False,19,28,,,,,
501,30,28,0.10985548933452983,28,11,0.0,0.0,0.0,False,18,28,,,,,
501,30,28,0.10985548933452983,28,12,0.0,0.0,0.0,False,16,28,,,,,
501,30,28,0.10985548933452983,28,13,0.0,0.0,0.0,False,14,28,,,,,
501,30,28,0.10985548933452983,28,14,0.0,0.0,0.0,False,14,28,,,,,
501,31,14,0.2667762922620187,30,0,0.0,0.0,0.0,False,41,30,,,,,
501,31,14,0.2667762922620187,30,1,0.0,0.0,0.0,False,39,30,,,,,
501,31,14,0.2667762922620187,30,2,0.9333333333333333,0.8,0.8615384615384616,True,35,30,0.6556982472933771,0.7792023758404278,0.18141496657233902,"[-0.104809128708645, -0.09155821031297151]",0.13916845668605957
501,31,14,0.2667762922620187,30,3,0.0,0.0,0.0,False,31,30,,,,,
501,31,14,0.2667762922620187,30,4,0.0,0.0,0.0,False,30,30,,,,,
501,31,14,0.2667762922620187,30,5,0.0,0.0,0.0,False,29,30,,,,,
501,31,14,0.2667762922620187,30,6,0.0,0.0,0.0,False,26,30,,,,,
501,31,14,0.2667762922620187,30,7,0.0,0.0,0.0,False,23,30,,,,,
501,31,14,0.2667762922620187,30,8,0.0,0.0,0.0,False,19,30,,,,,
501,31,14,0.2667762922620187,30,9,0.0,0.0,0.0,False,19,30,,,,,
501,31,14,0.2667762922620187,30,10,0.0,0.0,0.0,False,17,30,,,,,
501,31,14,0.2667762922620187,30,11,0.06666666666666667,0.11764705882352941,0.0851063829787234,False,17,30,,,,,
501,31,14,0.2667762922620187,30,12,0.0,0.0,0.0,False,16,30,,,,,
501,31,14,0.2667762922620187,30,13,0.0,0.0,0.0,False,14,30,,,,,
501,31,14,0.2667762922620187,30,14,0.0,0.0,0.0,False,14,30,,,,,
501,31,19,0.20167005057392445,18,0,0.0,0.0,0.0,False,41,18,,,,,
501,31,19,0.20167005057392445,18,1,0.0,0.0,0.0,False,39,18,,,,,
501,31,19,0.20167005057392445,18,2,0.0,0.0,0.0,False,35,18,,,,,
501,31,19,0.20167005057392445,18,3,0.0,0.0,0.0,False,31,18,,,,,
501,31,19,0.20167005057392445,18,4,0.0,0.0,0.0,False,30,18,,,,,
501,31,19,0.20167005057392445,18,5,0.0,0.0,0.0,False,29,18,,,,,
501,31,19,0.20167005057392445,18,6,0.0,0.0,0.0,False,26,18,,,,,
501,31,19,0.20167005057392445,18,7,1.0,0.782608695652174,0.8780487804878049,True,23,18,0.6335666138318801,0.780255913825435,0.1930762767836463,"[0.0029536035605239874, -0.25411550368604097]",0.2541326680842175
501,31,19,0.20167005057392445,18,8,0.0,0.0,0.0,False,19,18,,,,,
501,31,19,0.20167005057392445,18,9,0.0,0.0,0.0,False,19,18,,,,,
501,31,19,0.20167005057392445,18,10,0.0,0.0,0.0,False,17,18,,,,,
501,31,19,0.20167005057392445,18,11,0.0,0.0,0.0,False,17,18,,,,,
501,31,19,0.20167005057392445,18,12,0.0,0.0,0.0,False,16,18,,,,,
501,31,19,0.20167005057392445,18,13,0.0,0.0,0.0,False,14,18,,,,,
501,31,19,0.20167005057392445,18,14,0.0,0.0,0.0,False,14,18,,,,,
501,31,21,0.17978244959398798,18,0,0.0,0.0,0.0,False,41,18,,,,,
501,31,21,0.17978244959398798,18,1,0.0,0.0,0.0,False,39,18,,,,,
501,31,21,0.17978244959398798,18,2,0.0,0.0,0.0,False,35,18,,,,,
501,31,21,0.17978244959398798,18,3,0.0,0.0,0.0,False,31,18,,,,,
501,31,21,0.17978244959398798,18,4,0.0,0.0,0.0,False,30,18,,,,,
501,31,21,0.17978244959398798,18,5,0.0,0.0,0.0,False,29,18,,,,,
501,31,21,0.17978244959398798,18,6,0.0,0.0,0.0,False,26,18,,,,,
501,31,21,0.17978244959398798,18,7,1.0,0.782608695652174,0.8780487804878049,True,23,18,0.6335666138318801,0.780255913825435,0.1930762767836463,"[0.0029536035605239874, -0.25411550368604097]",0.2541326680842175
501,31,21,0.17978244959398798,18,8,0.0,0.0,0.0,False,19,18,,,,,
501,31,21,0.17978244959398798,18,9,0.0,0.0,0.0,False,19,18,,,,,
501,31,21,0.17978244959398798,18,10,0.0,0.0,0.0,False,17,18,,,,,
501,31,21,0.17978244959398798,18,11,0.0,0.0,0.0,False,17,18,,,,,
501,31,21,0.17978244959398798,18,12,0.0,0.0,0.0,False,16,18,,,,,
501,31,21,0.17978244959398798,18,13,0.0,0.0,0.0,False,14,18,,,,,
501,31,21,0.17978244959398798,18,14,0.0,0.0,0.0,False,14,18,,,,,
501,31,20,0.12789837557680886,22,0,0.0,0.0,0.0,False,41,22,,,,,
501,31,20,0.12789837557680886,22,1,0.0,0.0,0.0,False,39,22,,,,,
501,31,20,0.12789837557680886,22,2,0.0,0.0,0.0,False,35,22,,,,,
501,31,20,0.12789837557680886,22,3,0.0,0.0,0.0,False,31,22,,,,,
501,31,20,0.12789837557680886,22,4,0.0,0.0,0.0,False,30,22,,,,,
501,31,20,0.12789837557680886,22,5,0.0,0.0,0.0,False,29,22,,,,,
501,31,20,0.12789837557680886,22,6,0.0,0.0,0.0,False,26,22,,,,,
501,31,20,0.12789837557680886,22,7,0.22727272727272727,0.21739130434782608,0.2222222222222222,False,23,22,,,,,
501,31,20,0.12789837557680886,22,8,0.0,0.0,0.0,False,19,22,,,,,
501,31,20,0.12789837557680886,22,9,0.0,0.0,0.0,False,19,22,,,,,
501,31,20,0.12789837557680886,22,10,0.7727272727272727,1.0,0.8717948717948718,True,17,22,0.6405430783604302,0.7792941544210952,0.1894003295388512,"[0.07760747509813726, -0.12220036479408058]",0.1447613530847041
501,31,20,0.12789837557680886,22,11,0.0,0.0,0.0,False,17,22,,,,,
501,31,20,0.12789837557680886,22,12,0.0,0.0,0.0,False,16,22,,,,,
501,31,20,0.12789837557680886,22,13,0.0,0.0,0.0,False,14,22,,,,,
501,31,20,0.12789837557680886,22,14,0.0,0.0,0.0,False,14,22,,,,,
501,31,22,0.11401734265873016,22,0,0.0,0.0,0.0,False,41,22,,,,,
501,31,22,0.11401734265873016,22,1,0.0,0.0,0.0,False,39,22,,,,,
501,31,22,0.11401734265873016,22,2,0.0,0.0,0.0,False,35,22,,,,,
501,31,22,0.11401734265873016,22,3,0.0,0.0,0.0,False,31,22,,,,,
501,31,22,0.11401734265873016,22,4,0.0,0.0,0.0,False,30,22,,,,,
501,31,22,0.11401734265873016,22,5,0.0,0.0,0.0,False,29,22,,,,,
501,31,22,0.11401734265873016,22,6,0.0,0.0,0.0,False,26,22,,,,,
501,31,22,0.11401734265873016,22,7,0.22727272727272727,0.21739130434782608,0.2222222222222222,False,23,22,,,,,
501,31,22,0.11401734265873016,22,8,0.0,0.0,0.0,False,19,22,,,,,
501,31,22,0.11401734265873016,22,9,0.0,0.0,0.0,False,19,22,,,,,
501,31,22,0.11401734265873016,22,10,0.7727272727272727,1.0,0.8717948717948718,True,17,22,0.6405430783604302,0.7792941544210952,0.1894003295388512,"[0.07760747509813726, -0.12220036479408058]",0.1447613530847041
501,31,22,0.11401734265873016,22,11,0.0,0.0,0.0,False,17,22,,,,,
501,31,22,0.11401734265873016,22,12,0.0,0.0,0.0,False,16,22,,,,,
501,31,22,0.11401734265873016,22,13,0.0,0.0,0.0,False,14,22,,,,,
501,31,22,0.11401734265873016,22,14,0.0,0.0,0.0,False,14,22,,,,,
501,31,28,0.10985548933452983,28,0,0.0,0.0,0.0,False,41,28,,,,,
501,31,28,0.10985548933452983,28,1,0.0,0.0,0.0,False,39,28,,,,,
501,31,28,0.10985548933452983,28,2,0.25,0.2,0.2222222222222222,False,35,28,,,,,
501,31,28,0.10985548933452983,28,3,0.0,0.0,0.0,False,31,28,,,,,
501,31,28,0.10985548933452983,28,4,0.75,0.7,0.7241379310344828,True,30,28,0.5781154720602739,0.6657289474447992,0.22229386557549236,"[-0.14056716284637005, 0.10385023648118263]",0.1747684150179187
501,31,28,0.10985548933452983,28,5,0.0,0.0,0.0,False,29,28,,,,,
501,31,28,0.10985548933452983,28,6,0.0,0.0,0.0,False,26,28,,,,,
501,31,28,0.10985548933452983,28,7,0.0,0.0,0.0,False,23,28,,,,,
501,31,28,0.10985548933452983,28,8,0.0,0.0,0.0,False,19,28,,,,,
501,31,28,0.10985548933452983,28,9,0.0,0.0,0.0,False,19,28,,,,,
501,31,28,0.10985548933452983,28,10,0.0,0.0,0.0,False,17,28,,,,,
501,31,28,0.10985548933452983,28,11,0.0,0.0,0.0,False,17,28,,,,,
501,31,28,0.10985548933452983,28,12,0.0,0.0,0.0,False,16,28,,,,,
501,31,28,0.10985548933452983,28,13,0.0,0.0,0.0,False,14,28,,,,,
501,31,28,0.10985548933452983,28,14,0.0,0.0,0.0,False,14,28,,,,,
501,32,14,0.2667762922620187,35,0,0.0,0.0,0.0,False,55,35,,,,,
501,32,14,0.2667762922620187,35,1,0.5428571428571428,0.5757575757575758,0.5588235294117647,True,33,35,0.35983285967647305,0.47922726151764805,0.3373084785352838,"[0.6456578455202191, -1.6751852004962586]",1.7953048513953003
501,32,14,0.2667762922620187,35,2,0.0,0.0,0.0,False,31,35,,,,,
501,32,14,0.2667762922620187,35,3,0.0,0.0,0.0,False,29,35,,,,,
501,32,14,0.2667762922620187,35,4,0.0,0.0,0.0,False,29,35,,,,,
501,32,14,0.2667762922620187,35,5,0.0,0.0,0.0,False,23,35,,,,,
501,32,14,0.2667762922620187,35,6,0.0,0.0,0.0,False,22,35,,,,,
501,32,14,0.2667762922620187,35,7,0.0,0.0,0.0,False,21,35,,,,,
501,32,14,0.2667762922620187,35,8,0.0,0.0,0.0,False,21,35,,,,,
501,32,14,0.2667762922620187,35,9,0.0,0.0,0.0,False,20,35,,,,,
501,32,14,0.2667762922620187,35,10,0.0,0.0,0.0,False,19,35,,,,,
501,32,14,0.2667762922620187,35,11,0.0,0.0,0.0,False,18,35,,,,,
501,32,14,0.2667762922620187,35,12,0.0,0.0,0.0,False,16,35,,,,,
501,32,14,0.2667762922620187,35,13,0.45714285714285713,1.0,0.6274509803921569,True,16,35,0.3886272189426676,0.5319214758123612,0.32213653217519744,"[0.2241866379088009, 0.14622389057323915]",0.2676585040517607
501,32,14,0.2667762922620187,35,14,0.0,0.0,0.0,False,13,35,,,,,
501,32,19,0.20167005057392445,23,0,0.0,0.0,0.0,False,55,23,,,,,
501,32,19,0.20167005057392445,23,1,0.0,0.0,0.0,False,33,23,,,,,
501,32,19,0.20167005057392445,23,2,0.0,0.0,0.0,False,31,23,,,,,
501,32,19,0.20167005057392445,23,3,0.0,0.0,0.0,False,29,23,,,,,
501,32,19,0.20167005057392445,23,4,0.0,0.0,0.0,False,29,23,,,,,
501,32,19,0.20167005057392445,23,5,0.782608695652174,0.782608695652174,0.782608695652174,True,23,23,0.6640728936416016,0.735194374847945,0.17700230768990546,"[0.3696337064867272, 0.17132375576286307]",0.40740754320435596
501,32,19,0.20167005057392445,23,6,0.21739130434782608,0.22727272727272727,0.2222222222222222,False,22,23,,,,,
501,32,19,0.20167005057392445,23,7,0.0,0.0,0.0,False,21,23,,,,,
501,32,19,0.20167005057392445,23,8,0.0,0.0,0.0,False,21,23,,,,,
501,32,19,0.20167005057392445,23,9,0.0,0.0,0.0,False,20,23,,,,,
501,32,19,0.20167005057392445,23,10,0.0,0.0,0.0,False,19,23,,,,,
501,32,19,0.20167005057392445,23,11,0.0,0.0,0.0,False,18,23,,,,,
501,32,19,0.20167005057392445,23,12,0.0,0.0,0.0,False,16,23,,,,,
501,32,19,0.20167005057392445,23,13,0.0,0.0,0.0,False,16,23,,,,,
501,32,19,0.20167005057392445,23,14,0.0,0.0,0.0,False,13,23,,,,,
501,32,21,0.17978244959398798,23,0,0.0,0.0,0.0,False,55,23,,,,,
501,32,21,0.17978244959398798,23,1,0.0,0.0,0.0,False,33,23,,,,,
501,32,21,0.17978244959398798,23,2,0.0,0.0,0.0,False,31,23,,,,,
501,32,21,0.17978244959398798,23,3,0.0,0.0,0.0,False,29,23,,,,,
501,32,21,0.17978244959398798,23,4,0.0,0.0,0.0,False,29,23,,,,,
501,32,21,0.17978244959398798,23,5,0.782608695652174,0.782608695652174,0.782608695652174,True,23,23,0.6640728936416016,0.735194374847945,0.17700230768990546,"[0.3696337064867272, 0.17132375576286307]",0.40740754320435596
501,32,21,0.17978244959398798,23,6,0.21739130434782608,0.22727272727272727,0.2222222222222222,False,22,23,,,,,
501,32,21,0.17978244959398798,23,7,0.0,0.0,0.0,False,21,23,,,,,
501,32,21,0.17978244959398798,23,8,0.0,0.0,0.0,False,21,23,,,,,
501,32,21,0.17978244959398798,23,9,0.0,0.0,0.0,False,20,23,,,,,
501,32,21,0.17978244959398798,23,10,0.0,0.0,0.0,False,19,23,,,,,
501,32,21,0.17978244959398798,23,11,0.0,0.0,0.0,False,18,23,,,,,
501,32,21,0.17978244959398798,23,12,0.0,0.0,0.0,False,16,23,,,,,
501,32,21,0.17978244959398798,23,13,0.0,0.0,0.0,False,16,23,,,,,
501,32,21,0.17978244959398798,23,14,0.0,0.0,0.0,False,13,23,,,,,
501,32,20,0.12789837557680886,17,0,0.0,0.0,0.0,False,55,17,,,,,
501,32,20,0.12789837557680886,17,1,0.0,0.0,0.0,False,33,17,,,,,
501,32,20,0.12789837557680886,17,2,0.0,0.0,0.0,False,31,17,,,,,
501,32,20,0.12789837557680886,17,3,0.0,0.0,0.0,False,29,17,,,,,
501,32,20,0.12789837557680886,17,4,0.0,0.0,0.0,False,29,17,,,,,
501,32,20,0.12789837557680886,17,5,0.0,0.0,0.0,False,23,17,,,,,
501,32,20,0.12789837557680886,17,6,1.0,0.7727272727272727,0.8717948717948718,True,22,17,0.6350329703476514,0.7770901112159836,0.192303643428746,"[0.2023925249018621, 0.12220036479408058]",0.2364226370125273
501,32,20,0.12789837557680886,17,7,0.0,0.0,0.0,False,21,17,,,,,
501,32,20,0.12789837557680886,17,8,0.0,0.0,0.0,False,21,17,,,,,
501,32,20,0.12789837557680886,17,9,0.0,0.0,0.0,False,20,17,,,,,
501,32,20,0.12789837557680886,17,10,0.0,0.0,0.0,False,19,17,,,,,
501,32,20,0.12789837557680886,17,11,0.0,0.0,0.0,False,18,17,,,,,
501,32,20,0.12789837557680886,17,12,0.0,0.0,0.0,False,16,17,,,,,
501,32,20,0.12789837557680886,17,13,0.0,0.0,0.0,False,16,17,,,,,
501,32,20,0.12789837557680886,17,14,0.0,0.0,0.0,False,13,17,,,,,
501,32,22,0.11401734265873016,17,0,0.0,0.0,0.0,False,55,17,,,,,
501,32,22,0.11401734265873016,17,1,0.0,0.0,0.0,False,33,17,,,,,
501,32,22,0.11401734265873016,17,2,0.0,0.0,0.0,False,31,17,,,,,
501,32,22,0.11401734265873016,17,3,0.0,0.0,0.0,False,29,17,,,,,
501,32,22,0.11401734265873016,17,4,0.0,0.0,0.0,False,29,17,,,,,
501,32,22,0.11401734265873016,17,5,0.0,0.0,0.0,False,23,17,,,,,
501,32,22,0.11401734265873016,17,6,1.0,0.7727272727272727,0.8717948717948718,True,22,17,0.6350329703476514,0.7770901112159836,0.192303643428746,"[0.2023925249018621, 0.12220036479408058]",0.2364226370125273
501,32,22,0.11401734265873016,17,7,0.0,0.0,0.0,False,21,17,,,,,
501,32,22,0.11401734265873016,17,8,0.0,0.0,0.0,False,21,17,,,,,
501,32,22,0.11401734265873016,17,9,0.0,0.0,0.0,False,20,17,,,,,
501,32,22,0.11401734265873016,17,10,0.0,0.0,0.0,False,19,17,,,,,
501,32,22,0.11401734265873016,17,11,0.0,0.0,0.0,False,18,17,,,,,
501,32,22,0.11401734265873016,17,12,0.0,0.0,0.0,False,16,17,,,,,
501,32,22,0.11401734265873016,17,13,0.0,0.0,0.0,False,16,17,,,,,
501,32,22,0.11401734265873016,17,14,0.0,0.0,0.0,False,13,17,,,,,
501,32,28,0.10985548933452983,30,0,0.0,0.0,0.0,False,55,30,,,,,
501,32,28,0.10985548933452983,30,1,0.0,0.0,0.0,False,33,30,,,,,
501,32,28,0.10985548933452983,30,2,0.03333333333333333,0.03225806451612903,0.03278688524590164,False,31,30,,,,,
501,32,28,0.10985548933452983,30,3,0.0,0.0,0.0,False,29,30,,,,,
501,32,28,0.10985548933452983,30,4,0.0,0.0,0.0,False,29,30,,,,,
501,32,28,0.10985548933452983,30,5,0.0,0.0,0.0,False,23,30,,,,,
501,32,28,0.10985548933452983,30,6,0.0,0.0,0.0,False,22,30,,,,,
501,32,28,0.10985548933452983,30,7,0.7,1.0,0.8235294117647058,True,21,30,0.6757863956716741,0.7644322053274931,0.1708303827359209,"[0.09310919986064903, 0.0774783906660268]",0.12112895656649468
501,32,28,0.10985548933452983,30,8,0.0,0.0,0.0,False,21,30,,,,,
501,32,28,0.10985548933452983,30,9,0.0,0.0,0.0,False,20,30,,,,,
501,32,28,0.10985548933452983,30,10,0.0,0.0,0.0,False,19,30,,,,,
501,32,28,0.10985548933452983,30,11,0.0,0.0,0.0,False,18,30,,,,,
501,32,28,0.10985548933452983,30,12,0.0,0.0,0.0,False,16,30,,,,,
501,32,28,0.10985548933452983,30,13,0.0,0.0,0.0,False,16,30,,,,,
501,32,28,0.10985548933452983,30,14,0.0,0.0,0.0,False,13,30,,,,,
501,33,19,0.2265587757465991,23,0,0.0,0.0,0.0,False,41,23,,,,,
501,33,19,0.2265587757465991,23,1,0.0,0.0,0.0,False,36,23,,,,,
501,33,19,0.2265587757465991,23,2,0.0,0.0,0.0,False,34,23,,,,,
501,33,19,0.2265587757465991,23,3,0.0,0.0,0.0,False,30,23,,,,,
501,33,19,0.2265587757465991,23,4,0.0,0.0,0.0,False,29,23,,,,,
501,33,19,0.2265587757465991,23,5,0.0,0.0,0.0,False,25,23,,,,,
501,33,19,0.2265587757465991,23,6,0.0,0.0,0.0,False,24,23,,,,,
501,33,19,0.2265587757465991,23,7,0.0,0.0,0.0,False,24,23,,,,,
501,33,19,0.2265587757465991,23,8,1.0,1.0,1.0,True,23,23,0.8010811925719146,0.9204324770287658,0.10481169066520843,"[0.012173913043477924, 0.0]",0.012173913043477924
501,33,19,0.2265587757465991,23,9,0.0,0.0,0.0,False,22,23,,,,,
501,33,19,0.2265587757465991,23,10,0.0,0.0,0.0,False,22,23,,,,,
501,33,19,0.2265587757465991,23,11,0.0,0.0,0.0,False,21,23,,,,,
501,33,19,0.2265587757465991,23,12,0.0,0.0,0.0,False,19,23,,,,,
501,33,19,0.2265587757465991,23,13,0.0,0.0,0.0,False,16,23,,,,,
501,33,19,0.2265587757465991,23,14,0.0,0.0,0.0,False,12,23,,,,,
501,33,21,0.20196995818081606,23,0,0.0,0.0,0.0,False,41,23,,,,,
501,33,21,0.20196995818081606,23,1,0.0,0.0,0.0,False,36,23,,,,,
501,33,21,0.20196995818081606,23,2,0.0,0.0,0.0,False,34,23,,,,,
501,33,21,0.20196995818081606,23,3,0.0,0.0,0.0,False,30,23,,,,,
501,33,21,0.20196995818081606,23,4,0.0,0.0,0.0,False,29,23,,,,,
501,33,21,0.20196995818081606,23,5,0.0,0.0,0.0,False,25,23,,,,,
501,33,21,0.20196995818081606,23,6,0.0,0.0,0.0,False,24,23,,,,,
501,33,21,0.20196995818081606,23,7,0.0,0.0,0.0,False,24,23,,,,,
501,33,21,0.20196995818081606,23,8,1.0,1.0,1.0,True,23,23,0.8010811925719146,0.9204324770287658,0.10481169066520843,"[0.012173913043477924, 0.0]",0.012173913043477924
501,33,21,0.20196995818081606,23,9,0.0,0.0,0.0,False,22,23,,,,,
501,33,21,0.20196995818081606,23,10,0.0,0.0,0.0,False,22,23,,,,,
501,33,21,0.20196995818081606,23,11,0.0,0.0,0.0,False,21,23,,,,,
501,33,21,0.20196995818081606,23,12,0.0,0.0,0.0,False,19,23,,,,,
501,33,21,0.20196995818081606,23,13,0.0,0.0,0.0,False,16,23,,,,,
501,33,21,0.20196995818081606,23,14,0.0,0.0,0.0,False,12,23,,,,,
501,33,30,0.1655842362329276,16,0,0.0,0.0,0.0,False,41,16,,,,,
501,33,30,0.1655842362329276,16,1,0.0,0.0,0.0,False,36,16,,,,,
501,33,30,0.1655842362329276,16,2,0.0,0.0,0.0,False,34,16,,,,,
501,33,30,0.1655842362329276,16,3,0.0,0.0,0.0,False,30,16,,,,,
501,33,30,0.1655842362329276,16,4,0.0,0.0,0.0,False,29,16,,,,,
501,33,30,0.1655842362329276,16,5,0.0,0.0,0.0,False,25,16,,,,,
501,33,30,0.1655842362329276,16,6,1.0,0.6666666666666666,0.8,True,24,16,0.6050276735966633,0.7220110694386653,0.208113641095856,"[0.5394962872744387, -0.13140751749423885]",0.5552694657883704
501,33,30,0.1655842362329276,16,7,0.0,0.0,0.0,False,24,16,,,,,
501,33,30,0.1655842362329276,16,8,0.0,0.0,0.0,False,23,16,,,,,
501,33,30,0.1655842362329276,16,9,0.0,0.0,0.0,False,22,16,,,,,
501,33,30,0.1655842362329276,16,10,0.0,0.0,0.0,False,22,16,,,,,
501,33,30,0.1655842362329276,16,11,0.0,0.0,0.0,False,21,16,,,,,
501,33,30,0.1655842362329276,16,12,0.0,0.0,0.0,False,19,16,,,,,
501,33,30,0.1655842362329276,16,13,0.0,0.0,0.0,False,16,16,,,,,
501,33,30,0.1655842362329276,16,14,0.0,0.0,0.0,False,12,16,,,,,
501,33,20,0.14368270999187796,22,0,0.0,0.0,0.0,False,41,22,,,,,
501,33,20,0.14368270999187796,22,1,0.0,0.0,0.0,False,36,22,,,,,
501,33,20,0.14368270999187796,22,2,0.0,0.0,0.0,False,34,22,,,,,
501,33,20,0.14368270999187796,22,3,0.0,0.0,0.0,False,30,22,,,,,
501,33,20,0.14368270999187796,22,4,0.0,0.0,0.0,False,29,22,,,,,
501,33,20,0.14368270999187796,22,5,0.0,0.0,0.0,False,25,22,,,,,
501,33,20,0.14368270999187796,22,6,0.0,0.0,0.0,False,24,22,,,,,
501,33,20,0.14368270999187796,22,7,0.0,0.0,0.0,False,24,22,,,,,
501,33,20,0.14368270999187796,22,8,0.0,0.0,0.0,False,23,22,,,,,
501,33,20,0.14368270999187796,22,9,1.0,1.0,1.0,True,22,22,0.8404977646984626,0.936199105879385,0.08404282713628237,"[0.1399999999999988, 0.038181818181817206]",0.14511323592170705
501,33,20,0.14368270999187796,22,10,0.0,0.0,0.0,False,22,22,,,,,
501,33,20,0.14368270999187796,22,11,0.0,0.0,0.0,False,21,22,,,,,
501,33,20,0.14368270999187796,22,12,0.0,0.0,0.0,False,19,22,,,,,
501,33,20,0.14368270999187796,22,13,0.0,0.0,0.0,False,16,22,,,,,
501,33,20,0.14368270999187796,22,14,0.0,0.0,0.0,False,12,22,,,,,
501,33,29,0.13411574401250162,33,0,0.0,0.0,0.0,False,41,33,,,,,
501,33,29,0.13411574401250162,33,1,0.0,0.0,0.0,False,36,33,,,,,
501,33,29,0.13411574401250162,33,2,0.0,0.0,0.0,False,34,33,,,,,
501,33,29,0.13411574401250162,33,3,0.0,0.0,0.0,False,30,33,,,,,
501,33,29,0.13411574401250162,33,4,0.0,0.0,0.0,False,29,33,,,,,
501,33,29,0.13411574401250162,33,5,0.7575757575757576,1.0,0.8620689655172413,True,25,33,0.7237353187549376,0.8067355068123199,0.14556576467938154,"[-0.19984564934780735, -0.10549969234776668]",0.22598333710413296
501,33,29,0.13411574401250162,33,6,0.24242424242424243,0.3333333333333333,0.2807017543859649,False,24,33,,,,,
501,33,29,0.13411574401250162,33,7,0.0,0.0,0.0,False,24,33,,,,,
501,33,29,0.13411574401250162,33,8,0.0,0.0,0.0,False,23,33,,,,,
501,33,29,0.13411574401250162,33,9,0.0,0.0,0.0,False,22,33,,,,,
501,33,29,0.13411574401250162,33,10,0.0,0.0,0.0,False,22,33,,,,,
501,33,29,0.13411574401250162,33,11,0.0,0.0,0.0,False,21,33,,,,,
501,33,29,0.13411574401250162,33,12,0.0,0.0,0.0,False,19,33,,,,,
501,33,29,0.13411574401250162,33,13,0.0,0.0,0.0,False,16,33,,,,,
501,33,29,0.13411574401250162,33,14,0.0,0.0,0.0,False,12,33,,,,,
501,33,22,0.1280885758352776,22,0,0.0,0.0,0.0,False,41,22,,,,,
501,33,22,0.1280885758352776,22,1,0.0,0.0,0.0,False,36,22,,,,,
501,33,22,0.1280885758352776,22,2,0.0,0.0,0.0,False,34,22,,,,,
501,33,22,0.1280885758352776,22,3,0.0,0.0,0.0,False,30,22,,,,,
501,33,22,0.1280885758352776,22,4,0.0,0.0,0.0,False,29,22,,,,,
501,33,22,0.1280885758352776,22,5,0.0,0.0,0.0,False,25,22,,,,,
501,33,22,0.1280885758352776,22,6,0.0,0.0,0.0,False,24,22,,,,,
501,33,22,0.1280885758352776,22,7,0.0,0.0,0.0,False,24,22,,,,,
501,33,22,0.1280885758352776,22,8,0.0,0.0,0.0,False,23,22,,,,,
501,33,22,0.1280885758352776,22,9,1.0,1.0,1.0,True,22,22,0.8404977646984626,0.936199105879385,0.08404282713628237,"[0.1399999999999988, 0.038181818181817206]",0.14511323592170705
501,33,22,0.1280885758352776,22,10,0.0,0.0,0.0,False,22,22,,,,,
501,33,22,0.1280885758352776,22,11,0.0,0.0,0.0,False,21,22,,,,,
501,33,22,0.1280885758352776,22,12,0.0,0.0,0.0,False,19,22,,,,,
501,33,22,0.1280885758352776,22,13,0.0,0.0,0.0,False,16,22,,,,,
501,33,22,0.1280885758352776,22,14,0.0,0.0,0.0,False,12,22,,,,,
501,34,19,0.2265587757465991,23,0,0.0,0.0,0.0,False,40,23,,,,,
501,34,19,0.2265587757465991,23,1,0.0,0.0,0.0,False,37,23,,,,,
501,34,19,0.2265587757465991,23,2,0.0,0.0,0.0,False,32,23,,,,,
501,34,19,0.2265587757465991,23,3,0.0,0.0,0.0,False,30,23,,,,,
501,34,19,0.2265587757465991,23,4,0.0,0.0,0.0,False,29,23,,,,,
501,34,19,0.2265587757465991,23,5,0.0,0.0,0.0,False,25,23,,,,,
501,34,19,0.2265587757465991,23,6,0.0,0.0,0.0,False,24,23,,,,,
501,34,19,0.2265587757465991,23,7,0.0,0.0,0.0,False,24,23,,,,,
501,34,19,0.2265587757465991,23,8,0.0,0.0,0.0,False,24,23,,,,,
501,34,19,0.2265587757465991,23,9,1.0,1.0,1.0,True,23,23,0.7857409258014774,0.914296370320591,0.1128945829580658,"[-0.012173913043477924, -0.0243478260869594]",0.02722169711739117
501,34,19,0.2265587757465991,23,10,0.0,0.0,0.0,False,22,23,,,,,
501,34,19,0.2265587757465991,23,11,0.0,0.0,0.0,False,21,23,,,,,
501,34,19,0.2265587757465991,23,12,0.0,0.0,0.0,False,19,23,,,,,
501,34,19,0.2265587757465991,23,13,0.0,0.0,0.0,False,16,23,,,,,
501,34,21,0.20196995818081606,23,0,0.0,0.0,0.0,False,40,23,,,,,
501,34,21,0.20196995818081606,23,1,0.0,0.0,0.0,False,37,23,,,,,
501,34,21,0.20196995818081606,23,2,0.0,0.0,0.0,False,32,23,,,,,
501,34,21,0.20196995818081606,23,3,0.0,0.0,0.0,False,30,23,,,,,
501,34,21,0.20196995818081606,23,4,0.0,0.0,0.0,False,29,23,,,,,
501,34,21,0.20196995818081606,23,5,0.0,0.0,0.0,False,25,23,,,,,
501,34,21,0.20196995818081606,23,6,0.0,0.0,0.0,False,24,23,,,,,
501,34,21,0.20196995818081606,23,7,0.0,0.0,0.0,False,24,23,,,,,
501,34,21,0.20196995818081606,23,8,0.0,0.0,0.0,False,24,23,,,,,
501,34,21,0.20196995818081606,23,9,1.0,1.0,1.0,True,23,23,0.7857409258014774,0.914296370320591,0.1128945829580658,"[-0.012173913043477924, -0.0243478260869594]",0.02722169711739117
501,34,21,0.20196995818081606,23,10,0.0,0.0,0.0,False,22,23,,,,,
501,34,21,0.20196995818081606,23,11,0.0,0.0,0.0,False,21,23,,,,,
501,34,21,0.20196995818081606,23,12,0.0,0.0,0.0,False,19,23,,,,,
501,34,21,0.20196995818081606,23,13,0.0,0.0,0.0,False,16,23,,,,,
501,34,30,0.1655842362329276,24,0,0.0,0.0,0.0,False,40,24,,,,,
501,34,30,0.1655842362329276,24,1,0.0,0.0,0.0,False,37,24,,,,,
501,34,30,0.1655842362329276,24,2,0.0,0.0,0.0,False,32,24,,,,,
501,34,30,0.1655842362329276,24,3,0.0,0.0,0.0,False,30,24,,,,,
501,34,30,0.1655842362329276,24,4,0.0,0.0,0.0,False,29,24,,,,,
501,34,30,0.1655842362329276,24,5,0.0,0.0,0.0,False,25,24,,,,,
501,34,30,0.1655842362329276,24,6,1.0,1.0,1.0,True,24,24,0.7423891308349946,0.8969556523339979,0.13573694252454988,"[0.046666666666666856, -0.07000000000000028]",0.08412952976082676
501,34,30,0.1655842362329276,24,7,0.0,0.0,0.0,False,24,24,,,,,
501,34,30,0.1655842362329276,24,8,0.0,0.0,0.0,False,24,24,,,,,
501,34,30,0.1655842362329276,24,9,0.0,0.0,0.0,False,23,24,,,,,
501,34,30,0.1655842362329276,24,10,0.0,0.0,0.0,False,22,24,,,,,
501,34,30,0.1655842362329276,24,11,0.0,0.0,0.0,False,21,24,,,,,
501,34,30,0.1655842362329276,24,12,0.0,0.0,0.0,False,19,24,,,,,
501,34,30,0.1655842362329276,24,13,0.0,0.0,0.0,False,16,24,,,,,
501,34,20,0.14368270999187796,22,0,0.0,0.0,0.0,False,40,22,,,,,
501,34,20,0.14368270999187796,22,1,0.0,0.0,0.0,False,37,22,,,,,
501,34,20,0.14368270999187796,22,2,0.0,0.0,0.0,False,32,22,,,,,
501,34,20,0.14368270999187796,22,3,0.0,0.0,0.0,False,30,22,,,,,
501,34,20,0.14368270999187796,22,4,0.0,0.0,0.0,False,29,22,,,,,
501,34,20,0.14368270999187796,22,5,0.0,0.0,0.0,False,25,22,,,,,
501,34,20,0.14368270999187796,22,6,0.0,0.0,0.0,False,24,22,,,,,
501,34,20,0.14368270999187796,22,7,0.0,0.0,0.0,False,24,22,,,,,
501,34,20,0.14368270999187796,22,8,0.0,0.0,0.0,False,24,22,,,,,
501,34,20,0.14368270999187796,22,9,0.0,0.0,0.0,False,23,22,,,,,
501,34,20,0.14368270999187796,22,10,1.0,1.0,1.0,True,22,22,0.8179947180327307,0.9271978872130923,0.09589983752483572,"[0.17818181818181955, 0.025454545454545396]",0.17999081702930436
501,34,20,0.14368270999187796,22,11,0.0,0.0,0.0,False,21,22,,,,,
501,34,20,0.14368270999187796,22,12,0.0,0.0,0.0,False,19,22,,,,,
501,34,20,0.14368270999187796,22,13,0.0,0.0,0.0,False,16,22,,,,,
501,34,29,0.13411574401250162,25,0,0.0,0.0,0.0,False,40,25,,,,,
501,34,29,0.13411574401250162,25,1,0.0,0.0,0.0,False,37,25,,,,,
501,34,29,0.13411574401250162,25,2,0.0,0.0,0.0,False,32,25,,,,,
501,34,29,0.13411574401250162,25,3,0.0,0.0,0.0,False,30,25,,,,,
501,34,29,0.13411574401250162,25,4,0.0,0.0,0.0,False,29,25,,,,,
501,34,29,0.13411574401250162,25,5,1.0,1.0,1.0,True,25,25,0.8522669880163927,0.9409067952065571,0.07784154225167131,"[-0.21280000000000143, 0.0]",0.21280000000000143
501,34,29,0.13411574401250162,25,6,0.0,0.0,0.0,False,24,25,,,,,
501,34,29,0.13411574401250162,25,7,0.0,0.0,0.0,False,24,25,,,,,
501,34,29,0.13411574401250162,25,8,0.0,0.0,0.0,False,24,25,,,,,
501,34,29,0.13411574401250162,25,9,0.0,0.0,0.0,False,23,25,,,,,
501,34,29,0.13411574401250162,25,10,0.0,0.0,0.0,False,22,25,,,,,
501,34,29,0.13411574401250162,25,11,0.0,0.0,0.0,False,21,25,,,,,
501,34,29,0.13411574401250162,25,12,0.0,0.0,0.0,False,19,25,,,,,
501,34,29,0.13411574401250162,25,13,0.0,0.0,0.0,False,16,25,,,,,
501,34,22,0.1280885758352776,22,0,0.0,0.0,0.0,False,40,22,,,,,
501,34,22,0.1280885758352776,22,1,0.0,0.0,0.0,False,37,22,,,,,
501,34,22,0.1280885758352776,22,2,0.0,0.0,0.0,False,32,22,,,,,
501,34,22,0.1280885758352776,22,3,0.0,0.0,0.0,False,30,22,,,,,
501,34,22,0.1280885758352776,22,4,0.0,0.0,0.0,False,29,22,,,,,
501,34,22,0.1280885758352776,22,5,0.0,0.0,0.0,False,25,22,,,,,
501,34,22,0.1280885758352776,22,6,0.0,0.0,0.0,False,24,22,,,,,
501,34,22,0.1280885758352776,22,7,0.0,0.0,0.0,False,24,22,,,,,
501,34,22,0.1280885758352776,22,8,0.0,0.0,0.0,False,24,22,,,,,
501,34,22,0.1280885758352776,22,9,0.0,0.0,0.0,False,23,22,,,,,
501,34,22,0.1280885758352776,22,10,1.0,1.0,1.0,True,22,22,0.8179947180327307,0.9271978872130923,0.09589983752483572,"[0.17818181818181955, 0.025454545454545396]",0.17999081702930436
501,34,22,0.1280885758352776,22,11,0.0,0.0,0.0,False,21,22,,,,,
501,34,22,0.1280885758352776,22,12,0.0,0.0,0.0,False,19,22,,,,,
501,34,22,0.1280885758352776,22,13,0.0,0.0,0.0,False,16,22,,,,,
501,35,19,0.2265587757465991,23,0,0.0,0.0,0.0,False,39,23,,,,,
501,35,19,0.2265587757465991,23,1,0.0,0.0,0.0,False,37,23,,,,,
501,35,19,0.2265587757465991,23,2,0.0,0.0,0.0,False,34,23,,,,,
501,35,19,0.2265587757465991,23,3,0.0,0.0,0.0,False,34,23,,,,,
501,35,19,0.2265587757465991,23,4,0.0,0.0,0.0,False,30,23,,,,,
501,35,19,0.2265587757465991,23,5,0.0,0.0,0.0,False,27,23,,,,,
501,35,19,0.2265587757465991,23,6,0.0,0.0,0.0,False,24,23,,,,,
501,35,19,0.2265587757465991,23,7,1.0,1.0,1.0,True,23,23,0.7794700139519093,0.9117880055807637,0.11619876963334203,"[-0.02434782608695585, 0.0121739130434797]",0.027221697117388786
501,35,19,0.2265587757465991,23,8,0.0,0.0,0.0,False,22,23,,,,,
501,35,19,0.2265587757465991,23,9,0.0,0.0,0.0,False,20,23,,,,,
501,35,19,0.2265587757465991,23,10,0.0,0.0,0.0,False,19,23,,,,,
501,35,19,0.2265587757465991,23,11,0.0,0.0,0.0,False,17,23,,,,,
501,35,19,0.2265587757465991,23,12,0.0,0.0,0.0,False,17,23,,,,,
501,35,19,0.2265587757465991,23,13,0.0,0.0,0.0,False,16,23,,,,,
501,35,19,0.2265587757465991,23,14,0.0,0.0,0.0,False,14,23,,,,,
501,35,19,0.2265587757465991,23,15,0.0,0.0,0.0,False,13,23,,,,,
501,35,21,0.20196995818081606,23,0,0.0,0.0,0.0,False,39,23,,,,,
501,35,21,0.20196995818081606,23,1,0.0,0.0,0.0,False,37,23,,,,,
501,35,21,0.20196995818081606,23,2,0.0,0.0,0.0,False,34,23,,,,,
501,35,21,0.20196995818081606,23,3,0.0,0.0,0.0,False,34,23,,,,,
501,35,21,0.20196995818081606,23,4,0.0,0.0,0.0,False,30,23,,,,,
501,35,21,0.20196995818081606,23,5,0.0,0.0,0.0,False,27,23,,,,,
501,35,21,0.20196995818081606,23,6,0.0,0.0,0.0,False,24,23,,,,,
501,35,21,0.20196995818081606,23,7,1.0,1.0,1.0,True,23,23,0.7794700139519093,0.9117880055807637,0.11619876963334203,"[-0.02434782608695585, 0.0121739130434797]",0.027221697117388786
501,35,21,0.20196995818081606,23,8,0.0,0.0,0.0,False,22,23,,,,,
501,35,21,0.20196995818081606,23,9,0.0,0.0,0.0,False,20,23,,,,,
501,35,21,0.20196995818081606,23,10,0.0,0.0,0.0,False,19,23,,,,,
501,35,21,0.20196995818081606,23,11,0.0,0.0,0.0,False,17,23,,,,,
501,35,21,0.20196995818081606,23,12,0.0,0.0,0.0,False,17,23,,,,,
501,35,21,0.20196995818081606,23,13,0.0,0.0,0.0,False,16,23,,,,,
501,35,21,0.20196995818081606,23,14,0.0,0.0,0.0,False,14,23,,,,,
501,35,21,0.20196995818081606,23,15,0.0,0.0,0.0,False,13,23,,,,,
501,35,30,0.1655842362329276,24,0,0.041666666666666664,0.02564102564102564,0.031746031746031744,False,39,24,,,,,
501,35,30,0.1655842362329276,24,1,0.0,0.0,0.0,False,37,24,,,,,
501,35,30,0.1655842362329276,24,2,0.0,0.0,0.0,False,34,24,,,,,
501,35,30,0.1655842362329276,24,3,0.20833333333333334,0.14705882352941177,0.1724137931034483,False,34,24,,,,,
501,35,30,0.1655842362329276,24,4,0.0,0.0,0.0,False,30,24,,,,,
501,35,30,0.1655842362329276,24,5,0.08333333333333333,0.07407407407407407,0.0784313725490196,False,27,24,,,,,
501,35,30,0.1655842362329276,24,6,0.0,0.0,0.0,False,24,24,,,,,
501,35,30,0.1655842362329276,24,7,0.0,0.0,0.0,False,23,24,,,,,
501,35,30,0.1655842362329276,24,8,0.0,0.0,0.0,False,22,24,,,,,
501,35,30,0.1655842362329276,24,9,0.0,0.0,0.0,False,20,24,,,,,
501,35,30,0.1655842362329276,24,10,0.0,0.0,0.0,False,19,24,,,,,
501,35,30,0.1655842362329276,24,11,0.0,0.0,0.0,False,17,24,,,,,
501,35,30,0.1655842362329276,24,12,0.0,0.0,0.0,False,17,24,,,,,
501,35,30,0.1655842362329276,24,13,0.6666666666666666,1.0,0.8,True,16,24,0.6152539477046244,0.7261015790818497,0.20272534678462686,"[0.1543872814856293, 0.0036819219181865037]",0.15443117960287217
501,35,30,0.1655842362329276,24,14,0.0,0.0,0.0,False,14,24,,,,,
501,35,30,0.1655842362329276,24,15,0.0,0.0,0.0,False,13,24,,,,,
501,35,20,0.14368270999187796,22,0,0.0,0.0,0.0,False,39,22,,,,,
501,35,20,0.14368270999187796,22,1,0.0,0.0,0.0,False,37,22,,,,,
501,35,20,0.14368270999187796,22,2,0.0,0.0,0.0,False,34,22,,,,,
501,35,20,0.14368270999187796,22,3,0.0,0.0,0.0,False,34,22,,,,,
501,35,20,0.14368270999187796,22,4,0.0,0.0,0.0,False,30,22,,,,,
501,35,20,0.14368270999187796,22,5,0.0,0.0,0.0,False,27,22,,,,,
501,35,20,0.14368270999187796,22,6,0.0,0.0,0.0,False,24,22,,,,,
501,35,20,0.14368270999187796,22,7,0.0,0.0,0.0,False,23,22,,,,,
501,35,20,0.14368270999187796,22,8,1.0,1.0,1.0,True,22,22,0.7636720943223533,0.9054688377289413,0.12452280237200335,"[0.12727272727272698, 0.0]",0.12727272727272698
501,35,20,0.14368270999187796,22,9,0.0,0.0,0.0,False,20,22,,,,,
501,35,20,0.14368270999187796,22,10,0.0,0.0,0.0,False,19,22,,,,,
501,35,20,0.14368270999187796,22,11,0.0,0.0,0.0,False,17,22,,,,,
501,35,20,0.14368270999187796,22,12,0.0,0.0,0.0,False,17,22,,,,,
501,35,20,0.14368270999187796,22,13,0.0,0.0,0.0,False,16,22,,,,,
501,35,20,0.14368270999187796,22,14,0.0,0.0,0.0,False,14,22,,,,,
501,35,20,0.14368270999187796,22,15,0.0,0.0,0.0,False,13,22,,,,,
501,35,29,0.13411574401250162,25,0,0.0,0.0,0.0,False,39,25,,,,,
501,35,29,0.13411574401250162,25,1,0.0,0.0,0.0,False,37,25,,,,,
501,35,29,0.13411574401250162,25,2,0.0,0.0,0.0,False,34,25,,,,,
501,35,29,0.13411574401250162,25,3,0.0,0.0,0.0,False,34,25,,,,,
501,35,29,0.13411574401250162,25,4,0.0,0.0,0.0,False,30,25,,,,,
501,35,29,0.13411574401250162,25,5,1.0,0.9259259259259259,0.9615384615384616,True,27,25,0.848829617425343,0.916454923893214,0.07965271650788654,"[-0.33236849934302626, 0.18407362150407636]",0.3799367282708546
501,35,29,0.13411574401250162,25,6,0.0,0.0,0.0,False,24,25,,,,,
501,35,29,0.13411574401250162,25,7,0.0,0.0,0.0,False,23,25,,,,,
501,35,29,0.13411574401250162,25,8,0.0,0.0,0.0,False,22,25,,,,,
501,35,29,0.13411574401250162,25,9,0.0,0.0,0.0,False,20,25,,,,,
501,35,29,0.13411574401250162,25,10,0.0,0.0,0.0,False,19,25,,,,,
501,35,29,0.13411574401250162,25,11,0.0,0.0,0.0,False,17,25,,,,,
501,35,29,0.13411574401250162,25,12,0.0,0.0,0.0,False,17,25,,,,,
501,35,29,0.13411574401250162,25,13,0.0,0.0,0.0,False,16,25,,,,,
501,35,29,0.13411574401250162,25,14,0.0,0.0,0.0,False,14,25,,,,,
501,35,29,0.13411574401250162,25,15,0.0,0.0,0.0,False,13,25,,,,,
501,35,22,0.1280885758352776,22,0,0.0,0.0,0.0,False,39,22,,,,,
501,35,22,0.1280885758352776,22,1,0.0,0.0,0.0,False,37,22,,,,,
501,35,22,0.1280885758352776,22,2,0.0,0.0,0.0,False,34,22,,,,,
501,35,22,0.1280885758352776,22,3,0.0,0.0,0.0,False,34,22,,,,,
501,35,22,0.1280885758352776,22,4,0.0,0.0,0.0,False,30,22,,,,,
501,35,22,0.1280885758352776,22,5,0.0,0.0,0.0,False,27,22,,,,,
501,35,22,0.1280885758352776,22,6,0.0,0.0,0.0,False,24,22,,,,,
501,35,22,0.1280885758352776,22,7,0.0,0.0,0.0,False,23,22,,,,,
501,35,22,0.1280885758352776,22,8,1.0,1.0,1.0,True,22,22,0.7636720943223533,0.9054688377289413,0.12452280237200335,"[0.12727272727272698, 0.0]",0.12727272727272698
501,35,22,0.1280885758352776,22,9,0.0,0.0,0.0,False,20,22,,,,,
501,35,22,0.1280885758352776,22,10,0.0,0.0,0.0,False,19,22,,,,,
501,35,22,0.1280885758352776,22,11,0.0,0.0,0.0,False,17,22,,,,,
501,35,22,0.1280885758352776,22,12,0.0,0.0,0.0,False,17,22,,,,,
501,35,22,0.1280885758352776,22,13,0.0,0.0,0.0,False,16,22,,,,,
501,35,22,0.1280885758352776,22,14,0.0,0.0,0.0,False,14,22,,,,,
501,35,22,0.1280885758352776,22,15,0.0,0.0,0.0,False,13,22,,,,,
501,36,19,0.2265587757465991,23,0,0.8260869565217391,0.41304347826086957,0.5507246376811594,True,46,23,0.37064380682751696,0.4786923053397024,0.3316121159678439,"[0.667382763703884, 0.40119802919904757]",0.7786909604729171
501,36,19,0.2265587757465991,23,1,0.0,0.0,0.0,False,38,23,,,,,
501,36,19,0.2265587757465991,23,2,0.0,0.0,0.0,False,36,23,,,,,
501,36,19,0.2265587757465991,23,3,0.0,0.0,0.0,False,32,23,,,,,
501,36,19,0.2265587757465991,23,4,0.0,0.0,0.0,False,30,23,,,,,
501,36,19,0.2265587757465991,23,5,0.0,0.0,0.0,False,30,23,,,,,
501,36,19,0.2265587757465991,23,6,0.0,0.0,0.0,False,26,23,,,,,
501,36,19,0.2265587757465991,23,7,0.0,0.0,0.0,False,26,23,,,,,
501,36,19,0.2265587757465991,23,8,0.0,0.0,0.0,False,25,23,,,,,
501,36,19,0.2265587757465991,23,9,0.0,0.0,0.0,False,21,23,,,,,
501,36,19,0.2265587757465991,23,10,0.17391304347826086,0.19047619047619047,0.18181818181818182,False,21,23,,,,,
501,36,19,0.2265587757465991,23,11,0.0,0.0,0.0,False,17,23,,,,,
501,36,19,0.2265587757465991,23,12,0.0,0.0,0.0,False,15,23,,,,,
501,36,19,0.2265587757465991,23,13,0.0,0.0,0.0,False,15,23,,,,,
501,36,21,0.20196995818081606,23,0,0.8260869565217391,0.41304347826086957,0.5507246376811594,True,46,23,0.37064380682751696,0.4786923053397024,0.3316121159678439,"[0.667382763703884, 0.40119802919904757]",0.7786909604729171
501,36,21,0.20196995818081606,23,1,0.0,0.0,0.0,False,38,23,,,,,
501,36,21,0.20196995818081606,23,2,0.0,0.0,0.0,False,36,23,,,,,
501,36,21,0.20196995818081606,23,3,0.0,0.0,0.0,False,32,23,,,,,
501,36,21,0.20196995818081606,23,4,0.0,0.0,0.0,False,30,23,,,,,
501,36,21,0.20196995818081606,23,5,0.0,0.0,0.0,False,30,23,,,,,
501,36,21,0.20196995818081606,23,6,0.0,0.0,0.0,False,26,23,,,,,
501,36,21,0.20196995818081606,23,7,0.0,0.0,0.0,False,26,23,,,,,
501,36,21,0.20196995818081606,23,8,0.0,0.0,0.0,False,25,23,,,,,
501,36,21,0.20196995818081606,23,9,0.0,0.0,0.0,False,21,23,,,,,
501,36,21,0.20196995818081606,23,10,0.17391304347826086,0.19047619047619047,0.18181818181818182,False,21,23,,,,,
501,36,21,0.20196995818081606,23,11,0.0,0.0,0.0,False,17,23,,,,,
501,36,21,0.20196995818081606,23,12,0.0,0.0,0.0,False,15,23,,,,,
501,36,21,0.20196995818081606,23,13,0.0,0.0,0.0,False,15,23,,,,,
501,36,30,0.1655842362329276,16,0,0.0,0.0,0.0,False,46,16,,,,,
501,36,30,0.1655842362329276,16,1,0.0,0.0,0.0,False,38,16,,,,,
501,36,30,0.1655842362329276,16,2,0.0,0.0,0.0,False,36,16,,,,,
501,36,30,0.1655842362329276,16,3,0.0,0.0,0.0,False,32,16,,,,,
501,36,30,0.1655842362329276,16,4,0.0,0.0,0.0,False,30,16,,,,,
501,36,30,0.1655842362329276,16,5,0.0,0.0,0.0,False,30,16,,,,,
501,36,30,0.1655842362329276,16,6,0.0,0.0,0.0,False,26,16,,,,,
501,36,30,0.1655842362329276,16,7,0.0,0.0,0.0,False,26,16,,,,,
501,36,30,0.1655842362329276,16,8,0.0,0.0,0.0,False,25,16,,,,,
501,36,30,0.1655842362329276,16,9,1.0,0.7619047619047619,0.8648648648648649,True,21,16,0.5377880712189389,0.7340341474064945,0.2435426510320509,"[0.4193574473451953, -0.15357467696343363]",0.44659360726313724
501,36,30,0.1655842362329276,16,10,0.0,0.0,0.0,False,21,16,,,,,
501,36,30,0.1655842362329276,16,11,0.0,0.0,0.0,False,17,16,,,,,
501,36,30,0.1655842362329276,16,12,0.0,0.0,0.0,False,15,16,,,,,
501,36,30,0.1655842362329276,16,13,0.0,0.0,0.0,False,15,16,,,,,
501,36,20,0.14368270999187796,22,0,0.0,0.0,0.0,False,46,22,,,,,
501,36,20,0.14368270999187796,22,1,0.0,0.0,0.0,False,38,22,,,,,
501,36,20,0.14368270999187796,22,2,0.0,0.0,0.0,False,36,22,,,,,
501,36,20,0.14368270999187796,22,3,0.0,0.0,0.0,False,32,22,,,,,
501,36,20,0.14368270999187796,22,4,0.0,0.0,0.0,False,30,22,,,,,
501,36,20,0.14368270999187796,22,5,0.0,0.0,0.0,False,30,22,,,,,
501,36,20,0.14368270999187796,22,6,0.3181818181818182,0.2692307692307692,0.2916666666666667,True,26,22,0.45327141741767907,0.3563085669670717,0.28807505844394776,"[-3.9033587465138986, 0.006291683685526905]",3.9033638171800167
501,36,20,0.14368270999187796,22,7,0.0,0.0,0.0,False,26,22,,,,,
501,36,20,0.14368270999187796,22,8,0.0,0.0,0.0,False,25,22,,,,,
501,36,20,0.14368270999187796,22,9,0.0,0.0,0.0,False,21,22,,,,,
501,36,20,0.14368270999187796,22,10,0.0,0.0,0.0,False,21,22,,,,,
501,36,20,0.14368270999187796,22,11,0.0,0.0,0.0,False,17,22,,,,,
501,36,20,0.14368270999187796,22,12,0.6818181818181818,1.0,0.8108108108108109,True,15,22,0.5806358613270819,0.7187408310173193,0.22096585509923766,"[0.06018982196624556, -0.3475827262380573]",0.35275567500383126
501,36,20,0.14368270999187796,22,13,0.0,0.0,0.0,False,15,22,,,,,
501,36,29,0.13411574401250162,27,0,1.0,0.5869565217391305,0.7397260273972602,True,46,27,0.5454651121629841,0.6620216613035498,0.23949756524526675,"[-0.54853442108924, -0.35761724865577094]",0.6548130325946722
501,36,29,0.13411574401250162,27,1,0.0,0.0,0.0,False,38,27,,,,,
501,36,29,0.13411574401250162,27,2,0.0,0.0,0.0,False,36,27,,,,,
501,36,29,0.13411574401250162,27,3,0.0,0.0,0.0,False,32,27,,,,,
501,36,29,0.13411574401250162,27,4,0.0,0.0,0.0,False,30,27,,,,,
501,36,29,0.13411574401250162,27,5,0.0,0.0,0.0,False,30,27,,,,,
501,36,29,0.13411574401250162,27,6,0.0,0.0,0.0,False,26,27,,,,,
501,36,29,0.13411574401250162,27,7,0.0,0.0,0.0,False,26,27,,,,,
501,36,29,0.13411574401250162,27,8,0.0,0.0,0.0,False,25,27,,,,,
501,36,29,0.13411574401250162,27,9,0.0,0.0,0.0,False,21,27,,,,,
501,36,29,0.13411574401250162,27,10,0.0,0.0,0.0,False,21,27,,,,,
501,36,29,0.13411574401250162,27,11,0.0,0.0,0.0,False,17,27,,,,,
501,36,29,0.13411574401250162,27,12,0.0,0.0,0.0,False,15,27,,,,,
501,36,29,0.13411574401250162,27,13,0.0,0.0,0.0,False,15,27,,,,,
501,36,22,0.1280885758352776,22,0,0.0,0.0,0.0,False,46,22,,,,,
501,36,22,0.1280885758352776,22,1,0.0,0.0,0.0,False,38,22,,,,,
501,36,22,0.1280885758352776,22,2,0.0,0.0,0.0,False,36,22,,,,,
501,36,22,0.1280885758352776,22,3,0.0,0.0,0.0,False,32,22,,,,,
501,36,22,0.1280885758352776,22,4,0.0,0.0,0.0,False,30,22,,,,,
501,36,22,0.1280885758352776,22,5,0.0,0.0,0.0,False,30,22,,,,,
501,36,22,0.1280885758352776,22,6,0.3181818181818182,0.2692307692307692,0.2916666666666667,True,26,22,0.45327141741767907,0.3563085669670717,0.28807505844394776,"[-3.9033587465138986, 0.006291683685526905]",3.9033638171800167
501,36,22,0.1280885758352776,22,7,0.0,0.0,0.0,False,26,22,,,,,
501,36,22,0.1280885758352776,22,8,0.0,0.0,0.0,False,25,22,,,,,
501,36,22,0.1280885758352776,22,9,0.0,0.0,0.0,False,21,22,,,,,
501,36,22,0.1280885758352776,22,10,0.0,0.0,0.0,False,21,22,,,,,
501,36,22,0.1280885758352776,22,11,0.0,0.0,0.0,False,17,22,,,,,
501,36,22,0.1280885758352776,22,12,0.6818181818181818,1.0,0.8108108108108109,True,15,22,0.5806358613270819,0.7187408310173193,0.22096585509923766,"[0.06018982196624556, -0.3475827262380573]",0.35275567500383126
501,36,22,0.1280885758352776,22,13,0.0,0.0,0.0,False,15,22,,,,,
501,37,19,0.2388974222735202,46,0,0.8478260869565217,0.975,0.9069767441860465,True,40,46,0.743756948778095,0.8416888260228659,0.1350162298227588,"[0.15549260854285407, 0.11690377062057777]",0.19453648217434671
501,37,19,0.2388974222735202,46,1,0.0,0.0,0.0,False,36,46,,,,,
501,37,19,0.2388974222735202,46,2,0.0,0.0,0.0,False,32,46,,,,,
501,37,19,0.2388974222735202,46,3,0.0,0.0,0.0,False,32,46,,,,,
501,37,19,0.2388974222735202,46,4,0.0,0.0,0.0,False,32,46,,,,,
501,37,19,0.2388974222735202,46,5,0.0,0.0,0.0,False,26,46,,,,,
501,37,19,0.2388974222735202,46,6,0.0,0.0,0.0,False,25,46,,,,,
501,37,19,0.2388974222735202,46,7,0.0,0.0,0.0,False,24,46,,,,,
501,37,19,0.2388974222735202,46,8,0.021739130434782608,0.045454545454545456,0.029411764705882353,False,22,46,,,,,
501,37,19,0.2388974222735202,46,9,0.0,0.0,0.0,False,21,46,,,,,
501,37,19,0.2388974222735202,46,10,0.0,0.0,0.0,False,19,46,,,,,
501,37,19,0.2388974222735202,46,11,0.13043478260869565,0.35294117647058826,0.19047619047619047,False,17,46,,,,,
501,37,19,0.2388974222735202,46,12,0.0,0.0,0.0,False,17,46,,,,,
501,37,19,0.2388974222735202,46,13,0.0,0.0,0.0,False,17,46,,,,,
501,37,19,0.2388974222735202,46,14,0.0,0.0,0.0,False,16,46,,,,,
501,37,19,0.2388974222735202,46,15,0.0,0.0,0.0,False,15,46,,,,,
501,37,21,0.21296946996241842,46,0,0.8478260869565217,0.975,0.9069767441860465,True,40,46,0.743756948778095,0.8416888260228659,0.1350162298227588,"[0.15549260854285407, 0.11690377062057777]",0.19453648217434671
501,37,21,0.21296946996241842,46,1,0.0,0.0,0.0,False,36,46,,,,,
501,37,21,0.21296946996241842,46,2,0.0,0.0,0.0,False,32,46,,,,,
501,37,21,0.21296946996241842,46,3,0.0,0.0,0.0,False,32,46,,,,,
501,37,21,0.21296946996241842,46,4,0.0,0.0,0.0,False,32,46,,,,,
501,37,21,0.21296946996241842,46,5,0.0,0.0,0.0,False,26,46,,,,,
501,37,21,0.21296946996241842,46,6,0.0,0.0,0.0,False,25,46,,,,,
501,37,21,0.21296946996241842,46,7,0.0,0.0,0.0,False,24,46,,,,,
501,37,21,0.21296946996241842,46,8,0.021739130434782608,0.045454545454545456,0.029411764705882353,False,22,46,,,,,
501,37,21,0.21296946996241842,46,9,0.0,0.0,0.0,False,21,46,,,,,
501,37,21,0.21296946996241842,46,10,0.0,0.0,0.0,False,19,46,,,,,
501,37,21,0.21296946996241842,46,11,0.13043478260869565,0.35294117647058826,0.19047619047619047,False,17,46,,,,,
501,37,21,0.21296946996241842,46,12,0.0,0.0,0.0,False,17,46,,,,,
501,37,21,0.21296946996241842,46,13,0.0,0.0,0.0,False,17,46,,,,,
501,37,21,0.21296946996241842,46,14,0.0,0.0,0.0,False,16,46,,,,,
501,37,21,0.21296946996241842,46,15,0.0,0.0,0.0,False,15,46,,,,,
501,37,30,0.17460214054749468,21,0,0.047619047619047616,0.025,0.03278688524590164,False,40,21,,,,,
501,37,30,0.17460214054749468,21,1,0.0,0.0,0.0,False,36,21,,,,,
501,37,30,0.17460214054749468,21,2,0.0,0.0,0.0,False,32,21,,,,,
501,37,30,0.17460214054749468,21,3,0.0,0.0,0.0,False,32,21,,,,,
501,37,30,0.17460214054749468,21,4,0.0,0.0,0.0,False,32,21,,,,,
501,37,30,0.17460214054749468,21,5,0.0,0.0,0.0,False,26,21,,,,,
501,37,30,0.17460214054749468,21,6,0.0,0.0,0.0,False,25,21,,,,,
501,37,30,0.17460214054749468,21,7,0.0,0.0,0.0,False,24,21,,,,,
501,37,30,0.17460214054749468,21,8,0.9523809523809523,0.9090909090909091,0.9302325581395349,True,22,21,0.8077037199590277,0.8812210228673321,0.10132223533971887,"[0.1482155070558413, 0.04890566153476428]",0.15607562353542934
501,37,30,0.17460214054749468,21,9,0.0,0.0,0.0,False,21,21,,,,,
501,37,30,0.17460214054749468,21,10,0.0,0.0,0.0,False,19,21,,,,,
501,37,30,0.17460214054749468,21,11,0.0,0.0,0.0,False,17,21,,,,,
501,37,30,0.17460214054749468,21,12,0.0,0.0,0.0,False,17,21,,,,,
501,37,30,0.17460214054749468,21,13,0.0,0.0,0.0,False,17,21,,,,,
501,37,30,0.17460214054749468,21,14,0.0,0.0,0.0,False,16,21,,,,,
501,37,30,0.17460214054749468,21,15,0.0,0.0,0.0,False,15,21,,,,,
501,37,29,0.14141983873852607,46,0,0.8478260869565217,0.975,0.9069767441860465,True,40,46,0.743756948778095,0.8416888260228659,0.1350162298227588,"[0.15549260854285407, 0.11690377062057777]",0.19453648217434671
501,37,29,0.14141983873852607,46,1,0.0,0.0,0.0,False,36,46,,,,,
501,37,29,0.14141983873852607,46,2,0.0,0.0,0.0,False,32,46,,,,,
501,37,29,0.14141983873852607,46,3,0.0,0.0,0.0,False,32,46,,,,,
501,37,29,0.14141983873852607,46,4,0.0,0.0,0.0,False,32,46,,,,,
501,37,29,0.14141983873852607,46,5,0.0,0.0,0.0,False,26,46,,,,,
501,37,29,0.14141983873852607,46,6,0.0,0.0,0.0,False,25,46,,,,,
501,37,29,0.14141983873852607,46,7,0.0,0.0,0.0,False,24,46,,,,,
501,37,29,0.14141983873852607,46,8,0.021739130434782608,0.045454545454545456,0.029411764705882353,False,22,46,,,,,
501,37,29,0.14141983873852607,46,9,0.0,0.0,0.0,False,21,46,,,,,
501,37,29,0.14141983873852607,46,10,0.0,0.0,0.0,False,19,46,,,,,
501,37,29,0.14141983873852607,46,11,0.13043478260869565,0.35294117647058826,0.19047619047619047,False,17,46,,,,,
501,37,29,0.14141983873852607,46,12,0.0,0.0,0.0,False,17,46,,,,,
501,37,29,0.14141983873852607,46,13,0.0,0.0,0.0,False,17,46,,,,,
501,37,29,0.14141983873852607,46,14,0.0,0.0,0.0,False,16,46,,,,,
501,37,29,0.14141983873852607,46,15,0.0,0.0,0.0,False,15,46,,,,,
501,37,32,0.12271478886186825,15,0,0.0,0.0,0.0,False,40,15,,,,,
501,37,32,0.12271478886186825,15,1,0.0,0.0,0.0,False,36,15,,,,,
501,37,32,0.12271478886186825,15,2,0.0,0.0,0.0,False,32,15,,,,,
501,37,32,0.12271478886186825,15,3,0.0,0.0,0.0,False,32,15,,,,,
501,37,32,0.12271478886186825,15,4,0.0,0.0,0.0,False,32,15,,,,,
501,37,32,0.12271478886186825,15,5,0.0,0.0,0.0,False,26,15,,,,,
501,37,32,0.12271478886186825,15,6,0.0,0.0,0.0,False,25,15,,,,,
501,37,32,0.12271478886186825,15,7,0.0,0.0,0.0,False,24,15,,,,,
501,37,32,0.12271478886186825,15,8,0.0,0.0,0.0,False,22,15,,,,,
501,37,32,0.12271478886186825,15,9,0.0,0.0,0.0,False,21,15,,,,,
501,37,32,0.12271478886186825,15,10,0.0,0.0,0.0,False,19,15,,,,,
501,37,32,0.12271478886186825,15,11,0.0,0.0,0.0,False,17,15,,,,,
501,37,32,0.12271478886186825,15,12,0.0,0.0,0.0,False,17,15,,,,,
501,37,32,0.12271478886186825,15,13,0.0,0.0,0.0,False,17,15,,,,,
501,37,32,0.12271478886186825,15,14,0.0,0.0,0.0,False,16,15,,,,,
501,37,32,0.12271478886186825,15,15,1.0,1.0,1.0,True,15,15,0.8825280386778449,0.953011215471138,0.06189678608637516,"[0.20533333333333204, 0.0]",0.20533333333333204
501,37,34,0.10939633961617243,15,0,0.0,0.0,0.0,False,40,15,,,,,
501,37,34,0.10939633961617243,15,1,0.0,0.0,0.0,False,36,15,,,,,
501,37,34,0.10939633961617243,15,2,0.0,0.0,0.0,False,32,15,,,,,
501,37,34,0.10939633961617243,15,3,0.0,0.0,0.0,False,32,15,,,,,
501,37,34,0.10939633961617243,15,4,0.0,0.0,0.0,False,32,15,,,,,
501,37,34,0.10939633961617243,15,5,0.0,0.0,0.0,False,26,15,,,,,
501,37,34,0.10939633961617243,15,6,0.0,0.0,0.0,False,25,15,,,,,
501,37,34,0.10939633961617243,15,7,0.0,0.0,0.0,False,24,15,,,,,
501,37,34,0.10939633961617243,15,8,0.0,0.0,0.0,False,22,15,,,,,
501,37,34,0.10939633961617243,15,9,0.0,0.0,0.0,False,21,15,,,,,
501,37,34,0.10939633961617243,15,10,0.0,0.0,0.0,False,19,15,,,,,
501,37,34,0.10939633961617243,15,11,0.0,0.0,0.0,False,17,15,,,,,
501,37,34,0.10939633961617243,15,12,0.0,0.0,0.0,False,17,15,,,,,
501,37,34,0.10939633961617243,15,13,0.0,0.0,0.0,False,17,15,,,,,
501,37,34,0.10939633961617243,15,14,0.0,0.0,0.0,False,16,15,,,,,
501,37,34,0.10939633961617243,15,15,1.0,1.0,1.0,True,15,15,0.8825280386778449,0.953011215471138,0.06189678608637516,"[0.20533333333333204, 0.0]",0.20533333333333204
501,38,19,0.2388974222735202,40,0,0.0,0.0,0.0,False,42,40,,,,,
501,38,19,0.2388974222735202,40,1,1.0,1.0,1.0,True,40,40,0.857559679254197,0.9430238717016788,0.0750527867590377,"[-0.14700000000000202, 0.0070000000000014495]",0.14716657229140256
501,38,19,0.2388974222735202,40,2,0.0,0.0,0.0,False,32,40,,,,,
501,38,19,0.2388974222735202,40,3,0.0,0.0,0.0,False,32,40,,,,,
501,38,19,0.2388974222735202,40,4,0.0,0.0,0.0,False,31,40,,,,,
501,38,19,0.2388974222735202,40,5,0.0,0.0,0.0,False,29,40,,,,,
501,38,19,0.2388974222735202,40,6,0.0,0.0,0.0,False,26,40,,,,,
501,38,19,0.2388974222735202,40,7,0.0,0.0,0.0,False,21,40,,,,,
501,38,19,0.2388974222735202,40,8,0.0,0.0,0.0,False,21,40,,,,,
501,38,19,0.2388974222735202,40,9,0.0,0.0,0.0,False,20,40,,,,,
501,38,19,0.2388974222735202,40,10,0.0,0.0,0.0,False,17,40,,,,,
501,38,19,0.2388974222735202,40,11,0.0,0.0,0.0,False,17,40,,,,,
501,38,19,0.2388974222735202,40,12,0.0,0.0,0.0,False,16,40,,,,,
501,38,19,0.2388974222735202,40,13,0.0,0.0,0.0,False,16,40,,,,,
501,38,19,0.2388974222735202,40,14,0.0,0.0,0.0,False,15,40,,,,,
501,38,19,0.2388974222735202,40,15,0.0,0.0,0.0,False,12,40,,,,,
501,38,21,0.21296946996241842,40,0,0.0,0.0,0.0,False,42,40,,,,,
501,38,21,0.21296946996241842,40,1,1.0,1.0,1.0,True,40,40,0.857559679254197,0.9430238717016788,0.0750527867590377,"[-0.14700000000000202, 0.0070000000000014495]",0.14716657229140256
501,38,21,0.21296946996241842,40,2,0.0,0.0,0.0,False,32,40,,,,,
501,38,21,0.21296946996241842,40,3,0.0,0.0,0.0,False,32,40,,,,,
501,38,21,0.21296946996241842,40,4,0.0,0.0,0.0,False,31,40,,,,,
501,38,21,0.21296946996241842,40,5,0.0,0.0,0.0,False,29,40,,,,,
501,38,21,0.21296946996241842,40,6,0.0,0.0,0.0,False,26,40,,,,,
501,38,21,0.21296946996241842,40,7,0.0,0.0,0.0,False,21,40,,,,,
501,38,21,0.21296946996241842,40,8,0.0,0.0,0.0,False,21,40,,,,,
501,38,21,0.21296946996241842,40,9,0.0,0.0,0.0,False,20,40,,,,,
501,38,21,0.21296946996241842,40,10,0.0,0.0,0.0,False,17,40,,,,,
501,38,21,0.21296946996241842,40,11,0.0,0.0,0.0,False,17,40,,,,,
501,38,21,0.21296946996241842,40,12,0.0,0.0,0.0,False,16,40,,,,,
501,38,21,0.21296946996241842,40,13,0.0,0.0,0.0,False,16,40,,,,,
501,38,21,0.21296946996241842,40,14,0.0,0.0,0.0,False,15,40,,,,,
501,38,21,0.21296946996241842,40,15,0.0,0.0,0.0,False,12,40,,,,,
501,38,30,0.17460214054749468,22,0,0.045454545454545456,0.023809523809523808,0.03125,False,42,22,,,,,
501,38,30,0.17460214054749468,22,1,0.0,0.0,0.0,False,40,22,,,,,
501,38,30,0.17460214054749468,22,2,0.0,0.0,0.0,False,32,22,,,,,
501,38,30,0.17460214054749468,22,3,0.0,0.0,0.0,False,32,22,,,,,
501,38,30,0.17460214054749468,22,4,0.0,0.0,0.0,False,31,22,,,,,
501,38,30,0.17460214054749468,22,5,0.0,0.0,0.0,False,29,22,,,,,
501,38,30,0.17460214054749468,22,6,0.0,0.0,0.0,False,26,22,,,,,
501,38,30,0.17460214054749468,22,7,0.9545454545454546,1.0,0.9767441860465116,True,21,22,0.8319873938728277,0.918841469177038,0.08852700018133314,"[-0.09133451106108481, -0.04427379527126618]",0.10149956580443788
501,38,30,0.17460214054749468,22,8,0.0,0.0,0.0,False,21,22,,,,,
501,38,30,0.17460214054749468,22,9,0.0,0.0,0.0,False,20,22,,,,,
501,38,30,0.17460214054749468,22,10,0.0,0.0,0.0,False,17,22,,,,,
501,38,30,0.17460214054749468,22,11,0.0,0.0,0.0,False,17,22,,,,,
501,38,30,0.17460214054749468,22,12,0.0,0.0,0.0,False,16,22,,,,,
501,38,30,0.17460214054749468,22,13,0.0,0.0,0.0,False,16,22,,,,,
501,38,30,0.17460214054749468,22,14,0.0,0.0,0.0,False,15,22,,,,,
501,38,30,0.17460214054749468,22,15,0.0,0.0,0.0,False,12,22,,,,,
501,38,29,0.14141983873852607,40,0,0.0,0.0,0.0,False,42,40,,,,,
501,38,29,0.14141983873852607,40,1,1.0,1.0,1.0,True,40,40,0.857559679254197,0.9430238717016788,0.0750527867590377,"[-0.14700000000000202, 0.0070000000000014495]",0.14716657229140256
501,38,29,0.14141983873852607,40,2,0.0,0.0,0.0,False,32,40,,,,,
501,38,29,0.14141983873852607,40,3,0.0,0.0,0.0,False,32,40,,,,,
501,38,29,0.14141983873852607,40,4,0.0,0.0,0.0,False,31,40,,,,,
501,38,29,0.14141983873852607,40,5,0.0,0.0,0.0,False,29,40,,,,,
501,38,29,0.14141983873852607,40,6,0.0,0.0,0.0,False,26,40,,,,,
501,38,29,0.14141983873852607,40,7,0.0,0.0,0.0,False,21,40,,,,,
501,38,29,0.14141983873852607,40,8,0.0,0.0,0.0,False,21,40,,,,,
501,38,29,0.14141983873852607,40,9,0.0,0.0,0.0,False,20,40,,,,,
501,38,29,0.14141983873852607,40,10,0.0,0.0,0.0,False,17,40,,,,,
501,38,29,0.14141983873852607,40,11,0.0,0.0,0.0,False,17,40,,,,,
501,38,29,0.14141983873852607,40,12,0.0,0.0,0.0,False,16,40,,,,,
501,38,29,0.14141983873852607,40,13,0.0,0.0,0.0,False,16,40,,,,,
501,38,29,0.14141983873852607,40,14,0.0,0.0,0.0,False,15,40,,,,,
501,38,29,0.14141983873852607,40,15,0.0,0.0,0.0,False,12,40,,,,,
501,38,32,0.12271478886186825,15,0,0.0,0.0,0.0,False,42,15,,,,,
501,38,32,0.12271478886186825,15,1,0.0,0.0,0.0,False,40,15,,,,,
501,38,32,0.12271478886186825,15,2,0.0,0.0,0.0,False,32,15,,,,,
501,38,32,0.12271478886186825,15,3,0.0,0.0,0.0,False,32,15,,,,,
501,38,32,0.12271478886186825,15,4,0.0,0.0,0.0,False,31,15,,,,,
501,38,32,0.12271478886186825,15,5,0.0,0.0,0.0,False,29,15,,,,,
501,38,32,0.12271478886186825,15,6,0.0,0.0,0.0,False,26,15,,,,,
501,38,32,0.12271478886186825,15,7,0.0,0.0,0.0,False,21,15,,,,,
501,38,32,0.12271478886186825,15,8,0.0,0.0,0.0,False,21,15,,,,,
501,38,32,0.12271478886186825,15,9,0.0,0.0,0.0,False,20,15,,,,,
501,38,32,0.12271478886186825,15,10,0.0,0.0,0.0,False,17,15,,,,,
501,38,32,0.12271478886186825,15,11,0.0,0.0,0.0,False,17,15,,,,,
501,38,32,0.12271478886186825,15,12,0.0,0.0,0.0,False,16,15,,,,,
501,38,32,0.12271478886186825,15,13,0.0,0.0,0.0,False,16,15,,,,,
501,38,32,0.12271478886186825,15,14,1.0,1.0,1.0,True,15,15,0.8780362351227237,0.9512144940490894,0.06426354833895126,"[0.2426666666666666, -0.03733333333333455]",0.24552166684203033
501,38,32,0.12271478886186825,15,15,0.0,0.0,0.0,False,12,15,,,,,
501,38,34,0.10939633961617243,15,0,0.0,0.0,0.0,False,42,15,,,,,
501,38,34,0.10939633961617243,15,1,0.0,0.0,0.0,False,40,15,,,,,
501,38,34,0.10939633961617243,15,2,0.0,0.0,0.0,False,32,15,,,,,
501,38,34,0.10939633961617243,15,3,0.0,0.0,0.0,False,32,15,,,,,
501,38,34,0.10939633961617243,15,4,0.0,0.0,0.0,False,31,15,,,,,
501,38,34,0.10939633961617243,15,5,0.0,0.0,0.0,False,29,15,,,,,
501,38,34,0.10939633961617243,15,6,0.0,0.0,0.0,False,26,15,,,,,
501,38,34,0.10939633961617243,15,7,0.0,0.0,0.0,False,21,15,,,,,
501,38,34,0.10939633961617243,15,8,0.0,0.0,0.0,False,21,15,,,,,
501,38,34,0.10939633961617243,15,9,0.0,0.0,0.0,False,20,15,,,,,
501,38,34,0.10939633961617243,15,10,0.0,0.0,0.0,False,17,15,,,,,
501,38,34,0.10939633961617243,15,11,0.0,0.0,0.0,False,17,15,,,,,
501,38,34,0.10939633961617243,15,12,0.0,0.0,0.0,False,16,15,,,,,
501,38,34,0.10939633961617243,15,13,0.0,0.0,0.0,False,16,15,,,,,
501,38,34,0.10939633961617243,15,14,1.0,1.0,1.0,True,15,15,0.8780362351227237,0.9512144940490894,0.06426354833895126,"[0.2426666666666666, -0.03733333333333455]",0.24552166684203033
501,38,34,0.10939633961617243,15,15,0.0,0.0,0.0,False,12,15,,,,,
501,39,19,0.2388974222735202,40,0,0.0,0.0,0.0,False,41,40,,,,,
501,39,19,0.2388974222735202,40,1,1.0,1.0,1.0,True,40,40,0.8732143071255306,0.9492857228502123,0.0668042554354103,"[-0.13299999999999912, -0.0070000000000014495]",0.13318408313308233
501,39,19,0.2388974222735202,40,2,0.0,0.0,0.0,False,32,40,,,,,
501,39,19,0.2388974222735202,40,3,0.0,0.0,0.0,False,31,40,,,,,
501,39,19,0.2388974222735202,40,4,0.0,0.0,0.0,False,29,40,,,,,
501,39,19,0.2388974222735202,40,5,0.0,0.0,0.0,False,29,40,,,,,
501,39,19,0.2388974222735202,40,6,0.0,0.0,0.0,False,23,40,,,,,
501,39,19,0.2388974222735202,40,7,0.0,0.0,0.0,False,21,40,,,,,
501,39,19,0.2388974222735202,40,8,0.0,0.0,0.0,False,21,40,,,,,
501,39,19,0.2388974222735202,40,9,0.0,0.0,0.0,False,20,40,,,,,
501,39,19,0.2388974222735202,40,10,0.0,0.0,0.0,False,18,40,,,,,
501,39,19,0.2388974222735202,40,11,0.0,0.0,0.0,False,17,40,,,,,
501,39,19,0.2388974222735202,40,12,0.0,0.0,0.0,False,17,40,,,,,
501,39,19,0.2388974222735202,40,13,0.0,0.0,0.0,False,16,40,,,,,
501,39,19,0.2388974222735202,40,14,0.0,0.0,0.0,False,15,40,,,,,
501,39,19,0.2388974222735202,40,15,0.0,0.0,0.0,False,12,40,,,,,
501,39,21,0.21296946996241842,40,0,0.0,0.0,0.0,False,41,40,,,,,
501,39,21,0.21296946996241842,40,1,1.0,1.0,1.0,True,40,40,0.8732143071255306,0.9492857228502123,0.0668042554354103,"[-0.13299999999999912, -0.0070000000000014495]",0.13318408313308233
501,39,21,0.21296946996241842,40,2,0.0,0.0,0.0,False,32,40,,,,,
501,39,21,0.21296946996241842,40,3,0.0,0.0,0.0,False,31,40,,,,,
501,39,21,0.21296946996241842,40,4,0.0,0.0,0.0,False,29,40,,,,,
501,39,21,0.21296946996241842,40,5,0.0,0.0,0.0,False,29,40,,,,,
501,39,21,0.21296946996241842,40,6,0.0,0.0,0.0,False,23,40,,,,,
501,39,21,0.21296946996241842,40,7,0.0,0.0,0.0,False,21,40,,,,,
501,39,21,0.21296946996241842,40,8,0.0,0.0,0.0,False,21,40,,,,,
501,39,21,0.21296946996241842,40,9,0.0,0.0,0.0,False,20,40,,,,,
501,39,21,0.21296946996241842,40,10,0.0,0.0,0.0,False,18,40,,,,,
501,39,21,0.21296946996241842,40,11,0.0,0.0,0.0,False,17,40,,,,,
501,39,21,0.21296946996241842,40,12,0.0,0.0,0.0,False,17,40,,,,,
501,39,21,0.21296946996241842,40,13,0.0,0.0,0.0,False,16,40,,,,,
501,39,21,0.21296946996241842,40,14,0.0,0.0,0.0,False,15,40,,,,,
501,39,21,0.21296946996241842,40,15,0.0,0.0,0.0,False,12,40,,,,,
501,39,30,0.17460214054749468,21,0,0.0,0.0,0.0,False,41,21,,,,,
501,39,30,0.17460214054749468,21,1,0.0,0.0,0.0,False,40,21,,,,,
501,39,30,0.17460214054749468,21,2,0.0,0.0,0.0,False,32,21,,,,,
501,39,30,0.17460214054749468,21,3,0.0,0.0,0.0,False,31,21,,,,,
501,39,30,0.17460214054749468,21,4,0.0,0.0,0.0,False,29,21,,,,,
501,39,30,0.17460214054749468,21,5,0.0,0.0,0.0,False,29,21,,,,,
501,39,30,0.17460214054749468,21,6,0.0,0.0,0.0,False,23,21,,,,,
501,39,30,0.17460214054749468,21,7,1.0,1.0,1.0,True,21,21,0.8915904766060387,0.9566361906424155,0.05712172507990945,"[0.03999999999999915, 0.026666666666667282]",0.04807401700618616
501,39,30,0.17460214054749468,21,8,0.0,0.0,0.0,False,21,21,,,,,
501,39,30,0.17460214054749468,21,9,0.0,0.0,0.0,False,20,21,,,,,
501,39,30,0.17460214054749468,21,10,0.0,0.0,0.0,False,18,21,,,,,
501,39,30,0.17460214054749468,21,11,0.0,0.0,0.0,False,17,21,,,,,
501,39,30,0.17460214054749468,21,12,0.0,0.0,0.0,False,17,21,,,,,
501,39,30,0.17460214054749468,21,13,0.0,0.0,0.0,False,16,21,,,,,
501,39,30,0.17460214054749468,21,14,0.0,0.0,0.0,False,15,21,,,,,
501,39,30,0.17460214054749468,21,15,0.0,0.0,0.0,False,12,21,,,,,
501,39,29,0.14141983873852607,40,0,0.0,0.0,0.0,False,41,40,,,,,
501,39,29,0.14141983873852607,40,1,1.0,1.0,1.0,True,40,40,0.8732143071255306,0.9492857228502123,0.0668042554354103,"[-0.13299999999999912, -0.0070000000000014495]",0.13318408313308233
501,39,29,0.14141983873852607,40,2,0.0,0.0,0.0,False,32,40,,,,,
501,39,29,0.14141983873852607,40,3,0.0,0.0,0.0,False,31,40,,,,,
501,39,29,0.14141983873852607,40,4,0.0,0.0,0.0,False,29,40,,,,,
501,39,29,0.14141983873852607,40,5,0.0,0.0,0.0,False,29,40,,,,,
501,39,29,0.14141983873852607,40,6,0.0,0.0,0.0,False,23,40,,,,,
501,39,29,0.14141983873852607,40,7,0.0,0.0,0.0,False,21,40,,,,,
501,39,29,0.14141983873852607,40,8,0.0,0.0,0.0,False,21,40,,,,,
501,39,29,0.14141983873852607,40,9,0.0,0.0,0.0,False,20,40,,,,,
501,39,29,0.14141983873852607,40,10,0.0,0.0,0.0,False,18,40,,,,,
501,39,29,0.14141983873852607,40,11,0.0,0.0,0.0,False,17,40,,,,,
501,39,29,0.14141983873852607,40,12,0.0,0.0,0.0,False,17,40,,,,,
501,39,29,0.14141983873852607,40,13,0.0,0.0,0.0,False,16,40,,,,,
501,39,29,0.14141983873852607,40,14,0.0,0.0,0.0,False,15,40,,,,,
501,39,29,0.14141983873852607,40,15,0.0,0.0,0.0,False,12,40,,,,,
501,39,32,0.12271478886186825,15,0,0.0,0.0,0.0,False,41,15,,,,,
501,39,32,0.12271478886186825,15,1,0.0,0.0,0.0,False,40,15,,,,,
501,39,32,0.12271478886186825,15,2,0.0,0.0,0.0,False,32,15,,,,,
501,39,32,0.12271478886186825,15,3,0.0,0.0,0.0,False,31,15,,,,,
501,39,32,0.12271478886186825,15,4,0.0,0.0,0.0,False,29,15,,,,,
501,39,32,0.12271478886186825,15,5,0.0,0.0,0.0,False,29,15,,,,,
501,39,32,0.12271478886186825,15,6,0.0,0.0,0.0,False,23,15,,,,,
501,39,32,0.12271478886186825,15,7,0.0,0.0,0.0,False,21,15,,,,,
501,39,32,0.12271478886186825,15,8,0.0,0.0,0.0,False,21,15,,,,,
501,39,32,0.12271478886186825,15,9,0.0,0.0,0.0,False,20,15,,,,,
501,39,32,0.12271478886186825,15,10,0.0,0.0,0.0,False,18,15,,,,,
501,39,32,0.12271478886186825,15,11,0.0,0.0,0.0,False,17,15,,,,,
501,39,32,0.12271478886186825,15,12,0.0,0.0,0.0,False,17,15,,,,,
501,39,32,0.12271478886186825,15,13,0.0,0.0,0.0,False,16,15,,,,,
501,39,32,0.12271478886186825,15,14,1.0,1.0,1.0,True,15,15,0.9244951198609344,0.9697980479443737,0.039784041756385655,"[0.2240000000000002, -0.05599999999999916]",0.23089391503458898
501,39,32,0.12271478886186825,15,15,0.0,0.0,0.0,False,12,15,,,,,
501,39,34,0.10939633961617243,15,0,0.0,0.0,0.0,False,41,15,,,,,
501,39,34,0.10939633961617243,15,1,0.0,0.0,0.0,False,40,15,,,,,
501,39,34,0.10939633961617243,15,2,0.0,0.0,0.0,False,32,15,,,,,
501,39,34,0.10939633961617243,15,3,0.0,0.0,0.0,False,31,15,,,,,
501,39,34,0.10939633961617243,15,4,0.0,0.0,0.0,False,29,15,,,,,
501,39,34,0.10939633961617243,15,5,0.0,0.0,0.0,False,29,15,,,,,
501,39,34,0.10939633961617243,15,6,0.0,0.0,0.0,False,23,15,,,,,
501,39,34,0.10939633961617243,15,7,0.0,0.0,0.0,False,21,15,,,,,
501,39,34,0.10939633961617243,15,8,0.0,0.0,0.0,False,21,15,,,,,
501,39,34,0.10939633961617243,15,9,0.0,0.0,0.0,False,20,15,,,,,
501,39,34,0.10939633961617243,15,10,0.0,0.0,0.0,False,18,15,,,,,
501,39,34,0.10939633961617243,15,11,0.0,0.0,0.0,False,17,15,,,,,
501,39,34,0.10939633961617243,15,12,0.0,0.0,0.0,False,17,15,,,,,
501,39,34,0.10939633961617243,15,13,0.0,0.0,0.0,False,16,15,,,,,
501,39,34,0.10939633961617243,15,14,1.0,1.0,1.0,True,15,15,0.9244951198609344,0.9697980479443737,0.039784041756385655,"[0.2240000000000002, -0.05599999999999916]",0.23089391503458898
501,39,34,0.10939633961617243,15,15,0.0,0.0,0.0,False,12,15,,,,,
501,40,19,0.2388974222735202,40,0,0.0,0.0,0.0,False,41,40,,,,,
501,40,19,0.2388974222735202,40,1,1.0,1.0,1.0,True,40,40,0.8075281346968638,0.9230112538787455,0.10141475242455984,"[-0.09800000000000253, -0.013999999999999346]",0.09899494936611906
501,40,19,0.2388974222735202,40,2,0.0,0.0,0.0,False,34,40,,,,,
501,40,19,0.2388974222735202,40,3,0.0,0.0,0.0,False,32,40,,,,,
501,40,19,0.2388974222735202,40,4,0.0,0.0,0.0,False,29,40,,,,,
501,40,19,0.2388974222735202,40,5,0.0,0.0,0.0,False,28,40,,,,,
501,40,19,0.2388974222735202,40,6,0.0,0.0,0.0,False,23,40,,,,,
501,40,19,0.2388974222735202,40,7,0.0,0.0,0.0,False,22,40,,,,,
501,40,19,0.2388974222735202,40,8,0.0,0.0,0.0,False,22,40,,,,,
501,40,19,0.2388974222735202,40,9,0.0,0.0,0.0,False,21,40,,,,,
501,40,19,0.2388974222735202,40,10,0.0,0.0,0.0,False,20,40,,,,,
501,40,19,0.2388974222735202,40,11,0.0,0.0,0.0,False,17,40,,,,,
501,40,19,0.2388974222735202,40,12,0.0,0.0,0.0,False,17,40,,,,,
501,40,19,0.2388974222735202,40,13,0.0,0.0,0.0,False,15,40,,,,,
501,40,19,0.2388974222735202,40,14,0.0,0.0,0.0,False,15,40,,,,,
501,40,19,0.2388974222735202,40,15,0.0,0.0,0.0,False,12,40,,,,,
501,40,21,0.21296946996241842,40,0,0.0,0.0,0.0,False,41,40,,,,,
501,40,21,0.21296946996241842,40,1,1.0,1.0,1.0,True,40,40,0.8075281346968638,0.9230112538787455,0.10141475242455984,"[-0.09800000000000253, -0.013999999999999346]",0.09899494936611906
501,40,21,0.21296946996241842,40,2,0.0,0.0,0.0,False,34,40,,,,,
501,40,21,0.21296946996241842,40,3,0.0,0.0,0.0,False,32,40,,,,,
501,40,21,0.21296946996241842,40,4,0.0,0.0,0.0,False,29,40,,,,,
501,40,21,0.21296946996241842,40,5,0.0,0.0,0.0,False,28,40,,,,,
501,40,21,0.21296946996241842,40,6,0.0,0.0,0.0,False,23,40,,,,,
501,40,21,0.21296946996241842,40,7,0.0,0.0,0.0,False,22,40,,,,,
501,40,21,0.21296946996241842,40,8,0.0,0.0,0.0,False,22,40,,,,,
501,40,21,0.21296946996241842,40,9,0.0,0.0,0.0,False,21,40,,,,,
501,40,21,0.21296946996241842,40,10,0.0,0.0,0.0,False,20,40,,,,,
501,40,21,0.21296946996241842,40,11,0.0,0.0,0.0,False,17,40,,,,,
501,40,21,0.21296946996241842,40,12,0.0,0.0,0.0,False,17,40,,,,,
501,40,21,0.21296946996241842,40,13,0.0,0.0,0.0,False,15,40,,,,,
501,40,21,0.21296946996241842,40,14,0.0,0.0,0.0,False,15,40,,,,,
501,40,21,0.21296946996241842,40,15,0.0,0.0,0.0,False,12,40,,,,,
501,40,30,0.17460214054749468,21,0,0.0,0.0,0.0,False,41,21,,,,,
501,40,30,0.17460214054749468,21,1,0.0,0.0,0.0,False,40,21,,,,,
501,40,30,0.17460214054749468,21,2,0.0,0.0,0.0,False,34,21,,,,,
501,40,30,0.17460214054749468,21,3,0.0,0.0,0.0,False,32,21,,,,,
501,40,30,0.17460214054749468,21,4,0.0,0.0,0.0,False,29,21,,,,,
501,40,30,0.17460214054749468,21,5,0.0,0.0,0.0,False,28,21,,,,,
501,40,30,0.17460214054749468,21,6,0.0,0.0,0.0,False,23,21,,,,,
501,40,30,0.17460214054749468,21,7,1.0,0.9545454545454546,0.9767441860465116,True,22,21,0.8016107134673405,0.9066907970148431,0.1045326824557298,"[0.12769814742472008, 0.06851621951368969]",0.14491821552915166
501,40,30,0.17460214054749468,21,8,0.0,0.0,0.0,False,22,21,,,,,
501,40,30,0.17460214054749468,21,9,0.0,0.0,0.0,False,21,21,,,,,
501,40,30,0.17460214054749468,21,10,0.0,0.0,0.0,False,20,21,,,,,
501,40,30,0.17460214054749468,21,11,0.0,0.0,0.0,False,17,21,,,,,
501,40,30,0.17460214054749468,21,12,0.0,0.0,0.0,False,17,21,,,,,
501,40,30,0.17460214054749468,21,13,0.0,0.0,0.0,False,15,21,,,,,
501,40,30,0.17460214054749468,21,14,0.0,0.0,0.0,False,15,21,,,,,
501,40,30,0.17460214054749468,21,15,0.0,0.0,0.0,False,12,21,,,,,
501,40,29,0.14141983873852607,40,0,0.0,0.0,0.0,False,41,40,,,,,
501,40,29,0.14141983873852607,40,1,1.0,1.0,1.0,True,40,40,0.8075281346968638,0.9230112538787455,0.10141475242455984,"[-0.09800000000000253, -0.013999999999999346]",0.09899494936611906
501,40,29,0.14141983873852607,40,2,0.0,0.0,0.0,False,34,40,,,,,
501,40,29,0.14141983873852607,40,3,0.0,0.0,0.0,False,32,40,,,,,
501,40,29,0.14141983873852607,40,4,0.0,0.0,0.0,False,29,40,,,,,
501,40,29,0.14141983873852607,40,5,0.0,0.0,0.0,False,28,40,,,,,
501,40,29,0.14141983873852607,40,6,0.0,0.0,0.0,False,23,40,,,,,
501,40,29,0.14141983873852607,40,7,0.0,0.0,0.0,False,22,40,,,,,
501,40,29,0.14141983873852607,40,8,0.0,0.0,0.0,False,22,40,,,,,
501,40,29,0.14141983873852607,40,9,0.0,0.0,0.0,False,21,40,,,,,
501,40,29,0.14141983873852607,40,10,0.0,0.0,0.0,False,20,40,,,,,
501,40,29,0.14141983873852607,40,11,0.0,0.0,0.0,False,17,40,,,,,
501,40,29,0.14141983873852607,40,12,0.0,0.0,0.0,False,17,40,,,,,
501,40,29,0.14141983873852607,40,13,0.0,0.0,0.0,False,15,40,,,,,
501,40,29,0.14141983873852607,40,14,0.0,0.0,0.0,False,15,40,,,,,
501,40,29,0.14141983873852607,40,15,0.0,0.0,0.0,False,12,40,,,,,
501,40,32,0.12271478886186825,15,0,0.0,0.0,0.0,False,41,15,,,,,
501,40,32,0.12271478886186825,15,1,0.0,0.0,0.0,False,40,15,,,,,
501,40,32,0.12271478886186825,15,2,0.0,0.0,0.0,False,34,15,,,,,
501,40,32,0.12271478886186825,15,3,0.0,0.0,0.0,False,32,15,,,,,
501,40,32,0.12271478886186825,15,4,0.0,0.0,0.0,False,29,15,,,,,
501,40,32,0.12271478886186825,15,5,0.0,0.0,0.0,False,28,15,,,,,
501,40,32,0.12271478886186825,15,6,0.0,0.0,0.0,False,23,15,,,,,
501,40,32,0.12271478886186825,15,7,0.0,0.0,0.0,False,22,15,,,,,
501,40,32,0.12271478886186825,15,8,0.0,0.0,0.0,False,22,15,,,,,
501,40,32,0.12271478886186825,15,9,0.0,0.0,0.0,False,21,15,,,,,
501,40,32,0.12271478886186825,15,10,0.0,0.0,0.0,False,20,15,,,,,
501,40,32,0.12271478886186825,15,11,0.0,0.0,0.0,False,17,15,,,,,
501,40,32,0.12271478886186825,15,12,0.0,0.0,0.0,False,17,15,,,,,
501,40,32,0.12271478886186825,15,13,1.0,1.0,1.0,True,15,15,0.7939854822017453,0.9175941928806981,0.10855046936584475,"[0.14933333333333287, -0.018666666666666387]",0.15049547796823912
501,40,32,0.12271478886186825,15,14,0.0,0.0,0.0,False,15,15,,,,,
501,40,32,0.12271478886186825,15,15,0.0,0.0,0.0,False,12,15,,,,,
501,40,34,0.10939633961617243,15,0,0.0,0.0,0.0,False,41,15,,,,,
501,40,34,0.10939633961617243,15,1,0.0,0.0,0.0,False,40,15,,,,,
501,40,34,0.10939633961617243,15,2,0.0,0.0,0.0,False,34,15,,,,,
501,40,34,0.10939633961617243,15,3,0.0,0.0,0.0,False,32,15,,,,,
501,40,34,0.10939633961617243,15,4,0.0,0.0,0.0,False,29,15,,,,,
501,40,34,0.10939633961617243,15,5,0.0,0.0,0.0,False,28,15,,,,,
501,40,34,0.10939633961617243,15,6,0.0,0.0,0.0,False,23,15,,,,,
501,40,34,0.10939633961617243,15,7,0.0,0.0,0.0,False,22,15,,,,,
501,40,34,0.10939633961617243,15,8,0.0,0.0,0.0,False,22,15,,,,,
501,40,34,0.10939633961617243,15,9,0.0,0.0,0.0,False,21,15,,,,,
501,40,34,0.10939633961617243,15,10,0.0,0.0,0.0,False,20,15,,,,,
501,40,34,0.10939633961617243,15,11,0.0,0.0,0.0,False,17,15,,,,,
501,40,34,0.10939633961617243,15,12,0.0,0.0,0.0,False,17,15,,,,,
501,40,34,0.10939633961617243,15,13,1.0,1.0,1.0,True,15,15,0.7939854822017453,0.9175941928806981,0.10855046936584475,"[0.14933333333333287, -0.018666666666666387]",0.15049547796823912
501,40,34,0.10939633961617243,15,14,0.0,0.0,0.0,False,15,15,,,,,
501,40,34,0.10939633961617243,15,15,0.0,0.0,0.0,False,12,15,,,,,
501,41,19,0.2388974222735202,40,0,0.0,0.0,0.0,False,42,40,,,,,
501,41,19,0.2388974222735202,40,1,0.0,0.0,0.0,False,34,40,,,,,
501,41,19,0.2388974222735202,40,2,0.0,0.0,0.0,False,32,40,,,,,
501,41,19,0.2388974222735202,40,3,0.0,0.0,0.0,False,29,40,,,,,
501,41,19,0.2388974222735202,40,4,0.7,1.0,0.8235294117647058,True,28,40,0.6235514155016493,0.7435382132594832,0.1983533538127672,"[-0.18273692109193007, 0.18329326228772302]",0.258822723751672
501,41,19,0.2388974222735202,40,5,0.0,0.0,0.0,False,28,40,,,,,
501,41,19,0.2388974222735202,40,6,0.0,0.0,0.0,False,22,40,,,,,
501,41,19,0.2388974222735202,40,7,0.0,0.0,0.0,False,21,40,,,,,
501,41,19,0.2388974222735202,40,8,0.0,0.0,0.0,False,21,40,,,,,
501,41,19,0.2388974222735202,40,9,0.0,0.0,0.0,False,20,40,,,,,
501,41,19,0.2388974222735202,40,10,0.0,0.0,0.0,False,20,40,,,,,
501,41,19,0.2388974222735202,40,11,0.0,0.0,0.0,False,17,40,,,,,
501,41,19,0.2388974222735202,40,12,0.0,0.0,0.0,False,17,40,,,,,
501,41,19,0.2388974222735202,40,13,0.0,0.0,0.0,False,15,40,,,,,
501,41,19,0.2388974222735202,40,14,0.0,0.0,0.0,False,15,40,,,,,
501,41,19,0.2388974222735202,40,15,0.0,0.0,0.0,False,12,40,,,,,
501,41,19,0.2388974222735202,40,16,0.3,1.0,0.46153846153846156,True,12,40,0.2730789673655786,0.38615466386930836,0.3830197023378877,"[-0.6636138507854881, 0.28898238799531484]",0.7238053353808734
501,41,21,0.21296946996241842,40,0,0.0,0.0,0.0,False,42,40,,,,,
501,41,21,0.21296946996241842,40,1,0.0,0.0,0.0,False,34,40,,,,,
501,41,21,0.21296946996241842,40,2,0.0,0.0,0.0,False,32,40,,,,,
501,41,21,0.21296946996241842,40,3,0.0,0.0,0.0,False,29,40,,,,,
501,41,21,0.21296946996241842,40,4,0.7,1.0,0.8235294117647058,True,28,40,0.6235514155016493,0.7435382132594832,0.1983533538127672,"[-0.18273692109193007, 0.18329326228772302]",0.258822723751672
501,41,21,0.21296946996241842,40,5,0.0,0.0,0.0,False,28,40,,,,,
501,41,21,0.21296946996241842,40,6,0.0,0.0,0.0,False,22,40,,,,,
501,41,21,0.21296946996241842,40,7,0.0,0.0,0.0,False,21,40,,,,,
501,41,21,0.21296946996241842,40,8,0.0,0.0,0.0,False,21,40,,,,,
501,41,21,0.21296946996241842,40,9,0.0,0.0,0.0,False,20,40,,,,,
501,41,21,0.21296946996241842,40,10,0.0,0.0,0.0,False,20,40,,,,,
501,41,21,0.21296946996241842,40,11,0.0,0.0,0.0,False,17,40,,,,,
501,41,21,0.21296946996241842,40,12,0.0,0.0,0.0,False,17,40,,,,,
501,41,21,0.21296946996241842,40,13,0.0,0.0,0.0,False,15,40,,,,,
501,41,21,0.21296946996241842,40,14,0.0,0.0,0.0,False,15,40,,,,,
501,41,21,0.21296946996241842,40,15,0.0,0.0,0.0,False,12,40,,,,,
501,41,21,0.21296946996241842,40,16,0.3,1.0,0.46153846153846156,True,12,40,0.2730789673655786,0.38615466386930836,0.3830197023378877,"[-0.6636138507854881, 0.28898238799531484]",0.7238053353808734
501,41,30,0.17460214054749468,22,0,0.09090909090909091,0.047619047619047616,0.0625,False,42,22,,,,,
501,41,30,0.17460214054749468,22,1,0.0,0.0,0.0,False,34,22,,,,,
501,41,30,0.17460214054749468,22,2,0.0,0.0,0.0,False,32,22,,,,,
501,41,30,0.17460214054749468,22,3,0.0,0.0,0.0,False,29,22,,,,,
501,41,30,0.17460214054749468,22,4,0.0,0.0,0.0,False,28,22,,,,,
501,41,30,0.17460214054749468,22,5,0.0,0.0,0.0,False,28,22,,,,,
501,41,30,0.17460214054749468,22,6,0.0,0.0,0.0,False,22,22,,,,,
501,41,30,0.17460214054749468,22,7,0.0,0.0,0.0,False,21,22,,,,,
501,41,30,0.17460214054749468,22,8,0.0,0.0,0.0,False,21,22,,,,,
501,41,30,0.17460214054749468,22,9,0.9090909090909091,1.0,0.9523809523809523,True,20,22,0.8235972783887888,0.900867482784087,0.09294780985804701,"[-0.2973116902069002, -0.10215111712403058]",0.314370946277437
501,41,30,0.17460214054749468,22,10,0.0,0.0,0.0,False,20,22,,,,,
501,41,30,0.17460214054749468,22,11,0.0,0.0,0.0,False,17,22,,,,,
501,41,30,0.17460214054749468,22,12,0.0,0.0,0.0,False,17,22,,,,,
501,41,30,0.17460214054749468,22,13,0.0,0.0,0.0,False,15,22,,,,,
501,41,30,0.17460214054749468,22,14,0.0,0.0,0.0,False,15,22,,,,,
501,41,30,0.17460214054749468,22,15,0.0,0.0,0.0,False,12,22,,,,,
501,41,30,0.17460214054749468,22,16,0.0,0.0,0.0,False,12,22,,,,,
501,41,29,0.14141983873852607,40,0,0.0,0.0,0.0,False,42,40,,,,,
501,41,29,0.14141983873852607,40,1,0.0,0.0,0.0,False,34,40,,,,,
501,41,29,0.14141983873852607,40,2,0.0,0.0,0.0,False,32,40,,,,,
501,41,29,0.14141983873852607,40,3,0.0,0.0,0.0,False,29,40,,,,,
501,41,29,0.14141983873852607,40,4,0.7,1.0,0.8235294117647058,True,28,40,0.6235514155016493,0.7435382132594832,0.1983533538127672,"[-0.18273692109193007, 0.18329326228772302]",0.258822723751672
501,41,29,0.14141983873852607,40,5,0.0,0.0,0.0,False,28,40,,,,,
501,41,29,0.14141983873852607,40,6,0.0,0.0,0.0,False,22,40,,,,,
501,41,29,0.14141983873852607,40,7,0.0,0.0,0.0,False,21,40,,,,,
501,41,29,0.14141983873852607,40,8,0.0,0.0,0.0,False,21,40,,,,,
501,41,29,0.14141983873852607,40,9,0.0,0.0,0.0,False,20,40,,,,,
501,41,29,0.14141983873852607,40,10,0.0,0.0,0.0,False,20,40,,,,,
501,41,29,0.14141983873852607,40,11,0.0,0.0,0.0,False,17,40,,,,,
501,41,29,0.14141983873852607,40,12,0.0,0.0,0.0,False,17,40,,,,,
501,41,29,0.14141983873852607,40,13,0.0,0.0,0.0,False,15,40,,,,,
501,41,29,0.14141983873852607,40,14,0.0,0.0,0.0,False,15,40,,,,,
501,41,29,0.14141983873852607,40,15,0.0,0.0,0.0,False,12,40,,,,,
501,41,29,0.14141983873852607,40,16,0.3,1.0,0.46153846153846156,True,12,40,0.2730789673655786,0.38615466386930836,0.3830197023378877,"[-0.6636138507854881, 0.28898238799531484]",0.7238053353808734
501,41,32,0.12271478886186825,15,0,0.0,0.0,0.0,False,42,15,,,,,
501,41,32,0.12271478886186825,15,1,0.0,0.0,0.0,False,34,15,,,,,
501,41,32,0.12271478886186825,15,2,0.0,0.0,0.0,False,32,15,,,,,
501,41,32,0.12271478886186825,15,3,0.0,0.0,0.0,False,29,15,,,,,
501,41,32,0.12271478886186825,15,4,0.0,0.0,0.0,False,28,15,,,,,
501,41,32,0.12271478886186825,15,5,0.0,0.0,0.0,False,28,15,,,,,
501,41,32,0.12271478886186825,15,6,0.0,0.0,0.0,False,22,15,,,,,
501,41,32,0.12271478886186825,15,7,0.0,0.0,0.0,False,21,15,,,,,
501,41,32,0.12271478886186825,15,8,0.0,0.0,0.0,False,21,15,,,,,
501,41,32,0.12271478886186825,15,9,0.0,0.0,0.0,False,20,15,,,,,
501,41,32,0.12271478886186825,15,10,0.0,0.0,0.0,False,20,15,,,,,
501,41,32,0.12271478886186825,15,11,0.0,0.0,0.0,False,17,15,,,,,
501,41,32,0.12271478886186825,15,12,0.0,0.0,0.0,False,17,15,,,,,
501,41,32,0.12271478886186825,15,13,1.0,1.0,1.0,True,15,15,0.7817614251352933,0.9127045700541173,0.11499140928745577,"[0.1120000000000001, 0.018666666666666387]",0.11354490056556682
501,41,32,0.12271478886186825,15,14,0.0,0.0,0.0,False,15,15,,,,,
501,41,32,0.12271478886186825,15,15,0.0,0.0,0.0,False,12,15,,,,,
501,41,32,0.12271478886186825,15,16,0.0,0.0,0.0,False,12,15,,,,,
501,41,34,0.10939633961617243,15,0,0.0,0.0,0.0,False,42,15,,,,,
501,41,34,0.10939633961617243,15,1,0.0,0.0,0.0,False,34,15,,,,,
501,41,34,0.10939633961617243,15,2,0.0,0.0,0.0,False,32,15,,,,,
501,41,34,0.10939633961617243,15,3,0.0,0.0,0.0,False,29,15,,,,,
501,41,34,0.10939633961617243,15,4,0.0,0.0,0.0,False,28,15,,,,,
501,41,34,0.10939633961617243,15,5,0.0,0.0,0.0,False,28,15,,,,,
501,41,34,0.10939633961617243,15,6,0.0,0.0,0.0,False,22,15,,,,,
501,41,34,0.10939633961617243,15,7,0.0,0.0,0.0,False,21,15,,,,,
501,41,34,0.10939633961617243,15,8,0.0,0.0,0.0,False,21,15,,,,,
501,41,34,0.10939633961617243,15,9,0.0,0.0,0.0,False,20,15,,,,,
501,41,34,0.10939633961617243,15,10,0.0,0.0,0.0,False,20,15,,,,,
501,41,34,0.10939633961617243,15,11,0.0,0.0,0.0,False,17,15,,,,,
501,41,34,0.10939633961617243,15,12,0.0,0.0,0.0,False,17,15,,,,,
501,41,34,0.10939633961617243,15,13,1.0,1.0,1.0,True,15,15,0.7817614251352933,0.9127045700541173,0.11499140928745577,"[0.1120000000000001, 0.018666666666666387]",0.11354490056556682
501,41,34,0.10939633961617243,15,14,0.0,0.0,0.0,False,15,15,,,,,
501,41,34,0.10939633961617243,15,15,0.0,0.0,0.0,False,12,15,,,,,
501,41,34,0.10939633961617243,15,16,0.0,0.0,0.0,False,12,15,,,,,
501,42,35,0.2176988922315026,28,0,0.0,0.0,0.0,False,39,28,,,,,
501,42,35,0.2176988922315026,28,1,0.0,0.0,0.0,False,34,28,,,,,
501,42,35,0.2176988922315026,28,2,0.0,0.0,0.0,False,33,28,,,,,
501,42,35,0.2176988922315026,28,3,0.0,0.0,0.0,False,32,28,,,,,
501,42,35,0.2176988922315026,28,4,0.0,0.0,0.0,False,28,28,,,,,
501,42,35,0.2176988922315026,28,5,0.9285714285714286,1.0,0.9629629629629629,True,26,28,0.8827844588638948,0.9308915613233357,0.06176167652299063,"[-0.06992277000336067, -0.0662504261976089]",0.09632399875580176
501,42,35,0.2176988922315026,28,6,0.03571428571428571,0.045454545454545456,0.04,False,22,28,,,,,
501,42,35,0.2176988922315026,28,7,0.0,0.0,0.0,False,22,28,,,,,
501,42,35,0.2176988922315026,28,8,0.0,0.0,0.0,False,21,28,,,,,
501,42,35,0.2176988922315026,28,9,0.0,0.0,0.0,False,19,28,,,,,
501,42,35,0.2176988922315026,28,10,0.0,0.0,0.0,False,19,28,,,,,
501,42,35,0.2176988922315026,28,11,0.03571428571428571,0.05555555555555555,0.043478260869565216,False,18,28,,,,,
501,42,35,0.2176988922315026,28,12,0.0,0.0,0.0,False,17,28,,,,,
501,42,35,0.2176988922315026,28,13,0.0,0.0,0.0,False,17,28,,,,,
501,42,35,0.2176988922315026,28,14,0.0,0.0,0.0,False,15,28,,,,,
501,42,35,0.2176988922315026,28,15,0.0,0.0,0.0,False,12,28,,,,,
501,42,35,0.2176988922315026,28,16,0.0,0.0,0.0,False,12,28,,,,,
501,42,30,0.19720274948759,20,0,0.0,0.0,0.0,False,39,20,,,,,
501,42,30,0.19720274948759,20,1,0.0,0.0,0.0,False,34,20,,,,,
501,42,30,0.19720274948759,20,2,0.0,0.0,0.0,False,33,20,,,,,
501,42,30,0.19720274948759,20,3,0.0,0.0,0.0,False,32,20,,,,,
501,42,30,0.19720274948759,20,4,0.0,0.0,0.0,False,28,20,,,,,
501,42,30,0.19720274948759,20,5,0.0,0.0,0.0,False,26,20,,,,,
501,42,30,0.19720274948759,20,6,1.0,0.9090909090909091,0.9523809523809523,True,22,20,0.8455514849083234,0.9096491653919008,0.08137998712536013,"[-0.087439342747345, 0.16753084360844284]",0.18897677693368622
501,42,30,0.19720274948759,20,7,0.0,0.0,0.0,False,22,20,,,,,
501,42,30,0.19720274948759,20,8,0.0,0.0,0.0,False,21,20,,,,,
501,42,30,0.19720274948759,20,9,0.0,0.0,0.0,False,19,20,,,,,
501,42,30,0.19720274948759,20,10,0.0,0.0,0.0,False,19,20,,,,,
501,42,30,0.19720274948759,20,11,0.0,0.0,0.0,False,18,20,,,,,
501,42,30,0.19720274948759,20,12,0.0,0.0,0.0,False,17,20,,,,,
501,42,30,0.19720274948759,20,13,0.0,0.0,0.0,False,17,20,,,,,
501,42,30,0.19720274948759,20,14,0.0,0.0,0.0,False,15,20,,,,,
501,42,30,0.19720274948759,20,15,0.0,0.0,0.0,False,12,20,,,,,
501,42,30,0.19720274948759,20,16,0.0,0.0,0.0,False,12,20,,,,,
501,42,37,0.19407165321719647,28,0,0.0,0.0,0.0,False,39,28,,,,,
501,42,37,0.19407165321719647,28,1,0.0,0.0,0.0,False,34,28,,,,,
501,42,37,0.19407165321719647,28,2,0.0,0.0,0.0,False,33,28,,,,,
501,42,37,0.19407165321719647,28,3,0.0,0.0,0.0,False,32,28,,,,,
501,42,37,0.19407165321719647,28,4,0.0,0.0,0.0,False,28,28,,,,,
501,42,37,0.19407165321719647,28,5,0.9285714285714286,1.0,0.9629629629629629,True,26,28,0.8827844588638948,0.9308915613233357,0.06176167652299063,"[-0.06992277000336067, -0.0662504261976089]",0.09632399875580176
501,42,37,0.19407165321719647,28,6,0.03571428571428571,0.045454545454545456,0.04,False,22,28,,,,,
501,42,37,0.19407165321719647,28,7,0.0,0.0,0.0,False,22,28,,,,,
501,42,37,0.19407165321719647,28,8,0.0,0.0,0.0,False,21,28,,,,,
501,42,37,0.19407165321719647,28,9,0.0,0.0,0.0,False,19,28,,,,,
501,42,37,0.19407165321719647,28,10,0.0,0.0,0.0,False,19,28,,,,,
501,42,37,0.19407165321719647,28,11,0.03571428571428571,0.05555555555555555,0.043478260869565216,False,18,28,,,,,
501,42,37,0.19407165321719647,28,12,0.0,0.0,0.0,False,17,28,,,,,
501,42,37,0.19407165321719647,28,13,0.0,0.0,0.0,False,17,28,,,,,
501,42,37,0.19407165321719647,28,14,0.0,0.0,0.0,False,15,28,,,,,
501,42,37,0.19407165321719647,28,15,0.0,0.0,0.0,False,12,28,,,,,
501,42,37,0.19407165321719647,28,16,0.0,0.0,0.0,False,12,28,,,,,
501,42,32,0.1385990669442382,15,0,0.0,0.0,0.0,False,39,15,,,,,
501,42,32,0.1385990669442382,15,1,0.0,0.0,0.0,False,34,15,,,,,
501,42,32,0.1385990669442382,15,2,0.0,0.0,0.0,False,33,15,,,,,
501,42,32,0.1385990669442382,15,3,0.0,0.0,0.0,False,32,15,,,,,
501,42,32,0.1385990669442382,15,4,0.0,0.0,0.0,False,28,15,,,,,
501,42,32,0.1385990669442382,15,5,0.0,0.0,0.0,False,26,15,,,,,
501,42,32,0.1385990669442382,15,6,0.0,0.0,0.0,False,22,15,,,,,
501,42,32,0.1385990669442382,15,7,0.0,0.0,0.0,False,22,15,,,,,
501,42,32,0.1385990669442382,15,8,0.0,0.0,0.0,False,21,15,,,,,
501,42,32,0.1385990669442382,15,9,0.0,0.0,0.0,False,19,15,,,,,
501,42,32,0.1385990669442382,15,10,0.0,0.0,0.0,False,19,15,,,,,
501,42,32,0.1385990669442382,15,11,0.0,0.0,0.0,False,18,15,,,,,
501,42,32,0.1385990669442382,15,12,0.0,0.0,0.0,False,17,15,,,,,
501,42,32,0.1385990669442382,15,13,0.0,0.0,0.0,False,17,15,,,,,
501,42,32,0.1385990669442382,15,14,1.0,1.0,1.0,True,15,15,0.788871568260265,0.915548627304106,0.11124502586883754,"[0.037333333333332774, 0.018666666666666387]",0.041739935579995446
501,42,32,0.1385990669442382,15,15,0.0,0.0,0.0,False,12,15,,,,,
501,42,32,0.1385990669442382,15,16,0.0,0.0,0.0,False,12,15,,,,,
501,42,39,0.12887096871931103,28,0,0.0,0.0,0.0,False,39,28,,,,,
501,42,39,0.12887096871931103,28,1,0.0,0.0,0.0,False,34,28,,,,,
501,42,39,0.12887096871931103,28,2,0.0,0.0,0.0,False,33,28,,,,,
501,42,39,0.12887096871931103,28,3,0.0,0.0,0.0,False,32,28,,,,,
501,42,39,0.12887096871931103,28,4,0.0,0.0,0.0,False,28,28,,,,,
501,42,39,0.12887096871931103,28,5,0.9285714285714286,1.0,0.9629629629629629,True,26,28,0.8827844588638948,0.9308915613233357,0.06176167652299063,"[-0.06992277000336067, -0.0662504261976089]",0.09632399875580176
501,42,39,0.12887096871931103,28,6,0.03571428571428571,0.045454545454545456,0.04,False,22,28,,,,,
501,42,39,0.12887096871931103,28,7,0.0,0.0,0.0,False,22,28,,,,,
501,42,39,0.12887096871931103,28,8,0.0,0.0,0.0,False,21,28,,,,,
501,42,39,0.12887096871931103,28,9,0.0,0.0,0.0,False,19,28,,,,,
501,42,39,0.12887096871931103,28,10,0.0,0.0,0.0,False,19,28,,,,,
501,42,39,0.12887096871931103,28,11,0.03571428571428571,0.05555555555555555,0.043478260869565216,False,18,28,,,,,
501,42,39,0.12887096871931103,28,12,0.0,0.0,0.0,False,17,28,,,,,
501,42,39,0.12887096871931103,28,13,0.0,0.0,0.0,False,17,28,,,,,
501,42,39,0.12887096871931103,28,14,0.0,0.0,0.0,False,15,28,,,,,
501,42,39,0.12887096871931103,28,15,0.0,0.0,0.0,False,12,28,,,,,
501,42,39,0.12887096871931103,28,16,0.0,0.0,0.0,False,12,28,,,,,
501,42,34,0.12355666940016172,15,0,0.0,0.0,0.0,False,39,15,,,,,
501,42,34,0.12355666940016172,15,1,0.0,0.0,0.0,False,34,15,,,,,
501,42,34,0.12355666940016172,15,2,0.0,0.0,0.0,False,33,15,,,,,
501,42,34,0.12355666940016172,15,3,0.0,0.0,0.0,False,32,15,,,,,
501,42,34,0.12355666940016172,15,4,0.0,0.0,0.0,False,28,15,,,,,
501,42,34,0.12355666940016172,15,5,0.0,0.0,0.0,False,26,15,,,,,
501,42,34,0.12355666940016172,15,6,0.0,0.0,0.0,False,22,15,,,,,
501,42,34,0.12355666940016172,15,7,0.0,0.0,0.0,False,22,15,,,,,
501,42,34,0.12355666940016172,15,8,0.0,0.0,0.0,False,21,15,,,,,
501,42,34,0.12355666940016172,15,9,0.0,0.0,0.0,False,19,15,,,,,
501,42,34,0.12355666940016172,15,10,0.0,0.0,0.0,False,19,15,,,,,
501,42,34,0.12355666940016172,15,11,0.0,0.0,0.0,False,18,15,,,,,
501,42,34,0.12355666940016172,15,12,0.0,0.0,0.0,False,17,15,,,,,
501,42,34,0.12355666940016172,15,13,0.0,0.0,0.0,False,17,15,,,,,
501,42,34,0.12355666940016172,15,14,1.0,1.0,1.0,True,15,15,0.788871568260265,0.915548627304106,0.11124502586883754,"[0.037333333333332774, 0.018666666666666387]",0.041739935579995446
501,42,34,0.12355666940016172,15,15,0.0,0.0,0.0,False,12,15,,,,,
501,42,34,0.12355666940016172,15,16,0.0,0.0,0.0,False,12,15,,,,,
501,43,35,0.2176988922315026,26,0,0.0,0.0,0.0,False,45,26,,,,,
501,43,35,0.2176988922315026,26,1,0.0,0.0,0.0,False,33,26,,,,,
501,43,35,0.2176988922315026,26,2,0.0,0.0,0.0,False,29,26,,,,,
501,43,35,0.2176988922315026,26,3,0.0,0.0,0.0,False,28,26,,,,,
501,43,35,0.2176988922315026,26,4,0.0,0.0,0.0,False,28,26,,,,,
501,43,35,0.2176988922315026,26,5,1.0,1.0,1.0,True,26,26,0.8664911444217642,0.9465964577687057,0.07034673620286504,"[-0.15076923076922988, -0.04307692307692079]",0.15680236684604046
501,43,35,0.2176988922315026,26,6,0.0,0.0,0.0,False,22,26,,,,,
501,43,35,0.2176988922315026,26,7,0.0,0.0,0.0,False,22,26,,,,,
501,43,35,0.2176988922315026,26,8,0.0,0.0,0.0,False,21,26,,,,,
501,43,35,0.2176988922315026,26,9,0.0,0.0,0.0,False,19,26,,,,,
501,43,35,0.2176988922315026,26,10,0.0,0.0,0.0,False,19,26,,,,,
501,43,35,0.2176988922315026,26,11,0.0,0.0,0.0,False,18,26,,,,,
501,43,35,0.2176988922315026,26,12,0.0,0.0,0.0,False,17,26,,,,,
501,43,35,0.2176988922315026,26,13,0.0,0.0,0.0,False,17,26,,,,,
501,43,35,0.2176988922315026,26,14,0.0,0.0,0.0,False,17,26,,,,,
501,43,35,0.2176988922315026,26,15,0.0,0.0,0.0,False,15,26,,,,,
501,43,35,0.2176988922315026,26,16,0.0,0.0,0.0,False,12,26,,,,,
501,43,30,0.19720274948759,22,0,0.0,0.0,0.0,False,45,22,,,,,
501,43,30,0.19720274948759,22,1,0.0,0.0,0.0,False,33,22,,,,,
501,43,30,0.19720274948759,22,2,0.0,0.0,0.0,False,29,22,,,,,
501,43,30,0.19720274948759,22,3,0.0,0.0,0.0,False,28,22,,,,,
501,43,30,0.19720274948759,22,4,0.0,0.0,0.0,False,28,22,,,,,
501,43,30,0.19720274948759,22,5,0.0,0.0,0.0,False,26,22,,,,,
501,43,30,0.19720274948759,22,6,1.0,1.0,1.0,True,22,22,0.8146169741970297,0.9258467896788118,0.09767959403268524,"[-0.05090909090909079, 0.02545454545454362]",0.056918093972721
501,43,30,0.19720274948759,22,7,0.0,0.0,0.0,False,22,22,,,,,
501,43,30,0.19720274948759,22,8,0.0,0.0,0.0,False,21,22,,,,,
501,43,30,0.19720274948759,22,9,0.0,0.0,0.0,False,19,22,,,,,
501,43,30,0.19720274948759,22,10,0.0,0.0,0.0,False,19,22,,,,,
501,43,30,0.19720274948759,22,11,0.0,0.0,0.0,False,18,22,,,,,
501,43,30,0.19720274948759,22,12,0.0,0.0,0.0,False,17,22,,,,,
501,43,30,0.19720274948759,22,13,0.0,0.0,0.0,False,17,22,,,,,
501,43,30,0.19720274948759,22,14,0.0,0.0,0.0,False,17,22,,,,,
501,43,30,0.19720274948759,22,15,0.0,0.0,0.0,False,15,22,,,,,
501,43,30,0.19720274948759,22,16,0.0,0.0,0.0,False,12,22,,,,,
501,43,37,0.19407165321719647,26,0,0.0,0.0,0.0,False,45,26,,,,,
501,43,37,0.19407165321719647,26,1,0.0,0.0,0.0,False,33,26,,,,,
501,43,37,0.19407165321719647,26,2,0.0,0.0,0.0,False,29,26,,,,,
501,43,37,0.19407165321719647,26,3,0.0,0.0,0.0,False,28,26,,,,,
501,43,37,0.19407165321719647,26,4,0.0,0.0,0.0,False,28,26,,,,,
501,43,37,0.19407165321719647,26,5,1.0,1.0,1.0,True,26,26,0.8664911444217642,0.9465964577687057,0.07034673620286504,"[-0.15076923076922988, -0.04307692307692079]",0.15680236684604046
501,43,37,0.19407165321719647,26,6,0.0,0.0,0.0,False,22,26,,,,,
501,43,37,0.19407165321719647,26,7,0.0,0.0,0.0,False,22,26,,,,,
501,43,37,0.19407165321719647,26,8,0.0,0.0,0.0,False,21,26,,,,,
501,43,37,0.19407165321719647,26,9,0.0,0.0,0.0,False,19,26,,,,,
501,43,37,0.19407165321719647,26,10,0.0,0.0,0.0,False,19,26,,,,,
501,43,37,0.19407165321719647,26,11,0.0,0.0,0.0,False,18,26,,,,,
501,43,37,0.19407165321719647,26,12,0.0,0.0,0.0,False,17,26,,,,,
501,43,37,0.19407165321719647,26,13,0.0,0.0,0.0,False,17,26,,,,,
501,43,37,0.19407165321719647,26,14,0.0,0.0,0.0,False,17,26,,,,,
501,43,37,0.19407165321719647,26,15,0.0,0.0,0.0,False,15,26,,,,,
501,43,37,0.19407165321719647,26,16,0.0,0.0,0.0,False,12,26,,,,,
501,43,32,0.1385990669442382,15,0,0.0,0.0,0.0,False,45,15,,,,,
501,43,32,0.1385990669442382,15,1,0.0,0.0,0.0,False,33,15,,,,,
501,43,32,0.1385990669442382,15,2,0.0,0.0,0.0,False,29,15,,,,,
501,43,32,0.1385990669442382,15,3,0.0,0.0,0.0,False,28,15,,,,,
501,43,32,0.1385990669442382,15,4,0.0,0.0,0.0,False,28,15,,,,,
501,43,32,0.1385990669442382,15,5,0.0,0.0,0.0,False,26,15,,,,,
501,43,32,0.1385990669442382,15,6,0.0,0.0,0.0,False,22,15,,,,,
501,43,32,0.1385990669442382,15,7,0.0,0.0,0.0,False,22,15,,,,,
501,43,32,0.1385990669442382,15,8,0.0,0.0,0.0,False,21,15,,,,,
501,43,32,0.1385990669442382,15,9,0.0,0.0,0.0,False,19,15,,,,,
501,43,32,0.1385990669442382,15,10,0.0,0.0,0.0,False,19,15,,,,,
501,43,32,0.1385990669442382,15,11,0.0,0.0,0.0,False,18,15,,,,,
501,43,32,0.1385990669442382,15,12,0.0,0.0,0.0,False,17,15,,,,,
501,43,32,0.1385990669442382,15,13,0.0,0.0,0.0,False,17,15,,,,,
501,43,32,0.1385990669442382,15,14,0.0,0.0,0.0,False,17,15,,,,,
501,43,32,0.1385990669442382,15,15,1.0,1.0,1.0,True,15,15,0.8602216703108305,0.9440886681243322,0.07365016532374538,"[0.0, 0.018666666666666387]",0.018666666666666387
501,43,32,0.1385990669442382,15,16,0.0,0.0,0.0,False,12,15,,,,,
501,43,39,0.12887096871931103,26,0,0.0,0.0,0.0,False,45,26,,,,,
501,43,39,0.12887096871931103,26,1,0.0,0.0,0.0,False,33,26,,,,,
501,43,39,0.12887096871931103,26,2,0.0,0.0,0.0,False,29,26,,,,,
501,43,39,0.12887096871931103,26,3,0.0,0.0,0.0,False,28,26,,,,,
501,43,39,0.12887096871931103,26,4,0.0,0.0,0.0,False,28,26,,,,,
501,43,39,0.12887096871931103,26,5,1.0,1.0,1.0,True,26,26,0.8664911444217642,0.9465964577687057,0.07034673620286504,"[-0.15076923076922988, -0.04307692307692079]",0.15680236684604046
501,43,39,0.12887096871931103,26,6,0.0,0.0,0.0,False,22,26,,,,,
501,43,39,0.12887096871931103,26,7,0.0,0.0,0.0,False,22,26,,,,,
501,43,39,0.12887096871931103,26,8,0.0,0.0,0.0,False,21,26,,,,,
501,43,39,0.12887096871931103,26,9,0.0,0.0,0.0,False,19,26,,,,,
501,43,39,0.12887096871931103,26,10,0.0,0.0,0.0,False,19,26,,,,,
501,43,39,0.12887096871931103,26,11,0.0,0.0,0.0,False,18,26,,,,,
501,43,39,0.12887096871931103,26,12,0.0,0.0,0.0,False,17,26,,,,,
501,43,39,0.12887096871931103,26,13,0.0,0.0,0.0,False,17,26,,,,,
501,43,39,0.12887096871931103,26,14,0.0,0.0,0.0,False,17,26,,,,,
501,43,39,0.12887096871931103,26,15,0.0,0.0,0.0,False,15,26,,,,,
501,43,39,0.12887096871931103,26,16,0.0,0.0,0.0,False,12,26,,,,,
501,43,34,0.12355666940016172,15,0,0.0,0.0,0.0,False,45,15,,,,,
501,43,34,0.12355666940016172,15,1,0.0,0.0,0.0,False,33,15,,,,,
501,43,34,0.12355666940016172,15,2,0.0,0.0,0.0,False,29,15,,,,,
501,43,34,0.12355666940016172,15,3,0.0,0.0,0.0,False,28,15,,,,,
501,43,34,0.12355666940016172,15,4,0.0,0.0,0.0,False,28,15,,,,,
501,43,34,0.12355666940016172,15,5,0.0,0.0,0.0,False,26,15,,,,,
501,43,34,0.12355666940016172,15,6,0.0,0.0,0.0,False,22,15,,,,,
501,43,34,0.12355666940016172,15,7,0.0,0.0,0.0,False,22,15,,,,,
501,43,34,0.12355666940016172,15,8,0.0,0.0,0.0,False,21,15,,,,,
501,43,34,0.12355666940016172,15,9,0.0,0.0,0.0,False,19,15,,,,,
501,43,34,0.12355666940016172,15,10,0.0,0.0,0.0,False,19,15,,,,,
501,43,34,0.12355666940016172,15,11,0.0,0.0,0.0,False,18,15,,,,,
501,43,34,0.12355666940016172,15,12,0.0,0.0,0.0,False,17,15,,,,,
501,43,34,0.12355666940016172,15,13,0.0,0.0,0.0,False,17,15,,,,,
501,43,34,0.12355666940016172,15,14,0.0,0.0,0.0,False,17,15,,,,,
501,43,34,0.12355666940016172,15,15,1.0,1.0,1.0,True,15,15,0.8602216703108305,0.9440886681243322,0.07365016532374538,"[0.0, 0.018666666666666387]",0.018666666666666387
501,43,34,0.12355666940016172,15,16,0.0,0.0,0.0,False,12,15,,,,,
501,44,35,0.2176988922315026,26,0,0.0,0.0,0.0,False,39,26,,,,,
501,44,35,0.2176988922315026,26,1,0.0,0.0,0.0,False,32,26,,,,,
501,44,35,0.2176988922315026,26,2,0.0,0.0,0.0,False,30,26,,,,,
501,44,35,0.2176988922315026,26,3,0.0,0.0,0.0,False,29,26,,,,,
501,44,35,0.2176988922315026,26,4,0.0,0.0,0.0,False,29,26,,,,,
501,44,35,0.2176988922315026,26,5,0.9615384615384616,1.0,0.9803921568627451,True,25,26,0.849283745078046,0.9279487921488654,0.07941343351764024,"[-0.20663190855463753, -0.1240511183038997]",0.2410091815375095
501,44,35,0.2176988922315026,26,6,0.0,0.0,0.0,False,23,26,,,,,
501,44,35,0.2176988922315026,26,7,0.038461538461538464,0.043478260869565216,0.04081632653061224,False,23,26,,,,,
501,44,35,0.2176988922315026,26,8,0.0,0.0,0.0,False,22,26,,,,,
501,44,35,0.2176988922315026,26,9,0.0,0.0,0.0,False,20,26,,,,,
501,44,35,0.2176988922315026,26,10,0.0,0.0,0.0,False,19,26,,,,,
501,44,35,0.2176988922315026,26,11,0.0,0.0,0.0,False,17,26,,,,,
501,44,35,0.2176988922315026,26,12,0.0,0.0,0.0,False,17,26,,,,,
501,44,35,0.2176988922315026,26,13,0.0,0.0,0.0,False,17,26,,,,,
501,44,35,0.2176988922315026,26,14,0.0,0.0,0.0,False,17,26,,,,,
501,44,35,0.2176988922315026,26,15,0.0,0.0,0.0,False,16,26,,,,,
501,44,35,0.2176988922315026,26,16,0.0,0.0,0.0,False,12,26,,,,,
501,44,30,0.19720274948759,22,0,0.0,0.0,0.0,False,39,22,,,,,
501,44,30,0.19720274948759,22,1,0.0,0.0,0.0,False,32,22,,,,,
501,44,30,0.19720274948759,22,2,0.0,0.0,0.0,False,30,22,,,,,
501,44,30,0.19720274948759,22,3,0.0,0.0,0.0,False,29,22,,,,,
501,44,30,0.19720274948759,22,4,0.0,0.0,0.0,False,29,22,,,,,
501,44,30,0.19720274948759,22,5,0.0,0.0,0.0,False,25,22,,,,,
501,44,30,0.19720274948759,22,6,0.0,0.0,0.0,False,23,22,,,,,
501,44,30,0.19720274948759,22,7,1.0,0.9565217391304348,0.9777777777777777,True,23,22,0.7912311864035966,0.9031591412281053,0.11000172680564417,"[-0.11308881147619587, -0.021811022660045865]",0.11517291344137998
501,44,30,0.19720274948759,22,8,0.0,0.0,0.0,False,22,22,,,,,
501,44,30,0.19720274948759,22,9,0.0,0.0,0.0,False,20,22,,,,,
501,44,30,0.19720274948759,22,10,0.0,0.0,0.0,False,19,22,,,,,
501,44,30,0.19720274948759,22,11,0.0,0.0,0.0,False,17,22,,,,,
501,44,30,0.19720274948759,22,12,0.0,0.0,0.0,False,17,22,,,,,
501,44,30,0.19720274948759,22,13,0.0,0.0,0.0,False,17,22,,,,,
501,44,30,0.19720274948759,22,14,0.0,0.0,0.0,False,17,22,,,,,
501,44,30,0.19720274948759,22,15,0.0,0.0,0.0,False,16,22,,,,,
501,44,30,0.19720274948759,22,16,0.0,0.0,0.0,False,12,22,,,,,
501,44,37,0.19407165321719647,26,0,0.0,0.0,0.0,False,39,26,,,,,
501,44,37,0.19407165321719647,26,1,0.0,0.0,0.0,False,32,26,,,,,
501,44,37,0.19407165321719647,26,2,0.0,0.0,0.0,False,30,26,,,,,
501,44,37,0.19407165321719647,26,3,0.0,0.0,0.0,False,29,26,,,,,
501,44,37,0.19407165321719647,26,4,0.0,0.0,0.0,False,29,26,,,,,
501,44,37,0.19407165321719647,26,5,0.9615384615384616,1.0,0.9803921568627451,True,25,26,0.849283745078046,0.9279487921488654,0.07941343351764024,"[-0.20663190855463753, -0.1240511183038997]",0.2410091815375095
501,44,37,0.19407165321719647,26,6,0.0,0.0,0.0,False,23,26,,,,,
501,44,37,0.19407165321719647,26,7,0.038461538461538464,0.043478260869565216,0.04081632653061224,False,23,26,,,,,
501,44,37,0.19407165321719647,26,8,0.0,0.0,0.0,False,22,26,,,,,
501,44,37,0.19407165321719647,26,9,0.0,0.0,0.0,False,20,26,,,,,
501,44,37,0.19407165321719647,26,10,0.0,0.0,0.0,False,19,26,,,,,
501,44,37,0.19407165321719647,26,11,0.0,0.0,0.0,False,17,26,,,,,
501,44,37,0.19407165321719647,26,12,0.0,0.0,0.0,False,17,26,,,,,
501,44,37,0.19407165321719647,26,13,0.0,0.0,0.0,False,17,26,,,,,
501,44,37,0.19407165321719647,26,14,0.0,0.0,0.0,False,17,26,,,,,
501,44,37,0.19407165321719647,26,15,0.0,0.0,0.0,False,16,26,,,,,
501,44,37,0.19407165321719647,26,16,0.0,0.0,0.0,False,12,26,,,,,
501,44,32,0.1385990669442382,15,0,0.0,0.0,0.0,False,39,15,,,,,
501,44,32,0.1385990669442382,15,1,0.0,0.0,0.0,False,32,15,,,,,
501,44,32,0.1385990669442382,15,2,0.0,0.0,0.0,False,30,15,,,,,
501,44,32,0.1385990669442382,15,3,0.0,0.0,0.0,False,29,15,,,,,
501,44,32,0.1385990669442382,15,4,0.0,0.0,0.0,False,29,15,,,,,
501,44,32,0.1385990669442382,15,5,0.0,0.0,0.0,False,25,15,,,,,
501,44,32,0.1385990669442382,15,6,0.0,0.0,0.0,False,23,15,,,,,
501,44,32,0.1385990669442382,15,7,0.0,0.0,0.0,False,23,15,,,,,
501,44,32,0.1385990669442382,15,8,0.0,0.0,0.0,False,22,15,,,,,
501,44,32,0.1385990669442382,15,9,0.0,0.0,0.0,False,20,15,,,,,
501,44,32,0.1385990669442382,15,10,0.0,0.0,0.0,False,19,15,,,,,
501,44,32,0.1385990669442382,15,11,0.0,0.0,0.0,False,17,15,,,,,
501,44,32,0.1385990669442382,15,12,0.0,0.0,0.0,False,17,15,,,,,
501,44,32,0.1385990669442382,15,13,0.0,0.0,0.0,False,17,15,,,,,
501,44,32,0.1385990669442382,15,14,0.0,0.0,0.0,False,17,15,,,,,
501,44,32,0.1385990669442382,15,15,1.0,0.9375,0.967741935483871,True,16,15,0.7872247254468674,0.8955350514690696,0.11211275869794404,"[-0.14668923127755917, 0.08503537171115738]",0.1695545487884532
501,44,32,0.1385990669442382,15,16,0.0,0.0,0.0,False,12,15,,,,,
501,44,39,0.12887096871931103,26,0,0.0,0.0,0.0,False,39,26,,,,,
501,44,39,0.12887096871931103,26,1,0.0,0.0,0.0,False,32,26,,,,,
501,44,39,0.12887096871931103,26,2,0.0,0.0,0.0,False,30,26,,,,,
501,44,39,0.12887096871931103,26,3,0.0,0.0,0.0,False,29,26,,,,,
501,44,39,0.12887096871931103,26,4,0.0,0.0,0.0,False,29,26,,,,,
501,44,39,0.12887096871931103,26,5,0.9615384615384616,1.0,0.9803921568627451,True,25,26,0.849283745078046,0.9279487921488654,0.07941343351764024,"[-0.20663190855463753, -0.1240511183038997]",0.2410091815375095
501,44,39,0.12887096871931103,26,6,0.0,0.0,0.0,False,23,26,,,,,
501,44,39,0.12887096871931103,26,7,0.038461538461538464,0.043478260869565216,0.04081632653061224,False,23,26,,,,,
501,44,39,0.12887096871931103,26,8,0.0,0.0,0.0,False,22,26,,,,,
501,44,39,0.12887096871931103,26,9,0.0,0.0,0.0,False,20,26,,,,,
501,44,39,0.12887096871931103,26,10,0.0,0.0,0.0,False,19,26,,,,,
501,44,39,0.12887096871931103,26,11,0.0,0.0,0.0,False,17,26,,,,,
501,44,39,0.12887096871931103,26,12,0.0,0.0,0.0,False,17,26,,,,,
501,44,39,0.12887096871931103,26,13,0.0,0.0,0.0,False,17,26,,,,,
501,44,39,0.12887096871931103,26,14,0.0,0.0,0.0,False,17,26,,,,,
501,44,39,0.12887096871931103,26,15,0.0,0.0,0.0,False,16,26,,,,,
501,44,39,0.12887096871931103,26,16,0.0,0.0,0.0,False,12,26,,,,,
501,44,34,0.12355666940016172,15,0,0.0,0.0,0.0,False,39,15,,,,,
501,44,34,0.12355666940016172,15,1,0.0,0.0,0.0,False,32,15,,,,,
501,44,34,0.12355666940016172,15,2,0.0,0.0,0.0,False,30,15,,,,,
501,44,34,0.12355666940016172,15,3,0.0,0.0,0.0,False,29,15,,,,,
501,44,34,0.12355666940016172,15,4,0.0,0.0,0.0,False,29,15,,,,,
501,44,34,0.12355666940016172,15,5,0.0,0.0,0.0,False,25,15,,,,,
501,44,34,0.12355666940016172,15,6,0.0,0.0,0.0,False,23,15,,,,,
501,44,34,0.12355666940016172,15,7,0.0,0.0,0.0,False,23,15,,,,,
501,44,34,0.12355666940016172,15,8,0.0,0.0,0.0,False,22,15,,,,,
501,44,34,0.12355666940016172,15,9,0.0,0.0,0.0,False,20,15,,,,,
501,44,34,0.12355666940016172,15,10,0.0,0.0,0.0,False,19,15,,,,,
501,44,34,0.12355666940016172,15,11,0.0,0.0,0.0,False,17,15,,,,,
501,44,34,0.12355666940016172,15,12,0.0,0.0,0.0,False,17,15,,,,,
501,44,34,0.12355666940016172,15,13,0.0,0.0,0.0,False,17,15,,,,,
501,44,34,0.12355666940016172,15,14,0.0,0.0,0.0,False,17,15,,,,,
501,44,34,0.12355666940016172,15,15,1.0,0.9375,0.967741935483871,True,16,15,0.7872247254468674,0.8955350514690696,0.11211275869794404,"[-0.14668923127755917, 0.08503537171115738]",0.1695545487884532
501,44,34,0.12355666940016172,15,16,0.0,0.0,0.0,False,12,15,,,,,
501,45,35,0.2176988922315026,25,0,0.0,0.0,0.0,False,36,25,,,,,
501,45,35,0.2176988922315026,25,1,0.0,0.0,0.0,False,34,25,,,,,
501,45,35,0.2176988922315026,25,2,0.0,0.0,0.0,False,32,25,,,,,
501,45,35,0.2176988922315026,25,3,0.0,0.0,0.0,False,32,25,,,,,
501,45,35,0.2176988922315026,25,4,0.0,0.0,0.0,False,30,25,,,,,
501,45,35,0.2176988922315026,25,5,0.0,0.0,0.0,False,29,25,,,,,
501,45,35,0.2176988922315026,25,6,0.0,0.0,0.0,False,27,25,,,,,
501,45,35,0.2176988922315026,25,7,1.0,1.0,1.0,True,25,25,0.928645561705819,0.9714582246823276,0.0375971453417404,"[-0.21280000000000143, -0.04479999999999862]",0.21746466379621424
501,45,35,0.2176988922315026,25,8,0.0,0.0,0.0,False,23,25,,,,,
501,45,35,0.2176988922315026,25,9,0.0,0.0,0.0,False,22,25,,,,,
501,45,35,0.2176988922315026,25,10,0.0,0.0,0.0,False,21,25,,,,,
501,45,35,0.2176988922315026,25,11,0.0,0.0,0.0,False,17,25,,,,,
501,45,35,0.2176988922315026,25,12,0.0,0.0,0.0,False,16,25,,,,,
501,45,35,0.2176988922315026,25,13,0.0,0.0,0.0,False,15,25,,,,,
501,45,35,0.2176988922315026,25,14,0.0,0.0,0.0,False,15,25,,,,,
501,45,35,0.2176988922315026,25,15,0.0,0.0,0.0,False,12,25,,,,,
501,45,30,0.19720274948759,23,0,1.0,0.6388888888888888,0.7796610169491526,True,36,23,0.5983161001773273,0.7071230502404224,0.21165001538946626,"[-0.10906232090659884, -0.09904754303873986]",0.14732618784026474
501,45,30,0.19720274948759,23,1,0.0,0.0,0.0,False,34,23,,,,,
501,45,30,0.19720274948759,23,2,0.0,0.0,0.0,False,32,23,,,,,
501,45,30,0.19720274948759,23,3,0.0,0.0,0.0,False,32,23,,,,,
501,45,30,0.19720274948759,23,4,0.0,0.0,0.0,False,30,23,,,,,
501,45,30,0.19720274948759,23,5,0.0,0.0,0.0,False,29,23,,,,,
501,45,30,0.19720274948759,23,6,0.0,0.0,0.0,False,27,23,,,,,
501,45,30,0.19720274948759,23,7,0.0,0.0,0.0,False,25,23,,,,,
501,45,30,0.19720274948759,23,8,0.0,0.0,0.0,False,23,23,,,,,
501,45,30,0.19720274948759,23,9,0.0,0.0,0.0,False,22,23,,,,,
501,45,30,0.19720274948759,23,10,0.0,0.0,0.0,False,21,23,,,,,
501,45,30,0.19720274948759,23,11,0.0,0.0,0.0,False,17,23,,,,,
501,45,30,0.19720274948759,23,12,0.0,0.0,0.0,False,16,23,,,,,
501,45,30,0.19720274948759,23,13,0.0,0.0,0.0,False,15,23,,,,,
501,45,30,0.19720274948759,23,14,0.0,0.0,0.0,False,15,23,,,,,
501,45,30,0.19720274948759,23,15,0.0,0.0,0.0,False,12,23,,,,,
501,45,37,0.19407165321719647,25,0,0.0,0.0,0.0,False,36,25,,,,,
501,45,37,0.19407165321719647,25,1,0.0,0.0,0.0,False,34,25,,,,,
501,45,37,0.19407165321719647,25,2,0.0,0.0,0.0,False,32,25,,,,,
501,45,37,0.19407165321719647,25,3,0.0,0.0,0.0,False,32,25,,,,,
501,45,37,0.19407165321719647,25,4,0.0,0.0,0.0,False,30,25,,,,,
501,45,37,0.19407165321719647,25,5,0.0,0.0,0.0,False,29,25,,,,,
501,45,37,0.19407165321719647,25,6,0.0,0.0,0.0,False,27,25,,,,,
501,45,37,0.19407165321719647,25,7,1.0,1.0,1.0,True,25,25,0.928645561705819,0.9714582246823276,0.0375971453417404,"[-0.21280000000000143, -0.04479999999999862]",0.21746466379621424
501,45,37,0.19407165321719647,25,8,0.0,0.0,0.0,False,23,25,,,,,
501,45,37,0.19407165321719647,25,9,0.0,0.0,0.0,False,22,25,,,,,
501,45,37,0.19407165321719647,25,10,0.0,0.0,0.0,False,21,25,,,,,
501,45,37,0.19407165321719647,25,11,0.0,0.0,0.0,False,17,25,,,,,
501,45,37,0.19407165321719647,25,12,0.0,0.0,0.0,False,16,25,,,,,
501,45,37,0.19407165321719647,25,13,0.0,0.0,0.0,False,15,25,,,,,
501,45,37,0.19407165321719647,25,14,0.0,0.0,0.0,False,15,25,,,,,
501,45,37,0.19407165321719647,25,15,0.0,0.0,0.0,False,12,25,,,,,
501,45,32,0.1385990669442382,16,0,0.0,0.0,0.0,False,36,16,,,,,
501,45,32,0.1385990669442382,16,1,0.0,0.0,0.0,False,34,16,,,,,
501,45,32,0.1385990669442382,16,2,0.0,0.0,0.0,False,32,16,,,,,
501,45,32,0.1385990669442382,16,3,0.0,0.0,0.0,False,32,16,,,,,
501,45,32,0.1385990669442382,16,4,0.0,0.0,0.0,False,30,16,,,,,
501,45,32,0.1385990669442382,16,5,0.0,0.0,0.0,False,29,16,,,,,
501,45,32,0.1385990669442382,16,6,0.0,0.0,0.0,False,27,16,,,,,
501,45,32,0.1385990669442382,16,7,0.0,0.0,0.0,False,25,16,,,,,
501,45,32,0.1385990669442382,16,8,0.0,0.0,0.0,False,23,16,,,,,
501,45,32,0.1385990669442382,16,9,0.0,0.0,0.0,False,22,16,,,,,
501,45,32,0.1385990669442382,16,10,0.0,0.0,0.0,False,21,16,,,,,
501,45,32,0.1385990669442382,16,11,0.0,0.0,0.0,False,17,16,,,,,
501,45,32,0.1385990669442382,16,12,1.0,1.0,1.0,True,16,16,0.8033092525852464,0.9213237010340986,0.10363771048746542,"[0.07000000000000028, -0.03500000000000014]",0.07826237921249296
501,45,32,0.1385990669442382,16,13,0.0,0.0,0.0,False,15,16,,,,,
501,45,32,0.1385990669442382,16,14,0.0,0.0,0.0,False,15,16,,,,,
501,45,32,0.1385990669442382,16,15,0.0,0.0,0.0,False,12,16,,,,,
501,45,39,0.12887096871931103,25,0,0.0,0.0,0.0,False,36,25,,,,,
501,45,39,0.12887096871931103,25,1,0.0,0.0,0.0,False,34,25,,,,,
501,45,39,0.12887096871931103,25,2,0.0,0.0,0.0,False,32,25,,,,,
501,45,39,0.12887096871931103,25,3,0.0,0.0,0.0,False,32,25,,,,,
501,45,39,0.12887096871931103,25,4,0.0,0.0,0.0,False,30,25,,,,,
501,45,39,0.12887096871931103,25,5,0.0,0.0,0.0,False,29,25,,,,,
501,45,39,0.12887096871931103,25,6,0.0,0.0,0.0,False,27,25,,,,,
501,45,39,0.12887096871931103,25,7,1.0,1.0,1.0,True,25,25,0.928645561705819,0.9714582246823276,0.0375971453417404,"[-0.21280000000000143, -0.04479999999999862]",0.21746466379621424
501,45,39,0.12887096871931103,25,8,0.0,0.0,0.0,False,23,25,,,,,
501,45,39,0.12887096871931103,25,9,0.0,0.0,0.0,False,22,25,,,,,
501,45,39,0.12887096871931103,25,10,0.0,0.0,0.0,False,21,25,,,,,
501,45,39,0.12887096871931103,25,11,0.0,0.0,0.0,False,17,25,,,,,
501,45,39,0.12887096871931103,25,12,0.0,0.0,0.0,False,16,25,,,,,
501,45,39,0.12887096871931103,25,13,0.0,0.0,0.0,False,15,25,,,,,
501,45,39,0.12887096871931103,25,14,0.0,0.0,0.0,False,15,25,,,,,
501,45,39,0.12887096871931103,25,15,0.0,0.0,0.0,False,12,25,,,,,
501,45,34,0.12355666940016172,16,0,0.0,0.0,0.0,False,36,16,,,,,
501,45,34,0.12355666940016172,16,1,0.0,0.0,0.0,False,34,16,,,,,
501,45,34,0.12355666940016172,16,2,0.0,0.0,0.0,False,32,16,,,,,
501,45,34,0.12355666940016172,16,3,0.0,0.0,0.0,False,32,16,,,,,
501,45,34,0.12355666940016172,16,4,0.0,0.0,0.0,False,30,16,,,,,
501,45,34,0.12355666940016172,16,5,0.0,0.0,0.0,False,29,16,,,,,
501,45,34,0.12355666940016172,16,6,0.0,0.0,0.0,False,27,16,,,,,
501,45,34,0.12355666940016172,16,7,0.0,0.0,0.0,False,25,16,,,,,
501,45,34,0.12355666940016172,16,8,0.0,0.0,0.0,False,23,16,,,,,
501,45,34,0.12355666940016172,16,9,0.0,0.0,0.0,False,22,16,,,,,
501,45,34,0.12355666940016172,16,10,0.0,0.0,0.0,False,21,16,,,,,
501,45,34,0.12355666940016172,16,11,0.0,0.0,0.0,False,17,16,,,,,
501,45,34,0.12355666940016172,16,12,1.0,1.0,1.0,True,16,16,0.8033092525852464,0.9213237010340986,0.10363771048746542,"[0.07000000000000028, -0.03500000000000014]",0.07826237921249296
501,45,34,0.12355666940016172,16,13,0.0,0.0,0.0,False,15,16,,,,,
501,45,34,0.12355666940016172,16,14,0.0,0.0,0.0,False,15,16,,,,,
501,45,34,0.12355666940016172,16,15,0.0,0.0,0.0,False,12,16,,,,,
501,46,35,0.2176988922315026,25,0,0.0,0.0,0.0,False,36,25,,,,,
501,46,35,0.2176988922315026,25,1,0.0,0.0,0.0,False,34,25,,,,,
501,46,35,0.2176988922315026,25,2,0.0,0.0,0.0,False,33,25,,,,,
501,46,35,0.2176988922315026,25,3,0.0,0.0,0.0,False,32,25,,,,,
501,46,35,0.2176988922315026,25,4,0.0,0.0,0.0,False,30,25,,,,,
501,46,35,0.2176988922315026,25,5,0.0,0.0,0.0,False,29,25,,,,,
501,46,35,0.2176988922315026,25,6,1.0,0.8620689655172413,0.9259259259259259,True,29,25,0.8367046424448772,0.8902374125335064,0.08604144939547648,"[-0.07854832097498665, 0.07158747520028541]",0.10627608072158573
501,46,35,0.2176988922315026,25,7,0.0,0.0,0.0,False,28,25,,,,,
501,46,35,0.2176988922315026,25,8,0.0,0.0,0.0,False,22,25,,,,,
501,46,35,0.2176988922315026,25,9,0.0,0.0,0.0,False,21,25,,,,,
501,46,35,0.2176988922315026,25,10,0.0,0.0,0.0,False,16,25,,,,,
501,46,35,0.2176988922315026,25,11,0.0,0.0,0.0,False,15,25,,,,,
501,46,35,0.2176988922315026,25,12,0.0,0.0,0.0,False,14,25,,,,,
501,46,35,0.2176988922315026,25,13,0.0,0.0,0.0,False,13,25,,,,,
501,46,35,0.2176988922315026,25,14,0.0,0.0,0.0,False,12,25,,,,,
501,46,35,0.2176988922315026,25,15,0.0,0.0,0.0,False,12,25,,,,,
501,46,30,0.19720274948759,36,0,1.0,1.0,1.0,True,36,36,0.6834146782386671,0.8733658712954668,0.16681098807406863,"[-0.03111111111111242, 0.015555555555554434]",0.034783279649997396
501,46,30,0.19720274948759,36,1,0.0,0.0,0.0,False,34,36,,,,,
501,46,30,0.19720274948759,36,2,0.0,0.0,0.0,False,33,36,,,,,
501,46,30,0.19720274948759,36,3,0.0,0.0,0.0,False,32,36,,,,,
501,46,30,0.19720274948759,36,4,0.0,0.0,0.0,False,30,36,,,,,
501,46,30,0.19720274948759,36,5,0.0,0.0,0.0,False,29,36,,,,,
501,46,30,0.19720274948759,36,6,0.0,0.0,0.0,False,29,36,,,,,
501,46,30,0.19720274948759,36,7,0.0,0.0,0.0,False,28,36,,,,,
501,46,30,0.19720274948759,36,8,0.0,0.0,0.0,False,22,36,,,,,
501,46,30,0.19720274948759,36,9,0.0,0.0,0.0,False,21,36,,,,,
501,46,30,0.19720274948759,36,10,0.0,0.0,0.0,False,16,36,,,,,
501,46,30,0.19720274948759,36,11,0.0,0.0,0.0,False,15,36,,,,,
501,46,30,0.19720274948759,36,12,0.0,0.0,0.0,False,14,36,,,,,
501,46,30,0.19720274948759,36,13,0.0,0.0,0.0,False,13,36,,,,,
501,46,30,0.19720274948759,36,14,0.0,0.0,0.0,False,12,36,,,,,
501,46,30,0.19720274948759,36,15,0.0,0.0,0.0,False,12,36,,,,,
501,46,37,0.19407165321719647,25,0,0.0,0.0,0.0,False,36,25,,,,,
501,46,37,0.19407165321719647,25,1,0.0,0.0,0.0,False,34,25,,,,,
501,46,37,0.19407165321719647,25,2,0.0,0.0,0.0,False,33,25,,,,,
501,46,37,0.19407165321719647,25,3,0.0,0.0,0.0,False,32,25,,,,,
501,46,37,0.19407165321719647,25,4,0.0,0.0,0.0,False,30,25,,,,,
501,46,37,0.19407165321719647,25,5,0.0,0.0,0.0,False,29,25,,,,,
501,46,37,0.19407165321719647,25,6,1.0,0.8620689655172413,0.9259259259259259,True,29,25,0.8367046424448772,0.8902374125335064,0.08604144939547648,"[-0.07854832097498665, 0.07158747520028541]",0.10627608072158573
501,46,37,0.19407165321719647,25,7,0.0,0.0,0.0,False,28,25,,,,,
501,46,37,0.19407165321719647,25,8,0.0,0.0,0.0,False,22,25,,,,,
501,46,37,0.19407165321719647,25,9,0.0,0.0,0.0,False,21,25,,,,,
501,46,37,0.19407165321719647,25,10,0.0,0.0,0.0,False,16,25,,,,,
501,46,37,0.19407165321719647,25,11,0.0,0.0,0.0,False,15,25,,,,,
501,46,37,0.19407165321719647,25,12,0.0,0.0,0.0,False,14,25,,,,,
501,46,37,0.19407165321719647,25,13,0.0,0.0,0.0,False,13,25,,,,,
501,46,37,0.19407165321719647,25,14,0.0,0.0,0.0,False,12,25,,,,,
501,46,37,0.19407165321719647,25,15,0.0,0.0,0.0,False,12,25,,,,,
501,46,32,0.1385990669442382,16,0,0.0,0.0,0.0,False,36,16,,,,,
501,46,32,0.1385990669442382,16,1,0.0,0.0,0.0,False,34,16,,,,,
501,46,32,0.1385990669442382,16,2,0.0,0.0,0.0,False,33,16,,,,,
501,46,32,0.1385990669442382,16,3,0.0,0.0,0.0,False,32,16,,,,,
501,46,32,0.1385990669442382,16,4,0.0,0.0,0.0,False,30,16,,,,,
501,46,32,0.1385990669442382,16,5,0.0,0.0,0.0,False,29,16,,,,,
501,46,32,0.1385990669442382,16,6,0.0,0.0,0.0,False,29,16,,,,,
501,46,32,0.1385990669442382,16,7,0.0,0.0,0.0,False,28,16,,,,,
501,46,32,0.1385990669442382,16,8,0.0,0.0,0.0,False,22,16,,,,,
501,46,32,0.1385990669442382,16,9,0.0,0.0,0.0,False,21,16,,,,,
501,46,32,0.1385990669442382,16,10,1.0,1.0,1.0,True,16,16,0.749500226245815,0.899800090498326,0.13199005733995436,"[1.7763568394002505e-15, 0.03500000000000014]",0.03500000000000014
501,46,32,0.1385990669442382,16,11,0.0,0.0,0.0,False,15,16,,,,,
501,46,32,0.1385990669442382,16,12,0.0,0.0,0.0,False,14,16,,,,,
501,46,32,0.1385990669442382,16,13,0.0,0.0,0.0,False,13,16,,,,,
501,46,32,0.1385990669442382,16,14,0.0,0.0,0.0,False,12,16,,,,,
501,46,32,0.1385990669442382,16,15,0.0,0.0,0.0,False,12,16,,,,,
501,46,39,0.12887096871931103,25,0,0.0,0.0,0.0,False,36,25,,,,,
501,46,39,0.12887096871931103,25,1,0.0,0.0,0.0,False,34,25,,,,,
501,46,39,0.12887096871931103,25,2,0.0,0.0,0.0,False,33,25,,,,,
501,46,39,0.12887096871931103,25,3,0.0,0.0,0.0,False,32,25,,,,,
501,46,39,0.12887096871931103,25,4,0.0,0.0,0.0,False,30,25,,,,,
501,46,39,0.12887096871931103,25,5,0.0,0.0,0.0,False,29,25,,,,,
501,46,39,0.12887096871931103,25,6,1.0,0.8620689655172413,0.9259259259259259,True,29,25,0.8367046424448772,0.8902374125335064,0.08604144939547648,"[-0.07854832097498665, 0.07158747520028541]",0.10627608072158573
501,46,39,0.12887096871931103,25,7,0.0,0.0,0.0,False,28,25,,,,,
501,46,39,0.12887096871931103,25,8,0.0,0.0,0.0,False,22,25,,,,,
501,46,39,0.12887096871931103,25,9,0.0,0.0,0.0,False,21,25,,,,,
501,46,39,0.12887096871931103,25,10,0.0,0.0,0.0,False,16,25,,,,,
501,46,39,0.12887096871931103,25,11,0.0,0.0,0.0,False,15,25,,,,,
501,46,39,0.12887096871931103,25,12,0.0,0.0,0.0,False,14,25,,,,,
501,46,39,0.12887096871931103,25,13,0.0,0.0,0.0,False,13,25,,,,,
501,46,39,0.12887096871931103,25,14,0.0,0.0,0.0,False,12,25,,,,,
501,46,39,0.12887096871931103,25,15,0.0,0.0,0.0,False,12,25,,,,,
501,46,34,0.12355666940016172,16,0,0.0,0.0,0.0,False,36,16,,,,,
501,46,34,0.12355666940016172,16,1,0.0,0.0,0.0,False,34,16,,,,,
501,46,34,0.12355666940016172,16,2,0.0,0.0,0.0,False,33,16,,,,,
501,46,34,0.12355666940016172,16,3,0.0,0.0,0.0,False,32,16,,,,,
501,46,34,0.12355666940016172,16,4,0.0,0.0,0.0,False,30,16,,,,,
501,46,34,0.12355666940016172,16,5,0.0,0.0,0.0,False,29,16,,,,,
501,46,34,0.12355666940016172,16,6,0.0,0.0,0.0,False,29,16,,,,,
501,46,34,0.12355666940016172,16,7,0.0,0.0,0.0,False,28,16,,,,,
501,46,34,0.12355666940016172,16,8,0.0,0.0,0.0,False,22,16,,,,,
501,46,34,0.12355666940016172,16,9,0.0,0.0,0.0,False,21,16,,,,,
501,46,34,0.12355666940016172,16,10,1.0,1.0,1.0,True,16,16,0.749500226245815,0.899800090498326,0.13199005733995436,"[1.7763568394002505e-15, 0.03500000000000014]",0.03500000000000014
501,46,34,0.12355666940016172,16,11,0.0,0.0,0.0,False,15,16,,,,,
501,46,34,0.12355666940016172,16,12,0.0,0.0,0.0,False,14,16,,,,,
501,46,34,0.12355666940016172,16,13,0.0,0.0,0.0,False,13,16,,,,,
501,46,34,0.12355666940016172,16,14,0.0,0.0,0.0,False,12,16,,,,,
501,46,34,0.12355666940016172,16,15,0.0,0.0,0.0,False,12,16,,,,,
501,47,35,0.2176988922315026,29,0,0.0,0.0,0.0,False,36,29,,,,,
501,47,35,0.2176988922315026,29,1,0.0,0.0,0.0,False,34,29,,,,,
501,47,35,0.2176988922315026,29,2,0.13793103448275862,0.12903225806451613,0.13333333333333333,False,31,29,,,,,
501,47,35,0.2176988922315026,29,3,0.0,0.0,0.0,False,31,29,,,,,
501,47,35,0.2176988922315026,29,4,0.0,0.0,0.0,False,29,29,,,,,
501,47,35,0.2176988922315026,29,5,0.8620689655172413,1.0,0.9259259259259259,True,25,29,0.8025326716655692,0.8765686242217833,0.10404689632656278,"[-0.4030516790250118, -0.10518747520028526]",0.4165513904716821
501,47,35,0.2176988922315026,29,6,0.0,0.0,0.0,False,22,29,,,,,
501,47,35,0.2176988922315026,29,7,0.0,0.0,0.0,False,22,29,,,,,
501,47,35,0.2176988922315026,29,8,0.0,0.0,0.0,False,21,29,,,,,
501,47,35,0.2176988922315026,29,9,0.0,0.0,0.0,False,20,29,,,,,
501,47,35,0.2176988922315026,29,10,0.0,0.0,0.0,False,18,29,,,,,
501,47,35,0.2176988922315026,29,11,0.0,0.0,0.0,False,18,29,,,,,
501,47,35,0.2176988922315026,29,12,0.0,0.0,0.0,False,16,29,,,,,
501,47,35,0.2176988922315026,29,13,0.0,0.0,0.0,False,15,29,,,,,
501,47,35,0.2176988922315026,29,14,0.0,0.0,0.0,False,14,29,,,,,
501,47,35,0.2176988922315026,29,15,0.0,0.0,0.0,False,13,29,,,,,
501,47,35,0.2176988922315026,29,16,0.0,0.0,0.0,False,12,29,,,,,
501,47,30,0.19720274948759,36,0,0.0,0.0,0.0,False,36,36,,,,,
501,47,30,0.19720274948759,36,1,0.0,0.0,0.0,False,34,36,,,,,
501,47,30,0.19720274948759,36,2,0.0,0.0,0.0,False,31,36,,,,,
501,47,30,0.19720274948759,36,3,0.05555555555555555,0.06451612903225806,0.05970149253731343,False,31,36,,,,,
501,47,30,0.19720274948759,36,4,0.0,0.0,0.0,False,29,36,,,,,
501,47,30,0.19720274948759,36,5,0.0,0.0,0.0,False,25,36,,,,,
501,47,30,0.19720274948759,36,6,0.0,0.0,0.0,False,22,36,,,,,
501,47,30,0.19720274948759,36,7,0.6111111111111112,1.0,0.7586206896551724,True,22,36,0.557127352400214,0.6780233547531891,0.23335265048324855,"[-0.27497755178039895, -0.017197034490187946]",0.27551477633404475
501,47,30,0.19720274948759,36,8,0.0,0.0,0.0,False,21,36,,,,,
501,47,30,0.19720274948759,36,9,0.3333333333333333,0.6,0.42857142857142855,True,20,36,0.19109599598203642,0.3335812555356717,0.4262170950206936,"[0.6527529930610605, -21.458818806226706]",21.46874451448941
501,47,30,0.19720274948759,36,10,0.0,0.0,0.0,False,18,36,,,,,
501,47,30,0.19720274948759,36,11,0.0,0.0,0.0,False,18,36,,,,,
501,47,30,0.19720274948759,36,12,0.0,0.0,0.0,False,16,36,,,,,
501,47,30,0.19720274948759,36,13,0.0,0.0,0.0,False,15,36,,,,,
501,47,30,0.19720274948759,36,14,0.0,0.0,0.0,False,14,36,,,,,
501,47,30,0.19720274948759,36,15,0.0,0.0,0.0,False,13,36,,,,,
501,47,30,0.19720274948759,36,16,0.0,0.0,0.0,False,12,36,,,,,
501,47,37,0.19407165321719647,29,0,0.0,0.0,0.0,False,36,29,,,,,
501,47,37,0.19407165321719647,29,1,0.0,0.0,0.0,False,34,29,,,,,
501,47,37,0.19407165321719647,29,2,0.13793103448275862,0.12903225806451613,0.13333333333333333,False,31,29,,,,,
501,47,37,0.19407165321719647,29,3,0.0,0.0,0.0,False,31,29,,,,,
501,47,37,0.19407165321719647,29,4,0.0,0.0,0.0,False,29,29,,,,,
501,47,37,0.19407165321719647,29,5,0.8620689655172413,1.0,0.9259259259259259,True,25,29,0.8025326716655692,0.8765686242217833,0.10404689632656278,"[-0.4030516790250118, -0.10518747520028526]",0.4165513904716821
501,47,37,0.19407165321719647,29,6,0.0,0.0,0.0,False,22,29,,,,,
501,47,37,0.19407165321719647,29,7,0.0,0.0,0.0,False,22,29,,,,,
501,47,37,0.19407165321719647,29,8,0.0,0.0,0.0,False,21,29,,,,,
501,47,37,0.19407165321719647,29,9,0.0,0.0,0.0,False,20,29,,,,,
501,47,37,0.19407165321719647,29,10,0.0,0.0,0.0,False,18,29,,,,,
501,47,37,0.19407165321719647,29,11,0.0,0.0,0.0,False,18,29,,,,,
501,47,37,0.19407165321719647,29,12,0.0,0.0,0.0,False,16,29,,,,,
501,47,37,0.19407165321719647,29,13,0.0,0.0,0.0,False,15,29,,,,,
501,47,37,0.19407165321719647,29,14,0.0,0.0,0.0,False,14,29,,,,,
501,47,37,0.19407165321719647,29,15,0.0,0.0,0.0,False,13,29,,,,,
501,47,37,0.19407165321719647,29,16,0.0,0.0,0.0,False,12,29,,,,,
501,47,32,0.1385990669442382,16,0,0.0,0.0,0.0,False,36,16,,,,,
501,47,32,0.1385990669442382,16,1,0.0,0.0,0.0,False,34,16,,,,,
501,47,32,0.1385990669442382,16,2,0.0,0.0,0.0,False,31,16,,,,,
501,47,32,0.1385990669442382,16,3,0.0,0.0,0.0,False,31,16,,,,,
501,47,32,0.1385990669442382,16,4,0.0,0.0,0.0,False,29,16,,,,,
501,47,32,0.1385990669442382,16,5,0.0,0.0,0.0,False,25,16,,,,,
501,47,32,0.1385990669442382,16,6,0.0,0.0,0.0,False,22,16,,,,,
501,47,32,0.1385990669442382,16,7,0.0,0.0,0.0,False,22,16,,,,,
501,47,32,0.1385990669442382,16,8,0.0,0.0,0.0,False,21,16,,,,,
501,47,32,0.1385990669442382,16,9,0.0,0.0,0.0,False,20,16,,,,,
501,47,32,0.1385990669442382,16,10,0.0,0.0,0.0,False,18,16,,,,,
501,47,32,0.1385990669442382,16,11,0.0,0.0,0.0,False,18,16,,,,,
501,47,32,0.1385990669442382,16,12,1.0,1.0,1.0,True,16,16,0.761841686704577,0.9047366746818308,0.12548725676174208,"[0.03500000000000014, 0.0]",0.03500000000000014
501,47,32,0.1385990669442382,16,13,0.0,0.0,0.0,False,15,16,,,,,
501,47,32,0.1385990669442382,16,14,0.0,0.0,0.0,False,14,16,,,,,
501,47,32,0.1385990669442382,16,15,0.0,0.0,0.0,False,13,16,,,,,
501,47,32,0.1385990669442382,16,16,0.0,0.0,0.0,False,12,16,,,,,
501,47,39,0.12887096871931103,29,0,0.0,0.0,0.0,False,36,29,,,,,
501,47,39,0.12887096871931103,29,1,0.0,0.0,0.0,False,34,29,,,,,
501,47,39,0.12887096871931103,29,2,0.13793103448275862,0.12903225806451613,0.13333333333333333,False,31,29,,,,,
501,47,39,0.12887096871931103,29,3,0.0,0.0,0.0,False,31,29,,,,,
501,47,39,0.12887096871931103,29,4,0.0,0.0,0.0,False,29,29,,,,,
501,47,39,0.12887096871931103,29,5,0.8620689655172413,1.0,0.9259259259259259,True,25,29,0.8025326716655692,0.8765686242217833,0.10404689632656278,"[-0.4030516790250118, -0.10518747520028526]",0.4165513904716821
501,47,39,0.12887096871931103,29,6,0.0,0.0,0.0,False,22,29,,,,,
501,47,39,0.12887096871931103,29,7,0.0,0.0,0.0,False,22,29,,,,,
501,47,39,0.12887096871931103,29,8,0.0,0.0,0.0,False,21,29,,,,,
501,47,39,0.12887096871931103,29,9,0.0,0.0,0.0,False,20,29,,,,,
501,47,39,0.12887096871931103,29,10,0.0,0.0,0.0,False,18,29,,,,,
501,47,39,0.12887096871931103,29,11,0.0,0.0,0.0,False,18,29,,,,,
501,47,39,0.12887096871931103,29,12,0.0,0.0,0.0,False,16,29,,,,,
501,47,39,0.12887096871931103,29,13,0.0,0.0,0.0,False,15,29,,,,,
501,47,39,0.12887096871931103,29,14,0.0,0.0,0.0,False,14,29,,,,,
501,47,39,0.12887096871931103,29,15,0.0,0.0,0.0,False,13,29,,,,,
501,47,39,0.12887096871931103,29,16,0.0,0.0,0.0,False,12,29,,,,,
501,47,34,0.12355666940016172,16,0,0.0,0.0,0.0,False,36,16,,,,,
501,47,34,0.12355666940016172,16,1,0.0,0.0,0.0,False,34,16,,,,,
501,47,34,0.12355666940016172,16,2,0.0,0.0,0.0,False,31,16,,,,,
501,47,34,0.12355666940016172,16,3,0.0,0.0,0.0,False,31,16,,,,,
501,47,34,0.12355666940016172,16,4,0.0,0.0,0.0,False,29,16,,,,,
501,47,34,0.12355666940016172,16,5,0.0,0.0,0.0,False,25,16,,,,,
501,47,34,0.12355666940016172,16,6,0.0,0.0,0.0,False,22,16,,,,,
501,47,34,0.12355666940016172,16,7,0.0,0.0,0.0,False,22,16,,,,,
501,47,34,0.12355666940016172,16,8,0.0,0.0,0.0,False,21,16,,,,,
501,47,34,0.12355666940016172,16,9,0.0,0.0,0.0,False,20,16,,,,,
501,47,34,0.12355666940016172,16,10,0.0,0.0,0.0,False,18,16,,,,,
501,47,34,0.12355666940016172,16,11,0.0,0.0,0.0,False,18,16,,,,,
501,47,34,0.12355666940016172,16,12,1.0,1.0,1.0,True,16,16,0.761841686704577,0.9047366746818308,0.12548725676174208,"[0.03500000000000014, 0.0]",0.03500000000000014
501,47,34,0.12355666940016172,16,13,0.0,0.0,0.0,False,15,16,,,,,
501,47,34,0.12355666940016172,16,14,0.0,0.0,0.0,False,14,16,,,,,
501,47,34,0.12355666940016172,16,15,0.0,0.0,0.0,False,13,16,,,,,
501,47,34,0.12355666940016172,16,16,0.0,0.0,0.0,False,12,16,,,,,
501,48,35,0.22670125650126496,25,0,0.0,0.0,0.0,False,43,25,,,,,
501,48,35,0.22670125650126496,25,1,0.0,0.0,0.0,False,39,25,,,,,
501,48,35,0.22670125650126496,25,2,0.0,0.0,0.0,False,33,25,,,,,
501,48,35,0.22670125650126496,25,3,0.0,0.0,0.0,False,32,25,,,,,
501,48,35,0.22670125650126496,25,4,0.0,0.0,0.0,False,31,25,,,,,
501,48,35,0.22670125650126496,25,5,1.0,0.8620689655172413,0.9259259259259259,True,29,25,0.804670661835003,0.8774238202895568,0.10292037457036854,"[-0.050741424423263126, 0.11484264761407914]",0.1255528807455778
501,48,35,0.22670125650126496,25,6,0.0,0.0,0.0,False,28,25,,,,,
501,48,35,0.22670125650126496,25,7,0.0,0.0,0.0,False,27,25,,,,,
501,48,35,0.22670125650126496,25,8,0.0,0.0,0.0,False,26,25,,,,,
501,48,35,0.22670125650126496,25,9,0.0,0.0,0.0,False,20,25,,,,,
501,48,35,0.22670125650126496,25,10,0.0,0.0,0.0,False,18,25,,,,,
501,48,35,0.22670125650126496,25,11,0.0,0.0,0.0,False,17,25,,,,,
501,48,35,0.22670125650126496,25,12,0.0,0.0,0.0,False,16,25,,,,,
501,48,35,0.22670125650126496,25,13,0.0,0.0,0.0,False,15,25,,,,,
501,48,35,0.22670125650126496,25,14,0.0,0.0,0.0,False,12,25,,,,,
501,48,37,0.2020969752516252,25,0,0.0,0.0,0.0,False,43,25,,,,,
501,48,37,0.2020969752516252,25,1,0.0,0.0,0.0,False,39,25,,,,,
501,48,37,0.2020969752516252,25,2,0.0,0.0,0.0,False,33,25,,,,,
501,48,37,0.2020969752516252,25,3,0.0,0.0,0.0,False,32,25,,,,,
501,48,37,0.2020969752516252,25,4,0.0,0.0,0.0,False,31,25,,,,,
501,48,37,0.2020969752516252,25,5,1.0,0.8620689655172413,0.9259259259259259,True,29,25,0.804670661835003,0.8774238202895568,0.10292037457036854,"[-0.050741424423263126, 0.11484264761407914]",0.1255528807455778
501,48,37,0.2020969752516252,25,6,0.0,0.0,0.0,False,28,25,,,,,
501,48,37,0.2020969752516252,25,7,0.0,0.0,0.0,False,27,25,,,,,
501,48,37,0.2020969752516252,25,8,0.0,0.0,0.0,False,26,25,,,,,
501,48,37,0.2020969752516252,25,9,0.0,0.0,0.0,False,20,25,,,,,
501,48,37,0.2020969752516252,25,10,0.0,0.0,0.0,False,18,25,,,,,
501,48,37,0.2020969752516252,25,11,0.0,0.0,0.0,False,17,25,,,,,
501,48,37,0.2020969752516252,25,12,0.0,0.0,0.0,False,16,25,,,,,
501,48,37,0.2020969752516252,25,13,0.0,0.0,0.0,False,15,25,,,,,
501,48,37,0.2020969752516252,25,14,0.0,0.0,0.0,False,12,25,,,,,
501,48,41,0.1640051837590926,22,0,0.0,0.0,0.0,False,43,22,,,,,
501,48,41,0.1640051837590926,22,1,0.0,0.0,0.0,False,39,22,,,,,
501,48,41,0.1640051837590926,22,2,0.0,0.0,0.0,False,33,22,,,,,
501,48,41,0.1640051837590926,22,3,1.0,0.6875,0.8148148148148148,True,32,22,0.6106648036511949,0.7331548103493668,0.2051433984166729,"[0.2545328251271357, 0.21537121611222076]",0.33342423396756565
501,48,41,0.1640051837590926,22,4,0.0,0.0,0.0,False,31,22,,,,,
501,48,41,0.1640051837590926,22,5,0.0,0.0,0.0,False,29,22,,,,,
501,48,41,0.1640051837590926,22,6,0.0,0.0,0.0,False,28,22,,,,,
501,48,41,0.1640051837590926,22,7,0.0,0.0,0.0,False,27,22,,,,,
501,48,41,0.1640051837590926,22,8,0.0,0.0,0.0,False,26,22,,,,,
501,48,41,0.1640051837590926,22,9,0.0,0.0,0.0,False,20,22,,,,,
501,48,41,0.1640051837590926,22,10,0.0,0.0,0.0,False,18,22,,,,,
501,48,41,0.1640051837590926,22,11,0.0,0.0,0.0,False,17,22,,,,,
501,48,41,0.1640051837590926,22,12,0.0,0.0,0.0,False,16,22,,,,,
501,48,41,0.1640051837590926,22,13,0.0,0.0,0.0,False,15,22,,,,,
501,48,41,0.1640051837590926,22,14,0.0,0.0,0.0,False,12,22,,,,,
501,48,32,0.14433046628803634,16,0,0.0,0.0,0.0,False,43,16,,,,,
501,48,32,0.14433046628803634,16,1,0.0,0.0,0.0,False,39,16,,,,,
501,48,32,0.14433046628803634,16,2,0.0,0.0,0.0,False,33,16,,,,,
501,48,32,0.14433046628803634,16,3,0.0,0.0,0.0,False,32,16,,,,,
501,48,32,0.14433046628803634,16,4,0.0,0.0,0.0,False,31,16,,,,,
501,48,32,0.14433046628803634,16,5,0.0,0.0,0.0,False,29,16,,,,,
501,48,32,0.14433046628803634,16,6,0.0,0.0,0.0,False,28,16,,,,,
501,48,32,0.14433046628803634,16,7,0.0,0.0,0.0,False,27,16,,,,,
501,48,32,0.14433046628803634,16,8,0.0,0.0,0.0,False,26,16,,,,,
501,48,32,0.14433046628803634,16,9,0.0,0.0,0.0,False,20,16,,,,,
501,48,32,0.14433046628803634,16,10,0.0,0.0,0.0,False,18,16,,,,,
501,48,32,0.14433046628803634,16,11,0.0,0.0,0.0,False,17,16,,,,,
501,48,32,0.14433046628803634,16,12,1.0,1.0,1.0,True,16,16,0.8101087981564798,0.924043519262592,0.1000549830606797,"[0.08750000000000036, -0.01750000000000007]",0.0892328414878741
501,48,32,0.14433046628803634,16,13,0.0,0.0,0.0,False,15,16,,,,,
501,48,32,0.14433046628803634,16,14,0.0,0.0,0.0,False,12,16,,,,,
501,48,39,0.13420008818480966,25,0,0.0,0.0,0.0,False,43,25,,,,,
501,48,39,0.13420008818480966,25,1,0.0,0.0,0.0,False,39,25,,,,,
501,48,39,0.13420008818480966,25,2,0.0,0.0,0.0,False,33,25,,,,,
501,48,39,0.13420008818480966,25,3,0.0,0.0,0.0,False,32,25,,,,,
501,48,39,0.13420008818480966,25,4,0.0,0.0,0.0,False,31,25,,,,,
501,48,39,0.13420008818480966,25,5,1.0,0.8620689655172413,0.9259259259259259,True,29,25,0.804670661835003,0.8774238202895568,0.10292037457036854,"[-0.050741424423263126, 0.11484264761407914]",0.1255528807455778
501,48,39,0.13420008818480966,25,6,0.0,0.0,0.0,False,28,25,,,,,
501,48,39,0.13420008818480966,25,7,0.0,0.0,0.0,False,27,25,,,,,
501,48,39,0.13420008818480966,25,8,0.0,0.0,0.0,False,26,25,,,,,
501,48,39,0.13420008818480966,25,9,0.0,0.0,0.0,False,20,25,,,,,
501,48,39,0.13420008818480966,25,10,0.0,0.0,0.0,False,18,25,,,,,
501,48,39,0.13420008818480966,25,11,0.0,0.0,0.0,False,17,25,,,,,
501,48,39,0.13420008818480966,25,12,0.0,0.0,0.0,False,16,25,,,,,
501,48,39,0.13420008818480966,25,13,0.0,0.0,0.0,False,15,25,,,,,
501,48,39,0.13420008818480966,25,14,0.0,0.0,0.0,False,12,25,,,,,
501,48,34,0.12866603001517132,16,0,0.0,0.0,0.0,False,43,16,,,,,
501,48,34,0.12866603001517132,16,1,0.0,0.0,0.0,False,39,16,,,,,
501,48,34,0.12866603001517132,16,2,0.0,0.0,0.0,False,33,16,,,,,
501,48,34,0.12866603001517132,16,3,0.0,0.0,0.0,False,32,16,,,,,
501,48,34,0.12866603001517132,16,4,0.0,0.0,0.0,False,31,16,,,,,
501,48,34,0.12866603001517132,16,5,0.0,0.0,0.0,False,29,16,,,,,
501,48,34,0.12866603001517132,16,6,0.0,0.0,0.0,False,28,16,,,,,
501,48,34,0.12866603001517132,16,7,0.0,0.0,0.0,False,27,16,,,,,
501,48,34,0.12866603001517132,16,8,0.0,0.0,0.0,False,26,16,,,,,
501,48,34,0.12866603001517132,16,9,0.0,0.0,0.0,False,20,16,,,,,
501,48,34,0.12866603001517132,16,10,0.0,0.0,0.0,False,18,16,,,,,
501,48,34,0.12866603001517132,16,11,0.0,0.0,0.0,False,17,16,,,,,
501,48,34,0.12866603001517132,16,12,1.0,1.0,1.0,True,16,16,0.8101087981564798,0.924043519262592,0.1000549830606797,"[0.08750000000000036, -0.01750000000000007]",0.0892328414878741
501,48,34,0.12866603001517132,16,13,0.0,0.0,0.0,False,15,16,,,,,
501,48,34,0.12866603001517132,16,14,0.0,0.0,0.0,False,12,16,,,,,
501,49,35,0.22670125650126496,29,0,0.0,0.0,0.0,False,43,29,,,,,
501,49,35,0.22670125650126496,29,1,0.0,0.0,0.0,False,41,29,,,,,
501,49,35,0.22670125650126496,29,2,0.0,0.0,0.0,False,39,29,,,,,
501,49,35,0.22670125650126496,29,3,0.0,0.0,0.0,False,32,29,,,,,
501,49,35,0.22670125650126496,29,4,1.0,1.0,1.0,True,29,29,0.8805725225101829,0.9522290090040731,0.06292716103334892,"[-0.22206896551724142, -0.019310344827587755]",0.22290696459119017
501,49,35,0.22670125650126496,29,5,0.0,0.0,0.0,False,27,29,,,,,
501,49,35,0.22670125650126496,29,6,0.0,0.0,0.0,False,26,29,,,,,
501,49,35,0.22670125650126496,29,7,0.0,0.0,0.0,False,24,29,,,,,
501,49,35,0.22670125650126496,29,8,0.0,0.0,0.0,False,22,29,,,,,
501,49,35,0.22670125650126496,29,9,0.0,0.0,0.0,False,19,29,,,,,
501,49,35,0.22670125650126496,29,10,0.0,0.0,0.0,False,18,29,,,,,
501,49,35,0.22670125650126496,29,11,0.0,0.0,0.0,False,17,29,,,,,
501,49,35,0.22670125650126496,29,12,0.0,0.0,0.0,False,16,29,,,,,
501,49,35,0.22670125650126496,29,13,0.0,0.0,0.0,False,15,29,,,,,
501,49,35,0.22670125650126496,29,14,0.0,0.0,0.0,False,14,29,,,,,
501,49,35,0.22670125650126496,29,15,0.0,0.0,0.0,False,13,29,,,,,
501,49,37,0.2020969752516252,29,0,0.0,0.0,0.0,False,43,29,,,,,
501,49,37,0.2020969752516252,29,1,0.0,0.0,0.0,False,41,29,,,,,
501,49,37,0.2020969752516252,29,2,0.0,0.0,0.0,False,39,29,,,,,
501,49,37,0.2020969752516252,29,3,0.0,0.0,0.0,False,32,29,,,,,
501,49,37,0.2020969752516252,29,4,1.0,1.0,1.0,True,29,29,0.8805725225101829,0.9522290090040731,0.06292716103334892,"[-0.22206896551724142, -0.019310344827587755]",0.22290696459119017
501,49,37,0.2020969752516252,29,5,0.0,0.0,0.0,False,27,29,,,,,
501,49,37,0.2020969752516252,29,6,0.0,0.0,0.0,False,26,29,,,,,
501,49,37,0.2020969752516252,29,7,0.0,0.0,0.0,False,24,29,,,,,
501,49,37,0.2020969752516252,29,8,0.0,0.0,0.0,False,22,29,,,,,
501,49,37,0.2020969752516252,29,9,0.0,0.0,0.0,False,19,29,,,,,
501,49,37,0.2020969752516252,29,10,0.0,0.0,0.0,False,18,29,,,,,
501,49,37,0.2020969752516252,29,11,0.0,0.0,0.0,False,17,29,,,,,
501,49,37,0.2020969752516252,29,12,0.0,0.0,0.0,False,16,29,,,,,
501,49,37,0.2020969752516252,29,13,0.0,0.0,0.0,False,15,29,,,,,
501,49,37,0.2020969752516252,29,14,0.0,0.0,0.0,False,14,29,,,,,
501,49,37,0.2020969752516252,29,15,0.0,0.0,0.0,False,13,29,,,,,
501,49,41,0.1640051837590926,32,0,0.0,0.0,0.0,False,43,32,,,,,
501,49,41,0.1640051837590926,32,1,0.0,0.0,0.0,False,41,32,,,,,
501,49,41,0.1640051837590926,32,2,0.0,0.0,0.0,False,39,32,,,,,
501,49,41,0.1640051837590926,32,3,0.0,0.0,0.0,False,32,32,,,,,
501,49,41,0.1640051837590926,32,4,0.0,0.0,0.0,False,29,32,,,,,
501,49,41,0.1640051837590926,32,5,0.0,0.0,0.0,False,27,32,,,,,
501,49,41,0.1640051837590926,32,6,0.0,0.0,0.0,False,26,32,,,,,
501,49,41,0.1640051837590926,32,7,0.4375,0.5833333333333334,0.5,True,24,32,0.24341217210741395,0.39736486884296557,0.3986513412353357,"[0.3184912400341098, -24.399265968257392]",24.4013445625388
501,49,41,0.1640051837590926,32,8,0.0,0.0,0.0,False,22,32,,,,,
501,49,41,0.1640051837590926,32,9,0.0,0.0,0.0,False,19,32,,,,,
501,49,41,0.1640051837590926,32,10,0.5625,1.0,0.72,True,18,32,0.57133252794808,0.660533011179232,0.22586784557908596,"[-0.23337081664173098, 0.236465272100979]",0.33223149003340796
501,49,41,0.1640051837590926,32,11,0.0,0.0,0.0,False,17,32,,,,,
501,49,41,0.1640051837590926,32,12,0.0,0.0,0.0,False,16,32,,,,,
501,49,41,0.1640051837590926,32,13,0.0,0.0,0.0,False,15,32,,,,,
501,49,41,0.1640051837590926,32,14,0.0,0.0,0.0,False,14,32,,,,,
501,49,41,0.1640051837590926,32,15,0.0,0.0,0.0,False,13,32,,,,,
501,49,32,0.14433046628803634,16,0,0.0,0.0,0.0,False,43,16,,,,,
501,49,32,0.14433046628803634,16,1,0.0,0.0,0.0,False,41,16,,,,,
501,49,32,0.14433046628803634,16,2,0.0,0.0,0.0,False,39,16,,,,,
501,49,32,0.14433046628803634,16,3,0.0,0.0,0.0,False,32,16,,,,,
501,49,32,0.14433046628803634,16,4,0.0,0.0,0.0,False,29,16,,,,,
501,49,32,0.14433046628803634,16,5,0.0,0.0,0.0,False,27,16,,,,,
501,49,32,0.14433046628803634,16,6,0.0,0.0,0.0,False,26,16,,,,,
501,49,32,0.14433046628803634,16,7,0.0,0.0,0.0,False,24,16,,,,,
501,49,32,0.14433046628803634,16,8,0.0,0.0,0.0,False,22,16,,,,,
501,49,32,0.14433046628803634,16,9,0.0,0.0,0.0,False,19,16,,,,,
501,49,32,0.14433046628803634,16,10,0.0,0.0,0.0,False,18,16,,,,,
501,49,32,0.14433046628803634,16,11,0.0,0.0,0.0,False,17,16,,,,,
501,49,32,0.14433046628803634,16,12,1.0,1.0,1.0,True,16,16,0.7332254443286771,0.8932901777314708,0.14056535210467633,"[0.0, 0.03500000000000014]",0.03500000000000014
501,49,32,0.14433046628803634,16,13,0.0,0.0,0.0,False,15,16,,,,,
501,49,32,0.14433046628803634,16,14,0.0,0.0,0.0,False,14,16,,,,,
501,49,32,0.14433046628803634,16,15,0.0,0.0,0.0,False,13,16,,,,,
501,49,39,0.13420008818480966,29,0,0.0,0.0,0.0,False,43,29,,,,,
501,49,39,0.13420008818480966,29,1,0.0,0.0,0.0,False,41,29,,,,,
501,49,39,0.13420008818480966,29,2,0.0,0.0,0.0,False,39,29,,,,,
501,49,39,0.13420008818480966,29,3,0.0,0.0,0.0,False,32,29,,,,,
501,49,39,0.13420008818480966,29,4,1.0,1.0,1.0,True,29,29,0.8805725225101829,0.9522290090040731,0.06292716103334892,"[-0.22206896551724142, -0.019310344827587755]",0.22290696459119017
501,49,39,0.13420008818480966,29,5,0.0,0.0,0.0,False,27,29,,,,,
501,49,39,0.13420008818480966,29,6,0.0,0.0,0.0,False,26,29,,,,,
501,49,39,0.13420008818480966,29,7,0.0,0.0,0.0,False,24,29,,,,,
501,49,39,0.13420008818480966,29,8,0.0,0.0,0.0,False,22,29,,,,,
501,49,39,0.13420008818480966,29,9,0.0,0.0,0.0,False,19,29,,,,,
501,49,39,0.13420008818480966,29,10,0.0,0.0,0.0,False,18,29,,,,,
501,49,39,0.13420008818480966,29,11,0.0,0.0,0.0,False,17,29,,,,,
501,49,39,0.13420008818480966,29,12,0.0,0.0,0.0,False,16,29,,,,,
501,49,39,0.13420008818480966,29,13,0.0,0.0,0.0,False,15,29,,,,,
501,49,39,0.13420008818480966,29,14,0.0,0.0,0.0,False,14,29,,,,,
501,49,39,0.13420008818480966,29,15,0.0,0.0,0.0,False,13,29,,,,,
501,49,34,0.12866603001517132,16,0,0.0,0.0,0.0,False,43,16,,,,,
501,49,34,0.12866603001517132,16,1,0.0,0.0,0.0,False,41,16,,,,,
501,49,34,0.12866603001517132,16,2,0.0,0.0,0.0,False,39,16,,,,,
501,49,34,0.12866603001517132,16,3,0.0,0.0,0.0,False,32,16,,,,,
501,49,34,0.12866603001517132,16,4,0.0,0.0,0.0,False,29,16,,,,,
501,49,34,0.12866603001517132,16,5,0.0,0.0,0.0,False,27,16,,,,,
501,49,34,0.12866603001517132,16,6,0.0,0.0,0.0,False,26,16,,,,,
501,49,34,0.12866603001517132,16,7,0.0,0.0,0.0,False,24,16,,,,,
501,49,34,0.12866603001517132,16,8,0.0,0.0,0.0,False,22,16,,,,,
501,49,34,0.12866603001517132,16,9,0.0,0.0,0.0,False,19,16,,,,,
501,49,34,0.12866603001517132,16,10,0.0,0.0,0.0,False,18,16,,,,,
501,49,34,0.12866603001517132,16,11,0.0,0.0,0.0,False,17,16,,,,,
501,49,34,0.12866603001517132,16,12,1.0,1.0,1.0,True,16,16,0.7332254443286771,0.8932901777314708,0.14056535210467633,"[0.0, 0.03500000000000014]",0.03500000000000014
501,49,34,0.12866603001517132,16,13,0.0,0.0,0.0,False,15,16,,,,,
501,49,34,0.12866603001517132,16,14,0.0,0.0,0.0,False,14,16,,,,,
501,49,34,0.12866603001517132,16,15,0.0,0.0,0.0,False,13,16,,,,,
501,50,35,0.23674644260635658,29,0,0.0,0.0,0.0,False,42,29,,,,,
501,50,35,0.23674644260635658,29,1,0.0,0.0,0.0,False,41,29,,,,,
501,50,35,0.23674644260635658,29,2,0.0,0.0,0.0,False,40,29,,,,,
501,50,35,0.23674644260635658,29,3,0.0,0.0,0.0,False,34,29,,,,,
501,50,35,0.23674644260635658,29,4,0.0,0.0,0.0,False,31,29,,,,,
501,50,35,0.23674644260635658,29,5,1.0,1.0,1.0,True,29,29,0.8786306916694744,0.9514522766677898,0.06395032508722598,"[-0.23172413793103352, -0.048275862068965836]",0.23669946125494765
501,50,35,0.23674644260635658,29,6,0.0,0.0,0.0,False,25,29,,,,,
501,50,35,0.23674644260635658,29,7,0.0,0.0,0.0,False,22,29,,,,,
501,50,35,0.23674644260635658,29,8,0.0,0.0,0.0,False,21,29,,,,,
501,50,35,0.23674644260635658,29,9,0.0,0.0,0.0,False,18,29,,,,,
501,50,35,0.23674644260635658,29,10,0.0,0.0,0.0,False,17,29,,,,,
501,50,35,0.23674644260635658,29,11,0.0,0.0,0.0,False,16,29,,,,,
501,50,35,0.23674644260635658,29,12,0.0,0.0,0.0,False,15,29,,,,,
501,50,35,0.23674644260635658,29,13,0.0,0.0,0.0,False,14,29,,,,,
501,50,35,0.23674644260635658,29,14,0.0,0.0,0.0,False,12,29,,,,,
501,50,37,0.21105193985574658,29,0,0.0,0.0,0.0,False,42,29,,,,,
501,50,37,0.21105193985574658,29,1,0.0,0.0,0.0,False,41,29,,,,,
501,50,37,0.21105193985574658,29,2,0.0,0.0,0.0,False,40,29,,,,,
501,50,37,0.21105193985574658,29,3,0.0,0.0,0.0,False,34,29,,,,,
501,50,37,0.21105193985574658,29,4,0.0,0.0,0.0,False,31,29,,,,,
501,50,37,0.21105193985574658,29,5,1.0,1.0,1.0,True,29,29,0.8786306916694744,0.9514522766677898,0.06395032508722598,"[-0.23172413793103352, -0.048275862068965836]",0.23669946125494765
501,50,37,0.21105193985574658,29,6,0.0,0.0,0.0,False,25,29,,,,,
501,50,37,0.21105193985574658,29,7,0.0,0.0,0.0,False,22,29,,,,,
501,50,37,0.21105193985574658,29,8,0.0,0.0,0.0,False,21,29,,,,,
501,50,37,0.21105193985574658,29,9,0.0,0.0,0.0,False,18,29,,,,,
501,50,37,0.21105193985574658,29,10,0.0,0.0,0.0,False,17,29,,,,,
501,50,37,0.21105193985574658,29,11,0.0,0.0,0.0,False,16,29,,,,,
501,50,37,0.21105193985574658,29,12,0.0,0.0,0.0,False,15,29,,,,,
501,50,37,0.21105193985574658,29,13,0.0,0.0,0.0,False,14,29,,,,,
501,50,37,0.21105193985574658,29,14,0.0,0.0,0.0,False,12,29,,,,,
501,50,32,0.1507257832654254,16,0,0.0,0.0,0.0,False,42,16,,,,,
501,50,32,0.1507257832654254,16,1,0.0,0.0,0.0,False,41,16,,,,,
501,50,32,0.1507257832654254,16,2,0.0,0.0,0.0,False,40,16,,,,,
501,50,32,0.1507257832654254,16,3,0.0,0.0,0.0,False,34,16,,,,,
501,50,32,0.1507257832654254,16,4,0.0,0.0,0.0,False,31,16,,,,,
501,50,32,0.1507257832654254,16,5,0.0,0.0,0.0,False,29,16,,,,,
501,50,32,0.1507257832654254,16,6,0.0,0.0,0.0,False,25,16,,,,,
501,50,32,0.1507257832654254,16,7,0.0,0.0,0.0,False,22,16,,,,,
501,50,32,0.1507257832654254,16,8,0.0,0.0,0.0,False,21,16,,,,,
501,50,32,0.1507257832654254,16,9,0.0,0.0,0.0,False,18,16,,,,,
501,50,32,0.1507257832654254,16,10,0.0,0.0,0.0,False,17,16,,,,,
501,50,32,0.1507257832654254,16,11,1.0,1.0,1.0,True,16,16,0.7315941914439339,0.8926376765775735,0.14142487049292243,"[0.01750000000000007, 0.01750000000000007]",0.024748737341529263
501,50,32,0.1507257832654254,16,12,0.0,0.0,0.0,False,15,16,,,,,
501,50,32,0.1507257832654254,16,13,0.0,0.0,0.0,False,14,16,,,,,
501,50,32,0.1507257832654254,16,14,0.0,0.0,0.0,False,12,16,,,,,
501,50,39,0.14014652572089187,29,0,0.0,0.0,0.0,False,42,29,,,,,
501,50,39,0.14014652572089187,29,1,0.0,0.0,0.0,False,41,29,,,,,
501,50,39,0.14014652572089187,29,2,0.0,0.0,0.0,False,40,29,,,,,
501,50,39,0.14014652572089187,29,3,0.0,0.0,0.0,False,34,29,,,,,
501,50,39,0.14014652572089187,29,4,0.0,0.0,0.0,False,31,29,,,,,
501,50,39,0.14014652572089187,29,5,1.0,1.0,1.0,True,29,29,0.8786306916694744,0.9514522766677898,0.06395032508722598,"[-0.23172413793103352, -0.048275862068965836]",0.23669946125494765
501,50,39,0.14014652572089187,29,6,0.0,0.0,0.0,False,25,29,,,,,
501,50,39,0.14014652572089187,29,7,0.0,0.0,0.0,False,22,29,,,,,
501,50,39,0.14014652572089187,29,8,0.0,0.0,0.0,False,21,29,,,,,
501,50,39,0.14014652572089187,29,9,0.0,0.0,0.0,False,18,29,,,,,
501,50,39,0.14014652572089187,29,10,0.0,0.0,0.0,False,17,29,,,,,
501,50,39,0.14014652572089187,29,11,0.0,0.0,0.0,False,16,29,,,,,
501,50,39,0.14014652572089187,29,12,0.0,0.0,0.0,False,15,29,,,,,
501,50,39,0.14014652572089187,29,13,0.0,0.0,0.0,False,14,29,,,,,
501,50,39,0.14014652572089187,29,14,0.0,0.0,0.0,False,12,29,,,,,
501,50,34,0.13436725212947614,16,0,0.0,0.0,0.0,False,42,16,,,,,
501,50,34,0.13436725212947614,16,1,0.0,0.0,0.0,False,41,16,,,,,
501,50,34,0.13436725212947614,16,2,0.0,0.0,0.0,False,40,16,,,,,
501,50,34,0.13436725212947614,16,3,0.0,0.0,0.0,False,34,16,,,,,
501,50,34,0.13436725212947614,16,4,0.0,0.0,0.0,False,31,16,,,,,
501,50,34,0.13436725212947614,16,5,0.0,0.0,0.0,False,29,16,,,,,
501,50,34,0.13436725212947614,16,6,0.0,0.0,0.0,False,25,16,,,,,
501,50,34,0.13436725212947614,16,7,0.0,0.0,0.0,False,22,16,,,,,
501,50,34,0.13436725212947614,16,8,0.0,0.0,0.0,False,21,16,,,,,
501,50,34,0.13436725212947614,16,9,0.0,0.0,0.0,False,18,16,,,,,
501,50,34,0.13436725212947614,16,10,0.0,0.0,0.0,False,17,16,,,,,
501,50,34,0.13436725212947614,16,11,1.0,1.0,1.0,True,16,16,0.7315941914439339,0.8926376765775735,0.14142487049292243,"[0.01750000000000007, 0.01750000000000007]",0.024748737341529263
501,50,34,0.13436725212947614,16,12,0.0,0.0,0.0,False,15,16,,,,,
501,50,34,0.13436725212947614,16,13,0.0,0.0,0.0,False,14,16,,,,,
501,50,34,0.13436725212947614,16,14,0.0,0.0,0.0,False,12,16,,,,,
501,50,44,0.12696205642210345,18,0,0.0,0.0,0.0,False,42,18,,,,,
501,50,44,0.12696205642210345,18,1,0.0,0.0,0.0,False,41,18,,,,,
501,50,44,0.12696205642210345,18,2,0.0,0.0,0.0,False,40,18,,,,,
501,50,44,0.12696205642210345,18,3,0.0,0.0,0.0,False,34,18,,,,,
501,50,44,0.12696205642210345,18,4,1.0,0.5806451612903226,0.7346938775510204,True,31,18,0.6413565329012764,0.6973589396911228,0.18897171473461155,"[-0.21822798429276347, 0.22428238703222547]",0.3129313698901975
501,50,44,0.12696205642210345,18,5,0.0,0.0,0.0,False,29,18,,,,,
501,50,44,0.12696205642210345,18,6,0.0,0.0,0.0,False,25,18,,,,,
501,50,44,0.12696205642210345,18,7,0.0,0.0,0.0,False,22,18,,,,,
501,50,44,0.12696205642210345,18,8,0.0,0.0,0.0,False,21,18,,,,,
501,50,44,0.12696205642210345,18,9,0.0,0.0,0.0,False,18,18,,,,,
501,50,44,0.12696205642210345,18,10,0.0,0.0,0.0,False,17,18,,,,,
501,50,44,0.12696205642210345,18,11,0.0,0.0,0.0,False,16,18,,,,,
501,50,44,0.12696205642210345,18,12,0.0,0.0,0.0,False,15,18,,,,,
501,50,44,0.12696205642210345,18,13,0.0,0.0,0.0,False,14,18,,,,,
501,50,44,0.12696205642210345,18,14,0.0,0.0,0.0,False,12,18,,,,,
501,51,35,0.23674644260635658,29,0,0.0,0.0,0.0,False,40,29,,,,,
501,51,35,0.23674644260635658,29,1,0.0,0.0,0.0,False,40,29,,,,,
501,51,35,0.23674644260635658,29,2,0.0,0.0,0.0,False,34,29,,,,,
501,51,35,0.23674644260635658,29,3,0.0,0.0,0.0,False,34,29,,,,,
501,51,35,0.23674644260635658,29,4,0.0,0.0,0.0,False,32,29,,,,,
501,51,35,0.23674644260635658,29,5,1.0,1.0,1.0,True,29,29,0.8902246471582146,0.9560898588632858,0.05784139002983399,"[-0.19310344827586157, -0.02896551724137808]",0.1952637778111673
501,51,35,0.23674644260635658,29,6,0.0,0.0,0.0,False,26,29,,,,,
501,51,35,0.23674644260635658,29,7,0.0,0.0,0.0,False,24,29,,,,,
501,51,35,0.23674644260635658,29,8,0.0,0.0,0.0,False,23,29,,,,,
501,51,35,0.23674644260635658,29,9,0.0,0.0,0.0,False,22,29,,,,,
501,51,35,0.23674644260635658,29,10,0.0,0.0,0.0,False,19,29,,,,,
501,51,35,0.23674644260635658,29,11,0.0,0.0,0.0,False,17,29,,,,,
501,51,35,0.23674644260635658,29,12,0.0,0.0,0.0,False,16,29,,,,,
501,51,35,0.23674644260635658,29,13,0.0,0.0,0.0,False,15,29,,,,,
501,51,37,0.21105193985574658,29,0,0.0,0.0,0.0,False,40,29,,,,,
501,51,37,0.21105193985574658,29,1,0.0,0.0,0.0,False,40,29,,,,,
501,51,37,0.21105193985574658,29,2,0.0,0.0,0.0,False,34,29,,,,,
501,51,37,0.21105193985574658,29,3,0.0,0.0,0.0,False,34,29,,,,,
501,51,37,0.21105193985574658,29,4,0.0,0.0,0.0,False,32,29,,,,,
501,51,37,0.21105193985574658,29,5,1.0,1.0,1.0,True,29,29,0.8902246471582146,0.9560898588632858,0.05784139002983399,"[-0.19310344827586157, -0.02896551724137808]",0.1952637778111673
501,51,37,0.21105193985574658,29,6,0.0,0.0,0.0,False,26,29,,,,,
501,51,37,0.21105193985574658,29,7,0.0,0.0,0.0,False,24,29,,,,,
501,51,37,0.21105193985574658,29,8,0.0,0.0,0.0,False,23,29,,,,,
501,51,37,0.21105193985574658,29,9,0.0,0.0,0.0,False,22,29,,,,,
501,51,37,0.21105193985574658,29,10,0.0,0.0,0.0,False,19,29,,,,,
501,51,37,0.21105193985574658,29,11,0.0,0.0,0.0,False,17,29,,,,,
501,51,37,0.21105193985574658,29,12,0.0,0.0,0.0,False,16,29,,,,,
501,51,37,0.21105193985574658,29,13,0.0,0.0,0.0,False,15,29,,,,,
501,51,32,0.1507257832654254,16,0,0.0,0.0,0.0,False,40,16,,,,,
501,51,32,0.1507257832654254,16,1,0.0,0.0,0.0,False,40,16,,,,,
501,51,32,0.1507257832654254,16,2,0.0,0.0,0.0,False,34,16,,,,,
501,51,32,0.1507257832654254,16,3,0.0,0.0,0.0,False,34,16,,,,,
501,51,32,0.1507257832654254,16,4,0.0,0.0,0.0,False,32,16,,,,,
501,51,32,0.1507257832654254,16,5,0.0,0.0,0.0,False,29,16,,,,,
501,51,32,0.1507257832654254,16,6,0.0,0.0,0.0,False,26,16,,,,,
501,51,32,0.1507257832654254,16,7,0.0,0.0,0.0,False,24,16,,,,,
501,51,32,0.1507257832654254,16,8,0.0,0.0,0.0,False,23,16,,,,,
501,51,32,0.1507257832654254,16,9,0.4375,0.3181818181818182,0.3684210526315789,True,22,16,0.25504390677952227,0.3230701942907563,0.39252250006583717,"[-0.25799979802836503, -0.5115726387166024]",0.5729489161052184
501,51,32,0.1507257832654254,16,10,0.0,0.0,0.0,False,19,16,,,,,
501,51,32,0.1507257832654254,16,11,0.0,0.0,0.0,False,17,16,,,,,
501,51,32,0.1507257832654254,16,12,0.0,0.0,0.0,False,16,16,,,,,
501,51,32,0.1507257832654254,16,13,0.0,0.0,0.0,False,15,16,,,,,
501,51,39,0.14014652572089187,29,0,0.0,0.0,0.0,False,40,29,,,,,
501,51,39,0.14014652572089187,29,1,0.0,0.0,0.0,False,40,29,,,,,
501,51,39,0.14014652572089187,29,2,0.0,0.0,0.0,False,34,29,,,,,
501,51,39,0.14014652572089187,29,3,0.0,0.0,0.0,False,34,29,,,,,
501,51,39,0.14014652572089187,29,4,0.0,0.0,0.0,False,32,29,,,,,
501,51,39,0.14014652572089187,29,5,1.0,1.0,1.0,True,29,29,0.8902246471582146,0.9560898588632858,0.05784139002983399,"[-0.19310344827586157, -0.02896551724137808]",0.1952637778111673
501,51,39,0.14014652572089187,29,6,0.0,0.0,0.0,False,26,29,,,,,
501,51,39,0.14014652572089187,29,7,0.0,0.0,0.0,False,24,29,,,,,
501,51,39,0.14014652572089187,29,8,0.0,0.0,0.0,False,23,29,,,,,
501,51,39,0.14014652572089187,29,9,0.0,0.0,0.0,False,22,29,,,,,
501,51,39,0.14014652572089187,29,10,0.0,0.0,0.0,False,19,29,,,,,
501,51,39,0.14014652572089187,29,11,0.0,0.0,0.0,False,17,29,,,,,
501,51,39,0.14014652572089187,29,12,0.0,0.0,0.0,False,16,29,,,,,
501,51,39,0.14014652572089187,29,13,0.0,0.0,0.0,False,15,29,,,,,
501,51,34,0.13436725212947614,16,0,0.0,0.0,0.0,False,40,16,,,,,
501,51,34,0.13436725212947614,16,1,0.0,0.0,0.0,False,40,16,,,,,
501,51,34,0.13436725212947614,16,2,0.0,0.0,0.0,False,34,16,,,,,
501,51,34,0.13436725212947614,16,3,0.0,0.0,0.0,False,34,16,,,,,
501,51,34,0.13436725212947614,16,4,0.0,0.0,0.0,False,32,16,,,,,
501,51,34,0.13436725212947614,16,5,0.0,0.0,0.0,False,29,16,,,,,
501,51,34,0.13436725212947614,16,6,0.0,0.0,0.0,False,26,16,,,,,
501,51,34,0.13436725212947614,16,7,0.0,0.0,0.0,False,24,16,,,,,
501,51,34,0.13436725212947614,16,8,0.0,0.0,0.0,False,23,16,,,,,
501,51,34,0.13436725212947614,16,9,0.4375,0.3181818181818182,0.3684210526315789,True,22,16,0.25504390677952227,0.3230701942907563,0.39252250006583717,"[-0.25799979802836503, -0.5115726387166024]",0.5729489161052184
501,51,34,0.13436725212947614,16,10,0.0,0.0,0.0,False,19,16,,,,,
501,51,34,0.13436725212947614,16,11,0.0,0.0,0.0,False,17,16,,,,,
501,51,34,0.13436725212947614,16,12,0.0,0.0,0.0,False,16,16,,,,,
501,51,34,0.13436725212947614,16,13,0.0,0.0,0.0,False,15,16,,,,,
501,51,44,0.12696205642210345,31,0,0.0,0.0,0.0,False,40,31,,,,,
501,51,44,0.12696205642210345,31,1,0.0,0.0,0.0,False,40,31,,,,,
501,51,44,0.12696205642210345,31,2,0.0,0.0,0.0,False,34,31,,,,,
501,51,44,0.12696205642210345,31,3,0.0,0.0,0.0,False,34,31,,,,,
501,51,44,0.12696205642210345,31,4,1.0,0.96875,0.9841269841269841,True,32,31,0.7869967760174936,0.9052749008831878,0.11223286682340353,"[-0.020901199065509246, -0.0657476591332049]",0.06898996161668847
501,51,44,0.12696205642210345,31,5,0.0,0.0,0.0,False,29,31,,,,,
501,51,44,0.12696205642210345,31,6,0.0,0.0,0.0,False,26,31,,,,,
501,51,44,0.12696205642210345,31,7,0.0,0.0,0.0,False,24,31,,,,,
501,51,44,0.12696205642210345,31,8,0.0,0.0,0.0,False,23,31,,,,,
501,51,44,0.12696205642210345,31,9,0.0,0.0,0.0,False,22,31,,,,,
501,51,44,0.12696205642210345,31,10,0.0,0.0,0.0,False,19,31,,,,,
501,51,44,0.12696205642210345,31,11,0.0,0.0,0.0,False,17,31,,,,,
501,51,44,0.12696205642210345,31,12,0.0,0.0,0.0,False,16,31,,,,,
501,51,44,0.12696205642210345,31,13,0.0,0.0,0.0,False,15,31,,,,,
501,52,35,0.23674644260635658,29,0,0.0,0.0,0.0,False,43,29,,,,,
501,52,35,0.23674644260635658,29,1,0.0,0.0,0.0,False,40,29,,,,,
501,52,35,0.23674644260635658,29,2,0.0,0.0,0.0,False,40,29,,,,,
501,52,35,0.23674644260635658,29,3,0.0,0.0,0.0,False,32,29,,,,,
501,52,35,0.23674644260635658,29,4,0.0,0.0,0.0,False,31,29,,,,,
501,52,35,0.23674644260635658,29,5,1.0,1.0,1.0,True,29,29,0.8455048014332022,0.9382019205732809,0.08140458497016352,"[-0.19310344827586157, -0.009655172413793878]",0.1933446769124209
501,52,35,0.23674644260635658,29,6,0.0,0.0,0.0,False,27,29,,,,,
501,52,35,0.23674644260635658,29,7,0.0,0.0,0.0,False,24,29,,,,,
501,52,35,0.23674644260635658,29,8,0.0,0.0,0.0,False,24,29,,,,,
501,52,35,0.23674644260635658,29,9,0.0,0.0,0.0,False,23,29,,,,,
501,52,35,0.23674644260635658,29,10,0.0,0.0,0.0,False,18,29,,,,,
501,52,35,0.23674644260635658,29,11,0.0,0.0,0.0,False,17,29,,,,,
501,52,35,0.23674644260635658,29,12,0.0,0.0,0.0,False,17,29,,,,,
501,52,35,0.23674644260635658,29,13,0.0,0.0,0.0,False,16,29,,,,,
501,52,37,0.21105193985574658,29,0,0.0,0.0,0.0,False,43,29,,,,,
501,52,37,0.21105193985574658,29,1,0.0,0.0,0.0,False,40,29,,,,,
501,52,37,0.21105193985574658,29,2,0.0,0.0,0.0,False,40,29,,,,,
501,52,37,0.21105193985574658,29,3,0.0,0.0,0.0,False,32,29,,,,,
501,52,37,0.21105193985574658,29,4,0.0,0.0,0.0,False,31,29,,,,,
501,52,37,0.21105193985574658,29,5,1.0,1.0,1.0,True,29,29,0.8455048014332022,0.9382019205732809,0.08140458497016352,"[-0.19310344827586157, -0.009655172413793878]",0.1933446769124209
501,52,37,0.21105193985574658,29,6,0.0,0.0,0.0,False,27,29,,,,,
501,52,37,0.21105193985574658,29,7,0.0,0.0,0.0,False,24,29,,,,,
501,52,37,0.21105193985574658,29,8,0.0,0.0,0.0,False,24,29,,,,,
501,52,37,0.21105193985574658,29,9,0.0,0.0,0.0,False,23,29,,,,,
501,52,37,0.21105193985574658,29,10,0.0,0.0,0.0,False,18,29,,,,,
501,52,37,0.21105193985574658,29,11,0.0,0.0,0.0,False,17,29,,,,,
501,52,37,0.21105193985574658,29,12,0.0,0.0,0.0,False,17,29,,,,,
501,52,37,0.21105193985574658,29,13,0.0,0.0,0.0,False,16,29,,,,,
501,52,32,0.1507257832654254,22,0,0.0,0.0,0.0,False,43,22,,,,,
501,52,32,0.1507257832654254,22,1,0.0,0.0,0.0,False,40,22,,,,,
501,52,32,0.1507257832654254,22,2,0.0,0.0,0.0,False,40,22,,,,,
501,52,32,0.1507257832654254,22,3,0.0,0.0,0.0,False,32,22,,,,,
501,52,32,0.1507257832654254,22,4,1.0,0.7096774193548387,0.8301886792452831,True,31,22,0.632375253983143,0.7510633091404271,0.19370401249929464,"[-0.3949006085351314, -0.21497246099862188]",0.4496216738650631
501,52,32,0.1507257832654254,22,5,0.0,0.0,0.0,False,29,22,,,,,
501,52,32,0.1507257832654254,22,6,0.0,0.0,0.0,False,27,22,,,,,
501,52,32,0.1507257832654254,22,7,0.0,0.0,0.0,False,24,22,,,,,
501,52,32,0.1507257832654254,22,8,0.0,0.0,0.0,False,24,22,,,,,
501,52,32,0.1507257832654254,22,9,0.0,0.0,0.0,False,23,22,,,,,
501,52,32,0.1507257832654254,22,10,0.0,0.0,0.0,False,18,22,,,,,
501,52,32,0.1507257832654254,22,11,0.0,0.0,0.0,False,17,22,,,,,
501,52,32,0.1507257832654254,22,12,0.0,0.0,0.0,False,17,22,,,,,
501,52,32,0.1507257832654254,22,13,0.0,0.0,0.0,False,16,22,,,,,
501,52,39,0.14014652572089187,29,0,0.0,0.0,0.0,False,43,29,,,,,
501,52,39,0.14014652572089187,29,1,0.0,0.0,0.0,False,40,29,,,,,
501,52,39,0.14014652572089187,29,2,0.0,0.0,0.0,False,40,29,,,,,
501,52,39,0.14014652572089187,29,3,0.0,0.0,0.0,False,32,29,,,,,
501,52,39,0.14014652572089187,29,4,0.0,0.0,0.0,False,31,29,,,,,
501,52,39,0.14014652572089187,29,5,1.0,1.0,1.0,True,29,29,0.8455048014332022,0.9382019205732809,0.08140458497016352,"[-0.19310344827586157, -0.009655172413793878]",0.1933446769124209
501,52,39,0.14014652572089187,29,6,0.0,0.0,0.0,False,27,29,,,,,
501,52,39,0.14014652572089187,29,7,0.0,0.0,0.0,False,24,29,,,,,
501,52,39,0.14014652572089187,29,8,0.0,0.0,0.0,False,24,29,,,,,
501,52,39,0.14014652572089187,29,9,0.0,0.0,0.0,False,23,29,,,,,
501,52,39,0.14014652572089187,29,10,0.0,0.0,0.0,False,18,29,,,,,
501,52,39,0.14014652572089187,29,11,0.0,0.0,0.0,False,17,29,,,,,
501,52,39,0.14014652572089187,29,12,0.0,0.0,0.0,False,17,29,,,,,
501,52,39,0.14014652572089187,29,13,0.0,0.0,0.0,False,16,29,,,,,
501,52,34,0.13436725212947614,22,0,0.0,0.0,0.0,False,43,22,,,,,
501,52,34,0.13436725212947614,22,1,0.0,0.0,0.0,False,40,22,,,,,
501,52,34,0.13436725212947614,22,2,0.0,0.0,0.0,False,40,22,,,,,
501,52,34,0.13436725212947614,22,3,0.0,0.0,0.0,False,32,22,,,,,
501,52,34,0.13436725212947614,22,4,1.0,0.7096774193548387,0.8301886792452831,True,31,22,0.632375253983143,0.7510633091404271,0.19370401249929464,"[-0.3949006085351314, -0.21497246099862188]",0.4496216738650631
501,52,34,0.13436725212947614,22,5,0.0,0.0,0.0,False,29,22,,,,,
501,52,34,0.13436725212947614,22,6,0.0,0.0,0.0,False,27,22,,,,,
501,52,34,0.13436725212947614,22,7,0.0,0.0,0.0,False,24,22,,,,,
501,52,34,0.13436725212947614,22,8,0.0,0.0,0.0,False,24,22,,,,,
501,52,34,0.13436725212947614,22,9,0.0,0.0,0.0,False,23,22,,,,,
501,52,34,0.13436725212947614,22,10,0.0,0.0,0.0,False,18,22,,,,,
501,52,34,0.13436725212947614,22,11,0.0,0.0,0.0,False,17,22,,,,,
501,52,34,0.13436725212947614,22,12,0.0,0.0,0.0,False,17,22,,,,,
501,52,34,0.13436725212947614,22,13,0.0,0.0,0.0,False,16,22,,,,,
501,52,44,0.12696205642210345,32,0,0.0,0.0,0.0,False,43,32,,,,,
501,52,44,0.12696205642210345,32,1,0.0,0.0,0.0,False,40,32,,,,,
501,52,44,0.12696205642210345,32,2,0.0,0.0,0.0,False,40,32,,,,,
501,52,44,0.12696205642210345,32,3,0.0,0.0,0.0,False,32,32,,,,,
501,52,44,0.12696205642210345,32,4,0.0,0.0,0.0,False,31,32,,,,,
501,52,44,0.12696205642210345,32,5,0.0,0.0,0.0,False,29,32,,,,,
501,52,44,0.12696205642210345,32,6,0.0,0.0,0.0,False,27,32,,,,,
501,52,44,0.12696205642210345,32,7,0.4375,0.5833333333333334,0.5,True,24,32,0.3371732734740287,0.43486930938961144,0.3492479706846666,"[0.2891016857571387, -23.88347401391371]",23.885223690767457
501,52,44,0.12696205642210345,32,8,0.0,0.0,0.0,False,24,32,,,,,
501,52,44,0.12696205642210345,32,9,0.0,0.0,0.0,False,23,32,,,,,
501,52,44,0.12696205642210345,32,10,0.5625,1.0,0.72,True,18,32,0.5748191618138317,0.6619276647255328,0.22403071416388717,"[-0.5697597055306183, -0.15853472789902057]",0.5914045840170276
501,52,44,0.12696205642210345,32,11,0.0,0.0,0.0,False,17,32,,,,,
501,52,44,0.12696205642210345,32,12,0.0,0.0,0.0,False,17,32,,,,,
501,52,44,0.12696205642210345,32,13,0.0,0.0,0.0,False,16,32,,,,,
501,53,35,0.24571096212252183,29,0,0.0,0.0,0.0,False,40,29,,,,,
501,53,35,0.24571096212252183,29,1,0.0,0.0,0.0,False,40,29,,,,,
501,53,35,0.24571096212252183,29,2,0.0,0.0,0.0,False,37,29,,,,,
501,53,35,0.24571096212252183,29,3,1.0,1.0,1.0,True,29,29,0.897245399280159,0.9588981597120636,0.05414210734683085,"[-0.19310344827586157, -0.048275862068965836]",0.19904647847809354
501,53,35,0.24571096212252183,29,4,0.0,0.0,0.0,False,25,29,,,,,
501,53,35,0.24571096212252183,29,5,0.0,0.0,0.0,False,24,29,,,,,
501,53,35,0.24571096212252183,29,6,0.0,0.0,0.0,False,23,29,,,,,
501,53,35,0.24571096212252183,29,7,0.0,0.0,0.0,False,22,29,,,,,
501,53,35,0.24571096212252183,29,8,0.0,0.0,0.0,False,21,29,,,,,
501,53,35,0.24571096212252183,29,9,0.0,0.0,0.0,False,19,29,,,,,
501,53,35,0.24571096212252183,29,10,0.0,0.0,0.0,False,18,29,,,,,
501,53,35,0.24571096212252183,29,11,0.0,0.0,0.0,False,18,29,,,,,
501,53,35,0.24571096212252183,29,12,0.0,0.0,0.0,False,18,29,,,,,
501,53,35,0.24571096212252183,29,13,0.0,0.0,0.0,False,15,29,,,,,
501,53,35,0.24571096212252183,29,14,0.0,0.0,0.0,False,14,29,,,,,
501,53,35,0.24571096212252183,29,15,0.0,0.0,0.0,False,14,29,,,,,
501,53,37,0.21904352449343936,29,0,0.0,0.0,0.0,False,40,29,,,,,
501,53,37,0.21904352449343936,29,1,0.0,0.0,0.0,False,40,29,,,,,
501,53,37,0.21904352449343936,29,2,0.0,0.0,0.0,False,37,29,,,,,
501,53,37,0.21904352449343936,29,3,1.0,1.0,1.0,True,29,29,0.897245399280159,0.9588981597120636,0.05414210734683085,"[-0.19310344827586157, -0.048275862068965836]",0.19904647847809354
501,53,37,0.21904352449343936,29,4,0.0,0.0,0.0,False,25,29,,,,,
501,53,37,0.21904352449343936,29,5,0.0,0.0,0.0,False,24,29,,,,,
501,53,37,0.21904352449343936,29,6,0.0,0.0,0.0,False,23,29,,,,,
501,53,37,0.21904352449343936,29,7,0.0,0.0,0.0,False,22,29,,,,,
501,53,37,0.21904352449343936,29,8,0.0,0.0,0.0,False,21,29,,,,,
501,53,37,0.21904352449343936,29,9,0.0,0.0,0.0,False,19,29,,,,,
501,53,37,0.21904352449343936,29,10,0.0,0.0,0.0,False,18,29,,,,,
501,53,37,0.21904352449343936,29,11,0.0,0.0,0.0,False,18,29,,,,,
501,53,37,0.21904352449343936,29,12,0.0,0.0,0.0,False,18,29,,,,,
501,53,37,0.21904352449343936,29,13,0.0,0.0,0.0,False,15,29,,,,,
501,53,37,0.21904352449343936,29,14,0.0,0.0,0.0,False,14,29,,,,,
501,53,37,0.21904352449343936,29,15,0.0,0.0,0.0,False,14,29,,,,,
501,53,32,0.1564330885613231,31,0,0.0,0.0,0.0,False,40,31,,,,,
501,53,32,0.1564330885613231,31,1,0.0,0.0,0.0,False,40,31,,,,,
501,53,32,0.1564330885613231,31,2,0.0,0.0,0.0,False,37,31,,,,,
501,53,32,0.1564330885613231,31,3,0.0,0.0,0.0,False,29,31,,,,,
501,53,32,0.1564330885613231,31,4,0.0,0.0,0.0,False,25,31,,,,,
501,53,32,0.1564330885613231,31,5,0.0,0.0,0.0,False,24,31,,,,,
501,53,32,0.1564330885613231,31,6,0.0,0.0,0.0,False,23,31,,,,,
501,53,32,0.1564330885613231,31,7,0.7096774193548387,1.0,0.8301886792452831,True,22,31,0.6408277133632692,0.7544442928924775,0.1892503533940323,"[0.0767187903533113, -0.14502753900137755]",0.16406937514987804
501,53,32,0.1564330885613231,31,8,0.0,0.0,0.0,False,21,31,,,,,
501,53,32,0.1564330885613231,31,9,0.0,0.0,0.0,False,19,31,,,,,
501,53,32,0.1564330885613231,31,10,0.0,0.0,0.0,False,18,31,,,,,
501,53,32,0.1564330885613231,31,11,0.0,0.0,0.0,False,18,31,,,,,
501,53,32,0.1564330885613231,31,12,0.0,0.0,0.0,False,18,31,,,,,
501,53,32,0.1564330885613231,31,13,0.0,0.0,0.0,False,15,31,,,,,
501,53,32,0.1564330885613231,31,14,0.0,0.0,0.0,False,14,31,,,,,
501,53,32,0.1564330885613231,31,15,0.0,0.0,0.0,False,14,31,,,,,
501,53,39,0.14545324227011008,29,0,0.0,0.0,0.0,False,40,29,,,,,
501,53,39,0.14545324227011008,29,1,0.0,0.0,0.0,False,40,29,,,,,
501,53,39,0.14545324227011008,29,2,0.0,0.0,0.0,False,37,29,,,,,
501,53,39,0.14545324227011008,29,3,1.0,1.0,1.0,True,29,29,0.897245399280159,0.9588981597120636,0.05414210734683085,"[-0.19310344827586157, -0.048275862068965836]",0.19904647847809354
501,53,39,0.14545324227011008,29,4,0.0,0.0,0.0,False,25,29,,,,,
501,53,39,0.14545324227011008,29,5,0.0,0.0,0.0,False,24,29,,,,,
501,53,39,0.14545324227011008,29,6,0.0,0.0,0.0,False,23,29,,,,,
501,53,39,0.14545324227011008,29,7,0.0,0.0,0.0,False,22,29,,,,,
501,53,39,0.14545324227011008,29,8,0.0,0.0,0.0,False,21,29,,,,,
501,53,39,0.14545324227011008,29,9,0.0,0.0,0.0,False,19,29,,,,,
501,53,39,0.14545324227011008,29,10,0.0,0.0,0.0,False,18,29,,,,,
501,53,39,0.14545324227011008,29,11,0.0,0.0,0.0,False,18,29,,,,,
501,53,39,0.14545324227011008,29,12,0.0,0.0,0.0,False,18,29,,,,,
501,53,39,0.14545324227011008,29,13,0.0,0.0,0.0,False,15,29,,,,,
501,53,39,0.14545324227011008,29,14,0.0,0.0,0.0,False,14,29,,,,,
501,53,39,0.14545324227011008,29,15,0.0,0.0,0.0,False,14,29,,,,,
501,53,34,0.13945513366546608,31,0,0.0,0.0,0.0,False,40,31,,,,,
501,53,34,0.13945513366546608,31,1,0.0,0.0,0.0,False,40,31,,,,,
501,53,34,0.13945513366546608,31,2,0.0,0.0,0.0,False,37,31,,,,,
501,53,34,0.13945513366546608,31,3,0.0,0.0,0.0,False,29,31,,,,,
501,53,34,0.13945513366546608,31,4,0.0,0.0,0.0,False,25,31,,,,,
501,53,34,0.13945513366546608,31,5,0.0,0.0,0.0,False,24,31,,,,,
501,53,34,0.13945513366546608,31,6,0.0,0.0,0.0,False,23,31,,,,,
501,53,34,0.13945513366546608,31,7,0.7096774193548387,1.0,0.8301886792452831,True,22,31,0.6408277133632692,0.7544442928924775,0.1892503533940323,"[0.0767187903533113, -0.14502753900137755]",0.16406937514987804
501,53,34,0.13945513366546608,31,8,0.0,0.0,0.0,False,21,31,,,,,
501,53,34,0.13945513366546608,31,9,0.0,0.0,0.0,False,19,31,,,,,
501,53,34,0.13945513366546608,31,10,0.0,0.0,0.0,False,18,31,,,,,
501,53,34,0.13945513366546608,31,11,0.0,0.0,0.0,False,18,31,,,,,
501,53,34,0.13945513366546608,31,12,0.0,0.0,0.0,False,18,31,,,,,
501,53,34,0.13945513366546608,31,13,0.0,0.0,0.0,False,15,31,,,,,
501,53,34,0.13945513366546608,31,14,0.0,0.0,0.0,False,14,31,,,,,
501,53,34,0.13945513366546608,31,15,0.0,0.0,0.0,False,14,31,,,,,
501,53,46,0.09390404888713953,18,0,0.0,0.0,0.0,False,40,18,,,,,
501,53,46,0.09390404888713953,18,1,0.0,0.0,0.0,False,40,18,,,,,
501,53,46,0.09390404888713953,18,2,0.0,0.0,0.0,False,37,18,,,,,
501,53,46,0.09390404888713953,18,3,0.0,0.0,0.0,False,29,18,,,,,
501,53,46,0.09390404888713953,18,4,0.0,0.0,0.0,False,25,18,,,,,
501,53,46,0.09390404888713953,18,5,0.0,0.0,0.0,False,24,18,,,,,
501,53,46,0.09390404888713953,18,6,0.0,0.0,0.0,False,23,18,,,,,
501,53,46,0.09390404888713953,18,7,0.0,0.0,0.0,False,22,18,,,,,
501,53,46,0.09390404888713953,18,8,0.0,0.0,0.0,False,21,18,,,,,
501,53,46,0.09390404888713953,18,9,0.0,0.0,0.0,False,19,18,,,,,
501,53,46,0.09390404888713953,18,10,1.0,1.0,1.0,True,18,18,0.9999999999999997,0.9999999999999999,1.4668735213320693e-16,"[-0.27999999999999936, 0.0]",0.27999999999999936
501,53,46,0.09390404888713953,18,11,0.0,0.0,0.0,False,18,18,,,,,
501,53,46,0.09390404888713953,18,12,0.0,0.0,0.0,False,18,18,,,,,
501,53,46,0.09390404888713953,18,13,0.0,0.0,0.0,False,15,18,,,,,
501,53,46,0.09390404888713953,18,14,0.0,0.0,0.0,False,14,18,,,,,
501,53,46,0.09390404888713953,18,15,0.0,0.0,0.0,False,14,18,,,,,
501,54,35,0.24571096212252183,29,0,0.0,0.0,0.0,False,44,29,,,,,
501,54,35,0.24571096212252183,29,1,0.0,0.0,0.0,False,41,29,,,,,
501,54,35,0.24571096212252183,29,2,0.0,0.0,0.0,False,38,29,,,,,
501,54,35,0.24571096212252183,29,3,0.0,0.0,0.0,False,31,29,,,,,
501,54,35,0.24571096212252183,29,4,1.0,1.0,1.0,True,29,29,0.9051314755520147,0.9620525902208059,0.04998687940506474,"[-0.19310344827586157, -0.048275862068965836]",0.19904647847809354
501,54,35,0.24571096212252183,29,5,0.0,0.0,0.0,False,25,29,,,,,
501,54,35,0.24571096212252183,29,6,0.0,0.0,0.0,False,24,29,,,,,
501,54,35,0.24571096212252183,29,7,0.0,0.0,0.0,False,23,29,,,,,
501,54,35,0.24571096212252183,29,8,0.0,0.0,0.0,False,20,29,,,,,
501,54,35,0.24571096212252183,29,9,0.0,0.0,0.0,False,19,29,,,,,
501,54,35,0.24571096212252183,29,10,0.0,0.0,0.0,False,18,29,,,,,
501,54,35,0.24571096212252183,29,11,0.0,0.0,0.0,False,18,29,,,,,
501,54,35,0.24571096212252183,29,12,0.0,0.0,0.0,False,18,29,,,,,
501,54,35,0.24571096212252183,29,13,0.0,0.0,0.0,False,15,29,,,,,
501,54,35,0.24571096212252183,29,14,0.0,0.0,0.0,False,14,29,,,,,
501,54,37,0.21904352449343936,29,0,0.0,0.0,0.0,False,44,29,,,,,
501,54,37,0.21904352449343936,29,1,0.0,0.0,0.0,False,41,29,,,,,
501,54,37,0.21904352449343936,29,2,0.0,0.0,0.0,False,38,29,,,,,
501,54,37,0.21904352449343936,29,3,0.0,0.0,0.0,False,31,29,,,,,
501,54,37,0.21904352449343936,29,4,1.0,1.0,1.0,True,29,29,0.9051314755520147,0.9620525902208059,0.04998687940506474,"[-0.19310344827586157, -0.048275862068965836]",0.19904647847809354
501,54,37,0.21904352449343936,29,5,0.0,0.0,0.0,False,25,29,,,,,
501,54,37,0.21904352449343936,29,6,0.0,0.0,0.0,False,24,29,,,,,
501,54,37,0.21904352449343936,29,7,0.0,0.0,0.0,False,23,29,,,,,
501,54,37,0.21904352449343936,29,8,0.0,0.0,0.0,False,20,29,,,,,
501,54,37,0.21904352449343936,29,9,0.0,0.0,0.0,False,19,29,,,,,
501,54,37,0.21904352449343936,29,10,0.0,0.0,0.0,False,18,29,,,,,
501,54,37,0.21904352449343936,29,11,0.0,0.0,0.0,False,18,29,,,,,
501,54,37,0.21904352449343936,29,12,0.0,0.0,0.0,False,18,29,,,,,
501,54,37,0.21904352449343936,29,13,0.0,0.0,0.0,False,15,29,,,,,
501,54,37,0.21904352449343936,29,14,0.0,0.0,0.0,False,14,29,,,,,
501,54,32,0.1564330885613231,22,0,0.0,0.0,0.0,False,44,22,,,,,
501,54,32,0.1564330885613231,22,1,0.0,0.0,0.0,False,41,22,,,,,
501,54,32,0.1564330885613231,22,2,0.0,0.0,0.0,False,38,22,,,,,
501,54,32,0.1564330885613231,22,3,1.0,0.7096774193548387,0.8301886792452831,True,31,22,0.6437074194668166,0.7555961753338964,0.1877330163999381,"[-0.34768653228879565, 0.14502753900137755]",0.3767212653989735
501,54,32,0.1564330885613231,22,4,0.0,0.0,0.0,False,29,22,,,,,
501,54,32,0.1564330885613231,22,5,0.0,0.0,0.0,False,25,22,,,,,
501,54,32,0.1564330885613231,22,6,0.0,0.0,0.0,False,24,22,,,,,
501,54,32,0.1564330885613231,22,7,0.0,0.0,0.0,False,23,22,,,,,
501,54,32,0.1564330885613231,22,8,0.0,0.0,0.0,False,20,22,,,,,
501,54,32,0.1564330885613231,22,9,0.0,0.0,0.0,False,19,22,,,,,
501,54,32,0.1564330885613231,22,10,0.0,0.0,0.0,False,18,22,,,,,
501,54,32,0.1564330885613231,22,11,0.0,0.0,0.0,False,18,22,,,,,
501,54,32,0.1564330885613231,22,12,0.0,0.0,0.0,False,18,22,,,,,
501,54,32,0.1564330885613231,22,13,0.0,0.0,0.0,False,15,22,,,,,
501,54,32,0.1564330885613231,22,14,0.0,0.0,0.0,False,14,22,,,,,
501,54,39,0.14545324227011008,29,0,0.0,0.0,0.0,False,44,29,,,,,
501,54,39,0.14545324227011008,29,1,0.0,0.0,0.0,False,41,29,,,,,
501,54,39,0.14545324227011008,29,2,0.0,0.0,0.0,False,38,29,,,,,
501,54,39,0.14545324227011008,29,3,0.0,0.0,0.0,False,31,29,,,,,
501,54,39,0.14545324227011008,29,4,1.0,1.0,1.0,True,29,29,0.9051314755520147,0.9620525902208059,0.04998687940506474,"[-0.19310344827586157, -0.048275862068965836]",0.19904647847809354
501,54,39,0.14545324227011008,29,5,0.0,0.0,0.0,False,25,29,,,,,
501,54,39,0.14545324227011008,29,6,0.0,0.0,0.0,False,24,29,,,,,
501,54,39,0.14545324227011008,29,7,0.0,0.0,0.0,False,23,29,,,,,
501,54,39,0.14545324227011008,29,8,0.0,0.0,0.0,False,20,29,,,,,
501,54,39,0.14545324227011008,29,9,0.0,0.0,0.0,False,19,29,,,,,
501,54,39,0.14545324227011008,29,10,0.0,0.0,0.0,False,18,29,,,,,
501,54,39,0.14545324227011008,29,11,0.0,0.0,0.0,False,18,29,,,,,
501,54,39,0.14545324227011008,29,12,0.0,0.0,0.0,False,18,29,,,,,
501,54,39,0.14545324227011008,29,13,0.0,0.0,0.0,False,15,29,,,,,
501,54,39,0.14545324227011008,29,14,0.0,0.0,0.0,False,14,29,,,,,
501,54,34,0.13945513366546608,22,0,0.0,0.0,0.0,False,44,22,,,,,
501,54,34,0.13945513366546608,22,1,0.0,0.0,0.0,False,41,22,,,,,
501,54,34,0.13945513366546608,22,2,0.0,0.0,0.0,False,38,22,,,,,
501,54,34,0.13945513366546608,22,3,1.0,0.7096774193548387,0.8301886792452831,True,31,22,0.6437074194668166,0.7555961753338964,0.1877330163999381,"[-0.34768653228879565, 0.14502753900137755]",0.3767212653989735
501,54,34,0.13945513366546608,22,4,0.0,0.0,0.0,False,29,22,,,,,
501,54,34,0.13945513366546608,22,5,0.0,0.0,0.0,False,25,22,,,,,
501,54,34,0.13945513366546608,22,6,0.0,0.0,0.0,False,24,22,,,,,
501,54,34,0.13945513366546608,22,7,0.0,0.0,0.0,False,23,22,,,,,
501,54,34,0.13945513366546608,22,8,0.0,0.0,0.0,False,20,22,,,,,
501,54,34,0.13945513366546608,22,9,0.0,0.0,0.0,False,19,22,,,,,
501,54,34,0.13945513366546608,22,10,0.0,0.0,0.0,False,18,22,,,,,
501,54,34,0.13945513366546608,22,11,0.0,0.0,0.0,False,18,22,,,,,
501,54,34,0.13945513366546608,22,12,0.0,0.0,0.0,False,18,22,,,,,
501,54,34,0.13945513366546608,22,13,0.0,0.0,0.0,False,15,22,,,,,
501,54,34,0.13945513366546608,22,14,0.0,0.0,0.0,False,14,22,,,,,
501,54,46,0.09390404888713953,18,0,0.0,0.0,0.0,False,44,18,,,,,
501,54,46,0.09390404888713953,18,1,0.0,0.0,0.0,False,41,18,,,,,
501,54,46,0.09390404888713953,18,2,0.0,0.0,0.0,False,38,18,,,,,
501,54,46,0.09390404888713953,18,3,0.0,0.0,0.0,False,31,18,,,,,
501,54,46,0.09390404888713953,18,4,0.0,0.0,0.0,False,29,18,,,,,
501,54,46,0.09390404888713953,18,5,0.0,0.0,0.0,False,25,18,,,,,
501,54,46,0.09390404888713953,18,6,0.0,0.0,0.0,False,24,18,,,,,
501,54,46,0.09390404888713953,18,7,0.0,0.0,0.0,False,23,18,,,,,
501,54,46,0.09390404888713953,18,8,0.0,0.0,0.0,False,20,18,,,,,
501,54,46,0.09390404888713953,18,9,0.0,0.0,0.0,False,19,18,,,,,
501,54,46,0.09390404888713953,18,10,0.0,0.0,0.0,False,18,18,,,,,
501,54,46,0.09390404888713953,18,11,1.0,1.0,1.0,True,18,18,0.8792335666270771,0.9516934266508308,0.06363266611679955,"[-0.2488888888888905, 0.0]",0.2488888888888905
501,54,46,0.09390404888713953,18,12,0.0,0.0,0.0,False,18,18,,,,,
501,54,46,0.09390404888713953,18,13,0.0,0.0,0.0,False,15,18,,,,,
501,54,46,0.09390404888713953,18,14,0.0,0.0,0.0,False,14,18,,,,,
501,55,35,0.24571096212252183,29,0,0.0,0.0,0.0,False,40,29,,,,,
501,55,35,0.24571096212252183,29,1,0.0,0.0,0.0,False,39,29,,,,,
501,55,35,0.24571096212252183,29,2,0.0,0.0,0.0,False,38,29,,,,,
501,55,35,0.24571096212252183,29,3,0.0,0.0,0.0,False,33,29,,,,,
501,55,35,0.24571096212252183,29,4,0.0,0.0,0.0,False,31,29,,,,,
501,55,35,0.24571096212252183,29,5,1.0,1.0,1.0,True,29,29,0.9232148949993313,0.9692859579997325,0.04045860105980782,"[-0.1737931034482756, -0.028965517241381633]",0.17619036294656923
501,55,35,0.24571096212252183,29,6,0.0,0.0,0.0,False,24,29,,,,,
501,55,35,0.24571096212252183,29,7,0.0,0.0,0.0,False,23,29,,,,,
501,55,35,0.24571096212252183,29,8,0.0,0.0,0.0,False,22,29,,,,,
501,55,35,0.24571096212252183,29,9,0.0,0.0,0.0,False,18,29,,,,,
501,55,35,0.24571096212252183,29,10,0.0,0.0,0.0,False,18,29,,,,,
501,55,35,0.24571096212252183,29,11,0.0,0.0,0.0,False,18,29,,,,,
501,55,35,0.24571096212252183,29,12,0.0,0.0,0.0,False,15,29,,,,,
501,55,35,0.24571096212252183,29,13,0.0,0.0,0.0,False,15,29,,,,,
501,55,35,0.24571096212252183,29,14,0.0,0.0,0.0,False,14,29,,,,,
501,55,37,0.21904352449343936,29,0,0.0,0.0,0.0,False,40,29,,,,,
501,55,37,0.21904352449343936,29,1,0.0,0.0,0.0,False,39,29,,,,,
501,55,37,0.21904352449343936,29,2,0.0,0.0,0.0,False,38,29,,,,,
501,55,37,0.21904352449343936,29,3,0.0,0.0,0.0,False,33,29,,,,,
501,55,37,0.21904352449343936,29,4,0.0,0.0,0.0,False,31,29,,,,,
501,55,37,0.21904352449343936,29,5,1.0,1.0,1.0,True,29,29,0.9232148949993313,0.9692859579997325,0.04045860105980782,"[-0.1737931034482756, -0.028965517241381633]",0.17619036294656923
501,55,37,0.21904352449343936,29,6,0.0,0.0,0.0,False,24,29,,,,,
501,55,37,0.21904352449343936,29,7,0.0,0.0,0.0,False,23,29,,,,,
501,55,37,0.21904352449343936,29,8,0.0,0.0,0.0,False,22,29,,,,,
501,55,37,0.21904352449343936,29,9,0.0,0.0,0.0,False,18,29,,,,,
501,55,37,0.21904352449343936,29,10,0.0,0.0,0.0,False,18,29,,,,,
501,55,37,0.21904352449343936,29,11,0.0,0.0,0.0,False,18,29,,,,,
501,55,37,0.21904352449343936,29,12,0.0,0.0,0.0,False,15,29,,,,,
501,55,37,0.21904352449343936,29,13,0.0,0.0,0.0,False,15,29,,,,,
501,55,37,0.21904352449343936,29,14,0.0,0.0,0.0,False,14,29,,,,,
501,55,32,0.1564330885613231,31,0,0.0,0.0,0.0,False,40,31,,,,,
501,55,32,0.1564330885613231,31,1,0.0,0.0,0.0,False,39,31,,,,,
501,55,32,0.1564330885613231,31,2,0.0,0.0,0.0,False,38,31,,,,,
501,55,32,0.1564330885613231,31,3,0.0,0.0,0.0,False,33,31,,,,,
501,55,32,0.1564330885613231,31,4,0.0,0.0,0.0,False,31,31,,,,,
501,55,32,0.1564330885613231,31,5,0.0,0.0,0.0,False,29,31,,,,,
501,55,32,0.1564330885613231,31,6,0.0,0.0,0.0,False,24,31,,,,,
501,55,32,0.1564330885613231,31,7,0.0,0.0,0.0,False,23,31,,,,,
501,55,32,0.1564330885613231,31,8,0.7096774193548387,1.0,0.8301886792452831,True,22,31,0.6676745038007148,0.7651830090674557,0.17510459447327004,"[-0.008677104074839903, -0.09411844809228676]",0.09451758781531656
501,55,32,0.1564330885613231,31,9,0.0,0.0,0.0,False,18,31,,,,,
501,55,32,0.1564330885613231,31,10,0.0,0.0,0.0,False,18,31,,,,,
501,55,32,0.1564330885613231,31,11,0.0,0.0,0.0,False,18,31,,,,,
501,55,32,0.1564330885613231,31,12,0.0,0.0,0.0,False,15,31,,,,,
501,55,32,0.1564330885613231,31,13,0.0,0.0,0.0,False,15,31,,,,,
501,55,32,0.1564330885613231,31,14,0.0,0.0,0.0,False,14,31,,,,,
501,55,39,0.14545324227011008,29,0,0.0,0.0,0.0,False,40,29,,,,,
501,55,39,0.14545324227011008,29,1,0.0,0.0,0.0,False,39,29,,,,,
501,55,39,0.14545324227011008,29,2,0.0,0.0,0.0,False,38,29,,,,,
501,55,39,0.14545324227011008,29,3,0.0,0.0,0.0,False,33,29,,,,,
501,55,39,0.14545324227011008,29,4,0.0,0.0,0.0,False,31,29,,,,,
501,55,39,0.14545324227011008,29,5,1.0,1.0,1.0,True,29,29,0.9232148949993313,0.9692859579997325,0.04045860105980782,"[-0.1737931034482756, -0.028965517241381633]",0.17619036294656923
501,55,39,0.14545324227011008,29,6,0.0,0.0,0.0,False,24,29,,,,,
501,55,39,0.14545324227011008,29,7,0.0,0.0,0.0,False,23,29,,,,,
501,55,39,0.14545324227011008,29,8,0.0,0.0,0.0,False,22,29,,,,,
501,55,39,0.14545324227011008,29,9,0.0,0.0,0.0,False,18,29,,,,,
501,55,39,0.14545324227011008,29,10,0.0,0.0,0.0,False,18,29,,,,,
501,55,39,0.14545324227011008,29,11,0.0,0.0,0.0,False,18,29,,,,,
501,55,39,0.14545324227011008,29,12,0.0,0.0,0.0,False,15,29,,,,,
501,55,39,0.14545324227011008,29,13,0.0,0.0,0.0,False,15,29,,,,,
501,55,39,0.14545324227011008,29,14,0.0,0.0,0.0,False,14,29,,,,,
501,55,34,0.13945513366546608,31,0,0.0,0.0,0.0,False,40,31,,,,,
501,55,34,0.13945513366546608,31,1,0.0,0.0,0.0,False,39,31,,,,,
501,55,34,0.13945513366546608,31,2,0.0,0.0,0.0,False,38,31,,,,,
501,55,34,0.13945513366546608,31,3,0.0,0.0,0.0,False,33,31,,,,,
501,55,34,0.13945513366546608,31,4,0.0,0.0,0.0,False,31,31,,,,,
501,55,34,0.13945513366546608,31,5,0.0,0.0,0.0,False,29,31,,,,,
501,55,34,0.13945513366546608,31,6,0.0,0.0,0.0,False,24,31,,,,,
501,55,34,0.13945513366546608,31,7,0.0,0.0,0.0,False,23,31,,,,,
501,55,34,0.13945513366546608,31,8,0.7096774193548387,1.0,0.8301886792452831,True,22,31,0.6676745038007148,0.7651830090674557,0.17510459447327004,"[-0.008677104074839903, -0.09411844809228676]",0.09451758781531656
501,55,34,0.13945513366546608,31,9,0.0,0.0,0.0,False,18,31,,,,,
501,55,34,0.13945513366546608,31,10,0.0,0.0,0.0,False,18,31,,,,,
501,55,34,0.13945513366546608,31,11,0.0,0.0,0.0,False,18,31,,,,,
501,55,34,0.13945513366546608,31,12,0.0,0.0,0.0,False,15,31,,,,,
501,55,34,0.13945513366546608,31,13,0.0,0.0,0.0,False,15,31,,,,,
501,55,34,0.13945513366546608,31,14,0.0,0.0,0.0,False,14,31,,,,,
501,55,46,0.09390404888713953,18,0,0.0,0.0,0.0,False,40,18,,,,,
501,55,46,0.09390404888713953,18,1,0.0,0.0,0.0,False,39,18,,,,,
501,55,46,0.09390404888713953,18,2,0.0,0.0,0.0,False,38,18,,,,,
501,55,46,0.09390404888713953,18,3,0.0,0.0,0.0,False,33,18,,,,,
501,55,46,0.09390404888713953,18,4,0.0,0.0,0.0,False,31,18,,,,,
501,55,46,0.09390404888713953,18,5,0.0,0.0,0.0,False,29,18,,,,,
501,55,46,0.09390404888713953,18,6,0.0,0.0,0.0,False,24,18,,,,,
501,55,46,0.09390404888713953,18,7,0.0,0.0,0.0,False,23,18,,,,,
501,55,46,0.09390404888713953,18,8,0.0,0.0,0.0,False,22,18,,,,,
501,55,46,0.09390404888713953,18,9,0.0,0.0,0.0,False,18,18,,,,,
501,55,46,0.09390404888713953,18,10,1.0,1.0,1.0,True,18,18,0.8738215195812602,0.949528607832504,0.066484311007325,"[-0.2333333333333325, -0.015555555555554434]",0.233851276996911
501,55,46,0.09390404888713953,18,11,0.0,0.0,0.0,False,18,18,,,,,
501,55,46,0.09390404888713953,18,12,0.0,0.0,0.0,False,15,18,,,,,
501,55,46,0.09390404888713953,18,13,0.0,0.0,0.0,False,15,18,,,,,
501,55,46,0.09390404888713953,18,14,0.0,0.0,0.0,False,14,18,,,,,
501,56,35,0.24571096212252183,29,0,0.0,0.0,0.0,False,42,29,,,,,
501,56,35,0.24571096212252183,29,1,0.0,0.0,0.0,False,41,29,,,,,
501,56,35,0.24571096212252183,29,2,0.0,0.0,0.0,False,37,29,,,,,
501,56,35,0.24571096212252183,29,3,1.0,1.0,1.0,True,29,29,0.8894521228657528,0.9557808491463011,0.05824843840409156,"[-0.19310344827586157, -0.009655172413790325]",0.19334467691242074
501,56,35,0.24571096212252183,29,4,0.0,0.0,0.0,False,28,29,,,,,
501,56,35,0.24571096212252183,29,5,0.0,0.0,0.0,False,27,29,,,,,
501,56,35,0.24571096212252183,29,6,0.0,0.0,0.0,False,27,29,,,,,
501,56,35,0.24571096212252183,29,7,0.0,0.0,0.0,False,24,29,,,,,
501,56,35,0.24571096212252183,29,8,0.0,0.0,0.0,False,24,29,,,,,
501,56,35,0.24571096212252183,29,9,0.0,0.0,0.0,False,19,29,,,,,
501,56,35,0.24571096212252183,29,10,0.0,0.0,0.0,False,18,29,,,,,
501,56,35,0.24571096212252183,29,11,0.0,0.0,0.0,False,18,29,,,,,
501,56,35,0.24571096212252183,29,12,0.0,0.0,0.0,False,15,29,,,,,
501,56,35,0.24571096212252183,29,13,0.0,0.0,0.0,False,14,29,,,,,
501,56,35,0.24571096212252183,29,14,0.0,0.0,0.0,False,13,29,,,,,
501,56,35,0.24571096212252183,29,15,0.0,0.0,0.0,False,13,29,,,,,
501,56,37,0.21904352449343936,29,0,0.0,0.0,0.0,False,42,29,,,,,
501,56,37,0.21904352449343936,29,1,0.0,0.0,0.0,False,41,29,,,,,
501,56,37,0.21904352449343936,29,2,0.0,0.0,0.0,False,37,29,,,,,
501,56,37,0.21904352449343936,29,3,1.0,1.0,1.0,True,29,29,0.8894521228657528,0.9557808491463011,0.05824843840409156,"[-0.19310344827586157, -0.009655172413790325]",0.19334467691242074
501,56,37,0.21904352449343936,29,4,0.0,0.0,0.0,False,28,29,,,,,
501,56,37,0.21904352449343936,29,5,0.0,0.0,0.0,False,27,29,,,,,
501,56,37,0.21904352449343936,29,6,0.0,0.0,0.0,False,27,29,,,,,
501,56,37,0.21904352449343936,29,7,0.0,0.0,0.0,False,24,29,,,,,
501,56,37,0.21904352449343936,29,8,0.0,0.0,0.0,False,24,29,,,,,
501,56,37,0.21904352449343936,29,9,0.0,0.0,0.0,False,19,29,,,,,
501,56,37,0.21904352449343936,29,10,0.0,0.0,0.0,False,18,29,,,,,
501,56,37,0.21904352449343936,29,11,0.0,0.0,0.0,False,18,29,,,,,
501,56,37,0.21904352449343936,29,12,0.0,0.0,0.0,False,15,29,,,,,
501,56,37,0.21904352449343936,29,13,0.0,0.0,0.0,False,14,29,,,,,
501,56,37,0.21904352449343936,29,14,0.0,0.0,0.0,False,13,29,,,,,
501,56,37,0.21904352449343936,29,15,0.0,0.0,0.0,False,13,29,,,,,
501,56,32,0.1564330885613231,22,0,0.0,0.0,0.0,False,42,22,,,,,
501,56,32,0.1564330885613231,22,1,0.0,0.0,0.0,False,41,22,,,,,
501,56,32,0.1564330885613231,22,2,0.0,0.0,0.0,False,37,22,,,,,
501,56,32,0.1564330885613231,22,3,0.0,0.0,0.0,False,29,22,,,,,
501,56,32,0.1564330885613231,22,4,0.0,0.0,0.0,False,28,22,,,,,
501,56,32,0.1564330885613231,22,5,0.0,0.0,0.0,False,27,22,,,,,
501,56,32,0.1564330885613231,22,6,0.0,0.0,0.0,False,27,22,,,,,
501,56,32,0.1564330885613231,22,7,0.0,0.0,0.0,False,24,22,,,,,
501,56,32,0.1564330885613231,22,8,0.0,0.0,0.0,False,24,22,,,,,
501,56,32,0.1564330885613231,22,9,0.0,0.0,0.0,False,19,22,,,,,
501,56,32,0.1564330885613231,22,10,0.4090909090909091,0.5,0.45,True,18,22,0.262664931273756,0.3750659725095024,0.38850692973254736,"[-0.48523737656861776, -0.3044573343210182]",0.5728434166864927
501,56,32,0.1564330885613231,22,11,0.0,0.0,0.0,False,18,22,,,,,
501,56,32,0.1564330885613231,22,12,0.0,0.0,0.0,False,15,22,,,,,
501,56,32,0.1564330885613231,22,13,0.0,0.0,0.0,False,14,22,,,,,
501,56,32,0.1564330885613231,22,14,0.0,0.0,0.0,False,13,22,,,,,
501,56,32,0.1564330885613231,22,15,0.5909090909090909,1.0,0.7428571428571429,True,13,22,0.6528720430408449,0.7068631029306237,0.1829041130723762,"[-0.4305182304188335, 0.03060799297224648]",0.4316049072435958
501,56,39,0.14545324227011008,29,0,0.0,0.0,0.0,False,42,29,,,,,
501,56,39,0.14545324227011008,29,1,0.0,0.0,0.0,False,41,29,,,,,
501,56,39,0.14545324227011008,29,2,0.0,0.0,0.0,False,37,29,,,,,
501,56,39,0.14545324227011008,29,3,1.0,1.0,1.0,True,29,29,0.8894521228657528,0.9557808491463011,0.05824843840409156,"[-0.19310344827586157, -0.009655172413790325]",0.19334467691242074
501,56,39,0.14545324227011008,29,4,0.0,0.0,0.0,False,28,29,,,,,
501,56,39,0.14545324227011008,29,5,0.0,0.0,0.0,False,27,29,,,,,
501,56,39,0.14545324227011008,29,6,0.0,0.0,0.0,False,27,29,,,,,
501,56,39,0.14545324227011008,29,7,0.0,0.0,0.0,False,24,29,,,,,
501,56,39,0.14545324227011008,29,8,0.0,0.0,0.0,False,24,29,,,,,
501,56,39,0.14545324227011008,29,9,0.0,0.0,0.0,False,19,29,,,,,
501,56,39,0.14545324227011008,29,10,0.0,0.0,0.0,False,18,29,,,,,
501,56,39,0.14545324227011008,29,11,0.0,0.0,0.0,False,18,29,,,,,
501,56,39,0.14545324227011008,29,12,0.0,0.0,0.0,False,15,29,,,,,
501,56,39,0.14545324227011008,29,13,0.0,0.0,0.0,False,14,29,,,,,
501,56,39,0.14545324227011008,29,14,0.0,0.0,0.0,False,13,29,,,,,
501,56,39,0.14545324227011008,29,15,0.0,0.0,0.0,False,13,29,,,,,
501,56,34,0.13945513366546608,22,0,0.0,0.0,0.0,False,42,22,,,,,
501,56,34,0.13945513366546608,22,1,0.0,0.0,0.0,False,41,22,,,,,
501,56,34,0.13945513366546608,22,2,0.0,0.0,0.0,False,37,22,,,,,
501,56,34,0.13945513366546608,22,3,0.0,0.0,0.0,False,29,22,,,,,
501,56,34,0.13945513366546608,22,4,0.0,0.0,0.0,False,28,22,,,,,
501,56,34,0.13945513366546608,22,5,0.0,0.0,0.0,False,27,22,,,,,
501,56,34,0.13945513366546608,22,6,0.0,0.0,0.0,False,27,22,,,,,
501,56,34,0.13945513366546608,22,7,0.0,0.0,0.0,False,24,22,,,,,
501,56,34,0.13945513366546608,22,8,0.0,0.0,0.0,False,24,22,,,,,
501,56,34,0.13945513366546608,22,9,0.0,0.0,0.0,False,19,22,,,,,
501,56,34,0.13945513366546608,22,10,0.4090909090909091,0.5,0.45,True,18,22,0.262664931273756,0.3750659725095024,0.38850692973254736,"[-0.48523737656861776, -0.3044573343210182]",0.5728434166864927
501,56,34,0.13945513366546608,22,11,0.0,0.0,0.0,False,18,22,,,,,
501,56,34,0.13945513366546608,22,12,0.0,0.0,0.0,False,15,22,,,,,
501,56,34,0.13945513366546608,22,13,0.0,0.0,0.0,False,14,22,,,,,
501,56,34,0.13945513366546608,22,14,0.0,0.0,0.0,False,13,22,,,,,
501,56,34,0.13945513366546608,22,15,0.5909090909090909,1.0,0.7428571428571429,True,13,22,0.6528720430408449,0.7068631029306237,0.1829041130723762,"[-0.4305182304188335, 0.03060799297224648]",0.4316049072435958
501,56,46,0.09390404888713953,18,0,0.0,0.0,0.0,False,42,18,,,,,
501,56,46,0.09390404888713953,18,1,0.0,0.0,0.0,False,41,18,,,,,
501,56,46,0.09390404888713953,18,2,0.0,0.0,0.0,False,37,18,,,,,
501,56,46,0.09390404888713953,18,3,0.0,0.0,0.0,False,29,18,,,,,
501,56,46,0.09390404888713953,18,4,0.0,0.0,0.0,False,28,18,,,,,
501,56,46,0.09390404888713953,18,5,0.0,0.0,0.0,False,27,18,,,,,
501,56,46,0.09390404888713953,18,6,0.0,0.0,0.0,False,27,18,,,,,
501,56,46,0.09390404888713953,18,7,0.0,0.0,0.0,False,24,18,,,,,
501,56,46,0.09390404888713953,18,8,0.0,0.0,0.0,False,24,18,,,,,
501,56,46,0.09390404888713953,18,9,1.0,0.9473684210526315,0.972972972972973,True,19,18,0.8681057359267293,0.9310260781544756,0.06949599681046116,"[-0.38290909012845553, 0.09510623302739063]",0.39454349172640274
501,56,46,0.09390404888713953,18,10,0.0,0.0,0.0,False,18,18,,,,,
501,56,46,0.09390404888713953,18,11,0.0,0.0,0.0,False,18,18,,,,,
501,56,46,0.09390404888713953,18,12,0.0,0.0,0.0,False,15,18,,,,,
501,56,46,0.09390404888713953,18,13,0.0,0.0,0.0,False,14,18,,,,,
501,56,46,0.09390404888713953,18,14,0.0,0.0,0.0,False,13,18,,,,,
501,56,46,0.09390404888713953,18,15,0.0,0.0,0.0,False,13,18,,,,,
501,57,35,0.2619591090711064,29,0,0.0,0.0,0.0,False,41,29,,,,,
501,57,35,0.2619591090711064,29,1,0.0,0.0,0.0,False,39,29,,,,,
501,57,35,0.2619591090711064,29,2,0.0,0.0,0.0,False,39,29,,,,,
501,57,35,0.2619591090711064,29,3,0.0,0.0,0.0,False,37,29,,,,,
501,57,35,0.2619591090711064,29,4,0.0,0.0,0.0,False,31,29,,,,,
501,57,35,0.2619591090711064,29,5,1.0,1.0,1.0,True,29,29,0.899727968709515,0.959891187483806,0.052834024403599696,"[-0.18344827586206947, -0.019310344827587755]",0.18446180996110356
501,57,35,0.2619591090711064,29,6,0.0,0.0,0.0,False,28,29,,,,,
501,57,35,0.2619591090711064,29,7,0.0,0.0,0.0,False,27,29,,,,,
501,57,35,0.2619591090711064,29,8,0.0,0.0,0.0,False,26,29,,,,,
501,57,35,0.2619591090711064,29,9,0.0,0.0,0.0,False,26,29,,,,,
501,57,35,0.2619591090711064,29,10,0.0,0.0,0.0,False,24,29,,,,,
501,57,35,0.2619591090711064,29,11,0.0,0.0,0.0,False,18,29,,,,,
501,57,35,0.2619591090711064,29,12,0.0,0.0,0.0,False,15,29,,,,,
501,57,35,0.2619591090711064,29,13,0.0,0.0,0.0,False,13,29,,,,,
501,57,37,0.23352823182338991,29,0,0.0,0.0,0.0,False,41,29,,,,,
501,57,37,0.23352823182338991,29,1,0.0,0.0,0.0,False,39,29,,,,,
501,57,37,0.23352823182338991,29,2,0.0,0.0,0.0,False,39,29,,,,,
501,57,37,0.23352823182338991,29,3,0.0,0.0,0.0,False,37,29,,,,,
501,57,37,0.23352823182338991,29,4,0.0,0.0,0.0,False,31,29,,,,,
501,57,37,0.23352823182338991,29,5,1.0,1.0,1.0,True,29,29,0.899727968709515,0.959891187483806,0.052834024403599696,"[-0.18344827586206947, -0.019310344827587755]",0.18446180996110356
501,57,37,0.23352823182338991,29,6,0.0,0.0,0.0,False,28,29,,,,,
501,57,37,0.23352823182338991,29,7,0.0,0.0,0.0,False,27,29,,,,,
501,57,37,0.23352823182338991,29,8,0.0,0.0,0.0,False,26,29,,,,,
501,57,37,0.23352823182338991,29,9,0.0,0.0,0.0,False,26,29,,,,,
501,57,37,0.23352823182338991,29,10,0.0,0.0,0.0,False,24,29,,,,,
501,57,37,0.23352823182338991,29,11,0.0,0.0,0.0,False,18,29,,,,,
501,57,37,0.23352823182338991,29,12,0.0,0.0,0.0,False,15,29,,,,,
501,57,37,0.23352823182338991,29,13,0.0,0.0,0.0,False,13,29,,,,,
501,57,39,0.15507163956967526,29,0,0.0,0.0,0.0,False,41,29,,,,,
501,57,39,0.15507163956967526,29,1,0.0,0.0,0.0,False,39,29,,,,,
501,57,39,0.15507163956967526,29,2,0.0,0.0,0.0,False,39,29,,,,,
501,57,39,0.15507163956967526,29,3,0.0,0.0,0.0,False,37,29,,,,,
501,57,39,0.15507163956967526,29,4,0.0,0.0,0.0,False,31,29,,,,,
501,57,39,0.15507163956967526,29,5,1.0,1.0,1.0,True,29,29,0.899727968709515,0.959891187483806,0.052834024403599696,"[-0.18344827586206947, -0.019310344827587755]",0.18446180996110356
501,57,39,0.15507163956967526,29,6,0.0,0.0,0.0,False,28,29,,,,,
501,57,39,0.15507163956967526,29,7,0.0,0.0,0.0,False,27,29,,,,,
501,57,39,0.15507163956967526,29,8,0.0,0.0,0.0,False,26,29,,,,,
501,57,39,0.15507163956967526,29,9,0.0,0.0,0.0,False,26,29,,,,,
501,57,39,0.15507163956967526,29,10,0.0,0.0,0.0,False,24,29,,,,,
501,57,39,0.15507163956967526,29,11,0.0,0.0,0.0,False,18,29,,,,,
501,57,39,0.15507163956967526,29,12,0.0,0.0,0.0,False,15,29,,,,,
501,57,39,0.15507163956967526,29,13,0.0,0.0,0.0,False,13,29,,,,,
501,57,48,0.13181684070798744,13,0,0.0,0.0,0.0,False,41,13,,,,,
501,57,48,0.13181684070798744,13,1,0.0,0.0,0.0,False,39,13,,,,,
501,57,48,0.13181684070798744,13,2,0.0,0.0,0.0,False,39,13,,,,,
501,57,48,0.13181684070798744,13,3,0.0,0.0,0.0,False,37,13,,,,,
501,57,48,0.13181684070798744,13,4,1.0,0.41935483870967744,0.5909090909090909,True,31,13,0.5548530212611674,0.5764866630499215,0.2345510112360506,"[-0.33177240744180914, 0.0725427131845553]",0.33961062347328075
501,57,48,0.13181684070798744,13,5,0.0,0.0,0.0,False,29,13,,,,,
501,57,48,0.13181684070798744,13,6,0.0,0.0,0.0,False,28,13,,,,,
501,57,48,0.13181684070798744,13,7,0.0,0.0,0.0,False,27,13,,,,,
501,57,48,0.13181684070798744,13,8,0.0,0.0,0.0,False,26,13,,,,,
501,57,48,0.13181684070798744,13,9,0.0,0.0,0.0,False,26,13,,,,,
501,57,48,0.13181684070798744,13,10,0.0,0.0,0.0,False,24,13,,,,,
501,57,48,0.13181684070798744,13,11,0.0,0.0,0.0,False,18,13,,,,,
501,57,48,0.13181684070798744,13,12,0.0,0.0,0.0,False,15,13,,,,,
501,57,48,0.13181684070798744,13,13,0.0,0.0,0.0,False,13,13,,,,,
501,57,50,0.11751052996109405,13,0,0.0,0.0,0.0,False,41,13,,,,,
501,57,50,0.11751052996109405,13,1,0.0,0.0,0.0,False,39,13,,,,,
501,57,50,0.11751052996109405,13,2,0.0,0.0,0.0,False,39,13,,,,,
501,57,50,0.11751052996109405,13,3,0.0,0.0,0.0,False,37,13,,,,,
501,57,50,0.11751052996109405,13,4,1.0,0.41935483870967744,0.5909090909090909,True,31,13,0.5548530212611674,0.5764866630499215,0.2345510112360506,"[-0.33177240744180914, 0.0725427131845553]",0.33961062347328075
501,57,50,0.11751052996109405,13,5,0.0,0.0,0.0,False,29,13,,,,,
501,57,50,0.11751052996109405,13,6,0.0,0.0,0.0,False,28,13,,,,,
501,57,50,0.11751052996109405,13,7,0.0,0.0,0.0,False,27,13,,,,,
501,57,50,0.11751052996109405,13,8,0.0,0.0,0.0,False,26,13,,,,,
501,57,50,0.11751052996109405,13,9,0.0,0.0,0.0,False,26,13,,,,,
501,57,50,0.11751052996109405,13,10,0.0,0.0,0.0,False,24,13,,,,,
501,57,50,0.11751052996109405,13,11,0.0,0.0,0.0,False,18,13,,,,,
501,57,50,0.11751052996109405,13,12,0.0,0.0,0.0,False,15,13,,,,,
501,57,50,0.11751052996109405,13,13,0.0,0.0,0.0,False,13,13,,,,,
501,57,46,0.10011364886674688,19,0,0.0,0.0,0.0,False,41,19,,,,,
501,57,46,0.10011364886674688,19,1,0.0,0.0,0.0,False,39,19,,,,,
501,57,46,0.10011364886674688,19,2,0.0,0.0,0.0,False,39,19,,,,,
501,57,46,0.10011364886674688,19,3,0.0,0.0,0.0,False,37,19,,,,,
501,57,46,0.10011364886674688,19,4,0.0,0.0,0.0,False,31,19,,,,,
501,57,46,0.10011364886674688,19,5,0.0,0.0,0.0,False,29,19,,,,,
501,57,46,0.10011364886674688,19,6,0.0,0.0,0.0,False,28,19,,,,,
501,57,46,0.10011364886674688,19,7,0.0,0.0,0.0,False,27,19,,,,,
501,57,46,0.10011364886674688,19,8,1.0,0.7307692307692307,0.8444444444444444,True,26,19,0.6474088363332291,0.7656302011999583,0.1857827143413172,"[-0.22510883569755435, 0.38923343309178193]",0.44964058240501736
501,57,46,0.10011364886674688,19,9,0.0,0.0,0.0,False,26,19,,,,,
501,57,46,0.10011364886674688,19,10,0.0,0.0,0.0,False,24,19,,,,,
501,57,46,0.10011364886674688,19,11,0.0,0.0,0.0,False,18,19,,,,,
501,57,46,0.10011364886674688,19,12,0.0,0.0,0.0,False,15,19,,,,,
501,57,46,0.10011364886674688,19,13,0.0,0.0,0.0,False,13,19,,,,,
501,58,35,0.2619591090711064,29,0,0.0,0.0,0.0,False,42,29,,,,,
501,58,35,0.2619591090711064,29,1,0.0,0.0,0.0,False,41,29,,,,,
501,58,35,0.2619591090711064,29,2,0.0,0.0,0.0,False,40,29,,,,,
501,58,35,0.2619591090711064,29,3,0.0,0.0,0.0,False,33,29,,,,,
501,58,35,0.2619591090711064,29,4,1.0,1.0,1.0,True,29,29,0.8543017104283573,0.9417206841713429,0.07676943298865202,"[-0.23172413793103352, 0.009655172413793878]",0.23192520012758583
501,58,35,0.2619591090711064,29,5,0.0,0.0,0.0,False,29,29,,,,,
501,58,35,0.2619591090711064,29,6,0.0,0.0,0.0,False,26,29,,,,,
501,58,35,0.2619591090711064,29,7,0.0,0.0,0.0,False,26,29,,,,,
501,58,35,0.2619591090711064,29,8,0.0,0.0,0.0,False,25,29,,,,,
501,58,35,0.2619591090711064,29,9,0.0,0.0,0.0,False,24,29,,,,,
501,58,35,0.2619591090711064,29,10,0.0,0.0,0.0,False,24,29,,,,,
501,58,35,0.2619591090711064,29,11,0.0,0.0,0.0,False,18,29,,,,,
501,58,35,0.2619591090711064,29,12,0.0,0.0,0.0,False,15,29,,,,,
501,58,35,0.2619591090711064,29,13,0.0,0.0,0.0,False,15,29,,,,,
501,58,35,0.2619591090711064,29,14,0.0,0.0,0.0,False,13,29,,,,,
501,58,37,0.23352823182338991,29,0,0.0,0.0,0.0,False,42,29,,,,,
501,58,37,0.23352823182338991,29,1,0.0,0.0,0.0,False,41,29,,,,,
501,58,37,0.23352823182338991,29,2,0.0,0.0,0.0,False,40,29,,,,,
501,58,37,0.23352823182338991,29,3,0.0,0.0,0.0,False,33,29,,,,,
501,58,37,0.23352823182338991,29,4,1.0,1.0,1.0,True,29,29,0.8543017104283573,0.9417206841713429,0.07676943298865202,"[-0.23172413793103352, 0.009655172413793878]",0.23192520012758583
501,58,37,0.23352823182338991,29,5,0.0,0.0,0.0,False,29,29,,,,,
501,58,37,0.23352823182338991,29,6,0.0,0.0,0.0,False,26,29,,,,,
501,58,37,0.23352823182338991,29,7,0.0,0.0,0.0,False,26,29,,,,,
501,58,37,0.23352823182338991,29,8,0.0,0.0,0.0,False,25,29,,,,,
501,58,37,0.23352823182338991,29,9,0.0,0.0,0.0,False,24,29,,,,,
501,58,37,0.23352823182338991,29,10,0.0,0.0,0.0,False,24,29,,,,,
501,58,37,0.23352823182338991,29,11,0.0,0.0,0.0,False,18,29,,,,,
501,58,37,0.23352823182338991,29,12,0.0,0.0,0.0,False,15,29,,,,,
501,58,37,0.23352823182338991,29,13,0.0,0.0,0.0,False,15,29,,,,,
501,58,37,0.23352823182338991,29,14,0.0,0.0,0.0,False,13,29,,,,,
501,58,39,0.15507163956967526,29,0,0.0,0.0,0.0,False,42,29,,,,,
501,58,39,0.15507163956967526,29,1,0.0,0.0,0.0,False,41,29,,,,,
501,58,39,0.15507163956967526,29,2,0.0,0.0,0.0,False,40,29,,,,,
501,58,39,0.15507163956967526,29,3,0.0,0.0,0.0,False,33,29,,,,,
501,58,39,0.15507163956967526,29,4,1.0,1.0,1.0,True,29,29,0.8543017104283573,0.9417206841713429,0.07676943298865202,"[-0.23172413793103352, 0.009655172413793878]",0.23192520012758583
501,58,39,0.15507163956967526,29,5,0.0,0.0,0.0,False,29,29,,,,,
501,58,39,0.15507163956967526,29,6,0.0,0.0,0.0,False,26,29,,,,,
501,58,39,0.15507163956967526,29,7,0.0,0.0,0.0,False,26,29,,,,,
501,58,39,0.15507163956967526,29,8,0.0,0.0,0.0,False,25,29,,,,,
501,58,39,0.15507163956967526,29,9,0.0,0.0,0.0,False,24,29,,,,,
501,58,39,0.15507163956967526,29,10,0.0,0.0,0.0,False,24,29,,,,,
501,58,39,0.15507163956967526,29,11,0.0,0.0,0.0,False,18,29,,,,,
501,58,39,0.15507163956967526,29,12,0.0,0.0,0.0,False,15,29,,,,,
501,58,39,0.15507163956967526,29,13,0.0,0.0,0.0,False,15,29,,,,,
501,58,39,0.15507163956967526,29,14,0.0,0.0,0.0,False,13,29,,,,,
501,58,48,0.13181684070798744,31,0,0.0,0.0,0.0,False,42,31,,,,,
501,58,48,0.13181684070798744,31,1,0.0,0.0,0.0,False,41,31,,,,,
501,58,48,0.13181684070798744,31,2,0.0,0.0,0.0,False,40,31,,,,,
501,58,48,0.13181684070798744,31,3,0.967741935483871,0.9090909090909091,0.9375,True,33,31,0.7352312395567381,0.8565924958226953,0.13950848477423405,"[-0.30268697482154927, 0.169863880073839]",0.3470924120178382
501,58,48,0.13181684070798744,31,4,0.0,0.0,0.0,False,29,31,,,,,
501,58,48,0.13181684070798744,31,5,0.03225806451612903,0.034482758620689655,0.03333333333333333,False,29,31,,,,,
501,58,48,0.13181684070798744,31,6,0.0,0.0,0.0,False,26,31,,,,,
501,58,48,0.13181684070798744,31,7,0.0,0.0,0.0,False,26,31,,,,,
501,58,48,0.13181684070798744,31,8,0.0,0.0,0.0,False,25,31,,,,,
501,58,48,0.13181684070798744,31,9,0.0,0.0,0.0,False,24,31,,,,,
501,58,48,0.13181684070798744,31,10,0.0,0.0,0.0,False,24,31,,,,,
501,58,48,0.13181684070798744,31,11,0.0,0.0,0.0,False,18,31,,,,,
501,58,48,0.13181684070798744,31,12,0.0,0.0,0.0,False,15,31,,,,,
501,58,48,0.13181684070798744,31,13,0.0,0.0,0.0,False,15,31,,,,,
501,58,48,0.13181684070798744,31,14,0.0,0.0,0.0,False,13,31,,,,,
501,58,50,0.11751052996109405,31,0,0.0,0.0,0.0,False,42,31,,,,,
501,58,50,0.11751052996109405,31,1,0.0,0.0,0.0,False,41,31,,,,,
501,58,50,0.11751052996109405,31,2,0.0,0.0,0.0,False,40,31,,,,,
501,58,50,0.11751052996109405,31,3,0.967741935483871,0.9090909090909091,0.9375,True,33,31,0.7352312395567381,0.8565924958226953,0.13950848477423405,"[-0.30268697482154927, 0.169863880073839]",0.3470924120178382
501,58,50,0.11751052996109405,31,4,0.0,0.0,0.0,False,29,31,,,,,
501,58,50,0.11751052996109405,31,5,0.03225806451612903,0.034482758620689655,0.03333333333333333,False,29,31,,,,,
501,58,50,0.11751052996109405,31,6,0.0,0.0,0.0,False,26,31,,,,,
501,58,50,0.11751052996109405,31,7,0.0,0.0,0.0,False,26,31,,,,,
501,58,50,0.11751052996109405,31,8,0.0,0.0,0.0,False,25,31,,,,,
501,58,50,0.11751052996109405,31,9,0.0,0.0,0.0,False,24,31,,,,,
501,58,50,0.11751052996109405,31,10,0.0,0.0,0.0,False,24,31,,,,,
501,58,50,0.11751052996109405,31,11,0.0,0.0,0.0,False,18,31,,,,,
501,58,50,0.11751052996109405,31,12,0.0,0.0,0.0,False,15,31,,,,,
501,58,50,0.11751052996109405,31,13,0.0,0.0,0.0,False,15,31,,,,,
501,58,50,0.11751052996109405,31,14,0.0,0.0,0.0,False,13,31,,,,,
501,58,46,0.10011364886674688,26,0,0.0,0.0,0.0,False,42,26,,,,,
501,58,46,0.10011364886674688,26,1,0.0,0.0,0.0,False,41,26,,,,,
501,58,46,0.10011364886674688,26,2,0.0,0.0,0.0,False,40,26,,,,,
501,58,46,0.10011364886674688,26,3,0.0,0.0,0.0,False,33,26,,,,,
501,58,46,0.10011364886674688,26,4,0.0,0.0,0.0,False,29,26,,,,,
501,58,46,0.10011364886674688,26,5,0.0,0.0,0.0,False,29,26,,,,,
501,58,46,0.10011364886674688,26,6,1.0,1.0,1.0,True,26,26,0.8667164920946093,0.9466865968378437,0.07022799896085283,"[-0.18307692307692314, 0.010769230769231086]",0.18339339163305363
501,58,46,0.10011364886674688,26,7,0.0,0.0,0.0,False,26,26,,,,,
501,58,46,0.10011364886674688,26,8,0.0,0.0,0.0,False,25,26,,,,,
501,58,46,0.10011364886674688,26,9,0.0,0.0,0.0,False,24,26,,,,,
501,58,46,0.10011364886674688,26,10,0.0,0.0,0.0,False,24,26,,,,,
501,58,46,0.10011364886674688,26,11,0.0,0.0,0.0,False,18,26,,,,,
501,58,46,0.10011364886674688,26,12,0.0,0.0,0.0,False,15,26,,,,,
501,58,46,0.10011364886674688,26,13,0.0,0.0,0.0,False,15,26,,,,,
501,58,46,0.10011364886674688,26,14,0.0,0.0,0.0,False,13,26,,,,,
501,59,35,0.2619591090711064,29,0,0.0,0.0,0.0,False,42,29,,,,,
501,59,35,0.2619591090711064,29,1,0.0,0.0,0.0,False,41,29,,,,,
501,59,35,0.2619591090711064,29,2,0.0,0.0,0.0,False,40,29,,,,,
501,59,35,0.2619591090711064,29,3,1.0,1.0,1.0,True,29,29,0.9500844999746648,0.980033799989866,0.026300821001785088,"[-0.23172413793103352, -0.009655172413793878]",0.23192520012758583
501,59,35,0.2619591090711064,29,4,0.0,0.0,0.0,False,29,29,,,,,
501,59,35,0.2619591090711064,29,5,0.0,0.0,0.0,False,28,29,,,,,
501,59,35,0.2619591090711064,29,6,0.0,0.0,0.0,False,27,29,,,,,
501,59,35,0.2619591090711064,29,7,0.0,0.0,0.0,False,26,29,,,,,
501,59,35,0.2619591090711064,29,8,0.0,0.0,0.0,False,25,29,,,,,
501,59,35,0.2619591090711064,29,9,0.0,0.0,0.0,False,23,29,,,,,
501,59,35,0.2619591090711064,29,10,0.0,0.0,0.0,False,22,29,,,,,
501,59,35,0.2619591090711064,29,11,0.0,0.0,0.0,False,21,29,,,,,
501,59,35,0.2619591090711064,29,12,0.0,0.0,0.0,False,14,29,,,,,
501,59,35,0.2619591090711064,29,13,0.0,0.0,0.0,False,13,29,,,,,
501,59,35,0.2619591090711064,29,14,0.0,0.0,0.0,False,12,29,,,,,
501,59,37,0.23352823182338991,29,0,0.0,0.0,0.0,False,42,29,,,,,
501,59,37,0.23352823182338991,29,1,0.0,0.0,0.0,False,41,29,,,,,
501,59,37,0.23352823182338991,29,2,0.0,0.0,0.0,False,40,29,,,,,
501,59,37,0.23352823182338991,29,3,1.0,1.0,1.0,True,29,29,0.9500844999746648,0.980033799989866,0.026300821001785088,"[-0.23172413793103352, -0.009655172413793878]",0.23192520012758583
501,59,37,0.23352823182338991,29,4,0.0,0.0,0.0,False,29,29,,,,,
501,59,37,0.23352823182338991,29,5,0.0,0.0,0.0,False,28,29,,,,,
501,59,37,0.23352823182338991,29,6,0.0,0.0,0.0,False,27,29,,,,,
501,59,37,0.23352823182338991,29,7,0.0,0.0,0.0,False,26,29,,,,,
501,59,37,0.23352823182338991,29,8,0.0,0.0,0.0,False,25,29,,,,,
501,59,37,0.23352823182338991,29,9,0.0,0.0,0.0,False,23,29,,,,,
501,59,37,0.23352823182338991,29,10,0.0,0.0,0.0,False,22,29,,,,,
501,59,37,0.23352823182338991,29,11,0.0,0.0,0.0,False,21,29,,,,,
501,59,37,0.23352823182338991,29,12,0.0,0.0,0.0,False,14,29,,,,,
501,59,37,0.23352823182338991,29,13,0.0,0.0,0.0,False,13,29,,,,,
501,59,37,0.23352823182338991,29,14,0.0,0.0,0.0,False,12,29,,,,,
501,59,39,0.15507163956967526,29,0,0.0,0.0,0.0,False,42,29,,,,,
501,59,39,0.15507163956967526,29,1,0.0,0.0,0.0,False,41,29,,,,,
501,59,39,0.15507163956967526,29,2,0.0,0.0,0.0,False,40,29,,,,,
501,59,39,0.15507163956967526,29,3,1.0,1.0,1.0,True,29,29,0.9500844999746648,0.980033799989866,0.026300821001785088,"[-0.23172413793103352, -0.009655172413793878]",0.23192520012758583
501,59,39,0.15507163956967526,29,4,0.0,0.0,0.0,False,29,29,,,,,
501,59,39,0.15507163956967526,29,5,0.0,0.0,0.0,False,28,29,,,,,
501,59,39,0.15507163956967526,29,6,0.0,0.0,0.0,False,27,29,,,,,
501,59,39,0.15507163956967526,29,7,0.0,0.0,0.0,False,26,29,,,,,
501,59,39,0.15507163956967526,29,8,0.0,0.0,0.0,False,25,29,,,,,
501,59,39,0.15507163956967526,29,9,0.0,0.0,0.0,False,23,29,,,,,
501,59,39,0.15507163956967526,29,10,0.0,0.0,0.0,False,22,29,,,,,
501,59,39,0.15507163956967526,29,11,0.0,0.0,0.0,False,21,29,,,,,
501,59,39,0.15507163956967526,29,12,0.0,0.0,0.0,False,14,29,,,,,
501,59,39,0.15507163956967526,29,13,0.0,0.0,0.0,False,13,29,,,,,
501,59,39,0.15507163956967526,29,14,0.0,0.0,0.0,False,12,29,,,,,
501,59,48,0.13181684070798744,33,0,0.0,0.0,0.0,False,42,33,,,,,
501,59,48,0.13181684070798744,33,1,0.0,0.0,0.0,False,41,33,,,,,
501,59,48,0.13181684070798744,33,2,0.0,0.0,0.0,False,40,33,,,,,
501,59,48,0.13181684070798744,33,3,0.0,0.0,0.0,False,29,33,,,,,
501,59,48,0.13181684070798744,33,4,0.0,0.0,0.0,False,29,33,,,,,
501,59,48,0.13181684070798744,33,5,0.0,0.0,0.0,False,28,33,,,,,
501,59,48,0.13181684070798744,33,6,0.0,0.0,0.0,False,27,33,,,,,
501,59,48,0.13181684070798744,33,7,0.0,0.0,0.0,False,26,33,,,,,
501,59,48,0.13181684070798744,33,8,0.0,0.0,0.0,False,25,33,,,,,
501,59,48,0.13181684070798744,33,9,0.0,0.0,0.0,False,23,33,,,,,
501,59,48,0.13181684070798744,33,10,0.0,0.0,0.0,False,22,33,,,,,
501,59,48,0.13181684070798744,33,11,0.6363636363636364,1.0,0.7777777777777778,True,21,33,0.3578473763749165,0.6098056172166333,0.3383546433716526,"[-0.1670190911365168, -0.08005202089790941]",0.1852125882706341
501,59,48,0.13181684070798744,33,12,0.0,0.0,0.0,False,14,33,,,,,
501,59,48,0.13181684070798744,33,13,0.0,0.0,0.0,False,13,33,,,,,
501,59,48,0.13181684070798744,33,14,0.36363636363636365,1.0,0.5333333333333333,True,12,33,0.46337473297536214,0.5053498931901449,0.2827515518403417,"[-0.15271659051109587, -0.15657563009532183]",0.21871964922493997
501,59,50,0.11751052996109405,33,0,0.0,0.0,0.0,False,42,33,,,,,
501,59,50,0.11751052996109405,33,1,0.0,0.0,0.0,False,41,33,,,,,
501,59,50,0.11751052996109405,33,2,0.0,0.0,0.0,False,40,33,,,,,
501,59,50,0.11751052996109405,33,3,0.0,0.0,0.0,False,29,33,,,,,
501,59,50,0.11751052996109405,33,4,0.0,0.0,0.0,False,29,33,,,,,
501,59,50,0.11751052996109405,33,5,0.0,0.0,0.0,False,28,33,,,,,
501,59,50,0.11751052996109405,33,6,0.0,0.0,0.0,False,27,33,,,,,
501,59,50,0.11751052996109405,33,7,0.0,0.0,0.0,False,26,33,,,,,
501,59,50,0.11751052996109405,33,8,0.0,0.0,0.0,False,25,33,,,,,
501,59,50,0.11751052996109405,33,9,0.0,0.0,0.0,False,23,33,,,,,
501,59,50,0.11751052996109405,33,10,0.0,0.0,0.0,False,22,33,,,,,
501,59,50,0.11751052996109405,33,11,0.6363636363636364,1.0,0.7777777777777778,True,21,33,0.3578473763749165,0.6098056172166333,0.3383546433716526,"[-0.1670190911365168, -0.08005202089790941]",0.1852125882706341
501,59,50,0.11751052996109405,33,12,0.0,0.0,0.0,False,14,33,,,,,
501,59,50,0.11751052996109405,33,13,0.0,0.0,0.0,False,13,33,,,,,
501,59,50,0.11751052996109405,33,14,0.36363636363636365,1.0,0.5333333333333333,True,12,33,0.46337473297536214,0.5053498931901449,0.2827515518403417,"[-0.15271659051109587, -0.15657563009532183]",0.21871964922493997
501,59,46,0.10011364886674688,26,0,0.0,0.0,0.0,False,42,26,,,,,
501,59,46,0.10011364886674688,26,1,0.0,0.0,0.0,False,41,26,,,,,
501,59,46,0.10011364886674688,26,2,0.0,0.0,0.0,False,40,26,,,,,
501,59,46,0.10011364886674688,26,3,0.0,0.0,0.0,False,29,26,,,,,
501,59,46,0.10011364886674688,26,4,0.0,0.0,0.0,False,29,26,,,,,
501,59,46,0.10011364886674688,26,5,0.0,0.0,0.0,False,28,26,,,,,
501,59,46,0.10011364886674688,26,6,0.0,0.0,0.0,False,27,26,,,,,
501,59,46,0.10011364886674688,26,7,1.0,1.0,1.0,True,26,26,0.8326815399551335,0.9330726159820534,0.08816124982622202,"[-0.21538461538461462, 0.021538461538462172]",0.21645885953183386
501,59,46,0.10011364886674688,26,8,0.0,0.0,0.0,False,25,26,,,,,
501,59,46,0.10011364886674688,26,9,0.0,0.0,0.0,False,23,26,,,,,
501,59,46,0.10011364886674688,26,10,0.0,0.0,0.0,False,22,26,,,,,
501,59,46,0.10011364886674688,26,11,0.0,0.0,0.0,False,21,26,,,,,
501,59,46,0.10011364886674688,26,12,0.0,0.0,0.0,False,14,26,,,,,
501,59,46,0.10011364886674688,26,13,0.0,0.0,0.0,False,13,26,,,,,
501,59,46,0.10011364886674688,26,14,0.0,0.0,0.0,False,12,26,,,,,
501,60,35,0.2907401763206187,29,0,0.0,0.0,0.0,False,43,29,,,,,
501,60,35,0.2907401763206187,29,1,0.0,0.0,0.0,False,41,29,,,,,
501,60,35,0.2907401763206187,29,2,0.0,0.0,0.0,False,40,29,,,,,
501,60,35,0.2907401763206187,29,3,0.0,0.0,0.0,False,32,29,,,,,
501,60,35,0.2907401763206187,29,4,1.0,1.0,1.0,True,29,29,0.882568200941926,0.9530272803767704,0.06187562431261576,"[-0.23172413793103352, -0.009655172413793878]",0.23192520012758583
501,60,35,0.2907401763206187,29,5,0.0,0.0,0.0,False,29,29,,,,,
501,60,35,0.2907401763206187,29,6,0.0,0.0,0.0,False,26,29,,,,,
501,60,35,0.2907401763206187,29,7,0.0,0.0,0.0,False,25,29,,,,,
501,60,35,0.2907401763206187,29,8,0.0,0.0,0.0,False,24,29,,,,,
501,60,35,0.2907401763206187,29,9,0.0,0.0,0.0,False,23,29,,,,,
501,60,35,0.2907401763206187,29,10,0.0,0.0,0.0,False,21,29,,,,,
501,60,35,0.2907401763206187,29,11,0.0,0.0,0.0,False,21,29,,,,,
501,60,35,0.2907401763206187,29,12,0.0,0.0,0.0,False,19,29,,,,,
501,60,35,0.2907401763206187,29,13,0.0,0.0,0.0,False,13,29,,,,,
501,60,37,0.25918563983871595,29,0,0.0,0.0,0.0,False,43,29,,,,,
501,60,37,0.25918563983871595,29,1,0.0,0.0,0.0,False,41,29,,,,,
501,60,37,0.25918563983871595,29,2,0.0,0.0,0.0,False,40,29,,,,,
501,60,37,0.25918563983871595,29,3,0.0,0.0,0.0,False,32,29,,,,,
501,60,37,0.25918563983871595,29,4,1.0,1.0,1.0,True,29,29,0.882568200941926,0.9530272803767704,0.06187562431261576,"[-0.23172413793103352, -0.009655172413793878]",0.23192520012758583
501,60,37,0.25918563983871595,29,5,0.0,0.0,0.0,False,29,29,,,,,
501,60,37,0.25918563983871595,29,6,0.0,0.0,0.0,False,26,29,,,,,
501,60,37,0.25918563983871595,29,7,0.0,0.0,0.0,False,25,29,,,,,
501,60,37,0.25918563983871595,29,8,0.0,0.0,0.0,False,24,29,,,,,
501,60,37,0.25918563983871595,29,9,0.0,0.0,0.0,False,23,29,,,,,
501,60,37,0.25918563983871595,29,10,0.0,0.0,0.0,False,21,29,,,,,
501,60,37,0.25918563983871595,29,11,0.0,0.0,0.0,False,21,29,,,,,
501,60,37,0.25918563983871595,29,12,0.0,0.0,0.0,False,19,29,,,,,
501,60,37,0.25918563983871595,29,13,0.0,0.0,0.0,False,13,29,,,,,
501,60,39,0.1721091356230592,29,0,0.0,0.0,0.0,False,43,29,,,,,
501,60,39,0.1721091356230592,29,1,0.0,0.0,0.0,False,41,29,,,,,
501,60,39,0.1721091356230592,29,2,0.0,0.0,0.0,False,40,29,,,,,
501,60,39,0.1721091356230592,29,3,0.0,0.0,0.0,False,32,29,,,,,
501,60,39,0.1721091356230592,29,4,1.0,1.0,1.0,True,29,29,0.882568200941926,0.9530272803767704,0.06187562431261576,"[-0.23172413793103352, -0.009655172413793878]",0.23192520012758583
501,60,39,0.1721091356230592,29,5,0.0,0.0,0.0,False,29,29,,,,,
501,60,39,0.1721091356230592,29,6,0.0,0.0,0.0,False,26,29,,,,,
501,60,39,0.1721091356230592,29,7,0.0,0.0,0.0,False,25,29,,,,,
501,60,39,0.1721091356230592,29,8,0.0,0.0,0.0,False,24,29,,,,,
501,60,39,0.1721091356230592,29,9,0.0,0.0,0.0,False,23,29,,,,,
501,60,39,0.1721091356230592,29,10,0.0,0.0,0.0,False,21,29,,,,,
501,60,39,0.1721091356230592,29,11,0.0,0.0,0.0,False,21,29,,,,,
501,60,39,0.1721091356230592,29,12,0.0,0.0,0.0,False,19,29,,,,,
501,60,39,0.1721091356230592,29,13,0.0,0.0,0.0,False,13,29,,,,,
501,60,46,0.11111299021755969,26,0,0.0,0.0,0.0,False,43,26,,,,,
501,60,46,0.11111299021755969,26,1,0.0,0.0,0.0,False,41,26,,,,,
501,60,46,0.11111299021755969,26,2,0.0,0.0,0.0,False,40,26,,,,,
501,60,46,0.11111299021755969,26,3,0.0,0.0,0.0,False,32,26,,,,,
501,60,46,0.11111299021755969,26,4,0.0,0.0,0.0,False,29,26,,,,,
501,60,46,0.11111299021755969,26,5,0.0,0.0,0.0,False,29,26,,,,,
501,60,46,0.11111299021755969,26,6,1.0,1.0,1.0,True,26,26,0.8496058546094324,0.9398423418437729,0.07924371178543957,"[-0.20461538461538353, -0.010769230769231086]",0.20489858943551145
501,60,46,0.11111299021755969,26,7,0.0,0.0,0.0,False,25,26,,,,,
501,60,46,0.11111299021755969,26,8,0.0,0.0,0.0,False,24,26,,,,,
501,60,46,0.11111299021755969,26,9,0.0,0.0,0.0,False,23,26,,,,,
501,60,46,0.11111299021755969,26,10,0.0,0.0,0.0,False,21,26,,,,,
501,60,46,0.11111299021755969,26,11,0.0,0.0,0.0,False,21,26,,,,,
501,60,46,0.11111299021755969,26,12,0.0,0.0,0.0,False,19,26,,,,,
501,60,46,0.11111299021755969,26,13,0.0,0.0,0.0,False,13,26,,,,,
501,60,51,0.08821298316414408,21,0,0.0,0.0,0.0,False,43,21,,,,,
501,60,51,0.08821298316414408,21,1,0.0,0.0,0.0,False,41,21,,,,,
501,60,51,0.08821298316414408,21,2,0.0,0.0,0.0,False,40,21,,,,,
501,60,51,0.08821298316414408,21,3,0.0,0.0,0.0,False,32,21,,,,,
501,60,51,0.08821298316414408,21,4,0.0,0.0,0.0,False,29,21,,,,,
501,60,51,0.08821298316414408,21,5,0.0,0.0,0.0,False,29,21,,,,,
501,60,51,0.08821298316414408,21,6,0.0,0.0,0.0,False,26,21,,,,,
501,60,51,0.08821298316414408,21,7,0.0,0.0,0.0,False,25,21,,,,,
501,60,51,0.08821298316414408,21,8,0.0,0.0,0.0,False,24,21,,,,,
501,60,51,0.08821298316414408,21,9,0.0,0.0,0.0,False,23,21,,,,,
501,60,51,0.08821298316414408,21,10,1.0,1.0,1.0,True,21,21,0.6808078616622655,0.8723231446649062,0.16818453769544126,"[0.10666666666666735, 0.06666666666666643]",0.1257864150940885
501,60,51,0.08821298316414408,21,11,0.0,0.0,0.0,False,21,21,,,,,
501,60,51,0.08821298316414408,21,12,0.0,0.0,0.0,False,19,21,,,,,
501,60,51,0.08821298316414408,21,13,0.0,0.0,0.0,False,13,21,,,,,
501,60,53,0.07863907483590231,21,0,0.0,0.0,0.0,False,43,21,,,,,
501,60,53,0.07863907483590231,21,1,0.0,0.0,0.0,False,41,21,,,,,
501,60,53,0.07863907483590231,21,2,0.0,0.0,0.0,False,40,21,,,,,
501,60,53,0.07863907483590231,21,3,0.0,0.0,0.0,False,32,21,,,,,
501,60,53,0.07863907483590231,21,4,0.0,0.0,0.0,False,29,21,,,,,
501,60,53,0.07863907483590231,21,5,0.0,0.0,0.0,False,29,21,,,,,
501,60,53,0.07863907483590231,21,6,0.0,0.0,0.0,False,26,21,,,,,
501,60,53,0.07863907483590231,21,7,0.0,0.0,0.0,False,25,21,,,,,
501,60,53,0.07863907483590231,21,8,0.0,0.0,0.0,False,24,21,,,,,
501,60,53,0.07863907483590231,21,9,0.0,0.0,0.0,False,23,21,,,,,
501,60,53,0.07863907483590231,21,10,1.0,1.0,1.0,True,21,21,0.6808078616622655,0.8723231446649062,0.16818453769544126,"[0.10666666666666735, 0.06666666666666643]",0.1257864150940885
501,60,53,0.07863907483590231,21,11,0.0,0.0,0.0,False,21,21,,,,,
501,60,53,0.07863907483590231,21,12,0.0,0.0,0.0,False,19,21,,,,,
501,60,53,0.07863907483590231,21,13,0.0,0.0,0.0,False,13,21,,,,,
501,61,35,0.2907401763206187,29,0,0.0,0.0,0.0,False,43,29,,,,,
501,61,35,0.2907401763206187,29,1,0.0,0.0,0.0,False,41,29,,,,,
501,61,35,0.2907401763206187,29,2,0.0,0.0,0.0,False,40,29,,,,,
501,61,35,0.2907401763206187,29,3,0.0,0.0,0.0,False,32,29,,,,,
501,61,35,0.2907401763206187,29,4,0.0,0.0,0.0,False,32,29,,,,,
501,61,35,0.2907401763206187,29,5,0.0,0.0,0.0,False,29,29,,,,,
501,61,35,0.2907401763206187,29,6,0.9655172413793104,1.0,0.9824561403508771,True,28,29,0.9235548238780092,0.9588956137617299,0.04027949019070084,"[-0.22751292283172653, -0.07861272727376445]",0.24071163441939075
501,61,35,0.2907401763206187,29,7,0.034482758620689655,0.037037037037037035,0.03571428571428571,False,27,29,,,,,
501,61,35,0.2907401763206187,29,8,0.0,0.0,0.0,False,27,29,,,,,
501,61,35,0.2907401763206187,29,9,0.0,0.0,0.0,False,26,29,,,,,
501,61,35,0.2907401763206187,29,10,0.0,0.0,0.0,False,22,29,,,,,
501,61,35,0.2907401763206187,29,11,0.0,0.0,0.0,False,18,29,,,,,
501,61,35,0.2907401763206187,29,12,0.0,0.0,0.0,False,13,29,,,,,
501,61,37,0.25918563983871595,29,0,0.0,0.0,0.0,False,43,29,,,,,
501,61,37,0.25918563983871595,29,1,0.0,0.0,0.0,False,41,29,,,,,
501,61,37,0.25918563983871595,29,2,0.0,0.0,0.0,False,40,29,,,,,
501,61,37,0.25918563983871595,29,3,0.0,0.0,0.0,False,32,29,,,,,
501,61,37,0.25918563983871595,29,4,0.0,0.0,0.0,False,32,29,,,,,
501,61,37,0.25918563983871595,29,5,0.0,0.0,0.0,False,29,29,,,,,
501,61,37,0.25918563983871595,29,6,0.9655172413793104,1.0,0.9824561403508771,True,28,29,0.9235548238780092,0.9588956137617299,0.04027949019070084,"[-0.22751292283172653, -0.07861272727376445]",0.24071163441939075
501,61,37,0.25918563983871595,29,7,0.034482758620689655,0.037037037037037035,0.03571428571428571,False,27,29,,,,,
501,61,37,0.25918563983871595,29,8,0.0,0.0,0.0,False,27,29,,,,,
501,61,37,0.25918563983871595,29,9,0.0,0.0,0.0,False,26,29,,,,,
501,61,37,0.25918563983871595,29,10,0.0,0.0,0.0,False,22,29,,,,,
501,61,37,0.25918563983871595,29,11,0.0,0.0,0.0,False,18,29,,,,,
501,61,37,0.25918563983871595,29,12,0.0,0.0,0.0,False,13,29,,,,,
501,61,39,0.1721091356230592,29,0,0.0,0.0,0.0,False,43,29,,,,,
501,61,39,0.1721091356230592,29,1,0.0,0.0,0.0,False,41,29,,,,,
501,61,39,0.1721091356230592,29,2,0.0,0.0,0.0,False,40,29,,,,,
501,61,39,0.1721091356230592,29,3,0.0,0.0,0.0,False,32,29,,,,,
501,61,39,0.1721091356230592,29,4,0.0,0.0,0.0,False,32,29,,,,,
501,61,39,0.1721091356230592,29,5,0.0,0.0,0.0,False,29,29,,,,,
501,61,39,0.1721091356230592,29,6,0.9655172413793104,1.0,0.9824561403508771,True,28,29,0.9235548238780092,0.9588956137617299,0.04027949019070084,"[-0.22751292283172653, -0.07861272727376445]",0.24071163441939075
501,61,39,0.1721091356230592,29,7,0.034482758620689655,0.037037037037037035,0.03571428571428571,False,27,29,,,,,
501,61,39,0.1721091356230592,29,8,0.0,0.0,0.0,False,27,29,,,,,
501,61,39,0.1721091356230592,29,9,0.0,0.0,0.0,False,26,29,,,,,
501,61,39,0.1721091356230592,29,10,0.0,0.0,0.0,False,22,29,,,,,
501,61,39,0.1721091356230592,29,11,0.0,0.0,0.0,False,18,29,,,,,
501,61,39,0.1721091356230592,29,12,0.0,0.0,0.0,False,13,29,,,,,
501,61,46,0.11111299021755969,26,0,0.0,0.0,0.0,False,43,26,,,,,
501,61,46,0.11111299021755969,26,1,0.0,0.0,0.0,False,41,26,,,,,
501,61,46,0.11111299021755969,26,2,0.0,0.0,0.0,False,40,26,,,,,
501,61,46,0.11111299021755969,26,3,0.0,0.0,0.0,False,32,26,,,,,
501,61,46,0.11111299021755969,26,4,0.0,0.0,0.0,False,32,26,,,,,
501,61,46,0.11111299021755969,26,5,0.0,0.0,0.0,False,29,26,,,,,
501,61,46,0.11111299021755969,26,6,0.0,0.0,0.0,False,28,26,,,,,
501,61,46,0.11111299021755969,26,7,1.0,0.9629629629629629,0.9811320754716981,True,27,26,0.7850302318873097,0.9026913380379428,0.11326905247983945,"[-0.2559515652828157, -0.03553286774337039]",0.25840624694614356
501,61,46,0.11111299021755969,26,8,0.0,0.0,0.0,False,27,26,,,,,
501,61,46,0.11111299021755969,26,9,0.0,0.0,0.0,False,26,26,,,,,
501,61,46,0.11111299021755969,26,10,0.0,0.0,0.0,False,22,26,,,,,
501,61,46,0.11111299021755969,26,11,0.0,0.0,0.0,False,18,26,,,,,
501,61,46,0.11111299021755969,26,12,0.0,0.0,0.0,False,13,26,,,,,
501,61,51,0.08821298316414408,21,0,0.0,0.0,0.0,False,43,21,,,,,
501,61,51,0.08821298316414408,21,1,0.0,0.0,0.0,False,41,21,,,,,
501,61,51,0.08821298316414408,21,2,0.0,0.0,0.0,False,40,21,,,,,
501,61,51,0.08821298316414408,21,3,0.0,0.0,0.0,False,32,21,,,,,
501,61,51,0.08821298316414408,21,4,0.0,0.0,0.0,False,32,21,,,,,
501,61,51,0.08821298316414408,21,5,0.0,0.0,0.0,False,29,21,,,,,
501,61,51,0.08821298316414408,21,6,0.0,0.0,0.0,False,28,21,,,,,
501,61,51,0.08821298316414408,21,7,0.0,0.0,0.0,False,27,21,,,,,
501,61,51,0.08821298316414408,21,8,0.0,0.0,0.0,False,27,21,,,,,
501,61,51,0.08821298316414408,21,9,0.0,0.0,0.0,False,26,21,,,,,
501,61,51,0.08821298316414408,21,10,0.0,0.0,0.0,False,22,21,,,,,
501,61,51,0.08821298316414408,21,11,0.8571428571428571,1.0,0.9230769230769231,True,18,21,0.6836943694711027,0.827323901634595,0.1666636168359497,"[0.24725969150132165, 0.3308759904123768]",0.4130572309894841
501,61,51,0.08821298316414408,21,12,0.14285714285714285,0.23076923076923078,0.17647058823529413,False,13,21,,,,,
501,61,53,0.07863907483590231,21,0,0.0,0.0,0.0,False,43,21,,,,,
501,61,53,0.07863907483590231,21,1,0.0,0.0,0.0,False,41,21,,,,,
501,61,53,0.07863907483590231,21,2,0.0,0.0,0.0,False,40,21,,,,,
501,61,53,0.07863907483590231,21,3,0.0,0.0,0.0,False,32,21,,,,,
501,61,53,0.07863907483590231,21,4,0.0,0.0,0.0,False,32,21,,,,,
501,61,53,0.07863907483590231,21,5,0.0,0.0,0.0,False,29,21,,,,,
501,61,53,0.07863907483590231,21,6,0.0,0.0,0.0,False,28,21,,,,,
501,61,53,0.07863907483590231,21,7,0.0,0.0,0.0,False,27,21,,,,,
501,61,53,0.07863907483590231,21,8,0.0,0.0,0.0,False,27,21,,,,,
501,61,53,0.07863907483590231,21,9,0.0,0.0,0.0,False,26,21,,,,,
501,61,53,0.07863907483590231,21,10,0.0,0.0,0.0,False,22,21,,,,,
501,61,53,0.07863907483590231,21,11,0.8571428571428571,1.0,0.9230769230769231,True,18,21,0.6836943694711027,0.827323901634595,0.1666636168359497,"[0.24725969150132165, 0.3308759904123768]",0.4130572309894841
501,61,53,0.07863907483590231,21,12,0.14285714285714285,0.23076923076923078,0.17647058823529413,False,13,21,,,,,
501,62,35,0.2907401763206187,28,0,0.0,0.0,0.0,False,44,28,,,,,
501,62,35,0.2907401763206187,28,1,0.0,0.0,0.0,False,41,28,,,,,
501,62,35,0.2907401763206187,28,2,0.0,0.0,0.0,False,41,28,,,,,
501,62,35,0.2907401763206187,28,3,0.0,0.0,0.0,False,40,28,,,,,
501,62,35,0.2907401763206187,28,4,1.0,0.9655172413793104,0.9824561403508771,True,29,28,0.9308809014786847,0.9618260448020002,0.03641932940852386,"[-0.22628018061654842, 0.06895755485997412]",0.23655414710404912
501,62,35,0.2907401763206187,28,5,0.0,0.0,0.0,False,29,28,,,,,
501,62,35,0.2907401763206187,28,6,0.0,0.0,0.0,False,26,28,,,,,
501,62,35,0.2907401763206187,28,7,0.0,0.0,0.0,False,26,28,,,,,
501,62,35,0.2907401763206187,28,8,0.0,0.0,0.0,False,24,28,,,,,
501,62,35,0.2907401763206187,28,9,0.0,0.0,0.0,False,22,28,,,,,
501,62,35,0.2907401763206187,28,10,0.0,0.0,0.0,False,19,28,,,,,
501,62,35,0.2907401763206187,28,11,0.0,0.0,0.0,False,18,28,,,,,
501,62,35,0.2907401763206187,28,12,0.0,0.0,0.0,False,15,28,,,,,
501,62,35,0.2907401763206187,28,13,0.0,0.0,0.0,False,13,28,,,,,
501,62,37,0.25918563983871595,28,0,0.0,0.0,0.0,False,44,28,,,,,
501,62,37,0.25918563983871595,28,1,0.0,0.0,0.0,False,41,28,,,,,
501,62,37,0.25918563983871595,28,2,0.0,0.0,0.0,False,41,28,,,,,
501,62,37,0.25918563983871595,28,3,0.0,0.0,0.0,False,40,28,,,,,
501,62,37,0.25918563983871595,28,4,1.0,0.9655172413793104,0.9824561403508771,True,29,28,0.9308809014786847,0.9618260448020002,0.03641932940852386,"[-0.22628018061654842, 0.06895755485997412]",0.23655414710404912
501,62,37,0.25918563983871595,28,5,0.0,0.0,0.0,False,29,28,,,,,
501,62,37,0.25918563983871595,28,6,0.0,0.0,0.0,False,26,28,,,,,
501,62,37,0.25918563983871595,28,7,0.0,0.0,0.0,False,26,28,,,,,
501,62,37,0.25918563983871595,28,8,0.0,0.0,0.0,False,24,28,,,,,
501,62,37,0.25918563983871595,28,9,0.0,0.0,0.0,False,22,28,,,,,
501,62,37,0.25918563983871595,28,10,0.0,0.0,0.0,False,19,28,,,,,
501,62,37,0.25918563983871595,28,11,0.0,0.0,0.0,False,18,28,,,,,
501,62,37,0.25918563983871595,28,12,0.0,0.0,0.0,False,15,28,,,,,
501,62,37,0.25918563983871595,28,13,0.0,0.0,0.0,False,13,28,,,,,
501,62,39,0.1721091356230592,28,0,0.0,0.0,0.0,False,44,28,,,,,
501,62,39,0.1721091356230592,28,1,0.0,0.0,0.0,False,41,28,,,,,
501,62,39,0.1721091356230592,28,2,0.0,0.0,0.0,False,41,28,,,,,
501,62,39,0.1721091356230592,28,3,0.0,0.0,0.0,False,40,28,,,,,
501,62,39,0.1721091356230592,28,4,1.0,0.9655172413793104,0.9824561403508771,True,29,28,0.9308809014786847,0.9618260448020002,0.03641932940852386,"[-0.22628018061654842, 0.06895755485997412]",0.23655414710404912
501,62,39,0.1721091356230592,28,5,0.0,0.0,0.0,False,29,28,,,,,
501,62,39,0.1721091356230592,28,6,0.0,0.0,0.0,False,26,28,,,,,
501,62,39,0.1721091356230592,28,7,0.0,0.0,0.0,False,26,28,,,,,
501,62,39,0.1721091356230592,28,8,0.0,0.0,0.0,False,24,28,,,,,
501,62,39,0.1721091356230592,28,9,0.0,0.0,0.0,False,22,28,,,,,
501,62,39,0.1721091356230592,28,10,0.0,0.0,0.0,False,19,28,,,,,
501,62,39,0.1721091356230592,28,11,0.0,0.0,0.0,False,18,28,,,,,
501,62,39,0.1721091356230592,28,12,0.0,0.0,0.0,False,15,28,,,,,
501,62,39,0.1721091356230592,28,13,0.0,0.0,0.0,False,13,28,,,,,
501,62,46,0.11111299021755969,27,0,0.0,0.0,0.0,False,44,27,,,,,
501,62,46,0.11111299021755969,27,1,0.0,0.0,0.0,False,41,27,,,,,
501,62,46,0.11111299021755969,27,2,0.0,0.0,0.0,False,41,27,,,,,
501,62,46,0.11111299021755969,27,3,0.0,0.0,0.0,False,40,27,,,,,
501,62,46,0.11111299021755969,27,4,0.037037037037037035,0.034482758620689655,0.03571428571428571,False,29,27,,,,,
501,62,46,0.11111299021755969,27,5,0.0,0.0,0.0,False,29,27,,,,,
501,62,46,0.11111299021755969,27,6,0.9629629629629629,1.0,0.9811320754716981,True,26,27,0.8041683081292965,0.9103465685347375,0.10318506820033646,"[-0.12097151164025988, 0.08937902158952582]",0.15040849752866509
501,62,46,0.11111299021755969,27,7,0.0,0.0,0.0,False,26,27,,,,,
501,62,46,0.11111299021755969,27,8,0.0,0.0,0.0,False,24,27,,,,,
501,62,46,0.11111299021755969,27,9,0.0,0.0,0.0,False,22,27,,,,,
501,62,46,0.11111299021755969,27,10,0.0,0.0,0.0,False,19,27,,,,,
501,62,46,0.11111299021755969,27,11,0.0,0.0,0.0,False,18,27,,,,,
501,62,46,0.11111299021755969,27,12,0.0,0.0,0.0,False,15,27,,,,,
501,62,46,0.11111299021755969,27,13,0.0,0.0,0.0,False,13,27,,,,,
501,62,51,0.08821298316414408,18,0,0.0,0.0,0.0,False,44,18,,,,,
501,62,51,0.08821298316414408,18,1,0.0,0.0,0.0,False,41,18,,,,,
501,62,51,0.08821298316414408,18,2,0.0,0.0,0.0,False,41,18,,,,,
501,62,51,0.08821298316414408,18,3,0.0,0.0,0.0,False,40,18,,,,,
501,62,51,0.08821298316414408,18,4,0.0,0.0,0.0,False,29,18,,,,,
501,62,51,0.08821298316414408,18,5,0.0,0.0,0.0,False,29,18,,,,,
501,62,51,0.08821298316414408,18,6,0.0,0.0,0.0,False,26,18,,,,,
501,62,51,0.08821298316414408,18,7,0.0,0.0,0.0,False,26,18,,,,,
501,62,51,0.08821298316414408,18,8,0.0,0.0,0.0,False,24,18,,,,,
501,62,51,0.08821298316414408,18,9,0.0,0.0,0.0,False,22,18,,,,,
501,62,51,0.08821298316414408,18,10,0.0,0.0,0.0,False,19,18,,,,,
501,62,51,0.08821298316414408,18,11,1.0,1.0,1.0,True,18,18,0.7370006517270569,0.8948002606908227,0.13857616930616673,"[0.23333333333333428, -0.01555555555555621]",0.23385127699691288
501,62,51,0.08821298316414408,18,12,0.0,0.0,0.0,False,15,18,,,,,
501,62,51,0.08821298316414408,18,13,0.0,0.0,0.0,False,13,18,,,,,
501,62,53,0.07863907483590231,18,0,0.0,0.0,0.0,False,44,18,,,,,
501,62,53,0.07863907483590231,18,1,0.0,0.0,0.0,False,41,18,,,,,
501,62,53,0.07863907483590231,18,2,0.0,0.0,0.0,False,41,18,,,,,
501,62,53,0.07863907483590231,18,3,0.0,0.0,0.0,False,40,18,,,,,
501,62,53,0.07863907483590231,18,4,0.0,0.0,0.0,False,29,18,,,,,
501,62,53,0.07863907483590231,18,5,0.0,0.0,0.0,False,29,18,,,,,
501,62,53,0.07863907483590231,18,6,0.0,0.0,0.0,False,26,18,,,,,
501,62,53,0.07863907483590231,18,7,0.0,0.0,0.0,False,26,18,,,,,
501,62,53,0.07863907483590231,18,8,0.0,0.0,0.0,False,24,18,,,,,
501,62,53,0.07863907483590231,18,9,0.0,0.0,0.0,False,22,18,,,,,
501,62,53,0.07863907483590231,18,10,0.0,0.0,0.0,False,19,18,,,,,
501,62,53,0.07863907483590231,18,11,1.0,1.0,1.0,True,18,18,0.7370006517270569,0.8948002606908227,0.13857616930616673,"[0.23333333333333428, -0.01555555555555621]",0.23385127699691288
501,62,53,0.07863907483590231,18,12,0.0,0.0,0.0,False,15,18,,,,,
501,62,53,0.07863907483590231,18,13,0.0,0.0,0.0,False,13,18,,,,,
501,63,35,0.2907401763206187,29,0,0.0,0.0,0.0,False,42,29,,,,,
501,63,35,0.2907401763206187,29,1,0.0,0.0,0.0,False,41,29,,,,,
501,63,35,0.2907401763206187,29,2,0.0,0.0,0.0,False,41,29,,,,,
501,63,35,0.2907401763206187,29,3,0.0,0.0,0.0,False,40,29,,,,,
501,63,35,0.2907401763206187,29,4,1.0,1.0,1.0,True,29,29,0.903554902441996,0.9614219609767984,0.050817586643132746,"[-0.23172413793103352, -0.009655172413793878]",0.23192520012758583
501,63,35,0.2907401763206187,29,5,0.0,0.0,0.0,False,29,29,,,,,
501,63,35,0.2907401763206187,29,6,0.0,0.0,0.0,False,27,29,,,,,
501,63,35,0.2907401763206187,29,7,0.0,0.0,0.0,False,26,29,,,,,
501,63,35,0.2907401763206187,29,8,0.0,0.0,0.0,False,25,29,,,,,
501,63,35,0.2907401763206187,29,9,0.0,0.0,0.0,False,22,29,,,,,
501,63,35,0.2907401763206187,29,10,0.0,0.0,0.0,False,19,29,,,,,
501,63,35,0.2907401763206187,29,11,0.0,0.0,0.0,False,18,29,,,,,
501,63,35,0.2907401763206187,29,12,0.0,0.0,0.0,False,15,29,,,,,
501,63,35,0.2907401763206187,29,13,0.0,0.0,0.0,False,13,29,,,,,
501,63,37,0.25918563983871595,29,0,0.0,0.0,0.0,False,42,29,,,,,
501,63,37,0.25918563983871595,29,1,0.0,0.0,0.0,False,41,29,,,,,
501,63,37,0.25918563983871595,29,2,0.0,0.0,0.0,False,41,29,,,,,
501,63,37,0.25918563983871595,29,3,0.0,0.0,0.0,False,40,29,,,,,
501,63,37,0.25918563983871595,29,4,1.0,1.0,1.0,True,29,29,0.903554902441996,0.9614219609767984,0.050817586643132746,"[-0.23172413793103352, -0.009655172413793878]",0.23192520012758583
501,63,37,0.25918563983871595,29,5,0.0,0.0,0.0,False,29,29,,,,,
501,63,37,0.25918563983871595,29,6,0.0,0.0,0.0,False,27,29,,,,,
501,63,37,0.25918563983871595,29,7,0.0,0.0,0.0,False,26,29,,,,,
501,63,37,0.25918563983871595,29,8,0.0,0.0,0.0,False,25,29,,,,,
501,63,37,0.25918563983871595,29,9,0.0,0.0,0.0,False,22,29,,,,,
501,63,37,0.25918563983871595,29,10,0.0,0.0,0.0,False,19,29,,,,,
501,63,37,0.25918563983871595,29,11,0.0,0.0,0.0,False,18,29,,,,,
501,63,37,0.25918563983871595,29,12,0.0,0.0,0.0,False,15,29,,,,,
501,63,37,0.25918563983871595,29,13,0.0,0.0,0.0,False,13,29,,,,,
501,63,39,0.1721091356230592,29,0,0.0,0.0,0.0,False,42,29,,,,,
501,63,39,0.1721091356230592,29,1,0.0,0.0,0.0,False,41,29,,,,,
501,63,39,0.1721091356230592,29,2,0.0,0.0,0.0,False,41,29,,,,,
501,63,39,0.1721091356230592,29,3,0.0,0.0,0.0,False,40,29,,,,,
501,63,39,0.1721091356230592,29,4,1.0,1.0,1.0,True,29,29,0.903554902441996,0.9614219609767984,0.050817586643132746,"[-0.23172413793103352, -0.009655172413793878]",0.23192520012758583
501,63,39,0.1721091356230592,29,5,0.0,0.0,0.0,False,29,29,,,,,
501,63,39,0.1721091356230592,29,6,0.0,0.0,0.0,False,27,29,,,,,
501,63,39,0.1721091356230592,29,7,0.0,0.0,0.0,False,26,29,,,,,
501,63,39,0.1721091356230592,29,8,0.0,0.0,0.0,False,25,29,,,,,
501,63,39,0.1721091356230592,29,9,0.0,0.0,0.0,False,22,29,,,,,
501,63,39,0.1721091356230592,29,10,0.0,0.0,0.0,False,19,29,,,,,
501,63,39,0.1721091356230592,29,11,0.0,0.0,0.0,False,18,29,,,,,
501,63,39,0.1721091356230592,29,12,0.0,0.0,0.0,False,15,29,,,,,
501,63,39,0.1721091356230592,29,13,0.0,0.0,0.0,False,13,29,,,,,
501,63,46,0.11111299021755969,26,0,0.0,0.0,0.0,False,42,26,,,,,
501,63,46,0.11111299021755969,26,1,0.0,0.0,0.0,False,41,26,,,,,
501,63,46,0.11111299021755969,26,2,0.0,0.0,0.0,False,41,26,,,,,
501,63,46,0.11111299021755969,26,3,0.0,0.0,0.0,False,40,26,,,,,
501,63,46,0.11111299021755969,26,4,0.0,0.0,0.0,False,29,26,,,,,
501,63,46,0.11111299021755969,26,5,0.0,0.0,0.0,False,29,26,,,,,
501,63,46,0.11111299021755969,26,6,0.0,0.0,0.0,False,27,26,,,,,
501,63,46,0.11111299021755969,26,7,1.0,1.0,1.0,True,26,26,0.8400995939935116,0.9360398375974046,0.08425262602507956,"[-0.18307692307692314, 0.05384615384615188]",0.19083125542566942
501,63,46,0.11111299021755969,26,8,0.0,0.0,0.0,False,25,26,,,,,
501,63,46,0.11111299021755969,26,9,0.0,0.0,0.0,False,22,26,,,,,
501,63,46,0.11111299021755969,26,10,0.0,0.0,0.0,False,19,26,,,,,
501,63,46,0.11111299021755969,26,11,0.0,0.0,0.0,False,18,26,,,,,
501,63,46,0.11111299021755969,26,12,0.0,0.0,0.0,False,15,26,,,,,
501,63,46,0.11111299021755969,26,13,0.0,0.0,0.0,False,13,26,,,,,
501,63,51,0.08821298316414408,18,0,0.0,0.0,0.0,False,42,18,,,,,
501,63,51,0.08821298316414408,18,1,0.0,0.0,0.0,False,41,18,,,,,
501,63,51,0.08821298316414408,18,2,0.0,0.0,0.0,False,41,18,,,,,
501,63,51,0.08821298316414408,18,3,0.0,0.0,0.0,False,40,18,,,,,
501,63,51,0.08821298316414408,18,4,0.0,0.0,0.0,False,29,18,,,,,
501,63,51,0.08821298316414408,18,5,0.0,0.0,0.0,False,29,18,,,,,
501,63,51,0.08821298316414408,18,6,0.0,0.0,0.0,False,27,18,,,,,
501,63,51,0.08821298316414408,18,7,0.0,0.0,0.0,False,26,18,,,,,
501,63,51,0.08821298316414408,18,8,0.0,0.0,0.0,False,25,18,,,,,
501,63,51,0.08821298316414408,18,9,0.0,0.0,0.0,False,22,18,,,,,
501,63,51,0.08821298316414408,18,10,0.0,0.0,0.0,False,19,18,,,,,
501,63,51,0.08821298316414408,18,11,1.0,1.0,1.0,True,18,18,0.8704993958936316,0.9481997583574526,0.06823476087579797,"[0.2177777777777763, 0.0]",0.2177777777777763
501,63,51,0.08821298316414408,18,12,0.0,0.0,0.0,False,15,18,,,,,
501,63,51,0.08821298316414408,18,13,0.0,0.0,0.0,False,13,18,,,,,
501,63,53,0.07863907483590231,18,0,0.0,0.0,0.0,False,42,18,,,,,
501,63,53,0.07863907483590231,18,1,0.0,0.0,0.0,False,41,18,,,,,
501,63,53,0.07863907483590231,18,2,0.0,0.0,0.0,False,41,18,,,,,
501,63,53,0.07863907483590231,18,3,0.0,0.0,0.0,False,40,18,,,,,
501,63,53,0.07863907483590231,18,4,0.0,0.0,0.0,False,29,18,,,,,
501,63,53,0.07863907483590231,18,5,0.0,0.0,0.0,False,29,18,,,,,
501,63,53,0.07863907483590231,18,6,0.0,0.0,0.0,False,27,18,,,,,
501,63,53,0.07863907483590231,18,7,0.0,0.0,0.0,False,26,18,,,,,
501,63,53,0.07863907483590231,18,8,0.0,0.0,0.0,False,25,18,,,,,
501,63,53,0.07863907483590231,18,9,0.0,0.0,0.0,False,22,18,,,,,
501,63,53,0.07863907483590231,18,10,0.0,0.0,0.0,False,19,18,,,,,
501,63,53,0.07863907483590231,18,11,1.0,1.0,1.0,True,18,18,0.8704993958936316,0.9481997583574526,0.06823476087579797,"[0.2177777777777763, 0.0]",0.2177777777777763
501,63,53,0.07863907483590231,18,12,0.0,0.0,0.0,False,15,18,,,,,
501,63,53,0.07863907483590231,18,13,0.0,0.0,0.0,False,13,18,,,,,
501,64,35,0.2907401763206187,29,0,0.0,0.0,0.0,False,43,29,,,,,
501,64,35,0.2907401763206187,29,1,0.0,0.0,0.0,False,41,29,,,,,
501,64,35,0.2907401763206187,29,2,0.0,0.0,0.0,False,40,29,,,,,
501,64,35,0.2907401763206187,29,3,0.0,0.0,0.0,False,39,29,,,,,
501,64,35,0.2907401763206187,29,4,1.0,1.0,1.0,True,29,29,0.8905347894104646,0.9562139157641858,0.05767797393949377,"[-0.2317241379310353, 0.02896551724137808]",0.23352746581278624
501,64,35,0.2907401763206187,29,5,0.0,0.0,0.0,False,29,29,,,,,
501,64,35,0.2907401763206187,29,6,0.0,0.0,0.0,False,26,29,,,,,
501,64,35,0.2907401763206187,29,7,0.0,0.0,0.0,False,26,29,,,,,
501,64,35,0.2907401763206187,29,8,0.0,0.0,0.0,False,25,29,,,,,
501,64,35,0.2907401763206187,29,9,0.0,0.0,0.0,False,22,29,,,,,
501,64,35,0.2907401763206187,29,10,0.0,0.0,0.0,False,19,29,,,,,
501,64,35,0.2907401763206187,29,11,0.0,0.0,0.0,False,18,29,,,,,
501,64,35,0.2907401763206187,29,12,0.0,0.0,0.0,False,15,29,,,,,
501,64,35,0.2907401763206187,29,13,0.0,0.0,0.0,False,13,29,,,,,
501,64,37,0.25918563983871595,29,0,0.0,0.0,0.0,False,43,29,,,,,
501,64,37,0.25918563983871595,29,1,0.0,0.0,0.0,False,41,29,,,,,
501,64,37,0.25918563983871595,29,2,0.0,0.0,0.0,False,40,29,,,,,
501,64,37,0.25918563983871595,29,3,0.0,0.0,0.0,False,39,29,,,,,
501,64,37,0.25918563983871595,29,4,1.0,1.0,1.0,True,29,29,0.8905347894104646,0.9562139157641858,0.05767797393949377,"[-0.2317241379310353, 0.02896551724137808]",0.23352746581278624
501,64,37,0.25918563983871595,29,5,0.0,0.0,0.0,False,29,29,,,,,
501,64,37,0.25918563983871595,29,6,0.0,0.0,0.0,False,26,29,,,,,
501,64,37,0.25918563983871595,29,7,0.0,0.0,0.0,False,26,29,,,,,
501,64,37,0.25918563983871595,29,8,0.0,0.0,0.0,False,25,29,,,,,
501,64,37,0.25918563983871595,29,9,0.0,0.0,0.0,False,22,29,,,,,
501,64,37,0.25918563983871595,29,10,0.0,0.0,0.0,False,19,29,,,,,
501,64,37,0.25918563983871595,29,11,0.0,0.0,0.0,False,18,29,,,,,
501,64,37,0.25918563983871595,29,12,0.0,0.0,0.0,False,15,29,,,,,
501,64,37,0.25918563983871595,29,13,0.0,0.0,0.0,False,13,29,,,,,
501,64,39,0.1721091356230592,29,0,0.0,0.0,0.0,False,43,29,,,,,
501,64,39,0.1721091356230592,29,1,0.0,0.0,0.0,False,41,29,,,,,
501,64,39,0.1721091356230592,29,2,0.0,0.0,0.0,False,40,29,,,,,
501,64,39,0.1721091356230592,29,3,0.0,0.0,0.0,False,39,29,,,,,
501,64,39,0.1721091356230592,29,4,1.0,1.0,1.0,True,29,29,0.8905347894104646,0.9562139157641858,0.05767797393949377,"[-0.2317241379310353, 0.02896551724137808]",0.23352746581278624
501,64,39,0.1721091356230592,29,5,0.0,0.0,0.0,False,29,29,,,,,
501,64,39,0.1721091356230592,29,6,0.0,0.0,0.0,False,26,29,,,,,
501,64,39,0.1721091356230592,29,7,0.0,0.0,0.0,False,26,29,,,,,
501,64,39,0.1721091356230592,29,8,0.0,0.0,0.0,False,25,29,,,,,
501,64,39,0.1721091356230592,29,9,0.0,0.0,0.0,False,22,29,,,,,
501,64,39,0.1721091356230592,29,10,0.0,0.0,0.0,False,19,29,,,,,
501,64,39,0.1721091356230592,29,11,0.0,0.0,0.0,False,18,29,,,,,
501,64,39,0.1721091356230592,29,12,0.0,0.0,0.0,False,15,29,,,,,
501,64,39,0.1721091356230592,29,13,0.0,0.0,0.0,False,13,29,,,,,
501,64,46,0.11111299021755969,26,0,0.0,0.0,0.0,False,43,26,,,,,
501,64,46,0.11111299021755969,26,1,0.0,0.0,0.0,False,41,26,,,,,
501,64,46,0.11111299021755969,26,2,0.0,0.0,0.0,False,40,26,,,,,
501,64,46,0.11111299021755969,26,3,0.0,0.0,0.0,False,39,26,,,,,
501,64,46,0.11111299021755969,26,4,0.0,0.0,0.0,False,29,26,,,,,
501,64,46,0.11111299021755969,26,5,0.0,0.0,0.0,False,29,26,,,,,
501,64,46,0.11111299021755969,26,6,1.0,1.0,1.0,True,26,26,0.8465591837130044,0.9386236734852018,0.08084902367969345,"[-0.19384615384615422, 0.043076923076924345]",0.19857480369553976
501,64,46,0.11111299021755969,26,7,0.0,0.0,0.0,False,26,26,,,,,
501,64,46,0.11111299021755969,26,8,0.0,0.0,0.0,False,25,26,,,,,
501,64,46,0.11111299021755969,26,9,0.0,0.0,0.0,False,22,26,,,,,
501,64,46,0.11111299021755969,26,10,0.0,0.0,0.0,False,19,26,,,,,
501,64,46,0.11111299021755969,26,11,0.0,0.0,0.0,False,18,26,,,,,
501,64,46,0.11111299021755969,26,12,0.0,0.0,0.0,False,15,26,,,,,
501,64,46,0.11111299021755969,26,13,0.0,0.0,0.0,False,13,26,,,,,
501,64,51,0.08821298316414408,18,0,0.0,0.0,0.0,False,43,18,,,,,
501,64,51,0.08821298316414408,18,1,0.0,0.0,0.0,False,41,18,,,,,
501,64,51,0.08821298316414408,18,2,0.0,0.0,0.0,False,40,18,,,,,
501,64,51,0.08821298316414408,18,3,0.0,0.0,0.0,False,39,18,,,,,
501,64,51,0.08821298316414408,18,4,0.0,0.0,0.0,False,29,18,,,,,
501,64,51,0.08821298316414408,18,5,0.0,0.0,0.0,False,29,18,,,,,
501,64,51,0.08821298316414408,18,6,0.0,0.0,0.0,False,26,18,,,,,
501,64,51,0.08821298316414408,18,7,0.0,0.0,0.0,False,26,18,,,,,
501,64,51,0.08821298316414408,18,8,0.0,0.0,0.0,False,25,18,,,,,
501,64,51,0.08821298316414408,18,9,0.0,0.0,0.0,False,22,18,,,,,
501,64,51,0.08821298316414408,18,10,0.0,0.0,0.0,False,19,18,,,,,
501,64,51,0.08821298316414408,18,11,1.0,1.0,1.0,True,18,18,0.814141899629232,0.9256567598516928,0.09792991409686982,"[0.24888888888888872, -0.031111111111110645]",0.25082579661373244
501,64,51,0.08821298316414408,18,12,0.0,0.0,0.0,False,15,18,,,,,
501,64,51,0.08821298316414408,18,13,0.0,0.0,0.0,False,13,18,,,,,
501,64,53,0.07863907483590231,18,0,0.0,0.0,0.0,False,43,18,,,,,
501,64,53,0.07863907483590231,18,1,0.0,0.0,0.0,False,41,18,,,,,
501,64,53,0.07863907483590231,18,2,0.0,0.0,0.0,False,40,18,,,,,
501,64,53,0.07863907483590231,18,3,0.0,0.0,0.0,False,39,18,,,,,
501,64,53,0.07863907483590231,18,4,0.0,0.0,0.0,False,29,18,,,,,
501,64,53,0.07863907483590231,18,5,0.0,0.0,0.0,False,29,18,,,,,
501,64,53,0.07863907483590231,18,6,0.0,0.0,0.0,False,26,18,,,,,
501,64,53,0.07863907483590231,18,7,0.0,0.0,0.0,False,26,18,,,,,
501,64,53,0.07863907483590231,18,8,0.0,0.0,0.0,False,25,18,,,,,
501,64,53,0.07863907483590231,18,9,0.0,0.0,0.0,False,22,18,,,,,
501,64,53,0.07863907483590231,18,10,0.0,0.0,0.0,False,19,18,,,,,
501,64,53,0.07863907483590231,18,11,1.0,1.0,1.0,True,18,18,0.814141899629232,0.9256567598516928,0.09792991409686982,"[0.24888888888888872, -0.031111111111110645]",0.25082579661373244
501,64,53,0.07863907483590231,18,12,0.0,0.0,0.0,False,15,18,,,,,
501,64,53,0.07863907483590231,18,13,0.0,0.0,0.0,False,13,18,,,,,
501,65,35,0.2907401763206187,29,0,0.0,0.0,0.0,False,42,29,,,,,
501,65,35,0.2907401763206187,29,1,0.0,0.0,0.0,False,39,29,,,,,
501,65,35,0.2907401763206187,29,2,0.0,0.0,0.0,False,39,29,,,,,
501,65,35,0.2907401763206187,29,3,0.0,0.0,0.0,False,38,29,,,,,
501,65,35,0.2907401763206187,29,4,1.0,0.9666666666666667,0.9830508474576272,True,30,29,0.9205959098799206,0.9580688724265445,0.0418385623703626,"[-0.2928898202407133, -0.011139571667630577]",0.2931015811243188
501,65,35,0.2907401763206187,29,5,0.0,0.0,0.0,False,29,29,,,,,
501,65,35,0.2907401763206187,29,6,0.0,0.0,0.0,False,26,29,,,,,
501,65,35,0.2907401763206187,29,7,0.0,0.0,0.0,False,26,29,,,,,
501,65,35,0.2907401763206187,29,8,0.0,0.0,0.0,False,25,29,,,,,
501,65,35,0.2907401763206187,29,9,0.0,0.0,0.0,False,20,29,,,,,
501,65,35,0.2907401763206187,29,10,0.0,0.0,0.0,False,18,29,,,,,
501,65,35,0.2907401763206187,29,11,0.0,0.0,0.0,False,18,29,,,,,
501,65,35,0.2907401763206187,29,12,0.0,0.0,0.0,False,15,29,,,,,
501,65,35,0.2907401763206187,29,13,0.0,0.0,0.0,False,13,29,,,,,
501,65,37,0.25918563983871595,29,0,0.0,0.0,0.0,False,42,29,,,,,
501,65,37,0.25918563983871595,29,1,0.0,0.0,0.0,False,39,29,,,,,
501,65,37,0.25918563983871595,29,2,0.0,0.0,0.0,False,39,29,,,,,
501,65,37,0.25918563983871595,29,3,0.0,0.0,0.0,False,38,29,,,,,
501,65,37,0.25918563983871595,29,4,1.0,0.9666666666666667,0.9830508474576272,True,30,29,0.9205959098799206,0.9580688724265445,0.0418385623703626,"[-0.2928898202407133, -0.011139571667630577]",0.2931015811243188
501,65,37,0.25918563983871595,29,5,0.0,0.0,0.0,False,29,29,,,,,
501,65,37,0.25918563983871595,29,6,0.0,0.0,0.0,False,26,29,,,,,
501,65,37,0.25918563983871595,29,7,0.0,0.0,0.0,False,26,29,,,,,
501,65,37,0.25918563983871595,29,8,0.0,0.0,0.0,False,25,29,,,,,
501,65,37,0.25918563983871595,29,9,0.0,0.0,0.0,False,20,29,,,,,
501,65,37,0.25918563983871595,29,10,0.0,0.0,0.0,False,18,29,,,,,
501,65,37,0.25918563983871595,29,11,0.0,0.0,0.0,False,18,29,,,,,
501,65,37,0.25918563983871595,29,12,0.0,0.0,0.0,False,15,29,,,,,
501,65,37,0.25918563983871595,29,13,0.0,0.0,0.0,False,13,29,,,,,
501,65,39,0.1721091356230592,29,0,0.0,0.0,0.0,False,42,29,,,,,
501,65,39,0.1721091356230592,29,1,0.0,0.0,0.0,False,39,29,,,,,
501,65,39,0.1721091356230592,29,2,0.0,0.0,0.0,False,39,29,,,,,
501,65,39,0.1721091356230592,29,3,0.0,0.0,0.0,False,38,29,,,,,
501,65,39,0.1721091356230592,29,4,1.0,0.9666666666666667,0.9830508474576272,True,30,29,0.9205959098799206,0.9580688724265445,0.0418385623703626,"[-0.2928898202407133, -0.011139571667630577]",0.2931015811243188
501,65,39,0.1721091356230592,29,5,0.0,0.0,0.0,False,29,29,,,,,
501,65,39,0.1721091356230592,29,6,0.0,0.0,0.0,False,26,29,,,,,
501,65,39,0.1721091356230592,29,7,0.0,0.0,0.0,False,26,29,,,,,
501,65,39,0.1721091356230592,29,8,0.0,0.0,0.0,False,25,29,,,,,
501,65,39,0.1721091356230592,29,9,0.0,0.0,0.0,False,20,29,,,,,
501,65,39,0.1721091356230592,29,10,0.0,0.0,0.0,False,18,29,,,,,
501,65,39,0.1721091356230592,29,11,0.0,0.0,0.0,False,18,29,,,,,
501,65,39,0.1721091356230592,29,12,0.0,0.0,0.0,False,15,29,,,,,
501,65,39,0.1721091356230592,29,13,0.0,0.0,0.0,False,13,29,,,,,
501,65,46,0.11111299021755969,26,0,0.0,0.0,0.0,False,42,26,,,,,
501,65,46,0.11111299021755969,26,1,0.0,0.0,0.0,False,39,26,,,,,
501,65,46,0.11111299021755969,26,2,0.0,0.0,0.0,False,39,26,,,,,
501,65,46,0.11111299021755969,26,3,0.0,0.0,0.0,False,38,26,,,,,
501,65,46,0.11111299021755969,26,4,0.0,0.0,0.0,False,30,26,,,,,
501,65,46,0.11111299021755969,26,5,0.0,0.0,0.0,False,29,26,,,,,
501,65,46,0.11111299021755969,26,6,1.0,1.0,1.0,True,26,26,0.8248998755093527,0.9299599502037411,0.09226146245717948,"[-0.2261538461538457, 0.032307692307689706]",0.22844988315257608
501,65,46,0.11111299021755969,26,7,0.0,0.0,0.0,False,26,26,,,,,
501,65,46,0.11111299021755969,26,8,0.0,0.0,0.0,False,25,26,,,,,
501,65,46,0.11111299021755969,26,9,0.0,0.0,0.0,False,20,26,,,,,
501,65,46,0.11111299021755969,26,10,0.0,0.0,0.0,False,18,26,,,,,
501,65,46,0.11111299021755969,26,11,0.0,0.0,0.0,False,18,26,,,,,
501,65,46,0.11111299021755969,26,12,0.0,0.0,0.0,False,15,26,,,,,
501,65,46,0.11111299021755969,26,13,0.0,0.0,0.0,False,13,26,,,,,
501,65,51,0.08821298316414408,18,0,0.0,0.0,0.0,False,42,18,,,,,
501,65,51,0.08821298316414408,18,1,0.0,0.0,0.0,False,39,18,,,,,
501,65,51,0.08821298316414408,18,2,0.0,0.0,0.0,False,39,18,,,,,
501,65,51,0.08821298316414408,18,3,0.0,0.0,0.0,False,38,18,,,,,
501,65,51,0.08821298316414408,18,4,0.0,0.0,0.0,False,30,18,,,,,
501,65,51,0.08821298316414408,18,5,0.0,0.0,0.0,False,29,18,,,,,
501,65,51,0.08821298316414408,18,6,0.0,0.0,0.0,False,26,18,,,,,
501,65,51,0.08821298316414408,18,7,0.0,0.0,0.0,False,26,18,,,,,
501,65,51,0.08821298316414408,18,8,0.0,0.0,0.0,False,25,18,,,,,
501,65,51,0.08821298316414408,18,9,0.0,0.0,0.0,False,20,18,,,,,
501,65,51,0.08821298316414408,18,10,0.0,0.0,0.0,False,18,18,,,,,
501,65,51,0.08821298316414408,18,11,1.0,1.0,1.0,True,18,18,0.7667705826034362,0.9067082330413745,0.12289018754062773,"[0.171111111111113, -0.0777777777777775]",0.18795849292258382
501,65,51,0.08821298316414408,18,12,0.0,0.0,0.0,False,15,18,,,,,
501,65,51,0.08821298316414408,18,13,0.0,0.0,0.0,False,13,18,,,,,
501,65,53,0.07863907483590231,18,0,0.0,0.0,0.0,False,42,18,,,,,
501,65,53,0.07863907483590231,18,1,0.0,0.0,0.0,False,39,18,,,,,
501,65,53,0.07863907483590231,18,2,0.0,0.0,0.0,False,39,18,,,,,
501,65,53,0.07863907483590231,18,3,0.0,0.0,0.0,False,38,18,,,,,
501,65,53,0.07863907483590231,18,4,0.0,0.0,0.0,False,30,18,,,,,
501,65,53,0.07863907483590231,18,5,0.0,0.0,0.0,False,29,18,,,,,
501,65,53,0.07863907483590231,18,6,0.0,0.0,0.0,False,26,18,,,,,
501,65,53,0.07863907483590231,18,7,0.0,0.0,0.0,False,26,18,,,,,
501,65,53,0.07863907483590231,18,8,0.0,0.0,0.0,False,25,18,,,,,
501,65,53,0.07863907483590231,18,9,0.0,0.0,0.0,False,20,18,,,,,
501,65,53,0.07863907483590231,18,10,0.0,0.0,0.0,False,18,18,,,,,
501,65,53,0.07863907483590231,18,11,1.0,1.0,1.0,True,18,18,0.7667705826034362,0.9067082330413745,0.12289018754062773,"[0.171111111111113, -0.0777777777777775]",0.18795849292258382
501,65,53,0.07863907483590231,18,12,0.0,0.0,0.0,False,15,18,,,,,
501,65,53,0.07863907483590231,18,13,0.0,0.0,0.0,False,13,18,,,,,
501,66,35,0.2907401763206187,30,0,0.0,0.0,0.0,False,53,30,,,,,
501,66,35,0.2907401763206187,30,1,0.0,0.0,0.0,False,51,30,,,,,
501,66,35,0.2907401763206187,30,2,0.0,0.0,0.0,False,40,30,,,,,
501,66,35,0.2907401763206187,30,3,0.0,0.0,0.0,False,39,30,,,,,
501,66,35,0.2907401763206187,30,4,0.0,0.0,0.0,False,36,30,,,,,
501,66,35,0.2907401763206187,30,5,1.0,0.967741935483871,0.9836065573770492,True,31,30,0.9284407588155077,0.9615402379524326,0.03770505739623239,"[-0.27954806363711526, -0.031015597780019277]",0.281263376906615
501,66,35,0.2907401763206187,30,6,0.0,0.0,0.0,False,29,30,,,,,
501,66,35,0.2907401763206187,30,7,0.0,0.0,0.0,False,28,30,,,,,
501,66,35,0.2907401763206187,30,8,0.0,0.0,0.0,False,25,30,,,,,
501,66,35,0.2907401763206187,30,9,0.0,0.0,0.0,False,20,30,,,,,
501,66,35,0.2907401763206187,30,10,0.0,0.0,0.0,False,18,30,,,,,
501,66,35,0.2907401763206187,30,11,0.0,0.0,0.0,False,13,30,,,,,
501,66,37,0.25918563983871595,30,0,0.0,0.0,0.0,False,53,30,,,,,
501,66,37,0.25918563983871595,30,1,0.0,0.0,0.0,False,51,30,,,,,
501,66,37,0.25918563983871595,30,2,0.0,0.0,0.0,False,40,30,,,,,
501,66,37,0.25918563983871595,30,3,0.0,0.0,0.0,False,39,30,,,,,
501,66,37,0.25918563983871595,30,4,0.0,0.0,0.0,False,36,30,,,,,
501,66,37,0.25918563983871595,30,5,1.0,0.967741935483871,0.9836065573770492,True,31,30,0.9284407588155077,0.9615402379524326,0.03770505739623239,"[-0.27954806363711526, -0.031015597780019277]",0.281263376906615
501,66,37,0.25918563983871595,30,6,0.0,0.0,0.0,False,29,30,,,,,
501,66,37,0.25918563983871595,30,7,0.0,0.0,0.0,False,28,30,,,,,
501,66,37,0.25918563983871595,30,8,0.0,0.0,0.0,False,25,30,,,,,
501,66,37,0.25918563983871595,30,9,0.0,0.0,0.0,False,20,30,,,,,
501,66,37,0.25918563983871595,30,10,0.0,0.0,0.0,False,18,30,,,,,
501,66,37,0.25918563983871595,30,11,0.0,0.0,0.0,False,13,30,,,,,
501,66,39,0.1721091356230592,30,0,0.0,0.0,0.0,False,53,30,,,,,
501,66,39,0.1721091356230592,30,1,0.0,0.0,0.0,False,51,30,,,,,
501,66,39,0.1721091356230592,30,2,0.0,0.0,0.0,False,40,30,,,,,
501,66,39,0.1721091356230592,30,3,0.0,0.0,0.0,False,39,30,,,,,
501,66,39,0.1721091356230592,30,4,0.0,0.0,0.0,False,36,30,,,,,
501,66,39,0.1721091356230592,30,5,1.0,0.967741935483871,0.9836065573770492,True,31,30,0.9284407588155077,0.9615402379524326,0.03770505739623239,"[-0.27954806363711526, -0.031015597780019277]",0.281263376906615
501,66,39,0.1721091356230592,30,6,0.0,0.0,0.0,False,29,30,,,,,
501,66,39,0.1721091356230592,30,7,0.0,0.0,0.0,False,28,30,,,,,
501,66,39,0.1721091356230592,30,8,0.0,0.0,0.0,False,25,30,,,,,
501,66,39,0.1721091356230592,30,9,0.0,0.0,0.0,False,20,30,,,,,
501,66,39,0.1721091356230592,30,10,0.0,0.0,0.0,False,18,30,,,,,
501,66,39,0.1721091356230592,30,11,0.0,0.0,0.0,False,13,30,,,,,
501,66,46,0.11111299021755969,26,0,0.0,0.0,0.0,False,53,26,,,,,
501,66,46,0.11111299021755969,26,1,0.0,0.0,0.0,False,51,26,,,,,
501,66,46,0.11111299021755969,26,2,0.038461538461538464,0.025,0.030303030303030304,False,40,26,,,,,
501,66,46,0.11111299021755969,26,3,0.0,0.0,0.0,False,39,26,,,,,
501,66,46,0.11111299021755969,26,4,0.0,0.0,0.0,False,36,26,,,,,
501,66,46,0.11111299021755969,26,5,0.0,0.0,0.0,False,31,26,,,,,
501,66,46,0.11111299021755969,26,6,0.0,0.0,0.0,False,29,26,,,,,
501,66,46,0.11111299021755969,26,7,0.0,0.0,0.0,False,28,26,,,,,
501,66,46,0.11111299021755969,26,8,0.9615384615384616,1.0,0.9803921568627451,True,25,26,0.8673078009696108,0.9351584145054913,0.06991643423906732,"[-0.2916848881045162, -0.028575642166341453]",0.29308128782602777
501,66,46,0.11111299021755969,26,9,0.0,0.0,0.0,False,20,26,,,,,
501,66,46,0.11111299021755969,26,10,0.0,0.0,0.0,False,18,26,,,,,
501,66,46,0.11111299021755969,26,11,0.0,0.0,0.0,False,13,26,,,,,
501,66,51,0.08821298316414408,18,0,0.0,0.0,0.0,False,53,18,,,,,
501,66,51,0.08821298316414408,18,1,0.0,0.0,0.0,False,51,18,,,,,
501,66,51,0.08821298316414408,18,2,0.0,0.0,0.0,False,40,18,,,,,
501,66,51,0.08821298316414408,18,3,0.0,0.0,0.0,False,39,18,,,,,
501,66,51,0.08821298316414408,18,4,0.0,0.0,0.0,False,36,18,,,,,
501,66,51,0.08821298316414408,18,5,0.0,0.0,0.0,False,31,18,,,,,
501,66,51,0.08821298316414408,18,6,0.0,0.0,0.0,False,29,18,,,,,
501,66,51,0.08821298316414408,18,7,0.0,0.0,0.0,False,28,18,,,,,
501,66,51,0.08821298316414408,18,8,0.0,0.0,0.0,False,25,18,,,,,
501,66,51,0.08821298316414408,18,9,0.0,0.0,0.0,False,20,18,,,,,
501,66,51,0.08821298316414408,18,10,1.0,1.0,1.0,True,18,18,0.7674347949391175,0.906973917975647,0.12254020948292896,"[0.23333333333333428, -0.01555555555555621]",0.23385127699691288
501,66,51,0.08821298316414408,18,11,0.0,0.0,0.0,False,13,18,,,,,
501,66,53,0.07863907483590231,18,0,0.0,0.0,0.0,False,53,18,,,,,
501,66,53,0.07863907483590231,18,1,0.0,0.0,0.0,False,51,18,,,,,
501,66,53,0.07863907483590231,18,2,0.0,0.0,0.0,False,40,18,,,,,
501,66,53,0.07863907483590231,18,3,0.0,0.0,0.0,False,39,18,,,,,
501,66,53,0.07863907483590231,18,4,0.0,0.0,0.0,False,36,18,,,,,
501,66,53,0.07863907483590231,18,5,0.0,0.0,0.0,False,31,18,,,,,
501,66,53,0.07863907483590231,18,6,0.0,0.0,0.0,False,29,18,,,,,
501,66,53,0.07863907483590231,18,7,0.0,0.0,0.0,False,28,18,,,,,
501,66,53,0.07863907483590231,18,8,0.0,0.0,0.0,False,25,18,,,,,
501,66,53,0.07863907483590231,18,9,0.0,0.0,0.0,False,20,18,,,,,
501,66,53,0.07863907483590231,18,10,1.0,1.0,1.0,True,18,18,0.7674347949391175,0.906973917975647,0.12254020948292896,"[0.23333333333333428, -0.01555555555555621]",0.23385127699691288
501,66,53,0.07863907483590231,18,11,0.0,0.0,0.0,False,13,18,,,,,
501,67,35,0.2907401763206187,31,0,0.0,0.0,0.0,False,49,31,,,,,
501,67,35,0.2907401763206187,31,1,0.0,0.0,0.0,False,43,31,,,,,
501,67,35,0.2907401763206187,31,2,0.0,0.0,0.0,False,39,31,,,,,
501,67,35,0.2907401763206187,31,3,0.0,0.0,0.0,False,35,31,,,,,
501,67,35,0.2907401763206187,31,4,0.9354838709677419,0.9666666666666667,0.9508196721311475,True,30,31,0.8940247270223959,0.9281016940876468,0.05583910175766217,"[-0.3623429555895328, -0.05615578899342566]",0.3666686380137143
501,67,35,0.2907401763206187,31,5,0.0,0.0,0.0,False,30,31,,,,,
501,67,35,0.2907401763206187,31,6,0.0,0.0,0.0,False,29,31,,,,,
501,67,35,0.2907401763206187,31,7,0.06451612903225806,0.07142857142857142,0.06779661016949153,False,28,31,,,,,
501,67,35,0.2907401763206187,31,8,0.0,0.0,0.0,False,28,31,,,,,
501,67,35,0.2907401763206187,31,9,0.0,0.0,0.0,False,23,31,,,,,
501,67,35,0.2907401763206187,31,10,0.0,0.0,0.0,False,19,31,,,,,
501,67,35,0.2907401763206187,31,11,0.0,0.0,0.0,False,16,31,,,,,
501,67,35,0.2907401763206187,31,12,0.0,0.0,0.0,False,13,31,,,,,
501,67,37,0.25918563983871595,31,0,0.0,0.0,0.0,False,49,31,,,,,
501,67,37,0.25918563983871595,31,1,0.0,0.0,0.0,False,43,31,,,,,
501,67,37,0.25918563983871595,31,2,0.0,0.0,0.0,False,39,31,,,,,
501,67,37,0.25918563983871595,31,3,0.0,0.0,0.0,False,35,31,,,,,
501,67,37,0.25918563983871595,31,4,0.9354838709677419,0.9666666666666667,0.9508196721311475,True,30,31,0.8940247270223959,0.9281016940876468,0.05583910175766217,"[-0.3623429555895328, -0.05615578899342566]",0.3666686380137143
501,67,37,0.25918563983871595,31,5,0.0,0.0,0.0,False,30,31,,,,,
501,67,37,0.25918563983871595,31,6,0.0,0.0,0.0,False,29,31,,,,,
501,67,37,0.25918563983871595,31,7,0.06451612903225806,0.07142857142857142,0.06779661016949153,False,28,31,,,,,
501,67,37,0.25918563983871595,31,8,0.0,0.0,0.0,False,28,31,,,,,
501,67,37,0.25918563983871595,31,9,0.0,0.0,0.0,False,23,31,,,,,
501,67,37,0.25918563983871595,31,10,0.0,0.0,0.0,False,19,31,,,,,
501,67,37,0.25918563983871595,31,11,0.0,0.0,0.0,False,16,31,,,,,
501,67,37,0.25918563983871595,31,12,0.0,0.0,0.0,False,13,31,,,,,
501,67,39,0.1721091356230592,31,0,0.0,0.0,0.0,False,49,31,,,,,
501,67,39,0.1721091356230592,31,1,0.0,0.0,0.0,False,43,31,,,,,
501,67,39,0.1721091356230592,31,2,0.0,0.0,0.0,False,39,31,,,,,
501,67,39,0.1721091356230592,31,3,0.0,0.0,0.0,False,35,31,,,,,
501,67,39,0.1721091356230592,31,4,0.9354838709677419,0.9666666666666667,0.9508196721311475,True,30,31,0.8940247270223959,0.9281016940876468,0.05583910175766217,"[-0.3623429555895328, -0.05615578899342566]",0.3666686380137143
501,67,39,0.1721091356230592,31,5,0.0,0.0,0.0,False,30,31,,,,,
501,67,39,0.1721091356230592,31,6,0.0,0.0,0.0,False,29,31,,,,,
501,67,39,0.1721091356230592,31,7,0.06451612903225806,0.07142857142857142,0.06779661016949153,False,28,31,,,,,
501,67,39,0.1721091356230592,31,8,0.0,0.0,0.0,False,28,31,,,,,
501,67,39,0.1721091356230592,31,9,0.0,0.0,0.0,False,23,31,,,,,
501,67,39,0.1721091356230592,31,10,0.0,0.0,0.0,False,19,31,,,,,
501,67,39,0.1721091356230592,31,11,0.0,0.0,0.0,False,16,31,,,,,
501,67,39,0.1721091356230592,31,12,0.0,0.0,0.0,False,13,31,,,,,
501,67,46,0.11111299021755969,25,0,0.0,0.0,0.0,False,49,25,,,,,
501,67,46,0.11111299021755969,25,1,0.0,0.0,0.0,False,43,25,,,,,
501,67,46,0.11111299021755969,25,2,0.0,0.0,0.0,False,39,25,,,,,
501,67,46,0.11111299021755969,25,3,0.0,0.0,0.0,False,35,25,,,,,
501,67,46,0.11111299021755969,25,4,0.0,0.0,0.0,False,30,25,,,,,
501,67,46,0.11111299021755969,25,5,0.0,0.0,0.0,False,30,25,,,,,
501,67,46,0.11111299021755969,25,6,0.0,0.0,0.0,False,29,25,,,,,
501,67,46,0.11111299021755969,25,7,1.0,0.8928571428571429,0.9433962264150944,True,28,25,0.7964032356973414,0.8845990301279931,0.10727653838485006,"[-0.18607344412867732, -0.09046781202335552]",0.20690034224766568
501,67,46,0.11111299021755969,25,8,0.0,0.0,0.0,False,28,25,,,,,
501,67,46,0.11111299021755969,25,9,0.0,0.0,0.0,False,23,25,,,,,
501,67,46,0.11111299021755969,25,10,0.0,0.0,0.0,False,19,25,,,,,
501,67,46,0.11111299021755969,25,11,0.0,0.0,0.0,False,16,25,,,,,
501,67,46,0.11111299021755969,25,12,0.0,0.0,0.0,False,13,25,,,,,
501,67,51,0.08821298316414408,18,0,0.0,0.0,0.0,False,49,18,,,,,
501,67,51,0.08821298316414408,18,1,0.0,0.0,0.0,False,43,18,,,,,
501,67,51,0.08821298316414408,18,2,0.0,0.0,0.0,False,39,18,,,,,
501,67,51,0.08821298316414408,18,3,0.0,0.0,0.0,False,35,18,,,,,
501,67,51,0.08821298316414408,18,4,0.0,0.0,0.0,False,30,18,,,,,
501,67,51,0.08821298316414408,18,5,0.0,0.0,0.0,False,30,18,,,,,
501,67,51,0.08821298316414408,18,6,0.0,0.0,0.0,False,29,18,,,,,
501,67,51,0.08821298316414408,18,7,0.0,0.0,0.0,False,28,18,,,,,
501,67,51,0.08821298316414408,18,8,0.0,0.0,0.0,False,28,18,,,,,
501,67,51,0.08821298316414408,18,9,0.0,0.0,0.0,False,23,18,,,,,
501,67,51,0.08821298316414408,18,10,1.0,0.9473684210526315,0.972972972972973,True,19,18,0.8114651947313669,0.9083698616763306,0.09934028835652106,"[0.2585592579457163, -0.11058577544771708]",0.2812154042736855
501,67,51,0.08821298316414408,18,11,0.0,0.0,0.0,False,16,18,,,,,
501,67,51,0.08821298316414408,18,12,0.0,0.0,0.0,False,13,18,,,,,
501,67,53,0.07863907483590231,18,0,0.0,0.0,0.0,False,49,18,,,,,
501,67,53,0.07863907483590231,18,1,0.0,0.0,0.0,False,43,18,,,,,
501,67,53,0.07863907483590231,18,2,0.0,0.0,0.0,False,39,18,,,,,
501,67,53,0.07863907483590231,18,3,0.0,0.0,0.0,False,35,18,,,,,
501,67,53,0.07863907483590231,18,4,0.0,0.0,0.0,False,30,18,,,,,
501,67,53,0.07863907483590231,18,5,0.0,0.0,0.0,False,30,18,,,,,
501,67,53,0.07863907483590231,18,6,0.0,0.0,0.0,False,29,18,,,,,
501,67,53,0.07863907483590231,18,7,0.0,0.0,0.0,False,28,18,,,,,
501,67,53,0.07863907483590231,18,8,0.0,0.0,0.0,False,28,18,,,,,
501,67,53,0.07863907483590231,18,9,0.0,0.0,0.0,False,23,18,,,,,
501,67,53,0.07863907483590231,18,10,1.0,0.9473684210526315,0.972972972972973,True,19,18,0.8114651947313669,0.9083698616763306,0.09934028835652106,"[0.2585592579457163, -0.11058577544771708]",0.2812154042736855
501,67,53,0.07863907483590231,18,11,0.0,0.0,0.0,False,16,18,,,,,
501,67,53,0.07863907483590231,18,12,0.0,0.0,0.0,False,13,18,,,,,
501,68,35,0.2907401763206187,30,0,0.0,0.0,0.0,False,50,30,,,,,
501,68,35,0.2907401763206187,30,1,0.0,0.0,0.0,False,44,30,,,,,
501,68,35,0.2907401763206187,30,2,1.0,0.7317073170731707,0.8450704225352113,True,41,30,0.677397245900352,0.7780011518812675,0.16998161464777922,"[-0.409477929120337, -0.17007451896140324]",0.44339318492353086
501,68,35,0.2907401763206187,30,3,0.0,0.0,0.0,False,39,30,,,,,
501,68,35,0.2907401763206187,30,4,0.0,0.0,0.0,False,36,30,,,,,
501,68,35,0.2907401763206187,30,5,0.0,0.0,0.0,False,29,30,,,,,
501,68,35,0.2907401763206187,30,6,0.0,0.0,0.0,False,29,30,,,,,
501,68,35,0.2907401763206187,30,7,0.0,0.0,0.0,False,24,30,,,,,
501,68,35,0.2907401763206187,30,8,0.0,0.0,0.0,False,23,30,,,,,
501,68,35,0.2907401763206187,30,9,0.0,0.0,0.0,False,19,30,,,,,
501,68,35,0.2907401763206187,30,10,0.0,0.0,0.0,False,18,30,,,,,
501,68,35,0.2907401763206187,30,11,0.0,0.0,0.0,False,17,30,,,,,
501,68,35,0.2907401763206187,30,12,0.0,0.0,0.0,False,16,30,,,,,
501,68,35,0.2907401763206187,30,13,0.0,0.0,0.0,False,13,30,,,,,
501,68,37,0.25918563983871595,30,0,0.0,0.0,0.0,False,50,30,,,,,
501,68,37,0.25918563983871595,30,1,0.0,0.0,0.0,False,44,30,,,,,
501,68,37,0.25918563983871595,30,2,1.0,0.7317073170731707,0.8450704225352113,True,41,30,0.677397245900352,0.7780011518812675,0.16998161464777922,"[-0.409477929120337, -0.17007451896140324]",0.44339318492353086
501,68,37,0.25918563983871595,30,3,0.0,0.0,0.0,False,39,30,,,,,
501,68,37,0.25918563983871595,30,4,0.0,0.0,0.0,False,36,30,,,,,
501,68,37,0.25918563983871595,30,5,0.0,0.0,0.0,False,29,30,,,,,
501,68,37,0.25918563983871595,30,6,0.0,0.0,0.0,False,29,30,,,,,
501,68,37,0.25918563983871595,30,7,0.0,0.0,0.0,False,24,30,,,,,
501,68,37,0.25918563983871595,30,8,0.0,0.0,0.0,False,23,30,,,,,
501,68,37,0.25918563983871595,30,9,0.0,0.0,0.0,False,19,30,,,,,
501,68,37,0.25918563983871595,30,10,0.0,0.0,0.0,False,18,30,,,,,
501,68,37,0.25918563983871595,30,11,0.0,0.0,0.0,False,17,30,,,,,
501,68,37,0.25918563983871595,30,12,0.0,0.0,0.0,False,16,30,,,,,
501,68,37,0.25918563983871595,30,13,0.0,0.0,0.0,False,13,30,,,,,
501,68,39,0.1721091356230592,30,0,0.0,0.0,0.0,False,50,30,,,,,
501,68,39,0.1721091356230592,30,1,0.0,0.0,0.0,False,44,30,,,,,
501,68,39,0.1721091356230592,30,2,1.0,0.7317073170731707,0.8450704225352113,True,41,30,0.677397245900352,0.7780011518812675,0.16998161464777922,"[-0.409477929120337, -0.17007451896140324]",0.44339318492353086
501,68,39,0.1721091356230592,30,3,0.0,0.0,0.0,False,39,30,,,,,
501,68,39,0.1721091356230592,30,4,0.0,0.0,0.0,False,36,30,,,,,
501,68,39,0.1721091356230592,30,5,0.0,0.0,0.0,False,29,30,,,,,
501,68,39,0.1721091356230592,30,6,0.0,0.0,0.0,False,29,30,,,,,
501,68,39,0.1721091356230592,30,7,0.0,0.0,0.0,False,24,30,,,,,
501,68,39,0.1721091356230592,30,8,0.0,0.0,0.0,False,23,30,,,,,
501,68,39,0.1721091356230592,30,9,0.0,0.0,0.0,False,19,30,,,,,
501,68,39,0.1721091356230592,30,10,0.0,0.0,0.0,False,18,30,,,,,
501,68,39,0.1721091356230592,30,11,0.0,0.0,0.0,False,17,30,,,,,
501,68,39,0.1721091356230592,30,12,0.0,0.0,0.0,False,16,30,,,,,
501,68,39,0.1721091356230592,30,13,0.0,0.0,0.0,False,13,30,,,,,
501,68,46,0.11111299021755969,28,0,0.0,0.0,0.0,False,50,28,,,,,
501,68,46,0.11111299021755969,28,1,0.14285714285714285,0.09090909090909091,0.1111111111111111,False,44,28,,,,,
501,68,46,0.11111299021755969,28,2,0.0,0.0,0.0,False,41,28,,,,,
501,68,46,0.11111299021755969,28,3,0.0,0.0,0.0,False,39,28,,,,,
501,68,46,0.11111299021755969,28,4,0.0,0.0,0.0,False,36,28,,,,,
501,68,46,0.11111299021755969,28,5,0.0,0.0,0.0,False,29,28,,,,,
501,68,46,0.11111299021755969,28,6,0.0,0.0,0.0,False,29,28,,,,,
501,68,46,0.11111299021755969,28,7,0.8571428571428571,1.0,0.9230769230769231,True,24,28,0.8280493286971651,0.88506588532502,0.09060199386517678,"[-0.4043086772166209, -0.27634778403802684]",0.48972809212396795
501,68,46,0.11111299021755969,28,8,0.0,0.0,0.0,False,23,28,,,,,
501,68,46,0.11111299021755969,28,9,0.0,0.0,0.0,False,19,28,,,,,
501,68,46,0.11111299021755969,28,10,0.0,0.0,0.0,False,18,28,,,,,
501,68,46,0.11111299021755969,28,11,0.0,0.0,0.0,False,17,28,,,,,
501,68,46,0.11111299021755969,28,12,0.0,0.0,0.0,False,16,28,,,,,
501,68,46,0.11111299021755969,28,13,0.0,0.0,0.0,False,13,28,,,,,
501,68,51,0.08821298316414408,19,0,0.0,0.0,0.0,False,50,19,,,,,
501,68,51,0.08821298316414408,19,1,0.0,0.0,0.0,False,44,19,,,,,
501,68,51,0.08821298316414408,19,2,0.0,0.0,0.0,False,41,19,,,,,
501,68,51,0.08821298316414408,19,3,0.0,0.0,0.0,False,39,19,,,,,
501,68,51,0.08821298316414408,19,4,0.05263157894736842,0.027777777777777776,0.03636363636363636,False,36,19,,,,,
501,68,51,0.08821298316414408,19,5,0.0,0.0,0.0,False,29,19,,,,,
501,68,51,0.08821298316414408,19,6,0.0,0.0,0.0,False,29,19,,,,,
501,68,51,0.08821298316414408,19,7,0.0,0.0,0.0,False,24,19,,,,,
501,68,51,0.08821298316414408,19,8,0.0,0.0,0.0,False,23,19,,,,,
501,68,51,0.08821298316414408,19,9,0.0,0.0,0.0,False,19,19,,,,,
501,68,51,0.08821298316414408,19,10,0.9473684210526315,1.0,0.972972972972973,True,18,19,0.8240085715761505,0.913387212414244,0.09273109664282204,"[0.17699629760983981, 0.14169688655882773]",0.22672824488372922
501,68,51,0.08821298316414408,19,11,0.0,0.0,0.0,False,17,19,,,,,
501,68,51,0.08821298316414408,19,12,0.0,0.0,0.0,False,16,19,,,,,
501,68,51,0.08821298316414408,19,13,0.0,0.0,0.0,False,13,19,,,,,
501,68,53,0.07863907483590231,19,0,0.0,0.0,0.0,False,50,19,,,,,
501,68,53,0.07863907483590231,19,1,0.0,0.0,0.0,False,44,19,,,,,
501,68,53,0.07863907483590231,19,2,0.0,0.0,0.0,False,41,19,,,,,
501,68,53,0.07863907483590231,19,3,0.0,0.0,0.0,False,39,19,,,,,
501,68,53,0.07863907483590231,19,4,0.05263157894736842,0.027777777777777776,0.03636363636363636,False,36,19,,,,,
501,68,53,0.07863907483590231,19,5,0.0,0.0,0.0,False,29,19,,,,,
501,68,53,0.07863907483590231,19,6,0.0,0.0,0.0,False,29,19,,,,,
501,68,53,0.07863907483590231,19,7,0.0,0.0,0.0,False,24,19,,,,,
501,68,53,0.07863907483590231,19,8,0.0,0.0,0.0,False,23,19,,,,,
501,68,53,0.07863907483590231,19,9,0.0,0.0,0.0,False,19,19,,,,,
501,68,53,0.07863907483590231,19,10,0.9473684210526315,1.0,0.972972972972973,True,18,19,0.8240085715761505,0.913387212414244,0.09273109664282204,"[0.17699629760983981, 0.14169688655882773]",0.22672824488372922
501,68,53,0.07863907483590231,19,11,0.0,0.0,0.0,False,17,19,,,,,
501,68,53,0.07863907483590231,19,12,0.0,0.0,0.0,False,16,19,,,,,
501,68,53,0.07863907483590231,19,13,0.0,0.0,0.0,False,13,19,,,,,
501,69,35,0.2907401763206187,41,0,0.0,0.0,0.0,False,48,41,,,,,
501,69,35,0.2907401763206187,41,1,0.0,0.0,0.0,False,46,41,,,,,
501,69,35,0.2907401763206187,41,2,0.9512195121951219,0.9512195121951219,0.9512195121951219,True,41,41,0.7751139912261147,0.8807773038075191,0.11849398803108788,"[0.019573624712158733, 0.1207384889179437]",0.12231479669508855
501,69,35,0.2907401763206187,41,3,0.024390243902439025,0.025,0.024691358024691357,False,40,41,,,,,
501,69,35,0.2907401763206187,41,4,0.0,0.0,0.0,False,36,41,,,,,
501,69,35,0.2907401763206187,41,5,0.024390243902439025,0.03125,0.0273972602739726,False,32,41,,,,,
501,69,35,0.2907401763206187,41,6,0.0,0.0,0.0,False,29,41,,,,,
501,69,35,0.2907401763206187,41,7,0.0,0.0,0.0,False,29,41,,,,,
501,69,35,0.2907401763206187,41,8,0.0,0.0,0.0,False,23,41,,,,,
501,69,35,0.2907401763206187,41,9,0.0,0.0,0.0,False,20,41,,,,,
501,69,35,0.2907401763206187,41,10,0.0,0.0,0.0,False,19,41,,,,,
501,69,35,0.2907401763206187,41,11,0.0,0.0,0.0,False,18,41,,,,,
501,69,35,0.2907401763206187,41,12,0.0,0.0,0.0,False,17,41,,,,,
501,69,37,0.25918563983871595,41,0,0.0,0.0,0.0,False,48,41,,,,,
501,69,37,0.25918563983871595,41,1,0.0,0.0,0.0,False,46,41,,,,,
501,69,37,0.25918563983871595,41,2,0.9512195121951219,0.9512195121951219,0.9512195121951219,True,41,41,0.7751139912261147,0.8807773038075191,0.11849398803108788,"[0.019573624712158733, 0.1207384889179437]",0.12231479669508855
501,69,37,0.25918563983871595,41,3,0.024390243902439025,0.025,0.024691358024691357,False,40,41,,,,,
501,69,37,0.25918563983871595,41,4,0.0,0.0,0.0,False,36,41,,,,,
501,69,37,0.25918563983871595,41,5,0.024390243902439025,0.03125,0.0273972602739726,False,32,41,,,,,
501,69,37,0.25918563983871595,41,6,0.0,0.0,0.0,False,29,41,,,,,
501,69,37,0.25918563983871595,41,7,0.0,0.0,0.0,False,29,41,,,,,
501,69,37,0.25918563983871595,41,8,0.0,0.0,0.0,False,23,41,,,,,
501,69,37,0.25918563983871595,41,9,0.0,0.0,0.0,False,20,41,,,,,
501,69,37,0.25918563983871595,41,10,0.0,0.0,0.0,False,19,41,,,,,
501,69,37,0.25918563983871595,41,11,0.0,0.0,0.0,False,18,41,,,,,
501,69,37,0.25918563983871595,41,12,0.0,0.0,0.0,False,17,41,,,,,
501,69,39,0.1721091356230592,41,0,0.0,0.0,0.0,False,48,41,,,,,
501,69,39,0.1721091356230592,41,1,0.0,0.0,0.0,False,46,41,,,,,
501,69,39,0.1721091356230592,41,2,0.9512195121951219,0.9512195121951219,0.9512195121951219,True,41,41,0.7751139912261147,0.8807773038075191,0.11849398803108788,"[0.019573624712158733, 0.1207384889179437]",0.12231479669508855
501,69,39,0.1721091356230592,41,3,0.024390243902439025,0.025,0.024691358024691357,False,40,41,,,,,
501,69,39,0.1721091356230592,41,4,0.0,0.0,0.0,False,36,41,,,,,
501,69,39,0.1721091356230592,41,5,0.024390243902439025,0.03125,0.0273972602739726,False,32,41,,,,,
501,69,39,0.1721091356230592,41,6,0.0,0.0,0.0,False,29,41,,,,,
501,69,39,0.1721091356230592,41,7,0.0,0.0,0.0,False,29,41,,,,,
501,69,39,0.1721091356230592,41,8,0.0,0.0,0.0,False,23,41,,,,,
501,69,39,0.1721091356230592,41,9,0.0,0.0,0.0,False,20,41,,,,,
501,69,39,0.1721091356230592,41,10,0.0,0.0,0.0,False,19,41,,,,,
501,69,39,0.1721091356230592,41,11,0.0,0.0,0.0,False,18,41,,,,,
501,69,39,0.1721091356230592,41,12,0.0,0.0,0.0,False,17,41,,,,,
501,69,46,0.11111299021755969,24,0,0.0,0.0,0.0,False,48,24,,,,,
501,69,46,0.11111299021755969,24,1,0.125,0.06521739130434782,0.08571428571428572,False,46,24,,,,,
501,69,46,0.11111299021755969,24,2,0.08333333333333333,0.04878048780487805,0.06153846153846154,False,41,24,,,,,
501,69,46,0.11111299021755969,24,3,0.0,0.0,0.0,False,40,24,,,,,
501,69,46,0.11111299021755969,24,4,0.0,0.0,0.0,False,36,24,,,,,
501,69,46,0.11111299021755969,24,5,0.0,0.0,0.0,False,32,24,,,,,
501,69,46,0.11111299021755969,24,6,0.0,0.0,0.0,False,29,24,,,,,
501,69,46,0.11111299021755969,24,7,0.0,0.0,0.0,False,29,24,,,,,
501,69,46,0.11111299021755969,24,8,0.0,0.0,0.0,False,23,24,,,,,
501,69,46,0.11111299021755969,24,9,0.0,0.0,0.0,False,20,24,,,,,
501,69,46,0.11111299021755969,24,10,0.7916666666666666,1.0,0.8837209302325582,True,19,24,0.7183037234346721,0.8175540475134038,0.14842770969044886,"[-0.23512928899819308, -0.23968134652507445]",0.3357572492394894
501,69,46,0.11111299021755969,24,11,0.0,0.0,0.0,False,18,24,,,,,
501,69,46,0.11111299021755969,24,12,0.0,0.0,0.0,False,17,24,,,,,
501,69,51,0.08821298316414408,18,0,0.0,0.0,0.0,False,48,18,,,,,
501,69,51,0.08821298316414408,18,1,0.0,0.0,0.0,False,46,18,,,,,
501,69,51,0.08821298316414408,18,2,0.0,0.0,0.0,False,41,18,,,,,
501,69,51,0.08821298316414408,18,3,0.0,0.0,0.0,False,40,18,,,,,
501,69,51,0.08821298316414408,18,4,0.0,0.0,0.0,False,36,18,,,,,
501,69,51,0.08821298316414408,18,5,0.0,0.0,0.0,False,32,18,,,,,
501,69,51,0.08821298316414408,18,6,0.0,0.0,0.0,False,29,18,,,,,
501,69,51,0.08821298316414408,18,7,0.0,0.0,0.0,False,29,18,,,,,
501,69,51,0.08821298316414408,18,8,0.0,0.0,0.0,False,23,18,,,,,
501,69,51,0.08821298316414408,18,9,0.0,0.0,0.0,False,20,18,,,,,
501,69,51,0.08821298316414408,18,10,0.0,0.0,0.0,False,19,18,,,,,
501,69,51,0.08821298316414408,18,11,1.0,1.0,1.0,True,18,18,0.7379319970725846,0.8951727988290339,0.1380854370243878,"[0.15555555555555856, 0.0]",0.15555555555555856
501,69,51,0.08821298316414408,18,12,0.0,0.0,0.0,False,17,18,,,,,
501,69,53,0.07863907483590231,18,0,0.0,0.0,0.0,False,48,18,,,,,
501,69,53,0.07863907483590231,18,1,0.0,0.0,0.0,False,46,18,,,,,
501,69,53,0.07863907483590231,18,2,0.0,0.0,0.0,False,41,18,,,,,
501,69,53,0.07863907483590231,18,3,0.0,0.0,0.0,False,40,18,,,,,
501,69,53,0.07863907483590231,18,4,0.0,0.0,0.0,False,36,18,,,,,
501,69,53,0.07863907483590231,18,5,0.0,0.0,0.0,False,32,18,,,,,
501,69,53,0.07863907483590231,18,6,0.0,0.0,0.0,False,29,18,,,,,
501,69,53,0.07863907483590231,18,7,0.0,0.0,0.0,False,29,18,,,,,
501,69,53,0.07863907483590231,18,8,0.0,0.0,0.0,False,23,18,,,,,
501,69,53,0.07863907483590231,18,9,0.0,0.0,0.0,False,20,18,,,,,
501,69,53,0.07863907483590231,18,10,0.0,0.0,0.0,False,19,18,,,,,
501,69,53,0.07863907483590231,18,11,1.0,1.0,1.0,True,18,18,0.7379319970725846,0.8951727988290339,0.1380854370243878,"[0.15555555555555856, 0.0]",0.15555555555555856
501,69,53,0.07863907483590231,18,12,0.0,0.0,0.0,False,17,18,,,,,
501,70,35,0.2907401763206187,41,0,0.0,0.0,0.0,False,49,41,,,,,
501,70,35,0.2907401763206187,41,1,0.0,0.0,0.0,False,46,41,,,,,
501,70,35,0.2907401763206187,41,2,0.0,0.0,0.0,False,40,41,,,,,
501,70,35,0.2907401763206187,41,3,0.926829268292683,1.0,0.9620253164556962,True,38,41,0.8317745786179905,0.9099250213206139,0.08863913400591829,"[-0.3351535544602964, -0.14551310379776794]",0.3653792118391943
501,70,35,0.2907401763206187,41,4,0.0,0.0,0.0,False,35,41,,,,,
501,70,35,0.2907401763206187,41,5,0.0,0.0,0.0,False,31,41,,,,,
501,70,35,0.2907401763206187,41,6,0.0,0.0,0.0,False,29,41,,,,,
501,70,35,0.2907401763206187,41,7,0.0,0.0,0.0,False,29,41,,,,,
501,70,35,0.2907401763206187,41,8,0.0,0.0,0.0,False,23,41,,,,,
501,70,35,0.2907401763206187,41,9,0.07317073170731707,0.13636363636363635,0.09523809523809523,False,22,41,,,,,
501,70,35,0.2907401763206187,41,10,0.0,0.0,0.0,False,20,41,,,,,
501,70,35,0.2907401763206187,41,11,0.0,0.0,0.0,False,19,41,,,,,
501,70,35,0.2907401763206187,41,12,0.0,0.0,0.0,False,17,41,,,,,
501,70,37,0.25918563983871595,41,0,0.0,0.0,0.0,False,49,41,,,,,
501,70,37,0.25918563983871595,41,1,0.0,0.0,0.0,False,46,41,,,,,
501,70,37,0.25918563983871595,41,2,0.0,0.0,0.0,False,40,41,,,,,
501,70,37,0.25918563983871595,41,3,0.926829268292683,1.0,0.9620253164556962,True,38,41,0.8317745786179905,0.9099250213206139,0.08863913400591829,"[-0.3351535544602964, -0.14551310379776794]",0.3653792118391943
501,70,37,0.25918563983871595,41,4,0.0,0.0,0.0,False,35,41,,,,,
501,70,37,0.25918563983871595,41,5,0.0,0.0,0.0,False,31,41,,,,,
501,70,37,0.25918563983871595,41,6,0.0,0.0,0.0,False,29,41,,,,,
501,70,37,0.25918563983871595,41,7,0.0,0.0,0.0,False,29,41,,,,,
501,70,37,0.25918563983871595,41,8,0.0,0.0,0.0,False,23,41,,,,,
501,70,37,0.25918563983871595,41,9,0.07317073170731707,0.13636363636363635,0.09523809523809523,False,22,41,,,,,
501,70,37,0.25918563983871595,41,10,0.0,0.0,0.0,False,20,41,,,,,
501,70,37,0.25918563983871595,41,11,0.0,0.0,0.0,False,19,41,,,,,
501,70,37,0.25918563983871595,41,12,0.0,0.0,0.0,False,17,41,,,,,
501,70,39,0.1721091356230592,41,0,0.0,0.0,0.0,False,49,41,,,,,
501,70,39,0.1721091356230592,41,1,0.0,0.0,0.0,False,46,41,,,,,
501,70,39,0.1721091356230592,41,2,0.0,0.0,0.0,False,40,41,,,,,
501,70,39,0.1721091356230592,41,3,0.926829268292683,1.0,0.9620253164556962,True,38,41,0.8317745786179905,0.9099250213206139,0.08863913400591829,"[-0.3351535544602964, -0.14551310379776794]",0.3653792118391943
501,70,39,0.1721091356230592,41,4,0.0,0.0,0.0,False,35,41,,,,,
501,70,39,0.1721091356230592,41,5,0.0,0.0,0.0,False,31,41,,,,,
501,70,39,0.1721091356230592,41,6,0.0,0.0,0.0,False,29,41,,,,,
501,70,39,0.1721091356230592,41,7,0.0,0.0,0.0,False,29,41,,,,,
501,70,39,0.1721091356230592,41,8,0.0,0.0,0.0,False,23,41,,,,,
501,70,39,0.1721091356230592,41,9,0.07317073170731707,0.13636363636363635,0.09523809523809523,False,22,41,,,,,
501,70,39,0.1721091356230592,41,10,0.0,0.0,0.0,False,20,41,,,,,
501,70,39,0.1721091356230592,41,11,0.0,0.0,0.0,False,19,41,,,,,
501,70,39,0.1721091356230592,41,12,0.0,0.0,0.0,False,17,41,,,,,
501,70,46,0.11111299021755969,19,0,0.0,0.0,0.0,False,49,19,,,,,
501,70,46,0.11111299021755969,19,1,0.0,0.0,0.0,False,46,19,,,,,
501,70,46,0.11111299021755969,19,2,0.0,0.0,0.0,False,40,19,,,,,
501,70,46,0.11111299021755969,19,3,0.0,0.0,0.0,False,38,19,,,,,
501,70,46,0.11111299021755969,19,4,0.0,0.0,0.0,False,35,19,,,,,
501,70,46,0.11111299021755969,19,5,0.0,0.0,0.0,False,31,19,,,,,
501,70,46,0.11111299021755969,19,6,0.0,0.0,0.0,False,29,19,,,,,
501,70,46,0.11111299021755969,19,7,0.0,0.0,0.0,False,29,19,,,,,
501,70,46,0.11111299021755969,19,8,0.0,0.0,0.0,False,23,19,,,,,
501,70,46,0.11111299021755969,19,9,1.0,0.8636363636363636,0.926829268292683,True,22,19,0.8170024209309995,0.8828985293480096,0.09642268570706317,"[-0.3609780868407064, -0.14955099532176064]",0.39073095523762363
501,70,46,0.11111299021755969,19,10,0.0,0.0,0.0,False,20,19,,,,,
501,70,46,0.11111299021755969,19,11,0.0,0.0,0.0,False,19,19,,,,,
501,70,46,0.11111299021755969,19,12,0.0,0.0,0.0,False,17,19,,,,,
501,70,51,0.08821298316414408,18,0,0.0,0.0,0.0,False,49,18,,,,,
501,70,51,0.08821298316414408,18,1,0.0,0.0,0.0,False,46,18,,,,,
501,70,51,0.08821298316414408,18,2,0.0,0.0,0.0,False,40,18,,,,,
501,70,51,0.08821298316414408,18,3,0.0,0.0,0.0,False,38,18,,,,,
501,70,51,0.08821298316414408,18,4,0.0,0.0,0.0,False,35,18,,,,,
501,70,51,0.08821298316414408,18,5,0.0,0.0,0.0,False,31,18,,,,,
501,70,51,0.08821298316414408,18,6,0.0,0.0,0.0,False,29,18,,,,,
501,70,51,0.08821298316414408,18,7,0.0,0.0,0.0,False,29,18,,,,,
501,70,51,0.08821298316414408,18,8,0.0,0.0,0.0,False,23,18,,,,,
501,70,51,0.08821298316414408,18,9,0.0,0.0,0.0,False,22,18,,,,,
501,70,51,0.08821298316414408,18,10,0.0,0.0,0.0,False,20,18,,,,,
501,70,51,0.08821298316414408,18,11,1.0,0.9473684210526315,0.972972972972973,True,19,18,0.8060936284817036,0.9062212351764654,0.10217060363654262,"[0.21271130472934274, -0.11222320234830185]",0.24049978441771463
501,70,51,0.08821298316414408,18,12,0.0,0.0,0.0,False,17,18,,,,,
501,70,53,0.07863907483590231,18,0,0.0,0.0,0.0,False,49,18,,,,,
501,70,53,0.07863907483590231,18,1,0.0,0.0,0.0,False,46,18,,,,,
501,70,53,0.07863907483590231,18,2,0.0,0.0,0.0,False,40,18,,,,,
501,70,53,0.07863907483590231,18,3,0.0,0.0,0.0,False,38,18,,,,,
501,70,53,0.07863907483590231,18,4,0.0,0.0,0.0,False,35,18,,,,,
501,70,53,0.07863907483590231,18,5,0.0,0.0,0.0,False,31,18,,,,,
501,70,53,0.07863907483590231,18,6,0.0,0.0,0.0,False,29,18,,,,,
501,70,53,0.07863907483590231,18,7,0.0,0.0,0.0,False,29,18,,,,,
501,70,53,0.07863907483590231,18,8,0.0,0.0,0.0,False,23,18,,,,,
501,70,53,0.07863907483590231,18,9,0.0,0.0,0.0,False,22,18,,,,,
501,70,53,0.07863907483590231,18,10,0.0,0.0,0.0,False,20,18,,,,,
501,70,53,0.07863907483590231,18,11,1.0,0.9473684210526315,0.972972972972973,True,19,18,0.8060936284817036,0.9062212351764654,0.10217060363654262,"[0.21271130472934274, -0.11222320234830185]",0.24049978441771463
501,70,53,0.07863907483590231,18,12,0.0,0.0,0.0,False,17,18,,,,,
501,71,35,0.2907401763206187,38,0,0.0,0.0,0.0,False,49,38,,,,,
501,71,35,0.2907401763206187,38,1,0.0,0.0,0.0,False,46,38,,,,,
501,71,35,0.2907401763206187,38,2,0.0,0.0,0.0,False,40,38,,,,,
501,71,35,0.2907401763206187,38,3,1.0,1.0,1.0,True,38,38,0.881517729212325,0.95260709168493,0.06242912510723164,"[-0.23578947368420877, -0.014736842105264714]",0.23624955114351368
501,71,35,0.2907401763206187,38,4,0.0,0.0,0.0,False,32,38,,,,,
501,71,35,0.2907401763206187,38,5,0.0,0.0,0.0,False,31,38,,,,,
501,71,35,0.2907401763206187,38,6,0.0,0.0,0.0,False,29,38,,,,,
501,71,35,0.2907401763206187,38,7,0.0,0.0,0.0,False,28,38,,,,,
501,71,35,0.2907401763206187,38,8,0.0,0.0,0.0,False,24,38,,,,,
501,71,35,0.2907401763206187,38,9,0.0,0.0,0.0,False,22,38,,,,,
501,71,35,0.2907401763206187,38,10,0.0,0.0,0.0,False,20,38,,,,,
501,71,35,0.2907401763206187,38,11,0.0,0.0,0.0,False,19,38,,,,,
501,71,35,0.2907401763206187,38,12,0.0,0.0,0.0,False,17,38,,,,,
501,71,37,0.25918563983871595,38,0,0.0,0.0,0.0,False,49,38,,,,,
501,71,37,0.25918563983871595,38,1,0.0,0.0,0.0,False,46,38,,,,,
501,71,37,0.25918563983871595,38,2,0.0,0.0,0.0,False,40,38,,,,,
501,71,37,0.25918563983871595,38,3,1.0,1.0,1.0,True,38,38,0.881517729212325,0.95260709168493,0.06242912510723164,"[-0.23578947368420877, -0.014736842105264714]",0.23624955114351368
501,71,37,0.25918563983871595,38,4,0.0,0.0,0.0,False,32,38,,,,,
501,71,37,0.25918563983871595,38,5,0.0,0.0,0.0,False,31,38,,,,,
501,71,37,0.25918563983871595,38,6,0.0,0.0,0.0,False,29,38,,,,,
501,71,37,0.25918563983871595,38,7,0.0,0.0,0.0,False,28,38,,,,,
501,71,37,0.25918563983871595,38,8,0.0,0.0,0.0,False,24,38,,,,,
501,71,37,0.25918563983871595,38,9,0.0,0.0,0.0,False,22,38,,,,,
501,71,37,0.25918563983871595,38,10,0.0,0.0,0.0,False,20,38,,,,,
501,71,37,0.25918563983871595,38,11,0.0,0.0,0.0,False,19,38,,,,,
501,71,37,0.25918563983871595,38,12,0.0,0.0,0.0,False,17,38,,,,,
501,71,39,0.1721091356230592,38,0,0.0,0.0,0.0,False,49,38,,,,,
501,71,39,0.1721091356230592,38,1,0.0,0.0,0.0,False,46,38,,,,,
501,71,39,0.1721091356230592,38,2,0.0,0.0,0.0,False,40,38,,,,,
501,71,39,0.1721091356230592,38,3,1.0,1.0,1.0,True,38,38,0.881517729212325,0.95260709168493,0.06242912510723164,"[-0.23578947368420877, -0.014736842105264714]",0.23624955114351368
501,71,39,0.1721091356230592,38,4,0.0,0.0,0.0,False,32,38,,,,,
501,71,39,0.1721091356230592,38,5,0.0,0.0,0.0,False,31,38,,,,,
501,71,39,0.1721091356230592,38,6,0.0,0.0,0.0,False,29,38,,,,,
501,71,39,0.1721091356230592,38,7,0.0,0.0,0.0,False,28,38,,,,,
501,71,39,0.1721091356230592,38,8,0.0,0.0,0.0,False,24,38,,,,,
501,71,39,0.1721091356230592,38,9,0.0,0.0,0.0,False,22,38,,,,,
501,71,39,0.1721091356230592,38,10,0.0,0.0,0.0,False,20,38,,,,,
501,71,39,0.1721091356230592,38,11,0.0,0.0,0.0,False,19,38,,,,,
501,71,39,0.1721091356230592,38,12,0.0,0.0,0.0,False,17,38,,,,,
501,71,46,0.11111299021755969,22,0,0.0,0.0,0.0,False,49,22,,,,,
501,71,46,0.11111299021755969,22,1,0.0,0.0,0.0,False,46,22,,,,,
501,71,46,0.11111299021755969,22,2,0.0,0.0,0.0,False,40,22,,,,,
501,71,46,0.11111299021755969,22,3,0.0,0.0,0.0,False,38,22,,,,,
501,71,46,0.11111299021755969,22,4,0.0,0.0,0.0,False,32,22,,,,,
501,71,46,0.11111299021755969,22,5,0.0,0.0,0.0,False,31,22,,,,,
501,71,46,0.11111299021755969,22,6,0.0,0.0,0.0,False,29,22,,,,,
501,71,46,0.11111299021755969,22,7,0.0,0.0,0.0,False,28,22,,,,,
501,71,46,0.11111299021755969,22,8,0.0,0.0,0.0,False,24,22,,,,,
501,71,46,0.11111299021755969,22,9,1.0,1.0,1.0,True,22,22,0.9165891650656025,0.966635666026241,0.04394974382918248,"[-0.21636363636363498, 0.012727272727275363]",0.21673764465724388
501,71,46,0.11111299021755969,22,10,0.0,0.0,0.0,False,20,22,,,,,
501,71,46,0.11111299021755969,22,11,0.0,0.0,0.0,False,19,22,,,,,
501,71,46,0.11111299021755969,22,12,0.0,0.0,0.0,False,17,22,,,,,
501,71,51,0.08821298316414408,19,0,0.0,0.0,0.0,False,49,19,,,,,
501,71,51,0.08821298316414408,19,1,0.0,0.0,0.0,False,46,19,,,,,
501,71,51,0.08821298316414408,19,2,0.0,0.0,0.0,False,40,19,,,,,
501,71,51,0.08821298316414408,19,3,0.0,0.0,0.0,False,38,19,,,,,
501,71,51,0.08821298316414408,19,4,0.0,0.0,0.0,False,32,19,,,,,
501,71,51,0.08821298316414408,19,5,0.9473684210526315,0.5806451612903226,0.72,True,31,19,0.5414228614670925,0.648569144586837,0.241627454997809,"[0.3247260581586069, -0.11911740528311832]",0.3458843290590217
501,71,51,0.08821298316414408,19,6,0.05263157894736842,0.034482758620689655,0.041666666666666664,False,29,19,,,,,
501,71,51,0.08821298316414408,19,7,0.0,0.0,0.0,False,28,19,,,,,
501,71,51,0.08821298316414408,19,8,0.0,0.0,0.0,False,24,19,,,,,
501,71,51,0.08821298316414408,19,9,0.0,0.0,0.0,False,22,19,,,,,
501,71,51,0.08821298316414408,19,10,0.0,0.0,0.0,False,20,19,,,,,
501,71,51,0.08821298316414408,19,11,0.0,0.0,0.0,False,19,19,,,,,
501,71,51,0.08821298316414408,19,12,0.0,0.0,0.0,False,17,19,,,,,
501,71,53,0.07863907483590231,19,0,0.0,0.0,0.0,False,49,19,,,,,
501,71,53,0.07863907483590231,19,1,0.0,0.0,0.0,False,46,19,,,,,
501,71,53,0.07863907483590231,19,2,0.0,0.0,0.0,False,40,19,,,,,
501,71,53,0.07863907483590231,19,3,0.0,0.0,0.0,False,38,19,,,,,
501,71,53,0.07863907483590231,19,4,0.0,0.0,0.0,False,32,19,,,,,
501,71,53,0.07863907483590231,19,5,0.9473684210526315,0.5806451612903226,0.72,True,31,19,0.5414228614670925,0.648569144586837,0.241627454997809,"[0.3247260581586069, -0.11911740528311832]",0.3458843290590217
501,71,53,0.07863907483590231,19,6,0.05263157894736842,0.034482758620689655,0.041666666666666664,False,29,19,,,,,
501,71,53,0.07863907483590231,19,7,0.0,0.0,0.0,False,28,19,,,,,
501,71,53,0.07863907483590231,19,8,0.0,0.0,0.0,False,24,19,,,,,
501,71,53,0.07863907483590231,19,9,0.0,0.0,0.0,False,22,19,,,,,
501,71,53,0.07863907483590231,19,10,0.0,0.0,0.0,False,20,19,,,,,
501,71,53,0.07863907483590231,19,11,0.0,0.0,0.0,False,19,19,,,,,
501,71,53,0.07863907483590231,19,12,0.0,0.0,0.0,False,17,19,,,,,
501,72,35,0.2907401763206187,38,0,0.0,0.0,0.0,False,49,38,,,,,
501,72,35,0.2907401763206187,38,1,0.0,0.0,0.0,False,46,38,,,,,
501,72,35,0.2907401763206187,38,2,0.0,0.0,0.0,False,40,38,,,,,
501,72,35,0.2907401763206187,38,3,0.9473684210526315,1.0,0.972972972972973,True,36,38,0.818725216357588,0.9112738703268191,0.09551493292256938,"[-0.3218482237947562, -0.08431804691501199]",0.3327098017723578
501,72,35,0.2907401763206187,38,4,0.0,0.0,0.0,False,32,38,,,,,
501,72,35,0.2907401763206187,38,5,0.0,0.0,0.0,False,30,38,,,,,
501,72,35,0.2907401763206187,38,6,0.0,0.0,0.0,False,28,38,,,,,
501,72,35,0.2907401763206187,38,7,0.0,0.0,0.0,False,27,38,,,,,
501,72,35,0.2907401763206187,38,8,0.0,0.0,0.0,False,26,38,,,,,
501,72,35,0.2907401763206187,38,9,0.05263157894736842,0.08333333333333333,0.06451612903225806,False,24,38,,,,,
501,72,35,0.2907401763206187,38,10,0.0,0.0,0.0,False,20,38,,,,,
501,72,35,0.2907401763206187,38,11,0.0,0.0,0.0,False,19,38,,,,,
501,72,35,0.2907401763206187,38,12,0.0,0.0,0.0,False,18,38,,,,,
501,72,37,0.25918563983871595,38,0,0.0,0.0,0.0,False,49,38,,,,,
501,72,37,0.25918563983871595,38,1,0.0,0.0,0.0,False,46,38,,,,,
501,72,37,0.25918563983871595,38,2,0.0,0.0,0.0,False,40,38,,,,,
501,72,37,0.25918563983871595,38,3,0.9473684210526315,1.0,0.972972972972973,True,36,38,0.818725216357588,0.9112738703268191,0.09551493292256938,"[-0.3218482237947562, -0.08431804691501199]",0.3327098017723578
501,72,37,0.25918563983871595,38,4,0.0,0.0,0.0,False,32,38,,,,,
501,72,37,0.25918563983871595,38,5,0.0,0.0,0.0,False,30,38,,,,,
501,72,37,0.25918563983871595,38,6,0.0,0.0,0.0,False,28,38,,,,,
501,72,37,0.25918563983871595,38,7,0.0,0.0,0.0,False,27,38,,,,,
501,72,37,0.25918563983871595,38,8,0.0,0.0,0.0,False,26,38,,,,,
501,72,37,0.25918563983871595,38,9,0.05263157894736842,0.08333333333333333,0.06451612903225806,False,24,38,,,,,
501,72,37,0.25918563983871595,38,10,0.0,0.0,0.0,False,20,38,,,,,
501,72,37,0.25918563983871595,38,11,0.0,0.0,0.0,False,19,38,,,,,
501,72,37,0.25918563983871595,38,12,0.0,0.0,0.0,False,18,38,,,,,
501,72,39,0.1721091356230592,38,0,0.0,0.0,0.0,False,49,38,,,,,
501,72,39,0.1721091356230592,38,1,0.0,0.0,0.0,False,46,38,,,,,
501,72,39,0.1721091356230592,38,2,0.0,0.0,0.0,False,40,38,,,,,
501,72,39,0.1721091356230592,38,3,0.9473684210526315,1.0,0.972972972972973,True,36,38,0.818725216357588,0.9112738703268191,0.09551493292256938,"[-0.3218482237947562, -0.08431804691501199]",0.3327098017723578
501,72,39,0.1721091356230592,38,4,0.0,0.0,0.0,False,32,38,,,,,
501,72,39,0.1721091356230592,38,5,0.0,0.0,0.0,False,30,38,,,,,
501,72,39,0.1721091356230592,38,6,0.0,0.0,0.0,False,28,38,,,,,
501,72,39,0.1721091356230592,38,7,0.0,0.0,0.0,False,27,38,,,,,
501,72,39,0.1721091356230592,38,8,0.0,0.0,0.0,False,26,38,,,,,
501,72,39,0.1721091356230592,38,9,0.05263157894736842,0.08333333333333333,0.06451612903225806,False,24,38,,,,,
501,72,39,0.1721091356230592,38,10,0.0,0.0,0.0,False,20,38,,,,,
501,72,39,0.1721091356230592,38,11,0.0,0.0,0.0,False,19,38,,,,,
501,72,39,0.1721091356230592,38,12,0.0,0.0,0.0,False,18,38,,,,,
501,72,46,0.11111299021755969,22,0,0.0,0.0,0.0,False,49,22,,,,,
501,72,46,0.11111299021755969,22,1,0.0,0.0,0.0,False,46,22,,,,,
501,72,46,0.11111299021755969,22,2,0.0,0.0,0.0,False,40,22,,,,,
501,72,46,0.11111299021755969,22,3,0.0,0.0,0.0,False,36,22,,,,,
501,72,46,0.11111299021755969,22,4,0.0,0.0,0.0,False,32,22,,,,,
501,72,46,0.11111299021755969,22,5,0.0,0.0,0.0,False,30,22,,,,,
501,72,46,0.11111299021755969,22,6,0.0,0.0,0.0,False,28,22,,,,,
501,72,46,0.11111299021755969,22,7,0.0,0.0,0.0,False,27,22,,,,,
501,72,46,0.11111299021755969,22,8,0.0,0.0,0.0,False,26,22,,,,,
501,72,46,0.11111299021755969,22,9,1.0,0.9166666666666666,0.9565217391304348,True,24,22,0.8778081292198044,0.9250362951661827,0.06438373891140035,"[-0.2855098002747347, -0.11268677716412867]",0.30694324524341127
501,72,46,0.11111299021755969,22,10,0.0,0.0,0.0,False,20,22,,,,,
501,72,46,0.11111299021755969,22,11,0.0,0.0,0.0,False,19,22,,,,,
501,72,46,0.11111299021755969,22,12,0.0,0.0,0.0,False,18,22,,,,,
501,72,51,0.08821298316414408,31,0,0.0,0.0,0.0,False,49,31,,,,,
501,72,51,0.08821298316414408,31,1,0.0,0.0,0.0,False,46,31,,,,,
501,72,51,0.08821298316414408,31,2,0.0,0.0,0.0,False,40,31,,,,,
501,72,51,0.08821298316414408,31,3,0.0,0.0,0.0,False,36,31,,,,,
501,72,51,0.08821298316414408,31,4,0.0,0.0,0.0,False,32,31,,,,,
501,72,51,0.08821298316414408,31,5,0.9354838709677419,0.9666666666666667,0.9508196721311475,True,30,31,0.7053114776654708,0.8526163943448768,0.15527341353421537,"[0.03494827876967932, 0.1363139776727209]",0.14072271564293476
501,72,51,0.08821298316414408,31,6,0.0,0.0,0.0,False,28,31,,,,,
501,72,51,0.08821298316414408,31,7,0.03225806451612903,0.037037037037037035,0.034482758620689655,False,27,31,,,,,
501,72,51,0.08821298316414408,31,8,0.0,0.0,0.0,False,26,31,,,,,
501,72,51,0.08821298316414408,31,9,0.0,0.0,0.0,False,24,31,,,,,
501,72,51,0.08821298316414408,31,10,0.0,0.0,0.0,False,20,31,,,,,
501,72,51,0.08821298316414408,31,11,0.0,0.0,0.0,False,19,31,,,,,
501,72,51,0.08821298316414408,31,12,0.03225806451612903,0.05555555555555555,0.04081632653061224,False,18,31,,,,,
501,72,53,0.07863907483590231,31,0,0.0,0.0,0.0,False,49,31,,,,,
501,72,53,0.07863907483590231,31,1,0.0,0.0,0.0,False,46,31,,,,,
501,72,53,0.07863907483590231,31,2,0.0,0.0,0.0,False,40,31,,,,,
501,72,53,0.07863907483590231,31,3,0.0,0.0,0.0,False,36,31,,,,,
501,72,53,0.07863907483590231,31,4,0.0,0.0,0.0,False,32,31,,,,,
501,72,53,0.07863907483590231,31,5,0.9354838709677419,0.9666666666666667,0.9508196721311475,True,30,31,0.7053114776654708,0.8526163943448768,0.15527341353421537,"[0.03494827876967932, 0.1363139776727209]",0.14072271564293476
501,72,53,0.07863907483590231,31,6,0.0,0.0,0.0,False,28,31,,,,,
501,72,53,0.07863907483590231,31,7,0.03225806451612903,0.037037037037037035,0.034482758620689655,False,27,31,,,,,
501,72,53,0.07863907483590231,31,8,0.0,0.0,0.0,False,26,31,,,,,
501,72,53,0.07863907483590231,31,9,0.0,0.0,0.0,False,24,31,,,,,
501,72,53,0.07863907483590231,31,10,0.0,0.0,0.0,False,20,31,,,,,
501,72,53,0.07863907483590231,31,11,0.0,0.0,0.0,False,19,31,,,,,
501,72,53,0.07863907483590231,31,12,0.03225806451612903,0.05555555555555555,0.04081632653061224,False,18,31,,,,,
501,73,35,0.2907401763206187,36,0,0.0,0.0,0.0,False,49,36,,,,,
501,73,35,0.2907401763206187,36,1,0.0,0.0,0.0,False,46,36,,,,,
501,73,35,0.2907401763206187,36,2,0.0,0.0,0.0,False,40,36,,,,,
501,73,35,0.2907401763206187,36,3,1.0,1.0,1.0,True,36,36,0.9336812299520632,0.9734724919808253,0.03494381703486948,"[-0.27222222222222214, -0.007777777777778994]",0.272333310666847
501,73,35,0.2907401763206187,36,4,0.0,0.0,0.0,False,32,36,,,,,
501,73,35,0.2907401763206187,36,5,0.0,0.0,0.0,False,30,36,,,,,
501,73,35,0.2907401763206187,36,6,0.0,0.0,0.0,False,28,36,,,,,
501,73,35,0.2907401763206187,36,7,0.0,0.0,0.0,False,28,36,,,,,
501,73,35,0.2907401763206187,36,8,0.0,0.0,0.0,False,24,36,,,,,
501,73,35,0.2907401763206187,36,9,0.0,0.0,0.0,False,24,36,,,,,
501,73,35,0.2907401763206187,36,10,0.0,0.0,0.0,False,20,36,,,,,
501,73,35,0.2907401763206187,36,11,0.0,0.0,0.0,False,19,36,,,,,
501,73,35,0.2907401763206187,36,12,0.0,0.0,0.0,False,17,36,,,,,
501,73,37,0.25918563983871595,36,0,0.0,0.0,0.0,False,49,36,,,,,
501,73,37,0.25918563983871595,36,1,0.0,0.0,0.0,False,46,36,,,,,
501,73,37,0.25918563983871595,36,2,0.0,0.0,0.0,False,40,36,,,,,
501,73,37,0.25918563983871595,36,3,1.0,1.0,1.0,True,36,36,0.9336812299520632,0.9734724919808253,0.03494381703486948,"[-0.27222222222222214, -0.007777777777778994]",0.272333310666847
501,73,37,0.25918563983871595,36,4,0.0,0.0,0.0,False,32,36,,,,,
501,73,37,0.25918563983871595,36,5,0.0,0.0,0.0,False,30,36,,,,,
501,73,37,0.25918563983871595,36,6,0.0,0.0,0.0,False,28,36,,,,,
501,73,37,0.25918563983871595,36,7,0.0,0.0,0.0,False,28,36,,,,,
501,73,37,0.25918563983871595,36,8,0.0,0.0,0.0,False,24,36,,,,,
501,73,37,0.25918563983871595,36,9,0.0,0.0,0.0,False,24,36,,,,,
501,73,37,0.25918563983871595,36,10,0.0,0.0,0.0,False,20,36,,,,,
501,73,37,0.25918563983871595,36,11,0.0,0.0,0.0,False,19,36,,,,,
501,73,37,0.25918563983871595,36,12,0.0,0.0,0.0,False,17,36,,,,,
501,73,39,0.1721091356230592,36,0,0.0,0.0,0.0,False,49,36,,,,,
501,73,39,0.1721091356230592,36,1,0.0,0.0,0.0,False,46,36,,,,,
501,73,39,0.1721091356230592,36,2,0.0,0.0,0.0,False,40,36,,,,,
501,73,39,0.1721091356230592,36,3,1.0,1.0,1.0,True,36,36,0.9336812299520632,0.9734724919808253,0.03494381703486948,"[-0.27222222222222214, -0.007777777777778994]",0.272333310666847
501,73,39,0.1721091356230592,36,4,0.0,0.0,0.0,False,32,36,,,,,
501,73,39,0.1721091356230592,36,5,0.0,0.0,0.0,False,30,36,,,,,
501,73,39,0.1721091356230592,36,6,0.0,0.0,0.0,False,28,36,,,,,
501,73,39,0.1721091356230592,36,7,0.0,0.0,0.0,False,28,36,,,,,
501,73,39,0.1721091356230592,36,8,0.0,0.0,0.0,False,24,36,,,,,
501,73,39,0.1721091356230592,36,9,0.0,0.0,0.0,False,24,36,,,,,
501,73,39,0.1721091356230592,36,10,0.0,0.0,0.0,False,20,36,,,,,
501,73,39,0.1721091356230592,36,11,0.0,0.0,0.0,False,19,36,,,,,
501,73,39,0.1721091356230592,36,12,0.0,0.0,0.0,False,17,36,,,,,
501,73,46,0.11111299021755969,24,0,0.0,0.0,0.0,False,49,24,,,,,
501,73,46,0.11111299021755969,24,1,0.0,0.0,0.0,False,46,24,,,,,
501,73,46,0.11111299021755969,24,2,0.0,0.0,0.0,False,40,24,,,,,
501,73,46,0.11111299021755969,24,3,0.0,0.0,0.0,False,36,24,,,,,
501,73,46,0.11111299021755969,24,4,0.0,0.0,0.0,False,32,24,,,,,
501,73,46,0.11111299021755969,24,5,0.0,0.0,0.0,False,30,24,,,,,
501,73,46,0.11111299021755969,24,6,0.0,0.0,0.0,False,28,24,,,,,
501,73,46,0.11111299021755969,24,7,0.0,0.0,0.0,False,28,24,,,,,
501,73,46,0.11111299021755969,24,8,1.0,1.0,1.0,True,24,24,0.8866535839082138,0.9546614335632855,0.05972300786951609,"[-0.17499999999999893, -0.011666666666666714]",0.17538845774768286
501,73,46,0.11111299021755969,24,9,0.0,0.0,0.0,False,24,24,,,,,
501,73,46,0.11111299021755969,24,10,0.0,0.0,0.0,False,20,24,,,,,
501,73,46,0.11111299021755969,24,11,0.0,0.0,0.0,False,19,24,,,,,
501,73,46,0.11111299021755969,24,12,0.0,0.0,0.0,False,17,24,,,,,
501,73,51,0.08821298316414408,30,0,0.0,0.0,0.0,False,49,30,,,,,
501,73,51,0.08821298316414408,30,1,0.0,0.0,0.0,False,46,30,,,,,
501,73,51,0.08821298316414408,30,2,0.0,0.0,0.0,False,40,30,,,,,
501,73,51,0.08821298316414408,30,3,0.0,0.0,0.0,False,36,30,,,,,
501,73,51,0.08821298316414408,30,4,1.0,0.9375,0.967741935483871,True,32,30,0.6972823789767988,0.8595581128810421,0.15950400097317213,"[0.19161735590786932, 0.22049991072413988]",0.2921256950603228
501,73,51,0.08821298316414408,30,5,0.0,0.0,0.0,False,30,30,,,,,
501,73,51,0.08821298316414408,30,6,0.0,0.0,0.0,False,28,30,,,,,
501,73,51,0.08821298316414408,30,7,0.0,0.0,0.0,False,28,30,,,,,
501,73,51,0.08821298316414408,30,8,0.0,0.0,0.0,False,24,30,,,,,
501,73,51,0.08821298316414408,30,9,0.0,0.0,0.0,False,24,30,,,,,
501,73,51,0.08821298316414408,30,10,0.0,0.0,0.0,False,20,30,,,,,
501,73,51,0.08821298316414408,30,11,0.0,0.0,0.0,False,19,30,,,,,
501,73,51,0.08821298316414408,30,12,0.0,0.0,0.0,False,17,30,,,,,
501,73,53,0.07863907483590231,30,0,0.0,0.0,0.0,False,49,30,,,,,
501,73,53,0.07863907483590231,30,1,0.0,0.0,0.0,False,46,30,,,,,
501,73,53,0.07863907483590231,30,2,0.0,0.0,0.0,False,40,30,,,,,
501,73,53,0.07863907483590231,30,3,0.0,0.0,0.0,False,36,30,,,,,
501,73,53,0.07863907483590231,30,4,1.0,0.9375,0.967741935483871,True,32,30,0.6972823789767988,0.8595581128810421,0.15950400097317213,"[0.19161735590786932, 0.22049991072413988]",0.2921256950603228
501,73,53,0.07863907483590231,30,5,0.0,0.0,0.0,False,30,30,,,,,
501,73,53,0.07863907483590231,30,6,0.0,0.0,0.0,False,28,30,,,,,
501,73,53,0.07863907483590231,30,7,0.0,0.0,0.0,False,28,30,,,,,
501,73,53,0.07863907483590231,30,8,0.0,0.0,0.0,False,24,30,,,,,
501,73,53,0.07863907483590231,30,9,0.0,0.0,0.0,False,24,30,,,,,
501,73,53,0.07863907483590231,30,10,0.0,0.0,0.0,False,20,30,,,,,
501,73,53,0.07863907483590231,30,11,0.0,0.0,0.0,False,19,30,,,,,
501,73,53,0.07863907483590231,30,12,0.0,0.0,0.0,False,17,30,,,,,
501,74,35,0.2907401763206187,36,0,0.0,0.0,0.0,False,48,36,,,,,
501,74,35,0.2907401763206187,36,1,0.0,0.0,0.0,False,46,36,,,,,
501,74,35,0.2907401763206187,36,2,0.0,0.0,0.0,False,40,36,,,,,
501,74,35,0.2907401763206187,36,3,0.9722222222222222,1.0,0.9859154929577465,True,35,36,0.9070414366201782,0.9543658704227191,0.04898050775400144,"[-0.3085065803788183, -0.03409193093859031]",0.31038455163257384
501,74,35,0.2907401763206187,36,4,0.0,0.0,0.0,False,30,36,,,,,
501,74,35,0.2907401763206187,36,5,0.0,0.0,0.0,False,30,36,,,,,
501,74,35,0.2907401763206187,36,6,0.0,0.0,0.0,False,28,36,,,,,
501,74,35,0.2907401763206187,36,7,0.0,0.0,0.0,False,26,36,,,,,
501,74,35,0.2907401763206187,36,8,0.0,0.0,0.0,False,26,36,,,,,
501,74,35,0.2907401763206187,36,9,0.027777777777777776,0.04,0.03278688524590164,False,25,36,,,,,
501,74,35,0.2907401763206187,36,10,0.0,0.0,0.0,False,22,36,,,,,
501,74,35,0.2907401763206187,36,11,0.0,0.0,0.0,False,19,36,,,,,
501,74,35,0.2907401763206187,36,12,0.0,0.0,0.0,False,18,36,,,,,
501,74,37,0.25918563983871595,36,0,0.0,0.0,0.0,False,48,36,,,,,
501,74,37,0.25918563983871595,36,1,0.0,0.0,0.0,False,46,36,,,,,
501,74,37,0.25918563983871595,36,2,0.0,0.0,0.0,False,40,36,,,,,
501,74,37,0.25918563983871595,36,3,0.9722222222222222,1.0,0.9859154929577465,True,35,36,0.9070414366201782,0.9543658704227191,0.04898050775400144,"[-0.3085065803788183, -0.03409193093859031]",0.31038455163257384
501,74,37,0.25918563983871595,36,4,0.0,0.0,0.0,False,30,36,,,,,
501,74,37,0.25918563983871595,36,5,0.0,0.0,0.0,False,30,36,,,,,
501,74,37,0.25918563983871595,36,6,0.0,0.0,0.0,False,28,36,,,,,
501,74,37,0.25918563983871595,36,7,0.0,0.0,0.0,False,26,36,,,,,
501,74,37,0.25918563983871595,36,8,0.0,0.0,0.0,False,26,36,,,,,
501,74,37,0.25918563983871595,36,9,0.027777777777777776,0.04,0.03278688524590164,False,25,36,,,,,
501,74,37,0.25918563983871595,36,10,0.0,0.0,0.0,False,22,36,,,,,
501,74,37,0.25918563983871595,36,11,0.0,0.0,0.0,False,19,36,,,,,
501,74,37,0.25918563983871595,36,12,0.0,0.0,0.0,False,18,36,,,,,
501,74,39,0.1721091356230592,36,0,0.0,0.0,0.0,False,48,36,,,,,
501,74,39,0.1721091356230592,36,1,0.0,0.0,0.0,False,46,36,,,,,
501,74,39,0.1721091356230592,36,2,0.0,0.0,0.0,False,40,36,,,,,
501,74,39,0.1721091356230592,36,3,0.9722222222222222,1.0,0.9859154929577465,True,35,36,0.9070414366201782,0.9543658704227191,0.04898050775400144,"[-0.3085065803788183, -0.03409193093859031]",0.31038455163257384
501,74,39,0.1721091356230592,36,4,0.0,0.0,0.0,False,30,36,,,,,
501,74,39,0.1721091356230592,36,5,0.0,0.0,0.0,False,30,36,,,,,
501,74,39,0.1721091356230592,36,6,0.0,0.0,0.0,False,28,36,,,,,
501,74,39,0.1721091356230592,36,7,0.0,0.0,0.0,False,26,36,,,,,
501,74,39,0.1721091356230592,36,8,0.0,0.0,0.0,False,26,36,,,,,
501,74,39,0.1721091356230592,36,9,0.027777777777777776,0.04,0.03278688524590164,False,25,36,,,,,
501,74,39,0.1721091356230592,36,10,0.0,0.0,0.0,False,22,36,,,,,
501,74,39,0.1721091356230592,36,11,0.0,0.0,0.0,False,19,36,,,,,
501,74,39,0.1721091356230592,36,12,0.0,0.0,0.0,False,18,36,,,,,
501,74,46,0.11111299021755969,24,0,0.0,0.0,0.0,False,48,24,,,,,
501,74,46,0.11111299021755969,24,1,0.0,0.0,0.0,False,46,24,,,,,
501,74,46,0.11111299021755969,24,2,0.0,0.0,0.0,False,40,24,,,,,
501,74,46,0.11111299021755969,24,3,0.0,0.0,0.0,False,35,24,,,,,
501,74,46,0.11111299021755969,24,4,0.0,0.0,0.0,False,30,24,,,,,
501,74,46,0.11111299021755969,24,5,0.0,0.0,0.0,False,30,24,,,,,
501,74,46,0.11111299021755969,24,6,0.0,0.0,0.0,False,28,24,,,,,
501,74,46,0.11111299021755969,24,7,0.0,0.0,0.0,False,26,24,,,,,
501,74,46,0.11111299021755969,24,8,0.0,0.0,0.0,False,26,24,,,,,
501,74,46,0.11111299021755969,24,9,1.0,0.96,0.9795918367346939,True,25,24,0.9122486219467851,0.9526545508195303,0.046236805915320096,"[-0.19980863856343944, -0.09937963873804989]",0.2231586983298668
501,74,46,0.11111299021755969,24,10,0.0,0.0,0.0,False,22,24,,,,,
501,74,46,0.11111299021755969,24,11,0.0,0.0,0.0,False,19,24,,,,,
501,74,46,0.11111299021755969,24,12,0.0,0.0,0.0,False,18,24,,,,,
501,74,51,0.08821298316414408,32,0,0.0,0.0,0.0,False,48,32,,,,,
501,74,51,0.08821298316414408,32,1,0.0,0.0,0.0,False,46,32,,,,,
501,74,51,0.08821298316414408,32,2,0.0,0.0,0.0,False,40,32,,,,,
501,74,51,0.08821298316414408,32,3,0.0,0.0,0.0,False,35,32,,,,,
501,74,51,0.08821298316414408,32,4,0.9375,1.0,0.967741935483871,True,30,32,0.731697455609462,0.8733241435341075,0.14137045989236602,"[-0.1262840225745343, 0.25150008927585965]",0.2814248554470107
501,74,51,0.08821298316414408,32,5,0.0,0.0,0.0,False,30,32,,,,,
501,74,51,0.08821298316414408,32,6,0.0,0.0,0.0,False,28,32,,,,,
501,74,51,0.08821298316414408,32,7,0.0,0.0,0.0,False,26,32,,,,,
501,74,51,0.08821298316414408,32,8,0.0,0.0,0.0,False,26,32,,,,,
501,74,51,0.08821298316414408,32,9,0.0,0.0,0.0,False,25,32,,,,,
501,74,51,0.08821298316414408,32,10,0.0625,0.09090909090909091,0.07407407407407407,False,22,32,,,,,
501,74,51,0.08821298316414408,32,11,0.0,0.0,0.0,False,19,32,,,,,
501,74,51,0.08821298316414408,32,12,0.0,0.0,0.0,False,18,32,,,,,
501,74,53,0.07863907483590231,32,0,0.0,0.0,0.0,False,48,32,,,,,
501,74,53,0.07863907483590231,32,1,0.0,0.0,0.0,False,46,32,,,,,
501,74,53,0.07863907483590231,32,2,0.0,0.0,0.0,False,40,32,,,,,
501,74,53,0.07863907483590231,32,3,0.0,0.0,0.0,False,35,32,,,,,
501,74,53,0.07863907483590231,32,4,0.9375,1.0,0.967741935483871,True,30,32,0.731697455609462,0.8733241435341075,0.14137045989236602,"[-0.1262840225745343, 0.25150008927585965]",0.2814248554470107
501,74,53,0.07863907483590231,32,5,0.0,0.0,0.0,False,30,32,,,,,
501,74,53,0.07863907483590231,32,6,0.0,0.0,0.0,False,28,32,,,,,
501,74,53,0.07863907483590231,32,7,0.0,0.0,0.0,False,26,32,,,,,
501,74,53,0.07863907483590231,32,8,0.0,0.0,0.0,False,26,32,,,,,
501,74,53,0.07863907483590231,32,9,0.0,0.0,0.0,False,25,32,,,,,
501,74,53,0.07863907483590231,32,10,0.0625,0.09090909090909091,0.07407407407407407,False,22,32,,,,,
501,74,53,0.07863907483590231,32,11,0.0,0.0,0.0,False,19,32,,,,,
501,74,53,0.07863907483590231,32,12,0.0,0.0,0.0,False,18,32,,,,,
501,75,35,0.2907401763206187,35,0,0.0,0.0,0.0,False,48,35,,,,,
501,75,35,0.2907401763206187,35,1,0.0,0.0,0.0,False,46,35,,,,,
501,75,35,0.2907401763206187,35,2,0.0,0.0,0.0,False,40,35,,,,,
501,75,35,0.2907401763206187,35,3,1.0,1.0,1.0,True,35,35,0.9670251015862076,0.9868100406344831,0.01737470125097439,"[-0.26400000000000023, 0.0]",0.26400000000000023
501,75,35,0.2907401763206187,35,4,0.0,0.0,0.0,False,30,35,,,,,
501,75,35,0.2907401763206187,35,5,0.0,0.0,0.0,False,30,35,,,,,
501,75,35,0.2907401763206187,35,6,0.0,0.0,0.0,False,28,35,,,,,
501,75,35,0.2907401763206187,35,7,0.0,0.0,0.0,False,26,35,,,,,
501,75,35,0.2907401763206187,35,8,0.0,0.0,0.0,False,26,35,,,,,
501,75,35,0.2907401763206187,35,9,0.0,0.0,0.0,False,25,35,,,,,
501,75,35,0.2907401763206187,35,10,0.0,0.0,0.0,False,23,35,,,,,
501,75,35,0.2907401763206187,35,11,0.0,0.0,0.0,False,19,35,,,,,
501,75,35,0.2907401763206187,35,12,0.0,0.0,0.0,False,17,35,,,,,
501,75,37,0.25918563983871595,35,0,0.0,0.0,0.0,False,48,35,,,,,
501,75,37,0.25918563983871595,35,1,0.0,0.0,0.0,False,46,35,,,,,
501,75,37,0.25918563983871595,35,2,0.0,0.0,0.0,False,40,35,,,,,
501,75,37,0.25918563983871595,35,3,1.0,1.0,1.0,True,35,35,0.9670251015862076,0.9868100406344831,0.01737470125097439,"[-0.26400000000000023, 0.0]",0.26400000000000023
501,75,37,0.25918563983871595,35,4,0.0,0.0,0.0,False,30,35,,,,,
501,75,37,0.25918563983871595,35,5,0.0,0.0,0.0,False,30,35,,,,,
501,75,37,0.25918563983871595,35,6,0.0,0.0,0.0,False,28,35,,,,,
501,75,37,0.25918563983871595,35,7,0.0,0.0,0.0,False,26,35,,,,,
501,75,37,0.25918563983871595,35,8,0.0,0.0,0.0,False,26,35,,,,,
501,75,37,0.25918563983871595,35,9,0.0,0.0,0.0,False,25,35,,,,,
501,75,37,0.25918563983871595,35,10,0.0,0.0,0.0,False,23,35,,,,,
501,75,37,0.25918563983871595,35,11,0.0,0.0,0.0,False,19,35,,,,,
501,75,37,0.25918563983871595,35,12,0.0,0.0,0.0,False,17,35,,,,,
501,75,39,0.1721091356230592,35,0,0.0,0.0,0.0,False,48,35,,,,,
501,75,39,0.1721091356230592,35,1,0.0,0.0,0.0,False,46,35,,,,,
501,75,39,0.1721091356230592,35,2,0.0,0.0,0.0,False,40,35,,,,,
501,75,39,0.1721091356230592,35,3,1.0,1.0,1.0,True,35,35,0.9670251015862076,0.9868100406344831,0.01737470125097439,"[-0.26400000000000023, 0.0]",0.26400000000000023
501,75,39,0.1721091356230592,35,4,0.0,0.0,0.0,False,30,35,,,,,
501,75,39,0.1721091356230592,35,5,0.0,0.0,0.0,False,30,35,,,,,
501,75,39,0.1721091356230592,35,6,0.0,0.0,0.0,False,28,35,,,,,
501,75,39,0.1721091356230592,35,7,0.0,0.0,0.0,False,26,35,,,,,
501,75,39,0.1721091356230592,35,8,0.0,0.0,0.0,False,26,35,,,,,
501,75,39,0.1721091356230592,35,9,0.0,0.0,0.0,False,25,35,,,,,
501,75,39,0.1721091356230592,35,10,0.0,0.0,0.0,False,23,35,,,,,
501,75,39,0.1721091356230592,35,11,0.0,0.0,0.0,False,19,35,,,,,
501,75,39,0.1721091356230592,35,12,0.0,0.0,0.0,False,17,35,,,,,
501,75,46,0.11111299021755969,25,0,0.0,0.0,0.0,False,48,25,,,,,
501,75,46,0.11111299021755969,25,1,0.0,0.0,0.0,False,46,25,,,,,
501,75,46,0.11111299021755969,25,2,0.0,0.0,0.0,False,40,25,,,,,
501,75,46,0.11111299021755969,25,3,0.0,0.0,0.0,False,35,25,,,,,
501,75,46,0.11111299021755969,25,4,0.0,0.0,0.0,False,30,25,,,,,
501,75,46,0.11111299021755969,25,5,0.0,0.0,0.0,False,30,25,,,,,
501,75,46,0.11111299021755969,25,6,0.0,0.0,0.0,False,28,25,,,,,
501,75,46,0.11111299021755969,25,7,0.0,0.0,0.0,False,26,25,,,,,
501,75,46,0.11111299021755969,25,8,0.0,0.0,0.0,False,26,25,,,,,
501,75,46,0.11111299021755969,25,9,1.0,1.0,1.0,True,25,25,0.9198429810349854,0.9679371924139941,0.042235285768258454,"[-0.16799999999999926, -0.04479999999999862]",0.1738707565981112
501,75,46,0.11111299021755969,25,10,0.0,0.0,0.0,False,23,25,,,,,
501,75,46,0.11111299021755969,25,11,0.0,0.0,0.0,False,19,25,,,,,
501,75,46,0.11111299021755969,25,12,0.0,0.0,0.0,False,17,25,,,,,
501,75,51,0.08821298316414408,30,0,0.0,0.0,0.0,False,48,30,,,,,
501,75,51,0.08821298316414408,30,1,0.0,0.0,0.0,False,46,30,,,,,
501,75,51,0.08821298316414408,30,2,0.0,0.0,0.0,False,40,30,,,,,
501,75,51,0.08821298316414408,30,3,0.0,0.0,0.0,False,35,30,,,,,
501,75,51,0.08821298316414408,30,4,0.0,0.0,0.0,False,30,30,,,,,
501,75,51,0.08821298316414408,30,5,1.0,1.0,1.0,True,30,30,0.772709852535945,0.9090839410143781,0.11976074527726437,"[0.06533333333333502, 0.009333333333334082]",0.06599663291074621
501,75,51,0.08821298316414408,30,6,0.0,0.0,0.0,False,28,30,,,,,
501,75,51,0.08821298316414408,30,7,0.0,0.0,0.0,False,26,30,,,,,
501,75,51,0.08821298316414408,30,8,0.0,0.0,0.0,False,26,30,,,,,
501,75,51,0.08821298316414408,30,9,0.0,0.0,0.0,False,25,30,,,,,
501,75,51,0.08821298316414408,30,10,0.0,0.0,0.0,False,23,30,,,,,
501,75,51,0.08821298316414408,30,11,0.0,0.0,0.0,False,19,30,,,,,
501,75,51,0.08821298316414408,30,12,0.0,0.0,0.0,False,17,30,,,,,
501,75,53,0.07863907483590231,30,0,0.0,0.0,0.0,False,48,30,,,,,
501,75,53,0.07863907483590231,30,1,0.0,0.0,0.0,False,46,30,,,,,
501,75,53,0.07863907483590231,30,2,0.0,0.0,0.0,False,40,30,,,,,
501,75,53,0.07863907483590231,30,3,0.0,0.0,0.0,False,35,30,,,,,
501,75,53,0.07863907483590231,30,4,0.0,0.0,0.0,False,30,30,,,,,
501,75,53,0.07863907483590231,30,5,1.0,1.0,1.0,True,30,30,0.772709852535945,0.9090839410143781,0.11976074527726437,"[0.06533333333333502, 0.009333333333334082]",0.06599663291074621
501,75,53,0.07863907483590231,30,6,0.0,0.0,0.0,False,28,30,,,,,
501,75,53,0.07863907483590231,30,7,0.0,0.0,0.0,False,26,30,,,,,
501,75,53,0.07863907483590231,30,8,0.0,0.0,0.0,False,26,30,,,,,
501,75,53,0.07863907483590231,30,9,0.0,0.0,0.0,False,25,30,,,,,
501,75,53,0.07863907483590231,30,10,0.0,0.0,0.0,False,23,30,,,,,
501,75,53,0.07863907483590231,30,11,0.0,0.0,0.0,False,19,30,,,,,
501,75,53,0.07863907483590231,30,12,0.0,0.0,0.0,False,17,30,,,,,
501,76,35,0.2907401763206187,35,0,0.0,0.0,0.0,False,48,35,,,,,
501,76,35,0.2907401763206187,35,1,0.0,0.0,0.0,False,46,35,,,,,
501,76,35,0.2907401763206187,35,2,0.0,0.0,0.0,False,40,35,,,,,
501,76,35,0.2907401763206187,35,3,0.9714285714285714,1.0,0.9855072463768116,True,34,35,0.9192290828498554,0.9589959809660291,0.04255875295324568,"[-0.29481506101610666, -0.06253766350445034]",0.3013749816400269
501,76,35,0.2907401763206187,35,4,0.0,0.0,0.0,False,30,35,,,,,
501,76,35,0.2907401763206187,35,5,0.0,0.0,0.0,False,30,35,,,,,
501,76,35,0.2907401763206187,35,6,0.0,0.0,0.0,False,28,35,,,,,
501,76,35,0.2907401763206187,35,7,0.02857142857142857,0.038461538461538464,0.03278688524590164,False,26,35,,,,,
501,76,35,0.2907401763206187,35,8,0.0,0.0,0.0,False,26,35,,,,,
501,76,35,0.2907401763206187,35,9,0.0,0.0,0.0,False,26,35,,,,,
501,76,35,0.2907401763206187,35,10,0.0,0.0,0.0,False,23,35,,,,,
501,76,35,0.2907401763206187,35,11,0.0,0.0,0.0,False,19,35,,,,,
501,76,35,0.2907401763206187,35,12,0.0,0.0,0.0,False,17,35,,,,,
501,76,37,0.25918563983871595,35,0,0.0,0.0,0.0,False,48,35,,,,,
501,76,37,0.25918563983871595,35,1,0.0,0.0,0.0,False,46,35,,,,,
501,76,37,0.25918563983871595,35,2,0.0,0.0,0.0,False,40,35,,,,,
501,76,37,0.25918563983871595,35,3,0.9714285714285714,1.0,0.9855072463768116,True,34,35,0.9192290828498554,0.9589959809660291,0.04255875295324568,"[-0.29481506101610666, -0.06253766350445034]",0.3013749816400269
501,76,37,0.25918563983871595,35,4,0.0,0.0,0.0,False,30,35,,,,,
501,76,37,0.25918563983871595,35,5,0.0,0.0,0.0,False,30,35,,,,,
501,76,37,0.25918563983871595,35,6,0.0,0.0,0.0,False,28,35,,,,,
501,76,37,0.25918563983871595,35,7,0.02857142857142857,0.038461538461538464,0.03278688524590164,False,26,35,,,,,
501,76,37,0.25918563983871595,35,8,0.0,0.0,0.0,False,26,35,,,,,
501,76,37,0.25918563983871595,35,9,0.0,0.0,0.0,False,26,35,,,,,
501,76,37,0.25918563983871595,35,10,0.0,0.0,0.0,False,23,35,,,,,
501,76,37,0.25918563983871595,35,11,0.0,0.0,0.0,False,19,35,,,,,
501,76,37,0.25918563983871595,35,12,0.0,0.0,0.0,False,17,35,,,,,
501,76,39,0.1721091356230592,35,0,0.0,0.0,0.0,False,48,35,,,,,
501,76,39,0.1721091356230592,35,1,0.0,0.0,0.0,False,46,35,,,,,
501,76,39,0.1721091356230592,35,2,0.0,0.0,0.0,False,40,35,,,,,
501,76,39,0.1721091356230592,35,3,0.9714285714285714,1.0,0.9855072463768116,True,34,35,0.9192290828498554,0.9589959809660291,0.04255875295324568,"[-0.29481506101610666, -0.06253766350445034]",0.3013749816400269
501,76,39,0.1721091356230592,35,4,0.0,0.0,0.0,False,30,35,,,,,
501,76,39,0.1721091356230592,35,5,0.0,0.0,0.0,False,30,35,,,,,
501,76,39,0.1721091356230592,35,6,0.0,0.0,0.0,False,28,35,,,,,
501,76,39,0.1721091356230592,35,7,0.02857142857142857,0.038461538461538464,0.03278688524590164,False,26,35,,,,,
501,76,39,0.1721091356230592,35,8,0.0,0.0,0.0,False,26,35,,,,,
501,76,39,0.1721091356230592,35,9,0.0,0.0,0.0,False,26,35,,,,,
501,76,39,0.1721091356230592,35,10,0.0,0.0,0.0,False,23,35,,,,,
501,76,39,0.1721091356230592,35,11,0.0,0.0,0.0,False,19,35,,,,,
501,76,39,0.1721091356230592,35,12,0.0,0.0,0.0,False,17,35,,,,,
501,76,46,0.11111299021755969,25,0,0.0,0.0,0.0,False,48,25,,,,,
501,76,46,0.11111299021755969,25,1,0.0,0.0,0.0,False,46,25,,,,,
501,76,46,0.11111299021755969,25,2,0.0,0.0,0.0,False,40,25,,,,,
501,76,46,0.11111299021755969,25,3,0.0,0.0,0.0,False,34,25,,,,,
501,76,46,0.11111299021755969,25,4,0.0,0.0,0.0,False,30,25,,,,,
501,76,46,0.11111299021755969,25,5,0.0,0.0,0.0,False,30,25,,,,,
501,76,46,0.11111299021755969,25,6,0.0,0.0,0.0,False,28,25,,,,,
501,76,46,0.11111299021755969,25,7,1.0,0.9615384615384616,0.9803921568627451,True,26,25,0.8512269658535567,0.9287260804590697,0.0783895370975359,"[-0.22976662094663247, -0.033897703244267774]",0.23225364235350526
501,76,46,0.11111299021755969,25,8,0.0,0.0,0.0,False,26,25,,,,,
501,76,46,0.11111299021755969,25,9,0.0,0.0,0.0,False,26,25,,,,,
501,76,46,0.11111299021755969,25,10,0.0,0.0,0.0,False,23,25,,,,,
501,76,46,0.11111299021755969,25,11,0.0,0.0,0.0,False,19,25,,,,,
501,76,46,0.11111299021755969,25,12,0.0,0.0,0.0,False,17,25,,,,,
501,76,51,0.08821298316414408,30,0,0.0,0.0,0.0,False,48,30,,,,,
501,76,51,0.08821298316414408,30,1,0.0,0.0,0.0,False,46,30,,,,,
501,76,51,0.08821298316414408,30,2,0.0,0.0,0.0,False,40,30,,,,,
501,76,51,0.08821298316414408,30,3,0.0,0.0,0.0,False,34,30,,,,,
501,76,51,0.08821298316414408,30,4,1.0,1.0,1.0,True,30,30,0.7242708984766066,0.8897083593906426,0.14528356403259543,"[0.037333333333332774, 0.07466666666666555]",0.08347987115999089
501,76,51,0.08821298316414408,30,5,0.0,0.0,0.0,False,30,30,,,,,
501,76,51,0.08821298316414408,30,6,0.0,0.0,0.0,False,28,30,,,,,
501,76,51,0.08821298316414408,30,7,0.0,0.0,0.0,False,26,30,,,,,
501,76,51,0.08821298316414408,30,8,0.0,0.0,0.0,False,26,30,,,,,
501,76,51,0.08821298316414408,30,9,0.0,0.0,0.0,False,26,30,,,,,
501,76,51,0.08821298316414408,30,10,0.0,0.0,0.0,False,23,30,,,,,
501,76,51,0.08821298316414408,30,11,0.0,0.0,0.0,False,19,30,,,,,
501,76,51,0.08821298316414408,30,12,0.0,0.0,0.0,False,17,30,,,,,
501,76,53,0.07863907483590231,30,0,0.0,0.0,0.0,False,48,30,,,,,
501,76,53,0.07863907483590231,30,1,0.0,0.0,0.0,False,46,30,,,,,
501,76,53,0.07863907483590231,30,2,0.0,0.0,0.0,False,40,30,,,,,
501,76,53,0.07863907483590231,30,3,0.0,0.0,0.0,False,34,30,,,,,
501,76,53,0.07863907483590231,30,4,1.0,1.0,1.0,True,30,30,0.7242708984766066,0.8897083593906426,0.14528356403259543,"[0.037333333333332774, 0.07466666666666555]",0.08347987115999089
501,76,53,0.07863907483590231,30,5,0.0,0.0,0.0,False,30,30,,,,,
501,76,53,0.07863907483590231,30,6,0.0,0.0,0.0,False,28,30,,,,,
501,76,53,0.07863907483590231,30,7,0.0,0.0,0.0,False,26,30,,,,,
501,76,53,0.07863907483590231,30,8,0.0,0.0,0.0,False,26,30,,,,,
501,76,53,0.07863907483590231,30,9,0.0,0.0,0.0,False,26,30,,,,,
501,76,53,0.07863907483590231,30,10,0.0,0.0,0.0,False,23,30,,,,,
501,76,53,0.07863907483590231,30,11,0.0,0.0,0.0,False,19,30,,,,,
501,76,53,0.07863907483590231,30,12,0.0,0.0,0.0,False,17,30,,,,,
